Iteration,Accuracy (approx),Average Population Generality,Macropopulation Size,Micropopulation Size,Match Set Size,Correct Set Size,Average Iteration Age of Correct Set Classifiers,# Classifiers Subsumed in Iteration,# Crossover Operations Performed in Iteration,# Mutation Operations Performed in Iteration,# Covering Operations Performed in Iteration,# Deletion Operations Performed in Iteration,Total Global Time,Total Matching Time,Total Deletion Time,Total Subsumption Time,Total Selection Time,Total Evaluation Time
0,0,0,1,1,1,1,0.0,0,0,0,1,0,2.5503358840942383,4.291534423828125e-06,3.337860107421875e-06,0.0,0.0,0.0
1,0,0,2,2,1,1,1.0,0,0,0,1,0,2.55049204826355,3.528594970703125e-05,4.291534423828125e-06,0.0,0.0,3.1948089599609375e-05
2,0,0,3,3,1,1,2.0,0,0,0,1,0,2.550569534301758,3.9577484130859375e-05,5.4836273193359375e-06,0.0,0.0,3.62396240234375e-05
3,0,0,4,4,1,1,3.0,0,0,0,1,0,2.5506279468536377,4.696846008300781e-05,5.7220458984375e-06,0.0,0.0,3.9577484130859375e-05
4,0,0,5,5,1,1,4.0,0,0,0,1,0,2.5506577491760254,5.054473876953125e-05,5.9604644775390625e-06,0.0,0.0,4.0531158447265625e-05
5,0,0,6,6,1,1,5.0,0,0,0,1,0,2.550687551498413,5.364418029785156e-05,6.4373016357421875e-06,0.0,0.0,4.172325134277344e-05
6,0,0,7,7,1,1,6.0,0,0,0,1,0,2.550718307495117,5.7697296142578125e-05,6.67572021484375e-06,0.0,0.0,4.363059997558594e-05
7,0,0,8,8,1,1,7.0,0,0,0,1,0,2.550748586654663,6.222724914550781e-05,6.9141387939453125e-06,0.0,0.0,4.482269287109375e-05
8,0,0,9,9,1,1,8.0,0,0,0,1,0,2.5507805347442627,6.723403930664062e-05,7.3909759521484375e-06,0.0,0.0,4.57763671875e-05
9,0,0,10,10,1,1,9.0,0,0,0,1,0,2.550809144973755,7.271766662597656e-05,7.62939453125e-06,0.0,0.0,4.649162292480469e-05
10,0,0,11,11,1,1,10.0,0,0,0,1,0,2.550839900970459,7.843971252441406e-05,7.867813110351562e-06,0.0,0.0,4.7206878662109375e-05
11,0,0,12,12,1,1,11.0,0,0,0,1,0,2.5508735179901123,8.392333984375e-05,8.106231689453125e-06,0.0,0.0,5.245208740234375e-05
12,0,0,13,13,1,1,12.0,0,0,0,1,0,2.550903797149658,9.083747863769531e-05,8.58306884765625e-06,0.0,0.0,5.364418029785156e-05
13,0,0,14,14,1,1,13.0,0,0,0,1,0,2.5509374141693115,9.751319885253906e-05,8.58306884765625e-06,0.0,0.0,5.435943603515625e-05
14,0,0,15,15,1,1,14.0,0,0,0,1,0,2.550968647003174,0.00010442733764648438,8.821487426757812e-06,0.0,0.0,5.507469177246094e-05
15,0,0,16,16,1,1,15.0,0,0,0,1,0,2.5510001182556152,0.00011205673217773438,9.059906005859375e-06,0.0,0.0,5.602836608886719e-05
16,0,0,17,17,1,1,16.0,0,0,0,1,0,2.5510342121124268,0.00012040138244628906,9.775161743164062e-06,0.0,0.0,5.698204040527344e-05
17,0,0,18,18,1,1,17.0,0,0,0,1,0,2.5510687828063965,0.00012969970703125,9.775161743164062e-06,0.0,0.0,5.817413330078125e-05
18,0,0,19,19,1,1,18.0,0,0,0,1,0,2.5510993003845215,0.0001392364501953125,1.0013580322265625e-05,0.0,0.0,5.91278076171875e-05
19,0,0,20,20,1,1,19.0,0,0,0,1,0,2.551133871078491,0.00015020370483398438,1.0251998901367188e-05,0.0,0.0,6.0558319091796875e-05
20,0,0,21,21,1,1,20.0,0,0,0,1,0,2.5511672496795654,0.0001609325408935547,1.049041748046875e-05,0.0,0.0,6.151199340820312e-05
21,0,0,22,22,1,1,21.0,0,0,0,1,0,2.5512051582336426,0.00017118453979492188,1.0728836059570312e-05,0.0,0.0,6.318092346191406e-05
22,0,0,23,23,1,1,22.0,0,0,0,1,0,2.551243782043457,0.00018215179443359375,1.0967254638671875e-05,0.0,0.0,6.723403930664062e-05
23,0,0,24,24,1,1,23.0,0,0,0,1,0,2.551283121109009,0.0001938343048095703,1.0967254638671875e-05,0.0,0.0,6.818771362304688e-05
24,0,0,25,25,1,1,24.0,0,0,0,1,0,2.5513203144073486,0.00020647048950195312,1.1205673217773438e-05,0.0,0.0,6.937980651855469e-05
25,0,0,26,26,1,1,25.0,0,0,0,1,0,2.5513553619384766,0.0002193450927734375,1.1444091796875e-05,0.0,0.0,7.009506225585938e-05
26,0,0,27,27,1,1,26.0,0,0,0,1,0,2.551396608352661,0.00023293495178222656,1.1682510375976562e-05,0.0,0.0,7.128715515136719e-05
27,0,0,28,28,1,1,27.0,0,0,0,1,0,2.551435708999634,0.00024819374084472656,1.1920928955078125e-05,0.0,0.0,7.2479248046875e-05
28,0,0,29,29,1,1,28.0,0,0,0,1,0,2.5514681339263916,0.00026106834411621094,1.1920928955078125e-05,0.0,0.0,7.367134094238281e-05
29,0,0,30,30,1,1,29.0,0,0,0,1,0,2.5515077114105225,0.0002799034118652344,1.2159347534179688e-05,0.0,0.0,7.462501525878906e-05
30,0,0,31,31,1,1,30.0,0,0,0,1,0,2.5515434741973877,0.0002963542938232422,1.2636184692382812e-05,0.0,0.0,7.581710815429688e-05
31,0,0,32,32,1,1,31.0,0,0,0,1,0,2.5515785217285156,0.0003104209899902344,1.2636184692382812e-05,0.0,0.0,7.700920104980469e-05
32,0,0,33,33,1,1,32.0,0,0,0,1,0,2.5516247749328613,0.00032448768615722656,1.2636184692382812e-05,0.0,0.0,7.772445678710938e-05
33,0,0,34,34,1,1,33.0,0,0,0,1,0,2.5516607761383057,0.00033855438232421875,1.3113021850585938e-05,0.0,0.0,7.867813110351562e-05
34,0,0,35,35,1,1,34.0,0,0,0,1,0,2.5517139434814453,0.0003559589385986328,1.33514404296875e-05,0.0,0.0,7.987022399902344e-05
35,0,0,36,36,1,1,35.0,0,0,0,1,0,2.551755666732788,0.0003724098205566406,1.3828277587890625e-05,0.0,0.0,8.058547973632812e-05
36,0,0,37,37,1,1,36.0,0,0,0,1,0,2.55180025100708,0.00039505958557128906,1.4066696166992188e-05,0.0,0.0,8.153915405273438e-05
37,0,0,38,38,1,1,37.0,0,0,0,1,0,2.5518436431884766,0.0004124641418457031,1.430511474609375e-05,0.0,0.0,8.296966552734375e-05
38,0,0,39,39,1,1,38.0,0,0,0,1,0,2.551889657974243,0.00043463706970214844,1.4543533325195312e-05,0.0,0.0,8.392333984375e-05
39,0,0,40,40,1,1,39.0,0,0,0,1,0,2.551928997039795,0.00045299530029296875,1.4781951904296875e-05,0.0,0.0,8.511543273925781e-05
40,0,0,41,41,1,1,40.0,0,0,0,1,0,2.551974296569824,0.0004696846008300781,1.4781951904296875e-05,0.0,0.0,8.606910705566406e-05
41,0,0,42,42,1,1,41.0,0,0,0,1,0,2.552025318145752,0.0004918575286865234,1.5020370483398438e-05,0.0,0.0,8.702278137207031e-05
42,0,0,43,43,1,1,42.0,0,0,0,1,0,2.552070379257202,0.0005116462707519531,1.5497207641601562e-05,0.0,0.0,8.821487426757812e-05
43,0,0,44,44,1,1,43.0,0,0,0,1,0,2.5521187782287598,0.0005328655242919922,1.5735626220703125e-05,0.0,0.0,9.131431579589844e-05
44,0,0,45,45,1,1,44.0,0,0,0,1,0,2.552156448364258,0.0005509853363037109,1.621246337890625e-05,0.0,0.0,9.250640869140625e-05
45,0,0,46,46,1,1,45.0,0,0,0,1,0,2.5521931648254395,0.0005695819854736328,1.6450881958007812e-05,0.0,0.0,9.322166442871094e-05
46,0,0,47,47,1,1,46.0,0,0,0,1,0,2.5522356033325195,0.0005877017974853516,1.6689300537109375e-05,0.0,0.0,9.417533874511719e-05
47,0,0,48,48,1,1,47.0,0,0,0,1,0,2.552278518676758,0.0006079673767089844,1.6927719116210938e-05,0.0,0.0,9.512901306152344e-05
48,0,0,49,49,1,1,48.0,0,0,0,1,0,2.5523228645324707,0.0006291866302490234,1.71661376953125e-05,0.0,0.0,9.632110595703125e-05
49,0,0,50,50,1,1,49.0,0,0,0,1,0,2.552365779876709,0.0006499290466308594,1.7404556274414062e-05,0.0,0.0,9.72747802734375e-05
50,0,0,51,51,1,1,50.0,0,0,0,1,0,2.552410364151001,0.0006709098815917969,1.7642974853515625e-05,0.0,0.0,9.846687316894531e-05
51,0,0,52,52,1,1,51.0,0,0,0,1,0,2.5524563789367676,0.0006928443908691406,1.7881393432617188e-05,0.0,0.0,9.965896606445312e-05
52,0,0,53,53,1,1,52.0,0,0,0,1,0,2.552506923675537,0.0007183551788330078,1.811981201171875e-05,0.0,0.0,0.00010085105895996094
53,0,0,54,54,1,1,53.0,0,0,0,1,0,2.552554130554199,0.0007405281066894531,1.8358230590820312e-05,0.0,0.0,0.00010204315185546875
54,0,0,55,55,1,1,54.0,0,0,0,1,0,2.552600860595703,0.0007653236389160156,1.8596649169921875e-05,0.0,0.0,0.00010275840759277344
55,0,0,56,56,1,1,55.0,0,0,0,1,0,2.5526504516601562,0.0007910728454589844,1.8835067749023438e-05,0.0,0.0,0.00010395050048828125
56,0,0,57,57,1,1,56.0,0,0,0,1,0,2.5527000427246094,0.0008184909820556641,1.9311904907226562e-05,0.0,0.0,0.00010514259338378906
57,0,0,58,58,1,1,57.0,0,0,0,1,0,2.552748680114746,0.0008440017700195312,1.9550323486328125e-05,0.0,0.0,0.00010633468627929688
58,0,0,59,59,1,1,58.0,0,0,0,1,0,2.5527987480163574,0.0008687973022460938,2.002716064453125e-05,0.0,0.0,0.00010728836059570312
59,0,0,60,60,1,1,59.0,0,0,0,1,0,2.552851676940918,0.0008974075317382812,2.0265579223632812e-05,0.0,0.0,0.00010824203491210938
60,0,0,61,61,1,1,60.0,0,0,0,1,0,2.5529017448425293,0.0009245872497558594,2.0503997802734375e-05,0.0,0.0,0.00010943412780761719
61,0,0,62,62,1,1,61.0,0,0,0,1,0,2.552950143814087,0.0009515285491943359,2.09808349609375e-05,0.0,0.0,0.00011038780212402344
62,0,0,63,63,1,1,62.0,0,0,0,1,0,2.5530054569244385,0.000982522964477539,2.1219253540039062e-05,0.0,0.0,0.00011134147644042969
63,0,0,64,64,1,1,63.0,0,0,0,1,0,2.5530593395233154,0.001012563705444336,2.1457672119140625e-05,0.0,0.0,0.0001125335693359375
64,0,0,65,65,1,1,64.0,0,0,0,1,0,2.553112506866455,0.0010404586791992188,2.1696090698242188e-05,0.0,0.0,0.00011372566223144531
65,0,0,66,66,1,1,65.0,0,0,0,1,0,2.553163766860962,0.0010731220245361328,2.193450927734375e-05,0.0,0.0,0.00011491775512695312
66,0,0,67,67,1,1,66.0,0,0,0,1,0,2.553218364715576,0.0011026859283447266,2.2172927856445312e-05,0.0,0.0,0.00011587142944335938
67,0,0,68,68,1,1,67.0,0,0,0,1,0,2.5532665252685547,0.001129150390625,2.2172927856445312e-05,0.0,0.0,0.00011706352233886719
68,0,0,69,69,1,1,68.0,0,0,0,1,0,2.553321599960327,0.0011601448059082031,2.2411346435546875e-05,0.0,0.0,0.00011801719665527344
69,0,0,70,70,1,1,69.0,0,0,0,1,0,2.5533719062805176,0.001190185546875,2.2649765014648438e-05,0.0,0.0,0.00011897087097167969
70,0,0,71,71,1,1,70.0,0,0,0,1,0,2.5534257888793945,0.0012216567993164062,2.2649765014648438e-05,0.0,0.0,0.00011992454528808594
71,0,0,72,72,1,1,71.0,0,0,0,1,0,2.5534839630126953,0.0012531280517578125,2.288818359375e-05,0.0,0.0,0.00012087821960449219
72,0,0,73,73,1,1,72.0,0,0,0,1,0,2.553541421890259,0.0012857913970947266,2.3126602172851562e-05,0.0,0.0,0.00012183189392089844
73,0,0,74,74,1,1,73.0,0,0,0,1,0,2.5535943508148193,0.0013153553009033203,2.3365020751953125e-05,0.0,0.0,0.0001227855682373047
74,0,0,75,75,1,1,74.0,0,0,0,1,0,2.5536534786224365,0.00135040283203125,2.384185791015625e-05,0.0,0.0,0.0001239776611328125
75,0,0,76,76,1,1,75.0,0,0,0,1,0,2.553720235824585,0.0013892650604248047,2.4080276489257812e-05,0.0,0.0,0.0001251697540283203
76,0,0,77,77,1,1,76.0,0,0,0,1,0,2.553786277770996,0.001425027847290039,2.4318695068359375e-05,0.0,0.0,0.0001266002655029297
77,0,0,78,78,1,1,77.0,0,0,0,1,0,2.5538411140441895,0.001455068588256836,2.4318695068359375e-05,0.0,0.0,0.0001277923583984375
78,0,0,79,79,1,1,78.0,0,0,0,1,0,2.5539023876190186,0.001489400863647461,2.4557113647460938e-05,0.0,0.0,0.0001289844512939453
79,0,0,80,80,1,1,79.0,0,0,0,1,0,2.5539608001708984,0.0015239715576171875,2.5033950805664062e-05,0.0,0.0,0.00013017654418945312
80,0,0,81,81,1,1,80.0,0,0,0,1,0,2.554018259048462,0.001561880111694336,2.5272369384765625e-05,0.0,0.0,0.00013113021850585938
81,0,0,82,82,1,1,81.0,0,0,0,1,0,2.554081439971924,0.0015974044799804688,2.5510787963867188e-05,0.0,0.0,0.00013256072998046875
82,0,0,83,83,1,1,82.0,0,0,0,1,0,2.554140090942383,0.0016329288482666016,2.574920654296875e-05,0.0,0.0,0.000133514404296875
83,0,0,84,84,1,1,83.0,0,0,0,1,0,2.5541980266571045,0.0016701221466064453,2.5987625122070312e-05,0.0,0.0,0.00013494491577148438
84,0,0,85,85,1,1,84.0,0,0,0,1,0,2.5542550086975098,0.0017058849334716797,2.6226043701171875e-05,0.0,0.0,0.00013589859008789062
85,0,0,86,86,1,1,85.0,0,0,0,1,0,2.5543110370635986,0.0017390251159667969,2.6464462280273438e-05,0.0,0.0,0.00013685226440429688
86,0,0,87,87,1,1,86.0,0,0,0,1,0,2.5543768405914307,0.0017790794372558594,2.6702880859375e-05,0.0,0.0,0.0001404285430908203
87,0,0,88,88,1,1,87.0,0,0,0,1,0,2.554436683654785,0.0018157958984375,2.6941299438476562e-05,0.0,0.0,0.00014162063598632812
88,0,0,89,89,1,1,88.0,0,0,0,1,0,2.5545058250427246,0.0018606185913085938,2.7418136596679688e-05,0.0,0.0,0.00014281272888183594
89,0,0,90,90,1,1,89.0,0,0,0,1,0,2.5545666217803955,0.001897573471069336,2.7418136596679688e-05,0.0,0.0,0.0001437664031982422
90,0,0,91,91,1,1,90.0,0,0,0,1,0,2.554631471633911,0.0019385814666748047,2.765655517578125e-05,0.0,0.0,0.00014495849609375
91,0,0,92,92,1,1,91.0,0,0,0,1,0,2.554690361022949,0.0019741058349609375,2.7894973754882812e-05,0.0,0.0,0.00014591217041015625
92,0,0,93,93,1,1,92.0,0,0,0,1,0,2.554757595062256,0.0020160675048828125,2.8133392333984375e-05,0.0,0.0,0.0001468658447265625
93,0,0,94,94,1,1,93.0,0,0,0,1,0,2.554826021194458,0.0020599365234375,2.8371810913085938e-05,0.0,0.0,0.0001480579376220703
94,0,0,95,95,1,1,94.0,0,0,0,1,0,2.554884910583496,0.002098560333251953,2.86102294921875e-05,0.0,0.0,0.00014901161193847656
95,0,0,96,96,1,1,95.0,0,0,0,1,0,2.5549538135528564,0.002142190933227539,2.9087066650390625e-05,0.0,0.0,0.0001499652862548828
96,0,0,97,97,1,1,96.0,0,0,0,1,0,2.555023193359375,0.0021865367889404297,2.9325485229492188e-05,0.0,0.0,0.00015091896057128906
97,0,0,98,98,1,1,97.0,0,0,0,1,0,2.5550849437713623,0.002225160598754883,2.956390380859375e-05,0.0,0.0,0.0001518726348876953
98,0,0,99,99,1,1,98.0,0,0,0,1,0,2.555145502090454,0.00226593017578125,2.9802322387695312e-05,0.0,0.0,0.00015282630920410156
99,0,0,100,100,1,1,99.0,0,0,0,1,0,2.5552122592926025,0.002308368682861328,3.0040740966796875e-05,0.0,0.0,0.0001537799835205078
100,0,0,101,101,1,1,100.0,0,0,0,1,0,2.555274486541748,0.0023496150970458984,3.0279159545898438e-05,0.0,0.0,0.0001552104949951172
101,0,0,102,102,1,1,101.0,0,0,0,1,0,2.5553414821624756,0.0023946762084960938,3.0517578125e-05,0.0,0.0,0.00015664100646972656
102,0,0,103,103,1,1,102.0,0,0,0,1,0,2.555408239364624,0.0024383068084716797,3.075599670410156e-05,0.0,0.0,0.00015783309936523438
103,0,0,104,104,1,1,103.0,0,0,0,1,0,2.555479049682617,0.0024864673614501953,3.0994415283203125e-05,0.0,0.0,0.00015878677368164062
104,0,0,105,105,1,1,104.0,0,0,0,1,0,2.5555474758148193,0.002529621124267578,3.123283386230469e-05,0.0,0.0,0.00015974044799804688
105,0,0,106,106,1,1,105.0,0,0,0,1,0,2.5556178092956543,0.0025746822357177734,3.170967102050781e-05,0.0,0.0,0.00016069412231445312
106,0,0,107,107,1,1,106.0,0,0,0,1,0,2.5556962490081787,0.0026192665100097656,3.1948089599609375e-05,0.0,0.0,0.00016164779663085938
107,0,0,108,108,1,1,107.0,0,0,0,1,0,2.5557684898376465,0.0026662349700927734,3.218650817871094e-05,0.0,0.0,0.00016260147094726562
108,0,0,109,109,1,1,108.0,0,0,0,1,0,2.555837392807007,0.0027115345001220703,3.24249267578125e-05,0.0,0.0,0.00016379356384277344
109,0,0,110,110,1,1,109.0,0,0,0,1,0,2.555903196334839,0.0027556419372558594,3.266334533691406e-05,0.0,0.0,0.00016498565673828125
110,0,0,111,111,1,1,110.0,0,0,0,1,0,2.5559661388397217,0.002801656723022461,3.2901763916015625e-05,0.0,0.0,0.00016617774963378906
111,0,0,112,112,2,1,111.0,0,0,0,1,0,2.556044340133667,0.0028533935546875,3.314018249511719e-05,0.0,0.0,0.00016736984252929688
112,0,0,113,113,1,1,112.0,0,0,0,1,0,2.5561156272888184,0.002899169921875,3.337860107421875e-05,0.0,0.0,0.00016880035400390625
113,0,0,114,114,1,1,113.0,0,0,0,1,0,2.556185007095337,0.002947092056274414,3.361701965332031e-05,0.0,0.0,0.00016999244689941406
114,0,0,115,115,1,1,114.0,0,0,0,1,0,2.5562593936920166,0.00299835205078125,3.3855438232421875e-05,0.0,0.0,0.00017118453979492188
115,0,0,116,116,1,1,115.0,0,0,0,1,0,2.556328535079956,0.003047466278076172,3.3855438232421875e-05,0.0,0.0,0.0001723766326904297
116,0,0,117,117,1,1,116.0,0,0,0,1,0,2.5564072132110596,0.0030989646911621094,3.409385681152344e-05,0.0,0.0,0.00017333030700683594
117,0,0,118,118,1,1,117.0,0,0,0,1,0,2.5564799308776855,0.0031480789184570312,3.4332275390625e-05,0.0,0.0,0.00017452239990234375
118,0,0,119,119,1,1,118.0,0,0,0,1,0,2.5565452575683594,0.003193378448486328,3.457069396972656e-05,0.0,0.0,0.00017571449279785156
119,0,0,120,120,1,1,119.0,0,0,0,1,0,2.5566234588623047,0.0032465457916259766,3.504753112792969e-05,0.0,0.0,0.00017690658569335938
120,0,0,121,121,1,1,120.0,0,0,0,1,0,2.556703567504883,0.003304004669189453,3.5762786865234375e-05,0.0,0.0,0.00017786026000976562
121,0,0,122,122,1,1,121.0,0,0,0,1,0,2.55678129196167,0.0033583641052246094,3.62396240234375e-05,0.0,0.0,0.00017881393432617188
122,0,0,123,123,1,1,122.0,0,0,0,1,0,2.5568618774414062,0.0034122467041015625,3.647804260253906e-05,0.0,0.0,0.0001800060272216797
123,0,0,124,124,1,1,123.0,0,0,0,1,0,2.556943655014038,0.003467082977294922,3.6716461181640625e-05,0.0,0.0,0.0001811981201171875
124,0,0,125,125,1,1,124.0,0,0,0,1,0,2.5570268630981445,0.0035257339477539062,3.695487976074219e-05,0.0,0.0,0.0001823902130126953
125,0,0,126,126,1,1,125.0,0,0,0,1,0,2.5571064949035645,0.003582477569580078,3.719329833984375e-05,0.0,0.0,0.00018358230590820312
126,0,0,127,127,1,1,126.0,0,0,0,1,0,2.557356834411621,0.003637552261352539,3.743171691894531e-05,0.0,0.0,0.00018453598022460938
127,0,0,128,128,1,1,127.0,0,0,0,1,0,2.557436466217041,0.0036933422088623047,3.790855407714844e-05,0.0,0.0,0.0001857280731201172
128,0,0,129,129,1,1,128.0,0,0,0,1,0,2.5575191974639893,0.0037512779235839844,3.838539123535156e-05,0.0,0.0,0.000186920166015625
129,0,0,130,130,1,1,129.0,0,0,0,1,0,2.557590961456299,0.0038042068481445312,3.8623809814453125e-05,0.0,0.0,0.00018787384033203125
130,0,0,131,131,1,1,130.0,0,0,0,1,0,2.557664155960083,0.0038568973541259766,3.886222839355469e-05,0.0,0.0,0.00018906593322753906
131,0,0,132,132,1,1,131.0,0,0,0,1,0,2.557751178741455,0.003922224044799805,3.910064697265625e-05,0.0,0.0,0.0001900196075439453
132,0,0,133,133,1,1,132.0,0,0,0,1,0,2.55783748626709,0.003987789154052734,3.933906555175781e-05,0.0,0.0,0.00019097328186035156
133,0,0,134,134,1,1,133.0,0,0,0,1,0,2.5579276084899902,0.00404667854309082,3.981590270996094e-05,0.0,0.0,0.00019216537475585938
134,0,0,135,135,1,1,134.0,0,0,0,1,0,2.55804443359375,0.00412297248840332,4.0531158447265625e-05,0.0,0.0,0.00019431114196777344
135,0,0,136,136,1,1,135.0,0,0,0,1,0,2.5581579208374023,0.0042057037353515625,4.100799560546875e-05,0.0,0.0,0.00019621849060058594
136,0,0,137,137,1,1,136.0,0,0,0,1,0,2.558262825012207,0.004282951354980469,4.124641418457031e-05,0.0,0.0,0.0001976490020751953
137,0,0,138,138,1,1,137.0,0,0,0,1,0,2.5583553314208984,0.004350185394287109,4.1484832763671875e-05,0.0,0.0,0.00019884109497070312
138,0,0,139,139,1,1,138.0,0,0,0,1,0,2.558464765548706,0.004421234130859375,4.1961669921875e-05,0.0,0.0,0.00019979476928710938
139,0,0,140,140,1,1,139.0,0,0,0,1,0,2.5585744380950928,0.004497528076171875,4.2438507080078125e-05,0.0,0.0,0.00020194053649902344
140,0,0,141,141,1,1,140.0,0,0,0,1,0,2.5587124824523926,0.004599809646606445,4.291534423828125e-05,0.0,0.0,0.0002040863037109375
141,0,0,142,142,1,1,141.0,0,0,0,1,0,2.558851718902588,0.004700660705566406,4.3392181396484375e-05,0.0,0.0,0.00020599365234375
142,0,0,143,143,1,1,142.0,0,0,0,1,0,2.5590016841888428,0.00480341911315918,4.38690185546875e-05,0.0,0.0,0.00020766258239746094
143,0,0,144,144,1,1,143.0,0,0,0,1,0,2.5591464042663574,0.004911184310913086,4.458427429199219e-05,0.0,0.0,0.00020956993103027344
144,0,0,145,145,1,1,144.0,0,0,0,1,0,2.5592894554138184,0.005007266998291016,4.506111145019531e-05,0.0,0.0,0.00021147727966308594
145,0,0,146,146,1,1,145.0,0,0,0,1,0,2.5594215393066406,0.0051076412200927734,4.5299530029296875e-05,0.0,0.0,0.00021338462829589844
146,0,0,147,147,1,1,146.0,0,0,0,1,0,2.5595295429229736,0.005187511444091797,4.601478576660156e-05,0.0,0.0,0.00021457672119140625
147,0,0,148,148,1,1,147.0,0,0,0,1,0,2.5596559047698975,0.005271434783935547,4.6253204345703125e-05,0.0,0.0,0.00021576881408691406
148,0,0,149,149,1,1,148.0,0,0,0,1,0,2.5597925186157227,0.005375385284423828,4.649162292480469e-05,0.0,0.0,0.00021791458129882812
149,0,0,150,150,1,1,149.0,0,0,0,1,0,2.5599493980407715,0.005467414855957031,4.673004150390625e-05,0.0,0.0,0.0002193450927734375
150,0,0,151,151,1,1,150.0,0,0,0,1,0,2.5600497722625732,0.0055425167083740234,4.696846008300781e-05,0.0,0.0,0.0002205371856689453
151,0,0,152,152,1,1,151.0,0,0,0,1,0,2.560157060623169,0.005627155303955078,4.7206878662109375e-05,0.0,0.0,0.00022149085998535156
152,0,0,153,153,1,1,152.0,0,0,0,1,0,2.560248374938965,0.005697965621948242,4.744529724121094e-05,0.0,0.0,0.0002224445343017578
153,0,0,154,154,1,1,153.0,0,0,0,1,0,2.560335636138916,0.005763053894042969,4.792213439941406e-05,0.0,0.0,0.00022363662719726562
154,0,0,155,155,1,1,154.0,0,0,0,1,0,2.5604286193847656,0.005828380584716797,4.839897155761719e-05,0.0,0.0,0.00022459030151367188
155,0,0,156,156,1,1,155.0,0,0,0,1,0,2.560516119003296,0.005896091461181641,4.887580871582031e-05,0.0,0.0,0.00022554397583007812
156,0,0,157,157,1,1,156.0,0,0,0,1,0,2.560622215270996,0.005976676940917969,4.9114227294921875e-05,0.0,0.0,0.00022649765014648438
157,0,0,158,158,1,1,157.0,0,0,0,1,0,2.560724973678589,0.006054878234863281,4.935264587402344e-05,0.0,0.0,0.00022721290588378906
158,0,0,159,159,1,1,158.0,0,0,0,1,0,2.560819625854492,0.0061266422271728516,4.9591064453125e-05,0.0,0.0,0.00022840499877929688
159,0,0,160,160,1,1,159.0,0,0,0,1,0,2.5609192848205566,0.0062029361724853516,4.982948303222656e-05,0.0,0.0,0.00022935867309570312
160,0,0,161,161,1,1,160.0,0,0,0,1,0,2.561009168624878,0.0062711238861083984,5.0067901611328125e-05,0.0,0.0,0.00023055076599121094
161,0,0,162,162,1,1,161.0,0,0,0,1,0,2.5611095428466797,0.0063495635986328125,5.030632019042969e-05,0.0,0.0,0.0002315044403076172
162,0,0,163,163,1,1,162.0,0,0,0,1,0,2.5612082481384277,0.006423234939575195,5.078315734863281e-05,0.0,0.0,0.00023245811462402344
163,0,0,164,164,1,1,163.0,0,0,0,1,0,2.5612990856170654,0.006493091583251953,5.1021575927734375e-05,0.0,0.0,0.00023365020751953125
164,0,0,165,165,1,1,164.0,0,0,0,1,0,2.5613980293273926,0.006568193435668945,5.14984130859375e-05,0.0,0.0,0.00023484230041503906
165,0,0,166,166,1,1,165.0,0,0,0,1,0,2.561495304107666,0.006642341613769531,5.173683166503906e-05,0.0,0.0,0.0002357959747314453
166,0,0,167,167,1,1,166.0,0,0,0,1,0,2.561591625213623,0.006716251373291016,5.1975250244140625e-05,0.0,0.0,0.00023674964904785156
167,0,0,168,168,1,1,167.0,0,0,0,1,0,2.561688184738159,0.006789445877075195,5.1975250244140625e-05,0.0,0.0,0.0002377033233642578
168,0,0,169,169,1,1,168.0,0,0,0,1,0,2.5617988109588623,0.00687718391418457,5.221366882324219e-05,0.0,0.0,0.00023865699768066406
169,0,0,170,170,1,1,169.0,0,0,0,1,0,2.5618934631347656,0.00694584846496582,5.245208740234375e-05,0.0,0.0,0.00023984909057617188
170,0,0,171,171,1,1,170.0,0,0,0,1,0,2.561992883682251,0.007025718688964844,5.269050598144531e-05,0.0,0.0,0.00024080276489257812
171,0,0,172,172,1,1,171.0,0,0,0,1,0,2.5621752738952637,0.007112979888916016,5.316734313964844e-05,0.0,0.0,0.0003104209899902344
172,0,0,173,173,1,1,172.0,0,0,0,1,0,2.5622823238372803,0.007196664810180664,5.340576171875e-05,0.0,0.0,0.0003113746643066406
173,0,0,174,174,1,1,173.0,0,0,0,1,0,2.56237530708313,0.0072667598724365234,5.364418029785156e-05,0.0,0.0,0.0003123283386230469
174,0,0,175,175,1,1,174.0,0,0,0,1,0,2.562474489212036,0.0073451995849609375,5.3882598876953125e-05,0.0,0.0,0.0003132820129394531
175,0,0,176,176,1,1,175.0,0,0,0,1,0,2.5625810623168945,0.007427215576171875,5.412101745605469e-05,0.0,0.0,0.00031447410583496094
176,0,0,177,177,1,1,176.0,0,0,0,1,0,2.5626790523529053,0.007502079010009766,5.435943603515625e-05,0.0,0.0,0.0003154277801513672
177,0,0,178,178,1,1,177.0,0,0,0,1,0,2.56278133392334,0.007584571838378906,5.459785461425781e-05,0.0,0.0,0.00031638145446777344
178,0,0,179,179,1,1,178.0,0,0,0,1,0,2.5628864765167236,0.007663726806640625,5.4836273193359375e-05,0.0,0.0,0.0003173351287841797
179,0,0,180,180,1,1,179.0,0,0,0,1,0,2.563018321990967,0.007762432098388672,5.53131103515625e-05,0.0,0.0,0.00031828880310058594
180,0,0,181,181,1,1,180.0,0,0,0,1,0,2.563140630722046,0.007858514785766602,5.555152893066406e-05,0.0,0.0,0.0003199577331542969
181,0,0,182,182,1,1,181.0,0,0,0,1,0,2.5632400512695312,0.007935285568237305,5.5789947509765625e-05,0.0,0.0,0.0003211498260498047
182,0,0,183,183,1,1,182.0,0,0,0,1,0,2.5633320808410645,0.008008003234863281,5.602836608886719e-05,0.0,0.0,0.00032210350036621094
183,0,0,184,184,1,1,183.0,0,0,0,1,0,2.563436269760132,0.008090734481811523,5.650520324707031e-05,0.0,0.0,0.0003235340118408203
184,0,0,185,185,1,1,184.0,0,0,0,1,0,2.563547372817993,0.008174657821655273,5.698204040527344e-05,0.0,0.0,0.0003247261047363281
185,0,0,186,186,1,1,185.0,0,0,0,1,0,2.5636613368988037,0.008266448974609375,5.7220458984375e-05,0.0,0.0,0.00032591819763183594
186,0,0,187,187,1,1,186.0,0,0,0,1,0,2.5637857913970947,0.008369922637939453,5.745887756347656e-05,0.0,0.0,0.0003268718719482422
187,0,0,188,188,1,1,187.0,0,0,0,1,0,2.563889503479004,0.008452892303466797,5.817413330078125e-05,0.0,0.0,0.00032782554626464844
188,0,0,189,189,1,1,188.0,0,0,0,1,0,2.5640103816986084,0.008549213409423828,5.841255187988281e-05,0.0,0.0,0.00032901763916015625
189,0,0,190,190,1,1,189.0,0,0,0,1,0,2.5641231536865234,0.008637428283691406,5.8650970458984375e-05,0.0,0.0,0.0003299713134765625
190,0,0,191,191,1,1,190.0,0,0,0,1,0,2.5642294883728027,0.008720159530639648,5.888938903808594e-05,0.0,0.0,0.0003314018249511719
191,0,0,192,192,1,1,191.0,0,0,0,1,0,2.564331531524658,0.00880289077758789,5.91278076171875e-05,0.0,0.0,0.0003323554992675781
192,0,0,193,193,1,1,192.0,0,0,0,1,0,2.5644381046295166,0.008886337280273438,5.984306335449219e-05,0.0,0.0,0.0003333091735839844
193,0,0,194,194,1,1,193.0,0,0,0,1,0,2.5645415782928467,0.008965492248535156,6.008148193359375e-05,0.0,0.0,0.0003342628479003906
194,0,0,195,195,1,1,194.0,0,0,0,1,0,2.564636468887329,0.009040117263793945,6.0558319091796875e-05,0.0,0.0,0.0003352165222167969
195,0,0,196,196,1,1,195.0,0,0,0,1,0,2.5647377967834473,0.009117841720581055,6.079673767089844e-05,0.0,0.0,0.0003361701965332031
196,0,0,197,197,1,1,196.0,0,0,0,1,0,2.564844846725464,0.009200811386108398,6.103515625e-05,0.0,0.0,0.0003371238708496094
197,0,0,198,198,1,1,197.0,0,0,0,1,0,2.5649657249450684,0.009297370910644531,6.103515625e-05,0.0,0.0,0.0003383159637451172
198,0,0,199,199,1,1,198.0,0,0,0,1,0,2.565077543258667,0.009389400482177734,6.151199340820312e-05,0.0,0.0,0.000339508056640625
199,0,0,200,200,1,1,199.0,0,0,0,1,0,2.5651938915252686,0.00948190689086914,6.175041198730469e-05,0.0,0.0,0.00034046173095703125
200,0,0,201,201,1,1,200.0,0,0,0,1,0,2.5653281211853027,0.009589672088623047,6.198883056640625e-05,0.0,0.0,0.0003414154052734375
201,0,0,202,202,1,1,201.0,0,0,0,1,0,2.5654428005218506,0.00968027114868164,6.222724914550781e-05,0.0,0.0,0.00034236907958984375
202,0,0,203,203,1,1,202.0,0,0,0,1,0,2.5655477046966553,0.009763240814208984,6.246566772460938e-05,0.0,0.0,0.00034356117248535156
203,0,0,204,204,1,1,203.0,0,0,0,1,0,2.56565260887146,0.009848356246948242,6.270408630371094e-05,0.0,0.0,0.0003447532653808594
204,0,0,205,205,1,1,204.0,0,0,0,1,0,2.5657777786254883,0.009951353073120117,6.29425048828125e-05,0.0,0.0,0.00034546852111816406
205,0,0,206,206,1,1,205.0,0,0,0,1,0,2.565896987915039,0.010046720504760742,6.318092346191406e-05,0.0,0.0,0.0003466606140136719
206,0,0,207,207,1,1,206.0,0,0,0,1,0,2.5660176277160645,0.0101470947265625,6.341934204101562e-05,0.0,0.0,0.0003476142883300781
207,0,0,208,208,1,1,207.0,0,0,0,1,0,2.566135883331299,0.010243654251098633,6.389617919921875e-05,0.0,0.0,0.0003485679626464844
208,0,0,209,209,1,1,208.0,0,0,0,1,0,2.5662455558776855,0.010328054428100586,6.413459777832031e-05,0.0,0.0,0.0003495216369628906
209,0,0,210,210,1,1,209.0,0,0,0,1,0,2.5663645267486572,0.010426998138427734,6.437301635742188e-05,0.0,0.0,0.0003504753112792969
210,0,0,211,211,1,1,210.0,0,0,0,1,0,2.566477060317993,0.010518550872802734,6.461143493652344e-05,0.0,0.0,0.0003514289855957031
211,0,0,212,212,1,1,211.0,0,0,0,1,0,2.566598892211914,0.010618448257446289,6.4849853515625e-05,0.0,0.0,0.00035262107849121094
212,0,0,213,213,1,1,212.0,0,0,0,1,0,2.566718339920044,0.010710477828979492,6.532669067382812e-05,0.0,0.0,0.000354766845703125
213,0,0,214,214,1,1,213.0,0,0,0,1,0,2.566838264465332,0.010809183120727539,6.556510925292969e-05,0.0,0.0,0.00035572052001953125
214,0,0,215,215,1,1,214.0,0,0,0,1,0,2.56695294380188,0.010904312133789062,6.580352783203125e-05,0.0,0.0,0.0003566741943359375
215,0,0,216,216,1,1,215.0,0,0,0,1,0,2.5670862197875977,0.011013507843017578,6.604194641113281e-05,0.0,0.0,0.0003578662872314453
216,0,0,217,217,1,1,216.0,0,0,0,1,0,2.567202568054199,0.011107444763183594,6.628036499023438e-05,0.0,0.0,0.00035881996154785156
217,0,0,218,218,1,1,217.0,0,0,0,1,0,2.5673298835754395,0.01121211051940918,6.699562072753906e-05,0.0,0.0,0.0003597736358642578
218,0,0,219,219,1,1,218.0,0,0,0,1,0,2.567446708679199,0.011307001113891602,6.723403930664062e-05,0.0,0.0,0.0003604888916015625
219,0,0,220,220,1,1,219.0,0,0,0,1,0,2.5675649642944336,0.011403799057006836,6.771087646484375e-05,0.0,0.0,0.0003616809844970703
220,0,0,221,221,1,1,220.0,0,0,0,1,0,2.5676777362823486,0.011495590209960938,6.794929504394531e-05,0.0,0.0,0.0003628730773925781
221,0,0,222,222,1,1,221.0,0,0,0,1,0,2.5678093433380127,0.011604070663452148,6.818771362304688e-05,0.0,0.0,0.0003638267517089844
222,0,0,223,223,1,1,222.0,0,0,0,1,0,2.5679261684417725,0.011698484420776367,6.842613220214844e-05,0.0,0.0,0.0003647804260253906
223,0,0,224,224,1,1,223.0,0,0,0,1,0,2.5680582523345947,0.011809587478637695,6.866455078125e-05,0.0,0.0,0.0003657341003417969
224,0,0,225,225,1,1,224.0,0,0,0,1,0,2.5681819915771484,0.011910676956176758,6.890296936035156e-05,0.0,0.0,0.0003666877746582031
225,0,0,226,226,1,1,225.0,0,0,0,1,0,2.5682976245880127,0.012005090713500977,6.914138793945312e-05,0.0,0.0,0.00036835670471191406
226,0,0,227,227,1,1,226.0,0,0,0,1,0,2.5684168338775635,0.012102365493774414,6.937980651855469e-05,0.0,0.0,0.0003693103790283203
227,0,0,228,228,1,1,227.0,0,0,0,1,0,2.5685248374938965,0.012184381484985352,6.961822509765625e-05,0.0,0.0,0.00037026405334472656
228,0,0,229,229,1,1,228.0,0,0,0,1,0,2.568643569946289,0.012282371520996094,6.985664367675781e-05,0.0,0.0,0.0003712177276611328
229,0,0,230,230,2,1,229.0,0,0,0,1,0,2.5687806606292725,0.01239013671875,7.009506225585938e-05,0.0,0.0,0.0003724098205566406
230,0,0,231,231,1,1,230.0,0,0,0,1,0,2.568901300430298,0.012490272521972656,7.033348083496094e-05,0.0,0.0,0.0003733634948730469
231,0,0,232,232,1,1,231.0,0,0,0,1,0,2.56902813911438,0.012596368789672852,7.081031799316406e-05,0.0,0.0,0.0003745555877685547
232,0,0,233,233,1,1,232.0,0,0,0,1,0,2.5691540241241455,0.0126953125,7.104873657226562e-05,0.0,0.0,0.00037550926208496094
233,0,0,234,234,1,1,233.0,0,0,0,1,0,2.5692756175994873,0.012794256210327148,7.128715515136719e-05,0.0,0.0,0.00037670135498046875
234,0,0,235,235,1,1,234.0,0,0,0,1,0,2.5694029331207275,0.012897014617919922,7.152557373046875e-05,0.0,0.0,0.00037789344787597656
235,0,0,236,236,1,1,235.0,0,0,0,1,0,2.5695266723632812,0.012996435165405273,7.176399230957031e-05,0.0,0.0,0.0003788471221923828
236,0,0,237,237,1,1,236.0,0,0,0,1,0,2.5696420669555664,0.01308894157409668,7.224082946777344e-05,0.0,0.0,0.00037980079650878906
237,0,0,238,238,1,1,237.0,0,0,0,1,0,2.569765090942383,0.013188362121582031,7.2479248046875e-05,0.0,0.0,0.00038051605224609375
238,0,0,239,239,1,1,238.0,0,0,0,1,0,2.569891929626465,0.013291597366333008,7.295608520507812e-05,0.0,0.0,0.0003819465637207031
239,0,0,240,240,1,1,239.0,0,0,0,1,0,2.5700368881225586,0.013410568237304688,7.319450378417969e-05,0.0,0.0,0.0003833770751953125
240,0,0,241,241,1,1,240.0,0,0,0,1,0,2.5701639652252197,0.013508796691894531,7.343292236328125e-05,0.0,0.0,0.00038433074951171875
241,0,0,242,242,1,1,241.0,0,0,0,1,0,2.5702924728393555,0.013614654541015625,7.390975952148438e-05,0.0,0.0,0.000385284423828125
242,0,0,243,243,1,1,242.0,0,0,0,1,0,2.5704081058502197,0.013709068298339844,7.414817810058594e-05,0.0,0.0,0.0003859996795654297
243,0,0,244,244,1,1,243.0,0,0,0,1,0,2.570528745651245,0.013808488845825195,7.43865966796875e-05,0.0,0.0,0.00038695335388183594
244,0,0,245,245,1,1,244.0,0,0,0,1,0,2.570657968521118,0.013916015625,7.486343383789062e-05,0.0,0.0,0.00038814544677734375
245,0,0,246,246,1,1,245.0,0,0,0,1,0,2.570791721343994,0.014024019241333008,7.510185241699219e-05,0.0,0.0,0.00038909912109375
246,0,0,247,247,1,1,246.0,0,0,0,1,0,2.570924758911133,0.014137506484985352,7.557868957519531e-05,0.0,0.0,0.00039005279541015625
247,0,0,248,248,1,1,247.0,0,0,0,1,0,2.571068048477173,0.014256715774536133,7.581710815429688e-05,0.0,0.0,0.0003910064697265625
248,0,0,249,249,1,1,248.0,0,0,0,1,0,2.5711917877197266,0.014356851577758789,7.605552673339844e-05,0.0,0.0,0.00039196014404296875
249,0,0,250,250,1,1,249.0,0,0,0,1,0,2.571331739425659,0.01446843147277832,7.62939453125e-05,0.0,0.0,0.00039315223693847656
250,0,0,251,251,1,1,250.0,0,0,0,1,0,2.5714597702026367,0.014573097229003906,7.653236389160156e-05,0.0,0.0,0.0003943443298339844
251,0,0,252,252,1,1,251.0,0,0,0,1,0,2.5715911388397217,0.014683246612548828,7.677078247070312e-05,0.0,0.0,0.00039577484130859375
252,0,0,253,253,1,1,252.0,0,0,0,1,0,2.5717251300811768,0.014789819717407227,7.700920104980469e-05,0.0,0.0,0.0003972053527832031
253,0,0,254,254,1,1,253.0,0,0,0,1,0,2.571850061416626,0.014893054962158203,7.748603820800781e-05,0.0,0.0,0.0003981590270996094
254,0,0,255,255,1,1,254.0,0,0,0,1,0,2.571974754333496,0.01499629020690918,7.796287536621094e-05,0.0,0.0,0.0003991127014160156
255,0,0,256,256,1,1,255.0,0,0,0,1,0,2.572209119796753,0.015113353729248047,7.82012939453125e-05,0.0,0.0,0.0004000663757324219
256,0,0,257,257,1,1,256.0,0,0,0,1,0,2.5723416805267334,0.015221834182739258,7.843971252441406e-05,0.0,0.0,0.0004012584686279297
257,0,0,258,258,1,1,257.0,0,0,0,1,0,2.572493314743042,0.01534891128540039,7.867813110351562e-05,0.0,0.0,0.00040268898010253906
258,0,0,259,259,1,1,258.0,0,0,0,1,0,2.572620391845703,0.015453338623046875,7.891654968261719e-05,0.0,0.0,0.00040411949157714844
259,0,0,260,260,1,1,259.0,0,0,0,1,0,2.5727479457855225,0.015558719635009766,7.915496826171875e-05,0.0,0.0,0.0004050731658935547
260,0,0,261,261,1,1,260.0,0,0,0,1,0,2.5728790760040283,0.015668392181396484,7.939338684082031e-05,0.0,0.0,0.00040602684020996094
261,0,0,262,262,1,1,261.0,0,0,0,1,0,2.5730223655700684,0.01578521728515625,7.963180541992188e-05,0.0,0.0,0.00040721893310546875
262,0,0,263,263,1,1,262.0,0,0,0,1,0,2.573157787322998,0.015896320343017578,7.987022399902344e-05,0.0,0.0,0.0004086494445800781
263,0,0,265,265,1,1,127.0,0,0,2,0,0,2.573951005935669,0.01601696014404297,8.0108642578125e-05,7.581710815429688e-05,0.00040841102600097656,0.0004096031188964844
264,0,0,266,266,1,1,264.0,0,0,0,1,0,2.5741264820098877,0.016161203384399414,8.034706115722656e-05,7.581710815429688e-05,0.00040841102600097656,0.0004119873046875
265,0,0,267,267,1,1,265.0,0,0,0,1,0,2.574282169342041,0.016295671463012695,8.058547973632812e-05,7.581710815429688e-05,0.00040841102600097656,0.0004131793975830078
266,0,0,268,268,1,1,266.0,0,0,0,1,0,2.574434518814087,0.016425132751464844,8.058547973632812e-05,7.581710815429688e-05,0.00040841102600097656,0.0004143714904785156
267,0,0,269,269,1,1,267.0,0,0,0,1,0,2.57464599609375,0.01658463478088379,8.106231689453125e-05,7.581710815429688e-05,0.00040841102600097656,0.00041556358337402344
268,0,0,270,270,1,1,268.0,0,0,0,1,0,2.574887275695801,0.0167849063873291,8.153915405273438e-05,7.581710815429688e-05,0.00040841102600097656,0.0004177093505859375
269,0,0,271,271,1,1,269.0,0,0,0,1,0,2.5751709938049316,0.017015695571899414,8.273124694824219e-05,7.581710815429688e-05,0.00040841102600097656,0.00041985511779785156
270,0,0,272,272,1,1,270.0,0,0,0,1,0,2.5755116939544678,0.017308712005615234,8.392333984375e-05,7.581710815429688e-05,0.00040841102600097656,0.000423431396484375
271,0,0,273,273,1,1,271.0,0,0,0,1,0,2.5759103298187256,0.017630338668823242,8.559226989746094e-05,7.581710815429688e-05,0.00040841102600097656,0.0004265308380126953
272,0,0,274,274,1,1,272.0,0,0,0,1,0,2.5763113498687744,0.017958641052246094,8.702278137207031e-05,7.581710815429688e-05,0.00040841102600097656,0.0004322528839111328
273,0,0,275,275,1,1,273.0,0,0,0,1,0,2.5766282081604004,0.018225431442260742,8.797645568847656e-05,7.581710815429688e-05,0.00040841102600097656,0.0004374980926513672
274,0,0,276,276,1,1,274.0,0,0,0,1,0,2.5768113136291504,0.01837754249572754,8.821487426757812e-05,7.581710815429688e-05,0.00040841102600097656,0.0004405975341796875
275,0,0,277,277,1,1,275.0,0,0,0,1,0,2.5769784450531006,0.018522262573242188,8.845329284667969e-05,7.581710815429688e-05,0.00040841102600097656,0.00044155120849609375
276,0,0,278,278,1,1,276.0,0,0,0,1,0,2.5771939754486084,0.018711090087890625,8.869171142578125e-05,7.581710815429688e-05,0.00040841102600097656,0.0004425048828125
277,0,0,279,279,1,1,277.0,0,0,0,1,0,2.5773561000823975,0.01884603500366211,8.916854858398438e-05,7.581710815429688e-05,0.00040841102600097656,0.0004436969757080078
278,0,0,280,280,1,1,278.0,0,0,0,1,0,2.577531576156616,0.01899266242980957,8.940696716308594e-05,7.581710815429688e-05,0.00040841102600097656,0.0004448890686035156
279,0,0,281,281,1,1,279.0,0,0,0,1,0,2.5776889324188232,0.019126415252685547,8.96453857421875e-05,7.581710815429688e-05,0.00040841102600097656,0.000446319580078125
280,0,0,282,282,1,1,280.0,0,0,0,1,0,2.577843189239502,0.019256114959716797,9.012222290039062e-05,7.581710815429688e-05,0.00040841102600097656,0.0004475116729736328
281,0,0,283,283,1,1,281.0,0,0,0,1,0,2.5780537128448486,0.01941514015197754,9.059906005859375e-05,7.581710815429688e-05,0.00040841102600097656,0.0004489421844482422
282,0,0,284,284,1,1,282.0,0,0,0,1,0,2.578307867050171,0.01962900161743164,9.107589721679688e-05,7.581710815429688e-05,0.00040841102600097656,0.0004515647888183594
283,0,0,285,285,1,1,283.0,0,0,0,1,0,2.578521728515625,0.019814729690551758,9.1552734375e-05,7.581710815429688e-05,0.00040841102600097656,0.0004544258117675781
284,0,0,286,286,1,1,284.0,0,0,0,1,0,2.5786890983581543,0.01996135711669922,9.202957153320312e-05,7.581710815429688e-05,0.00040841102600097656,0.00045561790466308594
285,0,0,287,287,1,1,285.0,0,0,0,1,0,2.57885479927063,0.02010178565979004,9.226799011230469e-05,7.581710815429688e-05,0.00040841102600097656,0.00045680999755859375
286,0,0,288,288,1,1,286.0,0,0,0,1,0,2.5790205001831055,0.020242691040039062,9.250640869140625e-05,7.581710815429688e-05,0.00040841102600097656,0.000457763671875
287,0,0,289,289,1,1,287.0,0,0,0,1,0,2.579174041748047,0.020373821258544922,9.274482727050781e-05,7.581710815429688e-05,0.00040841102600097656,0.0004589557647705078
288,0,0,290,290,1,1,288.0,0,0,0,1,0,2.5793304443359375,0.020504236221313477,9.298324584960938e-05,7.581710815429688e-05,0.00040841102600097656,0.00045990943908691406
289,0,0,291,291,1,1,289.0,0,0,0,1,0,2.579493284225464,0.020641088485717773,9.322166442871094e-05,7.581710815429688e-05,0.00040841102600097656,0.0004608631134033203
290,0,0,292,292,1,1,290.0,0,0,0,1,0,2.5796587467193604,0.020782947540283203,9.34600830078125e-05,7.581710815429688e-05,0.00040841102600097656,0.00046181678771972656
291,0,0,293,293,1,1,291.0,0,0,0,1,0,2.579834222793579,0.020934104919433594,9.369850158691406e-05,7.581710815429688e-05,0.00040841102600097656,0.0004630088806152344
292,0,0,294,294,1,1,292.0,0,0,0,1,0,2.5799944400787354,0.021074771881103516,9.369850158691406e-05,7.581710815429688e-05,0.00040841102600097656,0.0004639625549316406
293,0,0,295,295,1,1,293.0,0,0,0,1,0,2.580181360244751,0.02123737335205078,9.393692016601562e-05,7.581710815429688e-05,0.00040841102600097656,0.0004649162292480469
294,0,0,296,296,1,1,294.0,0,0,0,1,0,2.5803415775299072,0.021373510360717773,9.417533874511719e-05,7.581710815429688e-05,0.00040841102600097656,0.0004658699035644531
295,0,0,297,297,1,1,295.0,0,0,0,1,0,2.580491542816162,0.021497249603271484,9.465217590332031e-05,7.581710815429688e-05,0.00040841102600097656,0.0004668235778808594
296,0,0,298,298,1,1,296.0,0,0,0,1,0,2.580658435821533,0.021640539169311523,9.489059448242188e-05,7.581710815429688e-05,0.00040841102600097656,0.0004677772521972656
297,0,0,299,299,1,1,297.0,0,0,0,1,0,2.5808045864105225,0.02176976203918457,9.512901306152344e-05,7.581710815429688e-05,0.00040841102600097656,0.00046896934509277344
298,0,0,300,300,1,1,298.0,0,0,0,1,0,2.5809738636016846,0.021912813186645508,9.5367431640625e-05,7.581710815429688e-05,0.00040841102600097656,0.0004703998565673828
299,0,0,301,301,1,1,299.0,0,0,0,1,0,2.581141471862793,0.02205824851989746,9.560585021972656e-05,7.581710815429688e-05,0.00040841102600097656,0.00047135353088378906
300,0,0,302,302,1,1,300.0,0,0,0,1,0,2.5812864303588867,0.02218008041381836,9.584426879882812e-05,7.581710815429688e-05,0.00040841102600097656,0.0004725456237792969
301,0,0,303,303,1,1,301.0,0,0,0,1,0,2.5814590454101562,0.022327661514282227,9.632110595703125e-05,7.581710815429688e-05,0.00040841102600097656,0.0004737377166748047
302,0,0,304,304,1,1,302.0,0,0,0,1,0,2.5816357135772705,0.02247929573059082,9.679794311523438e-05,7.581710815429688e-05,0.00040841102600097656,0.00047469139099121094
303,0,0,305,305,1,1,303.0,0,0,0,1,0,2.581801176071167,0.02262568473815918,9.72747802734375e-05,7.581710815429688e-05,0.00040841102600097656,0.0004756450653076172
304,0,0,306,306,1,1,304.0,0,0,0,1,0,2.5819687843322754,0.022769451141357422,9.751319885253906e-05,7.581710815429688e-05,0.00040841102600097656,0.000476837158203125
305,0,0,307,307,1,1,305.0,0,0,0,1,0,2.5821456909179688,0.02292180061340332,9.775161743164062e-05,7.581710815429688e-05,0.00040841102600097656,0.00047779083251953125
306,0,0,308,308,1,1,306.0,0,0,0,1,0,2.582308769226074,0.023059844970703125,9.799003601074219e-05,7.581710815429688e-05,0.00040841102600097656,0.0004787445068359375
307,0,0,309,309,1,1,307.0,0,0,0,1,0,2.58247709274292,0.023195743560791016,9.822845458984375e-05,7.581710815429688e-05,0.00040841102600097656,0.0004799365997314453
308,0,0,310,310,1,1,308.0,0,0,0,1,0,2.582629680633545,0.023326396942138672,9.846687316894531e-05,7.581710815429688e-05,0.00040841102600097656,0.00048089027404785156
309,0,0,311,311,1,1,309.0,0,0,0,1,0,2.5828042030334473,0.02347731590270996,9.870529174804688e-05,7.581710815429688e-05,0.00040841102600097656,0.0004818439483642578
310,0,0,312,312,1,1,310.0,0,0,0,1,0,2.5829806327819824,0.023630619049072266,9.894371032714844e-05,7.581710815429688e-05,0.00040841102600097656,0.0004830360412597656
311,0,0,313,313,1,1,311.0,0,0,0,1,0,2.583162784576416,0.023788928985595703,9.918212890625e-05,7.581710815429688e-05,0.00040841102600097656,0.00048422813415527344
312,0,0,314,314,1,1,312.0,0,0,0,1,0,2.583332061767578,0.023934364318847656,9.942054748535156e-05,7.581710815429688e-05,0.00040841102600097656,0.0004851818084716797
313,0,0,315,315,1,1,313.0,0,0,0,1,0,2.583510637283325,0.024086475372314453,9.965896606445312e-05,7.581710815429688e-05,0.00040841102600097656,0.0004863739013671875
314,0,0,316,316,1,1,314.0,0,0,0,1,0,2.5836946964263916,0.024250030517578125,9.989738464355469e-05,7.581710815429688e-05,0.00040841102600097656,0.00048732757568359375
315,0,0,317,317,1,1,315.0,0,0,0,1,0,2.5838942527770996,0.024423599243164062,0.00010013580322265625,7.581710815429688e-05,0.00040841102600097656,0.00048828125
316,0,0,318,318,1,1,316.0,0,0,0,1,0,2.584070920944214,0.024573564529418945,0.00010037422180175781,7.581710815429688e-05,0.00040841102600097656,0.0004894733428955078
317,0,0,319,319,1,1,317.0,0,0,0,1,0,2.5842530727386475,0.02473163604736328,0.00010061264038085938,7.581710815429688e-05,0.00040841102600097656,0.0004904270172119141
318,0,0,320,320,1,1,318.0,0,0,0,1,0,2.584411382675171,0.02486562728881836,0.00010085105895996094,7.581710815429688e-05,0.00040841102600097656,0.0004913806915283203
319,0,0,321,321,1,1,319.0,0,0,0,1,0,2.5845847129821777,0.025013208389282227,0.0001010894775390625,7.581710815429688e-05,0.00040841102600097656,0.000492095947265625
320,0,0,322,322,1,1,320.0,0,0,0,1,0,2.5847554206848145,0.025159597396850586,0.00010132789611816406,7.581710815429688e-05,0.00040841102600097656,0.0004932880401611328
321,0,0,323,323,1,1,321.0,0,0,0,1,0,2.584929943084717,0.025310277938842773,0.00010156631469726562,7.581710815429688e-05,0.00040841102600097656,0.0004944801330566406
322,0,0,324,324,1,1,322.0,0,0,0,1,0,2.5850961208343506,0.02545475959777832,0.00010180473327636719,7.581710815429688e-05,0.00040841102600097656,0.0004954338073730469
323,0,0,325,325,1,1,323.0,0,0,0,1,0,2.585271120071411,0.02560734748840332,0.00010204315185546875,7.581710815429688e-05,0.00040841102600097656,0.0004966259002685547
324,0,0,326,326,1,1,324.0,0,0,0,1,0,2.585446357727051,0.025752544403076172,0.00010251998901367188,7.581710815429688e-05,0.00040841102600097656,0.0004975795745849609
325,0,0,327,327,1,1,325.0,0,0,0,1,0,2.585617780685425,0.02590036392211914,0.00010275840759277344,7.581710815429688e-05,0.00040841102600097656,0.0004987716674804688
326,0,0,328,328,1,1,326.0,0,0,0,1,0,2.585799217224121,0.02606368064880371,0.000102996826171875,7.581710815429688e-05,0.00040841102600097656,0.000499725341796875
327,0,0,329,329,1,1,327.0,0,0,0,1,0,2.5859622955322266,0.026198625564575195,0.00010323524475097656,7.581710815429688e-05,0.00040841102600097656,0.0005009174346923828
328,0,0,330,330,1,1,328.0,0,0,0,1,0,2.586132764816284,0.026346206665039062,0.00010347366333007812,7.581710815429688e-05,0.00040841102600097656,0.0005021095275878906
329,0,0,331,331,1,1,329.0,0,0,0,1,0,2.586308717727661,0.026498079299926758,0.00010371208190917969,7.581710815429688e-05,0.00040841102600097656,0.0005030632019042969
330,0,0,332,332,1,1,330.0,0,0,0,1,0,2.5864686965942383,0.02663254737854004,0.00010395050048828125,7.581710815429688e-05,0.00040841102600097656,0.0005042552947998047
331,0,0,333,333,1,1,331.0,0,0,0,1,0,2.5866384506225586,0.026782989501953125,0.00010418891906738281,7.581710815429688e-05,0.00040841102600097656,0.0005052089691162109
332,0,0,334,334,1,1,332.0,0,0,0,1,0,2.5868113040924072,0.026933670043945312,0.00010442733764648438,7.581710815429688e-05,0.00040841102600097656,0.0005064010620117188
333,0,0,335,335,1,1,333.0,0,0,0,1,0,2.5869898796081543,0.027088403701782227,0.00010466575622558594,7.581710815429688e-05,0.00040841102600097656,0.000507354736328125
334,0,0,336,336,1,1,334.0,0,0,0,1,0,2.58716082572937,0.027234554290771484,0.0001049041748046875,7.581710815429688e-05,0.00040841102600097656,0.0005085468292236328
335,0,0,337,337,1,1,335.0,0,0,0,1,0,2.5873332023620605,0.027380943298339844,0.00010514259338378906,7.581710815429688e-05,0.00040841102600097656,0.0005095005035400391
336,0,0,338,338,1,1,336.0,0,0,0,1,0,2.5875024795532227,0.027523279190063477,0.00010538101196289062,7.581710815429688e-05,0.00040841102600097656,0.0005106925964355469
337,0,0,339,339,1,1,337.0,0,0,0,1,0,2.587691307067871,0.027691364288330078,0.00010561943054199219,7.581710815429688e-05,0.00040841102600097656,0.0005118846893310547
338,0,0,340,340,1,1,338.0,0,0,0,1,0,2.587881326675415,0.02785634994506836,0.00010585784912109375,7.581710815429688e-05,0.00040841102600097656,0.0005128383636474609
339,0,0,341,341,1,1,339.0,0,0,0,1,0,2.588059186935425,0.02801036834716797,0.00010609626770019531,7.581710815429688e-05,0.00040841102600097656,0.0005140304565429688
340,0,0,342,342,1,1,340.0,0,0,0,1,0,2.5882327556610107,0.02816176414489746,0.00010633468627929688,7.581710815429688e-05,0.00040841102600097656,0.000514984130859375
341,0,0,343,343,1,1,341.0,0,0,0,1,0,2.5884060859680176,0.028311967849731445,0.00010657310485839844,7.581710815429688e-05,0.00040841102600097656,0.0005159378051757812
342,0,0,344,344,1,1,342.0,0,0,0,1,0,2.5886852741241455,0.028493165969848633,0.0001068115234375,7.581710815429688e-05,0.00040841102600097656,0.0005841255187988281
343,0,0,345,345,1,1,343.0,0,0,0,1,0,2.588874578475952,0.028658390045166016,0.00010704994201660156,7.581710815429688e-05,0.00040841102600097656,0.0005855560302734375
344,0,0,346,346,1,1,344.0,0,0,0,1,0,2.589057445526123,0.028818845748901367,0.00010728836059570312,7.581710815429688e-05,0.00040841102600097656,0.0005865097045898438
345,0,0,347,347,1,1,345.0,0,0,0,1,0,2.5892417430877686,0.028978824615478516,0.00010776519775390625,7.581710815429688e-05,0.00040841102600097656,0.0005872249603271484
346,0,0,348,348,1,1,346.0,0,0,0,1,0,2.5894243717193604,0.02913379669189453,0.00010800361633300781,7.581710815429688e-05,0.00040841102600097656,0.0005881786346435547
347,0,0,349,349,1,1,347.0,0,0,0,1,0,2.58959698677063,0.029282569885253906,0.00010824203491210938,7.581710815429688e-05,0.00040841102600097656,0.0005891323089599609
348,0,0,350,350,1,1,348.0,0,0,0,1,0,2.589766263961792,0.029428720474243164,0.00010848045349121094,7.581710815429688e-05,0.00040841102600097656,0.0005900859832763672
349,0,0,351,351,1,1,349.0,0,0,0,1,0,2.5899910926818848,0.029630661010742188,0.00010895729064941406,7.581710815429688e-05,0.00040841102600097656,0.0005910396575927734
350,0,0,352,352,1,1,350.0,0,0,0,1,0,2.5901906490325928,0.029805898666381836,0.00010919570922851562,7.581710815429688e-05,0.00040841102600097656,0.0005924701690673828
351,0,0,353,353,1,1,351.0,0,0,0,1,0,2.590365409851074,0.029954910278320312,0.00010919570922851562,7.581710815429688e-05,0.00040841102600097656,0.0005936622619628906
352,0,0,354,354,1,1,352.0,0,0,0,1,0,2.590543031692505,0.03010869026184082,0.00010943412780761719,7.581710815429688e-05,0.00040841102600097656,0.0005948543548583984
353,0,0,355,355,1,1,353.0,0,0,0,1,0,2.5907230377197266,0.03026604652404785,0.00010967254638671875,7.581710815429688e-05,0.00040841102600097656,0.0005960464477539062
354,0,0,356,356,1,1,354.0,0,0,0,1,0,2.5909018516540527,0.03041863441467285,0.00011014938354492188,7.581710815429688e-05,0.00040841102600097656,0.0005972385406494141
355,0,0,357,357,1,1,355.0,0,0,0,1,0,2.5910825729370117,0.030575037002563477,0.00011038780212402344,7.581710815429688e-05,0.00040841102600097656,0.0005981922149658203
356,0,0,358,358,1,1,356.0,0,0,0,1,0,2.5912883281707764,0.03073883056640625,0.00011086463928222656,7.581710815429688e-05,0.00040841102600097656,0.0005993843078613281
357,0,0,359,359,1,1,357.0,0,0,0,1,0,2.591588020324707,0.030991554260253906,0.00011157989501953125,7.581710815429688e-05,0.00040841102600097656,0.0006005764007568359
358,0,0,360,360,1,1,358.0,0,0,0,1,0,2.591865062713623,0.0312349796295166,0.00011181831359863281,7.581710815429688e-05,0.00040841102600097656,0.0006036758422851562
359,0,0,361,361,1,1,359.0,0,0,0,1,0,2.592120885848999,0.031461477279663086,0.00011205673217773438,7.581710815429688e-05,0.00040841102600097656,0.0006053447723388672
360,0,0,362,362,1,1,360.0,0,0,0,1,0,2.592329502105713,0.03164505958557129,0.00011229515075683594,7.581710815429688e-05,0.00040841102600097656,0.0006062984466552734
361,0,0,363,363,1,1,361.0,0,0,0,1,0,2.5926268100738525,0.03189969062805176,0.00011301040649414062,7.581710815429688e-05,0.00040841102600097656,0.0006072521209716797
362,0,0,364,364,1,1,362.0,0,0,0,1,0,2.593194007873535,0.03239035606384277,0.00011467933654785156,7.581710815429688e-05,0.00040841102600097656,0.0006105899810791016
363,0,0,365,365,1,1,363.0,0,0,0,1,0,2.593782424926758,0.032927513122558594,0.00011491775512695312,7.581710815429688e-05,0.00040841102600097656,0.0006163120269775391
364,0,0,366,366,1,1,364.0,0,0,0,1,0,2.594057559967041,0.03317618370056152,0.00011539459228515625,7.581710815429688e-05,0.00040841102600097656,0.0006182193756103516
365,0,0,367,367,1,1,365.0,0,0,0,1,0,2.594287157058716,0.03337860107421875,0.00011563301086425781,7.581710815429688e-05,0.00040841102600097656,0.0006194114685058594
366,0,0,368,368,1,1,366.0,0,0,0,1,0,2.5945065021514893,0.03357338905334473,0.00011610984802246094,7.581710815429688e-05,0.00040841102600097656,0.0006208419799804688
367,0,0,369,369,1,1,367.0,0,0,0,1,0,2.5947110652923584,0.033754587173461914,0.0001163482666015625,7.581710815429688e-05,0.00040841102600097656,0.0006225109100341797
368,0,0,370,370,1,1,368.0,0,0,0,1,0,2.5950093269348145,0.034009695053100586,0.00011658668518066406,7.581710815429688e-05,0.00040841102600097656,0.0006237030029296875
369,0,0,371,371,1,1,369.0,0,0,0,1,0,2.595228910446167,0.03420281410217285,0.00011682510375976562,7.581710815429688e-05,0.00040841102600097656,0.0006251335144042969
370,0,0,372,372,1,1,370.0,0,0,0,1,0,2.5954360961914062,0.03438162803649902,0.00011682510375976562,7.581710815429688e-05,0.00040841102600097656,0.0006268024444580078
371,0,0,373,373,1,1,371.0,0,0,0,1,0,2.595630645751953,0.03455305099487305,0.00011730194091796875,7.581710815429688e-05,0.00040841102600097656,0.0006277561187744141
372,0,0,374,374,1,1,372.0,0,0,0,1,0,2.5958917140960693,0.03474783897399902,0.00011754035949707031,7.581710815429688e-05,0.00040841102600097656,0.0006287097930908203
373,0,0,375,375,1,1,373.0,0,0,0,1,0,2.5965330600738525,0.03535604476928711,0.00011777877807617188,7.581710815429688e-05,0.00040841102600097656,0.0006306171417236328
374,0,0,376,376,1,1,374.0,0,0,0,1,0,2.5968236923217773,0.03561544418334961,0.00011873245239257812,7.581710815429688e-05,0.00040841102600097656,0.0006322860717773438
375,0,0,377,377,1,1,375.0,0,0,0,1,0,2.5971572399139404,0.035924673080444336,0.00011897087097167969,7.581710815429688e-05,0.00040841102600097656,0.0006337165832519531
376,0,0,378,378,1,1,376.0,0,0,0,1,0,2.5973775386810303,0.03611946105957031,0.00011920928955078125,7.581710815429688e-05,0.00040841102600097656,0.0006351470947265625
377,0,0,379,379,1,1,377.0,0,0,0,1,0,2.5976030826568604,0.036321401596069336,0.00011944770812988281,7.581710815429688e-05,0.00040841102600097656,0.0006365776062011719
378,0,0,380,380,1,1,378.0,0,0,0,1,0,2.5978403091430664,0.036530256271362305,0.00011968612670898438,7.581710815429688e-05,0.00040841102600097656,0.0006380081176757812
379,0,0,381,381,1,1,379.0,0,0,0,1,0,2.598050355911255,0.03671693801879883,0.0001201629638671875,7.581710815429688e-05,0.00040841102600097656,0.0006394386291503906
380,0,0,382,382,1,1,380.0,0,0,0,1,0,2.598233461380005,0.03687882423400879,0.00012040138244628906,7.581710815429688e-05,0.00040841102600097656,0.0006406307220458984
381,0,0,383,383,1,1,381.0,0,0,0,1,0,2.598451614379883,0.037069082260131836,0.00012063980102539062,7.581710815429688e-05,0.00040841102600097656,0.0006415843963623047
382,0,0,384,384,1,1,382.0,0,0,0,1,0,2.59879732131958,0.03723478317260742,0.00012087821960449219,7.581710815429688e-05,0.00040841102600097656,0.0006427764892578125
383,0,0,385,385,1,1,383.0,0,0,0,1,0,2.5990240573883057,0.03743886947631836,0.00012111663818359375,7.581710815429688e-05,0.00040841102600097656,0.0006437301635742188
384,0,0,386,386,1,1,384.0,0,0,0,1,0,2.5992369651794434,0.03762555122375488,0.00012111663818359375,7.581710815429688e-05,0.00040841102600097656,0.0006451606750488281
385,0,0,387,387,1,1,385.0,0,0,0,1,0,2.599440813064575,0.03780555725097656,0.00012135505676269531,7.581710815429688e-05,0.00040841102600097656,0.0006461143493652344
386,0,0,388,388,1,1,386.0,0,0,0,1,0,2.599640130996704,0.03798031806945801,0.00012183189392089844,7.581710815429688e-05,0.00040841102600097656,0.0006475448608398438
387,0,0,389,389,1,1,387.0,0,0,0,1,0,2.5998382568359375,0.03815460205078125,0.0001220703125,7.581710815429688e-05,0.00040841102600097656,0.0006487369537353516
388,0,0,390,390,1,1,388.0,0,0,0,1,0,2.600038766860962,0.038332223892211914,0.00012230873107910156,7.581710815429688e-05,0.00040841102600097656,0.0006496906280517578
389,0,0,390,390,1,1,377.0,0,0,0,0,0,2.600212335586548,0.038498878479003906,0.00012230873107910156,7.581710815429688e-05,0.00040841102600097656,0.0006506443023681641
390,0,0,391,391,1,1,390.0,0,0,0,1,0,2.600404739379883,0.038666486740112305,0.00012254714965820312,7.581710815429688e-05,0.00040841102600097656,0.0006515979766845703
391,0,0,392,392,1,1,391.0,0,0,0,1,0,2.6006155014038086,0.03885173797607422,0.00012302398681640625,7.581710815429688e-05,0.00040841102600097656,0.0006527900695800781
392,0,0,393,393,1,1,392.0,0,0,0,1,0,2.6008338928222656,0.0390467643737793,0.0001232624053955078,7.581710815429688e-05,0.00040841102600097656,0.0006537437438964844
393,0,0,394,394,1,1,393.0,0,0,0,1,0,2.601018190383911,0.03921079635620117,0.00012373924255371094,7.581710815429688e-05,0.00040841102600097656,0.0006544589996337891
394,0,0,395,395,1,1,394.0,0,0,0,1,0,2.6012418270111084,0.03941035270690918,0.0001239776611328125,7.581710815429688e-05,0.00040841102600097656,0.0006556510925292969
395,0,0,396,396,1,1,395.0,0,0,0,1,0,2.6014249324798584,0.03957080841064453,0.00012421607971191406,7.581710815429688e-05,0.00040841102600097656,0.0006568431854248047
396,0,0,397,397,1,1,396.0,0,0,0,1,0,2.6016221046447754,0.03974556922912598,0.00012445449829101562,7.581710815429688e-05,0.00040841102600097656,0.0006577968597412109
397,0,0,398,398,1,1,397.0,0,0,0,1,0,2.6018247604370117,0.03992605209350586,0.0001246929168701172,7.581710815429688e-05,0.00040841102600097656,0.0006587505340576172
398,0,0,399,399,1,1,398.0,0,0,0,1,0,2.6020076274871826,0.04008793830871582,0.0001251697540283203,7.581710815429688e-05,0.00040841102600097656,0.000659942626953125
399,0,0,400,400,1,1,399.0,0,0,0,1,0,2.6021945476531982,0.040251970291137695,0.00012540817260742188,7.581710815429688e-05,0.00040841102600097656,0.0006608963012695312
400,0,0,401,401,1,1,400.0,0,0,0,1,0,2.602411985397339,0.040435075759887695,0.00012564659118652344,7.581710815429688e-05,0.00040841102600097656,0.0006618499755859375
401,0,0,402,402,1,1,401.0,0,0,0,1,0,2.6026225090026855,0.040616512298583984,0.000125885009765625,7.581710815429688e-05,0.00040841102600097656,0.0006630420684814453
402,0,0,403,403,1,1,402.0,0,0,0,1,0,2.6028387546539307,0.04080557823181152,0.00012636184692382812,7.581710815429688e-05,0.00040841102600097656,0.0006639957427978516
403,0,0,404,404,1,1,403.0,0,0,0,1,0,2.6030447483062744,0.04098701477050781,0.0001266002655029297,7.581710815429688e-05,0.00040841102600097656,0.0006651878356933594
404,0,0,405,405,1,1,404.0,0,0,0,1,0,2.603254556655884,0.041170597076416016,0.00012683868408203125,7.581710815429688e-05,0.00040841102600097656,0.0006661415100097656
405,0,0,406,406,1,1,405.0,0,0,0,1,0,2.6034533977508545,0.041349172592163086,0.0001270771026611328,7.581710815429688e-05,0.00040841102600097656,0.0006670951843261719
406,0,0,407,407,2,1,406.0,0,0,0,1,0,2.603672504425049,0.04154086112976074,0.00012731552124023438,7.581710815429688e-05,0.00040841102600097656,0.0006682872772216797
407,0,0,408,408,1,1,407.0,0,0,0,1,0,2.603877544403076,0.04172325134277344,0.00012755393981933594,7.581710815429688e-05,0.00040841102600097656,0.0006694793701171875
408,0,0,409,409,1,1,408.0,0,0,0,1,0,2.6040778160095215,0.041895151138305664,0.00012803077697753906,7.581710815429688e-05,0.00040841102600097656,0.0006701946258544922
409,0,0,410,410,1,1,409.0,0,0,0,1,0,2.6042890548706055,0.0420832633972168,0.00012826919555664062,7.581710815429688e-05,0.00040841102600097656,0.00067138671875
410,0,0,411,411,1,1,410.0,0,0,0,1,0,2.6044974327087402,0.04227137565612793,0.0001285076141357422,7.581710815429688e-05,0.00040841102600097656,0.0006723403930664062
411,0,0,412,412,1,1,411.0,0,0,0,1,0,2.604701519012451,0.04245448112487793,0.00012922286987304688,7.581710815429688e-05,0.00040841102600097656,0.0006735324859619141
412,0,0,413,413,1,1,412.0,0,0,0,1,0,2.6049766540527344,0.0427088737487793,0.00012946128845214844,7.581710815429688e-05,0.00040841102600097656,0.0006744861602783203
413,0,0,414,414,2,1,413.0,0,0,0,1,0,2.6051878929138184,0.04289531707763672,0.00012969970703125,7.581710815429688e-05,0.00040841102600097656,0.0006756782531738281
414,0,0,415,415,1,1,414.0,0,0,0,1,0,2.605381965637207,0.04306173324584961,0.00013017654418945312,7.581710815429688e-05,0.00040841102600097656,0.0006766319274902344
415,0,0,416,416,1,1,415.0,0,0,0,1,0,2.6056084632873535,0.043262481689453125,0.0001304149627685547,7.581710815429688e-05,0.00040841102600097656,0.0006773471832275391
416,0,0,417,417,1,1,416.0,0,0,0,1,0,2.605790138244629,0.04342007637023926,0.00013065338134765625,7.581710815429688e-05,0.00040841102600097656,0.0006783008575439453
417,0,0,418,418,1,1,417.0,0,0,0,1,0,2.6059603691101074,0.04356575012207031,0.0001308917999267578,7.581710815429688e-05,0.00040841102600097656,0.0006794929504394531
418,0,0,419,419,1,1,418.0,0,0,0,1,0,2.6061630249023438,0.04374289512634277,0.00013136863708496094,7.581710815429688e-05,0.00040841102600097656,0.0006806850433349609
419,0,0,420,420,1,1,419.0,0,0,0,1,0,2.6063857078552246,0.04393815994262695,0.0001316070556640625,7.581710815429688e-05,0.00040841102600097656,0.0006816387176513672
420,0,0,421,421,1,1,420.0,0,0,0,1,0,2.6065943241119385,0.044119834899902344,0.00013184547424316406,7.581710815429688e-05,0.00040841102600097656,0.0006825923919677734
421,0,0,422,422,1,1,421.0,0,0,0,1,0,2.606799602508545,0.04430270195007324,0.00013208389282226562,7.581710815429688e-05,0.00040841102600097656,0.0006835460662841797
422,0,0,423,423,1,1,422.0,0,0,0,1,0,2.6070103645324707,0.04448962211608887,0.0001323223114013672,7.581710815429688e-05,0.00040841102600097656,0.0006847381591796875
423,0,0,424,424,1,1,423.0,0,0,0,1,0,2.6072239875793457,0.04467463493347168,0.00013256072998046875,7.581710815429688e-05,0.00040841102600097656,0.0006856918334960938
424,0,0,425,425,1,1,424.0,0,0,0,1,0,2.6074397563934326,0.04486417770385742,0.0001327991485595703,7.581710815429688e-05,0.00040841102600097656,0.0006868839263916016
425,0,0,426,426,1,1,425.0,0,0,0,1,0,2.607750654220581,0.0451509952545166,0.00013303756713867188,7.581710815429688e-05,0.00040841102600097656,0.0006878376007080078
426,0,0,427,427,1,1,426.0,0,0,0,1,0,2.6081135272979736,0.04542827606201172,0.0001342296600341797,7.581710815429688e-05,0.00040841102600097656,0.0006895065307617188
427,0,0,428,428,1,1,427.0,0,0,0,1,0,2.6084723472595215,0.045746564865112305,0.0001347064971923828,7.581710815429688e-05,0.00040841102600097656,0.0006945133209228516
428,0,0,429,429,1,1,428.0,0,0,0,1,0,2.6088106632232666,0.046047210693359375,0.00013518333435058594,7.581710815429688e-05,0.00040841102600097656,0.0006973743438720703
429,0,0,430,430,1,1,429.0,0,0,0,1,0,2.6093716621398926,0.04653334617614746,0.0001366138458251953,7.581710815429688e-05,0.00040841102600097656,0.0006990432739257812
430,0,0,431,431,1,1,430.0,0,0,0,1,0,2.6099531650543213,0.04705977439880371,0.00013756752014160156,7.581710815429688e-05,0.00040841102600097656,0.000705718994140625
431,0,0,432,432,1,1,431.0,0,0,0,1,0,2.610274076461792,0.04734396934509277,0.00013780593872070312,7.581710815429688e-05,0.00040841102600097656,0.0007088184356689453
432,0,0,433,433,1,1,432.0,0,0,0,1,0,2.6105244159698486,0.047567129135131836,0.0001380443572998047,7.581710815429688e-05,0.00040841102600097656,0.0007100105285644531
433,0,0,434,434,1,1,433.0,0,0,0,1,0,2.610792875289917,0.04781174659729004,0.0001385211944580078,7.581710815429688e-05,0.00040841102600097656,0.0007114410400390625
434,0,0,435,435,1,1,434.0,0,0,0,1,0,2.611084461212158,0.04799985885620117,0.00013899803161621094,7.581710815429688e-05,0.00040841102600097656,0.0007128715515136719
435,0,0,436,436,1,1,435.0,0,0,0,1,0,2.611340284347534,0.04822945594787598,0.0001392364501953125,7.581710815429688e-05,0.00040841102600097656,0.0007150173187255859
436,0,0,437,437,1,1,436.0,0,0,0,1,0,2.611621856689453,0.048474788665771484,0.00013947486877441406,7.581710815429688e-05,0.00040841102600097656,0.0007162094116210938
437,0,0,438,438,1,1,437.0,0,0,0,1,0,2.611867904663086,0.04868197441101074,0.00013971328735351562,7.581710815429688e-05,0.00040841102600097656,0.0007183551788330078
438,0,0,439,439,1,1,438.0,0,0,0,1,0,2.612107276916504,0.0488886833190918,0.0001399517059326172,7.581710815429688e-05,0.00040841102600097656,0.0007197856903076172
439,0,0,440,440,1,1,439.0,0,0,0,1,0,2.61234450340271,0.04909992218017578,0.00014019012451171875,7.581710815429688e-05,0.00040841102600097656,0.0007214546203613281
440,0,0,441,441,1,1,440.0,0,0,0,1,0,2.6125597953796387,0.04929018020629883,0.0001404285430908203,7.581710815429688e-05,0.00040841102600097656,0.0007228851318359375
441,0,0,442,442,1,1,441.0,0,0,0,1,0,2.6128363609313965,0.04953575134277344,0.0001404285430908203,7.581710815429688e-05,0.00040841102600097656,0.000732421875
442,0,0,443,443,1,1,442.0,0,0,0,1,0,2.6130855083465576,0.049762725830078125,0.000141143798828125,7.581710815429688e-05,0.00040841102600097656,0.0007352828979492188
443,0,0,444,444,1,1,443.0,0,0,0,1,0,2.6133265495300293,0.04997706413269043,0.00014138221740722656,7.581710815429688e-05,0.00040841102600097656,0.0007393360137939453
444,0,0,445,445,1,1,444.0,0,0,0,1,0,2.6135830879211426,0.05020761489868164,0.0001418590545654297,7.581710815429688e-05,0.00040841102600097656,0.0007407665252685547
445,0,0,446,446,1,1,445.0,0,0,0,1,0,2.613795042037964,0.050397396087646484,0.00014209747314453125,7.581710815429688e-05,0.00040841102600097656,0.0007421970367431641
446,0,0,447,447,1,1,446.0,0,0,0,1,0,2.6140589714050293,0.05060982704162598,0.00014257431030273438,7.581710815429688e-05,0.00040841102600097656,0.0007436275482177734
447,0,0,448,448,2,1,447.0,0,0,0,1,0,2.6143014430999756,0.05082249641418457,0.00014281272888183594,7.581710815429688e-05,0.00040841102600097656,0.0007452964782714844
448,0,0,449,449,1,1,448.0,0,0,0,1,0,2.614518404006958,0.05101609230041504,0.0001430511474609375,7.581710815429688e-05,0.00040841102600097656,0.0007467269897460938
449,0,0,450,450,1,1,449.0,0,0,0,1,0,2.6147518157958984,0.051225900650024414,0.0001430511474609375,7.581710815429688e-05,0.00040841102600097656,0.0007476806640625
450,0,0,451,451,1,1,450.0,0,0,0,1,0,2.6149988174438477,0.05144524574279785,0.0001430511474609375,7.581710815429688e-05,0.00040841102600097656,0.000751495361328125
451,0,0,452,452,1,1,451.0,0,0,0,1,0,2.6152231693267822,0.05164527893066406,0.00014328956604003906,7.581710815429688e-05,0.00040841102600097656,0.0007524490356445312
452,0,0,453,453,1,1,452.0,0,0,0,1,0,2.615446090698242,0.05184769630432129,0.0001437664031982422,7.581710815429688e-05,0.00040841102600097656,0.0007536411285400391
453,0,0,454,454,1,1,453.0,0,0,0,1,0,2.615701675415039,0.05208301544189453,0.00014400482177734375,7.581710815429688e-05,0.00040841102600097656,0.0007548332214355469
454,0,0,455,455,1,1,454.0,0,0,0,1,0,2.6159520149230957,0.05230879783630371,0.0001442432403564453,7.581710815429688e-05,0.00040841102600097656,0.0007562637329101562
455,0,0,456,456,1,1,455.0,0,0,0,1,0,2.616178274154663,0.052510738372802734,0.00014472007751464844,7.581710815429688e-05,0.00040841102600097656,0.0007572174072265625
456,0,0,457,457,1,1,456.0,0,0,0,1,0,2.616384744644165,0.052680253982543945,0.00014495849609375,7.581710815429688e-05,0.00040841102600097656,0.0007581710815429688
457,0,0,458,458,1,1,457.0,0,0,0,1,0,2.616640090942383,0.05290865898132324,0.00014519691467285156,7.581710815429688e-05,0.00040841102600097656,0.0007593631744384766
458,0,0,459,459,1,1,458.0,0,0,0,1,0,2.616870880126953,0.05311775207519531,0.00014543533325195312,7.581710815429688e-05,0.00040841102600097656,0.0007605552673339844
459,0,0,460,460,1,1,459.0,0,0,0,1,0,2.6171011924743652,0.05332827568054199,0.00014543533325195312,7.581710815429688e-05,0.00040841102600097656,0.0007617473602294922
460,0,0,461,461,1,1,460.0,0,0,0,1,0,2.617342233657837,0.0535433292388916,0.0001456737518310547,7.581710815429688e-05,0.00040841102600097656,0.0007627010345458984
461,0,0,462,462,1,1,461.0,0,0,0,1,0,2.6175875663757324,0.053761959075927734,0.00014591217041015625,7.581710815429688e-05,0.00040841102600097656,0.0007636547088623047
462,0,0,463,463,1,1,462.0,0,0,0,1,0,2.6178414821624756,0.05399179458618164,0.00014638900756835938,7.581710815429688e-05,0.00040841102600097656,0.0007646083831787109
463,0,0,464,464,1,1,463.0,0,0,0,1,0,2.618074417114258,0.05419754981994629,0.0001468658447265625,7.581710815429688e-05,0.00040841102600097656,0.0007655620574951172
464,0,0,465,465,1,1,464.0,0,0,0,1,0,2.618312358856201,0.054410696029663086,0.00014710426330566406,7.581710815429688e-05,0.00040841102600097656,0.000766754150390625
465,0,0,466,466,1,1,465.0,0,0,0,1,0,2.618516206741333,0.05458641052246094,0.00014734268188476562,7.581710815429688e-05,0.00040841102600097656,0.0007677078247070312
466,0,0,467,467,1,1,466.0,0,0,0,1,0,2.618741989135742,0.05479097366333008,0.00014781951904296875,7.581710815429688e-05,0.00040841102600097656,0.0007688999176025391
467,0,0,468,468,1,1,467.0,0,0,0,1,0,2.618967056274414,0.05498766899108887,0.0001480579376220703,7.581710815429688e-05,0.00040841102600097656,0.0007700920104980469
468,0,0,469,469,1,1,468.0,0,0,0,1,0,2.6192080974578857,0.05520224571228027,0.00014829635620117188,7.581710815429688e-05,0.00040841102600097656,0.0007710456848144531
469,0,0,470,470,1,1,469.0,0,0,0,1,0,2.619420289993286,0.055391788482666016,0.00014853477478027344,7.581710815429688e-05,0.00040841102600097656,0.0007722377777099609
470,0,0,471,471,1,1,470.0,0,0,0,1,0,2.6196649074554443,0.05561351776123047,0.000148773193359375,7.581710815429688e-05,0.00040841102600097656,0.0007731914520263672
471,0,0,472,472,1,1,471.0,0,0,0,1,0,2.6199183464050293,0.05584311485290527,0.00014901161193847656,7.581710815429688e-05,0.00040841102600097656,0.0007741451263427734
472,0,0,473,473,1,1,472.0,0,0,0,1,0,2.6201913356781006,0.05605888366699219,0.00014925003051757812,7.581710815429688e-05,0.00040841102600097656,0.0008065700531005859
473,0,0,474,474,1,1,473.0,0,0,0,1,0,2.620431661605835,0.05627751350402832,0.0001494884490966797,7.581710815429688e-05,0.00040841102600097656,0.0008077621459960938
474,0,0,475,475,1,1,474.0,0,0,0,1,0,2.6206815242767334,0.0565030574798584,0.00014972686767578125,7.581710815429688e-05,0.00040841102600097656,0.0008089542388916016
475,0,0,476,476,1,1,475.0,0,0,0,1,0,2.620917320251465,0.056714773178100586,0.00014972686767578125,7.581710815429688e-05,0.00040841102600097656,0.0008099079132080078
476,0,0,477,477,1,1,476.0,0,0,0,1,0,2.621166229248047,0.056940555572509766,0.0001499652862548828,7.581710815429688e-05,0.00040841102600097656,0.0008108615875244141
477,0,0,478,478,1,1,477.0,0,0,0,1,0,2.621394395828247,0.05714297294616699,0.00015020370483398438,7.581710815429688e-05,0.00040841102600097656,0.0008118152618408203
478,0,0,479,479,1,1,478.0,0,0,0,1,0,2.6216468811035156,0.057369232177734375,0.00015044212341308594,7.581710815429688e-05,0.00040841102600097656,0.0008130073547363281
479,0,0,480,480,2,1,479.0,0,0,0,1,0,2.621912717819214,0.05760931968688965,0.0001506805419921875,7.581710815429688e-05,0.00040841102600097656,0.0008139610290527344
480,0,0,481,481,1,1,480.0,0,0,0,1,0,2.622180700302124,0.05785346031188965,0.00015091896057128906,7.581710815429688e-05,0.00040841102600097656,0.0008149147033691406
481,0,0,482,482,1,1,481.0,0,0,0,1,0,2.6224355697631836,0.05807924270629883,0.0001513957977294922,7.581710815429688e-05,0.00040841102600097656,0.0008158683776855469
482,0,0,483,483,1,1,482.0,0,0,0,1,0,2.622680902481079,0.058297157287597656,0.0001518726348876953,7.581710815429688e-05,0.00040841102600097656,0.0008170604705810547
483,0,0,484,484,1,1,483.0,0,0,0,1,0,2.6229310035705566,0.05852508544921875,0.00015234947204589844,7.581710815429688e-05,0.00040841102600097656,0.0008180141448974609
484,0,0,485,485,1,1,484.0,0,0,0,1,0,2.623201608657837,0.05876660346984863,0.000152587890625,7.581710815429688e-05,0.00040841102600097656,0.0008194446563720703
485,0,0,486,486,1,1,485.0,0,0,0,1,0,2.6234519481658936,0.058992624282836914,0.000152587890625,7.581710815429688e-05,0.00040841102600097656,0.0008208751678466797
486,0,0,487,487,1,1,486.0,0,0,0,1,0,2.6237130165100098,0.059232473373413086,0.00015282630920410156,7.581710815429688e-05,0.00040841102600097656,0.0008218288421630859
487,0,0,488,488,1,1,487.0,0,0,0,1,0,2.6239771842956543,0.05947160720825195,0.00015306472778320312,7.581710815429688e-05,0.00040841102600097656,0.0008230209350585938
488,0,0,489,489,1,1,488.0,0,0,0,1,0,2.6242282390594482,0.05969500541687012,0.0001533031463623047,7.581710815429688e-05,0.00040841102600097656,0.0008242130279541016
489,0,0,490,490,1,1,489.0,0,0,0,1,0,2.624535083770752,0.05996131896972656,0.00015401840209960938,7.581710815429688e-05,0.00040841102600097656,0.0008256435394287109
490,0,0,491,491,2,1,490.0,0,0,0,1,0,2.624887466430664,0.06027793884277344,0.0001544952392578125,7.581710815429688e-05,0.00040841102600097656,0.0008285045623779297
491,0,0,492,492,1,1,491.0,0,0,0,1,0,2.625203847885132,0.06056380271911621,0.00015473365783691406,7.581710815429688e-05,0.00040841102600097656,0.0008301734924316406
492,0,0,493,493,1,1,492.0,0,0,0,1,0,2.6258089542388916,0.06107139587402344,0.00015664100646972656,7.581710815429688e-05,0.00040841102600097656,0.00083160400390625
493,0,0,494,494,1,1,493.0,0,0,0,1,0,2.626708507537842,0.06188845634460449,0.00015854835510253906,7.581710815429688e-05,0.00040841102600097656,0.0008399486541748047
494,0,0,495,495,1,1,494.0,0,0,0,1,0,2.62717866897583,0.062317609786987305,0.0001590251922607422,7.581710815429688e-05,0.00040841102600097656,0.0008466243743896484
495,0,0,496,496,1,1,495.0,0,0,0,1,0,2.6275057792663574,0.06261301040649414,0.00015926361083984375,7.581710815429688e-05,0.00040841102600097656,0.0008480548858642578
496,0,0,497,497,1,1,496.0,0,0,0,1,0,2.6278247833251953,0.06290340423583984,0.00015974044799804688,7.581710815429688e-05,0.00040841102600097656,0.0008494853973388672
497,0,0,498,498,1,1,497.0,0,0,0,1,0,2.6280603408813477,0.0631103515625,0.00015974044799804688,7.581710815429688e-05,0.00040841102600097656,0.000850677490234375
498,0,0,499,499,1,1,498.0,0,0,0,1,0,2.628363609313965,0.06338953971862793,0.00016045570373535156,7.581710815429688e-05,0.00040841102600097656,0.0008518695831298828
499,0,0,500,500,1,1,499.0,0,0,0,1,0,2.6286418437957764,0.06363320350646973,0.0001609325408935547,7.581710815429688e-05,0.00040841102600097656,0.0008533000946044922
500,0,0,501,501,1,1,500.0,0,0,0,1,0,2.6289284229278564,0.0638878345489502,0.0001614093780517578,7.581710815429688e-05,0.00040841102600097656,0.0008552074432373047
501,0,0,502,502,1,1,501.0,0,0,0,1,0,2.6292428970336914,0.06416797637939453,0.00016164779663085938,7.581710815429688e-05,0.00040841102600097656,0.0008578300476074219
502,0,0,503,503,1,1,502.0,0,0,0,1,0,2.629498243331909,0.06439566612243652,0.00016188621520996094,7.581710815429688e-05,0.00040841102600097656,0.0008594989776611328
503,0,0,504,504,1,1,503.0,0,0,0,1,0,2.6297945976257324,0.06466317176818848,0.0001621246337890625,7.581710815429688e-05,0.00040841102600097656,0.0008606910705566406
504,0,0,505,505,1,1,504.0,0,0,0,1,0,2.63004732131958,0.06488871574401855,0.00016236305236816406,7.581710815429688e-05,0.00040841102600097656,0.0008618831634521484
505,0,0,506,506,1,1,505.0,0,0,0,1,0,2.630296230316162,0.0651099681854248,0.00016260147094726562,7.581710815429688e-05,0.00040841102600097656,0.0008630752563476562
506,0,0,507,507,1,1,506.0,0,0,0,1,0,2.630547046661377,0.06533694267272949,0.00016260147094726562,7.581710815429688e-05,0.00040841102600097656,0.0008640289306640625
507,0,0,508,508,1,1,507.0,0,0,0,1,0,2.6307859420776367,0.06554818153381348,0.00016307830810546875,7.581710815429688e-05,0.00040841102600097656,0.0008652210235595703
508,0,0,509,509,1,1,508.0,0,0,0,1,0,2.631068468093872,0.06580424308776855,0.00016307830810546875,7.581710815429688e-05,0.00040841102600097656,0.0008661746978759766
509,0,0,510,510,1,1,509.0,0,0,0,1,0,2.631370782852173,0.06608247756958008,0.00016355514526367188,7.581710815429688e-05,0.00040841102600097656,0.0008673667907714844
510,0,0,511,511,1,1,510.0,0,0,0,1,0,2.63163685798645,0.06631994247436523,0.00016379356384277344,7.581710815429688e-05,0.00040841102600097656,0.0008685588836669922
511,0,0,512,512,1,1,511.0,0,0,0,1,0,2.659198760986328,0.0665740966796875,0.00016689300537109375,7.581710815429688e-05,0.00040841102600097656,0.0008697509765625
512,0,0,513,513,1,1,512.0,0,0,0,1,0,2.6603264808654785,0.06758308410644531,0.00016832351684570312,7.581710815429688e-05,0.00040841102600097656,0.0008800029754638672
513,0,0,514,514,1,1,513.0,0,0,0,1,0,2.661378860473633,0.06854248046875,0.00016999244689941406,7.581710815429688e-05,0.00040841102600097656,0.0008873939514160156
514,0,0,515,515,1,1,514.0,0,0,0,1,0,2.662249803543091,0.06932735443115234,0.00017142295837402344,7.581710815429688e-05,0.00040841102600097656,0.0008924007415771484
515,0,0,516,516,1,1,515.0,0,0,0,1,0,2.6626970767974854,0.06972837448120117,0.00017189979553222656,7.581710815429688e-05,0.00040841102600097656,0.0008978843688964844
516,0,0,517,517,1,1,516.0,0,0,0,1,0,2.6630988121032715,0.07009768486022949,0.0001723766326904297,7.581710815429688e-05,0.00040841102600097656,0.0009000301361083984
517,0,0,518,518,1,1,517.0,0,0,0,1,0,2.663390636444092,0.07036113739013672,0.00017261505126953125,7.581710815429688e-05,0.00040841102600097656,0.0009016990661621094
518,0,0,519,519,1,1,518.0,0,0,0,1,0,2.663724899291992,0.0706636905670166,0.00017309188842773438,7.581710815429688e-05,0.00040841102600097656,0.0009031295776367188
519,0,0,520,520,1,1,519.0,0,0,0,1,0,2.6640515327453613,0.07094693183898926,0.00017333030700683594,7.581710815429688e-05,0.00040841102600097656,0.000904083251953125
520,0,0,521,521,1,1,520.0,0,0,0,1,0,2.6644651889801025,0.07131505012512207,0.00017380714416503906,7.581710815429688e-05,0.00040841102600097656,0.0009057521820068359
521,0,0,522,522,1,1,521.0,0,0,0,1,0,2.664914846420288,0.07172250747680664,0.0001742839813232422,7.581710815429688e-05,0.00040841102600097656,0.0009081363677978516
522,0,0,523,523,1,1,522.0,0,0,0,1,0,2.6653642654418945,0.07213068008422852,0.0001747608184814453,7.581710815429688e-05,0.00040841102600097656,0.0009105205535888672
523,0,0,525,525,1,1,127.0,0,0,2,0,0,2.666102170944214,0.07252359390258789,0.00017523765563964844,0.00024247169494628906,0.00043511390686035156,0.0009126663208007812
524,0,0,526,526,1,1,524.0,0,0,0,1,0,2.6664950847625732,0.07288908958435059,0.00017547607421875,0.00024247169494628906,0.00043511390686035156,0.0009145736694335938
525,0,0,526,526,1,1,127.0,0,0,0,0,0,2.6668293476104736,0.07319951057434082,0.0001761913299560547,0.00024247169494628906,0.00043511390686035156,0.0009157657623291016
526,0,0,527,527,1,1,526.0,0,0,0,1,0,2.6672203540802,0.0735471248626709,0.00017642974853515625,0.00024247169494628906,0.00043511390686035156,0.0009171962738037109
527,0,0,528,528,1,1,527.0,0,0,0,1,0,2.6676292419433594,0.07392263412475586,0.00017690658569335938,0.00024247169494628906,0.00043511390686035156,0.0009191036224365234
528,0,0,529,529,1,1,528.0,0,0,0,1,0,2.668064832687378,0.07431745529174805,0.0001773834228515625,0.00024247169494628906,0.00043511390686035156,0.0009210109710693359
529,0,0,530,530,1,1,529.0,0,0,0,1,0,2.668515205383301,0.07473230361938477,0.00017762184143066406,0.00024247169494628906,0.00043511390686035156,0.0009233951568603516
530,0,0,531,531,1,1,530.0,0,0,0,1,0,2.6689565181732178,0.07513213157653809,0.00017786026000976562,0.00024247169494628906,0.00043511390686035156,0.0009253025054931641
531,0,0,532,532,1,1,531.0,0,0,0,1,0,2.6693506240844727,0.0754845142364502,0.0001780986785888672,0.00024247169494628906,0.00043511390686035156,0.0009272098541259766
532,0,0,533,533,1,1,532.0,0,0,0,1,0,2.6696927547454834,0.07579946517944336,0.00017833709716796875,0.00024247169494628906,0.00043511390686035156,0.0009293556213378906
533,0,0,534,534,1,1,533.0,0,0,0,1,0,2.6700990200042725,0.0761709213256836,0.00017881393432617188,0.00024247169494628906,0.00043511390686035156,0.0009305477142333984
534,0,0,535,535,1,1,534.0,0,0,0,1,0,2.6705470085144043,0.07658076286315918,0.000179290771484375,0.00024247169494628906,0.00043511390686035156,0.0009322166442871094
535,0,0,536,536,1,1,535.0,0,0,0,1,0,2.671036958694458,0.07702398300170898,0.00018024444580078125,0.00024247169494628906,0.00043511390686035156,0.0009348392486572266
536,0,0,537,537,1,1,536.0,0,0,0,1,0,2.6715400218963623,0.07746052742004395,0.00018167495727539062,0.00024247169494628906,0.00043511390686035156,0.0009372234344482422
537,0,0,538,538,1,1,537.0,0,0,0,1,0,2.6726200580596924,0.07837367057800293,0.00018405914306640625,0.00024247169494628906,0.00043511390686035156,0.0009417533874511719
538,0,0,539,539,1,1,538.0,0,0,0,1,0,2.6736795902252197,0.07932281494140625,0.00018644332885742188,0.00024247169494628906,0.00043511390686035156,0.0009503364562988281
539,0,0,540,540,1,1,539.0,0,0,0,1,0,2.6746811866760254,0.08019804954528809,0.00018906593322753906,0.00024247169494628906,0.00043511390686035156,0.0009589195251464844
540,0,0,541,541,1,1,540.0,0,0,0,1,0,2.6760306358337402,0.08129239082336426,0.0001914501190185547,0.00024247169494628906,0.00043511390686035156,0.0009677410125732422
541,0,0,542,542,1,1,541.0,0,0,0,1,0,2.677438735961914,0.08256411552429199,0.00019407272338867188,0.00024247169494628906,0.00043511390686035156,0.0009768009185791016
542,0,0,543,543,1,1,542.0,0,0,0,1,0,2.6784772872924805,0.08350777626037598,0.00019598007202148438,0.00024247169494628906,0.00043511390686035156,0.0009865760803222656
543,0,0,544,544,1,1,543.0,0,0,0,1,0,2.6790077686309814,0.0839989185333252,0.00019621849060058594,0.00024247169494628906,0.00043511390686035156,0.0009937286376953125
544,0,0,545,545,1,1,544.0,0,0,0,1,0,2.679385185241699,0.08434486389160156,0.0001964569091796875,0.00024247169494628906,0.00043511390686035156,0.0009949207305908203
545,0,0,546,546,1,1,545.0,0,0,0,1,0,2.6796891689300537,0.08461999893188477,0.00019669532775878906,0.00024247169494628906,0.00043511390686035156,0.0009963512420654297
546,0,0,547,547,1,1,546.0,0,0,0,1,0,2.6800436973571777,0.08494877815246582,0.00019693374633789062,0.00024247169494628906,0.00043511390686035156,0.000997781753540039
547,0,0,548,548,1,1,547.0,0,0,0,1,0,2.6803014278411865,0.08517694473266602,0.0001971721649169922,0.00024247169494628906,0.00043511390686035156,0.00099945068359375
548,0,0,549,549,1,1,548.0,0,0,0,1,0,2.6806390285491943,0.08548521995544434,0.0001976490020751953,0.00024247169494628906,0.00043511390686035156,0.0010006427764892578
549,0,0,550,550,1,1,549.0,0,0,0,1,0,2.680961847305298,0.08578181266784668,0.00019812583923339844,0.00024247169494628906,0.00043511390686035156,0.0010020732879638672
550,0,0,551,551,1,1,550.0,0,0,0,1,0,2.6812431812286377,0.08603739738464355,0.0001983642578125,0.00024247169494628906,0.00043511390686035156,0.001003265380859375
551,0,0,552,552,1,1,551.0,0,0,0,1,0,2.68159818649292,0.08635830879211426,0.00019884109497070312,0.00024247169494628906,0.00043511390686035156,0.0010042190551757812
552,0,0,553,554,1,1,326.0,0,0,1,0,0,2.6833412647247314,0.08667755126953125,0.00019979476928710938,0.001489400863647461,0.000457763671875,0.0010058879852294922
553,0,0,554,555,1,1,553.0,0,0,0,1,0,2.6839356422424316,0.08722805976867676,0.0002002716064453125,0.001489400863647461,0.000457763671875,0.0010099411010742188
554,0,0,555,556,1,1,554.0,0,0,0,1,0,2.6843807697296143,0.08764433860778809,0.00020051002502441406,0.001489400863647461,0.000457763671875,0.0010111331939697266
555,0,0,556,557,1,1,555.0,0,0,0,1,0,2.6847074031829834,0.08794498443603516,0.0002009868621826172,0.001489400863647461,0.000457763671875,0.0010123252868652344
556,0,0,557,558,1,1,556.0,0,0,0,1,0,2.684999942779541,0.08820748329162598,0.00020122528076171875,0.001489400863647461,0.000457763671875,0.0010132789611816406
557,0,0,558,559,1,1,557.0,0,0,0,1,0,2.685325860977173,0.08850598335266113,0.0002014636993408203,0.001489400863647461,0.000457763671875,0.0010142326354980469
558,0,0,559,560,1,1,558.0,0,0,0,1,0,2.68564772605896,0.08880114555358887,0.0002014636993408203,0.001489400863647461,0.000457763671875,0.0010154247283935547
559,0,0,560,561,1,1,559.0,0,0,0,1,0,2.685987710952759,0.0891106128692627,0.00020170211791992188,0.001489400863647461,0.000457763671875,0.0010166168212890625
560,0,0,561,562,1,1,560.0,0,0,0,1,0,2.6863315105438232,0.08942031860351562,0.00020194053649902344,0.001489400863647461,0.000457763671875,0.0010175704956054688
561,0,0,562,563,1,1,561.0,0,0,0,1,0,2.6867599487304688,0.08980536460876465,0.00020265579223632812,0.001489400863647461,0.000457763671875,0.001018524169921875
562,0,0,563,564,1,1,562.0,0,0,0,1,0,2.6871039867401123,0.0901181697845459,0.0002028942108154297,0.001489400863647461,0.000457763671875,0.0010211467742919922
563,0,0,564,565,1,1,563.0,0,0,0,1,0,2.6874053478240967,0.09038591384887695,0.00020360946655273438,0.001489400863647461,0.000457763671875,0.0010228157043457031
564,0,0,565,566,1,1,564.0,0,0,0,1,0,2.687798261642456,0.09075069427490234,0.00020384788513183594,0.001489400863647461,0.000457763671875,0.001024007797241211
565,0,0,566,567,1,1,565.0,0,0,0,1,0,2.688074827194214,0.0910024642944336,0.00020456314086914062,0.001489400863647461,0.000457763671875,0.0010254383087158203
566,0,0,567,568,1,1,566.0,0,0,0,1,0,2.6884405612945557,0.09133434295654297,0.0002048015594482422,0.001489400863647461,0.000457763671875,0.0010266304016113281
567,0,0,568,569,1,1,567.0,0,0,0,1,0,2.688706159591675,0.09157419204711914,0.00020503997802734375,0.001489400863647461,0.000457763671875,0.0010280609130859375
568,0,0,569,570,1,1,568.0,0,0,0,1,0,2.689054489135742,0.09189462661743164,0.0002052783966064453,0.001489400863647461,0.000457763671875,0.0010294914245605469
569,0,0,570,571,1,1,569.0,0,0,0,1,0,2.689393997192383,0.0922086238861084,0.00020575523376464844,0.001489400863647461,0.000457763671875,0.0010304450988769531
570,0,0,571,572,2,1,570.0,0,0,0,1,0,2.6897053718566895,0.09248685836791992,0.00020599365234375,0.001489400863647461,0.000457763671875,0.0010313987731933594
571,0,0,572,573,1,1,571.0,0,0,0,1,0,2.690023899078369,0.09277987480163574,0.00020623207092285156,0.001489400863647461,0.000457763671875,0.0010325908660888672
572,0,0,573,574,1,1,572.0,0,0,0,1,0,2.690328359603882,0.09305715560913086,0.00020647048950195312,0.001489400863647461,0.000457763671875,0.001033782958984375
573,0,0,574,575,1,1,573.0,0,0,0,1,0,2.6905744075775146,0.0932765007019043,0.0002067089080810547,0.001489400863647461,0.000457763671875,0.0010352134704589844
574,0,0,575,576,1,1,574.0,0,0,0,1,0,2.690859794616699,0.09353065490722656,0.00020694732666015625,0.001489400863647461,0.000457763671875,0.0010364055633544922
575,0,0,576,577,1,1,575.0,0,0,0,1,0,2.6912500858306885,0.09388041496276855,0.00020742416381835938,0.001489400863647461,0.000457763671875,0.0010373592376708984
576,0,0,577,578,1,1,576.0,0,0,0,1,0,2.691972017288208,0.09450888633728027,0.00020956993103027344,0.001489400863647461,0.000457763671875,0.0010395050048828125
577,0,0,578,579,1,1,577.0,0,0,0,1,0,2.693241596221924,0.09565877914428711,0.00021147727966308594,0.001489400863647461,0.000457763671875,0.0010471343994140625
578,0,0,579,580,1,1,578.0,0,0,0,1,0,2.694423198699951,0.09674715995788574,0.000213623046875,0.001489400863647461,0.000457763671875,0.0010554790496826172
579,0,0,580,581,1,1,579.0,0,0,0,1,0,2.695552349090576,0.09776639938354492,0.00021648406982421875,0.001489400863647461,0.000457763671875,0.001062631607055664
580,0,0,581,582,1,1,580.0,0,0,0,1,0,2.6967227458953857,0.09883832931518555,0.00021886825561523438,0.001489400863647461,0.000457763671875,0.0010709762573242188
581,0,0,582,583,1,1,581.0,0,0,0,1,0,2.6979024410247803,0.09991860389709473,0.00022101402282714844,0.001489400863647461,0.000457763671875,0.001077413558959961
582,0,0,583,584,1,1,582.0,0,0,0,1,0,2.699042797088623,0.10097599029541016,0.00022220611572265625,0.001489400863647461,0.000457763671875,0.001085042953491211
583,0,0,584,585,1,1,583.0,0,0,0,1,0,2.6997323036193848,0.1016228199005127,0.00022268295288085938,0.001489400863647461,0.000457763671875,0.0010900497436523438
584,0,0,585,586,1,1,584.0,0,0,0,1,0,2.700098991394043,0.10196065902709961,0.00022292137145996094,0.001489400863647461,0.000457763671875,0.0010917186737060547
585,0,0,586,587,1,1,585.0,0,0,0,1,0,2.7004032135009766,0.10223078727722168,0.0002231597900390625,0.001489400863647461,0.000457763671875,0.0010933876037597656
586,0,0,587,588,1,1,586.0,0,0,0,1,0,2.700815439224243,0.10261845588684082,0.00022363662719726562,0.001489400863647461,0.000457763671875,0.0010945796966552734
587,0,0,588,590,1,1,89.0,0,0,1,0,0,2.701406717300415,0.1029047966003418,0.00022411346435546875,0.0016400814056396484,0.0004839897155761719,0.0010957717895507812
588,0,0,589,591,1,1,588.0,0,0,0,1,0,2.701759099960327,0.10322141647338867,0.0002243518829345703,0.0016400814056396484,0.0004839897155761719,0.0010974407196044922
589,0,0,590,592,1,1,589.0,0,0,0,1,0,2.7021119594573975,0.10354948043823242,0.00022459030151367188,0.0016400814056396484,0.0004839897155761719,0.0010986328125
590,0,0,591,593,1,1,590.0,0,0,0,1,0,2.7024855613708496,0.10389494895935059,0.000225067138671875,0.0016400814056396484,0.0004839897155761719,0.0011000633239746094
591,0,0,592,594,1,1,591.0,0,0,0,1,0,2.7029829025268555,0.10434269905090332,0.00022602081298828125,0.0016400814056396484,0.0004839897155761719,0.0011012554168701172
592,0,0,593,595,1,1,592.0,0,0,0,1,0,2.7034528255462646,0.10476875305175781,0.0002262592315673828,0.0016400814056396484,0.0004839897155761719,0.0011053085327148438
593,0,0,594,597,1,1,276.0,0,0,1,0,0,2.7041175365448,0.10513949394226074,0.00022673606872558594,0.0018031597137451172,0.0005035400390625,0.0011065006256103516
594,0,0,595,598,1,1,594.0,0,0,0,1,0,2.704500913619995,0.10549378395080566,0.0002269744873046875,0.0018031597137451172,0.0005035400390625,0.001107931137084961
595,0,0,596,599,1,1,595.0,0,0,0,1,0,2.704907178878784,0.10587239265441895,0.00022721290588378906,0.0018031597137451172,0.0005035400390625,0.0011093616485595703
596,0,0,597,600,1,1,596.0,0,0,0,1,0,2.7052323818206787,0.10616707801818848,0.00022745132446289062,0.0018031597137451172,0.0005035400390625,0.0011107921600341797
597,0,0,598,601,1,1,597.0,0,0,0,1,0,2.7055580615997314,0.10646319389343262,0.0002281665802001953,0.0018031597137451172,0.0005035400390625,0.001112222671508789
598,0,0,599,602,1,1,598.0,0,0,0,1,0,2.70589542388916,0.10676836967468262,0.00022840499877929688,0.0018031597137451172,0.0005035400390625,0.0011136531829833984
599,0,0,600,603,1,1,599.0,0,0,0,1,0,2.706211805343628,0.10705757141113281,0.00022864341735839844,0.0018031597137451172,0.0005035400390625,0.0011150836944580078
600,0,0,601,604,1,1,600.0,0,0,0,1,0,2.7065320014953613,0.10735321044921875,0.0002288818359375,0.0018031597137451172,0.0005035400390625,0.0011162757873535156
601,0,0,602,605,1,1,601.0,0,0,0,1,0,2.706883430480957,0.10767912864685059,0.00022912025451660156,0.0018031597137451172,0.0005035400390625,0.001117706298828125
602,0,0,603,606,1,1,602.0,0,0,0,1,0,2.707249879837036,0.1080174446105957,0.00022935867309570312,0.0018031597137451172,0.0005035400390625,0.0011188983917236328
603,0,0,604,607,1,1,603.0,0,0,0,1,0,2.7076265811920166,0.10836338996887207,0.0002295970916748047,0.0018031597137451172,0.0005035400390625,0.0011203289031982422
604,0,0,605,608,1,1,604.0,0,0,0,1,0,2.7084271907806396,0.10906100273132324,0.0002315044403076172,0.0018031597137451172,0.0005035400390625,0.00112152099609375
605,0,0,606,609,1,1,605.0,0,0,0,1,0,2.7096285820007324,0.11016416549682617,0.00023293495178222656,0.0018031597137451172,0.0005035400390625,0.0011296272277832031
606,0,0,607,610,1,1,606.0,0,0,0,1,0,2.710841655731201,0.11128878593444824,0.00023555755615234375,0.0018031597137451172,0.0005035400390625,0.0011358261108398438
607,0,0,608,611,1,1,607.0,0,0,0,1,0,2.712003469467163,0.11235237121582031,0.0002372264862060547,0.0018031597137451172,0.0005035400390625,0.0011420249938964844
608,0,0,609,612,1,1,608.0,0,0,0,1,0,2.712761402130127,0.11306047439575195,0.0002377033233642578,0.0018031597137451172,0.0005035400390625,0.0011496543884277344
609,0,0,610,613,1,1,609.0,0,0,0,1,0,2.7132067680358887,0.11347603797912598,0.00023794174194335938,0.0018031597137451172,0.0005035400390625,0.0011513233184814453
610,0,0,611,614,1,1,610.0,0,0,0,1,0,2.713665008544922,0.1139066219329834,0.00023818016052246094,0.0018031597137451172,0.0005035400390625,0.0011529922485351562
611,0,0,612,615,1,1,611.0,0,0,0,1,0,2.7139992713928223,0.11421346664428711,0.0002384185791015625,0.0018031597137451172,0.0005035400390625,0.001154184341430664
612,0,0,614,617,1,1,58.0,0,0,2,0,0,2.7146923542022705,0.11455821990966797,0.00023865699768066406,0.0020067691802978516,0.0005245208740234375,0.0011553764343261719
613,0,0,615,618,1,1,613.0,0,0,0,1,0,2.715076208114624,0.11490631103515625,0.0002391338348388672,0.0020067691802978516,0.0005245208740234375,0.0011572837829589844
614,0,0,616,619,1,1,614.0,0,0,0,1,0,2.7154343128204346,0.1152350902557373,0.00023937225341796875,0.0020067691802978516,0.0005245208740234375,0.0011582374572753906
615,0,0,617,620,1,1,615.0,0,0,0,1,0,2.7157607078552246,0.11553096771240234,0.0002396106719970703,0.0020067691802978516,0.0005245208740234375,0.0011594295501708984
616,0,0,618,621,1,1,616.0,0,0,0,1,0,2.716092586517334,0.11583423614501953,0.00023984909057617188,0.0020067691802978516,0.0005245208740234375,0.0011606216430664062
617,0,0,619,622,1,1,617.0,0,0,0,1,0,2.7164316177368164,0.11614823341369629,0.00024008750915527344,0.0020067691802978516,0.0005245208740234375,0.001161813735961914
618,0,0,620,623,1,1,618.0,0,0,0,1,0,2.7168164253234863,0.1165010929107666,0.000240325927734375,0.0020067691802978516,0.0005245208740234375,0.001163482666015625
619,0,0,621,624,1,1,619.0,0,0,0,1,0,2.717130422592163,0.1167898178100586,0.00024056434631347656,0.0020067691802978516,0.0005245208740234375,0.0011644363403320312
620,0,0,622,625,1,1,620.0,0,0,0,1,0,2.717440605163574,0.11707496643066406,0.00024080276489257812,0.0020067691802978516,0.0005245208740234375,0.0011661052703857422
621,0,0,623,626,1,1,621.0,0,0,0,1,0,2.7178127765655518,0.11741781234741211,0.00024127960205078125,0.0020067691802978516,0.0005245208740234375,0.0011675357818603516
622,0,0,624,627,1,1,622.0,0,0,0,1,0,2.7181434631347656,0.1177217960357666,0.00024175643920898438,0.0020067691802978516,0.0005245208740234375,0.0011684894561767578
623,0,0,625,628,1,1,623.0,0,0,0,1,0,2.7190654277801514,0.11854720115661621,0.00024318695068359375,0.0020067691802978516,0.0005245208740234375,0.0011696815490722656
624,0,0,627,630,1,1,584.0,0,0,2,0,0,2.7204508781433105,0.11945247650146484,0.000244140625,0.002258777618408203,0.0005512237548828125,0.0011758804321289062
625,0,0,628,631,1,1,625.0,0,0,0,1,0,2.721144914627075,0.12009048461914062,0.0002448558807373047,0.002258777618408203,0.0005512237548828125,0.0011806488037109375
626,0,0,630,633,1,1,581.0,0,0,2,0,0,2.7219772338867188,0.12054061889648438,0.0002455711364746094,0.002496480941772461,0.0005700588226318359,0.0011827945709228516
627,0,0,631,634,1,1,627.0,0,0,0,1,0,2.7226011753082275,0.12111735343933105,0.0002460479736328125,0.002496480941772461,0.0005700588226318359,0.0011861324310302734
628,0,0,631,634,2,2,603.5,0,0,0,0,0,2.723017454147339,0.12152290344238281,0.00024628639221191406,0.002496480941772461,0.0005700588226318359,0.0011878013610839844
629,0,0,632,635,1,1,629.0,0,0,0,1,0,2.7234251499176025,0.12189745903015137,0.0002465248107910156,0.002496480941772461,0.0005700588226318359,0.0011892318725585938
630,0,0,633,636,1,1,630.0,0,0,0,1,0,2.723768949508667,0.12221336364746094,0.0002467632293701172,0.002496480941772461,0.0005700588226318359,0.001190185546875
631,0,0,634,637,1,1,631.0,0,0,0,1,0,2.7242379188537598,0.12264776229858398,0.0002474784851074219,0.002496480941772461,0.0005700588226318359,0.0011913776397705078
632,0,0,635,638,1,1,632.0,0,0,0,1,0,2.725038766860962,0.12336277961730957,0.0002498626708984375,0.002496480941772461,0.0005700588226318359,0.0011932849884033203
633,0,0,636,639,1,1,633.0,0,0,0,1,0,2.726365804672241,0.12458634376525879,0.0002512931823730469,0.002496480941772461,0.0005700588226318359,0.0012001991271972656
634,0,0,637,640,1,1,634.0,0,0,0,1,0,2.727674961090088,0.12578511238098145,0.00025343894958496094,0.002496480941772461,0.0005700588226318359,0.0012061595916748047
635,0,0,638,641,1,1,635.0,0,0,0,1,0,2.728839635848999,0.1268608570098877,0.0002551078796386719,0.002496480941772461,0.0005700588226318359,0.0012149810791015625
636,0,0,639,643,1,1,92.0,0,0,1,0,0,2.729727268218994,0.1274580955505371,0.0002560615539550781,0.002636432647705078,0.0005922317504882812,0.0012204647064208984
637,0,0,640,644,1,1,637.0,0,0,0,1,0,2.730319023132324,0.12800097465515137,0.0002562999725341797,0.002636432647705078,0.0005922317504882812,0.001222848892211914
638,0,0,641,645,1,1,638.0,0,0,0,1,0,2.730703115463257,0.1283562183380127,0.00025653839111328125,0.002636432647705078,0.0005922317504882812,0.0012247562408447266
639,0,0,642,646,1,1,639.0,0,0,0,1,0,2.7310831546783447,0.1287097930908203,0.0002567768096923828,0.002636432647705078,0.0005922317504882812,0.0012264251708984375
640,0,0,643,647,1,1,640.0,0,0,0,1,0,2.731489658355713,0.12908506393432617,0.0002570152282714844,0.002636432647705078,0.0005922317504882812,0.0012273788452148438
641,0,0,644,648,1,1,641.0,0,0,0,1,0,2.73188853263855,0.1294553279876709,0.00025725364685058594,0.002636432647705078,0.0005922317504882812,0.0012285709381103516
642,0,0,645,649,1,1,642.0,0,0,0,1,0,2.7325432300567627,0.12975335121154785,0.0002574920654296875,0.002636432647705078,0.0005922317504882812,0.0012297630310058594
643,0,0,646,650,1,1,643.0,0,0,0,1,0,2.732912540435791,0.13009095191955566,0.00025773048400878906,0.002636432647705078,0.0005922317504882812,0.0012311935424804688
644,0,0,647,651,1,1,644.0,0,0,0,1,0,2.7333052158355713,0.13046002388000488,0.0002579689025878906,0.002636432647705078,0.0005922317504882812,0.0012328624725341797
645,0,0,648,652,1,1,645.0,0,0,0,1,0,2.733703136444092,0.13083171844482422,0.0002582073211669922,0.002636432647705078,0.0005922317504882812,0.0012340545654296875
646,0,0,649,653,1,1,646.0,0,0,0,1,0,2.7341091632843018,0.13121294975280762,0.00025844573974609375,0.002636432647705078,0.0005922317504882812,0.0012352466583251953
647,0,0,650,654,1,1,647.0,0,0,0,1,0,2.7347545623779297,0.1317915916442871,0.0002593994140625,0.002636432647705078,0.0005922317504882812,0.0012366771697998047
648,0,0,651,655,2,1,648.0,0,0,0,1,0,2.7358529567718506,0.13278889656066895,0.00026035308837890625,0.002636432647705078,0.0005922317504882812,0.0012412071228027344
649,0,0,652,656,1,1,649.0,0,0,0,1,0,2.736703634262085,0.1335887908935547,0.00026106834411621094,0.002636432647705078,0.0005922317504882812,0.0012464523315429688
650,0,0,653,657,1,1,650.0,0,0,0,1,0,2.7371041774749756,0.13396072387695312,0.0002613067626953125,0.002636432647705078,0.0005922317504882812,0.0012497901916503906
651,0,0,654,658,1,1,651.0,0,0,0,1,0,2.7374813556671143,0.1343066692352295,0.00026154518127441406,0.002636432647705078,0.0005922317504882812,0.0012509822845458984
652,0,0,655,659,1,1,652.0,0,0,0,1,0,2.7378363609313965,0.13463807106018066,0.0002620220184326172,0.002636432647705078,0.0005922317504882812,0.0012521743774414062
653,0,0,656,660,1,1,653.0,0,0,0,1,0,2.738185405731201,0.1349623203277588,0.00026226043701171875,0.002636432647705078,0.0005922317504882812,0.001253366470336914
654,0,0,657,661,1,1,654.0,0,0,0,1,0,2.7385127544403076,0.13526368141174316,0.0002624988555908203,0.002636432647705078,0.0005922317504882812,0.001255035400390625
655,0,0,658,662,1,1,655.0,0,0,0,1,0,2.73884916305542,0.13557696342468262,0.0002627372741699219,0.002636432647705078,0.0005922317504882812,0.0012562274932861328
656,0,0,659,663,1,1,656.0,0,0,0,1,0,2.739154815673828,0.135847806930542,0.00026297569274902344,0.002636432647705078,0.0005922317504882812,0.0012574195861816406
657,0,0,660,664,1,1,657.0,0,0,0,1,0,2.7395081520080566,0.13617658615112305,0.000263214111328125,0.002636432647705078,0.0005922317504882812,0.0012586116790771484
658,0,0,661,665,1,1,658.0,0,0,0,1,0,2.7398669719696045,0.13651609420776367,0.00026345252990722656,0.002636432647705078,0.0005922317504882812,0.0012600421905517578
659,0,0,662,666,1,1,659.0,0,0,0,1,0,2.7402288913726807,0.13685107231140137,0.0002636909484863281,0.002636432647705078,0.0005922317504882812,0.0012612342834472656
660,0,0,663,667,1,1,660.0,0,0,0,1,0,2.740544080734253,0.13714122772216797,0.00026416778564453125,0.002636432647705078,0.0005922317504882812,0.001262664794921875
661,0,0,664,668,1,1,661.0,0,0,0,1,0,2.740872859954834,0.13744521141052246,0.0002644062042236328,0.002636432647705078,0.0005922317504882812,0.0012638568878173828
662,0,0,665,669,2,1,662.0,0,0,0,1,0,2.7412397861480713,0.1377854347229004,0.0002646446228027344,0.002636432647705078,0.0005922317504882812,0.0012650489807128906
663,0,0,666,670,1,1,663.0,0,0,0,1,0,2.7417314052581787,0.13822245597839355,0.0002655982971191406,0.002636432647705078,0.0005922317504882812,0.0012671947479248047
664,0,0,668,672,2,2,396.0,0,0,2,0,0,2.7432901859283447,0.13923859596252441,0.00026679039001464844,0.002954721450805664,0.0006246566772460938,0.0012705326080322266
665,0,0,669,673,1,1,665.0,0,0,0,1,0,2.7442145347595215,0.1401076316833496,0.00026726722717285156,0.002954721450805664,0.0006246566772460938,0.0012753009796142578
666,0,0,670,674,1,1,666.0,0,0,0,1,0,2.7446930408477783,0.14055848121643066,0.0002675056457519531,0.002954721450805664,0.0006246566772460938,0.0012769699096679688
667,0,0,671,675,1,1,667.0,0,0,0,1,0,2.7450616359710693,0.14089393615722656,0.00026798248291015625,0.002954721450805664,0.0006246566772460938,0.0012781620025634766
668,0,0,672,676,1,1,668.0,0,0,0,1,0,2.745476722717285,0.141279935836792,0.0002682209014892578,0.002954721450805664,0.0006246566772460938,0.001280069351196289
669,0,0,673,677,1,1,669.0,0,0,0,1,0,2.7458508014678955,0.14160752296447754,0.0002684593200683594,0.002954721450805664,0.0006246566772460938,0.0012812614440917969
670,0,0,674,678,1,1,670.0,0,0,0,1,0,2.746243476867676,0.14197421073913574,0.00026869773864746094,0.002954721450805664,0.0006246566772460938,0.0012824535369873047
671,0,0,675,679,1,1,671.0,0,0,0,1,0,2.74658203125,0.1422863006591797,0.00026869773864746094,0.002954721450805664,0.0006246566772460938,0.0012836456298828125
672,0,0,676,680,1,1,672.0,0,0,0,1,0,2.7469468116760254,0.1426255702972412,0.0002689361572265625,0.002954721450805664,0.0006246566772460938,0.0012853145599365234
673,0,0,677,681,1,1,673.0,0,0,0,1,0,2.747293710708618,0.14294862747192383,0.00026917457580566406,0.002954721450805664,0.0006246566772460938,0.0012867450714111328
674,0,0,678,682,1,1,674.0,0,0,0,1,0,2.747697591781616,0.1433258056640625,0.00026917457580566406,0.002954721450805664,0.0006246566772460938,0.0012884140014648438
675,0,0,679,683,1,1,675.0,0,0,0,1,0,2.7480592727661133,0.14366364479064941,0.0002694129943847656,0.002954721450805664,0.0006246566772460938,0.0012898445129394531
676,0,0,680,684,1,1,676.0,0,0,0,1,0,2.7484209537506104,0.14399504661560059,0.0002696514129638672,0.002954721450805664,0.0006246566772460938,0.0012912750244140625
677,0,0,681,685,1,1,677.0,0,0,0,1,0,2.7488067150115967,0.14435839653015137,0.00026988983154296875,0.002954721450805664,0.0006246566772460938,0.0012922286987304688
678,0,0,682,686,1,1,678.0,0,0,0,1,0,2.7491354942321777,0.14466214179992676,0.0002701282501220703,0.002954721450805664,0.0006246566772460938,0.001293182373046875
679,0,0,683,687,1,1,679.0,0,0,0,1,0,2.7495203018188477,0.14501547813415527,0.0002703666687011719,0.002954721450805664,0.0006246566772460938,0.0012943744659423828
680,0,0,684,688,1,1,680.0,0,0,0,1,0,2.7498281002044678,0.1452951431274414,0.00027060508728027344,0.002954721450805664,0.0006246566772460938,0.0012962818145751953
681,0,0,685,689,1,1,681.0,0,0,0,1,0,2.750181198120117,0.14562439918518066,0.00027108192443847656,0.002954721450805664,0.0006246566772460938,0.0012977123260498047
682,0,0,686,690,1,1,682.0,0,0,0,1,0,2.751075506210327,0.14643383026123047,0.00027251243591308594,0.002954721450805664,0.0006246566772460938,0.0012989044189453125
683,0,0,688,692,1,1,33.0,0,0,2,0,0,2.7521183490753174,0.14705371856689453,0.00027251243591308594,0.0031905174255371094,0.0006434917449951172,0.0013575553894042969
684,0,0,689,693,1,1,684.0,0,0,0,1,0,2.7524752616882324,0.14737939834594727,0.0002727508544921875,0.0031905174255371094,0.0006434917449951172,0.0013589859008789062
685,0,0,690,694,1,1,685.0,0,0,0,1,0,2.7528553009033203,0.14773130416870117,0.0002727508544921875,0.0031905174255371094,0.0006434917449951172,0.001360177993774414
686,0,0,692,696,2,2,325.0,0,0,2,0,0,2.7534430027008057,0.1480712890625,0.00027298927307128906,0.0033452510833740234,0.0006518363952636719,0.0013611316680908203
687,0,0,693,697,1,1,687.0,0,0,0,1,0,2.7538344860076904,0.14843487739562988,0.0002734661102294922,0.0033452510833740234,0.0006518363952636719,0.0013625621795654297
688,0,0,694,698,1,1,688.0,0,0,0,1,0,2.754201650619507,0.14877939224243164,0.0002739429473876953,0.0033452510833740234,0.0006518363952636719,0.001363992691040039
689,0,0,695,699,1,1,689.0,0,0,0,1,0,2.75459361076355,0.14914894104003906,0.00027441978454589844,0.0033452510833740234,0.0006518363952636719,0.0013651847839355469
690,0,0,696,700,1,1,690.0,0,0,0,1,0,2.7549967765808105,0.1495218276977539,0.00027489662170410156,0.0033452510833740234,0.0006518363952636719,0.0013661384582519531
691,0,0,697,701,1,1,691.0,0,0,0,1,0,2.7553789615631104,0.14987635612487793,0.0002751350402832031,0.0033452510833740234,0.0006518363952636719,0.001367330551147461
692,0,0,698,702,1,1,692.0,0,0,0,1,0,2.7559814453125,0.15044689178466797,0.00027561187744140625,0.0033452510833740234,0.0006518363952636719,0.0013685226440429688
693,0,0,699,703,1,1,693.0,0,0,0,1,0,2.756377696990967,0.15080833435058594,0.0002758502960205078,0.0033452510833740234,0.0006518363952636719,0.0013701915740966797
694,0,0,700,704,1,1,694.0,0,0,0,1,0,2.7567272186279297,0.15113186836242676,0.0002760887145996094,0.0033452510833740234,0.0006518363952636719,0.0013713836669921875
695,0,0,701,705,1,1,695.0,0,0,0,1,0,2.757063150405884,0.15144705772399902,0.00027632713317871094,0.0033452510833740234,0.0006518363952636719,0.0013728141784667969
696,0,0,702,706,1,1,696.0,0,0,0,1,0,2.7573955059051514,0.15175604820251465,0.0002765655517578125,0.0033452510833740234,0.0006518363952636719,0.0013742446899414062
697,0,0,703,707,1,1,697.0,0,0,0,1,0,2.7577965259552,0.15213274955749512,0.00027680397033691406,0.0033452510833740234,0.0006518363952636719,0.0013751983642578125
698,0,0,704,708,1,1,698.0,0,0,0,1,0,2.758235454559326,0.15253520011901855,0.00027751922607421875,0.0033452510833740234,0.0006518363952636719,0.0013768672943115234
699,0,0,705,709,1,1,699.0,0,0,0,1,0,2.7591392993927,0.1533527374267578,0.0002796649932861328,0.0033452510833740234,0.0006518363952636719,0.0013797283172607422
700,0,0,706,710,1,1,700.0,0,0,0,1,0,2.7603864669799805,0.15451431274414062,0.00028061866760253906,0.0033452510833740234,0.0006518363952636719,0.0013873577117919922
701,0,0,707,711,1,1,701.0,0,0,0,1,0,2.760955810546875,0.15504670143127441,0.0002810955047607422,0.0033452510833740234,0.0006518363952636719,0.0013928413391113281
702,0,0,708,712,1,1,702.0,0,0,0,1,0,2.761380672454834,0.15544581413269043,0.00028133392333984375,0.0033452510833740234,0.0006518363952636719,0.001394510269165039
703,0,0,709,713,1,1,703.0,0,0,0,1,0,2.7618298530578613,0.15586590766906738,0.0002815723419189453,0.0033452510833740234,0.0006518363952636719,0.0013959407806396484
704,0,0,710,714,1,1,704.0,0,0,0,1,0,2.7622342109680176,0.15624117851257324,0.0002815723419189453,0.0033452510833740234,0.0006518363952636719,0.0013976097106933594
705,0,0,711,715,1,1,705.0,0,0,0,1,0,2.7626614570617676,0.15663743019104004,0.00028204917907714844,0.0033452510833740234,0.0006518363952636719,0.0013988018035888672
706,0,0,712,716,1,1,706.0,0,0,0,1,0,2.7630956172943115,0.1570446491241455,0.0002827644348144531,0.0033452510833740234,0.0006518363952636719,0.0014004707336425781
707,0,0,713,717,1,1,707.0,0,0,0,1,0,2.763536214828491,0.1574561595916748,0.0002830028533935547,0.0033452510833740234,0.0006518363952636719,0.0014014244079589844
708,0,0,714,718,1,1,708.0,0,0,0,1,0,2.763899087905884,0.15779709815979004,0.00028324127197265625,0.0033452510833740234,0.0006518363952636719,0.0014026165008544922
709,0,0,715,719,1,1,709.0,0,0,0,1,0,2.7642929553985596,0.15816378593444824,0.0002834796905517578,0.0033452510833740234,0.0006518363952636719,0.00140380859375
710,0,0,716,720,1,1,710.0,0,0,0,1,0,2.764658212661743,0.15850162506103516,0.0002837181091308594,0.0033452510833740234,0.0006518363952636719,0.0014050006866455078
711,0,0,717,721,1,1,711.0,0,0,0,1,0,2.7650253772735596,0.15884852409362793,0.00028395652770996094,0.0033452510833740234,0.0006518363952636719,0.001405954360961914
712,0,0,718,722,1,1,712.0,0,0,0,1,0,2.765434741973877,0.15923309326171875,0.0002841949462890625,0.0033452510833740234,0.0006518363952636719,0.0014069080352783203
713,0,0,719,723,1,1,713.0,0,0,0,1,0,2.7659502029418945,0.15965771675109863,0.0002856254577636719,0.0033452510833740234,0.0006518363952636719,0.0014078617095947266
714,0,0,720,724,1,1,714.0,0,0,0,1,0,2.7668585777282715,0.16052937507629395,0.00028586387634277344,0.0033452510833740234,0.0006518363952636719,0.0014123916625976562
715,0,0,721,725,1,1,715.0,0,0,0,1,0,2.767268419265747,0.16091370582580566,0.0002865791320800781,0.0033452510833740234,0.0006518363952636719,0.001413583755493164
716,0,0,722,726,1,1,716.0,0,0,0,1,0,2.7677295207977295,0.16134977340698242,0.0002865791320800781,0.0033452510833740234,0.0006518363952636719,0.0014147758483886719
717,0,0,723,727,1,1,717.0,0,0,0,1,0,2.768134117126465,0.1617288589477539,0.0002868175506591797,0.0033452510833740234,0.0006518363952636719,0.0014159679412841797
718,0,0,724,728,1,1,718.0,0,0,0,1,0,2.7685253620147705,0.1620948314666748,0.00028705596923828125,0.0033452510833740234,0.0006518363952636719,0.001417398452758789
719,0,0,725,729,1,1,719.0,0,0,0,1,0,2.7689075469970703,0.16244888305664062,0.0002872943878173828,0.0033452510833740234,0.0006518363952636719,0.0014185905456542969
720,0,0,726,730,1,1,720.0,0,0,0,1,0,2.769239902496338,0.16275763511657715,0.0002880096435546875,0.0033452510833740234,0.0006518363952636719,0.0014197826385498047
721,0,0,727,731,1,1,721.0,0,0,0,1,0,2.7696313858032227,0.16312170028686523,0.00028824806213378906,0.0033452510833740234,0.0006518363952636719,0.001421213150024414
722,0,0,728,732,1,1,722.0,0,0,0,1,0,2.7700254917144775,0.16348481178283691,0.0002884864807128906,0.0033452510833740234,0.0006518363952636719,0.0014221668243408203
723,0,0,729,733,1,1,723.0,0,0,0,1,0,2.7704434394836426,0.16387510299682617,0.00028896331787109375,0.0033452510833740234,0.0006518363952636719,0.0014233589172363281
724,0,0,730,734,1,1,724.0,0,0,0,1,0,2.7708468437194824,0.16425061225891113,0.0002892017364501953,0.0033452510833740234,0.0006518363952636719,0.0014247894287109375
725,0,0,732,736,1,1,92.0,0,0,2,0,0,2.7715847492218018,0.16460394859313965,0.0002894401550292969,0.0035843849182128906,0.0006721019744873047,0.0014259815216064453
726,0,0,733,737,1,1,726.0,0,0,0,1,0,2.771968364715576,0.16496038436889648,0.0002899169921875,0.0035843849182128906,0.0006721019744873047,0.0014276504516601562
727,0,0,734,738,1,1,727.0,0,0,0,1,0,2.772346258163452,0.1653125286102295,0.00029015541076660156,0.0035843849182128906,0.0006721019744873047,0.0014286041259765625
728,0,0,735,739,1,1,728.0,0,0,0,1,0,2.7727103233337402,0.16565227508544922,0.0002903938293457031,0.0035843849182128906,0.0006721019744873047,0.0014297962188720703
729,0,0,736,740,1,1,729.0,0,0,0,1,0,2.7730629444122314,0.16598272323608398,0.0002906322479248047,0.0035843849182128906,0.0006721019744873047,0.0014309883117675781
730,0,0,737,741,1,1,730.0,0,0,0,1,0,2.773452043533325,0.16634726524353027,0.00029087066650390625,0.0035843849182128906,0.0006721019744873047,0.001432180404663086
731,0,0,738,742,1,1,731.0,0,0,0,1,0,2.773845911026001,0.16671204566955566,0.0002911090850830078,0.0035843849182128906,0.0006721019744873047,0.0014331340789794922
732,0,0,739,743,1,1,732.0,0,0,0,1,0,2.7742373943328857,0.16707897186279297,0.00029158592224121094,0.0035843849182128906,0.0006721019744873047,0.001434326171875
733,0,0,740,744,1,1,733.0,0,0,0,1,0,2.7746493816375732,0.1674661636352539,0.0002918243408203125,0.0035843849182128906,0.0006721019744873047,0.0014355182647705078
734,0,0,741,745,1,1,734.0,0,0,0,1,0,2.775245189666748,0.16798639297485352,0.00029349327087402344,0.0035843849182128906,0.0006721019744873047,0.0014369487762451172
735,0,0,742,746,1,1,735.0,0,0,0,1,0,2.7767014503479004,0.1693563461303711,0.0002949237823486328,0.0035843849182128906,0.0006721019744873047,0.0014429092407226562
736,0,0,743,747,1,1,736.0,0,0,0,1,0,2.77777361869812,0.1703803539276123,0.0002956390380859375,0.0035843849182128906,0.0006721019744873047,0.0014486312866210938
737,0,0,744,748,1,1,737.0,0,0,0,1,0,2.778402090072632,0.17096447944641113,0.00029587745666503906,0.0035843849182128906,0.0006721019744873047,0.0014638900756835938
738,0,0,745,749,1,1,738.0,0,0,0,1,0,2.778848171234131,0.17137408256530762,0.0002961158752441406,0.0035843849182128906,0.0006721019744873047,0.001468658447265625
739,0,0,746,750,1,1,739.0,0,0,0,1,0,2.7792701721191406,0.1717674732208252,0.0002963542938232422,0.0035843849182128906,0.0006721019744873047,0.0014698505401611328
740,0,0,747,751,1,1,740.0,0,0,0,1,0,2.7796719074249268,0.17213678359985352,0.00029659271240234375,0.0035843849182128906,0.0006721019744873047,0.0014710426330566406
741,0,0,748,752,1,1,741.0,0,0,0,1,0,2.780055284500122,0.17249727249145508,0.0002968311309814453,0.0035843849182128906,0.0006721019744873047,0.0014722347259521484
742,0,0,749,753,1,1,742.0,0,0,0,1,0,2.7804625034332275,0.1728823184967041,0.0002968311309814453,0.0035843849182128906,0.0006721019744873047,0.0014731884002685547
743,0,0,750,754,1,1,743.0,0,0,0,1,0,2.7808520793914795,0.17324590682983398,0.0002970695495605469,0.0035843849182128906,0.0006721019744873047,0.001474142074584961
744,0,0,751,755,2,1,744.0,0,0,0,1,0,2.7812342643737793,0.17360210418701172,0.00029754638671875,0.0035843849182128906,0.0006721019744873047,0.0014750957489013672
745,0,0,752,756,1,1,745.0,0,0,0,1,0,2.7817368507385254,0.1740710735321045,0.0002980232238769531,0.0035843849182128906,0.0006721019744873047,0.0014760494232177734
746,0,0,753,757,1,1,746.0,0,0,0,1,0,2.7821848392486572,0.17449092864990234,0.0002982616424560547,0.0035843849182128906,0.0006721019744873047,0.0014786720275878906
747,0,0,754,758,1,1,747.0,0,0,0,1,0,2.782583475112915,0.17486310005187988,0.00029850006103515625,0.0035843849182128906,0.0006721019744873047,0.0014798641204833984
748,0,0,755,759,1,1,748.0,0,0,0,1,0,2.783008575439453,0.17526793479919434,0.0002987384796142578,0.0035843849182128906,0.0006721019744873047,0.0014812946319580078
749,0,0,756,760,1,1,749.0,0,0,0,1,0,2.783417224884033,0.17565083503723145,0.0002987384796142578,0.0035843849182128906,0.0006721019744873047,0.0014824867248535156
750,0,0,757,761,1,1,750.0,0,0,0,1,0,2.783778667449951,0.17598938941955566,0.0002989768981933594,0.0035843849182128906,0.0006721019744873047,0.0014834403991699219
751,0,0,758,762,1,1,751.0,0,0,0,1,0,2.7841405868530273,0.1763293743133545,0.00029921531677246094,0.0035843849182128906,0.0006721019744873047,0.0014843940734863281
752,0,0,759,763,1,1,752.0,0,0,0,1,0,2.7845239639282227,0.17669415473937988,0.0002994537353515625,0.0035843849182128906,0.0006721019744873047,0.0014853477478027344
753,0,0,760,764,1,1,753.0,0,0,0,1,0,2.784921407699585,0.17706918716430664,0.00029969215393066406,0.0035843849182128906,0.0006721019744873047,0.0014865398406982422
754,0,0,761,765,1,1,754.0,0,0,0,1,0,2.7853682041168213,0.17748332023620605,0.0002999305725097656,0.0035843849182128906,0.0006721019744873047,0.00148773193359375
755,0,0,762,766,1,1,755.0,0,0,0,1,0,2.7857542037963867,0.17784619331359863,0.0003001689910888672,0.0035843849182128906,0.0006721019744873047,0.0014889240264892578
756,0,0,763,767,1,1,756.0,0,0,0,1,0,2.7861557006835938,0.17822623252868652,0.00030040740966796875,0.0035843849182128906,0.0006721019744873047,0.0014901161193847656
757,0,0,764,768,1,1,757.0,0,0,0,1,0,2.7865171432495117,0.17856407165527344,0.0003006458282470703,0.0035843849182128906,0.0006721019744873047,0.001491546630859375
758,0,0,765,769,1,1,758.0,0,0,0,1,0,2.7868785858154297,0.17890381813049316,0.0003008842468261719,0.0035843849182128906,0.0006721019744873047,0.0014925003051757812
759,0,0,766,770,1,1,759.0,0,0,0,1,0,2.787280797958374,0.17928099632263184,0.000301361083984375,0.0035843849182128906,0.0006721019744873047,0.0014934539794921875
760,0,0,767,771,1,1,760.0,0,0,0,1,0,2.787665367126465,0.1796402931213379,0.0003018379211425781,0.0035843849182128906,0.0006721019744873047,0.0014948844909667969
761,0,0,768,772,1,1,761.0,0,0,0,1,0,2.788032293319702,0.17998504638671875,0.0003020763397216797,0.0035843849182128906,0.0006721019744873047,0.0014963150024414062
762,0,0,769,773,1,1,762.0,0,0,0,1,0,2.7884151935577393,0.18034029006958008,0.00030231475830078125,0.0035843849182128906,0.0006721019744873047,0.0014972686767578125
763,0,0,770,774,1,1,763.0,0,0,0,1,0,2.7888267040252686,0.18073010444641113,0.0003027915954589844,0.0035843849182128906,0.0006721019744873047,0.0014986991882324219
764,0,0,771,775,1,1,764.0,0,0,0,1,0,2.7891762256622314,0.18105483055114746,0.00030303001403808594,0.0035843849182128906,0.0006721019744873047,0.0014998912811279297
765,0,0,772,776,1,1,765.0,0,0,0,1,0,2.789560317993164,0.18141388893127441,0.0003032684326171875,0.0035843849182128906,0.0006721019744873047,0.001501321792602539
766,0,0,772,776,1,1,111.0,0,0,0,0,0,2.7901833057403564,0.18178486824035645,0.00030350685119628906,0.0035843849182128906,0.0006926059722900391,0.0015027523040771484
767,0,0,773,777,1,1,767.0,0,0,0,1,0,2.7905874252319336,0.18216180801391602,0.0003039836883544922,0.0035843849182128906,0.0006926059722900391,0.0015039443969726562
768,0,0,774,778,1,1,768.0,0,0,0,1,0,2.7909419536590576,0.1824948787689209,0.0003044605255126953,0.0035843849182128906,0.0006926059722900391,0.0015048980712890625
769,0,0,775,779,1,1,769.0,0,0,0,1,0,2.7913479804992676,0.1828770637512207,0.0003046989440917969,0.0035843849182128906,0.0006926059722900391,0.0015060901641845703
770,0,0,776,780,1,1,770.0,0,0,0,1,0,2.7922136783599854,0.18364930152893066,0.0003070831298828125,0.0035843849182128906,0.0006926059722900391,0.0015072822570800781
771,0,0,777,781,1,1,771.0,0,0,0,1,0,2.793511390686035,0.18486905097961426,0.0003085136413574219,0.0035843849182128906,0.0006926059722900391,0.0015151500701904297
772,0,0,778,782,1,1,772.0,0,0,0,1,0,2.794495105743408,0.18580365180969238,0.00030922889709472656,0.0035843849182128906,0.0006926059722900391,0.001519918441772461
773,0,0,779,783,1,1,773.0,0,0,0,1,0,2.795318126678467,0.1865861415863037,0.0003097057342529297,0.0035843849182128906,0.0006926059722900391,0.001523733139038086
774,0,0,780,784,1,1,774.0,0,0,0,1,0,2.795768976211548,0.18701171875,0.00030994415283203125,0.0035843849182128906,0.0006926059722900391,0.0015249252319335938
775,0,0,781,785,1,1,775.0,0,0,0,1,0,2.7961769104003906,0.18739843368530273,0.0003101825714111328,0.0035843849182128906,0.0006926059722900391,0.00152587890625
776,0,0,782,786,1,1,776.0,0,0,0,1,0,2.7966766357421875,0.18781566619873047,0.0003108978271484375,0.0035843849182128906,0.0006926059722900391,0.0015795230865478516
777,0,0,783,787,1,1,777.0,0,0,0,1,0,2.7971031665802,0.1882154941558838,0.00031113624572753906,0.0035843849182128906,0.0006926059722900391,0.001581430435180664
778,0,0,784,788,1,1,778.0,0,0,0,1,0,2.797605276107788,0.18867969512939453,0.00031185150146484375,0.0035843849182128906,0.0006926059722900391,0.0015826225280761719
779,0,0,785,789,1,1,779.0,0,0,0,1,0,2.7981271743774414,0.18917226791381836,0.0003123283386230469,0.0035843849182128906,0.0006926059722900391,0.001585245132446289
780,0,0,786,790,1,1,780.0,0,0,0,1,0,2.7985897064208984,0.18961358070373535,0.00031256675720214844,0.0035843849182128906,0.0006926059722900391,0.0015864372253417969
781,0,0,787,791,1,1,781.0,0,0,0,1,0,2.7989752292633057,0.18997812271118164,0.00031280517578125,0.0035843849182128906,0.0006926059722900391,0.0015873908996582031
782,0,0,788,792,1,1,782.0,0,0,0,1,0,2.7993886470794678,0.1903667449951172,0.00031304359436035156,0.0035843849182128906,0.0006926059722900391,0.0015888214111328125
783,0,0,789,793,1,1,783.0,0,0,0,1,0,2.799752950668335,0.19070720672607422,0.0003132820129394531,0.0035843849182128906,0.0006926059722900391,0.0015900135040283203
784,0,0,790,794,1,1,784.0,0,0,0,1,0,2.800143003463745,0.19107484817504883,0.0003132820129394531,0.0035843849182128906,0.0006926059722900391,0.0015912055969238281
785,0,0,791,795,1,1,785.0,0,0,0,1,0,2.800581216812134,0.19148492813110352,0.0003135204315185547,0.0035843849182128906,0.0006926059722900391,0.0015921592712402344
786,0,0,792,796,1,1,786.0,0,0,0,1,0,2.8009350299835205,0.1918177604675293,0.0003139972686767578,0.0035843849182128906,0.0006926059722900391,0.0015933513641357422
787,0,0,793,797,1,1,787.0,0,0,0,1,0,2.801337718963623,0.19219565391540527,0.00031447410583496094,0.0035843849182128906,0.0006926059722900391,0.0015943050384521484
788,0,0,795,799,2,2,471.5,0,0,2,0,0,2.8020806312561035,0.19256019592285156,0.0003147125244140625,0.003827333450317383,0.0007123947143554688,0.001596212387084961
789,0,0,796,800,1,1,789.0,0,0,0,1,0,2.802473545074463,0.19292855262756348,0.0003154277801513672,0.003827333450317383,0.0007123947143554688,0.0015976428985595703
790,0,0,797,801,1,1,790.0,0,0,0,1,0,2.802879571914673,0.19330763816833496,0.0003159046173095703,0.003827333450317383,0.0007123947143554688,0.0015985965728759766
791,0,0,799,803,2,1,326.0,0,0,2,0,0,2.803518295288086,0.19371604919433594,0.0003161430358886719,0.003977537155151367,0.0007200241088867188,0.0015995502471923828
792,0,0,800,804,1,1,792.0,0,0,0,1,0,2.803938388824463,0.19411182403564453,0.00031638145446777344,0.003977537155151367,0.0007200241088867188,0.0016007423400878906
793,0,0,801,805,1,1,793.0,0,0,0,1,0,2.8043246269226074,0.19447588920593262,0.000316619873046875,0.003977537155151367,0.0007200241088867188,0.0016019344329833984
794,0,0,802,806,1,1,794.0,0,0,0,1,0,2.8047585487365723,0.19488239288330078,0.000316619873046875,0.003977537155151367,0.0007200241088867188,0.0016028881072998047
795,0,0,803,807,1,1,795.0,0,0,0,1,0,2.805206060409546,0.19530344009399414,0.00031685829162597656,0.003977537155151367,0.0007200241088867188,0.001603841781616211
796,0,0,804,808,1,1,796.0,0,0,0,1,0,2.8056280612945557,0.19570231437683105,0.0003170967102050781,0.003977537155151367,0.0007200241088867188,0.0016050338745117188
797,0,0,805,809,1,1,797.0,0,0,0,1,0,2.806000232696533,0.19604754447937012,0.0003170967102050781,0.003977537155151367,0.0007200241088867188,0.0016064643859863281
798,0,0,806,810,1,1,798.0,0,0,0,1,0,2.8064143657684326,0.19643688201904297,0.0003173351287841797,0.003977537155151367,0.0007200241088867188,0.0016074180603027344
799,0,0,807,811,1,1,799.0,0,0,0,1,0,2.8068296909332275,0.19683122634887695,0.00031757354736328125,0.003977537155151367,0.0007200241088867188,0.0016083717346191406
800,0,0,808,812,1,1,800.0,0,0,0,1,0,2.8072516918182373,0.19723105430603027,0.0003178119659423828,0.003977537155151367,0.0007200241088867188,0.0016095638275146484
801,0,0,809,813,1,1,801.0,0,0,0,1,0,2.8076565265655518,0.19761180877685547,0.0003185272216796875,0.003977537155151367,0.0007200241088867188,0.0016109943389892578
802,0,0,810,814,1,1,802.0,0,0,0,1,0,2.8080103397369385,0.19794225692749023,0.0003190040588378906,0.003977537155151367,0.0007200241088867188,0.001611948013305664
803,0,0,811,815,1,1,803.0,0,0,0,1,0,2.8085293769836426,0.1983966827392578,0.0003197193145751953,0.003977537155151367,0.0007200241088867188,0.0016129016876220703
804,0,0,812,816,1,1,804.0,0,0,0,1,0,2.809915065765381,0.19960856437683105,0.00032138824462890625,0.003977537155151367,0.0007200241088867188,0.0016863346099853516
805,0,0,813,817,1,1,805.0,0,0,0,1,0,2.81099271774292,0.20063424110412598,0.00032210350036621094,0.003977537155151367,0.0007200241088867188,0.0016944408416748047
806,0,0,814,819,1,1,565.0,0,0,1,0,0,2.811797618865967,0.20113062858581543,0.0003223419189453125,0.00416111946105957,0.0007402896881103516,0.0016973018646240234
807,0,0,815,820,1,1,807.0,0,0,0,1,0,2.8123443126678467,0.20163965225219727,0.0003228187561035156,0.00416111946105957,0.0007402896881103516,0.0016989707946777344
808,0,0,817,822,2,2,434.5,0,0,2,0,0,2.8132381439208984,0.20213747024536133,0.0003230571746826172,0.004433155059814453,0.0007584095001220703,0.0017011165618896484
809,0,0,818,823,1,1,809.0,0,0,0,1,0,2.813797950744629,0.2026665210723877,0.0003235340118408203,0.004433155059814453,0.0007584095001220703,0.001703023910522461
810,0,0,820,825,1,1,686.0,0,0,2,0,0,2.814469814300537,0.2030653953552246,0.0003237724304199219,0.00461888313293457,0.0007646083831787109,0.0017042160034179688
811,0,0,821,826,1,1,811.0,0,0,0,1,0,2.814911365509033,0.20348262786865234,0.0003237724304199219,0.00461888313293457,0.0007646083831787109,0.0017056465148925781
812,0,0,822,827,1,1,812.0,0,0,0,1,0,2.8154125213623047,0.20396018028259277,0.00032401084899902344,0.00461888313293457,0.0007646083831787109,0.001706838607788086
813,0,0,823,828,1,1,813.0,0,0,0,1,0,2.81585693359375,0.2043766975402832,0.000324249267578125,0.00461888313293457,0.0007646083831787109,0.0017077922821044922
814,0,0,824,829,1,1,814.0,0,0,0,1,0,2.8162622451782227,0.20475435256958008,0.000324249267578125,0.00461888313293457,0.0007646083831787109,0.001708984375
815,0,0,825,830,1,1,815.0,0,0,0,1,0,2.81671404838562,0.20518207550048828,0.00032448768615722656,0.00461888313293457,0.0007646083831787109,0.0017099380493164062
816,0,0,826,831,1,1,816.0,0,0,0,1,0,2.8171746730804443,0.20561861991882324,0.0003247261047363281,0.00461888313293457,0.0007646083831787109,0.0017108917236328125
817,0,0,827,832,1,1,817.0,0,0,0,1,0,2.8176047801971436,0.20601201057434082,0.0003249645233154297,0.00461888313293457,0.0007646083831787109,0.0017120838165283203
818,0,0,828,833,1,1,818.0,0,0,0,1,0,2.818019390106201,0.20640325546264648,0.00032520294189453125,0.00461888313293457,0.0007646083831787109,0.0017135143280029297
819,0,0,829,834,1,1,819.0,0,0,0,1,0,2.818403720855713,0.20676398277282715,0.0003254413604736328,0.00461888313293457,0.0007646083831787109,0.001714468002319336
820,0,0,830,835,1,1,820.0,0,0,0,1,0,2.8188281059265137,0.20716118812561035,0.00032591819763183594,0.00461888313293457,0.0007646083831787109,0.0017154216766357422
821,0,0,831,836,1,1,821.0,0,0,0,1,0,2.819242238998413,0.2075510025024414,0.00032591819763183594,0.00461888313293457,0.0007646083831787109,0.0017163753509521484
822,0,0,832,838,1,1,453.0,0,0,1,0,0,2.8198933601379395,0.20795702934265137,0.0003261566162109375,0.0047779083251953125,0.0007729530334472656,0.0017175674438476562
823,0,0,833,839,2,1,823.0,0,0,0,1,0,2.8203201293945312,0.20835423469543457,0.00032639503479003906,0.0047779083251953125,0.0007729530334472656,0.001718759536743164
824,0,0,834,840,1,1,824.0,0,0,0,1,0,2.8207311630249023,0.20874428749084473,0.0003266334533691406,0.0047779083251953125,0.0007729530334472656,0.0017197132110595703
825,0,0,835,841,1,1,825.0,0,0,0,1,0,2.8211958408355713,0.2091817855834961,0.0003268718719482422,0.0047779083251953125,0.0007729530334472656,0.0017206668853759766
826,0,0,836,842,1,1,826.0,0,0,0,1,0,2.8216300010681152,0.2095937728881836,0.00032711029052734375,0.0047779083251953125,0.0007729530334472656,0.0017216205596923828
827,0,0,837,843,1,1,827.0,0,0,0,1,0,2.8220529556274414,0.20998644828796387,0.0003273487091064453,0.0047779083251953125,0.0007729530334472656,0.0017228126525878906
828,0,0,838,844,1,1,828.0,0,0,0,1,0,2.8224449157714844,0.21035337448120117,0.0003273487091064453,0.0047779083251953125,0.0007729530334472656,0.0017240047454833984
829,0,0,839,845,1,1,829.0,0,0,0,1,0,2.82287859916687,0.21075749397277832,0.00032782554626464844,0.0047779083251953125,0.0007729530334472656,0.0017251968383789062
830,0,0,840,846,1,1,830.0,0,0,0,1,0,2.823314905166626,0.21117067337036133,0.00032806396484375,0.0047779083251953125,0.0007729530334472656,0.001726388931274414
831,0,0,841,847,1,1,831.0,0,0,0,1,0,2.8237435817718506,0.2115769386291504,0.00032806396484375,0.0047779083251953125,0.0007729530334472656,0.0017278194427490234
832,0,0,842,848,1,1,832.0,0,0,0,1,0,2.824172019958496,0.21198153495788574,0.00032830238342285156,0.0047779083251953125,0.0007729530334472656,0.0017290115356445312
833,0,0,844,850,3,2,481.0,0,0,2,0,0,2.826936960220337,0.2123417854309082,0.00032973289489746094,0.007066488265991211,0.0007808208465576172,0.0017306804656982422
834,0,0,845,851,1,1,834.0,0,0,0,1,0,2.828205108642578,0.21353673934936523,0.00033092498779296875,0.007066488265991211,0.0007808208465576172,0.0017368793487548828
835,0,0,846,852,1,1,835.0,0,0,0,1,0,2.828786849975586,0.21407747268676758,0.0003311634063720703,0.007066488265991211,0.0007808208465576172,0.0017423629760742188
836,0,0,847,853,1,1,836.0,0,0,0,1,0,2.829455852508545,0.2147197723388672,0.0003314018249511719,0.007066488265991211,0.0007808208465576172,0.0017435550689697266
837,0,0,848,854,1,1,837.0,0,0,0,1,0,2.8299624919891357,0.21520090103149414,0.00033164024353027344,0.007066488265991211,0.0007808208465576172,0.0017447471618652344
838,0,0,849,855,1,1,838.0,0,0,0,1,0,2.8304531574249268,0.21567034721374512,0.00033211708068847656,0.007066488265991211,0.0007808208465576172,0.0017461776733398438
839,0,0,850,856,1,1,839.0,0,0,0,1,0,2.830860137939453,0.21605443954467773,0.0003323554992675781,0.007066488265991211,0.0007808208465576172,0.0017473697662353516
840,0,0,851,857,1,1,840.0,0,0,0,1,0,2.8312814235687256,0.21645188331604004,0.0003325939178466797,0.007066488265991211,0.0007808208465576172,0.0017485618591308594
841,0,0,852,858,1,1,841.0,0,0,0,1,0,2.831711769104004,0.21680140495300293,0.0003330707550048828,0.007066488265991211,0.0007808208465576172,0.0017495155334472656
842,0,0,853,859,1,1,842.0,0,0,0,1,0,2.8321592807769775,0.2172245979309082,0.0003333091735839844,0.007066488265991211,0.0007808208465576172,0.0017507076263427734
843,0,0,854,860,1,1,843.0,0,0,0,1,0,2.832597255706787,0.2176370620727539,0.00033354759216308594,0.007066488265991211,0.0007808208465576172,0.0017518997192382812
844,0,0,855,861,1,1,844.0,0,0,0,1,0,2.8330514430999756,0.21806645393371582,0.0003337860107421875,0.007066488265991211,0.0007808208465576172,0.0017528533935546875
845,0,0,856,862,1,1,845.0,0,0,0,1,0,2.8334667682647705,0.21844959259033203,0.00033402442932128906,0.007066488265991211,0.0007808208465576172,0.0017540454864501953
846,0,0,857,863,1,1,846.0,0,0,0,1,0,2.8338589668273926,0.21882271766662598,0.0003345012664794922,0.007066488265991211,0.0007808208465576172,0.0017552375793457031
847,0,0,858,864,1,1,847.0,0,0,0,1,0,2.8343665599823,0.21930360794067383,0.0003349781036376953,0.007066488265991211,0.0007808208465576172,0.0017561912536621094
848,0,0,859,865,1,1,848.0,0,0,0,1,0,2.834766387939453,0.2196805477142334,0.0003352165222167969,0.007066488265991211,0.0007808208465576172,0.0017571449279785156
849,0,0,860,866,1,1,849.0,0,0,0,1,0,2.835233688354492,0.22011971473693848,0.00033545494079589844,0.007066488265991211,0.0007808208465576172,0.0017580986022949219
850,0,0,861,867,1,1,850.0,0,0,0,1,0,2.835648536682129,0.2205049991607666,0.000335693359375,0.007066488265991211,0.0007808208465576172,0.0017592906951904297
851,0,0,862,868,1,1,851.0,0,0,0,1,0,2.8360984325408936,0.2209317684173584,0.00033593177795410156,0.007066488265991211,0.0007808208465576172,0.0017604827880859375
852,0,0,863,869,1,1,852.0,0,0,0,1,0,2.8365561962127686,0.22136926651000977,0.0003361701965332031,0.007066488265991211,0.0007808208465576172,0.0017614364624023438
853,0,0,864,870,1,1,853.0,0,0,0,1,0,2.8369967937469482,0.2217848300933838,0.0003364086151123047,0.007066488265991211,0.0007808208465576172,0.00176239013671875
854,0,0,865,871,1,1,854.0,0,0,0,1,0,2.8373842239379883,0.22214889526367188,0.0003364086151123047,0.007066488265991211,0.0007808208465576172,0.0017638206481933594
855,0,0,866,872,1,1,855.0,0,0,0,1,0,2.8378076553344727,0.2225489616394043,0.00033664703369140625,0.007066488265991211,0.0007808208465576172,0.0017650127410888672
856,0,0,867,873,1,1,856.0,0,0,0,1,0,2.8382420539855957,0.22295856475830078,0.0003368854522705078,0.007066488265991211,0.0007808208465576172,0.001766204833984375
857,0,0,868,874,1,1,857.0,0,0,0,1,0,2.83872389793396,0.2234177589416504,0.0003371238708496094,0.007066488265991211,0.0007808208465576172,0.0017673969268798828
858,0,0,869,875,4,1,858.0,0,0,0,1,0,2.8392269611358643,0.22388458251953125,0.00033736228942871094,0.007066488265991211,0.0007808208465576172,0.0017685890197753906
859,0,0,870,876,1,1,859.0,0,0,0,1,0,2.8396639823913574,0.22429871559143066,0.0003376007080078125,0.007066488265991211,0.0007808208465576172,0.0017697811126708984
860,0,0,871,877,1,1,860.0,0,0,0,1,0,2.840090274810791,0.2247018814086914,0.00033783912658691406,0.007066488265991211,0.0007808208465576172,0.0017707347869873047
861,0,0,872,878,1,1,861.0,0,0,0,1,0,2.840531349182129,0.22511839866638184,0.0003380775451660156,0.007066488265991211,0.0007808208465576172,0.0017719268798828125
862,0,0,873,879,1,1,862.0,0,0,0,1,0,2.8409581184387207,0.2255232334136963,0.0003383159637451172,0.007066488265991211,0.0007808208465576172,0.0017731189727783203
863,0,0,874,880,1,1,863.0,0,0,0,1,0,2.8413736820220947,0.22590112686157227,0.0003387928009033203,0.007066488265991211,0.0007808208465576172,0.0017740726470947266
864,0,0,875,881,1,1,864.0,0,0,0,1,0,2.8423542976379395,0.22678160667419434,0.00034117698669433594,0.007066488265991211,0.0007808208465576172,0.0017764568328857422
865,0,0,876,882,1,1,865.0,0,0,0,1,0,2.8437929153442383,0.2281341552734375,0.0003426074981689453,0.007066488265991211,0.0007808208465576172,0.0017838478088378906
866,0,0,877,883,1,1,866.0,0,0,0,1,0,2.844743490219116,0.22900843620300293,0.0003437995910644531,0.007066488265991211,0.0007808208465576172,0.0017893314361572266
867,0,0,878,884,1,1,867.0,0,0,0,1,0,2.8456571102142334,0.22988510131835938,0.0003440380096435547,0.007066488265991211,0.0007808208465576172,0.0017933845520019531
868,0,0,879,885,1,1,868.0,0,0,0,1,0,2.846191883087158,0.2303929328918457,0.00034427642822265625,0.007066488265991211,0.0007808208465576172,0.001795053482055664
869,0,0,880,886,1,1,869.0,0,0,0,1,0,2.8466994762420654,0.23087239265441895,0.0003445148468017578,0.007066488265991211,0.0007808208465576172,0.0017964839935302734
870,0,0,881,887,1,1,870.0,0,0,0,1,0,2.8471665382385254,0.23131632804870605,0.0003452301025390625,0.007066488265991211,0.0007808208465576172,0.0017979145050048828
871,0,0,882,888,1,1,871.0,0,0,0,1,0,2.8475794792175293,0.23170757293701172,0.0003457069396972656,0.007066488265991211,0.0007808208465576172,0.0017991065979003906
872,0,0,883,889,1,1,872.0,0,0,0,1,0,2.8480794429779053,0.23218083381652832,0.0003459453582763672,0.007066488265991211,0.0007808208465576172,0.0018002986907958984
873,0,0,884,890,1,1,873.0,0,0,0,1,0,2.848550796508789,0.23262572288513184,0.00034618377685546875,0.007066488265991211,0.0007808208465576172,0.0018014907836914062
874,0,0,885,891,1,1,874.0,0,0,0,1,0,2.8489859104156494,0.23303866386413574,0.0003464221954345703,0.007066488265991211,0.0007808208465576172,0.001802682876586914
875,0,0,886,892,1,1,875.0,0,0,0,1,0,2.8494484424591064,0.23347830772399902,0.0003466606140136719,0.007066488265991211,0.0007808208465576172,0.0018038749694824219
876,0,0,887,893,1,1,876.0,0,0,0,1,0,2.8499033451080322,0.23390841484069824,0.00034689903259277344,0.007066488265991211,0.0007808208465576172,0.0018050670623779297
877,0,0,888,894,1,1,877.0,0,0,0,1,0,2.850402593612671,0.23438477516174316,0.000347137451171875,0.007066488265991211,0.0007808208465576172,0.0018062591552734375
878,0,0,889,895,1,1,878.0,0,0,0,1,0,2.8508572578430176,0.2348158359527588,0.0003476142883300781,0.007066488265991211,0.0007808208465576172,0.0018074512481689453
879,0,0,890,896,1,1,879.0,0,0,0,1,0,2.851304531097412,0.23523855209350586,0.0003478527069091797,0.007066488265991211,0.0007808208465576172,0.0018086433410644531
880,0,0,891,898,1,1,584.0,0,0,1,0,0,2.852055311203003,0.2356579303741455,0.0003483295440673828,0.007269859313964844,0.0008013248443603516,0.001809835433959961
881,0,0,892,899,1,1,881.0,0,0,0,1,0,2.852484941482544,0.23606157302856445,0.0003485679626464844,0.007269859313964844,0.0008013248443603516,0.0018117427825927734
882,0,0,893,900,1,1,882.0,0,0,0,1,0,2.8529603481292725,0.2365105152130127,0.0003490447998046875,0.007269859313964844,0.0008013248443603516,0.0018129348754882812
883,0,0,894,901,1,1,883.0,0,0,0,1,0,2.8534045219421387,0.23692941665649414,0.00034928321838378906,0.007269859313964844,0.0008013248443603516,0.001814126968383789
884,0,0,895,902,1,1,884.0,0,0,0,1,0,2.8538589477539062,0.23735666275024414,0.0003497600555419922,0.007269859313964844,0.0008013248443603516,0.0018153190612792969
885,0,0,896,904,5,5,466.0,0,0,1,0,0,2.854530096054077,0.2378098964691162,0.0003502368927001953,0.0073931217193603516,0.0008108615875244141,0.0018165111541748047
886,0,0,897,905,1,1,886.0,0,0,0,1,0,2.854947805404663,0.2382035255432129,0.00035071372985839844,0.0073931217193603516,0.0008108615875244141,0.001817941665649414
887,0,0,898,906,1,1,887.0,0,0,0,1,0,2.855414867401123,0.2386493682861328,0.0003509521484375,0.0073931217193603516,0.0008108615875244141,0.0018193721771240234
888,0,0,899,907,1,1,888.0,0,0,0,1,0,2.8558788299560547,0.23909211158752441,0.00035119056701660156,0.0073931217193603516,0.0008108615875244141,0.0018203258514404297
889,0,0,900,908,1,1,889.0,0,0,0,1,0,2.856332302093506,0.23952293395996094,0.0003514289855957031,0.0073931217193603516,0.0008108615875244141,0.001821756362915039
890,0,0,901,909,1,1,890.0,0,0,0,1,0,2.856738328933716,0.23990297317504883,0.0003516674041748047,0.0073931217193603516,0.0008108615875244141,0.0018231868743896484
891,0,0,902,910,1,1,891.0,0,0,0,1,0,2.8571979999542236,0.2403395175933838,0.00035190582275390625,0.0073931217193603516,0.0008108615875244141,0.0018243789672851562
892,0,0,903,911,1,1,892.0,0,0,0,1,0,2.8576791286468506,0.24079489707946777,0.0003521442413330078,0.0073931217193603516,0.0008108615875244141,0.0018258094787597656
893,0,0,904,912,1,1,893.0,0,0,0,1,0,2.8585877418518066,0.24148321151733398,0.0003542900085449219,0.0073931217193603516,0.0008108615875244141,0.0018270015716552734
894,0,0,905,913,1,1,894.0,0,0,0,1,0,2.8600308895111084,0.24283361434936523,0.00035572052001953125,0.0073931217193603516,0.0008108615875244141,0.0018343925476074219
895,0,0,906,914,1,1,895.0,0,0,0,1,0,2.861238718032837,0.24398088455200195,0.0003566741943359375,0.0073931217193603516,0.0008108615875244141,0.001840353012084961
896,0,0,907,915,1,1,896.0,0,0,0,1,0,2.8621020317077637,0.24462056159973145,0.0003571510314941406,0.0073931217193603516,0.0008108615875244141,0.0018429756164550781
897,0,0,908,916,1,1,897.0,0,0,0,1,0,2.8627779483795166,0.2452690601348877,0.0003573894500732422,0.0073931217193603516,0.0008108615875244141,0.0018463134765625
898,0,0,909,917,1,1,898.0,0,0,0,1,0,2.8632681369781494,0.24573349952697754,0.00035762786865234375,0.0073931217193603516,0.0008108615875244141,0.0018472671508789062
899,0,0,910,918,1,1,899.0,0,0,0,1,0,2.863764762878418,0.24620962142944336,0.00035762786865234375,0.0073931217193603516,0.0008108615875244141,0.001848459243774414
900,0,0,911,919,1,1,900.0,0,0,0,1,0,2.8642868995666504,0.24670672416687012,0.0003578662872314453,0.0073931217193603516,0.0008108615875244141,0.0018494129180908203
901,0,0,912,920,1,1,901.0,0,0,0,1,0,2.8647398948669434,0.24713850021362305,0.00035858154296875,0.0073931217193603516,0.0008108615875244141,0.0018508434295654297
902,0,0,913,921,1,1,902.0,0,0,0,1,0,2.865154981613159,0.24753046035766602,0.0003590583801269531,0.0073931217193603516,0.0008108615875244141,0.0018520355224609375
903,0,0,914,922,2,1,903.0,0,0,0,1,0,2.8656375408172607,0.2479839324951172,0.00035953521728515625,0.0073931217193603516,0.0008108615875244141,0.0018534660339355469
904,0,0,915,923,1,1,904.0,0,0,0,1,0,2.8661015033721924,0.24842357635498047,0.0003600120544433594,0.0073931217193603516,0.0008108615875244141,0.0018544197082519531
905,0,0,916,924,1,1,905.0,0,0,0,1,0,2.866528034210205,0.2488255500793457,0.00036025047302246094,0.0073931217193603516,0.0008108615875244141,0.0018558502197265625
906,0,0,917,925,1,1,906.0,0,0,0,1,0,2.866976261138916,0.2492527961730957,0.0003604888916015625,0.0073931217193603516,0.0008108615875244141,0.0018570423126220703
907,0,0,918,926,1,1,907.0,0,0,0,1,0,2.867476224899292,0.2497255802154541,0.00036072731018066406,0.0073931217193603516,0.0008108615875244141,0.0018579959869384766
908,0,0,919,927,1,1,908.0,0,0,0,1,0,2.86794376373291,0.25017261505126953,0.0003612041473388672,0.0073931217193603516,0.0008108615875244141,0.0018591880798339844
909,0,0,920,928,1,1,909.0,0,0,0,1,0,2.868389844894409,0.2505943775177002,0.00036144256591796875,0.0073931217193603516,0.0008108615875244141,0.0018601417541503906
910,0,0,921,929,1,1,910.0,0,0,0,1,0,2.8688430786132812,0.2510216236114502,0.0003616809844970703,0.0073931217193603516,0.0008108615875244141,0.0018613338470458984
911,0,0,922,930,1,1,911.0,0,0,0,1,0,2.869319438934326,0.2514770030975342,0.0003619194030761719,0.0073931217193603516,0.0008108615875244141,0.0018622875213623047
912,0,0,923,931,1,1,912.0,0,0,0,1,0,2.8697686195373535,0.25189805030822754,0.00036215782165527344,0.0073931217193603516,0.0008108615875244141,0.0018634796142578125
913,0,0,924,932,2,1,913.0,0,0,0,1,0,2.870213747024536,0.252316951751709,0.000362396240234375,0.0073931217193603516,0.0008108615875244141,0.0018649101257324219
914,0,0,925,933,1,1,914.0,0,0,0,1,0,2.8706817626953125,0.2527639865875244,0.00036263465881347656,0.0073931217193603516,0.0008108615875244141,0.0018658638000488281
915,0,0,926,934,1,1,915.0,0,0,0,1,0,2.871159315109253,0.2532196044921875,0.0003628730773925781,0.0073931217193603516,0.0008108615875244141,0.0018672943115234375
916,0,0,927,935,1,1,916.0,0,0,0,1,0,2.871717929840088,0.2536888122558594,0.00036334991455078125,0.0073931217193603516,0.0008108615875244141,0.0018682479858398438
917,0,0,928,936,1,1,917.0,0,0,0,1,0,2.8721961975097656,0.25414204597473145,0.00036406517028808594,0.0073931217193603516,0.0008108615875244141,0.0018696784973144531
918,0,0,929,937,1,1,918.0,0,0,0,1,0,2.8726720809936523,0.2545969486236572,0.00036454200744628906,0.0073931217193603516,0.0008108615875244141,0.001870870590209961
919,0,0,930,938,1,1,919.0,0,0,0,1,0,2.8731319904327393,0.25502896308898926,0.00036454200744628906,0.0073931217193603516,0.0008108615875244141,0.0018720626831054688
920,0,0,931,939,1,1,920.0,0,0,0,1,0,2.8736417293548584,0.25544261932373047,0.00036597251892089844,0.0073931217193603516,0.0008108615875244141,0.0018732547760009766
921,0,0,932,940,1,1,921.0,0,0,0,1,0,2.8750739097595215,0.25677013397216797,0.0003681182861328125,0.0073931217193603516,0.0008108615875244141,0.0018782615661621094
922,0,0,933,941,1,1,922.0,0,0,0,1,0,2.8766891956329346,0.258289098739624,0.00036978721618652344,0.0073931217193603516,0.0008108615875244141,0.0018870830535888672
923,0,0,934,942,1,1,923.0,0,0,0,1,0,2.877960205078125,0.2595076560974121,0.00037097930908203125,0.0073931217193603516,0.0008108615875244141,0.001894235610961914
924,0,0,935,943,1,1,924.0,0,0,0,1,0,2.878652334213257,0.26017069816589355,0.0003714561462402344,0.0073931217193603516,0.0008108615875244141,0.0018968582153320312
925,0,0,936,944,1,1,925.0,0,0,0,1,0,2.879122018814087,0.2606165409088135,0.00037169456481933594,0.0073931217193603516,0.0008108615875244141,0.0018985271453857422
926,0,0,937,945,1,1,926.0,0,0,0,1,0,2.879631757736206,0.26109790802001953,0.0003719329833984375,0.0073931217193603516,0.0008108615875244141,0.00189971923828125
927,0,0,939,947,1,1,852.0,0,0,2,0,0,2.8805558681488037,0.2616450786590576,0.0003724098205566406,0.00764918327331543,0.0008287429809570312,0.0019009113311767578
928,0,0,940,948,1,1,928.0,0,0,0,1,0,2.8810677528381348,0.262127161026001,0.0003726482391357422,0.00764918327331543,0.0008287429809570312,0.0019023418426513672
929,0,0,941,949,1,1,929.0,0,0,0,1,0,2.881587505340576,0.2626197338104248,0.00037288665771484375,0.00764918327331543,0.0008287429809570312,0.0019040107727050781
930,0,0,942,950,1,1,930.0,0,0,0,1,0,2.8820838928222656,0.26308774948120117,0.0003731250762939453,0.00764918327331543,0.0008287429809570312,0.0019049644470214844
931,0,0,943,951,1,1,931.0,0,0,0,1,0,2.882572889328003,0.2635495662689209,0.0003733634948730469,0.00764918327331543,0.0008287429809570312,0.0019061565399169922
932,0,0,944,952,1,1,932.0,0,0,0,1,0,2.883021354675293,0.2639734745025635,0.00037360191345214844,0.00764918327331543,0.0008287429809570312,0.0019073486328125
933,0,0,945,953,1,1,933.0,0,0,0,1,0,2.883481502532959,0.26441025733947754,0.00037360191345214844,0.00764918327331543,0.0008287429809570312,0.0019087791442871094
934,0,0,946,954,2,1,934.0,0,0,0,1,0,2.8839824199676514,0.26488542556762695,0.00037384033203125,0.00764918327331543,0.0008287429809570312,0.0019099712371826172
935,0,0,947,955,1,1,935.0,0,0,0,1,0,2.8845043182373047,0.2653827667236328,0.00037407875061035156,0.00764918327331543,0.0008287429809570312,0.001911163330078125
936,0,0,948,956,1,1,936.0,0,0,0,1,0,2.8849892616271973,0.2658414840698242,0.0003745555877685547,0.00764918327331543,0.0008287429809570312,0.0019125938415527344
937,0,0,949,957,1,1,937.0,0,0,0,1,0,2.8854482173919678,0.26627564430236816,0.00037479400634765625,0.00764918327331543,0.0008287429809570312,0.0019137859344482422
938,0,0,950,958,1,1,938.0,0,0,0,1,0,2.8859024047851562,0.2667088508605957,0.0003752708435058594,0.00764918327331543,0.0008287429809570312,0.00191497802734375
939,0,0,951,959,1,1,939.0,0,0,0,1,0,2.88639497756958,0.26717329025268555,0.00037550926208496094,0.00764918327331543,0.0008287429809570312,0.0019159317016601562
940,0,0,952,960,1,1,940.0,0,0,0,1,0,2.8868534564971924,0.2676072120666504,0.00037598609924316406,0.00764918327331543,0.0008287429809570312,0.0019168853759765625
941,0,0,953,961,1,1,941.0,0,0,0,1,0,2.887354612350464,0.2680835723876953,0.0003762245178222656,0.00764918327331543,0.0008287429809570312,0.0019180774688720703
942,0,0,954,962,1,1,942.0,0,0,0,1,0,2.8878355026245117,0.268543004989624,0.0003764629364013672,0.00764918327331543,0.0008287429809570312,0.0019195079803466797
943,0,0,955,963,1,1,943.0,0,0,0,1,0,2.888286590576172,0.26897549629211426,0.00037670135498046875,0.00764918327331543,0.0008287429809570312,0.0019207000732421875
944,0,0,956,964,1,1,944.0,0,0,0,1,0,2.888742446899414,0.2694075107574463,0.0003769397735595703,0.00764918327331543,0.0008287429809570312,0.0019216537475585938
945,0,0,957,965,1,1,945.0,0,0,0,1,0,2.8892149925231934,0.2698540687561035,0.00037741661071777344,0.00764918327331543,0.0008287429809570312,0.0019228458404541016
946,0,0,958,966,1,1,946.0,0,0,0,1,0,2.8900465965270996,0.27061009407043457,0.0003783702850341797,0.00764918327331543,0.0008287429809570312,0.001924276351928711
947,0,0,959,967,1,1,947.0,0,0,0,1,0,2.891082286834717,0.2716095447540283,0.0003790855407714844,0.00764918327331543,0.0008287429809570312,0.0019292831420898438
948,0,0,960,968,1,1,948.0,0,0,0,1,0,2.8924343585968018,0.27286863327026367,0.0003807544708251953,0.00764918327331543,0.0008287429809570312,0.0019307136535644531
949,0,0,961,969,5,1,949.0,0,0,0,1,0,2.8939125537872314,0.2742607593536377,0.00038170814514160156,0.00764918327331543,0.0008287429809570312,0.0019378662109375
950,0,0,962,970,1,1,950.0,0,0,0,1,0,2.8946163654327393,0.27492856979370117,0.00038242340087890625,0.00764918327331543,0.0008287429809570312,0.0019428730010986328
951,0,0,963,971,1,1,951.0,0,0,0,1,0,2.8954598903656006,0.27573084831237793,0.0003833770751953125,0.00764918327331543,0.0008287429809570312,0.0019445419311523438
952,0,0,964,972,1,1,952.0,0,0,0,1,0,2.8961422443389893,0.2763800621032715,0.00038361549377441406,0.00764918327331543,0.0008287429809570312,0.0019474029541015625
953,0,0,965,973,1,1,953.0,0,0,0,1,0,2.8967812061309814,0.27698755264282227,0.0003840923309326172,0.00764918327331543,0.0008287429809570312,0.0019488334655761719
954,0,0,966,974,1,1,954.0,0,0,0,1,0,2.897311210632324,0.2774941921234131,0.00038433074951171875,0.00764918327331543,0.0008287429809570312,0.0019500255584716797
955,0,0,967,975,1,1,955.0,0,0,0,1,0,2.897812843322754,0.277970552444458,0.0003845691680908203,0.00764918327331543,0.0008287429809570312,0.0019516944885253906
956,0,0,968,976,1,1,956.0,0,0,0,1,0,2.898317813873291,0.27844834327697754,0.0003848075866699219,0.00764918327331543,0.0008287429809570312,0.0019528865814208984
957,0,0,969,977,1,1,957.0,0,0,0,1,0,2.8987481594085693,0.2788538932800293,0.00038504600524902344,0.00764918327331543,0.0008287429809570312,0.001954317092895508
958,0,0,970,978,1,1,958.0,0,0,0,1,0,2.8992760181427,0.2793583869934082,0.00038504600524902344,0.00764918327331543,0.0008287429809570312,0.001955747604370117
959,0,0,971,979,1,1,959.0,0,0,0,1,0,2.89973783493042,0.27979612350463867,0.000385284423828125,0.00764918327331543,0.0008287429809570312,0.001956939697265625
960,0,0,972,980,1,1,960.0,0,0,0,1,0,2.9003117084503174,0.280346155166626,0.000385284423828125,0.00764918327331543,0.0008287429809570312,0.0019583702087402344
961,0,0,973,981,1,1,961.0,0,0,0,1,0,2.9008724689483643,0.28086352348327637,0.0003857612609863281,0.00764918327331543,0.0008287429809570312,0.0019593238830566406
962,0,0,974,982,1,1,962.0,0,0,0,1,0,2.9013702869415283,0.2813279628753662,0.0003859996795654297,0.00764918327331543,0.0008287429809570312,0.001961231231689453
963,0,0,975,983,1,1,963.0,0,0,0,1,0,2.9018192291259766,0.281752347946167,0.00038623809814453125,0.00764918327331543,0.0008287429809570312,0.001962900161743164
964,0,0,976,984,1,1,964.0,0,0,0,1,0,2.902322292327881,0.28223133087158203,0.0003867149353027344,0.00764918327331543,0.0008287429809570312,0.0019638538360595703
965,0,0,977,985,1,1,965.0,0,0,0,1,0,2.902830123901367,0.2827174663543701,0.0003871917724609375,0.00764918327331543,0.0008287429809570312,0.0019648075103759766
966,0,0,978,986,1,1,966.0,0,0,0,1,0,2.9032435417175293,0.28310632705688477,0.00038743019104003906,0.00764918327331543,0.0008287429809570312,0.001965761184692383
967,0,0,979,987,1,1,967.0,0,0,0,1,0,2.9037346839904785,0.2835700511932373,0.0003876686096191406,0.00764918327331543,0.0008287429809570312,0.0019669532775878906
968,0,0,980,988,1,1,968.0,0,0,0,1,0,2.904240369796753,0.28405094146728516,0.00038814544677734375,0.00764918327331543,0.0008287429809570312,0.0019683837890625
969,0,0,981,989,1,1,969.0,0,0,0,1,0,2.9047603607177734,0.2845447063446045,0.0003883838653564453,0.00764918327331543,0.0008287429809570312,0.0019698143005371094
970,0,0,982,990,1,1,970.0,0,0,0,1,0,2.90525221824646,0.2850072383880615,0.0003886222839355469,0.00764918327331543,0.0008287429809570312,0.001971006393432617
971,0,0,983,991,1,1,971.0,0,0,0,1,0,2.905844211578369,0.2855696678161621,0.00038909912109375,0.00764918327331543,0.0008287429809570312,0.0019719600677490234
972,0,0,984,992,1,1,972.0,0,0,0,1,0,2.906397581100464,0.28609633445739746,0.0003895759582519531,0.00764918327331543,0.0008287429809570312,0.001973867416381836
973,0,0,985,993,1,1,973.0,0,0,0,1,0,2.9068963527679443,0.286574125289917,0.0003898143768310547,0.00764918327331543,0.0008287429809570312,0.0019750595092773438
974,0,0,986,994,1,1,974.0,0,0,0,1,0,2.9074039459228516,0.28705549240112305,0.00039005279541015625,0.00764918327331543,0.0008287429809570312,0.001976490020751953
975,0,0,987,995,1,1,975.0,0,0,0,1,0,2.9079675674438477,0.2875640392303467,0.00039076805114746094,0.00764918327331543,0.0008287429809570312,0.0019774436950683594
976,0,0,988,996,1,1,976.0,0,0,0,1,0,2.909496784210205,0.2890143394470215,0.0003924369812011719,0.00764918327331543,0.0008287429809570312,0.0019807815551757812
977,0,0,989,997,1,1,977.0,0,0,0,1,0,2.910933256149292,0.29037952423095703,0.0003933906555175781,0.00764918327331543,0.0008287429809570312,0.0019867420196533203
978,0,0,990,998,1,1,978.0,0,0,0,1,0,2.91176438331604,0.2911694049835205,0.0003933906555175781,0.00764918327331543,0.0008287429809570312,0.001990795135498047
979,0,0,991,999,1,1,979.0,0,0,0,1,0,2.9123735427856445,0.2917520999908447,0.0003936290740966797,0.00764918327331543,0.0008287429809570312,0.0019927024841308594
980,0,0,992,1000,1,1,980.0,0,0,0,1,0,2.9128479957580566,0.29220008850097656,0.0003941059112548828,0.00764918327331543,0.0008287429809570312,0.001993894577026367
981,0,0,992,1000,1,1,981.0,0,0,0,1,1,2.913972854614258,0.2926671504974365,0.0010232925415039062,0.00764918327331543,0.0008287429809570312,0.001995086669921875
982,0,0,992,1000,1,1,909.0,0,0,2,0,2,2.915830373764038,0.2931783199310303,0.001928091049194336,0.007957935333251953,0.0008454322814941406,0.001996755599975586
983,0,0,992,1000,1,1,983.0,0,0,0,1,1,2.917191505432129,0.2941427230834961,0.0022687911987304688,0.007957935333251953,0.0008454322814941406,0.002002239227294922
984,0,0,992,1000,1,1,984.0,0,0,0,1,1,2.9181103706359863,0.29469776153564453,0.0026056766510009766,0.007957935333251953,0.0008454322814941406,0.002003908157348633
985,0,0,992,1000,1,1,985.0,0,0,0,1,1,2.919090747833252,0.29531335830688477,0.0029451847076416016,0.007957935333251953,0.0008454322814941406,0.0020055770874023438
986,0,0,992,1000,1,1,986.0,0,0,0,1,1,2.9198968410491943,0.29578471183776855,0.0032498836517333984,0.007957935333251953,0.0008454322814941406,0.002007007598876953
987,0,0,992,1000,3,1,987.0,0,0,0,1,1,2.920768976211548,0.2962665557861328,0.0036067962646484375,0.007957935333251953,0.0008454322814941406,0.002008199691772461
988,0,0,992,1000,1,1,748.0,0,0,2,0,2,2.9229812622070312,0.2968027591705322,0.004607677459716797,0.008515357971191406,0.00086212158203125,0.0020101070404052734
989,0,0,992,1000,1,1,989.0,0,0,0,1,1,2.924921989440918,0.2979118824005127,0.005356550216674805,0.008515357971191406,0.00086212158203125,0.0020151138305664062
990,0,0,992,1000,1,1,990.0,0,0,0,1,1,2.927553653717041,0.29976749420166016,0.006031036376953125,0.008515357971191406,0.00086212158203125,0.002023935317993164
991,0,0,992,1000,1,1,991.0,0,0,0,1,1,2.930377244949341,0.3016660213470459,0.006806135177612305,0.008515357971191406,0.00086212158203125,0.002031564712524414
992,0,0,992,1000,1,1,992.0,0,0,0,1,1,2.932072162628174,0.30278944969177246,0.007302999496459961,0.008515357971191406,0.00086212158203125,0.002037525177001953
993,0,0,992,1000,1,1,993.0,0,0,0,1,1,2.934227705001831,0.30420756340026855,0.007966995239257812,0.008515357971191406,0.00086212158203125,0.0020570755004882812
994,0,0,992,1000,2,1,994.0,0,0,0,1,1,2.936163902282715,0.3055846691131592,0.008460283279418945,0.008515357971191406,0.00086212158203125,0.0020627975463867188
995,0,0,992,1000,1,1,995.0,0,0,0,1,1,2.9378902912139893,0.30638623237609863,0.009323596954345703,0.008515357971191406,0.00086212158203125,0.0020656585693359375
996,0,0,992,1000,1,1,996.0,0,0,0,1,1,2.9399235248565674,0.3077659606933594,0.00989675521850586,0.008515357971191406,0.00086212158203125,0.0020732879638671875
997,0,0,992,1000,1,1,997.0,0,0,0,1,1,2.9425888061523438,0.3092191219329834,0.011020421981811523,0.008515357971191406,0.00086212158203125,0.002078533172607422
998,0,0,992,1000,1,1,998.0,0,0,0,1,1,2.945066452026367,0.31082916259765625,0.01178431510925293,0.008515357971191406,0.00086212158203125,0.002088308334350586
999,0,0.5034615384615391,992,1000,2,1,999.0,0,0,0,1,1,2.9479851722717285,0.3125629425048828,0.01255488395690918,0.008515357971191406,0.00086212158203125,0.0020971298217773438
1000,0,0.5034615384615391,992,1000,1,1,1000.0,0,0,0,1,1,2.950007677078247,0.3139669895172119,0.013105392456054688,0.008515357971191406,0.00086212158203125,0.002418041229248047
1001,0,0.5034615384615391,992,1000,1,1,1001.0,0,0,0,1,1,2.951198101043701,0.31477880477905273,0.013444900512695312,0.008515357971191406,0.00086212158203125,0.002422332763671875
1002,0,0.5034615384615391,992,1000,1,1,1002.0,0,0,0,1,1,2.952606678009033,0.3155195713043213,0.01408243179321289,0.008515357971191406,0.00086212158203125,0.0024237632751464844
1003,0,0.5034615384615391,992,1000,1,1,1003.0,0,0,0,1,1,2.955034017562866,0.31705331802368164,0.014878273010253906,0.008515357971191406,0.00086212158203125,0.0024285316467285156
1004,0,0.5034615384615391,992,1000,1,1,1004.0,0,0,0,1,1,2.957308292388916,0.31858062744140625,0.015540838241577148,0.008515357971191406,0.00086212158203125,0.002436399459838867
1005,0,0.5034615384615391,992,1000,1,1,1005.0,0,0,0,1,1,2.95986270904541,0.3200812339782715,0.01649022102355957,0.008515357971191406,0.00086212158203125,0.002441883087158203
1006,0,0.5034615384615391,991,1000,1,1,780.0,0,0,1,0,2,2.963909387588501,0.3222920894622803,0.017450571060180664,0.009193181991577148,0.000896453857421875,0.0024492740631103516
1007,0,0.5034615384615391,991,1000,1,1,1007.0,0,0,0,1,1,2.9656872749328613,0.32369542121887207,0.017765283584594727,0.009193181991577148,0.000896453857421875,0.0024552345275878906
1008,0,0.5034615384615391,991,1000,1,1,1008.0,0,0,0,1,1,2.9665794372558594,0.32425403594970703,0.018065690994262695,0.009193181991577148,0.000896453857421875,0.0024569034576416016
1009,0,0.5034615384615391,991,1000,1,1,1009.0,0,0,0,1,1,2.9674229621887207,0.32474422454833984,0.018395423889160156,0.009193181991577148,0.000896453857421875,0.002458333969116211
1010,0,0.5034615384615391,991,1000,1,1,1010.0,0,0,0,1,1,2.9685254096984863,0.3254561424255371,0.01875019073486328,0.009193181991577148,0.000896453857421875,0.0024602413177490234
1011,0,0.5034615384615391,991,1000,1,1,1011.0,0,0,0,1,1,2.9704794883728027,0.3268246650695801,0.019275903701782227,0.009193181991577148,0.000896453857421875,0.0024619102478027344
1012,0,0.5034615384615391,991,1000,1,1,1012.0,0,0,0,1,1,2.9719948768615723,0.32787609100341797,0.01969003677368164,0.009193181991577148,0.000896453857421875,0.002467632293701172
1013,0,0.5034615384615391,990,1000,1,1,29.0,0,0,1,0,2,2.973484516143799,0.3284602165222168,0.020314931869506836,0.009355306625366211,0.0009133815765380859,0.002469778060913086
1014,0,0.5034615384615391,990,1000,1,1,1014.0,0,0,0,1,1,2.9746952056884766,0.3289480209350586,0.021001577377319336,0.009355306625366211,0.0009133815765380859,0.002471446990966797
1015,0,0.5034615384615391,990,1000,1,1,1015.0,0,0,0,1,1,2.9776594638824463,0.33098649978637695,0.02181100845336914,0.009355306625366211,0.0009133815765380859,0.0024781227111816406
1016,0,0.5034615384615391,990,1000,1,1,1016.0,0,0,0,1,1,2.979727268218994,0.3323178291320801,0.022471904754638672,0.009355306625366211,0.0009133815765380859,0.002484560012817383
1017,0,0.5034615384615391,990,1000,1,1,1017.0,0,0,0,1,1,2.981405258178711,0.33356261253356934,0.022858858108520508,0.009355306625366211,0.0009133815765380859,0.0024907588958740234
1018,0,0.5034615384615391,990,1000,1,1,1018.0,0,0,0,1,1,2.982462167739868,0.33421945571899414,0.02322840690612793,0.009355306625366211,0.0009133815765380859,0.0024919509887695312
1019,0,0.5034615384615391,989,1000,2,1,31.0,0,0,1,0,2,2.9841251373291016,0.3349342346191406,0.023874998092651367,0.009523868560791016,0.0009322166442871094,0.002494335174560547
1020,0,0.5034615384615391,989,1000,1,1,1020.0,0,0,0,1,1,2.985124111175537,0.3355386257171631,0.024235010147094727,0.009523868560791016,0.0009322166442871094,0.0024967193603515625
1021,0,0.5034615384615391,989,1000,1,1,1021.0,0,0,0,1,1,2.986691951751709,0.33654356002807617,0.024741649627685547,0.009523868560791016,0.0009322166442871094,0.002499103546142578
1022,0,0.5034615384615391,989,1000,1,1,1022.0,0,0,0,1,1,2.987966775894165,0.3374497890472412,0.02507328987121582,0.009523868560791016,0.0009322166442871094,0.002502918243408203
1023,0,0.5034615384615391,989,1000,1,1,1023.0,0,0,0,1,1,2.9888105392456055,0.33794546127319336,0.025390148162841797,0.009523868560791016,0.0009322166442871094,0.002504587173461914
1024,0,0.5034615384615391,989,1000,1,1,1024.0,0,0,0,1,1,2.989671230316162,0.33846545219421387,0.025710105895996094,0.009523868560791016,0.0009322166442871094,0.002505779266357422
1025,0,0.5034615384615391,989,1000,1,1,1025.0,0,0,0,1,1,2.990593194961548,0.3390629291534424,0.026007413864135742,0.009523868560791016,0.0009322166442871094,0.0025069713592529297
1026,0,0.5034615384615391,989,1000,1,1,1026.0,0,0,0,1,1,2.9915308952331543,0.339580774307251,0.0263974666595459,0.009523868560791016,0.0009322166442871094,0.002508401870727539
1027,0,0.5034615384615391,989,1000,1,1,1027.0,0,0,0,1,1,2.994513511657715,0.3415088653564453,0.027349472045898438,0.009523868560791016,0.0009322166442871094,0.0025141239166259766
1028,0,0.5034615384615391,989,1000,1,1,1028.0,0,0,0,1,1,2.9965598583221436,0.34285807609558105,0.02794647216796875,0.009523868560791016,0.0009322166442871094,0.002521991729736328
1029,0,0.5034615384615391,989,1000,1,1,1029.0,0,0,0,1,1,2.998248815536499,0.34398865699768066,0.02843189239501953,0.009523868560791016,0.0009322166442871094,0.0025272369384765625
1030,0,0.5034615384615391,989,1000,1,1,1030.0,0,0,0,1,1,2.9994711875915527,0.3448374271392822,0.028765439987182617,0.009523868560791016,0.0009322166442871094,0.0025320053100585938
1031,0,0.5034615384615391,989,1000,1,1,1031.0,0,0,0,1,1,3.0003502368927,0.3453819751739502,0.029068946838378906,0.009523868560791016,0.0009322166442871094,0.0025336742401123047
1032,0,0.5034615384615391,989,1000,1,1,1032.0,0,0,0,1,1,3.0014472007751465,0.34597110748291016,0.02953624725341797,0.009523868560791016,0.0009322166442871094,0.002535104751586914
1033,0,0.5034615384615391,989,1000,1,1,1033.0,0,0,0,1,1,3.003251314163208,0.3471512794494629,0.03008890151977539,0.009523868560791016,0.0009322166442871094,0.002539396286010742
1034,0,0.5034615384615391,989,1000,1,1,1034.0,0,0,0,1,1,3.0043258666992188,0.3478817939758301,0.030396461486816406,0.009523868560791016,0.0009322166442871094,0.002543210983276367
1035,0,0.5034615384615391,989,1000,1,1,1035.0,0,0,0,1,1,3.005171060562134,0.3484036922454834,0.030697107315063477,0.009523868560791016,0.0009322166442871094,0.0025451183319091797
1036,0,0.5034615384615391,989,1000,1,1,1036.0,0,0,0,1,1,3.006030559539795,0.348919153213501,0.031010866165161133,0.009523868560791016,0.0009322166442871094,0.0025463104248046875
1037,0,0.5034615384615391,989,1000,1,1,1037.0,0,0,0,1,1,3.0068533420562744,0.3493771553039551,0.03134727478027344,0.009523868560791016,0.0009322166442871094,0.002547740936279297
1038,0,0.5034615384615391,989,1000,1,1,1038.0,0,0,0,1,1,3.007805109024048,0.34995532035827637,0.031690359115600586,0.009523868560791016,0.0009322166442871094,0.0025491714477539062
1039,0,0.5034615384615391,989,1000,1,1,1039.0,0,0,0,1,1,3.0105371475219727,0.35187530517578125,0.03237485885620117,0.009523868560791016,0.0009322166442871094,0.002550840377807617
1040,0,0.5034615384615391,989,1000,1,1,1040.0,0,0,0,1,1,3.0123836994171143,0.35312771797180176,0.032907724380493164,0.009523868560791016,0.0009322166442871094,0.0025568008422851562
1041,0,0.5034615384615391,989,1000,1,1,1041.0,0,0,0,1,1,3.0142695903778076,0.3544282913208008,0.03342390060424805,0.009523868560791016,0.0009322166442871094,0.0025620460510253906
1042,0,0.5034615384615391,989,1000,1,1,1042.0,0,0,0,1,1,3.015382766723633,0.3551757335662842,0.033751726150512695,0.009523868560791016,0.0009322166442871094,0.002565622329711914
1043,0,0.5034615384615391,989,1000,1,1,1043.0,0,0,0,1,1,3.0162160396575928,0.3556685447692871,0.03406405448913574,0.009523868560791016,0.0009322166442871094,0.0025675296783447266
1044,0,0.5034615384615391,989,1000,1,1,1044.0,0,0,0,1,1,3.0170083045959473,0.3561415672302246,0.03435707092285156,0.009523868560791016,0.0009322166442871094,0.0025691986083984375
1045,0,0.5034615384615391,989,1000,1,1,1045.0,0,0,0,1,1,3.017899513244629,0.35670995712280273,0.03465151786804199,0.009523868560791016,0.0009322166442871094,0.002570629119873047
1046,0,0.5034615384615391,989,1000,1,1,1046.0,0,0,0,1,1,3.018742799758911,0.35719871520996094,0.034980058670043945,0.009523868560791016,0.0009322166442871094,0.0025720596313476562
1047,0,0.5034615384615391,989,1000,1,1,1047.0,0,0,0,1,1,3.019608974456787,0.35772013664245605,0.03529953956604004,0.009523868560791016,0.0009322166442871094,0.0025730133056640625
1048,0,0.5034615384615391,990,1000,1,1,1048.0,0,0,0,1,0,3.020395517349243,0.35819411277770996,0.03558945655822754,0.009523868560791016,0.0009322166442871094,0.0025742053985595703
1049,0,0.5034615384615391,990,1000,1,1,1049.0,0,0,0,1,1,3.0211873054504395,0.3586540222167969,0.035895586013793945,0.009523868560791016,0.0009322166442871094,0.0025756359100341797
1050,0,0.5034615384615391,990,1000,1,1,1050.0,0,0,0,1,1,3.0219993591308594,0.3591489791870117,0.03618788719177246,0.009523868560791016,0.0009322166442871094,0.0025773048400878906
1051,0,0.5034615384615391,989,1000,1,1,403.0,0,0,1,0,2,3.0234146118164062,0.3595855236053467,0.03681373596191406,0.009745597839355469,0.0009517669677734375,0.0025787353515625
1052,0,0.5034615384615391,989,1000,1,1,1052.0,0,0,0,1,1,3.024279832839966,0.36008644104003906,0.03715348243713379,0.009745597839355469,0.0009517669677734375,0.0025801658630371094
1053,0,0.5034615384615391,990,1000,1,1,1053.0,0,0,0,1,0,3.0256059169769287,0.36064600944519043,0.0378422737121582,0.009745597839355469,0.0009517669677734375,0.002581357955932617
1054,0,0.5034615384615391,989,1000,1,1,521.0,0,0,1,0,2,3.029017925262451,0.3625216484069824,0.03878283500671387,0.010113716125488281,0.0009779930114746094,0.002589702606201172
1055,0,0.5034615384615391,989,1000,1,1,1055.0,0,0,0,1,1,3.0309665203094482,0.363940954208374,0.03924441337585449,0.010113716125488281,0.0009779930114746094,0.0025963783264160156
1056,0,0.5034615384615391,989,1000,1,1,1056.0,0,0,0,1,1,3.031980514526367,0.364591121673584,0.039575815200805664,0.010113716125488281,0.0009779930114746094,0.0025987625122070312
1057,0,0.5034615384615391,990,1000,1,1,1057.0,0,0,0,1,0,3.0328502655029297,0.36511850357055664,0.039893388748168945,0.010113716125488281,0.0009779930114746094,0.0026001930236816406
1058,0,0.5034615384615391,990,1000,1,1,1058.0,0,0,0,1,1,3.033682107925415,0.3656156063079834,0.04019522666931152,0.010113716125488281,0.0009779930114746094,0.0026013851165771484
1059,0,0.5034615384615391,990,1000,2,1,1059.0,0,0,0,1,1,3.0346567630767822,0.36621785163879395,0.04053974151611328,0.010113716125488281,0.0009779930114746094,0.0026035308837890625
1060,0,0.5034615384615391,990,1000,1,1,1060.0,0,0,0,1,1,3.0355162620544434,0.36670637130737305,0.040884971618652344,0.010113716125488281,0.0009779930114746094,0.002604961395263672
1061,0,0.5034615384615391,990,1000,1,1,1061.0,0,0,0,1,1,3.0364325046539307,0.36725282669067383,0.041230201721191406,0.010113716125488281,0.0009779930114746094,0.0026063919067382812
1062,0,0.5034615384615391,990,1000,1,1,1062.0,0,0,0,1,1,3.0372703075408936,0.367750883102417,0.041542768478393555,0.010113716125488281,0.0009779930114746094,0.0026073455810546875
1063,0,0.5034615384615391,990,1000,2,2,855.3333333333334,0,0,2,0,2,3.0387604236602783,0.3682577610015869,0.04214286804199219,0.01034235954284668,0.0009949207305908203,0.0026085376739501953
1064,0,0.5034615384615391,990,1000,1,1,1064.0,0,0,0,1,1,3.0396060943603516,0.3687441349029541,0.04247331619262695,0.01034235954284668,0.0009949207305908203,0.002610445022583008
1065,0,0.5034615384615391,990,1000,1,1,1065.0,0,0,0,1,1,3.0404531955718994,0.36922740936279297,0.04281473159790039,0.01034235954284668,0.0009949207305908203,0.0026116371154785156
1066,0,0.5034615384615391,990,1000,1,1,1066.0,0,0,0,1,1,3.041301727294922,0.3697376251220703,0.04312729835510254,0.01034235954284668,0.0009949207305908203,0.0026128292083740234
1067,0,0.5034615384615391,990,1000,1,1,1067.0,0,0,0,1,1,3.043571949005127,0.3709743022918701,0.044039249420166016,0.01034235954284668,0.0009949207305908203,0.0026154518127441406
1068,0,0.5034615384615391,990,1000,1,1,1068.0,0,0,0,1,1,3.0454509258270264,0.37221384048461914,0.044599056243896484,0.01034235954284668,0.0009949207305908203,0.002622365951538086
1069,0,0.5034615384615391,990,1000,1,1,1069.0,0,0,0,1,1,3.0473427772521973,0.37345075607299805,0.045187950134277344,0.01034235954284668,0.0009949207305908203,0.002628326416015625
1070,0,0.5034615384615391,989,1000,1,1,609.0,0,0,1,0,2,3.049945592880249,0.3746836185455322,0.04604840278625488,0.010676383972167969,0.0010228157043457031,0.0026335716247558594
1071,0,0.5034615384615391,989,1000,1,1,1071.0,0,0,0,1,1,3.0517892837524414,0.37587618827819824,0.04662799835205078,0.010676383972167969,0.0010228157043457031,0.0026378631591796875
1072,0,0.5034615384615391,989,1000,1,1,1072.0,0,0,0,1,1,3.053640604019165,0.37710094451904297,0.04718208312988281,0.010676383972167969,0.0010228157043457031,0.0026426315307617188
1073,0,0.5034615384615391,989,1000,1,1,1073.0,0,0,0,1,1,3.0550944805145264,0.37810206413269043,0.0475926399230957,0.010676383972167969,0.0010228157043457031,0.0026481151580810547
1074,0,0.5034615384615391,989,1000,1,1,1074.0,0,0,0,1,1,3.0560574531555176,0.37871551513671875,0.04791259765625,0.010676383972167969,0.0010228157043457031,0.0026502609252929688
1075,0,0.5034615384615391,989,1000,1,1,1075.0,0,0,0,1,1,3.056929111480713,0.37923693656921387,0.04823899269104004,0.010676383972167969,0.0010228157043457031,0.002651691436767578
1076,0,0.5034615384615391,989,1000,1,1,1076.0,0,0,0,1,1,3.0578932762145996,0.3798208236694336,0.048595428466796875,0.010676383972167969,0.0010228157043457031,0.002652883529663086
1077,0,0.5034615384615391,989,1000,1,1,1077.0,0,0,0,1,1,3.0612921714782715,0.3821132183074951,0.04959678649902344,0.010676383972167969,0.0010228157043457031,0.0026559829711914062
1078,0,0.5034615384615391,989,1000,1,1,1078.0,0,0,0,1,1,3.064753293991089,0.38402485847473145,0.05101776123046875,0.010676383972167969,0.0010228157043457031,0.0026650428771972656
1079,0,0.5034615384615391,989,1000,1,1,1079.0,0,0,0,1,1,3.0670065879821777,0.38544774055480957,0.05174875259399414,0.010676383972167969,0.0010228157043457031,0.0026764869689941406
1080,0,0.5034615384615391,989,1000,1,1,1080.0,0,0,0,1,1,3.0691967010498047,0.3868889808654785,0.05238842964172363,0.010676383972167969,0.0010228157043457031,0.0026853084564208984
1081,0,0.5034615384615391,989,1000,1,1,1081.0,0,0,0,1,1,3.071490526199341,0.3884248733520508,0.05305790901184082,0.010676383972167969,0.0010228157043457031,0.002691507339477539
1082,0,0.5034615384615391,989,1000,1,1,1082.0,0,0,0,1,1,3.07326078414917,0.38959670066833496,0.053598642349243164,0.010676383972167969,0.0010228157043457031,0.002696514129638672
1083,0,0.5034615384615391,989,1000,1,1,1083.0,0,0,0,1,1,3.0770819187164307,0.39073657989501953,0.05617666244506836,0.010676383972167969,0.0010228157043457031,0.002702951431274414
1084,0,0.5034615384615391,989,1000,2,1,1084.0,0,0,0,1,1,3.079472780227661,0.39214301109313965,0.057048797607421875,0.010676383972167969,0.0010228157043457031,0.002716064453125
1085,0,0.5034615384615391,989,1000,1,1,1085.0,0,0,0,1,1,3.082092046737671,0.39377808570861816,0.057947635650634766,0.010676383972167969,0.0010228157043457031,0.0027229785919189453
1086,0,0.5034615384615391,989,1000,1,1,1086.0,0,0,0,1,1,3.0843944549560547,0.3953874111175537,0.058557987213134766,0.010676383972167969,0.0010228157043457031,0.0027303695678710938
1087,0,0.5034615384615391,989,1000,1,1,1087.0,0,0,0,1,1,3.086003303527832,0.3966183662414551,0.058893442153930664,0.010676383972167969,0.0010228157043457031,0.0027365684509277344
1088,0,0.5034615384615391,989,1000,1,1,1088.0,0,0,0,1,1,3.086979389190674,0.3972766399383545,0.059186697006225586,0.010676383972167969,0.0010228157043457031,0.0027379989624023438
1089,0,0.5034615384615391,989,1000,1,1,1089.0,0,0,0,1,1,3.08780574798584,0.3977499008178711,0.059514522552490234,0.010676383972167969,0.0010228157043457031,0.0027391910552978516
1090,0,0.5034615384615391,989,1000,1,1,1090.0,0,0,0,1,1,3.0888636112213135,0.39837217330932617,0.05991339683532715,0.010676383972167969,0.0010228157043457031,0.0027403831481933594
1091,0,0.5034615384615391,989,1000,1,1,1091.0,0,0,0,1,1,3.0899405479431152,0.3990821838378906,0.060245513916015625,0.010676383972167969,0.0010228157043457031,0.002743244171142578
1092,0,0.5034615384615391,989,1000,1,1,1092.0,0,0,0,1,1,3.090801954269409,0.3995797634124756,0.06058144569396973,0.010676383972167969,0.0010228157043457031,0.002744436264038086
1093,0,0.5034615384615391,989,1000,1,1,1093.0,0,0,0,1,1,3.093719482421875,0.40055036544799805,0.062066078186035156,0.010676383972167969,0.0010228157043457031,0.0027456283569335938
1094,0,0.5034615384615391,989,1000,1,1,1094.0,0,0,0,1,1,3.0961713790893555,0.402254581451416,0.062713623046875,0.010676383972167969,0.0010228157043457031,0.0027556419372558594
1095,0,0.5034615384615391,989,1000,1,1,1095.0,0,0,0,1,1,3.0987751483917236,0.40395259857177734,0.06352829933166504,0.010676383972167969,0.0010228157043457031,0.0027618408203125
1096,0,0.5034615384615391,989,1000,1,1,1096.0,0,0,0,1,1,3.1016390323638916,0.40560054779052734,0.06461620330810547,0.010676383972167969,0.0010228157043457031,0.002772808074951172
1097,0,0.5034615384615391,989,1000,1,1,1097.0,0,0,0,1,1,3.1041476726531982,0.40723466873168945,0.06539368629455566,0.010676383972167969,0.0010228157043457031,0.002783536911010742
1098,0,0.5034615384615391,989,1000,2,1,1098.0,0,0,0,1,1,3.1067707538604736,0.40912723541259766,0.06603431701660156,0.010676383972167969,0.0010228157043457031,0.0027909278869628906
1099,0,0.5034615384615391,989,1000,1,1,1099.0,0,0,0,1,1,3.109813690185547,0.41040611267089844,0.06770944595336914,0.010676383972167969,0.0010228157043457031,0.0027959346771240234
1100,0,0.5034615384615391,989,1000,1,1,1100.0,0,0,0,1,1,3.112067222595215,0.41185736656188965,0.06839156150817871,0.010676383972167969,0.0010228157043457031,0.002825498580932617
1101,0,0.5034615384615391,989,1000,1,1,1101.0,0,0,0,1,1,3.114196538925171,0.41318535804748535,0.06909418106079102,0.010676383972167969,0.0010228157043457031,0.002831697463989258
1102,0,0.5034615384615391,989,1000,1,1,1102.0,0,0,0,1,1,3.116351366043091,0.4147658348083496,0.06960272789001465,0.010676383972167969,0.0010228157043457031,0.002838134765625
1103,0,0.5034615384615391,989,1000,1,1,1103.0,0,0,0,1,1,3.118130922317505,0.4157390594482422,0.07032656669616699,0.010676383972167969,0.0010228157043457031,0.0028409957885742188
1104,0,0.5034615384615391,989,1000,1,1,1104.0,0,0,0,1,1,3.1205947399139404,0.41716647148132324,0.07127189636230469,0.010676383972167969,0.0010228157043457031,0.002846956253051758
1105,0,0.5034615384615391,989,1000,1,1,1105.0,0,0,0,1,1,3.1224820613861084,0.4185924530029297,0.07166600227355957,0.010676383972167969,0.0010228157043457031,0.002855062484741211
1106,0,0.5034615384615391,989,1000,2,1,1106.0,0,0,0,1,1,3.1233062744140625,0.41905999183654785,0.0719914436340332,0.010676383972167969,0.0010228157043457031,0.002856731414794922
1107,0,0.5034615384615391,989,1000,1,1,1107.0,0,0,0,1,1,3.124224901199341,0.41965270042419434,0.0722813606262207,0.010676383972167969,0.0010228157043457031,0.0028579235076904297
1108,0,0.5034615384615391,989,1000,1,1,1108.0,0,0,0,1,1,3.126224994659424,0.42056989669799805,0.07326412200927734,0.010676383972167969,0.0010228157043457031,0.0028591156005859375
1109,0,0.5034615384615391,989,1000,1,1,1109.0,0,0,0,1,1,3.128037929534912,0.4217488765716553,0.07381868362426758,0.010676383972167969,0.0010228157043457031,0.0028672218322753906
1110,0,0.5034615384615391,989,1000,1,1,1110.0,0,0,0,1,1,3.12931489944458,0.422640323638916,0.07416725158691406,0.010676383972167969,0.0010228157043457031,0.0028722286224365234
1111,0,0.5034615384615391,989,1000,1,1,1111.0,0,0,0,1,1,3.131072998046875,0.4237096309661865,0.07478570938110352,0.010676383972167969,0.0010228157043457031,0.002874135971069336
1112,0,0.5034615384615391,989,1000,1,1,1112.0,0,0,0,1,1,3.1329948902130127,0.42487621307373047,0.07545757293701172,0.010676383972167969,0.0010228157043457031,0.002878904342651367
1113,0,0.5034615384615391,989,1000,1,1,1113.0,0,0,0,1,1,3.135648488998413,0.4265565872192383,0.07634401321411133,0.010676383972167969,0.0010228157043457031,0.0028846263885498047
1114,0,0.5034615384615391,989,1000,1,1,1114.0,0,0,0,1,1,3.1381583213806152,0.42804765701293945,0.07723402976989746,0.010676383972167969,0.0010228157043457031,0.0028922557830810547
1115,0,0.5034615384615391,989,1000,1,1,1115.0,0,0,0,1,1,3.1402170658111572,0.4295170307159424,0.0777595043182373,0.010676383972167969,0.0010228157043457031,0.0028998851776123047
1116,0,0.5034615384615391,989,1000,1,1,1116.0,0,0,0,1,1,3.1412107944488525,0.43008947372436523,0.07815146446228027,0.010676383972167969,0.0010228157043457031,0.0029015541076660156
1117,0,0.5034615384615391,989,1000,1,1,1117.0,0,0,0,1,1,3.1446480751037598,0.43264007568359375,0.07894730567932129,0.010676383972167969,0.0010228157043457031,0.002905130386352539
1118,0,0.5034615384615391,989,1000,1,1,1118.0,0,0,0,1,1,3.1469202041625977,0.43407368659973145,0.07969260215759277,0.010676383972167969,0.0010228157043457031,0.0029129981994628906
1119,0,0.5034615384615391,989,1000,1,1,1119.0,0,0,0,1,1,3.1490440368652344,0.4355146884918213,0.08030319213867188,0.010676383972167969,0.0010228157043457031,0.0029184818267822266
1120,0,0.5034615384615391,989,1000,1,1,1120.0,0,0,0,1,1,3.151146173477173,0.43683767318725586,0.08098411560058594,0.010676383972167969,0.0010228157043457031,0.002922534942626953
1121,0,0.5034615384615391,989,1000,1,1,1121.0,0,0,0,1,1,3.152940511703491,0.4380154609680176,0.08153390884399414,0.010676383972167969,0.0010228157043457031,0.0029277801513671875
1122,0,0.5034615384615391,989,1000,1,1,1122.0,0,0,0,1,1,3.1540632247924805,0.438800573348999,0.08183836936950684,0.010676383972167969,0.0010228157043457031,0.002932310104370117
1123,0,0.5034615384615391,989,1000,1,1,1123.0,0,0,0,1,1,3.155007839202881,0.43941378593444824,0.08214068412780762,0.010676383972167969,0.0010228157043457031,0.0029337406158447266
1124,0,0.5034615384615391,989,1000,1,1,1124.0,0,0,0,1,1,3.1558971405029297,0.4399874210357666,0.08243083953857422,0.010676383972167969,0.0010228157043457031,0.002934694290161133
1125,0,0.5034615384615391,989,1000,1,1,1125.0,0,0,0,1,1,3.156709671020508,0.4404451847076416,0.08276009559631348,0.010676383972167969,0.0010228157043457031,0.0029358863830566406
1126,0,0.5034615384615391,989,1000,1,1,1126.0,0,0,0,1,1,3.1575968265533447,0.4409668445587158,0.08309674263000488,0.010676383972167969,0.0010228157043457031,0.002936840057373047
1127,0,0.5034615384615391,989,1000,1,1,1127.0,0,0,0,1,1,3.1589150428771973,0.44161343574523926,0.0836944580078125,0.010676383972167969,0.0010228157043457031,0.002937793731689453
1128,0,0.5034615384615391,989,1000,1,1,1128.0,0,0,0,1,1,3.16101336479187,0.44298648834228516,0.08433127403259277,0.010676383972167969,0.0010228157043457031,0.0029473304748535156
1129,0,0.5034615384615391,989,1000,1,1,1129.0,0,0,0,1,1,3.1624367237091064,0.444042444229126,0.08466243743896484,0.010676383972167969,0.0010228157043457031,0.0029535293579101562
1130,0,0.5034615384615391,989,1000,1,1,1130.0,0,0,0,1,1,3.163276195526123,0.44453883171081543,0.08497786521911621,0.010676383972167969,0.0010228157043457031,0.002955198287963867
1131,0,0.5034615384615391,989,1000,1,1,1131.0,0,0,0,1,1,3.1648199558258057,0.44531679153442383,0.08568692207336426,0.010676383972167969,0.0010228157043457031,0.0029566287994384766
1132,0,0.5034615384615391,989,1000,1,1,1132.0,0,0,0,1,1,3.167249917984009,0.446868896484375,0.086456298828125,0.010676383972167969,0.0010228157043457031,0.0029630661010742188
1133,0,0.5034615384615391,989,1000,1,1,1133.0,0,0,0,1,1,3.170046329498291,0.4485137462615967,0.0875082015991211,0.010676383972167969,0.0010228157043457031,0.002969503402709961
1134,0,0.5034615384615391,989,1000,1,1,1134.0,0,0,0,1,1,3.1719934940338135,0.4498724937438965,0.08801150321960449,0.010676383972167969,0.0010228157043457031,0.002979278564453125
1135,0,0.5034615384615391,989,1000,1,1,1135.0,0,0,0,1,1,3.1730875968933105,0.45059943199157715,0.08834266662597656,0.010676383972167969,0.0010228157043457031,0.002985239028930664
1136,0,0.5034615384615391,990,1000,1,1,1136.0,0,0,0,1,0,3.173982620239258,0.4511735439300537,0.08864045143127441,0.010676383972167969,0.0010228157043457031,0.002986431121826172
1137,0,0.5034615384615391,990,1000,1,1,1137.0,0,0,0,1,1,3.1753737926483154,0.4517173767089844,0.08942532539367676,0.010676383972167969,0.0010228157043457031,0.002987384796142578
1138,0,0.5034615384615391,990,1000,2,1,1138.0,0,0,0,1,1,3.178013563156128,0.45357561111450195,0.09010696411132812,0.010676383972167969,0.0010228157043457031,0.0029964447021484375
1139,0,0.5034615384615391,990,1000,1,1,1139.0,0,0,0,1,1,3.1794681549072266,0.45461153984069824,0.09048318862915039,0.010676383972167969,0.0010228157043457031,0.0030028820037841797
1140,0,0.5034615384615391,990,1000,1,1,1140.0,0,0,0,1,1,3.1819956302642822,0.4560534954071045,0.09144210815429688,0.010676383972167969,0.0010228157043457031,0.0030052661895751953
1141,0,0.5034615384615391,990,1000,1,1,1141.0,0,0,0,1,1,3.1847054958343506,0.4578533172607422,0.09224510192871094,0.010676383972167969,0.0010228157043457031,0.0030150413513183594
1142,0,0.5034615384615391,990,1000,1,1,1142.0,0,0,0,1,1,3.187030553817749,0.45943450927734375,0.09290742874145508,0.010676383972167969,0.0010228157043457031,0.003021717071533203
1143,0,0.5034615384615391,990,1000,1,1,1143.0,0,0,0,1,1,3.188941717147827,0.4606766700744629,0.09350371360778809,0.010676383972167969,0.0010228157043457031,0.0030264854431152344
1144,0,0.5034615384615391,990,1000,1,1,1144.0,0,0,0,1,1,3.1903345584869385,0.461681604385376,0.09383082389831543,0.010676383972167969,0.0010228157043457031,0.0030317306518554688
1145,0,0.5034615384615391,990,1000,1,1,1145.0,0,0,0,1,1,3.191401481628418,0.462324857711792,0.09422016143798828,0.010676383972167969,0.0010228157043457031,0.0030333995819091797
1146,0,0.5034615384615391,990,1000,1,1,1146.0,0,0,0,1,1,3.1936914920806885,0.46384763717651367,0.09487390518188477,0.010676383972167969,0.0010228157043457031,0.003038167953491211
1147,0,0.5034615384615391,990,1000,1,1,1147.0,0,0,0,1,1,3.1962363719940186,0.46549248695373535,0.09567928314208984,0.010676383972167969,0.0010228157043457031,0.0030448436737060547
1148,0,0.5034615384615391,990,1000,1,1,1148.0,0,0,0,1,1,3.1986496448516846,0.4670219421386719,0.09645199775695801,0.010676383972167969,0.0010228157043457031,0.003051280975341797
1149,0,0.5034615384615391,990,1000,1,1,1149.0,0,0,0,1,1,3.2011349201202393,0.468630313873291,0.09723854064941406,0.010676383972167969,0.0010228157043457031,0.0030586719512939453
1150,0,0.5034615384615391,990,1000,1,1,1150.0,0,0,0,1,1,3.2032663822174072,0.4700186252593994,0.09789514541625977,0.010676383972167969,0.0010228157043457031,0.0030672550201416016
1151,0,0.5034615384615391,990,1000,1,1,1151.0,0,0,0,1,1,3.20550274848938,0.471451997756958,0.09862160682678223,0.010676383972167969,0.0010228157043457031,0.0030739307403564453
1152,0,0.5034615384615391,990,1000,1,1,1152.0,0,0,0,1,1,3.2067477703094482,0.4723644256591797,0.09891986846923828,0.010676383972167969,0.0010228157043457031,0.0030786991119384766
1153,0,0.5034615384615391,990,1000,2,1,1153.0,0,0,0,1,1,3.207566499710083,0.47286462783813477,0.09920763969421387,0.010676383972167969,0.0010228157043457031,0.003080129623413086
1154,0,0.5034615384615391,990,1000,1,1,1154.0,0,0,0,1,1,3.2089030742645264,0.47354769706726074,0.09980463981628418,0.010676383972167969,0.0010228157043457031,0.0030815601348876953
1155,0,0.5034615384615391,990,1000,1,1,1155.0,0,0,0,1,1,3.2112624645233154,0.4751291275024414,0.10049295425415039,0.010676383972167969,0.0010228157043457031,0.0030875205993652344
1156,0,0.5034615384615391,990,1000,1,1,1156.0,0,0,0,1,1,3.212921380996704,0.4762914180755615,0.10093402862548828,0.010676383972167969,0.0010228157043457031,0.0030930042266845703
1157,0,0.5034615384615391,990,1000,1,1,1157.0,0,0,0,1,1,3.214524745941162,0.4774026870727539,0.10136961936950684,0.010676383972167969,0.0010228157043457031,0.003097057342529297
1158,0,0.5034615384615391,990,1000,1,1,1158.0,0,0,0,1,1,3.216057062149048,0.4782085418701172,0.10203695297241211,0.010676383972167969,0.0010228157043457031,0.0030989646911621094
1159,0,0.5034615384615391,990,1000,1,1,1159.0,0,0,0,1,1,3.2180471420288086,0.4795212745666504,0.10264444351196289,0.010676383972167969,0.0010228157043457031,0.0031054019927978516
1160,0,0.5034615384615391,990,1000,1,1,1160.0,0,0,0,1,1,3.2205002307891846,0.48115992546081543,0.1033475399017334,0.010676383972167969,0.0010228157043457031,0.0031096935272216797
1161,0,0.5034615384615391,990,1000,1,1,1161.0,0,0,0,1,1,3.221832036972046,0.48215627670288086,0.10364317893981934,0.010676383972167969,0.0010228157043457031,0.0031156539916992188
1162,0,0.5034615384615391,990,1000,1,1,1162.0,0,0,0,1,1,3.2227649688720703,0.4827277660369873,0.1039731502532959,0.010676383972167969,0.0010228157043457031,0.0031168460845947266
1163,0,0.5034615384615391,990,1000,1,1,1163.0,0,0,0,1,1,3.2236328125,0.4832785129547119,0.10426497459411621,0.010676383972167969,0.0010228157043457031,0.0031180381774902344
1164,0,0.5034615384615391,990,1000,1,1,1164.0,0,0,0,1,1,3.2245311737060547,0.4838435649871826,0.10457396507263184,0.010676383972167969,0.0010228157043457031,0.0031189918518066406
1165,0,0.5034615384615391,990,1000,1,1,1165.0,0,0,0,1,1,3.226926326751709,0.4851558208465576,0.1055748462677002,0.010676383972167969,0.0010228157043457031,0.0031213760375976562
1166,0,0.5034615384615391,990,1000,1,1,1166.0,0,0,0,1,1,3.2294695377349854,0.4868025779724121,0.10636401176452637,0.010676383972167969,0.0010228157043457031,0.0031304359436035156
1167,0,0.5034615384615391,990,1000,1,1,1167.0,0,0,0,1,1,3.2318129539489746,0.48838114738464355,0.10704922676086426,0.010676383972167969,0.0010228157043457031,0.0031375885009765625
1168,0,0.5034615384615391,990,1000,1,1,1168.0,0,0,0,1,1,3.234161138534546,0.48997926712036133,0.10771012306213379,0.010676383972167969,0.0010228157043457031,0.003145456314086914
1169,0,0.5034615384615391,990,1000,1,1,1169.0,0,0,0,1,1,3.2359979152679443,0.4913754463195801,0.10810327529907227,0.010676383972167969,0.0010228157043457031,0.003151416778564453
1170,0,0.5034615384615391,990,1000,1,1,1170.0,0,0,0,1,1,3.237022638320923,0.49202799797058105,0.1084434986114502,0.010676383972167969,0.0010228157043457031,0.0031540393829345703
1171,0,0.5034615384615391,990,1000,1,1,1171.0,0,0,0,1,1,3.2379751205444336,0.49260425567626953,0.10878825187683105,0.010676383972167969,0.0010228157043457031,0.0031554698944091797
1172,0,0.5034615384615391,990,1000,1,1,1172.0,0,0,0,1,1,3.2388744354248047,0.4931223392486572,0.10914158821105957,0.010676383972167969,0.0010228157043457031,0.003157377243041992
1173,0,0.5034615384615391,990,1000,1,1,1173.0,0,0,0,1,1,3.239666223526001,0.4935879707336426,0.10944342613220215,0.010676383972167969,0.0010228157043457031,0.0031585693359375
1174,0,0.5034615384615391,990,1000,1,1,1174.0,0,0,0,1,1,3.24051570892334,0.4941070079803467,0.10974383354187012,0.010676383972167969,0.0010228157043457031,0.0031595230102539062
1175,0,0.5034615384615391,990,1000,1,1,1175.0,0,0,0,1,1,3.2414662837982178,0.49463605880737305,0.11013984680175781,0.010676383972167969,0.0010228157043457031,0.003160715103149414
1176,0,0.5034615384615391,991,1000,1,1,1176.0,0,0,0,1,0,3.2441117763519287,0.4962444305419922,0.11106634140014648,0.010676383972167969,0.0010228157043457031,0.0031647682189941406
1177,0,0.5034615384615391,991,1000,1,1,1177.0,0,0,0,1,1,3.246065378189087,0.4976372718811035,0.11155891418457031,0.010676383972167969,0.0010228157043457031,0.003172159194946289
1178,0,0.5034615384615391,991,1000,1,1,1178.0,0,0,0,1,1,3.24796724319458,0.4987494945526123,0.11227226257324219,0.010676383972167969,0.0010228157043457031,0.0031747817993164062
1179,0,0.5034615384615391,991,1000,1,1,1179.0,0,0,0,1,1,3.25032377243042,0.500321626663208,0.11297130584716797,0.010676383972167969,0.0010228157043457031,0.0031816959381103516
1180,0,0.5034615384615391,991,1000,1,1,1180.0,0,0,0,1,1,3.252218246459961,0.5016536712646484,0.11347746849060059,0.010676383972167969,0.0010228157043457031,0.0031867027282714844
1181,0,0.5034615384615391,991,1000,1,1,1181.0,0,0,0,1,1,3.253082752227783,0.5021693706512451,0.11379528045654297,0.010676383972167969,0.0010228157043457031,0.003188610076904297
1182,0,0.5034615384615391,991,1000,1,1,1182.0,0,0,0,1,1,3.2540628910064697,0.5027949810028076,0.11412239074707031,0.010676383972167969,0.0010228157043457031,0.0031898021697998047
1183,0,0.5034615384615391,991,1000,1,1,1183.0,0,0,0,1,1,3.2549872398376465,0.5033712387084961,0.11443448066711426,0.010676383972167969,0.0010228157043457031,0.0031909942626953125
1184,0,0.5034615384615391,991,1000,2,2,332.0,0,0,2,0,2,3.2576701641082764,0.5043022632598877,0.11572122573852539,0.010977506637573242,0.0010528564453125,0.003193378448486328
1185,0,0.5034615384615391,991,1000,2,1,1185.0,0,0,0,1,1,3.261692523956299,0.5069689750671387,0.11692190170288086,0.010977506637573242,0.0010528564453125,0.0032033920288085938
1186,0,0.5034615384615391,991,1000,1,1,1186.0,0,0,0,1,1,3.26568865776062,0.5093822479248047,0.1183614730834961,0.010977506637573242,0.0010528564453125,0.0032138824462890625
1187,0,0.5034615384615391,991,1000,1,1,1187.0,0,0,0,1,1,3.268669605255127,0.5110399723052979,0.11957621574401855,0.010977506637573242,0.0010528564453125,0.003225564956665039
1188,0,0.5034615384615391,991,1000,1,1,1188.0,0,0,0,1,1,3.270636796951294,0.5124013423919678,0.1201171875,0.010977506637573242,0.0010528564453125,0.0032339096069335938
1189,0,0.5034615384615391,991,1000,1,1,1189.0,0,0,0,1,1,3.272712469100952,0.5138339996337891,0.12069368362426758,0.010977506637573242,0.0010528564453125,0.0032389163970947266
1190,0,0.5034615384615391,991,1000,1,1,1190.0,0,0,0,1,1,3.2739908695220947,0.5147395133972168,0.12102842330932617,0.010977506637573242,0.0010528564453125,0.003242969512939453
1191,0,0.5034615384615391,991,1000,1,1,1191.0,0,0,0,1,1,3.2753851413726807,0.5154597759246826,0.12161016464233398,0.010977506637573242,0.0010528564453125,0.0032448768615722656
1192,0,0.5034615384615391,991,1000,1,1,1192.0,0,0,0,1,1,3.2779722213745117,0.5170066356658936,0.12255358695983887,0.010977506637573242,0.0010528564453125,0.0032503604888916016
1193,0,0.5034615384615391,991,1000,1,1,1193.0,0,0,0,1,1,3.28043532371521,0.5186779499053955,0.1232614517211914,0.010977506637573242,0.0010528564453125,0.003259897232055664
1194,0,0.5034615384615391,991,1000,1,1,1194.0,0,0,0,1,1,3.2819643020629883,0.5198330879211426,0.1235966682434082,0.010977506637573242,0.0010528564453125,0.0032651424407958984
1195,0,0.5034615384615391,991,1000,1,1,1195.0,0,0,0,1,1,3.283745765686035,0.5209522247314453,0.12418746948242188,0.010977506637573242,0.0010528564453125,0.0032668113708496094
1196,0,0.5034615384615391,991,1000,1,1,1196.0,0,0,0,1,1,3.2861406803131104,0.5225338935852051,0.12491011619567871,0.010977506637573242,0.0010528564453125,0.0032739639282226562
1197,0,0.5034615384615391,991,1000,1,1,695.0,0,0,2,0,2,3.288956880569458,0.5239837169647217,0.12579011917114258,0.011307477951049805,0.0010743141174316406,0.0032804012298583984
1198,0,0.5034615384615391,991,1000,1,1,1198.0,0,0,0,1,1,3.290052652359009,0.5247335433959961,0.12609505653381348,0.011307477951049805,0.0010743141174316406,0.0032835006713867188
1199,0,0.5034615384615391,991,1000,2,1,1199.0,0,0,0,1,1,3.291019916534424,0.5252761840820312,0.1264791488647461,0.011307477951049805,0.0010743141174316406,0.0032846927642822266
1200,0,0.5034615384615391,991,1000,1,1,1200.0,0,0,0,1,1,3.2933197021484375,0.5262341499328613,0.12772917747497559,0.011307477951049805,0.0010743141174316406,0.0032868385314941406
1201,0,0.5034615384615391,991,1000,1,1,1003.0,0,0,2,0,2,3.2967851161956787,0.5279111862182617,0.12882399559020996,0.011776924133300781,0.0011010169982910156,0.0032994747161865234
1202,0,0.5034615384615391,991,1000,1,1,1202.0,0,0,0,1,1,3.298617362976074,0.5292336940765381,0.12926912307739258,0.011776924133300781,0.0011010169982910156,0.003305673599243164
1203,0,0.5034615384615391,991,1000,1,1,1203.0,0,0,0,1,1,3.300642728805542,0.5305604934692383,0.12988567352294922,0.011776924133300781,0.0011010169982910156,0.0033135414123535156
1204,0,0.5034615384615391,991,1000,1,1,1204.0,0,0,0,1,1,3.302922010421753,0.5320465564727783,0.13059782981872559,0.011776924133300781,0.0011010169982910156,0.0033206939697265625
1205,0,0.5034615384615391,991,1000,1,1,1205.0,0,0,0,1,1,3.304584503173828,0.5333354473114014,0.1309337615966797,0.011776924133300781,0.0011010169982910156,0.003326892852783203
1206,0,0.5034615384615391,991,1000,1,1,1206.0,0,0,0,1,1,3.305612564086914,0.5340127944946289,0.1312551498413086,0.011776924133300781,0.0011010169982910156,0.003328084945678711
1207,0,0.5034615384615391,991,1000,1,1,1207.0,0,0,0,1,1,3.3065195083618164,0.5345818996429443,0.13156867027282715,0.011776924133300781,0.0011010169982910156,0.0033292770385742188
1208,0,0.5034615384615391,991,1000,1,1,1208.0,0,0,0,1,1,3.307426691055298,0.5351133346557617,0.13190817832946777,0.011776924133300781,0.0011010169982910156,0.003330707550048828
1209,0,0.5034615384615391,991,1000,1,1,1209.0,0,0,0,1,1,3.308666229248047,0.5357229709625244,0.1324782371520996,0.011776924133300781,0.0011010169982910156,0.003331899642944336
1210,0,0.5034615384615391,991,1000,1,1,377.0,0,0,2,0,2,3.311941623687744,0.5374219417572021,0.13341236114501953,0.012197494506835938,0.0011279582977294922,0.0033397674560546875
1211,0,0.5034615384615391,991,1000,1,1,1211.0,0,0,0,1,1,3.313849449157715,0.5387589931488037,0.1339104175567627,0.012197494506835938,0.0011279582977294922,0.0033464431762695312
1212,0,0.5034615384615391,991,1000,1,1,1212.0,0,0,0,1,1,3.3151767253875732,0.539710521697998,0.13424324989318848,0.012197494506835938,0.0011279582977294922,0.003350496292114258
1213,0,0.5034615384615391,991,1000,1,1,1213.0,0,0,0,1,1,3.3174936771392822,0.5409696102142334,0.1352250576019287,0.012197494506835938,0.0011279582977294922,0.0033521652221679688
1214,0,0.5034615384615391,991,1000,1,1,1214.0,0,0,0,1,1,3.319662570953369,0.5423681735992432,0.135908842086792,0.012197494506835938,0.0011279582977294922,0.0033588409423828125
1215,0,0.5034615384615391,991,1000,1,1,1215.0,0,0,0,1,1,3.320949077606201,0.5432839393615723,0.13623905181884766,0.012197494506835938,0.0011279582977294922,0.003363370895385742
1216,0,0.5034615384615391,991,1000,1,1,1216.0,0,0,0,1,1,3.321946144104004,0.5439438819885254,0.1365492343902588,0.012197494506835938,0.0011279582977294922,0.0033648014068603516
1217,0,0.5034615384615391,991,1000,1,1,1217.0,0,0,0,1,1,3.3227767944335938,0.5444254875183105,0.1368727684020996,0.012197494506835938,0.0011279582977294922,0.0033659934997558594
1218,0,0.5034615384615391,991,1000,1,1,1218.0,0,0,0,1,1,3.3236725330352783,0.5449774265289307,0.13719463348388672,0.012197494506835938,0.0011279582977294922,0.0033674240112304688
1219,0,0.5034615384615391,991,1000,2,1,326.0,0,0,2,0,2,3.3256165981292725,0.5455222129821777,0.13826990127563477,0.012398242950439453,0.0011475086212158203,0.003368854522705078
1220,0,0.5034615384615391,991,1000,1,1,1220.0,0,0,0,1,1,3.3283960819244385,0.5474257469177246,0.1390547752380371,0.012398242950439453,0.0011475086212158203,0.0033767223358154297
1221,0,0.5034615384615391,991,1000,1,1,1221.0,0,0,0,1,1,3.3305153846740723,0.5489494800567627,0.1395740509033203,0.012398242950439453,0.0011475086212158203,0.003383636474609375
1222,0,0.5034615384615391,991,1000,1,1,1222.0,0,0,0,1,1,3.3330328464508057,0.5504581928253174,0.1405017375946045,0.012398242950439453,0.0011475086212158203,0.0033872127532958984
1223,0,0.5034615384615391,991,1000,1,1,1223.0,0,0,0,1,1,3.3348283767700195,0.5518219470977783,0.1408686637878418,0.012398242950439453,0.0011475086212158203,0.0033943653106689453
1224,0,0.5034615384615391,991,1000,1,1,30.0,0,0,2,0,2,3.336388111114502,0.5523762702941895,0.14150571823120117,0.012650489807128906,0.001165151596069336,0.003395557403564453
1225,0,0.5034615384615391,991,1000,1,1,1225.0,0,0,0,1,1,3.337435483932495,0.5530962944030762,0.1417999267578125,0.012650489807128906,0.001165151596069336,0.003397703170776367
1226,0,0.5034615384615391,991,1000,1,1,1226.0,0,0,0,1,1,3.3383607864379883,0.5536973476409912,0.14210057258605957,0.012650489807128906,0.001165151596069336,0.003398895263671875
1227,0,0.5034615384615391,991,1000,1,1,1227.0,0,0,0,1,1,3.33918833732605,0.5541822910308838,0.14241957664489746,0.012650489807128906,0.001165151596069336,0.0034003257751464844
1228,0,0.5034615384615391,991,1000,1,1,1228.0,0,0,0,1,1,3.3400347232818604,0.5546796321868896,0.14274382591247559,0.012650489807128906,0.001165151596069336,0.0034017562866210938
1229,0,0.5034615384615391,991,1000,1,1,1229.0,0,0,0,1,1,3.3408946990966797,0.5552167892456055,0.14304089546203613,0.012650489807128906,0.001165151596069336,0.0034029483795166016
1230,0,0.5034615384615391,991,1000,2,1,1230.0,0,0,0,1,1,3.34218430519104,0.5558264255523682,0.14366698265075684,0.012650489807128906,0.001165151596069336,0.003404378890991211
1231,0,0.5034615384615391,991,1000,2,2,406.5,0,0,2,0,2,3.3451955318450928,0.5572717189788818,0.14465951919555664,0.013036966323852539,0.0011930465698242188,0.003409862518310547
1232,0,0.5034615384615391,991,1000,1,1,1232.0,0,0,0,1,1,3.3471672534942627,0.5586047172546387,0.14522981643676758,0.013036966323852539,0.0011930465698242188,0.0034139156341552734
1233,0,0.5034615384615391,991,1000,1,1,1233.0,0,0,0,1,1,3.3492605686187744,0.5599284172058105,0.1458909511566162,0.013036966323852539,0.0011930465698242188,0.00341796875
1234,0,0.5034615384615391,991,1000,1,1,1234.0,0,0,0,1,1,3.3512632846832275,0.5612878799438477,0.14647221565246582,0.013036966323852539,0.0011930465698242188,0.0034241676330566406
1235,0,0.5034615384615391,991,1000,1,1,1235.0,0,0,0,1,1,3.3524773120880127,0.5621106624603271,0.1468219757080078,0.013036966323852539,0.0011930465698242188,0.003428936004638672
1236,0,0.5034615384615391,992,1000,1,1,1236.0,0,0,0,1,0,3.353487014770508,0.5627703666687012,0.14714455604553223,0.013036966323852539,0.0011930465698242188,0.0034303665161132812
1237,0,0.5034615384615391,992,1000,1,1,1237.0,0,0,0,1,1,3.354374408721924,0.5633213520050049,0.147446870803833,0.013036966323852539,0.0011930465698242188,0.0034317970275878906
1238,0,0.5034615384615391,992,1000,1,1,127.0,0,0,0,0,0,3.3549857139587402,0.5639200210571289,0.1474471092224121,0.013036966323852539,0.0011930465698242188,0.0034332275390625
1239,0,0.5034615384615391,992,1000,1,1,1239.0,0,0,0,1,1,3.355837106704712,0.5643987655639648,0.14778995513916016,0.013036966323852539,0.0011930465698242188,0.0034351348876953125
1240,0,0.5034615384615391,992,1000,1,1,1240.0,0,0,0,1,1,3.3567023277282715,0.5648930072784424,0.14813446998596191,0.013036966323852539,0.0011930465698242188,0.003436565399169922
1241,0,0.5034615384615391,992,1000,1,1,1241.0,0,0,0,1,1,3.3576059341430664,0.5654475688934326,0.14846301078796387,0.013036966323852539,0.0011930465698242188,0.0034377574920654297
1242,0,0.5034615384615391,992,1000,1,1,1242.0,0,0,0,1,1,3.3598639965057373,0.5662617683410645,0.14979767799377441,0.013036966323852539,0.0011930465698242188,0.0034389495849609375
1243,0,0.5034615384615391,992,1000,1,1,1243.0,0,0,0,1,1,3.3620619773864746,0.5677411556243896,0.1504368782043457,0.013036966323852539,0.0011930465698242188,0.003447294235229492
1244,0,0.5034615384615391,992,1000,1,1,1244.0,0,0,0,1,1,3.364320755004883,0.5692605972290039,0.1511068344116211,0.013036966323852539,0.0011930465698242188,0.003452301025390625
1245,0,0.5034615384615391,992,1000,1,1,1245.0,0,0,0,1,1,3.3665592670440674,0.5707340240478516,0.15179109573364258,0.013036966323852539,0.0011930465698242188,0.0034584999084472656
1246,0,0.5034615384615391,992,1000,1,1,1246.0,0,0,0,1,1,3.3684253692626953,0.571990966796875,0.15233564376831055,0.013036966323852539,0.0011930465698242188,0.0034630298614501953
1247,0,0.5034615384615391,992,1000,1,1,1247.0,0,0,0,1,1,3.3695931434631348,0.5728144645690918,0.15263986587524414,0.013036966323852539,0.0011930465698242188,0.0034677982330322266
1248,0,0.5034615384615391,992,1000,1,1,1248.0,0,0,0,1,1,3.3705484867095947,0.573411226272583,0.15297436714172363,0.013036966323852539,0.0011930465698242188,0.0034689903259277344
1249,0,0.5034615384615391,992,1000,1,1,1249.0,0,0,0,1,1,3.371504306793213,0.5740416049957275,0.1532735824584961,0.013036966323852539,0.0011930465698242188,0.0034704208374023438
1250,0,0.5034615384615391,992,1000,1,1,1250.0,0,0,0,1,1,3.3724021911621094,0.5745904445648193,0.1535961627960205,0.013036966323852539,0.0011930465698242188,0.003471851348876953
1251,0,0.5034615384615391,992,1000,2,2,303.0,0,0,2,0,2,3.374093532562256,0.5751926898956299,0.154252290725708,0.01333928108215332,0.00121307373046875,0.0034728050231933594
1252,0,0.5034615384615391,992,1000,1,1,1252.0,0,0,0,1,1,3.375067949295044,0.575753927230835,0.1546330451965332,0.01333928108215332,0.00121307373046875,0.0034744739532470703
1253,0,0.5034615384615391,992,1000,1,1,1253.0,0,0,0,1,1,3.3772647380828857,0.5772686004638672,0.1552441120147705,0.01333928108215332,0.00121307373046875,0.0034780502319335938
1254,0,0.5034615384615391,992,1000,1,1,1254.0,0,0,0,1,1,3.3792099952697754,0.5784652233123779,0.15593886375427246,0.01333928108215332,0.00121307373046875,0.003484487533569336
1255,0,0.5034615384615391,992,1000,1,1,1255.0,0,0,0,1,1,3.382040023803711,0.5802934169769287,0.15683603286743164,0.01333928108215332,0.00121307373046875,0.0034942626953125
1256,0,0.5034615384615391,992,1000,1,1,1256.0,0,0,0,1,1,3.384061336517334,0.5816988945007324,0.1573784351348877,0.01333928108215332,0.00121307373046875,0.0035009384155273438
1257,0,0.5034615384615391,992,1000,1,1,1257.0,0,0,0,1,1,3.3851306438446045,0.582423210144043,0.15768814086914062,0.01333928108215332,0.00121307373046875,0.003504037857055664
1258,0,0.5034615384615391,992,1000,1,1,1258.0,0,0,0,1,1,3.3860957622528076,0.583057165145874,0.1579885482788086,0.01333928108215332,0.00121307373046875,0.0035054683685302734
1259,0,0.5034615384615391,992,1000,1,1,1259.0,0,0,0,1,1,3.3869738578796387,0.583547830581665,0.15834403038024902,0.01333928108215332,0.00121307373046875,0.003506898880004883
1260,0,0.5034615384615391,992,1000,1,1,1260.0,0,0,0,1,1,3.3886125087738037,0.584575891494751,0.15889191627502441,0.01333928108215332,0.00121307373046875,0.0035097599029541016
1261,0,0.5034615384615391,993,1000,1,1,1261.0,0,0,0,1,0,3.389853000640869,0.5854678153991699,0.15920233726501465,0.01333928108215332,0.00121307373046875,0.0035142898559570312
1262,0,0.5034615384615391,993,1000,1,1,1262.0,0,0,0,1,1,3.390820264816284,0.5860824584960938,0.15952658653259277,0.01333928108215332,0.00121307373046875,0.0035157203674316406
1263,0,0.5034615384615391,993,1000,1,1,1263.0,0,0,0,1,1,3.3926641941070557,0.5867178440093994,0.16064953804016113,0.01333928108215332,0.00121307373046875,0.0035169124603271484
1264,0,0.5034615384615391,993,1000,1,1,1264.0,0,0,0,1,1,3.3950886726379395,0.5882866382598877,0.16141843795776367,0.01333928108215332,0.00121307373046875,0.003529071807861328
1265,0,0.5034615384615391,993,1000,1,1,1265.0,0,0,0,1,1,3.3980226516723633,0.589937686920166,0.16259455680847168,0.01333928108215332,0.00121307373046875,0.0035359859466552734
1266,0,0.5034615384615391,993,1000,2,2,732.0,0,0,2,0,2,3.401054620742798,0.5914158821105957,0.163560152053833,0.01364898681640625,0.001241922378540039,0.0035431385040283203
1267,0,0.5034615384615391,993,1000,1,1,1267.0,0,0,0,1,1,3.402427911758423,0.5924167633056641,0.16388940811157227,0.01364898681640625,0.001241922378540039,0.0035479068756103516
1268,0,0.5034615384615391,993,1000,1,1,1268.0,0,0,0,1,1,3.4038336277008057,0.5931711196899414,0.16448521614074707,0.01364898681640625,0.001241922378540039,0.0035495758056640625
1269,0,0.5034615384615391,993,1000,1,1,1269.0,0,0,0,1,1,3.405111789703369,0.5940594673156738,0.16483187675476074,0.01364898681640625,0.001241922378540039,0.0035543441772460938
1270,0,0.5034615384615391,993,1000,1,1,1270.0,0,0,0,1,1,3.406104564666748,0.594724178314209,0.1651294231414795,0.01364898681640625,0.001241922378540039,0.0035562515258789062
1271,0,0.5034615384615391,993,1000,3,1,1271.0,0,0,0,1,1,3.406954050064087,0.5952088832855225,0.16545963287353516,0.01364898681640625,0.001241922378540039,0.003557920455932617
1272,0,0.5034615384615391,993,1000,1,1,1272.0,0,0,0,1,1,3.407823085784912,0.5957140922546387,0.16579413414001465,0.01364898681640625,0.001241922378540039,0.003559112548828125
1273,0,0.5034615384615391,993,1000,1,1,1273.0,0,0,0,1,1,3.4104831218719482,0.5971693992614746,0.16689133644104004,0.01364898681640625,0.001241922378540039,0.0035605430603027344
1274,0,0.5034615384615391,993,1000,1,1,1274.0,0,0,0,1,1,3.4128172397613525,0.5987775325775146,0.16753268241882324,0.01364898681640625,0.001241922378540039,0.0035698413848876953
1275,0,0.5034615384615391,993,1000,1,1,1275.0,0,0,0,1,1,3.4152731895446777,0.6004781723022461,0.1681969165802002,0.01364898681640625,0.001241922378540039,0.0035767555236816406
1276,0,0.5034615384615391,994,1000,1,1,1276.0,0,0,0,1,0,3.417307138442993,0.601914644241333,0.1687331199645996,0.01364898681640625,0.001241922378540039,0.0035822391510009766
1277,0,0.5034615384615391,994,1000,1,1,1277.0,0,0,0,1,1,3.4200403690338135,0.6037201881408691,0.1695568561553955,0.01364898681640625,0.001241922378540039,0.003587484359741211
1278,0,0.5034615384615391,994,1000,1,1,1278.0,0,0,0,1,1,3.4223711490631104,0.6053078174591064,0.17022967338562012,0.01364898681640625,0.001241922378540039,0.0035948753356933594
1279,0,0.5034615384615391,994,1000,1,1,1279.0,0,0,0,1,1,3.423557996749878,0.60611891746521,0.17056798934936523,0.01364898681640625,0.001241922378540039,0.003599405288696289
1280,0,0.5034615384615391,994,1000,1,1,1280.0,0,0,0,1,1,3.427180051803589,0.6077735424041748,0.172407865524292,0.01364898681640625,0.001241922378540039,0.0036008358001708984
1281,0,0.5034615384615391,994,1000,1,1,1281.0,0,0,0,1,1,3.430225372314453,0.6097619533538818,0.1733407974243164,0.01364898681640625,0.001241922378540039,0.0036132335662841797
1282,0,0.5034615384615391,994,1000,1,1,1282.0,0,0,0,1,1,3.4336225986480713,0.6119449138641357,0.17445802688598633,0.01364898681640625,0.001241922378540039,0.003621816635131836
1283,0,0.5034615384615391,994,1000,1,1,1283.0,0,0,0,1,1,3.435805320739746,0.6134557723999023,0.1750485897064209,0.01364898681640625,0.001241922378540039,0.003628969192504883
1284,0,0.5034615384615391,994,1000,1,1,1284.0,0,0,0,1,1,3.437346935272217,0.614607572555542,0.17539691925048828,0.01364898681640625,0.001241922378540039,0.0036346912384033203
1285,0,0.5034615384615391,994,1000,1,1,1285.0,0,0,0,1,1,3.4383411407470703,0.615253210067749,0.17571783065795898,0.01364898681640625,0.001241922378540039,0.003637552261352539
1286,0,0.5034615384615391,994,1000,1,1,1286.0,0,0,0,1,1,3.439221143722534,0.6157104969024658,0.17611002922058105,0.01364898681640625,0.001241922378540039,0.003638744354248047
1287,0,0.5034615384615391,994,1000,1,1,1287.0,0,0,0,1,1,3.4428679943084717,0.6174464225769043,0.17792177200317383,0.01364898681640625,0.001241922378540039,0.003641843795776367
1288,0,0.5034615384615391,994,1000,1,1,1288.0,0,0,0,1,1,3.445646047592163,0.6193411350250244,0.17869830131530762,0.01364898681640625,0.001241922378540039,0.003653287887573242
1289,0,0.5034615384615391,994,1000,1,1,1289.0,0,0,0,1,1,3.4481587409973145,0.621039628982544,0.17942357063293457,0.01364898681640625,0.001241922378540039,0.003659486770629883
1290,0,0.5034615384615391,994,1000,1,1,1290.0,0,0,0,1,1,3.4510109424591064,0.6230762004852295,0.18015170097351074,0.01364898681640625,0.001241922378540039,0.0036661624908447266
1291,0,0.5034615384615391,994,1000,1,1,1291.0,0,0,0,1,1,3.453220844268799,0.6244826316833496,0.18086528778076172,0.01364898681640625,0.001241922378540039,0.0036737918853759766
1292,0,0.5034615384615391,994,1000,1,1,1292.0,0,0,0,1,1,3.4554591178894043,0.6259896755218506,0.1815047264099121,0.01364898681640625,0.001241922378540039,0.003679513931274414
1293,0,0.5034615384615391,994,1000,1,1,1293.0,0,0,0,1,1,3.4575366973876953,0.6274323463439941,0.18207192420959473,0.01364898681640625,0.001241922378540039,0.003685474395751953
1294,0,0.5034615384615391,994,1000,1,1,1294.0,0,0,0,1,1,3.4609949588775635,0.6293954849243164,0.18339300155639648,0.01364898681640625,0.001241922378540039,0.003690004348754883
1295,0,0.5034615384615391,993,1000,1,1,893.0,0,0,1,0,2,3.467548131942749,0.6310806274414062,0.18527817726135254,0.016355276107788086,0.0012710094451904297,0.0036978721618652344
1296,0,0.5034615384615391,993,1000,1,1,1296.0,0,0,0,1,1,3.469782590866089,0.6325588226318359,0.18595337867736816,0.016355276107788086,0.0012710094451904297,0.003705739974975586
1297,0,0.5034615384615391,993,1000,1,1,1297.0,0,0,0,1,1,3.471982479095459,0.6340017318725586,0.1866304874420166,0.016355276107788086,0.0012710094451904297,0.003710508346557617
1298,0,0.5034615384615391,993,1000,1,1,1298.0,0,0,0,1,1,3.4742543697357178,0.6353917121887207,0.18743610382080078,0.016355276107788086,0.0012710094451904297,0.003716707229614258
1299,0,0.5034615384615391,993,1000,2,1,1299.0,0,0,0,1,1,3.4782330989837646,0.638385534286499,0.18830370903015137,0.016355276107788086,0.0012710094451904297,0.003723621368408203
1300,0,0.5034615384615391,993,1000,1,1,1300.0,0,0,0,1,1,3.480745315551758,0.6398777961730957,0.18921351432800293,0.016355276107788086,0.0012710094451904297,0.0037305355072021484
1301,0,0.5034615384615391,993,1000,2,1,1301.0,0,0,0,1,1,3.483228921890259,0.6415281295776367,0.1899580955505371,0.016355276107788086,0.0012710094451904297,0.0037381649017333984
1302,0,0.5034615384615391,993,1000,1,1,1302.0,0,0,0,1,1,3.4846107959747314,0.642545223236084,0.19027948379516602,0.016355276107788086,0.0012710094451904297,0.0037446022033691406
1303,0,0.5034615384615391,993,1000,1,1,1303.0,0,0,0,1,1,3.4856069087982178,0.6432156562805176,0.19057798385620117,0.016355276107788086,0.0012710094451904297,0.0037462711334228516
1304,0,0.5034615384615391,993,1000,1,1,1304.0,0,0,0,1,1,3.4869279861450195,0.6436550617218018,0.19142937660217285,0.016355276107788086,0.0012710094451904297,0.003747701644897461
1305,0,0.5034615384615391,993,1000,3,1,1305.0,0,0,0,1,1,3.4889562129974365,0.6450173854827881,0.19202041625976562,0.016355276107788086,0.0012710094451904297,0.0037529468536376953
1306,0,0.5034615384615391,993,1000,1,1,1306.0,0,0,0,1,1,3.4908969402313232,0.6463851928710938,0.1925334930419922,0.016355276107788086,0.0012710094451904297,0.0037581920623779297
1307,0,0.5034615384615391,993,1000,1,1,1307.0,0,0,0,1,1,3.493785858154297,0.6481871604919434,0.193497896194458,0.016355276107788086,0.0012710094451904297,0.003762960433959961
1308,0,0.5034615384615391,993,1000,1,1,1308.0,0,0,0,1,1,3.4958086013793945,0.6495296955108643,0.19410300254821777,0.016355276107788086,0.0012710094451904297,0.0037713050842285156
1309,0,0.5034615384615391,993,1000,1,1,1309.0,0,0,0,1,1,3.497408628463745,0.6504275798797607,0.19473814964294434,0.016355276107788086,0.0012710094451904297,0.003776073455810547
1310,0,0.5034615384615391,993,1000,1,1,1310.0,0,0,0,1,1,3.4987542629241943,0.6514344215393066,0.19504404067993164,0.016355276107788086,0.0012710094451904297,0.0037801265716552734
1311,0,0.5034615384615391,993,1000,1,1,1311.0,0,0,0,1,1,3.4996650218963623,0.6519739627838135,0.19538474082946777,0.016355276107788086,0.0012710094451904297,0.003781557083129883
1312,0,0.5034615384615391,993,1000,1,1,1312.0,0,0,0,1,1,3.5005886554718018,0.6525335311889648,0.19572019577026367,0.016355276107788086,0.0012710094451904297,0.003782987594604492
1313,0,0.5034615384615391,993,1000,1,1,1313.0,0,0,0,1,1,3.5014517307281494,0.652987003326416,0.19610118865966797,0.016355276107788086,0.0012710094451904297,0.0037844181060791016
1314,0,0.5034615384615391,993,1000,1,1,1314.0,0,0,0,1,1,3.502840042114258,0.653914213180542,0.19651246070861816,0.016355276107788086,0.0012710094451904297,0.003786802291870117
1315,0,0.5034615384615391,993,1000,1,1,1315.0,0,0,0,1,1,3.503807544708252,0.6545133590698242,0.19684863090515137,0.016355276107788086,0.0012710094451904297,0.0037887096405029297
1316,0,0.5034615384615391,993,1000,1,1,1316.0,0,0,0,1,1,3.5047478675842285,0.6551017761230469,0.19717097282409668,0.016355276107788086,0.0012710094451904297,0.0037899017333984375
1317,0,0.5034615384615391,993,1000,1,1,1317.0,0,0,0,1,1,3.5056815147399902,0.6556961536407471,0.19748783111572266,0.016355276107788086,0.0012710094451904297,0.0037910938262939453
1318,0,0.5034615384615391,993,1000,1,1,1318.0,0,0,0,1,1,3.506582021713257,0.65622878074646,0.19782781600952148,0.016355276107788086,0.0012710094451904297,0.003792285919189453
1319,0,0.5034615384615391,993,1000,1,1,1319.0,0,0,0,1,1,3.507490873336792,0.6567723751068115,0.19816827774047852,0.016355276107788086,0.0012710094451904297,0.0037937164306640625
1320,0,0.5034615384615391,993,1000,1,1,1320.0,0,0,0,1,1,3.508453130722046,0.6572821140289307,0.19858837127685547,0.016355276107788086,0.0012710094451904297,0.0037949085235595703
1321,0,0.5034615384615391,993,1000,1,1,1321.0,0,0,0,1,1,3.5112595558166504,0.6591296195983887,0.1994473934173584,0.016355276107788086,0.0012710094451904297,0.003801584243774414
1322,0,0.5034615384615391,993,1000,1,1,1322.0,0,0,0,1,1,3.513491153717041,0.660635232925415,0.20009779930114746,0.016355276107788086,0.0012710094451904297,0.003808736801147461
1323,0,0.5034615384615391,993,1000,1,1,1323.0,0,0,0,1,1,3.515089750289917,0.6618411540985107,0.20044922828674316,0.016355276107788086,0.0012710094451904297,0.0038161277770996094
1324,0,0.5034615384615391,993,1000,1,1,1324.0,0,0,0,1,1,3.516160249710083,0.6625409126281738,0.2007918357849121,0.016355276107788086,0.0012710094451904297,0.0038175582885742188
1325,0,0.5034615384615391,993,1000,1,1,1325.0,0,0,0,1,1,3.5169875621795654,0.6630349159240723,0.20109820365905762,0.016355276107788086,0.0012710094451904297,0.0038192272186279297
1326,0,0.5034615384615391,993,1000,1,1,1116.0,0,0,0,0,0,3.517885684967041,0.6637885570526123,0.20109963417053223,0.016355276107788086,0.0012924671173095703,0.003820657730102539
1327,0,0.5034615384615391,993,1000,1,1,1327.0,0,0,0,1,1,3.5194356441497803,0.6646616458892822,0.2017354965209961,0.016355276107788086,0.0012924671173095703,0.0038251876831054688
1328,0,0.5034615384615391,993,1000,1,1,1328.0,0,0,0,1,1,3.5203909873962402,0.66522216796875,0.2021045684814453,0.016355276107788086,0.0012924671173095703,0.003826618194580078
1329,0,0.5034615384615391,993,1000,1,1,1329.0,0,0,0,1,1,3.5212535858154297,0.665717601776123,0.20244693756103516,0.016355276107788086,0.0012924671173095703,0.0038280487060546875
1330,0,0.5034615384615391,993,1000,1,1,1330.0,0,0,0,1,1,3.5221266746520996,0.6662662029266357,0.20274949073791504,0.016355276107788086,0.0012924671173095703,0.003829479217529297
1331,0,0.5034615384615391,993,1000,1,1,1331.0,0,0,0,1,1,3.522958755493164,0.6667582988739014,0.2030634880065918,0.016355276107788086,0.0012924671173095703,0.0038309097290039062
1332,0,0.5034615384615391,993,1000,1,1,1332.0,0,0,0,1,1,3.5237367153167725,0.6672143936157227,0.20335888862609863,0.016355276107788086,0.0012924671173095703,0.0038323402404785156
1333,0,0.5034615384615391,993,1000,1,1,1333.0,0,0,0,1,1,3.5245518684387207,0.6677000522613525,0.20366191864013672,0.016355276107788086,0.0012924671173095703,0.0038335323333740234
1334,0,0.5034615384615391,993,1000,1,1,1334.0,0,0,0,1,1,3.52711820602417,0.6692948341369629,0.20454025268554688,0.016355276107788086,0.0012924671173095703,0.0038366317749023438
1335,0,0.5034615384615391,993,1000,1,1,1335.0,0,0,0,1,1,3.529221773147583,0.6706235408782959,0.20524358749389648,0.016355276107788086,0.0012924671173095703,0.003843545913696289
1336,0,0.5034615384615391,993,1000,1,1,1336.0,0,0,0,1,1,3.5311453342437744,0.6720726490020752,0.20565295219421387,0.016355276107788086,0.0012924671173095703,0.003850221633911133
1337,0,0.5034615384615391,992,1000,2,1,1224.0,0,0,1,0,2,3.5332071781158447,0.6727445125579834,0.20664715766906738,0.01661396026611328,0.001310586929321289,0.0038518905639648438
1338,0,0.5034615384615391,992,1000,1,1,1338.0,0,0,0,1,1,3.535141944885254,0.6740028858184814,0.20724916458129883,0.01661396026611328,0.001310586929321289,0.0038614273071289062
1339,0,0.5034615384615391,992,1000,1,1,1339.0,0,0,0,1,1,3.536214828491211,0.6747088432312012,0.20758461952209473,0.01661396026611328,0.001310586929321289,0.0038657188415527344
1340,0,0.5034615384615391,992,1000,1,1,1340.0,0,0,0,1,1,3.5371148586273193,0.6752712726593018,0.20789623260498047,0.01661396026611328,0.001310586929321289,0.003866910934448242
1341,0,0.5034615384615391,992,1000,1,1,1341.0,0,0,0,1,1,3.538071870803833,0.6758782863616943,0.20821905136108398,0.01661396026611328,0.001310586929321289,0.0038683414459228516
1342,0,0.5034615384615391,992,1000,1,1,1342.0,0,0,0,1,1,3.5388951301574707,0.6763827800750732,0.20851421356201172,0.01661396026611328,0.001310586929321289,0.0038695335388183594
1343,0,0.5034615384615391,992,1000,1,1,1343.0,0,0,0,1,1,3.539752244949341,0.6768777370452881,0.20885014533996582,0.01661396026611328,0.001310586929321289,0.0038709640502929688
1344,0,0.5034615384615391,992,1000,1,1,1344.0,0,0,0,1,1,3.540619373321533,0.677391529083252,0.2091820240020752,0.01661396026611328,0.001310586929321289,0.0038721561431884766
1345,0,0.5034615384615391,992,1000,1,1,1345.0,0,0,0,1,1,3.541630983352661,0.6779136657714844,0.2096405029296875,0.01661396026611328,0.001310586929321289,0.0038733482360839844
1346,0,0.5034615384615391,992,1000,1,1,1346.0,0,0,0,1,1,3.543748140335083,0.6793313026428223,0.21025919914245605,0.01661396026611328,0.001310586929321289,0.003879547119140625
1347,0,0.5034615384615391,992,1000,1,1,1347.0,0,0,0,1,1,3.545363187789917,0.6805515289306641,0.2105998992919922,0.01661396026611328,0.001310586929321289,0.003885030746459961
1348,0,0.5034615384615391,992,1000,1,1,1348.0,0,0,0,1,1,3.546429395675659,0.6812388896942139,0.21094417572021484,0.01661396026611328,0.001310586929321289,0.003887653350830078
1349,0,0.5034615384615391,992,1000,1,1,1349.0,0,0,0,1,1,3.5486631393432617,0.6824896335601807,0.211836576461792,0.01661396026611328,0.001310586929321289,0.003889799118041992
1350,0,0.5034615384615391,992,1000,1,1,1350.0,0,0,0,1,1,3.550506591796875,0.6838662624359131,0.21224498748779297,0.01661396026611328,0.001310586929321289,0.0038962364196777344
1351,0,0.5034615384615391,992,1000,2,1,1351.0,0,0,0,1,1,3.5516107082366943,0.6846156120300293,0.2125692367553711,0.01661396026611328,0.001310586929321289,0.0038979053497314453
1352,0,0.5034615384615391,992,1000,1,1,1278.0,0,0,2,0,2,3.5531442165374756,0.685157299041748,0.21317148208618164,0.0168764591217041,0.0013294219970703125,0.0038993358612060547
1353,0,0.5034615384615391,992,1000,1,1,1353.0,0,0,0,1,1,3.55407977104187,0.6857650279998779,0.21346664428710938,0.0168764591217041,0.0013294219970703125,0.003900766372680664
1354,0,0.5034615384615391,992,1000,1,1,1354.0,0,0,0,1,1,3.5548722743988037,0.6862280368804932,0.21377158164978027,0.0168764591217041,0.0013294219970703125,0.003901958465576172
1355,0,0.5034615384615391,992,1000,1,1,1355.0,0,0,0,1,1,3.5557234287261963,0.6867220401763916,0.21410465240478516,0.0168764591217041,0.0013294219970703125,0.0039033889770507812
1356,0,0.5034615384615391,992,1000,1,1,1356.0,0,0,0,1,1,3.5565989017486572,0.687253475189209,0.21442580223083496,0.0168764591217041,0.0013294219970703125,0.0039048194885253906
1357,0,0.5034615384615391,992,1000,1,1,1357.0,0,0,0,1,1,3.5574190616607666,0.6877150535583496,0.21475958824157715,0.0168764591217041,0.0013294219970703125,0.003905773162841797
1358,0,0.5034615384615391,992,1000,1,1,1358.0,0,0,0,1,1,3.5589919090270996,0.6884267330169678,0.2155449390411377,0.0168764591217041,0.0013294219970703125,0.003906965255737305
1359,0,0.5034615384615391,992,1000,1,1,1359.0,0,0,0,1,1,3.561260938644409,0.689995527267456,0.21616172790527344,0.0168764591217041,0.0013294219970703125,0.003915309906005859
1360,0,0.5034615384615391,992,1000,1,1,1360.0,0,0,0,1,1,3.562960386276245,0.6911132335662842,0.21668195724487305,0.0168764591217041,0.0013294219970703125,0.003920555114746094
1361,0,0.5034615384615391,992,1000,1,1,1361.0,0,0,0,1,1,3.5644240379333496,0.6921200752258301,0.2170872688293457,0.0168764591217041,0.0013294219970703125,0.003925323486328125
1362,0,0.5034615384615391,992,1000,1,1,1362.0,0,0,0,1,1,3.5654311180114746,0.6927778720855713,0.21740436553955078,0.0168764591217041,0.0013294219970703125,0.0039272308349609375
1363,0,0.5034615384615391,992,1000,1,1,1363.0,0,0,0,1,1,3.566307544708252,0.6932888031005859,0.2177445888519287,0.0168764591217041,0.0013294219970703125,0.003928422927856445
1364,0,0.5034615384615391,992,1000,1,1,1364.0,0,0,0,1,1,3.5672082901000977,0.6938378810882568,0.21807098388671875,0.0168764591217041,0.0013294219970703125,0.003929615020751953
1365,0,0.5034615384615391,992,1000,1,1,1365.0,0,0,0,1,1,3.568040609359741,0.6943042278289795,0.21841192245483398,0.0168764591217041,0.0013294219970703125,0.0039310455322265625
1366,0,0.5034615384615391,992,1000,1,1,1366.0,0,0,0,1,1,3.5690338611602783,0.694892406463623,0.21873807907104492,0.0168764591217041,0.0013294219970703125,0.0039844512939453125
1367,0,0.5034615384615391,992,1000,1,1,1367.0,0,0,0,1,1,3.5698366165161133,0.6953701972961426,0.2190382480621338,0.0168764591217041,0.0013294219970703125,0.00398564338684082
1368,0,0.5034615384615391,992,1000,1,1,1368.0,0,0,0,1,1,3.570650100708008,0.6958658695220947,0.2193312644958496,0.0168764591217041,0.0013294219970703125,0.003986835479736328
1369,0,0.5034615384615391,992,1000,1,1,1369.0,0,0,0,1,1,3.571505308151245,0.696387529373169,0.21964144706726074,0.0168764591217041,0.0013294219970703125,0.003988504409790039
1370,0,0.5034615384615391,992,1000,1,1,1370.0,0,0,0,1,1,3.572366714477539,0.6968929767608643,0.2199723720550537,0.0168764591217041,0.0013294219970703125,0.0039899349212646484
1371,0,0.5034615384615391,992,1000,1,1,1371.0,0,0,0,1,1,3.5731658935546875,0.6973786354064941,0.22026276588439941,0.0168764591217041,0.0013294219970703125,0.003990888595581055
1372,0,0.5034615384615391,992,1000,1,1,1372.0,0,0,0,1,1,3.574003219604492,0.6978671550750732,0.22058773040771484,0.0168764591217041,0.0013294219970703125,0.0039920806884765625
1373,0,0.5034615384615391,992,1000,1,1,1373.0,0,0,0,1,1,3.5754168033599854,0.6984727382659912,0.22130799293518066,0.0168764591217041,0.0013294219970703125,0.0039937496185302734
1374,0,0.5034615384615391,992,1000,1,1,1374.0,0,0,0,1,1,3.5783066749572754,0.7001175880432129,0.22245526313781738,0.0168764591217041,0.0013294219970703125,0.004004955291748047
1375,0,0.5034615384615391,992,1000,1,1,1375.0,0,0,0,1,1,3.580493211746216,0.7016525268554688,0.22302746772766113,0.0168764591217041,0.0013294219970703125,0.004012584686279297
1376,0,0.5034615384615391,992,1000,1,1,1376.0,0,0,0,1,1,3.5823001861572266,0.7028412818908691,0.2235860824584961,0.0168764591217041,0.0013294219970703125,0.004018068313598633
1377,0,0.5034615384615391,992,1000,1,1,1377.0,0,0,0,1,1,3.5835440158843994,0.7037038803100586,0.22393512725830078,0.0168764591217041,0.0013294219970703125,0.004022359848022461
1378,0,0.5034615384615391,992,1000,1,1,1378.0,0,0,0,1,1,3.5844974517822266,0.7042901515960693,0.2242717742919922,0.0168764591217041,0.0013294219970703125,0.0040242671966552734
1379,0,0.5034615384615391,992,1000,1,1,1379.0,0,0,0,1,1,3.585393190383911,0.7048599720001221,0.22457551956176758,0.0168764591217041,0.0013294219970703125,0.004025697708129883
1380,0,0.5034615384615391,992,1000,1,1,1380.0,0,0,0,1,1,3.586225986480713,0.7053277492523193,0.22491025924682617,0.0168764591217041,0.0013294219970703125,0.004026651382446289
1381,0,0.5034615384615391,992,1000,1,1,1381.0,0,0,0,1,1,3.587099552154541,0.7058455944061279,0.22524166107177734,0.0168764591217041,0.0013294219970703125,0.004027843475341797
1382,0,0.5034615384615391,992,1000,1,1,1382.0,0,0,0,1,1,3.5880255699157715,0.7064030170440674,0.2255864143371582,0.0168764591217041,0.0013294219970703125,0.004029273986816406
1383,0,0.5034615384615391,992,1000,1,1,1383.0,0,0,0,1,1,3.588853120803833,0.7069125175476074,0.22588372230529785,0.0168764591217041,0.0013294219970703125,0.004030704498291016
1384,0,0.5034615384615391,992,1000,2,1,1384.0,0,0,0,1,1,3.5897655487060547,0.7074570655822754,0.22622299194335938,0.0168764591217041,0.0013294219970703125,0.004031658172607422
1385,0,0.5034615384615391,992,1000,1,1,1385.0,0,0,0,1,1,3.590606927871704,0.7079448699951172,0.226548433303833,0.0168764591217041,0.0013294219970703125,0.004033327102661133
1386,0,0.5034615384615391,992,1000,2,1,1386.0,0,0,0,1,1,3.592682361602783,0.7087454795837402,0.22774457931518555,0.0168764591217041,0.0013294219970703125,0.004034519195556641
1387,0,0.5034615384615391,992,1000,1,1,1387.0,0,0,0,1,1,3.595244884490967,0.7103509902954102,0.2284257411956787,0.0168764591217041,0.0013294219970703125,0.004229545593261719
1388,0,0.5034615384615391,992,1000,1,1,1388.0,0,0,0,1,1,3.5968165397644043,0.7114086151123047,0.22888588905334473,0.0168764591217041,0.0013294219970703125,0.004235267639160156
1389,0,0.5034615384615391,992,1000,1,1,1389.0,0,0,0,1,1,3.598623037338257,0.7126200199127197,0.22942113876342773,0.0168764591217041,0.0013294219970703125,0.004239797592163086
1390,0,0.5034615384615391,992,1000,1,1,1390.0,0,0,0,1,1,3.600362539291382,0.7138099670410156,0.2299051284790039,0.0168764591217041,0.0013294219970703125,0.004244327545166016
1391,0,0.5034615384615391,992,1000,1,1,1391.0,0,0,0,1,1,3.6014389991760254,0.7145323753356934,0.2302227020263672,0.0168764591217041,0.0013294219970703125,0.0042476654052734375
1392,0,0.5034615384615391,992,1000,1,1,1392.0,0,0,0,1,1,3.6023645401000977,0.7151238918304443,0.23053193092346191,0.0168764591217041,0.0013294219970703125,0.004248857498168945
1393,0,0.5034615384615391,992,1000,2,1,1393.0,0,0,0,1,1,3.6032981872558594,0.7156953811645508,0.23085999488830566,0.0168764591217041,0.0013294219970703125,0.004250049591064453
1394,0,0.5034615384615391,992,1000,1,1,1394.0,0,0,0,1,1,3.6041080951690674,0.7161736488342285,0.23116803169250488,0.0168764591217041,0.0013294219970703125,0.004251241683959961
1395,0,0.5034615384615391,992,1000,1,1,1395.0,0,0,0,1,1,3.604923963546753,0.7166576385498047,0.2314755916595459,0.0168764591217041,0.0013294219970703125,0.004252433776855469
1396,0,0.5034615384615391,992,1000,1,1,1396.0,0,0,0,1,1,3.605807065963745,0.7172062397003174,0.23178529739379883,0.0168764591217041,0.0013294219970703125,0.004253864288330078
1397,0,0.5034615384615391,992,1000,1,1,1397.0,0,0,0,1,1,3.6067521572113037,0.7177789211273193,0.23212933540344238,0.0168764591217041,0.0013294219970703125,0.0042552947998046875
1398,0,0.5034615384615391,992,1000,1,1,1398.0,0,0,0,1,1,3.6076018810272217,0.718275785446167,0.23245787620544434,0.0168764591217041,0.0013294219970703125,0.0042574405670166016
1399,0,0.5034615384615391,992,1000,1,1,1399.0,0,0,0,1,1,3.610969066619873,0.7204515933990479,0.23354768753051758,0.0168764591217041,0.0013294219970703125,0.0042591094970703125
1400,0,0.5034615384615391,992,1000,1,1,1400.0,0,0,0,1,1,3.613279342651367,0.7219879627227783,0.23424315452575684,0.0168764591217041,0.0013294219970703125,0.004267692565917969
1401,0,0.5034615384615391,992,1000,1,1,1401.0,0,0,0,1,1,3.615302324295044,0.7233357429504395,0.23485922813415527,0.0168764591217041,0.0013294219970703125,0.004273176193237305
1402,0,0.5034615384615391,992,1000,1,1,1402.0,0,0,0,1,1,3.617234230041504,0.7246203422546387,0.23543071746826172,0.0168764591217041,0.0013294219970703125,0.004278898239135742
1403,0,0.5034615384615391,992,1000,1,1,1403.0,0,0,0,1,1,3.6192193031311035,0.7259230613708496,0.23604321479797363,0.0168764591217041,0.0013294219970703125,0.004283905029296875
1404,0,0.5034615384615391,992,1000,1,1,1404.0,0,0,0,1,1,3.621309280395508,0.7272977828979492,0.23668432235717773,0.0168764591217041,0.0013294219970703125,0.004288673400878906
1405,0,0.5034615384615391,992,1000,1,1,1405.0,0,0,0,1,1,3.6232211589813232,0.7285134792327881,0.23731780052185059,0.0168764591217041,0.0013294219970703125,0.004294872283935547
1406,0,0.5034615384615391,992,1000,1,1,1406.0,0,0,0,1,1,3.6260764598846436,0.7298791408538818,0.23862457275390625,0.0168764591217041,0.0013294219970703125,0.004301548004150391
1407,0,0.5034615384615391,992,1000,1,1,1407.0,0,0,0,1,1,3.628220319747925,0.7313008308410645,0.2392561435699463,0.0168764591217041,0.0013294219970703125,0.00431060791015625
1408,0,0.5034615384615391,992,1000,1,1,1408.0,0,0,0,1,1,3.6306493282318115,0.7328851222991943,0.24001669883728027,0.0168764591217041,0.0013294219970703125,0.004315614700317383
1409,0,0.5034615384615391,992,1000,7,3,601.6666666666666,0,0,2,0,2,3.6336448192596436,0.7342455387115479,0.24108409881591797,0.017230987548828125,0.0013616085052490234,0.004322528839111328
1410,0,0.5034615384615391,992,1000,1,1,1410.0,0,0,0,1,1,3.6352951526641846,0.7355248928070068,0.2413957118988037,0.017230987548828125,0.0013616085052490234,0.004328012466430664
1411,0,0.5034615384615391,991,1000,1,1,887.0,0,0,1,0,2,3.636989116668701,0.736191987991333,0.2420973777770996,0.01743626594543457,0.0013773441314697266,0.0043299198150634766
1412,0,0.5034615384615391,991,1000,1,1,1412.0,0,0,0,1,1,3.63887619972229,0.7371566295623779,0.24295425415039062,0.01743626594543457,0.0013773441314697266,0.0043354034423828125
1413,0,0.5034615384615391,991,1000,1,1,1413.0,0,0,0,1,1,3.6409413814544678,0.7387411594390869,0.24337387084960938,0.01743626594543457,0.0013773441314697266,0.0043408870697021484
1414,0,0.5034615384615391,991,1000,1,1,1414.0,0,0,0,1,1,3.64355731010437,0.740103006362915,0.2445206642150879,0.01743626594543457,0.0013773441314697266,0.004342555999755859
1415,0,0.5034615384615391,991,1000,1,1,1415.0,0,0,0,1,1,3.646124839782715,0.7415666580200195,0.24552226066589355,0.01743626594543457,0.0013773441314697266,0.004351615905761719
1416,0,0.5034615384615391,991,1000,1,1,1416.0,0,0,0,1,1,3.6485021114349365,0.7431108951568604,0.24626803398132324,0.01743626594543457,0.0013773441314697266,0.004358768463134766
1417,0,0.5034615384615391,991,1000,1,1,1417.0,0,0,0,1,1,3.6498219966888428,0.7440764904022217,0.24657750129699707,0.01743626594543457,0.0013773441314697266,0.004364013671875
1418,0,0.5034615384615391,991,1000,1,1,1418.0,0,0,0,1,1,3.650782346725464,0.7446553707122803,0.24692773818969727,0.01743626594543457,0.0013773441314697266,0.004365444183349609
1419,0,0.5034615384615391,991,1000,1,1,1419.0,0,0,0,1,1,3.6517539024353027,0.7452592849731445,0.24727416038513184,0.01743626594543457,0.0013773441314697266,0.004366636276245117
1420,0,0.5034615384615391,991,1000,1,1,1420.0,0,0,0,1,1,3.652674913406372,0.7458117008209229,0.24761652946472168,0.01743626594543457,0.0013773441314697266,0.0043680667877197266
1421,0,0.5034615384615391,991,1000,2,1,1421.0,0,0,0,1,1,3.653775215148926,0.7464025020599365,0.24808120727539062,0.01743626594543457,0.0013773441314697266,0.004369258880615234
1422,0,0.5034615384615391,991,1000,1,1,1422.0,0,0,0,1,1,3.6549251079559326,0.7471849918365479,0.2484135627746582,0.01743626594543457,0.0013773441314697266,0.004372358322143555
1423,0,0.5034615384615391,991,1000,1,1,1423.0,0,0,0,1,1,3.655839443206787,0.7477517127990723,0.2487339973449707,0.01743626594543457,0.0013773441314697266,0.004373788833618164
1424,0,0.5034615384615391,992,1000,1,1,1424.0,0,0,0,1,0,3.656764507293701,0.7483334541320801,0.24904704093933105,0.01743626594543457,0.0013773441314697266,0.0043752193450927734
1425,0,0.5034615384615391,992,1000,1,1,1425.0,0,0,0,1,1,3.6576178073883057,0.7488462924957275,0.2493598461151123,0.01743626594543457,0.0013773441314697266,0.004376649856567383
1426,0,0.5034615384615391,992,1000,1,1,1426.0,0,0,0,1,1,3.6603286266326904,0.7497539520263672,0.25106287002563477,0.01743626594543457,0.0013773441314697266,0.004378080368041992
1427,0,0.5034615384615391,992,1000,2,1,1427.0,0,0,0,1,1,3.6625208854675293,0.7512924671173096,0.25164222717285156,0.01743626594543457,0.0013773441314697266,0.0043849945068359375
1428,0,0.5034615384615391,992,1000,1,1,1428.0,0,0,0,1,1,3.6644210815429688,0.7525818347930908,0.25219058990478516,0.01743626594543457,0.0013773441314697266,0.004390716552734375
1429,0,0.5034615384615391,992,1000,1,1,1429.0,0,0,0,1,1,3.665416717529297,0.7532367706298828,0.2524998188018799,0.01743626594543457,0.0013773441314697266,0.004393815994262695
1430,0,0.5034615384615391,992,1000,2,1,1430.0,0,0,0,1,1,3.6663613319396973,0.753847599029541,0.2528059482574463,0.01743626594543457,0.0013773441314697266,0.004395484924316406
1431,0,0.5034615384615391,992,1000,1,1,1431.0,0,0,0,1,1,3.667222738265991,0.7543842792510986,0.25310683250427246,0.01743626594543457,0.0013773441314697266,0.004397153854370117
1432,0,0.5034615384615391,992,1000,1,1,1432.0,0,0,0,1,1,3.6680521965026855,0.7548580169677734,0.25343823432922363,0.01743626594543457,0.0013773441314697266,0.004398822784423828
1433,0,0.5034615384615391,992,1000,1,1,1433.0,0,0,0,1,1,3.6705477237701416,0.7564990520477295,0.2542152404785156,0.01743626594543457,0.0013773441314697266,0.004400491714477539
1434,0,0.5034615384615391,991,1000,1,1,1219.0,0,0,1,0,2,3.673708200454712,0.7578334808349609,0.255415678024292,0.01789712905883789,0.0014019012451171875,0.00440669059753418
1435,0,0.5034615384615391,990,1000,1,1,1387.0,0,0,1,0,2,3.677294969558716,0.7592694759368896,0.2564826011657715,0.018691062927246094,0.0014340877532958984,0.0044133663177490234
1436,0,0.5034615384615391,990,1000,1,1,1436.0,0,0,0,1,1,3.6788992881774902,0.7604227066040039,0.25687098503112793,0.018691062927246094,0.0014340877532958984,0.004419803619384766
1437,0,0.5034615384615391,990,1000,1,1,1437.0,0,0,0,1,1,3.6804540157318115,0.7614700794219971,0.2573227882385254,0.018691062927246094,0.0014340877532958984,0.004422903060913086
1438,0,0.5034615384615391,990,1000,1,1,1438.0,0,0,0,1,1,3.681614875793457,0.7622694969177246,0.25765180587768555,0.018691062927246094,0.0014340877532958984,0.004426240921020508
1439,0,0.5034615384615391,990,1000,1,1,1439.0,0,0,0,1,1,3.6824731826782227,0.7627880573272705,0.2579643726348877,0.018691062927246094,0.0014340877532958984,0.004427671432495117
1440,0,0.5034615384615391,990,1000,1,1,1440.0,0,0,0,1,1,3.6833555698394775,0.7632887363433838,0.2583184242248535,0.018691062927246094,0.0014340877532958984,0.0044291019439697266
1441,0,0.5034615384615391,990,1000,1,1,1441.0,0,0,0,1,1,3.684619188308716,0.7640941143035889,0.25873303413391113,0.018691062927246094,0.0014340877532958984,0.0044324398040771484
1442,0,0.5034615384615391,991,1000,1,1,1442.0,0,0,0,1,0,3.6855876445770264,0.7646934986114502,0.25906944274902344,0.018691062927246094,0.0014340877532958984,0.004434108734130859
1443,0,0.5034615384615391,991,1000,1,1,1443.0,0,0,0,1,1,3.6864774227142334,0.7652137279510498,0.25941014289855957,0.018691062927246094,0.0014340877532958984,0.004435539245605469
1444,0,0.5034615384615391,991,1000,1,1,1444.0,0,0,0,1,1,3.6873958110809326,0.7657790184020996,0.2597382068634033,0.018691062927246094,0.0014340877532958984,0.0044367313385009766
1445,0,0.5034615384615391,991,1000,1,1,1445.0,0,0,0,1,1,3.6882941722869873,0.7663111686706543,0.26008081436157227,0.018691062927246094,0.0014340877532958984,0.004438161849975586
1446,0,0.5034615384615391,991,1000,1,1,1446.0,0,0,0,1,1,3.68920636177063,0.7668983936309814,0.260378360748291,0.018691062927246094,0.0014340877532958984,0.004439353942871094
1447,0,0.5034615384615391,991,1000,1,1,1447.0,0,0,0,1,1,3.6899495124816895,0.7673220634460449,0.26067471504211426,0.018691062927246094,0.0014340877532958984,0.0044405460357666016
1448,0,0.5034615384615391,991,1000,1,1,1448.0,0,0,0,1,1,3.69071364402771,0.7677597999572754,0.26097869873046875,0.018691062927246094,0.0014340877532958984,0.004441738128662109
1449,0,0.5034615384615391,991,1000,1,1,1449.0,0,0,0,1,1,3.6918985843658447,0.7682900428771973,0.2615957260131836,0.018691062927246094,0.0014340877532958984,0.004442930221557617
1450,0,0.5034615384615391,991,1000,1,1,1450.0,0,0,0,1,1,3.694335699081421,0.7700040340423584,0.2622346878051758,0.018691062927246094,0.0014340877532958984,0.00445103645324707
1451,0,0.5034615384615391,991,1000,1,1,1451.0,0,0,0,1,1,3.6959478855133057,0.7710897922515869,0.2627065181732178,0.018691062927246094,0.0014340877532958984,0.004456281661987305
1452,0,0.5034615384615391,991,1000,1,1,1452.0,0,0,0,1,1,3.697401762008667,0.7720036506652832,0.2631974220275879,0.018691062927246094,0.0014340877532958984,0.004460573196411133
1453,0,0.5034615384615391,991,1000,1,1,1453.0,0,0,0,1,1,3.6984810829162598,0.7727384567260742,0.263502836227417,0.018691062927246094,0.0014340877532958984,0.004464149475097656
1454,0,0.5034615384615391,991,1000,1,1,1454.0,0,0,0,1,1,3.699464797973633,0.7732701301574707,0.2639181613922119,0.018691062927246094,0.0014340877532958984,0.004466056823730469
1455,0,0.5034615384615391,991,1000,1,1,1455.0,0,0,0,1,1,3.702002763748169,0.7746021747589111,0.26503491401672363,0.018691062927246094,0.0014340877532958984,0.004470109939575195
1456,0,0.5034615384615391,990,1000,4,4,830.4,0,0,1,0,2,3.7048301696777344,0.7761776447296143,0.26589083671569824,0.01890850067138672,0.0014636516571044922,0.004479169845581055
1457,0,0.5034615384615391,990,1000,1,1,1457.0,0,0,0,1,1,3.706260919570923,0.7772171497344971,0.26624107360839844,0.01890850067138672,0.0014636516571044922,0.004483222961425781
1458,0,0.5034615384615391,990,1000,1,1,1458.0,0,0,0,1,1,3.707169771194458,0.7777578830718994,0.26658153533935547,0.01890850067138672,0.0014636516571044922,0.004484653472900391
1459,0,0.5034615384615391,990,1000,1,1,1459.0,0,0,0,1,1,3.708322286605835,0.7783584594726562,0.26709985733032227,0.01890850067138672,0.0014636516571044922,0.004486083984375
1460,0,0.5034615384615391,990,1000,1,1,1460.0,0,0,0,1,1,3.7108495235443115,0.7801070213317871,0.2677948474884033,0.01890850067138672,0.0014636516571044922,0.0044934749603271484
1461,0,0.5034615384615391,990,1000,1,0,0,0,0,0,1,1,3.712717294692993,0.781329870223999,0.2683737277984619,0.01890850067138672,0.0014636516571044922,0.004500150680541992
1462,0,0.5034615384615391,990,1000,2,2,834.5,0,0,2,0,2,3.71478533744812,0.7821714878082275,0.2691493034362793,0.019220352172851562,0.0014874935150146484,0.004503965377807617
1463,0,0.5034615384615391,990,1000,1,1,1463.0,0,0,0,1,1,3.7161245346069336,0.7830541133880615,0.2695596218109131,0.019220352172851562,0.0014874935150146484,0.004506587982177734
1464,0,0.5034615384615391,990,1000,1,1,1464.0,0,0,0,1,1,3.717154026031494,0.7837324142456055,0.26987600326538086,0.019220352172851562,0.0014874935150146484,0.004509449005126953
1465,0,0.5034615384615391,990,1000,1,1,1465.0,0,0,0,1,1,3.7180564403533936,0.7843136787414551,0.2701714038848877,0.019220352172851562,0.0014874935150146484,0.004511356353759766
1466,0,0.5034615384615391,990,1000,1,1,1466.0,0,0,0,1,1,3.7188961505889893,0.7847819328308105,0.27051711082458496,0.019220352172851562,0.0014874935150146484,0.004512786865234375
1467,0,0.5034615384615391,990,1000,1,1,1467.0,0,0,0,1,1,3.719710350036621,0.7852725982666016,0.2708158493041992,0.019220352172851562,0.0014874935150146484,0.004514217376708984
1468,0,0.5034615384615391,990,1000,1,1,1468.0,0,0,0,1,1,3.7205731868743896,0.785794734954834,0.2711336612701416,0.019220352172851562,0.0014874935150146484,0.004515409469604492
1469,0,0.5034615384615391,990,1000,1,1,1469.0,0,0,0,1,1,3.721480369567871,0.7863409519195557,0.2714698314666748,0.019220352172851562,0.0014874935150146484,0.0045168399810791016
1470,0,0.5034615384615391,990,1000,1,1,1470.0,0,0,0,1,1,3.722313404083252,0.7868187427520752,0.27179932594299316,0.019220352172851562,0.0014874935150146484,0.004518270492553711
1471,0,0.5034615384615391,990,1000,1,1,1471.0,0,0,0,1,1,3.7232086658477783,0.7873735427856445,0.27211761474609375,0.019220352172851562,0.0014874935150146484,0.00451970100402832
1472,0,0.5034615384615391,990,1000,1,1,1472.0,0,0,0,1,1,3.7240076065063477,0.7878482341766357,0.2724170684814453,0.019220352172851562,0.0014874935150146484,0.00452113151550293
1473,0,0.5034615384615391,990,1000,1,1,1473.0,0,0,0,1,1,3.7248871326446533,0.7882897853851318,0.2728283405303955,0.019220352172851562,0.0014874935150146484,0.004522562026977539
1474,0,0.5034615384615391,990,1000,1,1,1474.0,0,0,0,1,1,3.7273802757263184,0.7899374961853027,0.2735733985900879,0.019220352172851562,0.0014874935150146484,0.004526376724243164
1475,0,0.5034615384615391,990,1000,1,1,1475.0,0,0,0,1,1,3.72947096824646,0.7913455963134766,0.274181604385376,0.019220352172851562,0.0014874935150146484,0.004533290863037109
1476,0,0.5034615384615391,990,1000,1,1,1476.0,0,0,0,1,1,3.731796979904175,0.7925610542297363,0.27518272399902344,0.019220352172851562,0.0014874935150146484,0.004537820816040039
1477,0,0.5034615384615391,990,1000,1,1,1477.0,0,0,0,1,1,3.7343554496765137,0.7941608428955078,0.2760305404663086,0.019220352172851562,0.0014874935150146484,0.0045452117919921875
1478,0,0.5034615384615391,990,1000,2,1,1478.0,0,0,0,1,1,3.7362637519836426,0.7956411838531494,0.27639341354370117,0.019220352172851562,0.0014874935150146484,0.00455164909362793
1479,0,0.5034615384615391,991,1000,1,1,1479.0,0,0,0,1,0,3.737290382385254,0.7963571548461914,0.27667975425720215,0.019220352172851562,0.0014874935150146484,0.004553079605102539
1480,0,0.5034615384615391,991,1000,1,1,1480.0,0,0,0,1,1,3.7381935119628906,0.7969052791595459,0.2770063877105713,0.019220352172851562,0.0014874935150146484,0.004554271697998047
1481,0,0.5034615384615391,991,1000,1,1,1481.0,0,0,0,1,1,3.739145517349243,0.7974834442138672,0.27735400199890137,0.019220352172851562,0.0014874935150146484,0.004555702209472656
1482,0,0.5034615384615391,991,1000,2,1,1482.0,0,0,0,1,1,3.7399747371673584,0.7979509830474854,0.27768731117248535,0.019220352172851562,0.0014874935150146484,0.004557132720947266
1483,0,0.5034615384615391,991,1000,1,1,1483.0,0,0,0,1,1,3.7408368587493896,0.7984533309936523,0.27801942825317383,0.019220352172851562,0.0014874935150146484,0.004558563232421875
1484,0,0.5034615384615391,991,1000,1,1,1484.0,0,0,0,1,1,3.742283344268799,0.7990133762359619,0.27882957458496094,0.019220352172851562,0.0014874935150146484,0.004560232162475586
1485,0,0.5034615384615391,991,1000,1,1,1485.0,0,0,0,1,1,3.7444748878479004,0.8004720211029053,0.27947449684143066,0.019220352172851562,0.0014874935150146484,0.004568815231323242
1486,0,0.5034615384615391,991,1000,1,1,1486.0,0,0,0,1,1,3.7465133666992188,0.8016798496246338,0.2801697254180908,0.019220352172851562,0.0014874935150146484,0.004574298858642578
1487,0,0.5034615384615391,991,1000,1,1,1487.0,0,0,0,1,1,3.7488348484039307,0.8032126426696777,0.280867338180542,0.019220352172851562,0.0014874935150146484,0.0045795440673828125
1488,0,0.5034615384615391,991,1000,1,1,1488.0,0,0,0,1,1,3.7509827613830566,0.8044829368591309,0.28166699409484863,0.019220352172851562,0.0014874935150146484,0.004585981369018555
1489,0,0.5034615384615391,991,1000,1,1,1489.0,0,0,0,1,1,3.7534103393554688,0.8059675693511963,0.28250932693481445,0.019220352172851562,0.0014874935150146484,0.004593372344970703
1490,0,0.5034615384615391,991,1000,1,1,1490.0,0,0,0,1,1,3.7557249069213867,0.8075509071350098,0.28316664695739746,0.019220352172851562,0.0014874935150146484,0.004601716995239258
1491,0,0.5034615384615391,991,1000,1,1,1491.0,0,0,0,1,1,3.7569267749786377,0.8084065914154053,0.2834780216217041,0.019220352172851562,0.0014874935150146484,0.004606485366821289
1492,0,0.5034615384615391,992,1000,1,1,1492.0,0,0,0,1,0,3.7578983306884766,0.8090224266052246,0.28380727767944336,0.019220352172851562,0.0014874935150146484,0.004607677459716797
1493,0,0.5034615384615391,992,1000,1,1,1493.0,0,0,0,1,1,3.7606492042541504,0.8105194568634033,0.2849605083465576,0.019220352172851562,0.0014874935150146484,0.004609823226928711
1494,0,0.5034615384615391,992,1000,1,1,880.0,0,0,2,0,2,3.764775514602661,0.8121738433837891,0.28661346435546875,0.019792556762695312,0.0015180110931396484,0.004617452621459961
1495,0,0.5034615384615391,992,1000,1,1,1219.0,0,0,2,0,2,3.7678730487823486,0.8136541843414307,0.2876303195953369,0.020214557647705078,0.0015437602996826172,0.004626750946044922
1496,0,0.5034615384615391,992,1000,2,1,1496.0,0,0,0,1,1,3.7697017192840576,0.8150959014892578,0.28795671463012695,0.020214557647705078,0.0015437602996826172,0.0046329498291015625
1497,0,0.5034615384615391,992,1000,1,1,1497.0,0,0,0,1,1,3.770695209503174,0.8157532215118408,0.2882661819458008,0.020214557647705078,0.0015437602996826172,0.0046346187591552734
1498,0,0.5034615384615391,992,1000,1,1,1498.0,0,0,0,1,1,3.7716920375823975,0.816380500793457,0.2886049747467041,0.020214557647705078,0.0015437602996826172,0.004636049270629883
1499,0,0.5034615384615391,992,1000,2,1,1499.0,0,0,0,1,1,3.772592306137085,0.8168978691101074,0.2889523506164551,0.020214557647705078,0.0015437602996826172,0.004637241363525391
1500,0,0.5034615384615391,992,1000,2,1,1419.0,0,0,2,0,2,3.774096965789795,0.8174130916595459,0.2895839214324951,0.02046513557434082,0.0015594959259033203,0.004638671875
1501,0,0.5034615384615391,992,1000,1,1,1501.0,0,0,0,1,1,3.7752368450164795,0.8179352283477783,0.29016542434692383,0.02046513557434082,0.0015594959259033203,0.004640102386474609
1502,0,0.5034615384615391,992,1000,1,1,1248.0,0,0,2,0,2,3.779481887817383,0.820629358291626,0.29113125801086426,0.020853519439697266,0.0015850067138671875,0.004648447036743164
1503,0,0.5034615384615391,993,1000,1,1,1503.0,0,0,0,1,0,3.78230619430542,0.8224890232086182,0.2920098304748535,0.020853519439697266,0.0015850067138671875,0.004656076431274414
1504,0,0.5034615384615391,993,1000,1,1,1504.0,0,0,0,1,1,3.7839596271514893,0.8237833976745605,0.29232335090637207,0.020853519439697266,0.0015850067138671875,0.004662990570068359
1505,0,0.5034615384615391,993,1000,1,1,1505.0,0,0,0,1,1,3.784982204437256,0.8244800567626953,0.2926158905029297,0.020853519439697266,0.0015850067138671875,0.00466465950012207
1506,0,0.5034615384615391,993,1000,1,1,1506.0,0,0,0,1,1,3.7858641147613525,0.825005054473877,0.29294824600219727,0.020853519439697266,0.0015850067138671875,0.004666328430175781
1507,0,0.5034615384615391,993,1000,1,1,1507.0,0,0,0,1,1,3.786709785461426,0.8255150318145752,0.2932596206665039,0.020853519439697266,0.0015850067138671875,0.004667997360229492
1508,0,0.5034615384615391,993,1000,1,1,1508.0,0,0,0,1,1,3.787583589553833,0.826012372970581,0.2936093807220459,0.020853519439697266,0.0015850067138671875,0.004669189453125
1509,0,0.5034615384615391,993,1000,2,1,1509.0,0,0,0,1,1,3.788515567779541,0.8265671730041504,0.29395580291748047,0.020853519439697266,0.0015850067138671875,0.004670381546020508
1510,0,0.5034615384615391,993,1000,1,1,1510.0,0,0,0,1,1,3.789357900619507,0.8270642757415771,0.2942769527435303,0.020853519439697266,0.0015850067138671875,0.004671812057495117
1511,0,0.5034615384615391,993,1000,1,1,1511.0,0,0,0,1,1,3.790201425552368,0.8275730609893799,0.2945883274078369,0.020853519439697266,0.0015850067138671875,0.00467371940612793
1512,0,0.5034615384615391,993,1000,1,1,1512.0,0,0,0,1,1,3.791195869445801,0.8281006813049316,0.29501771926879883,0.020853519439697266,0.0015850067138671875,0.0046749114990234375
1513,0,0.5034615384615391,993,1000,1,1,1513.0,0,0,0,1,1,3.7940571308135986,0.8300294876098633,0.2958676815032959,0.020853519439697266,0.0015850067138671875,0.004682302474975586
1514,0,0.5034615384615391,993,1000,1,1,1514.0,0,0,0,1,1,3.7960660457611084,0.831331729888916,0.2965118885040283,0.020853519439697266,0.0015850067138671875,0.00468897819519043
1515,0,0.5034615384615391,993,1000,1,1,1515.0,0,0,0,1,1,3.797844409942627,0.8325610160827637,0.29700613021850586,0.020853519439697266,0.0015850067138671875,0.004694461822509766
1516,0,0.5034615384615391,993,1000,1,1,1516.0,0,0,0,1,1,3.79996657371521,0.8339109420776367,0.297713041305542,0.020853519439697266,0.0015850067138671875,0.004697561264038086
1517,0,0.5034615384615391,993,1000,1,1,1517.0,0,0,0,1,1,3.801995038986206,0.8352346420288086,0.29834437370300293,0.020853519439697266,0.0015850067138671875,0.0047037601470947266
1518,0,0.5034615384615391,993,1000,1,1,1518.0,0,0,0,1,1,3.8031859397888184,0.8360443115234375,0.2986912727355957,0.020853519439697266,0.0015850067138671875,0.0047075748443603516
1519,0,0.5034615384615391,993,1000,1,1,1519.0,0,0,0,1,1,3.8041553497314453,0.836655855178833,0.2990224361419678,0.020853519439697266,0.0015850067138671875,0.004708766937255859
1520,0,0.5034615384615391,993,1000,1,1,1520.0,0,0,0,1,1,3.8051090240478516,0.8371996879577637,0.2994058132171631,0.020853519439697266,0.0015850067138671875,0.004710197448730469
1521,0,0.5034615384615391,993,1000,1,1,1521.0,0,0,0,1,1,3.806227207183838,0.8378584384918213,0.29982876777648926,0.020853519439697266,0.0015850067138671875,0.004711627960205078
1522,0,0.5034615384615391,993,1000,1,1,1522.0,0,0,0,1,1,3.8075311183929443,0.8387377262115479,0.30021214485168457,0.020853519439697266,0.0015850067138671875,0.0047147274017333984
1523,0,0.5034615384615391,993,1000,4,4,1370.0,0,0,2,0,2,3.8106088638305664,0.8398017883300781,0.3011937141418457,0.021619558334350586,0.0016210079193115234,0.004715919494628906
1524,0,0.5034615384615391,993,1000,1,1,1524.0,0,0,0,1,1,3.812281608581543,0.8410613536834717,0.30153989791870117,0.021619558334350586,0.0016210079193115234,0.0047223567962646484
1525,0,0.5034615384615391,993,1000,1,1,1525.0,0,0,0,1,1,3.813771963119507,0.8418467044830322,0.3021841049194336,0.021619558334350586,0.0016210079193115234,0.004724264144897461
1526,0,0.5034615384615391,993,1000,1,1,1526.0,0,0,0,1,1,3.815842866897583,0.8431782722473145,0.30284619331359863,0.021619558334350586,0.0016210079193115234,0.004731655120849609
1527,0,0.5034615384615391,993,1000,1,1,1527.0,0,0,0,1,1,3.8177011013031006,0.8446094989776611,0.30321788787841797,0.021619558334350586,0.0016210079193115234,0.004737377166748047
1528,0,0.5034615384615391,993,1000,1,1,1528.0,0,0,0,1,1,3.818756103515625,0.8452968597412109,0.3035614490509033,0.021619558334350586,0.0016210079193115234,0.004739046096801758
1529,0,0.5034615384615391,993,1000,1,1,851.0,0,0,2,0,2,3.820417881011963,0.8458068370819092,0.3042600154876709,0.02193927764892578,0.0016400814056396484,0.004740476608276367
1530,0,0.5034615384615391,993,1000,1,1,1530.0,0,0,0,1,1,3.8216614723205566,0.8465960025787354,0.3046722412109375,0.02193927764892578,0.0016400814056396484,0.004742145538330078
1531,0,0.5034615384615391,993,1000,2,1,1531.0,0,0,0,1,1,3.8227930068969727,0.8473434448242188,0.30501794815063477,0.02193927764892578,0.0016400814056396484,0.004744768142700195
1532,0,0.5034615384615391,993,1000,1,1,1532.0,0,0,0,1,1,3.82369065284729,0.8478817939758301,0.30534839630126953,0.02193927764892578,0.0016400814056396484,0.004746437072753906
1533,0,0.5034615384615391,993,1000,1,1,1533.0,0,0,0,1,1,3.8246572017669678,0.8484408855438232,0.30571722984313965,0.02193927764892578,0.0016400814056396484,0.004747867584228516
1534,0,0.5034615384615391,993,1000,1,1,1534.0,0,0,0,1,1,3.8270881175994873,0.8500561714172363,0.30645251274108887,0.02193927764892578,0.0016400814056396484,0.0047512054443359375
1535,0,0.5034615384615391,993,1000,2,1,1535.0,0,0,0,1,1,3.8290297985076904,0.8515603542327881,0.3068370819091797,0.02193927764892578,0.0016400814056396484,0.004757404327392578
1536,0,0.5034615384615391,993,1000,1,1,1536.0,0,0,0,1,1,3.8302817344665527,0.8522722721099854,0.3073422908782959,0.02193927764892578,0.0016400814056396484,0.004759311676025391
1537,0,0.5034615384615391,993,1000,1,1,1537.0,0,0,0,1,1,3.83209228515625,0.8534479141235352,0.30791664123535156,0.02193927764892578,0.0016400814056396484,0.004764556884765625
1538,0,0.5034615384615391,993,1000,1,1,1538.0,0,0,0,1,1,3.8340208530426025,0.854576587677002,0.3086519241333008,0.02193927764892578,0.0016400814056396484,0.0047686100006103516
1539,0,0.5034615384615391,993,1000,1,1,1539.0,0,0,0,1,1,3.8356306552886963,0.855809211730957,0.30898141860961914,0.02193927764892578,0.0016400814056396484,0.0047740936279296875
1540,0,0.5034615384615391,993,1000,1,1,1540.0,0,0,0,1,1,3.837275505065918,0.8567280769348145,0.30963897705078125,0.02193927764892578,0.0016400814056396484,0.004775285720825195
1541,0,0.5034615384615391,993,1000,1,1,1541.0,0,0,0,1,1,3.8394229412078857,0.8581111431121826,0.3102996349334717,0.02193927764892578,0.0016400814056396484,0.004781246185302734
1542,0,0.5034615384615391,993,1000,1,1,1542.0,0,0,0,1,1,3.8420069217681885,0.8595390319824219,0.31136560440063477,0.02193927764892578,0.0016400814056396484,0.00478672981262207
1543,0,0.5034615384615391,993,1000,1,1,1543.0,0,0,0,1,1,3.844862461090088,0.8614833354949951,0.3121461868286133,0.02193927764892578,0.0016400814056396484,0.004797458648681641
1544,0,0.5034615384615391,993,1000,1,1,1544.0,0,0,0,1,1,3.8472466468811035,0.8630213737487793,0.3128960132598877,0.02193927764892578,0.0016400814056396484,0.004803895950317383
1545,0,0.5034615384615391,993,1000,1,1,1545.0,0,0,0,1,1,3.8498432636260986,0.8647823333740234,0.31363558769226074,0.02193927764892578,0.0016400814056396484,0.004813432693481445
1546,0,0.5034615384615391,993,1000,1,1,1546.0,0,0,0,1,1,3.8513636589050293,0.8659248352050781,0.3139681816101074,0.02193927764892578,0.0016400814056396484,0.004820108413696289
1547,0,0.5034615384615391,993,1000,1,1,1547.0,0,0,0,1,1,3.8524153232574463,0.8665423393249512,0.3143768310546875,0.02193927764892578,0.0016400814056396484,0.0048215389251708984
1548,0,0.5034615384615391,993,1000,2,1,1548.0,0,0,0,1,1,3.8535444736480713,0.86728835105896,0.3147237300872803,0.02193927764892578,0.0016400814056396484,0.004824161529541016
1549,0,0.5034615384615391,993,1000,1,1,1549.0,0,0,0,1,1,3.854497194290161,0.8678700923919678,0.3150632381439209,0.02193927764892578,0.0016400814056396484,0.0048258304595947266
1550,0,0.5034615384615391,993,1000,1,1,1550.0,0,0,0,1,1,3.8553850650787354,0.8684225082397461,0.3153681755065918,0.02193927764892578,0.0016400814056396484,0.004827260971069336
1551,0,0.5034615384615391,993,1000,1,1,1551.0,0,0,0,1,1,3.8562164306640625,0.8689231872558594,0.3156745433807373,0.02193927764892578,0.0016400814056396484,0.004828691482543945
1552,0,0.5034615384615391,993,1000,1,1,1552.0,0,0,0,1,1,3.8571059703826904,0.8694429397583008,0.3160226345062256,0.02193927764892578,0.0016400814056396484,0.004830121994018555
1553,0,0.5034615384615391,993,1000,1,1,1553.0,0,0,0,1,1,3.8579609394073486,0.8699512481689453,0.3163433074951172,0.02193927764892578,0.0016400814056396484,0.0048313140869140625
1554,0,0.5034615384615391,993,1000,1,1,1554.0,0,0,0,1,1,3.860222339630127,0.8712079524993896,0.3172571659088135,0.02193927764892578,0.0016400814056396484,0.0048334598541259766
1555,0,0.5034615384615391,993,1000,1,1,1555.0,0,0,0,1,1,3.862022638320923,0.8724584579467773,0.31774306297302246,0.02193927764892578,0.0016400814056396484,0.00484156608581543
1556,0,0.5034615384615391,993,1000,1,1,1556.0,0,0,0,1,1,3.863553762435913,0.8735251426696777,0.31816768646240234,0.02193927764892578,0.0016400814056396484,0.004845142364501953
1557,0,0.5034615384615391,993,1000,1,1,1557.0,0,0,0,1,1,3.864574909210205,0.8741669654846191,0.31851792335510254,0.02193927764892578,0.0016400814056396484,0.004846811294555664
1558,0,0.5034615384615391,993,1000,1,1,1558.0,0,0,0,1,1,3.865504503250122,0.8747100830078125,0.3188776969909668,0.02193927764892578,0.0016400814056396484,0.004848480224609375
1559,0,0.5034615384615391,993,1000,1,1,1559.0,0,0,0,1,1,3.8666739463806152,0.8755087852478027,0.3192131519317627,0.02193927764892578,0.0016400814056396484,0.004851102828979492
1560,0,0.5034615384615391,993,1000,2,1,1560.0,0,0,0,1,1,3.867602825164795,0.876072883605957,0.3195481300354004,0.02193927764892578,0.0016400814056396484,0.0048525333404541016
1561,0,0.5034615384615391,993,1000,1,1,1561.0,0,0,0,1,1,3.8691165447235107,0.87693190574646,0.3201277256011963,0.02193927764892578,0.0016400814056396484,0.0048542022705078125
1562,0,0.5034615384615391,993,1000,3,2,1362.0,0,0,2,0,2,3.8713021278381348,0.8778460025787354,0.3209879398345947,0.02221536636352539,0.0016596317291259766,0.004858255386352539
1563,0,0.5034615384615391,993,1000,1,1,1563.0,0,0,0,1,1,3.8727598190307617,0.8789219856262207,0.3213188648223877,0.02221536636352539,0.0016596317291259766,0.004862308502197266
1564,0,0.5034615384615391,993,1000,1,1,1564.0,0,0,0,1,1,3.873638391494751,0.8794453144073486,0.32164549827575684,0.02221536636352539,0.0016596317291259766,0.0048639774322509766
1565,0,0.5034615384615391,993,1000,1,1,1565.0,0,0,0,1,1,3.87444806098938,0.8799231052398682,0.32195377349853516,0.02221536636352539,0.0016596317291259766,0.004865407943725586
1566,0,0.5034615384615391,993,1000,2,1,1566.0,0,0,0,1,1,3.876455068588257,0.8808274269104004,0.3229813575744629,0.02221536636352539,0.0016596317291259766,0.004867076873779297
1567,0,0.5034615384615391,993,1000,1,1,1567.0,0,0,0,1,1,3.87852144241333,0.8821392059326172,0.3236668109893799,0.02221536636352539,0.0016596317291259766,0.004874467849731445
1568,0,0.5034615384615391,993,1000,1,1,1568.0,0,0,0,1,1,3.8798444271087646,0.8830504417419434,0.3240368366241455,0.02221536636352539,0.0016596317291259766,0.004877805709838867
1569,0,0.5034615384615391,993,1000,1,1,1569.0,0,0,0,1,1,3.881131172180176,0.8837978839874268,0.3245382308959961,0.02221536636352539,0.0016596317291259766,0.0048792362213134766
1570,0,0.5034615384615391,993,1000,1,1,1570.0,0,0,0,1,1,3.8831498622894287,0.8851091861724854,0.3251824378967285,0.02221536636352539,0.0016596317291259766,0.004883289337158203
1571,0,0.5034615384615391,993,1000,1,1,1571.0,0,0,0,1,1,3.884519100189209,0.8859565258026123,0.3256673812866211,0.02221536636352539,0.0016596317291259766,0.004888057708740234
1572,0,0.5034615384615391,993,1000,1,1,1572.0,0,0,0,1,1,3.8857688903808594,0.8868448734283447,0.32599568367004395,0.02221536636352539,0.0016596317291259766,0.004891633987426758
1573,0,0.5034615384615391,993,1000,1,1,1573.0,0,0,0,1,1,3.886690139770508,0.887394905090332,0.3263411521911621,0.02221536636352539,0.0016596317291259766,0.004893064498901367
1574,0,0.5034615384615391,993,1000,1,1,1574.0,0,0,0,1,1,3.8876326084136963,0.8879785537719727,0.32666945457458496,0.02221536636352539,0.0016596317291259766,0.004894256591796875
1575,0,0.5034615384615391,993,1000,3,1,1575.0,0,0,0,1,1,3.888524293899536,0.8884923458099365,0.32701730728149414,0.02221536636352539,0.0016596317291259766,0.004895925521850586
1576,0,0.5034615384615391,993,1000,1,1,1576.0,0,0,0,1,1,3.889434576034546,0.8890550136566162,0.32733821868896484,0.02221536636352539,0.0016596317291259766,0.004897356033325195
1577,0,0.5034615384615391,993,1000,1,1,1577.0,0,0,0,1,1,3.890259027481079,0.8895442485809326,0.3276488780975342,0.02221536636352539,0.0016596317291259766,0.004898786544799805
1578,0,0.5034615384615391,993,1000,1,1,1578.0,0,0,0,1,1,3.89113712310791,0.8901002407073975,0.32794928550720215,0.02221536636352539,0.0016596317291259766,0.004900217056274414
1579,0,0.5034615384615391,993,1000,1,1,1579.0,0,0,0,1,1,3.8930344581604004,0.8910715579986572,0.32877469062805176,0.02221536636352539,0.0016596317291259766,0.0049016475677490234
1580,0,0.5034615384615391,993,1000,1,1,1580.0,0,0,0,1,1,3.89505934715271,0.8924465179443359,0.3293647766113281,0.02221536636352539,0.0016596317291259766,0.00490880012512207
1581,0,0.5034615384615391,993,1000,3,1,1581.0,0,0,0,1,1,3.896811008453369,0.8936612606048584,0.3298473358154297,0.02221536636352539,0.0016596317291259766,0.0049135684967041016
1582,0,0.5034615384615391,993,1000,1,1,1582.0,0,0,0,1,1,3.898481845855713,0.8947193622589111,0.33038830757141113,0.02221536636352539,0.0016596317291259766,0.004917144775390625
1583,0,0.5034615384615391,993,1000,1,1,1583.0,0,0,0,1,1,3.8999507427215576,0.895632266998291,0.3308858871459961,0.02221536636352539,0.0016596317291259766,0.0049207210540771484
1584,0,0.5034615384615391,993,1000,1,1,1584.0,0,0,0,1,1,3.901090383529663,0.8963832855224609,0.3312404155731201,0.02221536636352539,0.0016596317291259766,0.004925251007080078
1585,0,0.5034615384615391,993,1000,1,1,1585.0,0,0,0,1,1,3.902059555053711,0.8969922065734863,0.3315751552581787,0.02221536636352539,0.0016596317291259766,0.004926443099975586
1586,0,0.5034615384615391,993,1000,1,1,1586.0,0,0,0,1,1,3.902967929840088,0.8975298404693604,0.3319218158721924,0.02221536636352539,0.0016596317291259766,0.004927635192871094
1587,0,0.5034615384615391,993,1000,1,1,1587.0,0,0,0,1,1,3.903829336166382,0.8980157375335693,0.33227014541625977,0.02221536636352539,0.0016596317291259766,0.0049288272857666016
1588,0,0.5034615384615391,993,1000,1,1,1588.0,0,0,0,1,1,3.9047727584838867,0.8986225128173828,0.3325819969177246,0.02221536636352539,0.0016596317291259766,0.004930019378662109
1589,0,0.5034615384615391,993,1000,1,1,1589.0,0,0,0,1,1,3.905823230743408,0.8992526531219482,0.33296990394592285,0.02221536636352539,0.0016596317291259766,0.004931211471557617
1590,0,0.5034615384615391,993,1000,1,1,1494.0,0,0,2,0,2,3.9074440002441406,0.8997883796691895,0.3336632251739502,0.022476911544799805,0.001676321029663086,0.0049326419830322266
1591,0,0.5034615384615391,993,1000,1,1,1591.0,0,0,0,1,1,3.908457040786743,0.900383472442627,0.33405089378356934,0.022476911544799805,0.001676321029663086,0.004934072494506836
1592,0,0.5034615384615391,993,1000,1,1,1592.0,0,0,0,1,1,3.9108259677886963,0.9019715785980225,0.33470678329467773,0.022476911544799805,0.001676321029663086,0.004937887191772461
1593,0,0.5034615384615391,993,1000,1,1,1593.0,0,0,0,1,1,3.9125728607177734,0.9031591415405273,0.3352072238922119,0.022476911544799805,0.001676321029663086,0.004943370819091797
1594,0,0.5034615384615391,993,1000,1,1,1594.0,0,0,0,1,1,3.9138457775115967,0.904038667678833,0.3355598449707031,0.022476911544799805,0.001676321029663086,0.004946708679199219
1595,0,0.5034615384615391,993,1000,1,1,1595.0,0,0,0,1,1,3.915443181991577,0.9049737453460693,0.33616137504577637,0.022476911544799805,0.001676321029663086,0.004948854446411133
1596,0,0.5034615384615391,993,1000,1,1,1596.0,0,0,0,1,1,3.916753053665161,0.9059007167816162,0.3365058898925781,0.022476911544799805,0.001676321029663086,0.004953145980834961
1597,0,0.5034615384615391,993,1000,1,1,1597.0,0,0,0,1,1,3.9175877571105957,0.9063751697540283,0.3368377685546875,0.022476911544799805,0.001676321029663086,0.004954814910888672
1598,0,0.5034615384615391,993,1000,1,1,1598.0,0,0,0,1,1,3.9185609817504883,0.9069814682006836,0.33718013763427734,0.022476911544799805,0.001676321029663086,0.00495600700378418
1599,0,0.5034615384615391,993,1000,1,1,1599.0,0,0,0,1,1,3.9194858074188232,0.9075758457183838,0.33748531341552734,0.022476911544799805,0.001676321029663086,0.004957437515258789
1600,0,0.5034615384615391,993,1000,1,1,1600.0,0,0,0,1,1,3.920370101928711,0.9081168174743652,0.33780527114868164,0.022476911544799805,0.001676321029663086,0.004958391189575195
1601,0,0.5034615384615391,993,1000,1,1,1601.0,0,0,0,1,1,3.921255350112915,0.9086456298828125,0.3381350040435791,0.022476911544799805,0.001676321029663086,0.004959821701049805
1602,0,0.5034615384615391,993,1000,2,2,505.3333333333333,0,0,2,0,2,3.922802209854126,0.9091813564300537,0.33877134323120117,0.02274036407470703,0.001695871353149414,0.0049610137939453125
1603,0,0.5034615384615391,993,1000,1,1,1603.0,0,0,0,1,1,3.9236927032470703,0.9097504615783691,0.3390662670135498,0.02274036407470703,0.001695871353149414,0.00496220588684082
1604,0,0.5034615384615391,993,1000,1,1,1604.0,0,0,0,1,1,3.924506187438965,0.910233736038208,0.3393714427947998,0.02274036407470703,0.001695871353149414,0.00496363639831543
1605,0,0.5034615384615391,993,1000,1,1,1605.0,0,0,0,1,1,3.9259932041168213,0.9109225273132324,0.3401069641113281,0.02274036407470703,0.001695871353149414,0.0049648284912109375
1606,0,0.5034615384615391,993,1000,1,1,1606.0,0,0,0,1,1,3.9281885623931885,0.9123568534851074,0.3407883644104004,0.02274036407470703,0.001695871353149414,0.0049724578857421875
1607,0,0.5034615384615391,993,1000,1,1,1607.0,0,0,0,1,1,3.9298126697540283,0.9134037494659424,0.3413071632385254,0.02274036407470703,0.001695871353149414,0.0049784183502197266
1608,0,0.5034615384615391,993,1000,1,1,1608.0,0,0,0,1,1,3.931060314178467,0.914262056350708,0.3416602611541748,0.02274036407470703,0.001695871353149414,0.004982709884643555
1609,0,0.5034615384615391,993,1000,1,1,1609.0,0,0,0,1,1,3.9320285320281982,0.9148831367492676,0.3419804573059082,0.02274036407470703,0.001695871353149414,0.0049839019775390625
1610,0,0.5034615384615391,993,1000,1,1,1610.0,0,0,0,1,1,3.933588981628418,0.9157938957214355,0.34258055686950684,0.02274036407470703,0.001695871353149414,0.0049855709075927734
1611,0,0.5034615384615391,993,1000,1,1,1611.0,0,0,0,1,1,3.9352574348449707,0.916947603225708,0.34303927421569824,0.02274036407470703,0.001695871353149414,0.0049898624420166016
1612,0,0.5034615384615391,993,1000,1,1,1523.0,0,0,2,0,2,3.9370107650756836,0.9175844192504883,0.34375476837158203,0.02301335334777832,0.0017135143280029297,0.004992008209228516
1613,0,0.5034615384615391,993,1000,1,1,1613.0,0,0,0,1,1,3.937990188598633,0.9182178974151611,0.3440728187561035,0.02301335334777832,0.0017135143280029297,0.0049936771392822266
1614,0,0.5034615384615391,993,1000,2,1,1614.0,0,0,0,1,1,3.938886880874634,0.9187676906585693,0.3443927764892578,0.02301335334777832,0.0017135143280029297,0.004995107650756836
1615,0,0.5034615384615391,993,1000,1,1,1615.0,0,0,0,1,1,3.9397804737091064,0.919330358505249,0.3446962833404541,0.02301335334777832,0.0017135143280029297,0.004996776580810547
1616,0,0.5034615384615391,993,1000,1,1,1616.0,0,0,0,1,1,3.940688371658325,0.9198708534240723,0.34503793716430664,0.02301335334777832,0.0017135143280029297,0.004998207092285156
1617,0,0.5034615384615391,993,1000,1,1,1617.0,0,0,0,1,1,3.9415805339813232,0.9203982353210449,0.34537482261657715,0.02301335334777832,0.0017135143280029297,0.004999876022338867
1618,0,0.5034615384615391,993,1000,1,1,1618.0,0,0,0,1,1,3.9437615871429443,0.9216670989990234,0.34618091583251953,0.02301335334777832,0.0017135143280029297,0.005002498626708984
1619,0,0.5034615384615391,993,1000,2,1,1619.0,0,0,0,1,1,3.9460198879241943,0.9230856895446777,0.3469383716583252,0.02301335334777832,0.0017135143280029297,0.005008697509765625
1620,0,0.5034615384615391,993,1000,1,1,1620.0,0,0,0,1,1,3.9475133419036865,0.9241321086883545,0.3473360538482666,0.02301335334777832,0.0017135143280029297,0.005014657974243164
1621,0,0.5034615384615391,993,1000,1,1,1621.0,0,0,0,1,1,3.948490619659424,0.9247176647186279,0.3476982116699219,0.02301335334777832,0.0017135143280029297,0.00501704216003418
1622,0,0.5034615384615391,993,1000,1,1,1622.0,0,0,0,1,1,3.949488878250122,0.9253723621368408,0.34801435470581055,0.02301335334777832,0.0017135143280029297,0.005018711090087891
1623,0,0.5034615384615391,993,1000,4,1,1623.0,0,0,0,1,1,3.9504363536834717,0.9259490966796875,0.34834766387939453,0.02301335334777832,0.0017135143280029297,0.0050201416015625
1624,0,0.5034615384615391,993,1000,1,1,1624.0,0,0,0,1,1,3.9512646198272705,0.9264304637908936,0.3486647605895996,0.02301335334777832,0.0017135143280029297,0.005022287368774414
1625,0,0.5034615384615391,993,1000,1,1,1625.0,0,0,0,1,1,3.952136993408203,0.9269344806671143,0.34900450706481934,0.02301335334777832,0.0017135143280029297,0.0050237178802490234
1626,0,0.5034615384615391,993,1000,1,1,1626.0,0,0,0,1,1,3.9530465602874756,0.9274756908416748,0.3493504524230957,0.02301335334777832,0.0017135143280029297,0.005024909973144531
1627,0,0.5034615384615391,993,1000,1,1,1627.0,0,0,0,1,1,3.953963279724121,0.9280271530151367,0.34969234466552734,0.02301335334777832,0.0017135143280029297,0.005026102066040039
1628,0,0.5034615384615391,993,1000,1,1,1628.0,0,0,0,1,1,3.954787492752075,0.9285163879394531,0.34999895095825195,0.02301335334777832,0.0017135143280029297,0.0050275325775146484
1629,0,0.5034615384615391,993,1000,1,1,1629.0,0,0,0,1,1,3.9557130336761475,0.929049015045166,0.3503694534301758,0.02301335334777832,0.0017135143280029297,0.005028724670410156
1630,0,0.5034615384615391,993,1000,1,1,1630.0,0,0,0,1,1,3.9565789699554443,0.9295539855957031,0.3507061004638672,0.02301335334777832,0.0017135143280029297,0.005030393600463867
1631,0,0.5034615384615391,994,1000,1,1,1631.0,0,0,0,1,0,3.957406520843506,0.9300549030303955,0.35100674629211426,0.02301335334777832,0.0017135143280029297,0.005031585693359375
1632,0,0.5034615384615391,994,1000,1,1,1632.0,0,0,0,1,1,3.958176851272583,0.9304826259613037,0.35132479667663574,0.02301335334777832,0.0017135143280029297,0.005032777786254883
1633,0,0.5034615384615391,993,1000,1,1,1494.0,0,0,1,0,2,3.961265802383423,0.9317877292633057,0.3524346351623535,0.023492097854614258,0.0017447471618652344,0.005034685134887695
1634,0,0.5034615384615391,993,1000,1,1,379.0,0,0,2,0,2,3.963902235031128,0.9331891536712646,0.35320281982421875,0.02380537986755371,0.0017635822296142578,0.005040884017944336
1635,0,0.5034615384615391,993,1000,1,1,1635.0,0,0,0,1,1,3.9653210639953613,0.9340915679931641,0.3536653518676758,0.02380537986755371,0.0017635822296142578,0.005044221878051758
1636,0,0.5034615384615391,993,1000,1,1,1636.0,0,0,0,1,1,3.966430902481079,0.9348335266113281,0.35399484634399414,0.02380537986755371,0.0017635822296142578,0.005046367645263672
1637,0,0.5034615384615391,993,1000,1,1,1637.0,0,0,0,1,1,3.9674198627471924,0.935448169708252,0.3543429374694824,0.02380537986755371,0.0017635822296142578,0.005048036575317383
1638,0,0.5034615384615391,993,1000,1,1,1638.0,0,0,0,1,1,3.9683680534362793,0.9360473155975342,0.35466599464416504,0.02380537986755371,0.0017635822296142578,0.005049467086791992
1639,0,0.5034615384615391,993,1000,1,1,1639.0,0,0,0,1,1,3.9692399501800537,0.9365861415863037,0.3549776077270508,0.02380537986755371,0.0017635822296142578,0.0050508975982666016
1640,0,0.5034615384615391,993,1000,1,1,1640.0,0,0,0,1,1,3.9700889587402344,0.937063455581665,0.35532450675964355,0.02380537986755371,0.0017635822296142578,0.005052089691162109
1641,0,0.5034615384615391,993,1000,1,1,1641.0,0,0,0,1,1,3.971039056777954,0.9376444816589355,0.3556680679321289,0.02380537986755371,0.0017635822296142578,0.005053520202636719
1642,0,0.5034615384615391,993,1000,1,1,1642.0,0,0,0,1,1,3.9719624519348145,0.9382083415985107,0.3560013771057129,0.02380537986755371,0.0017635822296142578,0.0050547122955322266
1643,0,0.5034615384615391,994,1000,1,1,1643.0,0,0,0,1,0,3.97275447845459,0.9386787414550781,0.35629796981811523,0.02380537986755371,0.0017635822296142578,0.005055904388427734
1644,0,0.5034615384615391,994,1000,1,1,1644.0,0,0,0,1,1,3.9736039638519287,0.9391765594482422,0.3566246032714844,0.02380537986755371,0.0017635822296142578,0.005057096481323242
1645,0,0.5034615384615391,993,1000,1,1,253.0,0,0,1,0,2,3.9750771522521973,0.9396803379058838,0.3572828769683838,0.023997783660888672,0.0017774105072021484,0.00505828857421875
1646,0,0.5034615384615391,993,1000,1,1,1646.0,0,0,0,1,1,3.977538824081421,0.9412834644317627,0.35804200172424316,0.023997783660888672,0.0017774105072021484,0.005062580108642578
1647,0,0.5034615384615391,993,1000,1,1,1647.0,0,0,0,1,1,3.9792678356170654,0.9425444602966309,0.35845351219177246,0.023997783660888672,0.0017774105072021484,0.00506901741027832
1648,0,0.5034615384615391,993,1000,1,1,1648.0,0,0,0,1,1,3.9803853034973145,0.943291187286377,0.35878801345825195,0.023997783660888672,0.0017774105072021484,0.005071401596069336
1649,0,0.5034615384615391,993,1000,1,1,1649.0,0,0,0,1,1,3.981281042098999,0.9438385963439941,0.35910940170288086,0.023997783660888672,0.0017774105072021484,0.005072593688964844
1650,0,0.5034615384615391,993,1000,1,1,1569.0,0,0,2,0,2,3.9855644702911377,0.9444184303283691,0.3602466583251953,0.026374340057373047,0.0017957687377929688,0.0050737857818603516
1651,0,0.5034615384615391,993,1000,1,1,1651.0,0,0,0,1,1,3.987388849258423,0.9458644390106201,0.3605659008026123,0.026374340057373047,0.0017957687377929688,0.005079984664916992
1652,0,0.5034615384615391,993,1000,1,1,1652.0,0,0,0,1,1,3.9882967472076416,0.9464161396026611,0.3608973026275635,0.026374340057373047,0.0017957687377929688,0.005081653594970703
1653,0,0.5034615384615391,993,1000,1,1,1653.0,0,0,0,1,1,3.9891269207000732,0.9468958377838135,0.3612191677093506,0.026374340057373047,0.0017957687377929688,0.005082845687866211
1654,0,0.5034615384615391,993,1000,1,1,1654.0,0,0,0,1,1,3.9900577068328857,0.9475052356719971,0.36151885986328125,0.026374340057373047,0.0017957687377929688,0.005084037780761719
1655,0,0.5034615384615391,993,1000,1,1,1655.0,0,0,0,1,1,3.99100661277771,0.9480609893798828,0.36188507080078125,0.026374340057373047,0.0017957687377929688,0.005085468292236328
1656,0,0.5034615384615391,993,1000,1,1,1656.0,0,0,0,1,1,3.992750406265259,0.9486122131347656,0.3630251884460449,0.026374340057373047,0.0017957687377929688,0.005086660385131836
1657,0,0.5034615384615391,993,1000,1,1,1657.0,0,0,0,1,1,3.9953129291534424,0.9501814842224121,0.3639261722564697,0.026374340057373047,0.0017957687377929688,0.005094289779663086
1658,0,0.5034615384615391,993,1000,1,1,1658.0,0,0,0,1,1,3.99757719039917,0.9517114162445068,0.3645787239074707,0.026374340057373047,0.0017957687377929688,0.005102872848510742
1659,0,0.5034615384615391,993,1000,1,1,1659.0,0,0,0,1,1,3.9994587898254395,0.9531302452087402,0.3649921417236328,0.026374340057373047,0.0017957687377929688,0.005107879638671875
1660,0,0.5034615384615391,993,1000,1,1,1660.0,0,0,0,1,1,4.000426530838013,0.9537549018859863,0.36530566215515137,0.026374340057373047,0.0017957687377929688,0.005109548568725586
1661,0,0.5034615384615391,993,1000,1,1,1661.0,0,0,0,1,1,4.001310348510742,0.9543106555938721,0.36560606956481934,0.026374340057373047,0.0017957687377929688,0.005110740661621094
1662,0,0.5034615384615391,993,1000,1,1,1662.0,0,0,0,1,1,4.0021467208862305,0.9548168182373047,0.36590075492858887,0.026374340057373047,0.0017957687377929688,0.005112171173095703
1663,0,0.5034615384615391,993,1000,1,1,1663.0,0,0,0,1,1,4.003037691116333,0.9553265571594238,0.3662564754486084,0.026374340057373047,0.0017957687377929688,0.00511479377746582
1664,0,0.5034615384615391,993,1000,1,1,1664.0,0,0,0,1,1,4.0039942264556885,0.9559280872344971,0.36658716201782227,0.026374340057373047,0.0017957687377929688,0.005115985870361328
1665,0,0.5034615384615391,993,1000,1,1,1665.0,0,0,0,1,1,4.004812002182007,0.9564156532287598,0.36689329147338867,0.026374340057373047,0.0017957687377929688,0.005117177963256836
1666,0,0.5034615384615391,993,1000,1,1,1521.0,0,0,2,0,2,4.006377220153809,0.956953763961792,0.36753106117248535,0.02664494514465332,0.0018138885498046875,0.005118608474731445
1667,0,0.5034615384615391,993,1000,1,1,1667.0,0,0,0,1,1,4.007232666015625,0.9574460983276367,0.36786746978759766,0.02664494514465332,0.0018138885498046875,0.005120277404785156
1668,0,0.5034615384615391,993,1000,1,1,1668.0,0,0,0,1,1,4.009325981140137,0.9583649635314941,0.3689281940460205,0.02664494514465332,0.0018138885498046875,0.005121707916259766
1669,0,0.5034615384615391,993,1000,1,1,1669.0,0,0,0,1,1,4.011537075042725,0.9598352909088135,0.36959099769592285,0.02664494514465332,0.0018138885498046875,0.005131244659423828
1670,0,0.5034615384615391,993,1000,1,1,1670.0,0,0,0,1,1,4.013131141662598,0.9610049724578857,0.3699679374694824,0.02664494514465332,0.0018138885498046875,0.0051364898681640625
1671,0,0.5034615384615391,993,1000,1,1,1671.0,0,0,0,1,1,4.01412034034729,0.9616172313690186,0.37030673027038574,0.02664494514465332,0.0018138885498046875,0.0051386356353759766
1672,0,0.5034615384615391,993,1000,1,1,1672.0,0,0,0,1,1,4.015324592590332,0.9623327255249023,0.3707544803619385,0.02664494514465332,0.0018138885498046875,0.005139827728271484
1673,0,0.5034615384615391,993,1000,1,1,1673.0,0,0,0,1,1,4.016236305236816,0.962893009185791,0.3710758686065674,0.02664494514465332,0.0018138885498046875,0.0051422119140625
1674,0,0.5034615384615391,993,1000,1,1,938.0,0,0,2,0,2,4.017959833145142,0.963477373123169,0.3717842102050781,0.02695155143737793,0.0018320083618164062,0.005143404006958008
1675,0,0.5034615384615391,993,1000,1,1,1675.0,0,0,0,1,1,4.019034147262573,0.964210033416748,0.37209630012512207,0.02695155143737793,0.0018320083618164062,0.00514531135559082
1676,0,0.5034615384615391,993,1000,1,1,1676.0,0,0,0,1,1,4.019962549209595,0.9647729396820068,0.3724400997161865,0.02695155143737793,0.0018320083618164062,0.00514674186706543
1677,0,0.5034615384615391,993,1000,1,1,1673.0,0,0,0,0,0,4.020535945892334,0.9653379917144775,0.3724403381347656,0.02695155143737793,0.0018320083618164062,0.005148172378540039
1678,0,0.5034615384615391,993,1000,1,1,1678.0,0,0,0,1,1,4.021418333053589,0.9658713340759277,0.37276291847229004,0.02695155143737793,0.0018320083618164062,0.005149364471435547
1679,0,0.5034615384615391,993,1000,3,3,1617.6666666666667,0,0,0,0,0,4.021988153457642,0.9664297103881836,0.37276315689086914,0.02695155143737793,0.0018320083618164062,0.005150556564331055
1680,0,0.5034615384615391,993,1000,1,1,1680.0,0,0,0,1,1,4.022885084152222,0.9669003486633301,0.37316012382507324,0.02695155143737793,0.0018320083618164062,0.0051517486572265625
1681,0,0.5034615384615391,993,1000,1,1,1681.0,0,0,0,1,1,4.024067401885986,0.9676113128662109,0.37359166145324707,0.02695155143737793,0.0018320083618164062,0.005155086517333984
1682,0,0.5034615384615391,993,1000,1,1,1682.0,0,0,0,1,1,4.025200128555298,0.9681308269500732,0.3741612434387207,0.02695155143737793,0.0018320083618164062,0.005156517028808594
1683,0,0.5034615384615391,993,1000,1,1,1683.0,0,0,0,1,1,4.027382135391235,0.969595193862915,0.3748035430908203,0.02695155143737793,0.0018320083618164062,0.005161762237548828
1684,0,0.5034615384615391,993,1000,1,1,1684.0,0,0,0,1,1,4.028961420059204,0.9707419872283936,0.37519025802612305,0.02695155143737793,0.0018320083618164062,0.005167245864868164
1685,0,0.5034615384615391,993,1000,1,1,1685.0,0,0,0,1,1,4.029953718185425,0.971341609954834,0.3755497932434082,0.02695155143737793,0.0018320083618164062,0.0051691532135009766
1686,0,0.5034615384615391,993,1000,1,1,1686.0,0,0,0,1,1,4.030795335769653,0.9718589782714844,0.37584638595581055,0.02695155143737793,0.0018320083618164062,0.0051708221435546875
1687,0,0.5034615384615391,993,1000,1,1,1687.0,0,0,0,1,1,4.0318427085876465,0.972480058670044,0.3762381076812744,0.02695155143737793,0.0018320083618164062,0.005171775817871094
1688,0,0.5034615384615391,993,1000,1,1,1688.0,0,0,0,1,1,4.033727407455444,0.9736306667327881,0.37690305709838867,0.02695155143737793,0.0018320083618164062,0.005175113677978516
1689,0,0.5034615384615391,993,1000,1,1,1689.0,0,0,0,1,1,4.035120010375977,0.974578857421875,0.3773040771484375,0.02695155143737793,0.0018320083618164062,0.005179405212402344
1690,0,0.5034615384615391,993,1000,1,1,1690.0,0,0,0,1,1,4.036144018173218,0.9752118587493896,0.37766313552856445,0.02695155143737793,0.0018320083618164062,0.005181550979614258
1691,0,0.5034615384615391,993,1000,1,1,1691.0,0,0,0,1,1,4.0370190143585205,0.975719690322876,0.3780052661895752,0.02695155143737793,0.0018320083618164062,0.005182743072509766
1692,0,0.5034615384615391,993,1000,1,1,1692.0,0,0,0,1,1,4.037929058074951,0.9762670993804932,0.37834596633911133,0.02695155143737793,0.0018320083618164062,0.0051839351654052734
1693,0,0.5034615384615391,993,1000,1,1,1693.0,0,0,0,1,1,4.039422512054443,0.9772157669067383,0.3788414001464844,0.02695155143737793,0.0018320083618164062,0.005185127258300781
1694,0,0.5034615384615391,993,1000,1,1,1694.0,0,0,0,1,1,4.0405519008636475,0.9779829978942871,0.3791656494140625,0.02695155143737793,0.0018320083618164062,0.0051898956298828125
1695,0,0.5034615384615391,993,1000,1,1,1695.0,0,0,0,1,1,4.041736841201782,0.9786596298217773,0.3796415328979492,0.02695155143737793,0.0018320083618164062,0.005191802978515625
1696,0,0.5034615384615391,993,1000,1,1,1696.0,0,0,0,1,1,4.044106960296631,0.9802277088165283,0.38036513328552246,0.02695155143737793,0.0018320083618164062,0.005197048187255859
1697,0,0.5034615384615391,993,1000,1,1,1697.0,0,0,0,1,1,4.045977830886841,0.9814140796661377,0.38098955154418945,0.02695155143737793,0.0018320083618164062,0.005202770233154297
1698,0,0.5034615384615391,993,1000,1,1,1698.0,0,0,0,1,1,4.047725200653076,0.9826474189758301,0.3814573287963867,0.02695155143737793,0.0018320083618164062,0.005207538604736328
1699,0,0.5034615384615391,993,1000,1,1,1699.0,0,0,0,1,1,4.048994302749634,0.9835665225982666,0.381772518157959,0.02695155143737793,0.0018320083618164062,0.005210161209106445
1700,0,0.5034615384615391,993,1000,1,1,1700.0,0,0,0,1,1,4.050090551376343,0.9842953681945801,0.3821120262145996,0.02695155143737793,0.0018320083618164062,0.005211830139160156
1701,0,0.5034615384615391,993,1000,1,1,1701.0,0,0,0,1,1,4.0510573387146,0.9848887920379639,0.38245511054992676,0.02695155143737793,0.0018320083618164062,0.005213260650634766
1702,0,0.5034615384615391,993,1000,1,1,1702.0,0,0,0,1,1,4.051938533782959,0.9854328632354736,0.3827657699584961,0.02695155143737793,0.0018320083618164062,0.0052149295806884766
1703,0,0.5034615384615391,993,1000,2,2,1540.3333333333333,0,0,2,0,2,4.053583383560181,0.9860563278198242,0.38341712951660156,0.02720332145690918,0.001851797103881836,0.005216360092163086
1704,0,0.5034615384615391,993,1000,1,1,1704.0,0,0,0,1,1,4.054894685745239,0.9866161346435547,0.38404059410095215,0.02720332145690918,0.001851797103881836,0.005217790603637695
1705,0,0.5034615384615391,993,1000,1,1,1705.0,0,0,0,1,1,4.056090831756592,0.9874222278594971,0.38439321517944336,0.02720332145690918,0.001851797103881836,0.005219936370849609
1706,0,0.5034615384615391,993,1000,1,1,1706.0,0,0,0,1,1,4.0571043491363525,0.9880666732788086,0.3847324848175049,0.02720332145690918,0.001851797103881836,0.00522160530090332
1707,0,0.5034615384615391,993,1000,4,1,1707.0,0,0,0,1,1,4.058032751083374,0.9886436462402344,0.38504838943481445,0.02720332145690918,0.001851797103881836,0.00522303581237793
1708,0,0.5034615384615391,993,1000,1,1,1708.0,0,0,0,1,1,4.060068607330322,0.9894993305206299,0.3861572742462158,0.02720332145690918,0.001851797103881836,0.005224466323852539
1709,0,0.5034615384615391,993,1000,1,1,1709.0,0,0,0,1,1,4.062066316604614,0.9907996654510498,0.38678431510925293,0.02720332145690918,0.001851797103881836,0.005232572555541992
1710,0,0.5034615384615391,992,1000,5,5,1084.142857142857,0,0,1,0,2,4.065616130828857,0.9917788505554199,0.3876917362213135,0.027453899383544922,0.0018737316131591797,0.00523686408996582
1711,0,0.5034615384615391,992,1000,1,1,1711.0,0,0,0,1,1,4.067727327346802,0.9932124614715576,0.38830089569091797,0.027453899383544922,0.0018737316131591797,0.005241870880126953
1712,0,0.5034615384615391,992,1000,1,1,1712.0,0,0,0,1,1,4.06942081451416,0.9943580627441406,0.38880300521850586,0.027453899383544922,0.0018737316131591797,0.005246877670288086
1713,0,0.5034615384615391,992,1000,1,1,1713.0,0,0,0,1,1,4.071013927459717,0.9954514503479004,0.38924717903137207,0.027453899383544922,0.0018737316131591797,0.005253314971923828
1714,0,0.5034615384615391,992,1000,1,1,1714.0,0,0,0,1,1,4.0720436573028564,0.9960966110229492,0.3896019458770752,0.027453899383544922,0.0018737316131591797,0.005255460739135742
1715,0,0.5034615384615391,992,1000,1,1,1715.0,0,0,0,1,1,4.072965621948242,0.9966583251953125,0.3899350166320801,0.027453899383544922,0.0018737316131591797,0.00525665283203125
1716,0,0.5034615384615391,992,1000,1,1,1716.0,0,0,0,1,1,4.073863983154297,0.9971990585327148,0.39026570320129395,0.027453899383544922,0.0018737316131591797,0.005258321762084961
1717,0,0.5034615384615391,992,1000,1,1,1717.0,0,0,0,1,1,4.074731111526489,0.9977281093597412,0.3905766010284424,0.027453899383544922,0.0018737316131591797,0.005259513854980469
1718,0,0.5034615384615391,992,1000,1,1,1718.0,0,0,0,1,1,4.076940298080444,0.9988996982574463,0.39151692390441895,0.027453899383544922,0.0018737316131591797,0.005260944366455078
1719,0,0.5034615384615391,992,1000,2,1,1719.0,0,0,0,1,1,4.079148769378662,1.000253438949585,0.39228343963623047,0.027453899383544922,0.0018737316131591797,0.005267143249511719
1720,0,0.5034615384615391,992,1000,1,1,1720.0,0,0,0,1,1,4.081450939178467,1.001788854598999,0.3929615020751953,0.027453899383544922,0.0018737316131591797,0.005272388458251953
1721,0,0.5034615384615391,992,1000,1,1,1721.0,0,0,0,1,1,4.083019256591797,1.0028362274169922,0.3934311866760254,0.027453899383544922,0.0018737316131591797,0.005277395248413086
1722,0,0.5034615384615391,992,1000,1,1,1722.0,0,0,0,1,1,4.085378646850586,1.0043447017669678,0.39420461654663086,0.027453899383544922,0.0018737316131591797,0.005280971527099609
1723,0,0.5034615384615391,992,1000,1,1,1723.0,0,0,0,1,1,4.087184190750122,1.0054941177368164,0.39479613304138184,0.027453899383544922,0.0018737316131591797,0.0052869319915771484
1724,0,0.5034615384615391,992,1000,1,1,1724.0,0,0,0,1,1,4.088375091552734,1.0063302516937256,0.395113468170166,0.027453899383544922,0.0018737316131591797,0.005290031433105469
1725,0,0.5034615384615391,992,1000,1,1,1725.0,0,0,0,1,1,4.089307546615601,1.0069265365600586,0.3954195976257324,0.027453899383544922,0.0018737316131591797,0.0052912235260009766
1726,0,0.5034615384615391,992,1000,1,1,1726.0,0,0,0,1,1,4.090285778045654,1.007498025894165,0.3957958221435547,0.027453899383544922,0.0018737316131591797,0.005294084548950195
1727,0,0.5034615384615391,992,1000,1,1,1727.0,0,0,0,1,1,4.091191053390503,1.008023738861084,0.3961515426635742,0.027453899383544922,0.0018737316131591797,0.005295753479003906
1728,0,0.5034615384615391,992,1000,1,1,1728.0,0,0,0,1,1,4.092839241027832,1.0088601112365723,0.3968994617462158,0.027453899383544922,0.0018737316131591797,0.005297422409057617
1729,0,0.5034615384615391,992,1000,1,1,1729.0,0,0,0,1,1,4.095060110092163,1.010249376296997,0.39765119552612305,0.027453899383544922,0.0018737316131591797,0.005305767059326172
1730,0,0.5034615384615391,992,1000,4,2,1475.0,0,0,2,0,2,4.102684497833252,1.0116376876831055,0.3986968994140625,0.03246164321899414,0.0018951892852783203,0.005312681198120117
1731,0,0.5034615384615391,992,1000,1,1,1731.0,0,0,0,1,1,4.104451656341553,1.0127623081207275,0.39926886558532715,0.03246164321899414,0.0018951892852783203,0.005319356918334961
1732,0,0.5034615384615391,992,1000,1,1,1732.0,0,0,0,1,1,4.105990171432495,1.0138661861419678,0.39965319633483887,0.03246164321899414,0.0018951892852783203,0.005323171615600586
1733,0,0.5034615384615391,992,1000,1,1,1733.0,0,0,0,1,1,4.106897592544556,1.0144035816192627,0.3999960422515869,0.03246164321899414,0.0018951892852783203,0.005324840545654297
1734,0,0.5034615384615391,992,1000,1,1,1734.0,0,0,0,1,1,4.107818841934204,1.0150034427642822,0.40029168128967285,0.03246164321899414,0.0018951892852783203,0.005326509475708008
1735,0,0.5034615384615391,992,1000,1,1,1735.0,0,0,0,1,1,4.110287189483643,1.0165553092956543,0.40110015869140625,0.03246164321899414,0.0018951892852783203,0.005327701568603516
1736,0,0.5034615384615391,992,1000,1,1,1736.0,0,0,0,1,1,4.112163066864014,1.0178282260894775,0.40163588523864746,0.03246164321899414,0.0018951892852783203,0.005335569381713867
1737,0,0.5034615384615391,992,1000,1,1,1737.0,0,0,0,1,1,4.1133952140808105,1.0186898708343506,0.40197110176086426,0.03246164321899414,0.0018951892852783203,0.005339860916137695
1738,0,0.5034615384615391,992,1000,1,1,1738.0,0,0,0,1,1,4.1144678592681885,1.0192790031433105,0.4024085998535156,0.03246164321899414,0.0018951892852783203,0.005341529846191406
1739,0,0.5034615384615391,992,1000,1,1,1739.0,0,0,0,1,1,4.115492820739746,1.0199573040008545,0.4027233123779297,0.03246164321899414,0.0018951892852783203,0.005344390869140625
1740,0,0.5034615384615391,992,1000,3,1,1740.0,0,0,0,1,1,4.116762161254883,1.020751953125,0.40314745903015137,0.03246164321899414,0.0018951892852783203,0.005346059799194336
1741,0,0.5034615384615391,991,1000,1,1,1562.0,0,0,1,0,2,4.1187474727630615,1.0214893817901611,0.40396690368652344,0.03274822235107422,0.0019137859344482422,0.005349636077880859
1742,0,0.5034615384615391,991,1000,1,1,1742.0,0,0,0,1,1,4.120213985443115,1.0225696563720703,0.4043102264404297,0.03274822235107422,0.0019137859344482422,0.005352973937988281
1743,0,0.5034615384615391,991,1000,1,1,1743.0,0,0,0,1,1,4.121082782745361,1.0230956077575684,0.4046308994293213,0.03274822235107422,0.0019137859344482422,0.005354642868041992
1744,0,0.5034615384615391,991,1000,1,1,1744.0,0,0,0,1,1,4.121912240982056,1.023573875427246,0.4049537181854248,0.03274822235107422,0.0019137859344482422,0.005356311798095703
1745,0,0.5034615384615391,991,1000,1,1,1745.0,0,0,0,1,1,4.122868299484253,1.024153470993042,0.4053008556365967,0.03274822235107422,0.0019137859344482422,0.005357980728149414
1746,0,0.5034615384615391,991,1000,1,1,1746.0,0,0,0,1,1,4.123687505722046,1.0246496200561523,0.40560269355773926,0.03274822235107422,0.0019137859344482422,0.0053594112396240234
1747,0,0.5034615384615391,991,1000,1,1,1747.0,0,0,0,1,1,4.124561786651611,1.0251691341400146,0.4059302806854248,0.03274822235107422,0.0019137859344482422,0.005360603332519531
1748,0,0.5034615384615391,991,1000,1,1,1511.0,0,0,2,0,2,4.127302646636963,1.0261707305908203,0.4069995880126953,0.03323674201965332,0.0019381046295166016,0.005361795425415039
1749,0,0.5034615384615391,991,1000,1,1,1749.0,0,0,0,1,1,4.129415512084961,1.0276198387145996,0.40758848190307617,0.03323674201965332,0.0019381046295166016,0.005372047424316406
1750,0,0.5034615384615391,991,1000,1,1,1750.0,0,0,0,1,1,4.131356716156006,1.0289080142974854,0.40818357467651367,0.03323674201965332,0.0019381046295166016,0.005377054214477539
1751,0,0.5034615384615391,990,1000,1,1,1194.0,0,0,1,0,2,4.13409161567688,1.0302555561065674,0.40908265113830566,0.033548831939697266,0.001962900161743164,0.0053827762603759766
1752,0,0.5034615384615391,990,1000,1,1,1752.0,0,0,0,1,1,4.135554075241089,1.0312578678131104,0.40949463844299316,0.033548831939697266,0.001962900161743164,0.005385875701904297
1753,0,0.5034615384615391,989,1000,1,1,1655.0,0,0,1,0,2,4.137162208557129,1.031864881515503,0.4101107120513916,0.03381609916687012,0.0019762516021728516,0.0053882598876953125
1754,0,0.5034615384615391,990,1000,1,1,1754.0,0,0,0,1,0,4.137990713119507,1.0323495864868164,0.41042566299438477,0.03381609916687012,0.0019762516021728516,0.0053899288177490234
1755,0,0.5034615384615391,990,1000,1,1,1755.0,0,0,0,1,1,4.138952970504761,1.0329549312591553,0.41076135635375977,0.03381609916687012,0.0019762516021728516,0.005391120910644531
1756,0,0.5034615384615391,990,1000,1,1,1756.0,0,0,0,1,1,4.139870643615723,1.0335140228271484,0.41109228134155273,0.03381609916687012,0.0019762516021728516,0.005392313003540039
1757,0,0.5034615384615391,990,1000,1,1,1757.0,0,0,0,1,1,4.140704154968262,1.0340096950531006,0.41140198707580566,0.03381609916687012,0.0019762516021728516,0.0053937435150146484
1758,0,0.5034615384615391,990,1000,1,1,1758.0,0,0,0,1,1,4.141580581665039,1.0345020294189453,0.4117622375488281,0.03381609916687012,0.0019762516021728516,0.005394697189331055
1759,0,0.5034615384615391,990,1000,1,1,1759.0,0,0,0,1,1,4.143787384033203,1.035712718963623,0.41268348693847656,0.03381609916687012,0.0019762516021728516,0.0053980350494384766
1760,0,0.5034615384615391,990,1000,1,1,1760.0,0,0,0,1,1,4.145597457885742,1.0368714332580566,0.4132688045501709,0.03381609916687012,0.0019762516021728516,0.00540471076965332
1761,0,0.5034615384615391,990,1000,1,1,1761.0,0,0,0,1,1,4.147615194320679,1.038224220275879,0.4138493537902832,0.03381609916687012,0.0019762516021728516,0.005409955978393555
1762,0,0.5034615384615391,990,1000,1,1,1762.0,0,0,0,1,1,4.149338245391846,1.0394392013549805,0.41430115699768066,0.03381609916687012,0.0019762516021728516,0.005414247512817383
1763,0,0.5034615384615391,990,1000,1,1,1763.0,0,0,0,1,1,4.150463581085205,1.0401792526245117,0.4146554470062256,0.03381609916687012,0.0019762516021728516,0.0054168701171875
1764,0,0.5034615384615391,990,1000,1,1,1764.0,0,0,0,1,1,4.151379346847534,1.0407230854034424,0.4149963855743408,0.03381609916687012,0.0019762516021728516,0.005418300628662109
1765,0,0.5034615384615391,990,1000,1,1,1765.0,0,0,0,1,1,4.152294397354126,1.0412874221801758,0.41531968116760254,0.03381609916687012,0.0019762516021728516,0.00541996955871582
1766,0,0.5034615384615391,990,1000,1,1,1766.0,0,0,0,1,1,4.153193712234497,1.041821002960205,0.4156622886657715,0.03381609916687012,0.0019762516021728516,0.00542140007019043
1767,0,0.5034615384615391,990,1000,1,1,1767.0,0,0,0,1,1,4.1540913581848145,1.0423610210418701,0.41599273681640625,0.03381609916687012,0.0019762516021728516,0.005422830581665039
1768,0,0.5034615384615391,990,1000,2,1,1768.0,0,0,0,1,1,4.154948711395264,1.04288911819458,0.4162917137145996,0.03381609916687012,0.0019762516021728516,0.005424022674560547
1769,0,0.5034615384615391,990,1000,1,1,1769.0,0,0,0,1,1,4.155838489532471,1.0434117317199707,0.41663146018981934,0.03381609916687012,0.0019762516021728516,0.005425453186035156
1770,0,0.5034615384615391,990,1000,1,1,1770.0,0,0,0,1,1,4.156695365905762,1.043942928314209,0.41693568229675293,0.03381609916687012,0.0019762516021728516,0.005426883697509766
1771,0,0.5034615384615391,990,1000,1,1,1771.0,0,0,0,1,1,4.157540559768677,1.044447898864746,0.417252779006958,0.03381609916687012,0.0019762516021728516,0.0054280757904052734
1772,0,0.5034615384615391,990,1000,1,1,1772.0,0,0,0,1,1,4.158560514450073,1.0450060367584229,0.41768550872802734,0.03381609916687012,0.0019762516021728516,0.005429506301879883
1773,0,0.5034615384615391,990,1000,1,1,1773.0,0,0,0,1,1,4.160789489746094,1.0465397834777832,0.4183084964752197,0.03381609916687012,0.0019762516021728516,0.005433082580566406
1774,0,0.5034615384615391,990,1000,1,1,1774.0,0,0,0,1,1,4.162754058837891,1.0478501319885254,0.4189019203186035,0.03381609916687012,0.0019762516021728516,0.005438089370727539
1775,0,0.5034615384615391,990,1000,1,1,1775.0,0,0,0,1,1,4.164489507675171,1.049137830734253,0.4192972183227539,0.03381609916687012,0.0019762516021728516,0.005443096160888672
1776,0,0.5034615384615391,990,1000,1,1,1776.0,0,0,0,1,1,4.166060447692871,1.0500988960266113,0.4198033809661865,0.03381609916687012,0.0019762516021728516,0.0054454803466796875
1777,0,0.5034615384615391,990,1000,1,1,1777.0,0,0,0,1,1,4.16713809967041,1.0507850646972656,0.420163631439209,0.03381609916687012,0.0019762516021728516,0.005448341369628906
1778,0,0.5034615384615391,990,1000,1,1,1778.0,0,0,0,1,1,4.1680402755737305,1.0513103008270264,0.42050933837890625,0.03381609916687012,0.0019762516021728516,0.005449771881103516
1779,0,0.5034615384615391,990,1000,1,1,1779.0,0,0,0,1,1,4.168996095657349,1.0519299507141113,0.4208214282989502,0.03381609916687012,0.0019762516021728516,0.005451202392578125
1780,0,0.5034615384615391,990,1000,1,1,1780.0,0,0,0,1,1,4.16993522644043,1.0525095462799072,0.42115354537963867,0.03381609916687012,0.0019762516021728516,0.005452632904052734
1781,0,0.5034615384615391,990,1000,1,1,1781.0,0,0,0,1,1,4.170783042907715,1.0530080795288086,0.4214785099029541,0.03381609916687012,0.0019762516021728516,0.005453824996948242
1782,0,0.5034615384615391,990,1000,1,1,1782.0,0,0,0,1,1,4.17167592048645,1.0535614490509033,0.4217956066131592,0.03381609916687012,0.0019762516021728516,0.00545501708984375
1783,0,0.5034615384615391,990,1000,3,2,1649.5,0,0,1,0,2,4.1753830909729,1.0541574954986572,0.4225451946258545,0.036000728607177734,0.0019936561584472656,0.005456686019897461
1784,0,0.5034615384615391,990,1000,1,1,1784.0,0,0,0,1,1,4.178062200546265,1.0558481216430664,0.42342138290405273,0.036000728607177734,0.0019936561584472656,0.0054628849029541016
1785,0,0.5034615384615391,990,1000,1,1,1785.0,0,0,0,1,1,4.1800196170806885,1.057222843170166,0.42394065856933594,0.036000728607177734,0.0019936561584472656,0.0054700374603271484
1786,0,0.5034615384615391,990,1000,1,1,1786.0,0,0,0,1,1,4.181174278259277,1.0580034255981445,0.42427945137023926,0.036000728607177734,0.0019936561584472656,0.0054738521575927734
1787,0,0.5034615384615391,990,1000,1,1,1787.0,0,0,0,1,1,4.182156801223755,1.058628797531128,0.4246094226837158,0.036000728607177734,0.0019936561584472656,0.005475044250488281
1788,0,0.5034615384615391,990,1000,1,1,1788.0,0,0,0,1,1,4.183572292327881,1.0593876838684082,0.4252169132232666,0.036000728607177734,0.0019936561584472656,0.005476474761962891
1789,0,0.5034615384615391,990,1000,1,1,1789.0,0,0,0,1,1,4.185456037521362,1.0605823993682861,0.42585134506225586,0.036000728607177734,0.0019936561584472656,0.005481719970703125
1790,0,0.5034615384615391,990,1000,1,1,1790.0,0,0,0,1,1,4.186805248260498,1.0615458488464355,0.42620325088500977,0.036000728607177734,0.0019936561584472656,0.005486011505126953
1791,0,0.5034615384615391,990,1000,1,1,1791.0,0,0,0,1,1,4.187758207321167,1.0621576309204102,0.4265174865722656,0.036000728607177734,0.0019936561584472656,0.0054874420166015625
1792,0,0.5034615384615391,990,1000,1,1,1792.0,0,0,0,1,1,4.188640117645264,1.062690019607544,0.42684340476989746,0.036000728607177734,0.0019936561584472656,0.00548863410949707
1793,0,0.5034615384615391,990,1000,1,1,993.0,0,0,2,0,2,4.190317869186401,1.0632505416870117,0.42756009101867676,0.03627920150756836,0.002012491226196289,0.005489826202392578
1794,0,0.5034615384615391,990,1000,1,1,1794.0,0,0,0,1,1,4.191383123397827,1.0639567375183105,0.427886962890625,0.03627920150756836,0.002012491226196289,0.005491971969604492
1795,0,0.5034615384615391,990,1000,1,1,1795.0,0,0,0,1,1,4.193703889846802,1.0651311874389648,0.42895984649658203,0.03627920150756836,0.002012491226196289,0.0054931640625
1796,0,0.5034615384615391,990,1000,1,1,1796.0,0,0,0,1,1,4.195914268493652,1.0664992332458496,0.42971205711364746,0.03627920150756836,0.002012491226196289,0.005500316619873047
1797,0,0.5034615384615391,990,1000,1,1,1797.0,0,0,0,1,1,4.197441339492798,1.0675761699676514,0.430126428604126,0.03627920150756836,0.002012491226196289,0.005504608154296875
1798,0,0.5034615384615391,990,1000,1,1,1798.0,0,0,0,1,1,4.198707580566406,1.0684707164764404,0.4304618835449219,0.03627920150756836,0.002012491226196289,0.005506992340087891
1799,0,0.5034615384615391,990,1000,1,1,1799.0,0,0,0,1,1,4.1996073722839355,1.0690233707427979,0.4307823181152344,0.03627920150756836,0.002012491226196289,0.0055084228515625
1800,0,0.5034615384615391,990,1000,1,1,1800.0,0,0,0,1,1,4.200562477111816,1.069622278213501,0.43111348152160645,0.03627920150756836,0.002012491226196289,0.005509376525878906
1801,0,0.5034615384615391,990,1000,1,1,1801.0,0,0,0,1,1,4.201380252838135,1.0701124668121338,0.43141865730285645,0.03627920150756836,0.002012491226196289,0.005510568618774414
1802,0,0.5034615384615391,990,1000,1,1,1802.0,0,0,0,1,1,4.20227575302124,1.0706725120544434,0.4317290782928467,0.03627920150756836,0.002012491226196289,0.005511760711669922
1803,0,0.5034615384615391,990,1000,1,1,1803.0,0,0,0,1,1,4.203110694885254,1.0711846351623535,0.4320254325866699,0.03627920150756836,0.002012491226196289,0.005513191223144531
1804,0,0.5034615384615391,990,1000,1,1,1804.0,0,0,0,1,1,4.2038774490356445,1.0715904235839844,0.43236494064331055,0.03627920150756836,0.002012491226196289,0.005514383316040039
1805,0,0.5034615384615391,990,1000,1,1,1805.0,0,0,0,1,1,4.204742431640625,1.0720908641815186,0.4327046871185303,0.03627920150756836,0.002012491226196289,0.005515575408935547
1806,0,0.5034615384615391,990,1000,1,1,1806.0,0,0,0,1,1,4.205599069595337,1.0726101398468018,0.4330151081085205,0.03627920150756836,0.002012491226196289,0.005516767501831055
1807,0,0.5034615384615391,990,1000,1,1,1807.0,0,0,0,1,1,4.206479072570801,1.0731289386749268,0.4333524703979492,0.03627920150756836,0.002012491226196289,0.0055179595947265625
1808,0,0.5034615384615391,990,1000,1,1,1808.0,0,0,0,1,1,4.2073400020599365,1.0736584663391113,0.43366050720214844,0.03627920150756836,0.002012491226196289,0.0055196285247802734
1809,0,0.5034615384615391,990,1000,1,1,1501.0,0,0,2,0,2,4.20981240272522,1.0741791725158691,0.435211181640625,0.03655672073364258,0.002028942108154297,0.005521059036254883
1810,0,0.5034615384615391,990,1000,1,1,1810.0,0,0,0,1,1,4.2132251262664795,1.0760409832000732,0.43665051460266113,0.03655672073364258,0.002028942108154297,0.005532979965209961
1811,0,0.5034615384615391,990,1000,1,1,1811.0,0,0,0,1,1,4.215541839599609,1.0775156021118164,0.4374113082885742,0.03655672073364258,0.002028942108154297,0.005539655685424805
1812,0,0.5034615384615391,990,1000,1,1,1812.0,0,0,0,1,1,4.216899633407593,1.0784733295440674,0.43777036666870117,0.03655672073364258,0.002028942108154297,0.005544900894165039
1813,0,0.5034615384615391,990,1000,2,2,1655.0,0,0,0,0,0,4.217575550079346,1.0791378021240234,0.4377706050872803,0.03655672073364258,0.002028942108154297,0.0055463314056396484
1814,0,0.5034615384615391,990,1000,1,1,1814.0,0,0,0,1,1,4.218480348587036,1.0796990394592285,0.43808555603027344,0.03655672073364258,0.002028942108154297,0.005547523498535156
1815,0,0.5034615384615391,990,1000,1,1,1815.0,0,0,0,1,1,4.21934175491333,1.0802280902862549,0.43839430809020996,0.03655672073364258,0.002028942108154297,0.005548715591430664
1816,0,0.5034615384615391,990,1000,1,1,1816.0,0,0,0,1,1,4.220212459564209,1.0807509422302246,0.43871641159057617,0.03655672073364258,0.002028942108154297,0.0055501461029052734
1817,0,0.5034615384615391,990,1000,1,1,1817.0,0,0,0,1,1,4.221003770828247,1.081225872039795,0.4390082359313965,0.03655672073364258,0.002028942108154297,0.005551576614379883
1818,0,0.5034615384615391,990,1000,1,1,1818.0,0,0,0,1,1,4.221857070922852,1.0817301273345947,0.4393341541290283,0.03655672073364258,0.002028942108154297,0.005553007125854492
1819,0,0.5034615384615391,990,1000,3,1,1819.0,0,0,0,1,1,4.222742080688477,1.0822784900665283,0.4396359920501709,0.03655672073364258,0.002028942108154297,0.00555419921875
1820,0,0.5034615384615391,990,1000,1,1,1820.0,0,0,0,1,1,4.223647832870483,1.082850694656372,0.4399449825286865,0.03655672073364258,0.002028942108154297,0.005555629730224609
1821,0,0.5034615384615391,990,1000,1,1,1821.0,0,0,0,1,1,4.224801063537598,1.0833427906036377,0.44057607650756836,0.03655672073364258,0.002028942108154297,0.005556821823120117
1822,0,0.5034615384615391,990,1000,1,1,1822.0,0,0,0,1,1,4.227214336395264,1.0847830772399902,0.44146084785461426,0.03655672073364258,0.002028942108154297,0.005563259124755859
1823,0,0.5034615384615391,990,1000,1,1,1823.0,0,0,0,1,1,4.229917764663696,1.086289405822754,0.44237804412841797,0.03655672073364258,0.002028942108154297,0.005571126937866211
1824,0,0.5034615384615391,990,1000,1,1,1824.0,0,0,0,1,1,4.2325356006622314,1.0878081321716309,0.4433915615081787,0.03655672073364258,0.002028942108154297,0.005579233169555664
1825,0,0.5034615384615391,990,1000,1,1,1825.0,0,0,0,1,1,4.234989404678345,1.0894360542297363,0.44413161277770996,0.03655672073364258,0.002028942108154297,0.005586385726928711
1826,0,0.5034615384615391,990,1000,1,1,1826.0,0,0,0,1,1,4.236108779907227,1.090212106704712,0.444439172744751,0.03655672073364258,0.002028942108154297,0.005591154098510742
1827,0,0.5034615384615391,990,1000,1,1,1827.0,0,0,0,1,1,4.23708963394165,1.0908496379852295,0.44475698471069336,0.03655672073364258,0.002028942108154297,0.005592823028564453
1828,0,0.5034615384615391,990,1000,1,1,1828.0,0,0,0,1,1,4.237950086593628,1.091360330581665,0.4450809955596924,0.03655672073364258,0.002028942108154297,0.005594491958618164
1829,0,0.5034615384615391,990,1000,1,1,1829.0,0,0,0,1,1,4.2387964725494385,1.09187912940979,0.4453849792480469,0.03655672073364258,0.002028942108154297,0.005595684051513672
1830,0,0.5034615384615391,990,1000,1,1,1830.0,0,0,0,1,1,4.2397167682647705,1.0924372673034668,0.4457221031188965,0.03655672073364258,0.002028942108154297,0.005597114562988281
1831,0,0.5034615384615391,990,1000,1,1,1831.0,0,0,0,1,1,4.241605758666992,1.0935451984405518,0.44643521308898926,0.03655672073364258,0.002028942108154297,0.005598545074462891
1832,0,0.5034615384615391,990,1000,1,1,1832.0,0,0,0,1,1,4.24430775642395,1.0951259136199951,0.44747209548950195,0.03655672073364258,0.002028942108154297,0.005606651306152344
1833,0,0.5034615384615391,990,1000,1,1,1833.0,0,0,0,1,1,4.246321439743042,1.0963919162750244,0.44814372062683105,0.03655672073364258,0.002028942108154297,0.005612850189208984
1834,0,0.5034615384615391,990,1000,2,1,1834.0,0,0,0,1,1,4.247901678085327,1.0975260734558105,0.44852709770202637,0.03655672073364258,0.002028942108154297,0.005617856979370117
1835,0,0.5034615384615391,990,1000,1,1,1835.0,0,0,0,1,1,4.249001979827881,1.0982029438018799,0.4489145278930664,0.03655672073364258,0.002028942108154297,0.005619525909423828
1836,0,0.5034615384615391,990,1000,1,1,1836.0,0,0,0,1,1,4.250164747238159,1.0988924503326416,0.44934940338134766,0.03655672073364258,0.002028942108154297,0.005621910095214844
1837,0,0.5034615384615391,990,1000,1,1,1837.0,0,0,0,1,1,4.251144170761108,1.099485158920288,0.44970250129699707,0.03655672073364258,0.002028942108154297,0.005625009536743164
1838,0,0.5034615384615391,990,1000,1,1,1838.0,0,0,0,1,1,4.252082824707031,1.1000542640686035,0.450042724609375,0.03655672073364258,0.002028942108154297,0.0056269168853759766
1839,0,0.5034615384615391,990,1000,1,1,1839.0,0,0,0,1,1,4.252929210662842,1.1005313396453857,0.4503896236419678,0.03655672073364258,0.002028942108154297,0.005628108978271484
1840,0,0.5034615384615391,990,1000,1,1,1840.0,0,0,0,1,1,4.253843069076538,1.1010644435882568,0.4507439136505127,0.03655672073364258,0.002028942108154297,0.005630016326904297
1841,0,0.5034615384615391,990,1000,1,1,1841.0,0,0,0,1,1,4.254674196243286,1.101546287536621,0.4510679244995117,0.03655672073364258,0.002028942108154297,0.005631208419799805
1842,0,0.5034615384615391,990,1000,1,1,1842.0,0,0,0,1,1,4.256408929824829,1.1025946140289307,0.4516944885253906,0.03655672073364258,0.002028942108154297,0.0056324005126953125
1843,0,0.5034615384615391,990,1000,2,1,1843.0,0,0,0,1,1,4.258327007293701,1.1037874221801758,0.45235610008239746,0.03655672073364258,0.002028942108154297,0.005639314651489258
1844,0,0.5034615384615391,990,1000,1,1,584.0,0,0,2,0,2,4.2615673542022705,1.1055560111999512,0.453294038772583,0.036911964416503906,0.002052783966064453,0.005645751953125
1845,0,0.5034615384615391,990,1000,1,1,1845.0,0,0,0,1,1,4.263365983963013,1.1067981719970703,0.45379090309143066,0.036911964416503906,0.002052783966064453,0.005651235580444336
1846,0,0.5034615384615391,990,1000,1,1,1846.0,0,0,0,1,1,4.264552354812622,1.107560634613037,0.4541738033294678,0.036911964416503906,0.002052783966064453,0.0056552886962890625
1847,0,0.5034615384615391,990,1000,1,1,1847.0,0,0,0,1,1,4.265970230102539,1.108328104019165,0.45476818084716797,0.036911964416503906,0.002052783966064453,0.005657672882080078
1848,0,0.5034615384615391,990,1000,1,1,1848.0,0,0,0,1,1,4.267363548278809,1.1092455387115479,0.4551842212677002,0.036911964416503906,0.002052783966064453,0.0056612491607666016
1849,0,0.5034615384615391,990,1000,1,1,1849.0,0,0,0,1,1,4.268713712692261,1.110168695449829,0.45556211471557617,0.036911964416503906,0.002052783966064453,0.0056645870208740234
1850,0,0.5034615384615391,990,1000,1,1,1850.0,0,0,0,1,1,4.269873380661011,1.1109108924865723,0.45594072341918945,0.036911964416503906,0.002052783966064453,0.005667209625244141
1851,0,0.5034615384615391,990,1000,1,1,1851.0,0,0,0,1,1,4.270896911621094,1.1115658283233643,0.45627379417419434,0.036911964416503906,0.002052783966064453,0.005669116973876953
1852,0,0.5034615384615391,990,1000,2,1,1852.0,0,0,0,1,1,4.273015975952148,1.112931728363037,0.45694684982299805,0.036911964416503906,0.002052783966064453,0.005671024322509766
1853,0,0.5034615384615391,990,1000,5,5,1574.1666666666667,0,0,1,0,2,4.277387380599976,1.1142306327819824,0.45929932594299316,0.03740739822387695,0.002072572708129883,0.005677461624145508
1854,0,0.5034615384615391,990,1000,1,1,1854.0,0,0,0,1,1,4.279531002044678,1.115708589553833,0.4598884582519531,0.03740739822387695,0.002072572708129883,0.005706310272216797
1855,0,0.5034615384615391,990,1000,1,1,1855.0,0,0,0,1,1,4.28089714050293,1.1166985034942627,0.4602196216583252,0.03740739822387695,0.002072572708129883,0.005710601806640625
1856,0,0.5034615384615391,990,1000,1,1,1856.0,0,0,0,1,1,4.281790018081665,1.1172163486480713,0.4605674743652344,0.03740739822387695,0.002072572708129883,0.005711793899536133
1857,0,0.5034615384615391,990,1000,1,1,1857.0,0,0,0,1,1,4.282650470733643,1.1176974773406982,0.4609191417694092,0.03740739822387695,0.002072572708129883,0.005712985992431641
1858,0,0.5034615384615391,990,1000,1,1,1858.0,0,0,0,1,1,4.283641815185547,1.1183266639709473,0.4612545967102051,0.03740739822387695,0.002072572708129883,0.0057141780853271484
1859,0,0.5034615384615391,990,1000,1,1,1859.0,0,0,0,1,1,4.284526824951172,1.1188733577728271,0.46156883239746094,0.03740739822387695,0.002072572708129883,0.005716085433959961
1860,0,0.5034615384615391,990,1000,1,1,1860.0,0,0,0,1,1,4.285489797592163,1.1194615364074707,0.46191954612731934,0.03740739822387695,0.002072572708129883,0.00571751594543457
1861,0,0.5034615384615391,990,1000,1,1,1861.0,0,0,0,1,1,4.286337852478027,1.1199724674224854,0.46222949028015137,0.03740739822387695,0.002072572708129883,0.00571894645690918
1862,0,0.5034615384615391,990,1000,3,1,1862.0,0,0,0,1,1,4.287379264831543,1.1204760074615479,0.46272969245910645,0.03740739822387695,0.002072572708129883,0.0057201385498046875
1863,0,0.5034615384615391,990,1000,1,1,1863.0,0,0,0,1,1,4.288748264312744,1.121361494064331,0.463162899017334,0.03740739822387695,0.002072572708129883,0.0057239532470703125
1864,0,0.5034615384615391,990,1000,1,1,1864.0,0,0,0,1,1,4.289736270904541,1.1219658851623535,0.4635140895843506,0.03740739822387695,0.002072572708129883,0.0057256221771240234
1865,0,0.5034615384615391,990,1000,2,2,1732.0,0,0,2,0,2,4.291399240493774,1.1224675178527832,0.46424055099487305,0.03770852088928223,0.0020911693572998047,0.005727052688598633
1866,0,0.5034615384615391,990,1000,1,1,1866.0,0,0,0,1,1,4.29391074180603,1.124098539352417,0.4650382995605469,0.03770852088928223,0.0020911693572998047,0.005734682083129883
1867,0,0.5034615384615391,990,1000,1,1,1867.0,0,0,0,1,1,4.296100616455078,1.1254920959472656,0.4657557010650635,0.03770852088928223,0.0020911693572998047,0.005740165710449219
1868,0,0.5034615384615391,990,1000,1,1,1868.0,0,0,0,1,1,4.297713756561279,1.126676321029663,0.466137170791626,0.03770852088928223,0.0020911693572998047,0.005745649337768555
1869,0,0.5034615384615391,990,1000,1,1,1869.0,0,0,0,1,1,4.298653602600098,1.1272392272949219,0.46648359298706055,0.03770852088928223,0.0020911693572998047,0.005747556686401367
1870,0,0.5034615384615391,989,1000,4,1,1650.0,0,0,1,0,2,4.30409836769104,1.127793312072754,0.46736860275268555,0.04157257080078125,0.0021088123321533203,0.0057489871978759766
1871,0,0.5034615384615391,989,1000,1,1,1871.0,0,0,0,1,1,4.305548191070557,1.1288411617279053,0.4677152633666992,0.04157257080078125,0.0021088123321533203,0.005753517150878906
1872,0,0.5034615384615391,989,1000,1,1,1872.0,0,0,0,1,1,4.306453227996826,1.129368543624878,0.4680604934692383,0.04157257080078125,0.0021088123321533203,0.005755186080932617
1873,0,0.5034615384615391,989,1000,1,1,1873.0,0,0,0,1,1,4.307801723480225,1.1300909519195557,0.46863842010498047,0.04157257080078125,0.0021088123321533203,0.0057566165924072266
1874,0,0.5034615384615391,989,1000,1,1,1874.0,0,0,0,1,1,4.310323238372803,1.1317329406738281,0.46941351890563965,0.04157257080078125,0.0021088123321533203,0.005761384963989258
1875,0,0.5034615384615391,989,1000,1,1,1875.0,0,0,0,1,1,4.312120199203491,1.1329467296600342,0.4699242115020752,0.04157257080078125,0.0021088123321533203,0.005766868591308594
1876,0,0.5034615384615391,989,1000,1,1,1876.0,0,0,0,1,1,4.313372373580933,1.1338081359863281,0.47026896476745605,0.04157257080078125,0.0021088123321533203,0.005770683288574219
1877,0,0.5034615384615391,989,1000,1,1,1877.0,0,0,0,1,1,4.314388990402222,1.1344943046569824,0.4705681800842285,0.04157257080078125,0.0021088123321533203,0.00577235221862793
1878,0,0.5034615384615391,989,1000,1,1,1878.0,0,0,0,1,1,4.315274238586426,1.1349756717681885,0.4709455966949463,0.04157257080078125,0.0021088123321533203,0.005774259567260742
1879,0,0.5034615384615391,989,1000,1,1,1879.0,0,0,0,1,1,4.316222906112671,1.135584831237793,0.47125768661499023,0.04157257080078125,0.0021088123321533203,0.0057756900787353516
1880,0,0.5034615384615391,989,1000,1,1,1880.0,0,0,0,1,1,4.3171374797821045,1.1361346244812012,0.47159433364868164,0.04157257080078125,0.0021088123321533203,0.005777120590209961
1881,0,0.5034615384615391,989,1000,1,1,1881.0,0,0,0,1,1,4.318172454833984,1.136709451675415,0.47201991081237793,0.04157257080078125,0.0021088123321533203,0.00577855110168457
1882,0,0.5034615384615391,989,1000,1,1,1882.0,0,0,0,1,1,4.319699287414551,1.1376347541809082,0.472562313079834,0.04157257080078125,0.0021088123321533203,0.0057830810546875
1883,0,0.5034615384615391,989,1000,1,1,1562.0,0,0,2,0,2,4.323532342910767,1.1383414268493652,0.47326064109802246,0.04382920265197754,0.0021250247955322266,0.005785942077636719
1884,0,0.5034615384615391,989,1000,1,1,1884.0,0,0,0,1,1,4.324511766433716,1.1388819217681885,0.47366881370544434,0.04382920265197754,0.0021250247955322266,0.005787849426269531
1885,0,0.5034615384615391,989,1000,1,1,1885.0,0,0,0,1,1,4.3270111083984375,1.1401035785675049,0.47484254837036133,0.04382920265197754,0.0021250247955322266,0.005789995193481445
1886,0,0.5034615384615391,989,1000,1,1,1886.0,0,0,0,1,1,4.329245567321777,1.1416428089141846,0.4754650592803955,0.04382920265197754,0.0021250247955322266,0.005798816680908203
1887,0,0.5034615384615391,989,1000,2,2,1385.5,0,1,1,0,2,4.334076642990112,1.142909288406372,0.47662830352783203,0.04602956771850586,0.002145528793334961,0.005803585052490234
1888,0,0.5034615384615391,989,1000,4,1,1888.0,0,0,0,1,1,4.336034297943115,1.1442711353302002,0.47715258598327637,0.04602956771850586,0.002145528793334961,0.005812168121337891
1889,0,0.5034615384615391,989,1000,1,1,1889.0,0,0,0,1,1,4.33712363243103,1.145014762878418,0.47746777534484863,0.04602956771850586,0.002145528793334961,0.005814790725708008
1890,0,0.5034615384615391,989,1000,1,1,1890.0,0,0,0,1,1,4.338010787963867,1.1455349922180176,0.47780847549438477,0.04602956771850586,0.002145528793334961,0.005815982818603516
1891,0,0.5034615384615391,989,1000,1,1,1891.0,0,0,0,1,1,4.3389732837677,1.1461260318756104,0.47815442085266113,0.04602956771850586,0.002145528793334961,0.005817413330078125
1892,0,0.5034615384615391,989,1000,1,1,1892.0,0,0,0,1,1,4.339806318283081,1.1466021537780762,0.478487491607666,0.04602956771850586,0.002145528793334961,0.005818605422973633
1893,0,0.5034615384615391,989,1000,2,1,1893.0,0,0,0,1,1,4.340613603591919,1.147080421447754,0.4787905216217041,0.04602956771850586,0.002145528793334961,0.005819797515869141
1894,0,0.5034615384615391,989,1000,2,2,1816.5,0,0,2,0,2,4.346927881240845,1.1476576328277588,0.47989535331726074,0.05052518844604492,0.0021665096282958984,0.00582122802734375
1895,0,0.5034615384615391,989,1000,1,1,1895.0,0,0,0,1,1,4.34869122505188,1.1490256786346436,0.4802360534667969,0.05052518844604492,0.0021665096282958984,0.005827903747558594
1896,0,0.5034615384615391,989,1000,3,1,1896.0,0,0,0,1,1,4.349721431732178,1.1496214866638184,0.48062610626220703,0.05052518844604492,0.0021665096282958984,0.005830049514770508
1897,0,0.5034615384615391,989,1000,1,1,1897.0,0,0,0,1,1,4.351359605789185,1.1506962776184082,0.48113083839416504,0.05052518844604492,0.0021665096282958984,0.005836963653564453
1898,0,0.5034615384615391,989,1000,1,1,1898.0,0,0,0,1,1,4.352407455444336,1.1513829231262207,0.4814598560333252,0.05052518844604492,0.0021665096282958984,0.005839109420776367
1899,0,0.5034615384615391,989,1000,1,1,1899.0,0,0,0,1,1,4.353253364562988,1.1518890857696533,0.48177218437194824,0.05052518844604492,0.0021665096282958984,0.0058405399322509766
1900,0,0.5034615384615391,989,1000,1,1,1900.0,0,0,0,1,1,4.3541483879089355,1.152416467666626,0.4821150302886963,0.05052518844604492,0.0021665096282958984,0.005841970443725586
1901,0,0.5034615384615391,989,1000,2,1,1901.0,0,0,0,1,1,4.355030536651611,1.1529505252838135,0.48243021965026855,0.05052518844604492,0.0021665096282958984,0.005843162536621094
1902,0,0.5034615384615391,989,1000,1,1,1902.0,0,0,0,1,1,4.355962514877319,1.1535403728485107,0.48274850845336914,0.05052518844604492,0.0021665096282958984,0.0058443546295166016
1903,0,0.5034615384615391,989,1000,1,1,1887.0,0,0,0,0,0,4.356457710266113,1.1540277004241943,0.48274850845336914,0.05052518844604492,0.0021665096282958984,0.005845546722412109
1904,0,0.5034615384615391,989,1000,1,1,1904.0,0,0,0,1,1,4.3572998046875,1.1545135974884033,0.483076810836792,0.05052518844604492,0.0021665096282958984,0.005846977233886719
1905,0,0.5034615384615391,989,1000,1,1,1905.0,0,0,0,1,1,4.358276128768921,1.1550185680389404,0.4835205078125,0.05052518844604492,0.0021665096282958984,0.005848407745361328
1906,0,0.5034615384615391,989,1000,4,4,1607.2,0,0,2,0,2,4.361565351486206,1.1566736698150635,0.48453545570373535,0.05096006393432617,0.0021915435791015625,0.005852937698364258
1907,0,0.5034615384615391,989,1000,3,1,1907.0,0,0,0,1,1,4.36326789855957,1.1579549312591553,0.48490023612976074,0.05096006393432617,0.0021915435791015625,0.005858659744262695
1908,0,0.5034615384615391,989,1000,4,2,1723.3333333333333,0,0,2,0,2,4.369009971618652,1.1585743427276611,0.48575353622436523,0.05510759353637695,0.0022058486938476562,0.005860805511474609
1909,0,0.5034615384615391,989,1000,1,1,1909.0,0,0,0,1,1,4.3703553676605225,1.1595275402069092,0.48610401153564453,0.05510759353637695,0.0022058486938476562,0.005864381790161133
1910,0,0.5034615384615391,989,1000,1,1,1910.0,0,0,0,1,1,4.371204376220703,1.1600415706634521,0.48641514778137207,0.05510759353637695,0.0022058486938476562,0.005865812301635742
1911,0,0.5034615384615391,989,1000,1,1,1911.0,0,0,0,1,1,4.372138500213623,1.160621166229248,0.4867429733276367,0.05510759353637695,0.0022058486938476562,0.00586700439453125
1912,0,0.5034615384615391,989,1000,1,1,1912.0,0,0,0,1,1,4.373120307922363,1.1612739562988281,0.4870433807373047,0.05510759353637695,0.0022058486938476562,0.005868434906005859
1913,0,0.5034615384615391,989,1000,1,1,1913.0,0,0,0,1,1,4.373998165130615,1.1617846488952637,0.4873850345611572,0.05510759353637695,0.0022058486938476562,0.005869626998901367
1914,0,0.5034615384615391,989,1000,1,1,1914.0,0,0,0,1,1,4.374972343444824,1.1623141765594482,0.48780155181884766,0.05510759353637695,0.0022058486938476562,0.0058710575103759766
1915,0,0.5034615384615391,989,1000,2,1,1494.0,0,0,0,0,0,4.376786470413208,1.1640844345092773,0.48780298233032227,0.05510759353637695,0.0022058486938476562,0.0058746337890625
1916,0,0.5034615384615391,989,1000,1,1,1916.0,0,0,0,1,1,4.379159927368164,1.1656301021575928,0.4885585308074951,0.05510759353637695,0.0022058486938476562,0.005880832672119141
1917,0,0.5034615384615391,989,1000,1,1,1917.0,0,0,0,1,1,4.38048529624939,1.166524887084961,0.4889490604400635,0.05510759353637695,0.0022058486938476562,0.005884647369384766
1918,0,0.5034615384615391,989,1000,1,1,1918.0,0,0,0,1,1,4.382596254348755,1.1679396629333496,0.4895811080932617,0.05510759353637695,0.0022058486938476562,0.005886554718017578
1919,0,0.5034615384615391,989,1000,1,1,1919.0,0,0,0,1,1,4.383808374404907,1.168766736984253,0.48992371559143066,0.05510759353637695,0.0022058486938476562,0.005891084671020508
1920,0,0.5034615384615391,989,1000,1,1,1920.0,0,0,0,1,1,4.384711742401123,1.1693129539489746,0.4902520179748535,0.05510759353637695,0.0022058486938476562,0.005892276763916016
1921,0,0.5034615384615391,989,1000,1,1,1921.0,0,0,0,1,1,4.385655164718628,1.1699237823486328,0.4905571937561035,0.05510759353637695,0.0022058486938476562,0.005893707275390625
1922,0,0.5034615384615391,989,1000,3,1,1922.0,0,0,0,1,1,4.386533498764038,1.1704540252685547,0.4908726215362549,0.05510759353637695,0.0022058486938476562,0.005894899368286133
1923,0,0.5034615384615391,989,1000,1,1,1923.0,0,0,0,1,1,4.387515544891357,1.1710424423217773,0.49123549461364746,0.05510759353637695,0.0022058486938476562,0.005896329879760742
1924,0,0.5034615384615391,989,1000,2,1,1924.0,0,0,0,1,1,4.388469219207764,1.1716575622558594,0.4915468692779541,0.05510759353637695,0.0022058486938476562,0.0058977603912353516
1925,0,0.5034615384615391,989,1000,1,1,1925.0,0,0,0,1,1,4.389349937438965,1.172196626663208,0.4918558597564697,0.05510759353637695,0.0022058486938476562,0.005899190902709961
1926,0,0.5034615384615391,989,1000,1,1,1926.0,0,0,0,1,1,4.390233039855957,1.172752857208252,0.4921565055847168,0.05510759353637695,0.0022058486938476562,0.005900382995605469
1927,0,0.5034615384615391,989,1000,1,1,1927.0,0,0,0,1,1,4.39112114906311,1.1732869148254395,0.49248719215393066,0.05510759353637695,0.0022058486938476562,0.00590205192565918
1928,0,0.5034615384615391,988,1000,1,1,1731.0,0,0,1,0,2,4.394165515899658,1.1741068363189697,0.4939260482788086,0.05571389198303223,0.002231121063232422,0.005903482437133789
1929,0,0.5034615384615391,988,1000,1,1,1929.0,0,0,0,1,1,4.396368741989136,1.1755471229553223,0.49460768699645996,0.05571389198303223,0.002231121063232422,0.005910396575927734
1930,0,0.5034615384615391,988,1000,1,1,1930.0,0,0,0,1,1,4.3979270458221436,1.176577091217041,0.49508213996887207,0.05571389198303223,0.002231121063232422,0.005915164947509766
1931,0,0.5034615384615391,988,1000,1,1,1931.0,0,0,0,1,1,4.398948669433594,1.177234411239624,0.49541640281677246,0.05571389198303223,0.002231121063232422,0.005916595458984375
1932,0,0.5034615384615391,988,1000,1,1,1932.0,0,0,0,1,1,4.399770736694336,1.1777265071868896,0.49572062492370605,0.05571389198303223,0.002231121063232422,0.005918264389038086
1933,0,0.5034615384615391,988,1000,1,1,1933.0,0,0,0,1,1,4.400684118270874,1.1782784461975098,0.49605393409729004,0.05571389198303223,0.002231121063232422,0.005919456481933594
1934,0,0.5034615384615391,988,1000,1,1,1934.0,0,0,0,1,1,4.401576995849609,1.1788201332092285,0.496382474899292,0.05571389198303223,0.002231121063232422,0.0059206485748291016
1935,0,0.5034615384615391,988,1000,1,1,1935.0,0,0,0,1,1,4.402494192123413,1.1793797016143799,0.4967153072357178,0.05571389198303223,0.002231121063232422,0.005921840667724609
1936,0,0.5034615384615391,988,1000,1,1,1936.0,0,0,0,1,1,4.403398513793945,1.1799235343933105,0.4970541000366211,0.05571389198303223,0.002231121063232422,0.005923271179199219
1937,0,0.5034615384615391,988,1000,1,1,1937.0,0,0,0,1,1,4.404200077056885,1.1803669929504395,0.4973869323730469,0.05571389198303223,0.002231121063232422,0.0059244632720947266
1938,0,0.5034615384615391,988,1000,1,1,1938.0,0,0,0,1,1,4.405115604400635,1.1809155941009521,0.4977235794067383,0.05571389198303223,0.002231121063232422,0.005925655364990234
1939,0,0.5034615384615391,988,1000,1,1,1939.0,0,0,0,1,1,4.406890869140625,1.1820306777954102,0.49831652641296387,0.05571389198303223,0.002231121063232422,0.005929708480834961
1940,0,0.5034615384615391,988,1000,1,1,1940.0,0,0,0,1,1,4.409290552139282,1.1834237575531006,0.49924731254577637,0.05571389198303223,0.002231121063232422,0.005934953689575195
1941,0,0.5034615384615391,989,1000,1,1,1887.0,0,0,1,0,0,4.412704944610596,1.1850354671478271,0.5005393028259277,0.05605149269104004,0.002254962921142578,0.005944013595581055
1942,0,0.5034615384615391,989,1000,1,1,1942.0,0,0,0,1,1,4.415754318237305,1.1871297359466553,0.5013768672943115,0.05605149269104004,0.002254962921142578,0.005952119827270508
1943,0,0.5034615384615391,989,1000,1,1,1943.0,0,0,0,1,1,4.4178466796875,1.1885449886322021,0.5019826889038086,0.05605149269104004,0.002254962921142578,0.005963325500488281
1944,0,0.5034615384615391,989,1000,1,1,1944.0,0,0,0,1,1,4.419426202774048,1.1895442008972168,0.5025177001953125,0.05605149269104004,0.002254962921142578,0.005967378616333008
1945,0,0.5034615384615391,989,1000,1,1,1731.0,0,0,0,0,0,4.420516490936279,1.190608263015747,0.5025186538696289,0.05605149269104004,0.002254962921142578,0.005971193313598633
1946,0,0.5034615384615391,989,1000,1,1,1946.0,0,0,0,1,1,4.421954393386841,1.191406011581421,0.5031101703643799,0.05605149269104004,0.002254962921142578,0.005974769592285156
1947,0,0.5034615384615391,989,1000,2,1,1947.0,0,0,0,1,1,4.423039197921753,1.1920719146728516,0.5034897327423096,0.05605149269104004,0.002254962921142578,0.0059773921966552734
1948,0,0.5034615384615391,989,1000,1,1,1948.0,0,0,0,1,1,4.4240403175354,1.192716121673584,0.5038201808929443,0.05605149269104004,0.002254962921142578,0.005979776382446289
1949,0,0.5034615384615391,989,1000,1,1,1949.0,0,0,0,1,1,4.42501425743103,1.1932287216186523,0.5042507648468018,0.05605149269104004,0.002254962921142578,0.0059814453125
1950,0,0.5034615384615391,989,1000,1,1,1950.0,0,0,0,1,1,4.427671670913696,1.1949100494384766,0.505129337310791,0.05605149269104004,0.002254962921142578,0.0059854984283447266
1951,0,0.5034615384615391,989,1000,1,1,1951.0,0,0,0,1,1,4.429729700088501,1.1963024139404297,0.5057182312011719,0.05605149269104004,0.002254962921142578,0.0059964656829833984
1952,0,0.5034615384615391,989,1000,1,1,1952.0,0,0,0,1,1,4.4308531284332275,1.1970505714416504,0.5060577392578125,0.05605149269104004,0.002254962921142578,0.0060002803802490234
1953,0,0.5034615384615391,989,1000,1,1,1953.0,0,0,0,1,1,4.431799411773682,1.197624683380127,0.5064010620117188,0.05605149269104004,0.002254962921142578,0.006001710891723633
1954,0,0.5034615384615391,989,1000,1,1,1954.0,0,0,0,1,1,4.432734489440918,1.1982059478759766,0.5067319869995117,0.05605149269104004,0.002254962921142578,0.006002902984619141
1955,0,0.5034615384615391,989,1000,1,1,1955.0,0,0,0,1,1,4.433600187301636,1.1987073421478271,0.5070767402648926,0.05605149269104004,0.002254962921142578,0.00600433349609375
1956,0,0.5034615384615391,989,1000,1,1,1956.0,0,0,0,1,1,4.434493064880371,1.1992440223693848,0.5074083805084229,0.05605149269104004,0.002254962921142578,0.006005764007568359
1957,0,0.5034615384615391,988,1000,2,2,1552.6666666666667,0,0,1,0,2,4.4361982345581055,1.1998863220214844,0.5081014633178711,0.056291818618774414,0.002274751663208008,0.006006956100463867
1958,0,0.5034615384615391,988,1000,1,1,1571.0,0,0,2,0,2,4.43771505355835,1.2003827095031738,0.5087919235229492,0.056536197662353516,0.0022809505462646484,0.00600886344909668
1959,0,0.5034615384615391,988,1000,1,1,1959.0,0,0,0,1,1,4.4386186599731445,1.2009496688842773,0.5090987682342529,0.056536197662353516,0.0022809505462646484,0.006010293960571289
1960,0,0.5034615384615391,988,1000,1,1,1960.0,0,0,0,1,1,4.439483404159546,1.2014579772949219,0.5094258785247803,0.056536197662353516,0.0022809505462646484,0.0060117244720458984
1961,0,0.5034615384615391,988,1000,2,1,1961.0,0,0,0,1,1,4.440438508987427,1.2020647525787354,0.5097489356994629,0.056536197662353516,0.0022809505462646484,0.006012916564941406
1962,0,0.5034615384615391,988,1000,1,1,1962.0,0,0,0,1,1,4.441216468811035,1.2025187015533447,0.5100483894348145,0.056536197662353516,0.0022809505462646484,0.006014347076416016
1963,0,0.5034615384615391,988,1000,1,1,1963.0,0,0,0,1,1,4.443144798278809,1.2032887935638428,0.5111312866210938,0.056536197662353516,0.0022809505462646484,0.00601649284362793
1964,0,0.5034615384615391,988,1000,1,1,1964.0,0,0,0,1,1,4.445590257644653,1.2048754692077637,0.5119116306304932,0.056536197662353516,0.0022809505462646484,0.006028175354003906
1965,0,0.5034615384615391,988,1000,1,1,1965.0,0,0,0,1,1,4.4473185539245605,1.2061192989349365,0.5123424530029297,0.056536197662353516,0.0022809505462646484,0.006034135818481445
1966,0,0.5034615384615391,988,1000,1,1,1966.0,0,0,0,1,1,4.4483137130737305,1.2067298889160156,0.5126936435699463,0.056536197662353516,0.0022809505462646484,0.006037712097167969
1967,0,0.5034615384615391,988,1000,1,1,1494.0,0,0,1,0,1,4.4498982429504395,1.207366704940796,0.5133020877838135,0.056757211685180664,0.002297639846801758,0.00603938102722168
1968,0,0.5034615384615391,988,1000,1,1,1968.0,0,0,0,1,1,4.451004981994629,1.208085298538208,0.5136470794677734,0.056757211685180664,0.002297639846801758,0.006042003631591797
1969,0,0.5034615384615391,988,1000,1,1,1969.0,0,0,0,1,1,4.452094316482544,1.2087788581848145,0.5140080451965332,0.056757211685180664,0.002297639846801758,0.0060443878173828125
1970,0,0.5034615384615391,988,1000,1,1,1970.0,0,0,0,1,1,4.453100204467773,1.2094173431396484,0.5143516063690186,0.056757211685180664,0.002297639846801758,0.006045818328857422
1971,0,0.5034615384615391,988,1000,1,1,1971.0,0,0,0,1,1,4.453980922698975,1.209944725036621,0.5146758556365967,0.056757211685180664,0.002297639846801758,0.006047487258911133
1972,0,0.5034615384615391,988,1000,1,1,1972.0,0,0,0,1,1,4.454913139343262,1.2105176448822021,0.5150141716003418,0.056757211685180664,0.002297639846801758,0.006049156188964844
1973,0,0.5034615384615391,988,1000,1,1,1973.0,0,0,0,1,1,4.455749034881592,1.2110252380371094,0.5153157711029053,0.056757211685180664,0.002297639846801758,0.0060503482818603516
1974,0,0.5034615384615391,988,1000,1,1,1974.0,0,0,0,1,1,4.4565958976745605,1.2115368843078613,0.5156292915344238,0.056757211685180664,0.002297639846801758,0.0060520172119140625
1975,0,0.5034615384615391,988,1000,1,1,1975.0,0,0,0,1,1,4.457463026046753,1.212066650390625,0.5159420967102051,0.056757211685180664,0.002297639846801758,0.0060536861419677734
1976,0,0.5034615384615391,988,1000,1,1,1976.0,0,0,0,1,1,4.459604263305664,1.2128119468688965,0.5172574520111084,0.056757211685180664,0.002297639846801758,0.006055355072021484
1977,0,0.5034615384615391,988,1000,1,1,1219.0,0,0,2,0,2,4.4625327587127686,1.2142910957336426,0.5182607173919678,0.05704617500305176,0.0023193359375,0.006067752838134766
1978,0,0.5034615384615391,988,1000,1,1,1978.0,0,0,0,1,1,4.464064598083496,1.2153804302215576,0.5186529159545898,0.05704617500305176,0.0023193359375,0.006072282791137695
1979,0,0.5034615384615391,988,1000,1,1,1979.0,0,0,0,1,1,4.465042352676392,1.2159523963928223,0.5190269947052002,0.05704617500305176,0.0023193359375,0.006074666976928711
1980,0,0.5034615384615391,988,1000,1,1,1980.0,0,0,0,1,1,4.465925693511963,1.216491460800171,0.5193426609039307,0.05704617500305176,0.0023193359375,0.006076335906982422
1981,0,0.5034615384615391,988,1000,1,1,1981.0,0,0,0,1,1,4.466851472854614,1.217020034790039,0.5197093486785889,0.05704617500305176,0.0023193359375,0.00607752799987793
1982,0,0.5034615384615391,988,1000,2,1,1982.0,0,0,0,1,1,4.467954397201538,1.2177278995513916,0.5200667381286621,0.05704617500305176,0.0023193359375,0.006079196929931641
1983,0,0.5034615384615391,988,1000,1,1,1983.0,0,0,0,1,1,4.468968868255615,1.2183713912963867,0.5203979015350342,0.05704617500305176,0.0023193359375,0.006081104278564453
1984,0,0.5034615384615391,988,1000,1,1,1984.0,0,0,0,1,1,4.470061540603638,1.219048261642456,0.5207834243774414,0.05704617500305176,0.0023193359375,0.006082773208618164
1985,0,0.5034615384615391,988,1000,1,1,1985.0,0,0,0,1,1,4.471001625061035,1.2196283340454102,0.5211117267608643,0.05704617500305176,0.0023193359375,0.0060846805572509766
1986,0,0.5034615384615391,988,1000,0,0,0,0,0,0,1,1,4.471937894821167,1.2201945781707764,0.5214564800262451,0.05704617500305176,0.0023193359375,0.006086111068725586
1987,0,0.5034615384615391,988,1000,1,1,1987.0,0,0,0,1,1,4.472808361053467,1.2207367420196533,0.5217580795288086,0.05704617500305176,0.0023193359375,0.006087303161621094
1988,0,0.5034615384615391,988,1000,1,1,1988.0,0,0,0,1,1,4.474358081817627,1.2216994762420654,0.5222921371459961,0.05704617500305176,0.0023193359375,0.0060884952545166016
1989,0,0.5034615384615391,988,1000,1,1,1989.0,0,0,0,1,1,4.4770262241363525,1.2229764461517334,0.5235815048217773,0.05704617500305176,0.0023193359375,0.006092548370361328
1990,0,0.5034615384615391,988,1000,1,1,1990.0,0,0,0,1,1,4.479169845581055,1.2243900299072266,0.5242435932159424,0.05704617500305176,0.0023193359375,0.0060999393463134766
1991,0,0.5034615384615391,988,1000,1,1,1991.0,0,0,0,1,1,4.480515718460083,1.225236177444458,0.5246951580047607,0.05704617500305176,0.0023193359375,0.006104469299316406
1992,0,0.5034615384615391,988,1000,1,1,1992.0,0,0,0,1,1,4.481598854064941,1.2259364128112793,0.5250465869903564,0.05704617500305176,0.0023193359375,0.006107330322265625
1993,0,0.5034615384615391,988,1000,1,1,1887.0,0,0,2,0,2,4.487118244171143,1.226560354232788,0.5256998538970947,0.061174869537353516,0.0023365020751953125,0.006108760833740234
1994,0,0.5034615384615391,988,1000,1,1,1994.0,0,0,0,1,1,4.488246917724609,1.2273027896881104,0.5260498523712158,0.061174869537353516,0.0023365020751953125,0.00611114501953125
1995,0,0.5034615384615391,988,1000,1,1,1995.0,0,0,0,1,1,4.48910117149353,1.2278056144714355,0.5263793468475342,0.061174869537353516,0.0023365020751953125,0.006112337112426758
1996,0,0.5034615384615391,988,1000,1,1,1887.0,0,0,0,0,0,4.489965200424194,1.2286458015441895,0.5263800621032715,0.061174869537353516,0.0023365020751953125,0.006113529205322266
1997,0,0.5034615384615391,988,1000,4,1,1997.0,0,0,0,1,1,4.491061210632324,1.229224681854248,0.5268497467041016,0.061174869537353516,0.0023365020751953125,0.00611567497253418
1998,0,0.5034615384615391,988,1000,1,1,1998.0,0,0,0,1,1,4.49277138710022,1.2299962043762207,0.5277214050292969,0.061174869537353516,0.0023365020751953125,0.006117343902587891
1999,0,0.5085641025641029,988,1000,1,1,1999.0,0,0,0,1,1,4.49535346031189,1.2315289974212646,0.5284276008605957,0.061174869537353516,0.0023365020751953125,0.006124258041381836
2000,0,0.5085641025641029,988,1000,1,1,2000.0,0,0,0,1,1,4.497187852859497,1.2327673435211182,0.5289630889892578,0.061174869537353516,0.0023365020751953125,0.006395816802978516
2001,0,0.5085641025641029,988,1000,2,1,2001.0,0,0,0,1,1,4.498266220092773,1.2334864139556885,0.529282808303833,0.061174869537353516,0.0023365020751953125,0.0063991546630859375
2002,0,0.5085641025641029,988,1000,1,1,2002.0,0,0,0,1,1,4.49921178817749,1.234065055847168,0.5296223163604736,0.061174869537353516,0.0023365020751953125,0.006400346755981445
2003,0,0.5085641025641029,988,1000,1,1,2003.0,0,0,0,1,1,4.500043869018555,1.2345836162567139,0.529914140701294,0.061174869537353516,0.0023365020751953125,0.006401777267456055
2004,0,0.5085641025641029,988,1000,1,1,2004.0,0,0,0,1,1,4.5009636878967285,1.235168695449829,0.5302243232727051,0.061174869537353516,0.0023365020751953125,0.0064029693603515625
2005,0,0.5085641025641029,988,1000,1,1,2005.0,0,0,0,1,1,4.501816749572754,1.2356536388397217,0.5305681228637695,0.061174869537353516,0.0023365020751953125,0.00640416145324707
2006,0,0.5085641025641029,988,1000,1,1,2006.0,0,0,0,1,1,4.502685308456421,1.23616623878479,0.5308966636657715,0.061174869537353516,0.0023365020751953125,0.00640559196472168
2007,0,0.5085641025641029,988,1000,1,1,2007.0,0,0,0,1,1,4.5035719871521,1.2367007732391357,0.5312259197235107,0.061174869537353516,0.0023365020751953125,0.0064067840576171875
2008,0,0.5085641025641029,988,1000,2,1,2008.0,0,0,0,1,1,4.504457712173462,1.2372322082519531,0.5315511226654053,0.061174869537353516,0.0023365020751953125,0.006407976150512695
2009,0,0.5085641025641029,988,1000,1,1,2009.0,0,0,0,1,1,4.506141185760498,1.2380733489990234,0.5322887897491455,0.061174869537353516,0.0023365020751953125,0.006409406661987305
2010,0,0.5085641025641029,988,1000,1,1,2010.0,0,0,0,1,1,4.509308576583862,1.2395286560058594,0.5339028835296631,0.061174869537353516,0.0023365020751953125,0.006415605545043945
2011,0,0.5085641025641029,988,1000,1,1,2011.0,0,0,0,1,1,4.511692762374878,1.2410852909088135,0.5346493721008301,0.061174869537353516,0.0023365020751953125,0.006425380706787109
2012,0,0.5085641025641029,988,1000,1,1,2012.0,0,0,0,1,1,4.51324987411499,1.2422409057617188,0.5350074768066406,0.061174869537353516,0.0023365020751953125,0.006430387496948242
2013,0,0.5085641025641029,988,1000,1,1,2013.0,0,0,0,1,1,4.514145135879517,1.2427830696105957,0.5353312492370605,0.061174869537353516,0.0023365020751953125,0.006432056427001953
2014,0,0.5085641025641029,988,1000,1,1,2014.0,0,0,0,1,1,4.515039920806885,1.243318796157837,0.5356621742248535,0.061174869537353516,0.0023365020751953125,0.006433725357055664
2015,0,0.5085641025641029,988,1000,1,1,2015.0,0,0,0,1,1,4.516006231307983,1.2439401149749756,0.5359823703765869,0.061174869537353516,0.0023365020751953125,0.006435394287109375
2016,0,0.5085641025641029,988,1000,1,1,2016.0,0,0,0,1,1,4.516883373260498,1.2444660663604736,0.5363094806671143,0.061174869537353516,0.0023365020751953125,0.006436586380004883
2017,0,0.5085641025641029,988,1000,1,1,2017.0,0,0,0,1,1,4.517750024795532,1.2449841499328613,0.5366253852844238,0.061174869537353516,0.0023365020751953125,0.006438016891479492
2018,0,0.5085641025641029,988,1000,1,1,2018.0,0,0,0,1,1,4.518648624420166,1.245530128479004,0.5369529724121094,0.061174869537353516,0.0023365020751953125,0.006439685821533203
2019,0,0.5085641025641029,988,1000,1,1,30.0,0,0,2,0,2,4.520435333251953,1.246084213256836,0.5377874374389648,0.06145834922790527,0.002353191375732422,0.0064411163330078125
2020,0,0.5085641025641029,988,1000,1,1,2020.0,0,0,0,1,1,4.521948337554932,1.2471923828125,0.5381455421447754,0.06145834922790527,0.002353191375732422,0.006446123123168945
2021,0,0.5085641025641029,988,1000,1,1,2021.0,0,0,0,1,1,4.522801160812378,1.2477099895477295,0.5384480953216553,0.06145834922790527,0.002353191375732422,0.006447792053222656
2022,0,0.5085641025641029,988,1000,1,1,2022.0,0,0,0,1,1,4.52370548248291,1.248248815536499,0.538785457611084,0.06145834922790527,0.002353191375732422,0.006449222564697266
2023,0,0.5085641025641029,988,1000,1,1,2023.0,0,0,0,1,1,4.5245888233184814,1.2487659454345703,0.5391266345977783,0.06145834922790527,0.002353191375732422,0.0064504146575927734
2024,0,0.5085641025641029,988,1000,1,1,2024.0,0,0,0,1,1,4.526537656784058,1.249537467956543,0.5402345657348633,0.06145834922790527,0.002353191375732422,0.006451606750488281
2025,0,0.5085641025641029,988,1000,1,1,2025.0,0,0,0,1,1,4.528948068618774,1.251065969467163,0.5410239696502686,0.06145834922790527,0.002353191375732422,0.006461620330810547
2026,0,0.5085641025641029,988,1000,1,1,2026.0,0,0,0,1,1,4.530531883239746,1.2521634101867676,0.5414619445800781,0.06145834922790527,0.002353191375732422,0.006467103958129883
2027,0,0.5085641025641029,987,1000,1,1,1562.0,0,0,1,0,2,4.532235622406006,1.2528140544891357,0.5421197414398193,0.06172800064086914,0.0023703575134277344,0.006469249725341797
2028,0,0.5085641025641029,988,1000,1,1,2028.0,0,0,0,1,0,4.5331480503082275,1.2533931732177734,0.5424206256866455,0.06172800064086914,0.0023703575134277344,0.006470680236816406
2029,0,0.5085641025641029,988,1000,1,1,2029.0,0,0,0,1,1,4.5340540409088135,1.2539138793945312,0.5427794456481934,0.06172800064086914,0.0023703575134277344,0.006472110748291016
2030,0,0.5085641025641029,988,1000,1,1,2030.0,0,0,0,1,1,4.534940481185913,1.2544581890106201,0.5430939197540283,0.06172800064086914,0.0023703575134277344,0.0064733028411865234
2031,0,0.5085641025641029,988,1000,1,1,2031.0,0,0,0,1,1,4.536069869995117,1.2549998760223389,0.5436217784881592,0.06172800064086914,0.0023703575134277344,0.006474494934082031
2032,0,0.5085641025641029,988,1000,1,1,2032.0,0,0,0,1,1,4.5373992919921875,1.2559175491333008,0.5439913272857666,0.06172800064086914,0.0023703575134277344,0.006478071212768555
2033,0,0.5085641025641029,987,1000,3,2,1622.6666666666667,0,0,1,0,2,4.539165019989014,1.2566490173339844,0.5446751117706299,0.06194162368774414,0.0023889541625976562,0.006479740142822266
2034,0,0.5085641025641029,987,1000,1,1,2034.0,0,0,0,1,1,4.540120363235474,1.2572636604309082,0.5449831485748291,0.06194162368774414,0.0023889541625976562,0.006481170654296875
2035,0,0.5085641025641029,987,1000,1,1,2035.0,0,0,0,1,1,4.5411012172698975,1.257901668548584,0.5452985763549805,0.06194162368774414,0.0023889541625976562,0.006482362747192383
2036,0,0.5085641025641029,987,1000,2,1,2036.0,0,0,0,1,1,4.543195009231567,1.2588143348693848,0.5464026927947998,0.06194162368774414,0.0023889541625976562,0.006484031677246094
2037,0,0.5085641025641029,987,1000,1,1,2037.0,0,0,0,1,1,4.545292615890503,1.2601752281188965,0.5470736026763916,0.06194162368774414,0.0023889541625976562,0.006491422653198242
2038,0,0.5085641025641029,987,1000,3,3,1957.6666666666667,0,0,2,0,2,4.551849126815796,1.2614672183990479,0.5480728149414062,0.06606793403625488,0.0024099349975585938,0.00649714469909668
2039,0,0.5085641025641029,987,1000,1,1,2039.0,0,0,0,1,1,4.553652286529541,1.2628560066223145,0.548433780670166,0.06606793403625488,0.0024099349975585938,0.006502628326416016
2040,0,0.5085641025641029,987,1000,1,1,2040.0,0,0,0,1,1,4.554593086242676,1.263408899307251,0.5487914085388184,0.06606793403625488,0.0024099349975585938,0.006504535675048828
2041,0,0.5085641025641029,987,1000,1,1,2041.0,0,0,0,1,1,4.555519342422485,1.2639360427856445,0.5491671562194824,0.06606793403625488,0.0024099349975585938,0.006505727767944336
2042,0,0.5085641025641029,987,1000,1,1,2042.0,0,0,0,1,1,4.556373834609985,1.2644391059875488,0.5494933128356934,0.06606793403625488,0.0024099349975585938,0.006506919860839844
2043,0,0.5085641025641029,987,1000,1,1,2043.0,0,0,0,1,1,4.557243347167969,1.2649776935577393,0.5497961044311523,0.06606793403625488,0.0024099349975585938,0.0065081119537353516
2044,0,0.5085641025641029,987,1000,2,1,2044.0,0,0,0,1,1,4.558136701583862,1.2654907703399658,0.5501453876495361,0.06606793403625488,0.0024099349975585938,0.006509542465209961
2045,0,0.5085641025641029,987,1000,1,1,2045.0,0,0,0,1,1,4.560592174530029,1.2666184902191162,0.5513908863067627,0.06606793403625488,0.0024099349975585938,0.006510734558105469
2046,0,0.5085641025641029,987,1000,1,1,2046.0,0,0,0,1,1,4.562688589096069,1.2680690288543701,0.5519664287567139,0.06606793403625488,0.0024099349975585938,0.006518363952636719
2047,0,0.5085641025641029,987,1000,1,1,2047.0,0,0,0,1,1,4.563807010650635,1.2687938213348389,0.5523281097412109,0.06606793403625488,0.0024099349975585938,0.006520748138427734
2048,0,0.5085641025641029,987,1000,2,2,1905.0,0,0,1,0,2,4.565567493438721,1.269383430480957,0.5530385971069336,0.06634902954101562,0.002428770065307617,0.0065228939056396484
2049,0,0.5085641025641029,987,1000,1,1,2049.0,0,0,0,1,1,4.5668816566467285,1.2700154781341553,0.5536561012268066,0.06634902954101562,0.002428770065307617,0.006524562835693359
2050,0,0.5085641025641029,987,1000,1,1,2050.0,0,0,0,1,1,4.568326950073242,1.2710695266723633,0.5540087223052979,0.06634902954101562,0.002428770065307617,0.0065288543701171875
2051,0,0.5085641025641029,987,1000,1,1,2051.0,0,0,0,1,1,4.569240570068359,1.271610975265503,0.5543527603149414,0.06634902954101562,0.002428770065307617,0.0065305233001708984
2052,0,0.5085641025641029,987,1000,1,1,2052.0,0,0,0,1,1,4.570181846618652,1.272186279296875,0.5546965599060059,0.06634902954101562,0.002428770065307617,0.006531953811645508
2053,0,0.5085641025641029,987,1000,1,1,2053.0,0,0,0,1,1,4.571042537689209,1.2727155685424805,0.554997444152832,0.06634902954101562,0.002428770065307617,0.006533622741699219
2054,0,0.5085641025641029,987,1000,1,1,2054.0,0,0,0,1,1,4.571896314620972,1.2731938362121582,0.555342435836792,0.06634902954101562,0.002428770065307617,0.006535053253173828
2055,0,0.5085641025641029,988,1000,3,1,2055.0,0,0,0,1,0,4.5728232860565186,1.2737624645233154,0.5556735992431641,0.06634902954101562,0.002428770065307617,0.0065364837646484375
2056,0,0.5085641025641029,988,1000,1,1,2056.0,0,0,0,1,1,4.573630094528198,1.2742321491241455,0.5559821128845215,0.06634902954101562,0.002428770065307617,0.0065381526947021484
2057,0,0.5085641025641029,988,1000,1,1,2057.0,0,0,0,1,1,4.574517488479614,1.2747559547424316,0.5563187599182129,0.06634902954101562,0.002428770065307617,0.006539344787597656
2058,0,0.5085641025641029,988,1000,1,1,2058.0,0,0,0,1,1,4.57611870765686,1.2754313945770264,0.5571873188018799,0.06634902954101562,0.002428770065307617,0.006540775299072266
2059,0,0.5085641025641029,988,1000,7,5,1989.8,0,0,0,0,0,4.577932834625244,1.2771732807159424,0.5571892261505127,0.06634902954101562,0.002428770065307617,0.006550312042236328
2060,0,0.5085641025641029,988,1000,1,1,2060.0,0,0,0,1,1,4.579887628555298,1.2783217430114746,0.5579323768615723,0.06634902954101562,0.002428770065307617,0.006556510925292969
2061,0,0.5085641025641029,988,1000,1,1,2061.0,0,0,0,1,1,4.581210613250732,1.2791752815246582,0.5583672523498535,0.06634902954101562,0.002428770065307617,0.0065593719482421875
2062,0,0.5085641025641029,988,1000,2,1,2062.0,0,0,0,1,1,4.582348346710205,1.2798829078674316,0.5587537288665771,0.06634902954101562,0.002428770065307617,0.006561756134033203
2063,0,0.5085641025641029,988,1000,3,1,2063.0,0,0,0,1,1,4.583310604095459,1.280470609664917,0.5590920448303223,0.06634902954101562,0.002428770065307617,0.0065631866455078125
2064,0,0.5085641025641029,988,1000,1,1,2064.0,0,0,0,1,1,4.584329128265381,1.2811081409454346,0.5594456195831299,0.06634902954101562,0.002428770065307617,0.006564617156982422
2065,0,0.5085641025641029,988,1000,1,1,2065.0,0,0,0,1,1,4.585285902023315,1.2816753387451172,0.5598115921020508,0.06634902954101562,0.002428770065307617,0.006566286087036133
2066,0,0.5085641025641029,988,1000,3,1,2066.0,0,0,0,1,1,4.586244583129883,1.2822630405426025,0.560147762298584,0.06634902954101562,0.002428770065307617,0.006567478179931641
2067,0,0.5085641025641029,988,1000,1,1,2067.0,0,0,0,1,1,4.587173938751221,1.2828195095062256,0.5604939460754395,0.06634902954101562,0.002428770065307617,0.0065691471099853516
2068,0,0.5085641025641029,988,1000,1,1,2068.0,0,0,0,1,1,4.588052988052368,1.283372163772583,0.560793399810791,0.06634902954101562,0.002428770065307617,0.006570339202880859
2069,0,0.5085641025641029,989,1000,1,1,2069.0,0,0,0,1,0,4.588929653167725,1.2838799953460693,0.5611345767974854,0.06634902954101562,0.002428770065307617,0.006571769714355469
2070,0,0.5085641025641029,989,1000,1,1,2070.0,0,0,0,1,1,4.5898003578186035,1.284419059753418,0.5614426136016846,0.06634902954101562,0.002428770065307617,0.0065729618072509766
2071,0,0.5085641025641029,989,1000,2,1,2071.0,0,0,0,1,1,4.590672492980957,1.2849235534667969,0.5617818832397461,0.06634902954101562,0.002428770065307617,0.006574153900146484
2072,0,0.5085641025641029,989,1000,1,1,2072.0,0,0,0,1,1,4.59153938293457,1.2854304313659668,0.5621180534362793,0.06634902954101562,0.002428770065307617,0.006575584411621094
2073,0,0.5085641025641029,989,1000,1,1,2073.0,0,0,0,1,1,4.5938498973846436,1.286703109741211,0.563077449798584,0.06634902954101562,0.002428770065307617,0.006577968597412109
2074,0,0.5085641025641029,989,1000,1,1,2074.0,0,0,0,1,1,4.595970153808594,1.288036584854126,0.5637924671173096,0.06634902954101562,0.002428770065307617,0.006584644317626953
2075,0,0.5085641025641029,989,1000,1,1,2075.0,0,0,0,1,1,4.597954034805298,1.2893791198730469,0.5643677711486816,0.06634902954101562,0.002428770065307617,0.006589651107788086
2076,0,0.5085641025641029,989,1000,1,1,1995.0,0,0,2,0,2,4.59988260269165,1.2901458740234375,0.5651278495788574,0.06662988662719727,0.002447843551635742,0.006594419479370117
2077,0,0.5085641025641029,989,1000,1,1,1525.0,0,0,2,0,2,4.603863477706909,1.2910666465759277,0.5658059120178223,0.06888103485107422,0.002458333969116211,0.006596803665161133
2078,0,0.5085641025641029,989,1000,1,1,2078.0,0,0,0,1,1,4.604875087738037,1.291715383529663,0.5661365985870361,0.06888103485107422,0.002458333969116211,0.006598949432373047
2079,0,0.5085641025641029,989,1000,1,1,2079.0,0,0,0,1,1,4.605816602706909,1.2923197746276855,0.5664472579956055,0.06888103485107422,0.002458333969116211,0.006600141525268555
2080,0,0.5085641025641029,989,1000,2,1,2080.0,0,0,0,1,1,4.606683254241943,1.2928223609924316,0.5667855739593506,0.06888103485107422,0.002458333969116211,0.0066013336181640625
2081,0,0.5085641025641029,990,1000,1,1,2081.0,0,0,0,1,0,4.6075074672698975,1.2932991981506348,0.5671062469482422,0.06888103485107422,0.002458333969116211,0.00660252571105957
2082,0,0.5085641025641029,990,1000,1,1,2082.0,0,0,0,1,1,4.608329772949219,1.2937331199645996,0.5674648284912109,0.06888103485107422,0.002458333969116211,0.006603717803955078
2083,0,0.5085641025641029,990,1000,1,1,2083.0,0,0,0,1,1,4.6107177734375,1.2950212955474854,0.5684957504272461,0.06888103485107422,0.002458333969116211,0.006605386734008789
2084,0,0.5085641025641029,990,1000,1,1,2084.0,0,0,0,1,1,4.612904787063599,1.296400547027588,0.569221019744873,0.06888103485107422,0.002458333969116211,0.0066111087799072266
2085,0,0.5085641025641029,990,1000,1,1,2085.0,0,0,0,1,1,4.614391803741455,1.2974472045898438,0.569615364074707,0.06888103485107422,0.002458333969116211,0.006616830825805664
2086,0,0.5085641025641029,990,1000,1,1,2086.0,0,0,0,1,1,4.615405321121216,1.298107385635376,0.5699372291564941,0.06888103485107422,0.002458333969116211,0.006618976593017578
2087,0,0.5085641025641029,990,1000,1,1,2087.0,0,0,0,1,1,4.616337537765503,1.2986950874328613,0.5702528953552246,0.06888103485107422,0.002458333969116211,0.006620645523071289
2088,0,0.5085641025641029,990,1000,1,1,2088.0,0,0,0,1,1,4.617282152175903,1.2992603778839111,0.5705997943878174,0.06888103485107422,0.002458333969116211,0.0066220760345458984
2089,0,0.5085641025641029,990,1000,1,1,2089.0,0,0,0,1,1,4.618189573287964,1.2998080253601074,0.5709323883056641,0.06888103485107422,0.002458333969116211,0.006623268127441406
2090,0,0.5085641025641029,990,1000,1,1,2090.0,0,0,0,1,1,4.619096755981445,1.3003571033477783,0.5712623596191406,0.06888103485107422,0.002458333969116211,0.006624698638916016
2091,0,0.5085641025641029,990,1000,2,1,1730.0,0,0,2,0,2,4.624634027481079,1.3009536266326904,0.5719201564788818,0.07302618026733398,0.002475738525390625,0.0066263675689697266
2092,0,0.5085641025641029,990,1000,1,1,2092.0,0,0,0,1,1,4.62746262550354,1.3023173809051514,0.573277473449707,0.07302618026733398,0.002475738525390625,0.0066280364990234375
2093,0,0.5085641025641029,990,1000,1,1,2093.0,0,0,0,1,1,4.629712104797363,1.303778886795044,0.5739569664001465,0.07302618026733398,0.002475738525390625,0.006639003753662109
2094,0,0.5085641025641029,990,1000,1,1,2039.0,0,0,2,0,2,4.632490873336792,1.305058240890503,0.5749020576477051,0.07341814041137695,0.002498626708984375,0.006644248962402344
2095,0,0.5085641025641029,990,1000,1,1,2095.0,0,0,0,1,1,4.63402533531189,1.3062002658843994,0.5752549171447754,0.07341814041137695,0.002498626708984375,0.006648540496826172
2096,0,0.5085641025641029,990,1000,3,1,2096.0,0,0,0,1,1,4.6350390911102295,1.3068361282348633,0.5755960941314697,0.07341814041137695,0.002498626708984375,0.006649971008300781
2097,0,0.5085641025641029,990,1000,2,1,2097.0,0,0,0,1,1,4.636025667190552,1.3074414730072021,0.5759475231170654,0.07341814041137695,0.002498626708984375,0.006651401519775391
2098,0,0.5085641025641029,990,1000,1,1,2098.0,0,0,0,1,1,4.636910676956177,1.3079960346221924,0.5762522220611572,0.07341814041137695,0.002498626708984375,0.0066525936126708984
2099,0,0.5085641025641029,990,1000,1,1,1731.0,0,0,2,0,2,4.638524532318115,1.3085076808929443,0.5769145488739014,0.07374072074890137,0.0025119781494140625,0.006653785705566406
2100,0,0.5085641025641029,990,1000,1,1,2100.0,0,0,0,1,1,4.639434576034546,1.3090739250183105,0.5772366523742676,0.07374072074890137,0.0025119781494140625,0.006655216217041016
2101,0,0.5085641025641029,990,1000,1,1,1792.0,0,0,2,0,2,4.641042947769165,1.3096556663513184,0.5778820514678955,0.0740354061126709,0.002518892288208008,0.006656646728515625
2102,0,0.5085641025641029,990,1000,1,1,2102.0,0,0,0,1,1,4.643578290939331,1.3105542659759521,0.5794150829315186,0.0740354061126709,0.002518892288208008,0.006658315658569336
2103,0,0.5085641025641029,990,1000,1,1,2103.0,0,0,0,1,1,4.645721673965454,1.3119196891784668,0.5801234245300293,0.0740354061126709,0.002518892288208008,0.0066661834716796875
2104,0,0.5085641025641029,990,1000,1,1,2104.0,0,0,0,1,1,4.647762060165405,1.3133769035339355,0.580653190612793,0.0740354061126709,0.002518892288208008,0.006673574447631836
2105,0,0.5085641025641029,990,1000,1,1,2105.0,0,0,0,1,1,4.648794651031494,1.3140547275543213,0.5809791088104248,0.0740354061126709,0.002518892288208008,0.006675243377685547
2106,0,0.5085641025641029,991,1000,1,1,2106.0,0,0,0,1,0,4.649797677993774,1.3147003650665283,0.5813117027282715,0.0740354061126709,0.002518892288208008,0.006676435470581055
2107,0,0.5085641025641029,991,1000,1,1,2107.0,0,0,0,1,1,4.650683403015137,1.3152084350585938,0.5816648006439209,0.0740354061126709,0.002518892288208008,0.0066776275634765625
2108,0,0.5085641025641029,991,1000,1,1,2108.0,0,0,0,1,1,4.651483774185181,1.3156273365020752,0.5820190906524658,0.0740354061126709,0.002518892288208008,0.006679058074951172
2109,0,0.5085641025641029,991,1000,1,1,2109.0,0,0,0,1,1,4.652400970458984,1.3161671161651611,0.5823714733123779,0.0740354061126709,0.002518892288208008,0.00668025016784668
2110,0,0.5085641025641029,991,1000,1,1,2110.0,0,0,0,1,1,4.653352737426758,1.3167507648468018,0.5827152729034424,0.0740354061126709,0.002518892288208008,0.0066814422607421875
2111,0,0.5085641025641029,991,1000,1,1,2111.0,0,0,0,1,1,4.654298782348633,1.3173322677612305,0.5830543041229248,0.0740354061126709,0.002518892288208008,0.006682872772216797
2112,0,0.5085641025641029,991,1000,1,1,2112.0,0,0,0,1,1,4.655125379562378,1.3178160190582275,0.5833721160888672,0.0740354061126709,0.002518892288208008,0.006684303283691406
2113,0,0.5085641025641029,991,1000,1,1,988.0,0,0,2,0,2,4.6567676067352295,1.3183505535125732,0.5840072631835938,0.07437634468078613,0.0025360584259033203,0.006685495376586914
2114,0,0.5085641025641029,991,1000,1,1,2114.0,0,0,0,1,1,4.657608270645142,1.3188376426696777,0.5843358039855957,0.07437634468078613,0.0025360584259033203,0.0066869258880615234
2115,0,0.5085641025641029,991,1000,1,1,1294.0,0,0,2,0,2,4.66105842590332,1.320159912109375,0.5854661464691162,0.07516860961914062,0.0025658607482910156,0.006688117980957031
2116,0,0.5085641025641029,991,1000,1,1,2116.0,0,0,0,1,1,4.663028240203857,1.32149338722229,0.5860307216644287,0.07516860961914062,0.0025658607482910156,0.0066950321197509766
2117,0,0.5085641025641029,991,1000,1,1,2117.0,0,0,0,1,1,4.664784669876099,1.3226027488708496,0.5866155624389648,0.07516860961914062,0.0025658607482910156,0.0066986083984375
2118,0,0.5085641025641029,991,1000,1,1,2118.0,0,0,0,1,1,4.666169881820679,1.3236117362976074,0.5869488716125488,0.07516860961914062,0.0025658607482910156,0.006702423095703125
2119,0,0.5085641025641029,991,1000,1,1,2119.0,0,0,0,1,1,4.667066335678101,1.3241336345672607,0.5872948169708252,0.07516860961914062,0.0025658607482910156,0.006703615188598633
2120,0,0.5085641025641029,991,1000,1,1,2120.0,0,0,0,1,1,4.667921781539917,1.3246312141418457,0.587623119354248,0.07516860961914062,0.0025658607482910156,0.006705760955810547
2121,0,0.5085641025641029,991,1000,1,1,2121.0,0,0,0,1,1,4.6688666343688965,1.3252179622650146,0.5879528522491455,0.07516860961914062,0.0025658607482910156,0.006706953048706055
2122,0,0.5085641025641029,991,1000,1,1,2122.0,0,0,0,1,1,4.669846057891846,1.325829029083252,0.5882964134216309,0.07516860961914062,0.0025658607482910156,0.0067081451416015625
2123,0,0.5085641025641029,991,1000,1,1,2123.0,0,0,0,1,1,4.670733451843262,1.3263766765594482,0.5886139869689941,0.07516860961914062,0.0025658607482910156,0.00670933723449707
2124,0,0.5085641025641029,992,1000,1,1,2124.0,0,0,0,1,0,4.671530485153198,1.326833724975586,0.5889256000518799,0.07516860961914062,0.0025658607482910156,0.006710529327392578
2125,0,0.5085641025641029,992,1000,1,1,2125.0,0,0,0,1,1,4.672387361526489,1.3273513317108154,0.5892384052276611,0.07516860961914062,0.0025658607482910156,0.0067119598388671875
2126,0,0.5085641025641029,992,1000,1,1,2126.0,0,0,0,1,1,4.673533201217651,1.327944040298462,0.5897421836853027,0.07516860961914062,0.0025658607482910156,0.006712913513183594
2127,0,0.5085641025641029,992,1000,1,1,2127.0,0,0,0,1,1,4.675133466720581,1.3288605213165283,0.590385913848877,0.07516860961914062,0.0025658607482910156,0.006716012954711914
2128,0,0.5085641025641029,992,1000,1,1,2128.0,0,0,0,1,1,4.677722454071045,1.330467700958252,0.5912516117095947,0.07516860961914062,0.0025658607482910156,0.006723165512084961
2129,0,0.5085641025641029,992,1000,1,1,2129.0,0,0,0,1,1,4.679799556732178,1.331925630569458,0.5918002128601074,0.07516860961914062,0.0025658607482910156,0.0067369937896728516
2130,0,0.5085641025641029,992,1000,1,1,2130.0,0,0,0,1,1,4.681043386459351,1.3327486515045166,0.5921850204467773,0.07516860961914062,0.0025658607482910156,0.0067403316497802734
2131,0,0.5085641025641029,992,1000,4,1,2131.0,0,0,0,1,1,4.6821205615997314,1.3334240913391113,0.5925452709197998,0.07516860961914062,0.0025658607482910156,0.006742238998413086
2132,0,0.5085641025641029,992,1000,4,4,1658.6,0,1,2,0,2,4.685859203338623,1.3340303897857666,0.593280553817749,0.07734084129333496,0.0025856494903564453,0.006743669509887695
2133,0,0.5085641025641029,992,1000,1,1,2133.0,0,0,0,1,1,4.686856746673584,1.3346779346466064,0.5935955047607422,0.07734084129333496,0.0025856494903564453,0.006745815277099609
2134,0,0.5085641025641029,992,1000,1,1,2134.0,0,0,0,1,1,4.687925338745117,1.3353252410888672,0.5939903259277344,0.07734084129333496,0.0025856494903564453,0.006747245788574219
2135,0,0.5085641025641029,992,1000,1,1,2135.0,0,0,0,1,1,4.689614295959473,1.3361482620239258,0.5947914123535156,0.07734084129333496,0.0025856494903564453,0.006749868392944336
2136,0,0.5085641025641029,992,1000,2,1,2136.0,0,0,0,1,1,4.692761182785034,1.3376407623291016,0.5963320732116699,0.07734084129333496,0.0025856494903564453,0.00675654411315918
2137,0,0.5085641025641029,992,1000,4,1,2137.0,0,0,0,1,1,4.695179224014282,1.33921217918396,0.5970933437347412,0.07734084129333496,0.0025856494903564453,0.006763935089111328
2138,0,0.5085641025641029,992,1000,1,1,2138.0,0,0,0,1,1,4.697285413742065,1.3405976295471191,0.5977420806884766,0.07734084129333496,0.0025856494903564453,0.0067708492279052734
2139,0,0.5085641025641029,992,1000,1,1,2139.0,0,0,0,1,1,4.69933557510376,1.3418402671813965,0.5984771251678467,0.07734084129333496,0.0025856494903564453,0.006776332855224609
2140,0,0.5085641025641029,992,1000,1,1,2140.0,0,0,0,1,1,4.700824499130249,1.342944622039795,0.5988197326660156,0.07734084129333496,0.0025856494903564453,0.0067822933197021484
2141,0,0.5085641025641029,992,1000,1,1,2141.0,0,0,0,1,1,4.701932907104492,1.3436508178710938,0.5991880893707275,0.07734084129333496,0.0025856494903564453,0.006783962249755859
2142,0,0.5085641025641029,992,1000,1,1,2142.0,0,0,0,1,1,4.702800750732422,1.3441784381866455,0.5994970798492432,0.07734084129333496,0.0025856494903564453,0.006785392761230469
2143,0,0.5085641025641029,992,1000,1,1,2143.0,0,0,0,1,1,4.7038655281066895,1.3448586463928223,0.5998494625091553,0.07734084129333496,0.0025856494903564453,0.0067865848541259766
2144,0,0.5085641025641029,992,1000,1,1,2144.0,0,0,0,1,1,4.70491623878479,1.3454840183258057,0.6002469062805176,0.07734084129333496,0.0025856494903564453,0.006789684295654297
2145,0,0.5085641025641029,992,1000,1,1,2145.0,0,0,0,1,1,4.705846786499023,1.3460588455200195,0.6005764007568359,0.07734084129333496,0.0025856494903564453,0.006791591644287109
2146,0,0.5085641025641029,992,1000,1,1,2146.0,0,0,0,1,1,4.706703186035156,1.3465843200683594,0.6008822917938232,0.07734084129333496,0.0025856494903564453,0.006793022155761719
2147,0,0.5085641025641029,992,1000,5,1,2147.0,0,0,0,1,1,4.7077476978302,1.3471999168395996,0.6012675762176514,0.07734084129333496,0.0025856494903564453,0.0067942142486572266
2148,0,0.5085641025641029,992,1000,1,1,2148.0,0,0,0,1,1,4.709744930267334,1.3480336666107178,0.6023471355438232,0.07734084129333496,0.0025856494903564453,0.006796360015869141
2149,0,0.5085641025641029,992,1000,1,1,2149.0,0,0,0,1,1,4.711851358413696,1.3494758605957031,0.6029465198516846,0.07734084129333496,0.0025856494903564453,0.006804227828979492
2150,0,0.5085641025641029,992,1000,1,1,2150.0,0,0,0,1,1,4.713147401809692,1.3502476215362549,0.6034255027770996,0.07734084129333496,0.0025856494903564453,0.006807804107666016
2151,0,0.5085641025641029,992,1000,1,1,2151.0,0,0,0,1,1,4.714480400085449,1.3511652946472168,0.6037988662719727,0.07734084129333496,0.0025856494903564453,0.006811380386352539
2152,0,0.5085641025641029,992,1000,1,1,2152.0,0,0,0,1,1,4.715466022491455,1.3518006801605225,0.6041209697723389,0.07734084129333496,0.0025856494903564453,0.00681304931640625
2153,0,0.5085641025641029,992,1000,1,1,2153.0,0,0,0,1,1,4.716354846954346,1.3523082733154297,0.6044776439666748,0.07734084129333496,0.0025856494903564453,0.006814241409301758
2154,0,0.5085641025641029,992,1000,1,1,2154.0,0,0,0,1,1,4.717221736907959,1.3528447151184082,0.6047799587249756,0.07734084129333496,0.0025856494903564453,0.006815433502197266
2155,0,0.5085641025641029,992,1000,1,1,2155.0,0,0,0,1,1,4.718679189682007,1.3533661365509033,0.6056699752807617,0.07734084129333496,0.0025856494903564453,0.0068166255950927734
2156,0,0.5085641025641029,992,1000,2,1,2156.0,0,0,0,1,1,4.721687078475952,1.3550610542297363,0.6068668365478516,0.07734084129333496,0.0025856494903564453,0.0068247318267822266
2157,0,0.5085641025641029,992,1000,1,1,2157.0,0,0,0,1,1,4.723863124847412,1.3565330505371094,0.6075096130371094,0.07734084129333496,0.0025856494903564453,0.00683140754699707
2158,0,0.5085641025641029,992,1000,1,1,2158.0,0,0,0,1,1,4.7255470752716064,1.3571984767913818,0.6084771156311035,0.07734084129333496,0.0025856494903564453,0.006833791732788086
2159,0,0.5085641025641029,992,1000,1,1,2159.0,0,0,0,1,1,4.728667497634888,1.359288215637207,0.6094207763671875,0.07734084129333496,0.0025856494903564453,0.006844282150268555
2160,0,0.5085641025641029,992,1000,1,1,2160.0,0,0,0,1,1,4.730503082275391,1.3605990409851074,0.609891414642334,0.07734084129333496,0.0025856494903564453,0.006849765777587891
2161,0,0.5085641025641029,992,1000,2,2,1962.5,0,0,2,0,2,4.737087249755859,1.3614344596862793,0.610889196395874,0.08193278312683105,0.0026030540466308594,0.0068531036376953125
2162,0,0.5085641025641029,992,1000,2,1,2162.0,0,0,0,1,1,4.73853325843811,1.3624927997589111,0.611215353012085,0.08193278312683105,0.0026030540466308594,0.0068585872650146484
2163,0,0.5085641025641029,992,1000,1,1,2163.0,0,0,0,1,1,4.739622354507446,1.363227367401123,0.6115353107452393,0.08193278312683105,0.0026030540466308594,0.006859779357910156
2164,0,0.5085641025641029,992,1000,1,1,2164.0,0,0,0,1,1,4.74053168296814,1.3637804985046387,0.6118624210357666,0.08193278312683105,0.0026030540466308594,0.006861448287963867
2165,0,0.5085641025641029,992,1000,1,1,2165.0,0,0,0,1,1,4.741891860961914,1.3645267486572266,0.6124396324157715,0.08193278312683105,0.0026030540466308594,0.006863117218017578
2166,0,0.5085641025641029,992,1000,2,1,2166.0,0,0,0,1,1,4.744577169418335,1.3662283420562744,0.6133236885070801,0.08193278312683105,0.0026030540466308594,0.006869792938232422
2167,0,0.5085641025641029,992,1000,1,1,2167.0,0,0,0,1,1,4.746798753738403,1.3676786422729492,0.6140179634094238,0.08193278312683105,0.0026030540466308594,0.006875514984130859
2168,0,0.5085641025641029,992,1000,1,1,2168.0,0,0,0,1,1,4.7482099533081055,1.3686738014221191,0.6143944263458252,0.08193278312683105,0.0026030540466308594,0.006880760192871094
2169,0,0.5085641025641029,992,1000,1,1,2169.0,0,0,0,1,1,4.749871015548706,1.3695924282073975,0.6150763034820557,0.08193278312683105,0.0026030540466308594,0.006882667541503906
2170,0,0.5085641025641029,992,1000,1,1,2170.0,0,0,0,1,1,4.751619338989258,1.3707852363586426,0.6155760288238525,0.08193278312683105,0.0026030540466308594,0.006888151168823242
2171,0,0.5085641025641029,992,1000,1,1,2171.0,0,0,0,1,1,4.752686500549316,1.3714659214019775,0.6159207820892334,0.08193278312683105,0.0026030540466308594,0.006891012191772461
2172,0,0.5085641025641029,992,1000,1,1,2172.0,0,0,0,1,1,4.753608226776123,1.3720510005950928,0.6162309646606445,0.08193278312683105,0.0026030540466308594,0.00689244270324707
2173,0,0.5085641025641029,993,1000,1,1,2173.0,0,0,0,1,0,4.754485845565796,1.3725779056549072,0.6165549755096436,0.08193278312683105,0.0026030540466308594,0.006893634796142578
2174,0,0.5085641025641029,993,1000,4,4,1300.5,0,0,2,0,2,4.756114959716797,1.3730900287628174,0.6172120571136475,0.08224630355834961,0.0026230812072753906,0.006894826889038086
2175,0,0.5085641025641029,993,1000,1,1,2175.0,0,0,0,1,1,4.7570579051971436,1.3736567497253418,0.6175549030303955,0.08224630355834961,0.0026230812072753906,0.0068967342376708984
2176,0,0.5085641025641029,993,1000,1,1,2176.0,0,0,0,1,1,4.758144378662109,1.3743085861206055,0.6179401874542236,0.08224630355834961,0.0026230812072753906,0.006898164749145508
2177,0,0.5085641025641029,993,1000,1,1,2177.0,0,0,0,1,1,4.760620594024658,1.3758816719055176,0.6187469959259033,0.08224630355834961,0.0026230812072753906,0.00690150260925293
2178,0,0.5085641025641029,993,1000,1,1,2178.0,0,0,0,1,1,4.762552499771118,1.3772730827331543,0.619229793548584,0.08224630355834961,0.0026230812072753906,0.006906986236572266
2179,0,0.5085641025641029,993,1000,1,1,2179.0,0,0,0,1,1,4.763548135757446,1.3778882026672363,0.6195776462554932,0.08224630355834961,0.0026230812072753906,0.006910085678100586
2180,0,0.5085641025641029,993,1000,1,1,2180.0,0,0,0,1,1,4.764574766159058,1.37841796875,0.6200249195098877,0.08224630355834961,0.0026230812072753906,0.006911754608154297
2181,0,0.5085641025641029,993,1000,1,1,2181.0,0,0,0,1,1,4.766478776931763,1.3796656131744385,0.6206064224243164,0.08224630355834961,0.0026230812072753906,0.006920576095581055
2182,0,0.5085641025641029,993,1000,2,1,2182.0,0,0,0,1,1,4.768304109573364,1.3808906078338623,0.6211409568786621,0.08224630355834961,0.0026230812072753906,0.006925106048583984
2183,0,0.5085641025641029,993,1000,1,1,2183.0,0,0,0,1,1,4.769301891326904,1.3815360069274902,0.6214621067047119,0.08224630355834961,0.0026230812072753906,0.006928443908691406
2184,0,0.5085641025641029,993,1000,1,1,2184.0,0,0,0,1,1,4.770246267318726,1.3821403980255127,0.6217784881591797,0.08224630355834961,0.0026230812072753906,0.006930351257324219
2185,0,0.5085641025641029,993,1000,1,1,2185.0,0,0,0,1,1,4.771088361740112,1.3826353549957275,0.6221003532409668,0.08224630355834961,0.0026230812072753906,0.0069315433502197266
2186,0,0.5085641025641029,993,1000,1,1,2186.0,0,0,0,1,1,4.771928310394287,1.3831112384796143,0.6224372386932373,0.08224630355834961,0.0026230812072753906,0.006932973861694336
2187,0,0.5085641025641029,993,1000,1,1,2187.0,0,0,0,1,1,4.772810220718384,1.3836288452148438,0.622779369354248,0.08224630355834961,0.0026230812072753906,0.006934404373168945
2188,0,0.5085641025641029,993,1000,1,1,2188.0,0,0,0,1,1,4.773625612258911,1.3841047286987305,0.6230897903442383,0.08224630355834961,0.0026230812072753906,0.006935834884643555
2189,0,0.5085641025641029,993,1000,1,1,2189.0,0,0,0,1,1,4.774504661560059,1.384610891342163,0.623436450958252,0.08224630355834961,0.0026230812072753906,0.006937742233276367
2190,0,0.5085641025641029,993,1000,2,2,1024.5,0,0,2,0,2,4.7782182693481445,1.3860809803009033,0.6245713233947754,0.08311986923217773,0.0026607513427734375,0.006939411163330078
2191,0,0.5085641025641029,993,1000,1,1,2191.0,0,0,0,1,1,4.780694246292114,1.3876090049743652,0.6254100799560547,0.08311986923217773,0.0026607513427734375,0.006947517395019531
2192,0,0.5085641025641029,993,1000,1,1,2192.0,0,0,0,1,1,4.782824754714966,1.3890585899353027,0.6260323524475098,0.08311986923217773,0.0026607513427734375,0.0069539546966552734
2193,0,0.5085641025641029,993,1000,1,1,2193.0,0,0,0,1,1,4.78384256362915,1.3897113800048828,0.6263582706451416,0.08311986923217773,0.0026607513427734375,0.006957530975341797
2194,0,0.5085641025641029,993,1000,1,1,2194.0,0,0,0,1,1,4.784717321395874,1.390254259109497,0.6266677379608154,0.08311986923217773,0.0026607513427734375,0.006959438323974609
2195,0,0.5085641025641029,993,1000,1,1,2195.0,0,0,0,1,1,4.78559422492981,1.3907947540283203,0.6269807815551758,0.08311986923217773,0.0026607513427734375,0.006960868835449219
2196,0,0.5085641025641029,993,1000,2,1,2132.0,0,0,2,0,2,4.791096448898315,1.391401767730713,0.6275894641876221,0.08728432655334473,0.0026769638061523438,0.006962299346923828
2197,0,0.5085641025641029,992,1000,2,2,1823.0,0,0,1,0,2,4.7940874099731445,1.3926968574523926,0.6285784244537354,0.0877997875213623,0.002705812454223633,0.006963968276977539
2198,0,0.5085641025641029,992,1000,4,3,2174.6666666666665,0,0,0,0,0,4.795574188232422,1.3941161632537842,0.6285805702209473,0.0877997875213623,0.002705812454223633,0.0069696903228759766
2199,0,0.5085641025641029,992,1000,1,1,2199.0,0,0,0,1,1,4.797673463821411,1.3955414295196533,0.629183292388916,0.0877997875213623,0.002705812454223633,0.00698089599609375
2200,0,0.5085641025641029,992,1000,2,2,2164.0,0,0,0,0,0,4.798571348190308,1.396416187286377,0.6291837692260742,0.0877997875213623,0.002705812454223633,0.006985187530517578
2201,0,0.5085641025641029,992,1000,1,1,2201.0,0,0,0,1,1,4.799548149108887,1.3969416618347168,0.6296076774597168,0.0877997875213623,0.002705812454223633,0.006986379623413086
2202,0,0.5085641025641029,992,1000,1,1,2202.0,0,0,0,1,1,4.80048942565918,1.3975145816802979,0.6299428939819336,0.0877997875213623,0.002705812454223633,0.006988048553466797
2203,0,0.5085641025641029,992,1000,1,1,2203.0,0,0,0,1,1,4.801381587982178,1.3980746269226074,0.6302495002746582,0.0877997875213623,0.002705812454223633,0.006989479064941406
2204,0,0.5085641025641029,992,1000,1,1,2204.0,0,0,0,1,1,4.8022847175598145,1.398627519607544,0.6305723190307617,0.0877997875213623,0.002705812454223633,0.006990909576416016
2205,0,0.5085641025641029,992,1000,1,1,2205.0,0,0,0,1,1,4.803120136260986,1.399137258529663,0.6308727264404297,0.0877997875213623,0.002705812454223633,0.006992340087890625
2206,0,0.5085641025641029,992,1000,1,1,2206.0,0,0,0,1,1,4.8039937019348145,1.3996551036834717,0.631202220916748,0.0877997875213623,0.002705812454223633,0.006993532180786133
2207,0,0.5085641025641029,992,1000,2,1,2207.0,0,0,0,1,1,4.804978609085083,1.4002799987792969,0.6315276622772217,0.0877997875213623,0.002705812454223633,0.006995439529418945
2208,0,0.5085641025641029,992,1000,1,1,2208.0,0,0,0,1,1,4.805942535400391,1.4008681774139404,0.6318774223327637,0.0877997875213623,0.002705812454223633,0.006996870040893555
2209,0,0.5085641025641029,992,1000,1,1,2209.0,0,0,0,1,1,4.8067708015441895,1.4013724327087402,0.632176399230957,0.0877997875213623,0.002705812454223633,0.0069980621337890625
2210,0,0.5085641025641029,992,1000,1,1,2210.0,0,0,0,1,1,4.807640790939331,1.4018855094909668,0.6325063705444336,0.0877997875213623,0.002705812454223633,0.00699925422668457
2211,0,0.5085641025641029,993,1000,1,1,2211.0,0,0,0,1,0,4.809677839279175,1.4027798175811768,0.6335735321044922,0.0877997875213623,0.002705812454223633,0.00700068473815918
2212,0,0.5085641025641029,992,1000,1,1,1022.0,0,0,1,0,2,4.812995672225952,1.4044737815856934,0.6346604824066162,0.08814573287963867,0.002732515335083008,0.007013082504272461
2213,0,0.5085641025641029,992,1000,1,1,2213.0,0,0,0,1,1,4.814574956893921,1.4056999683380127,0.6349663734436035,0.08814573287963867,0.002732515335083008,0.007018327713012695
2214,0,0.5085641025641029,992,1000,1,1,2214.0,0,0,0,1,1,4.815452337265015,1.4062395095825195,0.6352758407592773,0.08814573287963867,0.002732515335083008,0.007019758224487305
2215,0,0.5085641025641029,992,1000,1,1,2215.0,0,0,0,1,1,4.8163816928863525,1.4068365097045898,0.6355838775634766,0.08814573287963867,0.002732515335083008,0.007021188735961914
2216,0,0.5085641025641029,992,1000,1,1,2216.0,0,0,0,1,1,4.817173480987549,1.4072935581207275,0.6358983516693115,0.08814573287963867,0.002732515335083008,0.0070226192474365234
2217,0,0.5085641025641029,992,1000,1,1,2217.0,0,0,0,1,1,4.8180623054504395,1.4078452587127686,0.6362054347991943,0.08814573287963867,0.002732515335083008,0.007024288177490234
2218,0,0.5085641025641029,992,1000,1,1,2218.0,0,0,0,1,1,4.818939447402954,1.408360481262207,0.6365418434143066,0.08814573287963867,0.002732515335083008,0.007025957107543945
2219,0,0.5085641025641029,992,1000,1,1,2219.0,0,0,0,1,1,4.819740056991577,1.4088242053985596,0.6368556022644043,0.08814573287963867,0.002732515335083008,0.007027149200439453
2220,0,0.5085641025641029,992,1000,1,1,2220.0,0,0,0,1,1,4.820544004440308,1.4092729091644287,0.6371910572052002,0.08814573287963867,0.002732515335083008,0.0070285797119140625
2221,0,0.5085641025641029,991,1000,1,1,2132.0,0,0,1,0,2,4.822037220001221,1.4097654819488525,0.6378352642059326,0.08840394020080566,0.0027463436126708984,0.007030010223388672
2222,0,0.5085641025641029,990,1000,5,4,1650.1666666666667,0,0,1,0,2,4.823616981506348,1.4103896617889404,0.6384880542755127,0.08860921859741211,0.002755880355834961,0.007031679153442383
2223,0,0.5085641025641029,990,1000,1,1,2223.0,0,0,0,1,1,4.824475288391113,1.410909652709961,0.6387979984283447,0.08860921859741211,0.002755880355834961,0.007033586502075195
2224,0,0.5085641025641029,990,1000,3,1,2224.0,0,0,0,1,1,4.82690954208374,1.4116382598876953,0.6404078006744385,0.08860921859741211,0.002755880355834961,0.007034778594970703
2225,0,0.5085641025641029,990,1000,1,1,2225.0,0,0,0,1,1,4.8291778564453125,1.4131519794464111,0.6410818099975586,0.08860921859741211,0.002755880355834961,0.007043600082397461
2226,0,0.5085641025641029,990,1000,1,1,1944.0,0,0,2,0,2,4.831253290176392,1.414132833480835,0.64178466796875,0.08888363838195801,0.0027747154235839844,0.007048368453979492
2227,0,0.5085641025641029,989,1000,1,1,1977.0,0,0,1,0,2,4.832788944244385,1.4147131443023682,0.6424493789672852,0.0890967845916748,0.0027806758880615234,0.0070514678955078125
2228,0,0.5085641025641029,989,1000,3,3,1994.75,0,0,2,0,2,4.834460020065308,1.4153666496276855,0.643139123916626,0.0893392562866211,0.0027899742126464844,0.007053375244140625
2229,0,0.5085641025641029,989,1000,1,1,2229.0,0,0,0,1,1,4.835527181625366,1.4160497188568115,0.6434929370880127,0.0893392562866211,0.0027899742126464844,0.007055044174194336
2230,0,0.5085641025641029,989,1000,1,1,2230.0,0,0,0,1,1,4.836447477340698,1.4166176319122314,0.6438181400299072,0.0893392562866211,0.0027899742126464844,0.007056713104248047
2231,0,0.5085641025641029,989,1000,1,1,2231.0,0,0,0,1,1,4.837335586547852,1.4171733856201172,0.6441245079040527,0.0893392562866211,0.0027899742126464844,0.007058143615722656
2232,0,0.5085641025641029,989,1000,1,1,2232.0,0,0,0,1,1,4.838174819946289,1.4176380634307861,0.6444728374481201,0.0893392562866211,0.0027899742126464844,0.007059335708618164
2233,0,0.5085641025641029,989,1000,1,1,2233.0,0,0,0,1,1,4.838980197906494,1.41811203956604,0.6447770595550537,0.0893392562866211,0.0027899742126464844,0.007060527801513672
2234,0,0.5085641025641029,989,1000,2,2,2060.3333333333335,0,0,0,0,0,4.839491128921509,1.4186129570007324,0.644777774810791,0.0893392562866211,0.0027899742126464844,0.00706171989440918
2235,0,0.5085641025641029,989,1000,2,1,2235.0,0,0,0,1,1,4.840410947799683,1.4191608428955078,0.6451208591461182,0.0893392562866211,0.0027899742126464844,0.007063150405883789
2236,0,0.5085641025641029,989,1000,1,1,2236.0,0,0,0,1,1,4.8413426876068115,1.419724464416504,0.6454675197601318,0.0893392562866211,0.0027899742126464844,0.007064342498779297
2237,0,0.5085641025641029,989,1000,1,1,2237.0,0,0,0,1,1,4.843751430511475,1.4207513332366943,0.6467428207397461,0.0893392562866211,0.0027899742126464844,0.007066011428833008
2238,0,0.5085641025641029,989,1000,1,1,2238.0,0,0,0,1,1,4.846439599990845,1.4226100444793701,0.6474912166595459,0.0893392562866211,0.0027899742126464844,0.007072925567626953
2239,0,0.5085641025641029,989,1000,1,1,2239.0,0,0,0,1,1,4.847824811935425,1.4235761165618896,0.6478672027587891,0.0893392562866211,0.0027899742126464844,0.007077932357788086
2240,0,0.5085641025641029,989,1000,1,1,2240.0,0,0,0,1,1,4.848710060119629,1.4241142272949219,0.6481842994689941,0.0893392562866211,0.0027899742126464844,0.0070798397064208984
2241,0,0.5085641025641029,989,1000,2,1,2241.0,0,0,0,1,1,4.849675178527832,1.4247455596923828,0.6484789848327637,0.0893392562866211,0.0027899742126464844,0.007081508636474609
2242,0,0.5085641025641029,989,1000,4,1,2242.0,0,0,0,1,1,4.850700855255127,1.4253759384155273,0.6488356590270996,0.0893392562866211,0.0027899742126464844,0.00708317756652832
2243,0,0.5085641025641029,989,1000,2,1,2033.0,0,0,2,0,2,4.8523125648498535,1.4259276390075684,0.6495022773742676,0.08960127830505371,0.002806425094604492,0.007084846496582031
2244,0,0.5085641025641029,989,1000,1,1,2244.0,0,0,0,1,1,4.8532493114471436,1.4265034198760986,0.6498332023620605,0.08960127830505371,0.002806425094604492,0.007086992263793945
2245,0,0.5085641025641029,989,1000,1,1,2245.0,0,0,0,1,1,4.854137897491455,1.4270265102386475,0.6501748561859131,0.08960127830505371,0.002806425094604492,0.007088184356689453
2246,0,0.5085641025641029,989,1000,1,1,2246.0,0,0,0,1,1,4.855019569396973,1.4275426864624023,0.6505162715911865,0.08960127830505371,0.002806425094604492,0.0070896148681640625
2247,0,0.5085641025641029,989,1000,1,1,2247.0,0,0,0,1,1,4.8558526039123535,1.4280064105987549,0.6508612632751465,0.08960127830505371,0.002806425094604492,0.00709080696105957
2248,0,0.5085641025641029,989,1000,1,1,2248.0,0,0,0,1,1,4.85675573348999,1.4285681247711182,0.6511754989624023,0.08960127830505371,0.002806425094604492,0.007091999053955078
2249,0,0.5085641025641029,989,1000,1,1,2249.0,0,0,0,1,1,4.85792875289917,1.429150104522705,0.6517336368560791,0.08960127830505371,0.002806425094604492,0.007093906402587891
2250,0,0.5085641025641029,989,1000,1,1,2250.0,0,0,0,1,1,4.860553503036499,1.4307217597961426,0.6526918411254883,0.08960127830505371,0.002806425094604492,0.007098197937011719
2251,0,0.5085641025641029,990,1000,1,1,2251.0,0,0,0,1,0,4.862774848937988,1.4323322772979736,0.6532433032989502,0.08960127830505371,0.002806425094604492,0.0071032047271728516
2252,0,0.5085641025641029,990,1000,1,1,2252.0,0,0,0,1,1,4.864130258560181,1.4332730770111084,0.6536145210266113,0.08960127830505371,0.002806425094604492,0.007107734680175781
2253,0,0.5085641025641029,990,1000,3,1,2253.0,0,0,0,1,1,4.86514139175415,1.4338915348052979,0.6539723873138428,0.08960127830505371,0.002806425094604492,0.007109642028808594
2254,0,0.5085641025641029,990,1000,1,1,2254.0,0,0,0,1,1,4.8660242557525635,1.4344117641448975,0.6543090343475342,0.08960127830505371,0.002806425094604492,0.0071108341217041016
2255,0,0.5085641025641029,990,1000,1,1,2255.0,0,0,0,1,1,4.8669469356536865,1.434969186782837,0.6546471118927002,0.08960127830505371,0.002806425094604492,0.007111787796020508
2256,0,0.5085641025641029,989,1000,2,2,2174.6666666666665,0,0,1,0,2,4.872571706771851,1.4355416297912598,0.6554608345031738,0.09370970726013184,0.0028243064880371094,0.007113218307495117
2257,0,0.5085641025641029,989,1000,1,1,2257.0,0,0,0,1,1,4.874086618423462,1.4366657733917236,0.6557977199554443,0.09370970726013184,0.0028243064880371094,0.007117033004760742
2258,0,0.5085641025641029,989,1000,1,1,2258.0,0,0,0,1,1,4.875878572463989,1.437469720840454,0.6567187309265137,0.09370970726013184,0.0028243064880371094,0.007118701934814453
2259,0,0.5085641025641029,989,1000,3,2,2138.0,0,0,0,0,0,4.877610921859741,1.4391186237335205,0.6567206382751465,0.09370970726013184,0.0028243064880371094,0.007128477096557617
2260,0,0.5085641025641029,990,1000,1,1,1659.0,0,0,2,0,1,4.880433559417725,1.4405066967010498,0.6576478481292725,0.09404206275939941,0.002844572067260742,0.007135868072509766
2261,0,0.5085641025641029,990,1000,1,1,2261.0,0,0,0,1,1,4.881735324859619,1.4414126873016357,0.658001184463501,0.09404206275939941,0.002844572067260742,0.0071392059326171875
2262,0,0.5085641025641029,990,1000,1,1,2262.0,0,0,0,1,1,4.8827223777771,1.442063808441162,0.6583080291748047,0.09404206275939941,0.002844572067260742,0.0071408748626708984
2263,0,0.5085641025641029,990,1000,1,1,2238.0,0,0,2,0,2,4.884405136108398,1.4426393508911133,0.658998966217041,0.09435319900512695,0.002855539321899414,0.007142066955566406
2264,0,0.5085641025641029,990,1000,1,1,707.0,0,0,2,0,2,4.886278867721558,1.4433445930480957,0.6597473621368408,0.09465694427490234,0.0028645992279052734,0.007144451141357422
2265,0,0.5085641025641029,990,1000,1,1,2265.0,0,0,0,1,1,4.888153553009033,1.4445149898529053,0.6603736877441406,0.09465694427490234,0.0028645992279052734,0.007146596908569336
2266,0,0.5085641025641029,990,1000,1,1,2266.0,0,0,0,1,1,4.889318466186523,1.4453048706054688,0.6607110500335693,0.09465694427490234,0.0028645992279052734,0.007150173187255859
2267,0,0.5085641025641029,989,1000,1,1,1972.0,0,0,1,0,2,4.890958547592163,1.445878505706787,0.6614298820495605,0.09490537643432617,0.0028791427612304688,0.007151603698730469
2268,0,0.5085641025641029,989,1000,1,1,2268.0,0,0,0,1,1,4.89282751083374,1.446725606918335,0.662381649017334,0.09490537643432617,0.0028791427612304688,0.007153749465942383
2269,0,0.5085641025641029,989,1000,1,1,2269.0,0,0,0,1,1,4.895828723907471,1.448591947555542,0.6632497310638428,0.09490537643432617,0.0028791427612304688,0.007164955139160156
2270,0,0.5085641025641029,989,1000,1,1,2270.0,0,0,0,1,1,4.897668838500977,1.4499061107635498,0.663719654083252,0.09490537643432617,0.0028791427612304688,0.007172584533691406
2271,0,0.5085641025641029,988,1000,2,2,1872.0,0,0,1,0,2,4.899670839309692,1.4507451057434082,0.6644256114959717,0.09522223472595215,0.0028989315032958984,0.0071756839752197266
2272,0,0.5085641025641029,988,1000,1,1,2265.0,0,0,0,0,0,4.900423765182495,1.4514851570129395,0.6644260883331299,0.09522223472595215,0.0028989315032958984,0.007178306579589844
2273,0,0.5085641025641029,988,1000,1,1,2273.0,0,0,0,1,1,4.90135383605957,1.4520211219787598,0.6647861003875732,0.09522223472595215,0.0028989315032958984,0.0071794986724853516
2274,0,0.5085641025641029,988,1000,2,1,2274.0,0,0,0,1,1,4.902608633041382,1.4526937007904053,0.6653146743774414,0.09522223472595215,0.0028989315032958984,0.007180929183959961
2275,0,0.5085641025641029,988,1000,4,1,2275.0,0,0,0,1,1,4.9038004875183105,1.4535293579101562,0.6656343936920166,0.09522223472595215,0.0028989315032958984,0.007184743881225586
2276,0,0.5085641025641029,988,1000,1,1,2276.0,0,0,0,1,1,4.904674530029297,1.4540536403656006,0.6659560203552246,0.09522223472595215,0.0028989315032958984,0.007185935974121094
2277,0,0.5085641025641029,988,1000,1,1,2277.0,0,0,0,1,1,4.90547513961792,1.4544799327850342,0.6663038730621338,0.09522223472595215,0.0028989315032958984,0.007187604904174805
2278,0,0.5085641025641029,988,1000,1,1,2278.0,0,0,0,1,1,4.906435489654541,1.4550647735595703,0.6666467189788818,0.09522223472595215,0.0028989315032958984,0.007189035415649414
2279,0,0.5085641025641029,988,1000,1,1,2279.0,0,0,0,1,1,4.907455205917358,1.4556992053985596,0.6670048236846924,0.09522223472595215,0.0028989315032958984,0.007190227508544922
2280,0,0.5085641025641029,988,1000,1,1,2280.0,0,0,0,1,1,4.909133434295654,1.4564533233642578,0.6678488254547119,0.09522223472595215,0.0028989315032958984,0.007191896438598633
2281,0,0.5085641025641029,988,1000,1,1,2281.0,0,0,0,1,1,4.91158127784729,1.4581470489501953,0.6685235500335693,0.09522223472595215,0.0028989315032958984,0.007201194763183594
2282,0,0.5085641025641029,988,1000,1,1,2282.0,0,0,0,1,1,4.9130566120147705,1.4591550827026367,0.6689469814300537,0.09522223472595215,0.0028989315032958984,0.007206439971923828
2283,0,0.5085641025641029,988,1000,1,1,2283.0,0,0,0,1,1,4.91428279876709,1.4599547386169434,0.6693313121795654,0.09522223472595215,0.0028989315032958984,0.007210254669189453
2284,0,0.5085641025641029,988,1000,1,1,2284.0,0,0,0,1,1,4.915143251419067,1.4604358673095703,0.6696822643280029,0.09522223472595215,0.0028989315032958984,0.00721287727355957
2285,0,0.5085641025641029,988,1000,1,1,2285.0,0,0,0,1,1,4.916094779968262,1.4609923362731934,0.6700518131256104,0.09522223472595215,0.0028989315032958984,0.007214069366455078
2286,0,0.5085641025641029,988,1000,1,1,2286.0,0,0,0,1,1,4.91711163520813,1.4615662097930908,0.6704537868499756,0.09522223472595215,0.0028989315032958984,0.007215261459350586
2287,0,0.5085641025641029,988,1000,1,1,2287.0,0,0,0,1,1,4.918208599090576,1.4622972011566162,0.6707859039306641,0.09522223472595215,0.0028989315032958984,0.0072176456451416016
2288,0,0.5085641025641029,988,1000,1,1,2288.0,0,0,0,1,1,4.91919469833374,1.4629240036010742,0.6711175441741943,0.09522223472595215,0.0028989315032958984,0.007219552993774414
2289,0,0.5085641025641029,988,1000,5,2,1422.5,0,1,1,0,2,4.921058654785156,1.4635193347930908,0.6717536449432373,0.09564089775085449,0.002917766571044922,0.0072209835052490234
2290,0,0.5085641025641029,988,1000,1,1,2290.0,0,0,0,1,1,4.921949863433838,1.4640429019927979,0.6720917224884033,0.09564089775085449,0.002917766571044922,0.007222652435302734
2291,0,0.5085641025641029,988,1000,1,1,2291.0,0,0,0,1,1,4.922841310501099,1.4645802974700928,0.6724202632904053,0.09564089775085449,0.002917766571044922,0.007224321365356445
2292,0,0.5085641025641029,988,1000,5,1,2292.0,0,0,0,1,1,4.923771142959595,1.4651498794555664,0.6727499961853027,0.09564089775085449,0.002917766571044922,0.007225751876831055
2293,0,0.5085641025641029,989,1000,1,1,2293.0,0,0,0,1,0,4.924720764160156,1.4656567573547363,0.6731619834899902,0.09564089775085449,0.002917766571044922,0.0072269439697265625
2294,0,0.5085641025641029,989,1000,2,1,2294.0,0,0,0,1,1,4.927260637283325,1.4672675132751465,0.674004077911377,0.09564089775085449,0.002917766571044922,0.007228851318359375
2295,0,0.5085641025641029,989,1000,1,1,2295.0,0,0,0,1,1,4.929605960845947,1.468869686126709,0.6746768951416016,0.09564089775085449,0.002917766571044922,0.007236003875732422
2296,0,0.5085641025641029,989,1000,1,1,2296.0,0,0,0,1,1,4.931035280227661,1.4698302745819092,0.675105094909668,0.09564089775085449,0.002917766571044922,0.007241010665893555
2297,0,0.5085641025641029,989,1000,1,1,2297.0,0,0,0,1,1,4.931989669799805,1.4704232215881348,0.6754376888275146,0.09564089775085449,0.002917766571044922,0.007242918014526367
2298,0,0.5085641025641029,989,1000,1,1,2298.0,0,0,0,1,1,4.93327784538269,1.4711921215057373,0.6759138107299805,0.09564089775085449,0.002917766571044922,0.007244586944580078
2299,0,0.5085641025641029,989,1000,1,1,2299.0,0,0,0,1,1,4.93432879447937,1.471855878829956,0.6762659549713135,0.09564089775085449,0.002917766571044922,0.0072481632232666016
2300,0,0.5085641025641029,989,1000,1,1,2300.0,0,0,0,1,1,4.935279607772827,1.4724609851837158,0.6765866279602051,0.09564089775085449,0.002917766571044922,0.0072498321533203125
2301,0,0.5085641025641029,989,1000,1,1,2301.0,0,0,0,1,1,4.9361772537231445,1.472987174987793,0.6769318580627441,0.09564089775085449,0.002917766571044922,0.0072515010833740234
2302,0,0.5085641025641029,989,1000,1,1,2302.0,0,0,0,1,1,4.936971664428711,1.4734587669372559,0.6772270202636719,0.09564089775085449,0.002917766571044922,0.007253408432006836
2303,0,0.5085641025641029,989,1000,2,2,2164.0,0,0,2,0,2,4.944039583206177,1.474074363708496,0.679161548614502,0.09998774528503418,0.0029349327087402344,0.007254600524902344
2304,0,0.5085641025641029,989,1000,1,1,2304.0,0,0,0,1,1,4.946467876434326,1.475712537765503,0.6798698902130127,0.09998774528503418,0.0029349327087402344,0.0072612762451171875
2305,0,0.5085641025641029,989,1000,1,1,2305.0,0,0,0,1,1,4.947923421859741,1.4767577648162842,0.6802308559417725,0.09998774528503418,0.0029349327087402344,0.007265806198120117
2306,0,0.5085641025641029,989,1000,1,1,2306.0,0,0,0,1,1,4.9494500160217285,1.4778003692626953,0.6806676387786865,0.09998774528503418,0.0029349327087402344,0.007267951965332031
2307,0,0.5085641025641029,989,1000,1,1,2307.0,0,0,0,1,1,4.950507164001465,1.4784836769104004,0.6810073852539062,0.09998774528503418,0.0029349327087402344,0.007271766662597656
2308,0,0.5085641025641029,989,1000,1,1,2308.0,0,0,0,1,1,4.951536417007446,1.4791791439056396,0.6813130378723145,0.09998774528503418,0.0029349327087402344,0.007273674011230469
2309,0,0.5085641025641029,989,1000,1,1,2309.0,0,0,0,1,1,4.9524335861206055,1.4797077178955078,0.6816534996032715,0.09998774528503418,0.0029349327087402344,0.0072748661041259766
2310,0,0.5085641025641029,989,1000,1,1,2310.0,0,0,0,1,1,4.953328847885132,1.480273962020874,0.6819512844085693,0.09998774528503418,0.0029349327087402344,0.007276296615600586
2311,0,0.5085641025641029,989,1000,1,1,2311.0,0,0,0,1,1,4.954150915145874,1.4807355403900146,0.6822848320007324,0.09998774528503418,0.0029349327087402344,0.007277727127075195
2312,0,0.5085641025641029,989,1000,1,1,2312.0,0,0,0,1,1,4.955003976821899,1.4812521934509277,0.6825969219207764,0.09998774528503418,0.0029349327087402344,0.007278919219970703
2313,0,0.5085641025641029,989,1000,1,1,2313.0,0,0,0,1,1,4.955861568450928,1.4817655086517334,0.6829187870025635,0.09998774528503418,0.0029349327087402344,0.007280111312866211
2314,0,0.5085641025641029,989,1000,2,1,2314.0,0,0,0,1,1,4.956783771514893,1.482318639755249,0.6832561492919922,0.09998774528503418,0.0029349327087402344,0.00728154182434082
2315,0,0.5085641025641029,989,1000,1,1,2315.0,0,0,0,1,1,4.95763087272644,1.4828410148620605,0.6835572719573975,0.09998774528503418,0.0029349327087402344,0.007282733917236328
2316,0,0.5085641025641029,990,1000,1,1,2316.0,0,0,0,1,0,4.95853066444397,1.4833102226257324,0.6839599609375,0.09998774528503418,0.0029349327087402344,0.007283926010131836
2317,0,0.5085641025641029,990,1000,1,1,2317.0,0,0,0,1,1,4.961118936538696,1.4849839210510254,0.6847915649414062,0.09998774528503418,0.0029349327087402344,0.007287502288818359
2318,0,0.5085641025641029,990,1000,1,1,2318.0,0,0,0,1,1,4.962766647338867,1.4862351417541504,0.6851458549499512,0.09998774528503418,0.0029349327087402344,0.007292747497558594
2319,0,0.5085641025641029,990,1000,1,1,2319.0,0,0,0,1,1,4.964062929153442,1.4870588779449463,0.6855802536010742,0.09998774528503418,0.0029349327087402344,0.007294893264770508
2320,0,0.5085641025641029,990,1000,4,4,2019.75,0,1,1,0,2,4.969781160354614,1.487818956375122,0.6863393783569336,0.1040189266204834,0.002955198287963867,0.007297515869140625
2321,0,0.5085641025641029,990,1000,5,2,1024.5,0,0,2,0,2,4.971661329269409,1.4886207580566406,0.6870288848876953,0.10429596900939941,0.0029671192169189453,0.007300615310668945
2322,0,0.5085641025641029,990,1000,1,1,2322.0,0,0,0,1,1,4.972550630569458,1.489189624786377,0.687319278717041,0.10429596900939941,0.0029671192169189453,0.007302761077880859
2323,0,0.5085641025641029,990,1000,3,1,2323.0,0,0,0,1,1,4.973429203033447,1.4897396564483643,0.6876182556152344,0.10429596900939941,0.0029671192169189453,0.00730443000793457
2324,0,0.5085641025641029,990,1000,1,1,2324.0,0,0,0,1,1,4.974404335021973,1.490363597869873,0.6879482269287109,0.10429596900939941,0.0029671192169189453,0.00730586051940918
2325,0,0.5085641025641029,990,1000,1,1,2325.0,0,0,0,1,1,4.975695371627808,1.4909131526947021,0.6886341571807861,0.10429596900939941,0.0029671192169189453,0.007307291030883789
2326,0,0.5085641025641029,990,1000,1,1,2326.0,0,0,0,1,1,4.978397369384766,1.4926540851593018,0.689507246017456,0.10429596900939941,0.0029671192169189453,0.0073184967041015625
2327,0,0.5085641025641029,990,1000,1,1,2327.0,0,0,0,1,1,4.980159521102905,1.4937913417816162,0.6900708675384521,0.10429596900939941,0.0029671192169189453,0.00732421875
2328,0,0.5085641025641029,990,1000,1,1,2328.0,0,0,0,1,1,4.981315612792969,1.4945974349975586,0.6903867721557617,0.10429596900939941,0.0029671192169189453,0.00732731819152832
2329,0,0.5085641025641029,990,1000,1,1,2329.0,0,0,0,1,1,4.982343673706055,1.4952576160430908,0.6907260417938232,0.10429596900939941,0.0029671192169189453,0.00732874870300293
2330,0,0.5085641025641029,990,1000,1,1,2330.0,0,0,0,1,1,4.983198881149292,1.4957761764526367,0.6910355091094971,0.10429596900939941,0.0029671192169189453,0.007330417633056641
2331,0,0.5085641025641029,990,1000,1,1,2331.0,0,0,0,1,1,4.984127759933472,1.4963350296020508,0.6913797855377197,0.10429596900939941,0.0029671192169189453,0.0073320865631103516
2332,0,0.5085641025641029,990,1000,1,1,2332.0,0,0,0,1,1,4.984989404678345,1.4968576431274414,0.6916944980621338,0.10429596900939941,0.0029671192169189453,0.007333040237426758
2333,0,0.5085641025641029,990,1000,1,1,2333.0,0,0,0,1,1,4.985901117324829,1.4974298477172852,0.6920115947723389,0.10429596900939941,0.0029671192169189453,0.007334470748901367
2334,0,0.5085641025641029,990,1000,1,1,2334.0,0,0,0,1,1,4.986706495285034,1.4979164600372314,0.6923072338104248,0.10429596900939941,0.0029671192169189453,0.007335662841796875
2335,0,0.5085641025641029,990,1000,1,1,2335.0,0,0,0,1,1,4.987613916397095,1.498478889465332,0.6926276683807373,0.10429596900939941,0.0029671192169189453,0.007336854934692383
2336,0,0.5085641025641029,990,1000,3,1,2336.0,0,0,0,1,1,4.988466024398804,1.49900221824646,0.6929244995117188,0.10429596900939941,0.0029671192169189453,0.007338285446166992
2337,0,0.5085641025641029,990,1000,1,1,2337.0,0,0,0,1,1,4.989292621612549,1.4994769096374512,0.6932499408721924,0.10429596900939941,0.0029671192169189453,0.0073394775390625
2338,0,0.5085641025641029,990,1000,1,1,2338.0,0,0,0,1,1,4.990149259567261,1.499986171722412,0.6935746669769287,0.10429596900939941,0.0029671192169189453,0.007340908050537109
2339,0,0.5085641025641029,990,1000,1,1,2339.0,0,0,0,1,1,4.990999937057495,1.500516653060913,0.6938695907592773,0.10429596900939941,0.0029671192169189453,0.007342338562011719
2340,0,0.5085641025641029,990,1000,1,1,2340.0,0,0,0,1,1,4.992184400558472,1.501016616821289,0.6945106983184814,0.10429596900939941,0.0029671192169189453,0.007343769073486328
2341,0,0.5085641025641029,990,1000,2,1,2341.0,0,0,0,1,1,4.994833707809448,1.5025837421417236,0.6954989433288574,0.10429596900939941,0.0029671192169189453,0.0073511600494384766
2342,0,0.5085641025641029,990,1000,1,1,2342.0,0,0,0,1,1,4.996963977813721,1.504047155380249,0.6960957050323486,0.10429596900939941,0.0029671192169189453,0.007357597351074219
2343,0,0.5085641025641029,990,1000,1,1,2343.0,0,0,0,1,1,4.998307943344116,1.5049660205841064,0.696486234664917,0.10429596900939941,0.0029671192169189453,0.007360935211181641
2344,0,0.5085641025641029,990,1000,1,1,2344.0,0,0,0,1,1,4.9992241859436035,1.5055577754974365,0.6967823505401611,0.10429596900939941,0.0029671192169189453,0.0073626041412353516
2345,0,0.5085641025641029,990,1000,1,1,2345.0,0,0,0,1,1,5.0000550746917725,1.506032943725586,0.6971085071563721,0.10429596900939941,0.0029671192169189453,0.007363557815551758
2346,0,0.5085641025641029,990,1000,1,1,2346.0,0,0,0,1,1,5.000990867614746,1.5065972805023193,0.6974570751190186,0.10429596900939941,0.0029671192169189453,0.007364749908447266
2347,0,0.5085641025641029,990,1000,6,4,1922.75,0,0,2,0,2,5.002629041671753,1.507166862487793,0.6981186866760254,0.10456562042236328,0.002985239028930664,0.007366180419921875
2348,0,0.5085641025641029,990,1000,1,1,2348.0,0,0,0,1,1,5.003471374511719,1.507646083831787,0.6984550952911377,0.10456562042236328,0.002985239028930664,0.0073680877685546875
2349,0,0.5085641025641029,990,1000,1,1,2349.0,0,0,0,1,1,5.0043699741363525,1.5081830024719238,0.6987948417663574,0.10456562042236328,0.002985239028930664,0.007369279861450195
2350,0,0.5085641025641029,989,1000,1,1,460.0,0,0,1,0,2,5.005878448486328,1.508774995803833,0.6994357109069824,0.10474205017089844,0.002991914749145508,0.007370471954345703
2351,0,0.5085641025641029,989,1000,1,1,2351.0,0,0,0,1,1,5.0067458152771,1.509291648864746,0.6997592449188232,0.10474205017089844,0.002991914749145508,0.007372140884399414
2352,0,0.5085641025641029,989,1000,1,1,1106.0,0,0,2,0,2,5.011880159378052,1.5097885131835938,0.7018320560455322,0.10719847679138184,0.0029973983764648438,0.007373809814453125
2353,0,0.5085641025641029,989,1000,1,1,2353.0,0,0,0,1,1,5.014375686645508,1.5114049911499023,0.7026255130767822,0.10719847679138184,0.0029973983764648438,0.007386445999145508
2354,0,0.5085641025641029,989,1000,3,3,2009.0,0,0,1,0,2,5.018969774246216,1.5125551223754883,0.7035660743713379,0.10945439338684082,0.0030188560485839844,0.0073931217193603516
2355,0,0.5085641025641029,989,1000,1,1,2355.0,0,0,0,1,1,5.020228147506714,1.5134704113006592,0.703864574432373,0.10945439338684082,0.0030188560485839844,0.0073964595794677734
2356,0,0.5085641025641029,989,1000,1,1,2356.0,0,0,0,1,1,5.021228313446045,1.5141189098358154,0.7041835784912109,0.10945439338684082,0.0030188560485839844,0.007397890090942383
2357,0,0.5085641025641029,989,1000,6,1,2357.0,0,0,0,1,1,5.0221803188323975,1.5147156715393066,0.7044944763183594,0.10945439338684082,0.0030188560485839844,0.007399320602416992
2358,0,0.5085641025641029,989,1000,1,1,2358.0,0,0,0,1,1,5.023094654083252,1.515260934829712,0.7048327922821045,0.10945439338684082,0.0030188560485839844,0.007400989532470703
2359,0,0.5085641025641029,989,1000,4,1,2359.0,0,0,0,1,1,5.02408242225647,1.515882968902588,0.7051677703857422,0.10945439338684082,0.0030188560485839844,0.007402181625366211
2360,0,0.5085641025641029,989,1000,1,1,2360.0,0,0,0,1,1,5.025038242340088,1.5163726806640625,0.7056028842926025,0.10945439338684082,0.0030188560485839844,0.00740361213684082
2361,0,0.5085641025641029,989,1000,1,1,2361.0,0,0,0,1,1,5.028344392776489,1.51837158203125,0.7067923545837402,0.10945439338684082,0.0030188560485839844,0.007408618927001953
2362,0,0.5085641025641029,989,1000,1,1,2362.0,0,0,0,1,1,5.030386209487915,1.5198030471801758,0.7073383331298828,0.10945439338684082,0.0030188560485839844,0.0074176788330078125
2363,0,0.5085641025641029,989,1000,1,1,2363.0,0,0,0,1,1,5.031399726867676,1.520477294921875,0.7076482772827148,0.10945439338684082,0.0030188560485839844,0.007420778274536133
2364,0,0.5085641025641029,989,1000,1,1,2048.0,0,0,2,0,2,5.034982442855835,1.5210309028625488,0.708319902420044,0.11165857315063477,0.003034830093383789,0.007421970367431641
2365,0,0.5085641025641029,989,1000,1,1,2365.0,0,0,0,1,1,5.036323070526123,1.5219810009002686,0.708672285079956,0.11165857315063477,0.003034830093383789,0.007424592971801758
2366,0,0.5085641025641029,989,1000,1,1,2366.0,0,0,0,1,1,5.037183523178101,1.5225155353546143,0.708972692489624,0.11165857315063477,0.003034830093383789,0.00742650032043457
2367,0,0.5085641025641029,989,1000,2,1,2367.0,0,0,0,1,1,5.03810453414917,1.523087739944458,0.7092926502227783,0.11165857315063477,0.003034830093383789,0.007427692413330078
2368,0,0.5085641025641029,989,1000,1,1,2368.0,0,0,0,1,1,5.038923740386963,1.52357816696167,0.7095980644226074,0.11165857315063477,0.003034830093383789,0.0074291229248046875
2369,0,0.5085641025641029,989,1000,1,1,2369.0,0,0,0,1,1,5.039822340011597,1.524141550064087,0.7099082469940186,0.11165857315063477,0.003034830093383789,0.007430553436279297
2370,0,0.5085641025641029,990,1000,3,1,2370.0,0,0,0,1,0,5.040679931640625,1.5246574878692627,0.7102203369140625,0.11165857315063477,0.003034830093383789,0.007432222366333008
2371,0,0.5085641025641029,990,1000,1,1,2371.0,0,0,0,1,1,5.043314456939697,1.5256385803222656,0.7117514610290527,0.11165857315063477,0.003034830093383789,0.007433652877807617
2372,0,0.5085641025641029,990,1000,1,1,2372.0,0,0,0,1,1,5.045614719390869,1.527163028717041,0.7124590873718262,0.11165857315063477,0.003034830093383789,0.007440805435180664
2373,0,0.5085641025641029,990,1000,1,1,2373.0,0,0,0,1,1,5.047549247741699,1.5285637378692627,0.7129471302032471,0.11165857315063477,0.003034830093383789,0.0074460506439208984
2374,0,0.5085641025641029,990,1000,1,1,2374.0,0,0,0,1,1,5.0485429763793945,1.5291900634765625,0.7132840156555176,0.11165857315063477,0.003034830093383789,0.007448911666870117
2375,0,0.5085641025641029,990,1000,1,1,2375.0,0,0,0,1,1,5.049448490142822,1.529735803604126,0.7136144638061523,0.11165857315063477,0.003034830093383789,0.007450580596923828
2376,0,0.5085641025641029,990,1000,1,1,2376.0,0,0,0,1,1,5.050382614135742,1.530242681503296,0.7140183448791504,0.11165857315063477,0.003034830093383789,0.007451772689819336
2377,0,0.5085641025641029,989,1000,2,1,2276.0,0,0,1,0,2,5.052135229110718,1.5308239459991455,0.7146894931793213,0.11201858520507812,0.0030510425567626953,0.00745391845703125
2378,0,0.5085641025641029,989,1000,1,1,2378.0,0,0,0,1,1,5.053175449371338,1.5315182209014893,0.7150022983551025,0.11201858520507812,0.0030510425567626953,0.0074558258056640625
2379,0,0.5085641025641029,990,1000,1,1,2379.0,0,0,0,1,0,5.05411434173584,1.532099723815918,0.7153365612030029,0.11201858520507812,0.0030510425567626953,0.00745701789855957
2380,0,0.5085641025641029,990,1000,1,1,2380.0,0,0,0,1,1,5.055004596710205,1.5326282978057861,0.7156703472137451,0.11201858520507812,0.0030510425567626953,0.00745844841003418
2381,0,0.5085641025641029,990,1000,1,1,2381.0,0,0,0,1,1,5.0558555126190186,1.533128023147583,0.7159955501556396,0.11201858520507812,0.0030510425567626953,0.007460117340087891
2382,0,0.5085641025641029,990,1000,2,1,2382.0,0,0,0,1,1,5.0567121505737305,1.533630609512329,0.7163205146789551,0.11201858520507812,0.0030510425567626953,0.0074613094329833984
2383,0,0.5085641025641029,990,1000,3,1,2383.0,0,0,0,1,1,5.059156894683838,1.5344138145446777,0.717867374420166,0.11201858520507812,0.0030510425567626953,0.007462739944458008
2384,0,0.5085641025641029,990,1000,1,1,2384.0,0,0,0,1,1,5.062694311141968,1.5364420413970947,0.7192606925964355,0.11201858520507812,0.0030510425567626953,0.007475614547729492
2385,0,0.5085641025641029,990,1000,3,1,2385.0,0,0,0,1,1,5.065495014190674,1.5381379127502441,0.7202622890472412,0.11201858520507812,0.0030510425567626953,0.007485866546630859
2386,0,0.5085641025641029,990,1000,3,1,2386.0,0,0,0,1,1,5.068240165710449,1.5398190021514893,0.7212240695953369,0.11201858520507812,0.0030510425567626953,0.0074923038482666016
2387,0,0.5085641025641029,990,1000,1,1,2387.0,0,0,0,1,1,5.070580720901489,1.5413873195648193,0.721933126449585,0.11201858520507812,0.0030510425567626953,0.007498502731323242
2388,0,0.5085641025641029,990,1000,1,1,2388.0,0,0,0,1,1,5.071815013885498,1.5422356128692627,0.7222809791564941,0.11201858520507812,0.0030510425567626953,0.0075032711029052734
2389,0,0.5085641025641029,990,1000,1,1,2389.0,0,0,0,1,1,5.072697639465332,1.5427360534667969,0.722637414932251,0.11201858520507812,0.0030510425567626953,0.007504701614379883
2390,0,0.5085641025641029,990,1000,1,1,2390.0,0,0,0,1,1,5.074126720428467,1.543628215789795,0.7231078147888184,0.11201858520507812,0.0030510425567626953,0.007506132125854492
2391,0,0.5085641025641029,990,1000,2,2,2217.5,0,1,2,0,2,5.081005334854126,1.5446228981018066,0.7241649627685547,0.11662173271179199,0.0030765533447265625,0.0075092315673828125
2392,0,0.5085641025641029,990,1000,1,1,1511.0,0,0,2,0,2,5.083438873291016,1.5459487438201904,0.7248294353485107,0.11692166328430176,0.003093719482421875,0.007525444030761719
2393,0,0.5085641025641029,990,1000,2,1,2393.0,0,0,0,1,1,5.084532737731934,1.5466527938842773,0.7251789569854736,0.11692166328430176,0.003093719482421875,0.007527351379394531
2394,0,0.5085641025641029,990,1000,1,1,2394.0,0,0,0,1,1,5.085450649261475,1.547224998474121,0.7254958152770996,0.11692166328430176,0.003093719482421875,0.007529258728027344
2395,0,0.5085641025641029,990,1000,1,1,2395.0,0,0,0,1,1,5.086332559585571,1.547743558883667,0.7258327007293701,0.11692166328430176,0.003093719482421875,0.0075304508209228516
2396,0,0.5085641025641029,990,1000,1,1,2396.0,0,0,0,1,1,5.087153434753418,1.5482234954833984,0.7261502742767334,0.11692166328430176,0.003093719482421875,0.007531642913818359
2397,0,0.5085641025641029,990,1000,1,1,2397.0,0,0,0,1,1,5.088073492050171,1.5488200187683105,0.7264537811279297,0.11692166328430176,0.003093719482421875,0.007532835006713867
2398,0,0.5085641025641029,990,1000,1,1,2398.0,0,0,0,1,1,5.08944296836853,1.5493009090423584,0.727308988571167,0.11692166328430176,0.003093719482421875,0.007534027099609375
2399,0,0.5085641025641029,990,1000,4,4,2270.5,0,0,2,0,2,5.096646070480347,1.5505073070526123,0.7284500598907471,0.12159156799316406,0.003115415573120117,0.00754094123840332
2400,0,0.5085641025641029,990,1000,1,1,2400.0,0,0,0,1,1,5.098265647888184,1.551725149154663,0.728790283203125,0.12159156799316406,0.003115415573120117,0.0075473785400390625
2401,0,0.5085641025641029,991,1000,1,1,2401.0,0,0,0,1,0,5.099163055419922,1.5522866249084473,0.7290973663330078,0.12159156799316406,0.003115415573120117,0.00755000114440918
2402,0,0.5085641025641029,991,1000,1,1,2402.0,0,0,0,1,1,5.100053548812866,1.5528564453125,0.7293915748596191,0.12159156799316406,0.003115415573120117,0.007551431655883789
2403,0,0.5085641025641029,991,1000,1,1,2403.0,0,0,0,1,1,5.101060628890991,1.5534636974334717,0.7297577857971191,0.12159156799316406,0.003115415573120117,0.0075528621673583984
2404,0,0.5085641025641029,991,1000,1,1,2404.0,0,0,0,1,1,5.101994037628174,1.5540237426757812,0.7301080226898193,0.12159156799316406,0.003115415573120117,0.007554769515991211
2405,0,0.5085641025641029,991,1000,1,1,1635.0,0,0,2,0,2,5.1038360595703125,1.5546436309814453,0.7307784557342529,0.12201714515686035,0.003132343292236328,0.007555961608886719
2406,0,0.5085641025641029,991,1000,2,1,2406.0,0,0,0,1,1,5.104881048202515,1.5552823543548584,0.7311418056488037,0.12201714515686035,0.003132343292236328,0.00755763053894043
2407,0,0.5085641025641029,991,1000,1,1,2407.0,0,0,0,1,1,5.10578465461731,1.555823564529419,0.731473445892334,0.12201714515686035,0.003132343292236328,0.007560014724731445
2408,0,0.5085641025641029,991,1000,1,1,1016.0,0,0,2,0,2,5.107395172119141,1.5564119815826416,0.7320997714996338,0.12231063842773438,0.003143787384033203,0.007561683654785156
2409,0,0.5085641025641029,991,1000,1,1,2409.0,0,0,0,1,1,5.1083009243011475,1.5569756031036377,0.7324187755584717,0.12231063842773438,0.003143787384033203,0.007563114166259766
2410,0,0.5085641025641029,991,1000,1,1,2410.0,0,0,0,1,1,5.1106181144714355,1.5583398342132568,0.7332794666290283,0.12231063842773438,0.003143787384033203,0.0075643062591552734
2411,0,0.5085641025641029,991,1000,4,3,2275.3333333333335,0,1,2,0,2,5.117452621459961,1.559790849685669,0.7342875003814697,0.12645983695983887,0.0031681060791015625,0.007590293884277344
2412,0,0.5085641025641029,991,1000,1,1,2412.0,0,0,0,1,1,5.118920803070068,1.5608739852905273,0.734626054763794,0.12645983695983887,0.0031681060791015625,0.007595539093017578
2413,0,0.5085641025641029,991,1000,1,1,2413.0,0,0,0,1,1,5.120041847229004,1.5614597797393799,0.7351257801055908,0.12645983695983887,0.0031681060791015625,0.007597446441650391
2414,0,0.5085641025641029,991,1000,1,1,2414.0,0,0,0,1,1,5.122074127197266,1.562736988067627,0.73580002784729,0.12645983695983887,0.0031681060791015625,0.007602691650390625
2415,0,0.5085641025641029,991,1000,1,1,2415.0,0,0,0,1,1,5.124460697174072,1.564164638519287,0.7366652488708496,0.12645983695983887,0.0031681060791015625,0.007608652114868164
2416,0,0.5085641025641029,991,1000,1,1,2416.0,0,0,0,1,1,5.1277124881744385,1.5662603378295898,0.7376995086669922,0.12645983695983887,0.0031681060791015625,0.0076160430908203125
2417,0,0.5085641025641029,991,1000,1,1,2417.0,0,0,0,1,1,5.129686117172241,1.5676183700561523,0.738255500793457,0.12645983695983887,0.0031681060791015625,0.007622480392456055
2418,0,0.5085641025641029,991,1000,3,1,2418.0,0,0,0,1,1,5.130932092666626,1.5684716701507568,0.7386066913604736,0.12645983695983887,0.0031681060791015625,0.007625102996826172
2419,0,0.5085641025641029,991,1000,1,1,2419.0,0,0,0,1,1,5.131877422332764,1.5690393447875977,0.7389528751373291,0.12645983695983887,0.0031681060791015625,0.007626533508300781
2420,0,0.5085641025641029,991,1000,1,1,2420.0,0,0,0,1,1,5.132829427719116,1.5696136951446533,0.739302396774292,0.12645983695983887,0.0031681060791015625,0.007627964019775391
2421,0,0.5085641025641029,991,1000,1,1,2421.0,0,0,0,1,1,5.1336891651153564,1.5701260566711426,0.7396204471588135,0.12645983695983887,0.0031681060791015625,0.007630109786987305
2422,0,0.5085641025641029,991,1000,1,1,2422.0,0,0,0,1,1,5.134578704833984,1.5706570148468018,0.7399475574493408,0.12645983695983887,0.0031681060791015625,0.007631540298461914
2423,0,0.5085641025641029,991,1000,2,1,2423.0,0,0,0,1,1,5.136444330215454,1.571974277496338,0.740441083908081,0.12645983695983887,0.0031681060791015625,0.007632732391357422
2424,0,0.5085641025641029,991,1000,1,1,2424.0,0,0,0,1,1,5.13796067237854,1.5729660987854004,0.7409193515777588,0.12645983695983887,0.0031681060791015625,0.007637500762939453
2425,0,0.5085641025641029,991,1000,1,1,2425.0,0,0,0,1,1,5.138916254043579,1.5735387802124023,0.7412700653076172,0.12645983695983887,0.0031681060791015625,0.00764012336730957
2426,0,0.5085641025641029,991,1000,1,1,2411.0,0,0,0,0,0,5.139556407928467,1.574167251586914,0.7412707805633545,0.12645983695983887,0.0031681060791015625,0.00764155387878418
2427,0,0.5085641025641029,991,1000,1,1,2427.0,0,0,0,1,1,5.140503644943237,1.5747122764587402,0.7416400909423828,0.12645983695983887,0.0031681060791015625,0.007642507553100586
2428,0,0.5085641025641029,991,1000,3,1,2428.0,0,0,0,1,1,5.141481876373291,1.5752623081207275,0.7420392036437988,0.12645983695983887,0.0031681060791015625,0.007643699645996094
2429,0,0.5085641025641029,991,1000,4,2,2027.5,0,0,2,0,2,5.148859024047852,1.576925277709961,0.7431299686431885,0.13089632987976074,0.003193378448486328,0.0076465606689453125
2430,0,0.5085641025641029,991,1000,1,1,2120.0,0,0,2,0,2,5.1520092487335205,1.57835054397583,0.7442028522491455,0.13137149810791016,0.003214597702026367,0.007652997970581055
2431,0,0.5085641025641029,991,1000,1,1,2149.0,0,0,2,0,2,5.154435157775879,1.5797080993652344,0.744863748550415,0.13166403770446777,0.003224611282348633,0.007657051086425781
2432,0,0.5085641025641029,991,1000,1,1,1435.0,0,0,2,0,2,5.156091213226318,1.580334186553955,0.7455005645751953,0.13196659088134766,0.0032303333282470703,0.007658481597900391
2433,0,0.5085641025641029,991,1000,1,1,2433.0,0,0,0,1,1,5.157063245773315,1.5809752941131592,0.7457973957061768,0.13196659088134766,0.0032303333282470703,0.007659912109375
2434,0,0.5085641025641029,991,1000,2,1,2434.0,0,0,0,1,1,5.157969951629639,1.5815129280090332,0.746138334274292,0.13196659088134766,0.0032303333282470703,0.007661342620849609
2435,0,0.5085641025641029,991,1000,4,4,2055.75,0,0,2,0,2,5.160836458206177,1.5823500156402588,0.7473230361938477,0.1326284408569336,0.0032596588134765625,0.007662773132324219
2436,0,0.5085641025641029,991,1000,1,1,2436.0,0,0,0,1,1,5.1625707149505615,1.5836727619171143,0.7476727962493896,0.1326284408569336,0.0032596588134765625,0.007670164108276367
2437,0,0.5085641025641029,991,1000,3,3,2208.3333333333335,0,0,2,0,2,5.168927907943726,1.5846729278564453,0.7487373352050781,0.13675928115844727,0.0032777786254882812,0.007672548294067383
2438,0,0.5085641025641029,991,1000,1,1,2438.0,0,0,0,1,1,5.170519828796387,1.5858728885650635,0.7490758895874023,0.13675928115844727,0.0032777786254882812,0.007676362991333008
2439,0,0.5085641025641029,991,1000,3,1,2439.0,0,0,0,1,1,5.171425819396973,1.5864324569702148,0.7493910789489746,0.13675928115844727,0.0032777786254882812,0.00767827033996582
2440,0,0.5085641025641029,991,1000,3,3,2282.0,0,0,0,0,0,5.172104835510254,1.5870928764343262,0.7493913173675537,0.13675928115844727,0.0032777786254882812,0.007679462432861328
2441,0,0.5085641025641029,991,1000,1,1,2441.0,0,0,0,1,1,5.1729514598846436,1.5875840187072754,0.7497131824493408,0.13675928115844727,0.0032777786254882812,0.0076808929443359375
2442,0,0.5085641025641029,991,1000,1,1,2442.0,0,0,0,1,1,5.173840284347534,1.5881178379058838,0.7500419616699219,0.13675928115844727,0.0032777786254882812,0.007682323455810547
2443,0,0.5085641025641029,991,1000,2,1,2443.0,0,0,0,1,1,5.174724102020264,1.588636875152588,0.7503783702850342,0.13675928115844727,0.0032777786254882812,0.007683992385864258
2444,0,0.5085641025641029,991,1000,1,1,2444.0,0,0,0,1,1,5.176896810531616,1.589451551437378,0.7516598701477051,0.13675928115844727,0.0032777786254882812,0.007685184478759766
2445,0,0.5085641025641029,991,1000,4,4,2287.25,0,0,2,0,2,5.183935165405273,1.591017246246338,0.7526998519897461,0.14101862907409668,0.003303050994873047,0.007694244384765625
2446,0,0.5085641025641029,991,1000,4,1,2232.0,0,0,2,0,2,5.186595678329468,1.5924720764160156,0.7533714771270752,0.14139318466186523,0.0033190250396728516,0.007700443267822266
2447,0,0.5085641025641029,991,1000,1,1,2447.0,0,0,0,1,1,5.18762993812561,1.5931549072265625,0.7536892890930176,0.14139318466186523,0.0033190250396728516,0.007702350616455078
2448,0,0.5085641025641029,991,1000,1,1,2448.0,0,0,0,1,1,5.188525915145874,1.5937175750732422,0.7539958953857422,0.14139318466186523,0.0033190250396728516,0.0077037811279296875
2449,0,0.5085641025641029,991,1000,1,1,2449.0,0,0,0,1,1,5.189411401748657,1.5942347049713135,0.7543401718139648,0.14139318466186523,0.0033190250396728516,0.007704973220825195
2450,0,0.5085641025641029,991,1000,1,1,2450.0,0,0,0,1,1,5.190265655517578,1.594721794128418,0.7546825408935547,0.14139318466186523,0.0033190250396728516,0.007706165313720703
2451,0,0.5085641025641029,991,1000,1,1,2451.0,0,0,0,1,1,5.191192388534546,1.5952770709991455,0.7550287246704102,0.14139318466186523,0.0033190250396728516,0.007707357406616211
2452,0,0.5085641025641029,991,1000,2,1,2452.0,0,0,0,1,1,5.193153619766235,1.5961735248565674,0.7559976577758789,0.14139318466186523,0.0033190250396728516,0.007709026336669922
2453,0,0.5085641025641029,991,1000,1,1,2453.0,0,0,0,1,1,5.195462703704834,1.5976688861846924,0.7567305564880371,0.14139318466186523,0.0033190250396728516,0.007717132568359375
2454,0,0.5085641025641029,991,1000,5,5,2347.2,0,0,0,0,0,5.196978330612183,1.5991272926330566,0.7567319869995117,0.14139318466186523,0.0033190250396728516,0.007724285125732422
2455,0,0.5085641025641029,991,1000,1,1,2455.0,0,0,0,1,1,5.198686838150024,1.6001672744750977,0.7573492527008057,0.14139318466186523,0.0033190250396728516,0.0077304840087890625
2456,0,0.5085641025641029,991,1000,1,1,2456.0,0,0,0,1,1,5.199862480163574,1.6009249687194824,0.7577297687530518,0.14139318466186523,0.0033190250396728516,0.007733345031738281
2457,0,0.5085641025641029,991,1000,2,1,2457.0,0,0,0,1,1,5.200944185256958,1.6015968322753906,0.7580997943878174,0.14139318466186523,0.0033190250396728516,0.007735252380371094
2458,0,0.5085641025641029,991,1000,1,1,2458.0,0,0,0,1,1,5.201979160308838,1.602250099182129,0.7584512233734131,0.14139318466186523,0.0033190250396728516,0.007737159729003906
2459,0,0.5085641025641029,991,1000,2,1,2459.0,0,0,0,1,1,5.202898740768433,1.6028327941894531,0.7587559223175049,0.14139318466186523,0.0033190250396728516,0.007739067077636719
2460,0,0.5085641025641029,991,1000,1,1,2460.0,0,0,0,1,1,5.203768491744995,1.603339433670044,0.7590954303741455,0.14139318466186523,0.0033190250396728516,0.007740497589111328
2461,0,0.5085641025641029,991,1000,1,1,2461.0,0,0,0,1,1,5.204727411270142,1.6039376258850098,0.759432315826416,0.14139318466186523,0.0033190250396728516,0.0077419281005859375
2462,0,0.5085641025641029,991,1000,1,1,2462.0,0,0,0,1,1,5.205546140670776,1.6044180393218994,0.7597436904907227,0.14139318466186523,0.0033190250396728516,0.007743120193481445
2463,0,0.5085641025641029,991,1000,1,1,2205.0,0,0,2,0,2,5.207310438156128,1.6050024032592773,0.760361909866333,0.1418304443359375,0.0033342838287353516,0.007744789123535156
2464,0,0.5085641025641029,991,1000,1,1,2464.0,0,0,0,1,1,5.208266019821167,1.605569839477539,0.7607214450836182,0.1418304443359375,0.0033342838287353516,0.007746458053588867
2465,0,0.5085641025641029,992,1000,2,1,2465.0,0,0,0,1,0,5.210643291473389,1.6069645881652832,0.7616050243377686,0.1418304443359375,0.0033342838287353516,0.007748603820800781
2466,0,0.5085641025641029,992,1000,1,1,2466.0,0,0,0,1,1,5.212757110595703,1.6083827018737793,0.7622301578521729,0.1418304443359375,0.0033342838287353516,0.007755279541015625
2467,0,0.5085641025641029,992,1000,3,1,2467.0,0,0,0,1,1,5.214583873748779,1.6096711158752441,0.7627148628234863,0.1418304443359375,0.0033342838287353516,0.007760524749755859
2468,0,0.5085641025641029,992,1000,1,1,2468.0,0,0,0,1,1,5.215707540512085,1.610365390777588,0.7631049156188965,0.1418304443359375,0.0033342838287353516,0.007764339447021484
2469,0,0.5085641025641029,992,1000,1,1,2469.0,0,0,0,1,1,5.216750621795654,1.611001968383789,0.763481855392456,0.1418304443359375,0.0033342838287353516,0.007766246795654297
2470,0,0.5085641025641029,992,1000,1,1,2470.0,0,0,0,1,1,5.217698574066162,1.6115772724151611,0.7638232707977295,0.1418304443359375,0.0033342838287353516,0.007767677307128906
2471,0,0.5085641025641029,992,1000,1,1,2471.0,0,0,0,1,1,5.218712091445923,1.612175464630127,0.7642102241516113,0.1418304443359375,0.0033342838287353516,0.007769584655761719
2472,0,0.5085641025641029,992,1000,1,1,2472.0,0,0,0,1,1,5.219724416732788,1.6128060817718506,0.7645623683929443,0.1418304443359375,0.0033342838287353516,0.007771730422973633
2473,0,0.5085641025641029,992,1000,1,1,2473.0,0,0,0,1,1,5.220572471618652,1.6133325099945068,0.7648584842681885,0.1418304443359375,0.0033342838287353516,0.007772922515869141
2474,0,0.5085641025641029,992,1000,1,1,2474.0,0,0,0,1,1,5.221452474594116,1.613877773284912,0.7651679515838623,0.1418304443359375,0.0033342838287353516,0.0077741146087646484
2475,0,0.5085641025641029,992,1000,1,1,2475.0,0,0,0,1,1,5.222367286682129,1.6144530773162842,0.765479564666748,0.1418304443359375,0.0033342838287353516,0.007775783538818359
2476,0,0.5085641025641029,992,1000,1,1,2476.0,0,0,0,1,1,5.223272800445557,1.615001916885376,0.7658133506774902,0.1418304443359375,0.0033342838287353516,0.007776975631713867
2477,0,0.5085641025641029,992,1000,1,1,2477.0,0,0,0,1,1,5.224104166030884,1.6154837608337402,0.7661399841308594,0.1418304443359375,0.0033342838287353516,0.007778167724609375
2478,0,0.5085641025641029,992,1000,1,1,2478.0,0,0,0,1,1,5.225110054016113,1.6159734725952148,0.7666294574737549,0.1418304443359375,0.0033342838287353516,0.007779598236083984
2479,0,0.5085641025641029,992,1000,1,1,2479.0,0,0,0,1,1,5.2286295890808105,1.6178231239318848,0.7682003974914551,0.1418304443359375,0.0033342838287353516,0.007784605026245117
2480,0,0.5085641025641029,992,1000,1,1,2480.0,0,0,0,1,1,5.231775283813477,1.619692087173462,0.7693617343902588,0.1418304443359375,0.0033342838287353516,0.007795810699462891
2481,0,0.5085641025641029,992,1000,3,1,2481.0,0,0,0,1,1,5.234590768814087,1.6213352680206299,0.7704012393951416,0.1418304443359375,0.0033342838287353516,0.007807016372680664
2482,0,0.5085641025641029,992,1000,1,1,2482.0,0,0,0,1,1,5.236539602279663,1.622546672821045,0.7710695266723633,0.1418304443359375,0.0033342838287353516,0.007813692092895508
2483,0,0.5085641025641029,992,1000,3,1,2483.0,0,0,0,1,1,5.238624095916748,1.6239547729492188,0.7716686725616455,0.1418304443359375,0.0033342838287353516,0.007819414138793945
2484,0,0.5085641025641029,992,1000,5,4,2136.0,0,0,2,0,2,5.241522789001465,1.6251378059387207,0.772761344909668,0.14222145080566406,0.0033614635467529297,0.00782465934753418
2485,0,0.5085641025641029,992,1000,2,1,2485.0,0,0,0,1,1,5.2446088790893555,1.6270725727081299,0.7737479209899902,0.14222145080566406,0.0033614635467529297,0.007830619812011719
2486,0,0.5085641025641029,992,1000,1,1,2486.0,0,0,0,1,1,5.247838497161865,1.6289405822753906,0.7750046253204346,0.14222145080566406,0.0033614635467529297,0.007837533950805664
2487,0,0.5085641025641029,992,1000,1,1,2487.0,0,0,0,1,1,5.250397205352783,1.6306343078613281,0.7757914066314697,0.14222145080566406,0.0033614635467529297,0.007845401763916016
2488,0,0.5085641025641029,992,1000,1,1,2488.0,0,0,0,1,1,5.251424074172974,1.6312956809997559,0.7761223316192627,0.14222145080566406,0.0033614635467529297,0.00785064697265625
2489,0,0.5085641025641029,992,1000,1,1,2489.0,0,0,0,1,1,5.2523581981658936,1.6318979263305664,0.7764236927032471,0.14222145080566406,0.0033614635467529297,0.007851839065551758
2490,0,0.5085641025641029,992,1000,1,1,2490.0,0,0,0,1,1,5.253349304199219,1.6325228214263916,0.7767660617828369,0.14222145080566406,0.0033614635467529297,0.007853031158447266
2491,0,0.5085641025641029,992,1000,1,1,2491.0,0,0,0,1,1,5.254199981689453,1.6330435276031494,0.7770712375640869,0.14222145080566406,0.0033614635467529297,0.007854461669921875
2492,0,0.5085641025641029,992,1000,1,1,2492.0,0,0,0,1,1,5.255171298980713,1.6336719989776611,0.7773900032043457,0.14222145080566406,0.0033614635467529297,0.007856130599975586
2493,0,0.5085641025641029,992,1000,1,1,2493.0,0,0,0,1,1,5.256051301956177,1.6341843605041504,0.7777342796325684,0.14222145080566406,0.0033614635467529297,0.007857799530029297
2494,0,0.5085641025641029,992,1000,2,1,2494.0,0,0,0,1,1,5.256977319717407,1.6347649097442627,0.7780444622039795,0.14222145080566406,0.0033614635467529297,0.007859230041503906
2495,0,0.5085641025641029,992,1000,1,1,2495.0,0,0,0,1,1,5.257946729660034,1.6353034973144531,0.7784373760223389,0.14222145080566406,0.0033614635467529297,0.007860898971557617
2496,0,0.5085641025641029,992,1000,1,1,2496.0,0,0,0,1,1,5.261359691619873,1.6373717784881592,0.7796268463134766,0.14222145080566406,0.0033614635467529297,0.007865190505981445
2497,0,0.5085641025641029,992,1000,2,1,2497.0,0,0,0,1,1,5.263504981994629,1.638817310333252,0.7802433967590332,0.14222145080566406,0.0033614635467529297,0.007874250411987305
2498,0,0.5085641025641029,992,1000,2,1,2498.0,0,0,0,1,1,5.265088081359863,1.6398594379425049,0.7807295322418213,0.14222145080566406,0.0033614635467529297,0.007877826690673828
2499,0,0.5085641025641029,992,1000,1,1,1924.0,0,0,2,0,2,5.26729416847229,1.6408073902130127,0.7815182209014893,0.14255046844482422,0.0033788681030273438,0.00788116455078125
2500,0,0.5085641025641029,991,1000,2,1,1650.0,0,0,1,0,2,5.272375822067261,1.6417617797851562,0.7824981212615967,0.1455683708190918,0.0033915042877197266,0.007884979248046875
2501,0,0.5085641025641029,991,1000,1,1,2501.0,0,0,0,1,1,5.274244785308838,1.6430439949035645,0.7830221652984619,0.1455683708190918,0.0033915042877197266,0.007889270782470703
2502,0,0.5085641025641029,990,1000,3,3,2374.0,0,0,1,0,2,5.281572341918945,1.6449699401855469,0.7840144634246826,0.14974665641784668,0.003427267074584961,0.007894277572631836
2503,0,0.5085641025641029,990,1000,1,1,2503.0,0,0,0,1,1,5.283269882202148,1.6462905406951904,0.7843270301818848,0.14974665641784668,0.003427267074584961,0.007900476455688477
2504,0,0.5085641025641029,990,1000,1,1,2504.0,0,0,0,1,1,5.284307956695557,1.6469898223876953,0.7846376895904541,0.14974665641784668,0.003427267074584961,0.007902383804321289
2505,0,0.5085641025641029,990,1000,1,1,2505.0,0,0,0,1,1,5.285289764404297,1.6476216316223145,0.7849586009979248,0.14974665641784668,0.003427267074584961,0.007903814315795898
2506,0,0.5085641025641029,990,1000,1,1,2506.0,0,0,0,1,1,5.28621244430542,1.6481800079345703,0.7852990627288818,0.14974665641784668,0.003427267074584961,0.007905006408691406
2507,0,0.5085641025641029,990,1000,10,9,1773.7,0,0,1,0,2,5.287964582443237,1.6488234996795654,0.7859289646148682,0.15006113052368164,0.0034475326538085938,0.007906198501586914
2508,0,0.5085641025641029,990,1000,1,1,2411.0,0,0,2,0,2,5.29560112953186,1.650022268295288,0.7871413230895996,0.1550755500793457,0.003473997116088867,0.007907867431640625
2509,0,0.5085641025641029,990,1000,1,1,2509.0,0,0,0,1,1,5.2976906299591064,1.6513590812683105,0.7878177165985107,0.1550755500793457,0.003473997116088867,0.007914066314697266
2510,0,0.5085641025641029,990,1000,1,1,2510.0,0,0,0,1,1,5.299502849578857,1.6525135040283203,0.7884202003479004,0.1550755500793457,0.003473997116088867,0.007918596267700195
2511,0,0.5085641025641029,989,1000,1,1,2484.0,0,0,1,0,2,5.3022620677948,1.6537303924560547,0.7894721031188965,0.1554107666015625,0.0034995079040527344,0.00792241096496582
2512,0,0.5085641025641029,989,1000,2,1,2512.0,0,0,0,1,1,5.304200887680054,1.654949426651001,0.7901220321655273,0.1554107666015625,0.0034995079040527344,0.007926225662231445
2513,0,0.5085641025641029,989,1000,1,1,2513.0,0,0,0,1,1,5.3064284324646,1.6563684940338135,0.7908351421356201,0.1554107666015625,0.0034995079040527344,0.007933616638183594
2514,0,0.5085641025641029,989,1000,1,1,2514.0,0,0,0,1,1,5.309130668640137,1.6576504707336426,0.7921864986419678,0.1554107666015625,0.0034995079040527344,0.007938385009765625
2515,0,0.5085641025641029,989,1000,7,3,2065.6666666666665,0,0,0,0,0,5.3110127449035645,1.6594562530517578,0.7921881675720215,0.1554107666015625,0.0034995079040527344,0.007951021194458008
2516,0,0.5085641025641029,990,1000,1,1,1977.0,0,0,2,0,1,5.313960790634155,1.6609225273132324,0.7932233810424805,0.15571928024291992,0.0035207271575927734,0.007957696914672852
2517,0,0.5085641025641029,990,1000,1,1,2517.0,0,0,0,1,1,5.316043376922607,1.6622912883758545,0.7938737869262695,0.15571928024291992,0.0035207271575927734,0.007962226867675781
2518,0,0.5085641025641029,990,1000,4,1,2518.0,0,0,0,1,1,5.318061828613281,1.6636395454406738,0.7944717407226562,0.15571928024291992,0.0035207271575927734,0.007967710494995117
2519,0,0.5085641025641029,990,1000,1,1,2519.0,0,0,0,1,1,5.319918870925903,1.6647388935089111,0.7951757907867432,0.15571928024291992,0.0035207271575927734,0.00797128677368164
2520,0,0.5085641025641029,990,1000,1,1,2411.0,0,0,0,0,0,5.321242094039917,1.6660244464874268,0.7951774597167969,0.15571928024291992,0.0035207271575927734,0.007975578308105469
2521,0,0.5085641025641029,990,1000,1,1,2521.0,0,0,0,1,1,5.322949171066284,1.666968822479248,0.7958853244781494,0.15571928024291992,0.0035207271575927734,0.007979631423950195
2522,0,0.5085641025641029,990,1000,1,1,2522.0,0,0,0,1,1,5.325103521347046,1.668198823928833,0.7967479228973389,0.15571928024291992,0.0035207271575927734,0.007982969284057617
2523,0,0.5085641025641029,990,1000,1,1,2523.0,0,0,0,1,1,5.328188419342041,1.6702075004577637,0.7977259159088135,0.15571928024291992,0.0035207271575927734,0.007990360260009766
2524,0,0.5085641025641029,990,1000,2,1,2524.0,0,0,0,1,1,5.330461740493774,1.6716625690460205,0.7984716892242432,0.15571928024291992,0.0035207271575927734,0.007997512817382812
2525,0,0.5085641025641029,990,1000,1,1,2525.0,0,0,0,1,1,5.332492351531982,1.6729586124420166,0.7991433143615723,0.15571928024291992,0.0035207271575927734,0.008002519607543945
2526,0,0.5085641025641029,990,1000,1,1,2526.0,0,0,0,1,1,5.33460545539856,1.674314022064209,0.7998373508453369,0.15571928024291992,0.0035207271575927734,0.008007526397705078
2527,0,0.5085641025641029,990,1000,1,1,2527.0,0,0,0,1,1,5.336807012557983,1.6757001876831055,0.8005752563476562,0.15571928024291992,0.0035207271575927734,0.008012056350708008
2528,0,0.5085641025641029,990,1000,1,1,2528.0,0,0,0,1,1,5.338963747024536,1.6770892143249512,0.8012728691101074,0.15571928024291992,0.0035207271575927734,0.008018016815185547
2529,0,0.5085641025641029,991,1000,1,1,2529.0,0,0,0,1,0,5.341140985488892,1.67840576171875,0.8020615577697754,0.15571928024291992,0.0035207271575927734,0.008023738861083984
2530,0,0.5085641025641029,991,1000,4,1,2530.0,0,0,0,1,1,5.344476938247681,1.6804783344268799,0.8032176494598389,0.15571928024291992,0.0035207271575927734,0.008029937744140625
2531,0,0.5085641025641029,991,1000,1,1,2531.0,0,0,0,1,1,5.347393274307251,1.6822879314422607,0.8042325973510742,0.15571928024291992,0.0035207271575927734,0.008037805557250977
2532,0,0.5085641025641029,991,1000,1,1,2532.0,0,0,0,1,1,5.3498594760894775,1.6838185787200928,0.8050823211669922,0.15571928024291992,0.0035207271575927734,0.008045434951782227
2533,0,0.5085641025641029,991,1000,1,1,2533.0,0,0,0,1,1,5.3526036739349365,1.6856663227081299,0.8058786392211914,0.15571928024291992,0.0035207271575927734,0.00805354118347168
2534,0,0.5085641025641029,991,1000,2,1,2534.0,0,0,0,1,1,5.354781866073608,1.6870906352996826,0.8065621852874756,0.15571928024291992,0.0035207271575927734,0.008059263229370117
2535,0,0.5085641025641029,991,1000,1,1,2535.0,0,0,0,1,1,5.356752872467041,1.6883554458618164,0.8072011470794678,0.15571928024291992,0.0035207271575927734,0.008065223693847656
2536,0,0.5085641025641029,990,1000,1,1,2507.0,0,0,1,0,2,5.360914468765259,1.6898307800292969,0.8088247776031494,0.15659046173095703,0.0035562515258789062,0.008069515228271484
2537,0,0.5085641025641029,990,1000,1,1,2537.0,0,0,0,1,1,5.36332106590271,1.6914000511169434,0.809577226638794,0.15659046173095703,0.0035562515258789062,0.008077859878540039
2538,0,0.5085641025641029,990,1000,3,1,2538.0,0,0,0,1,1,5.365432977676392,1.6927316188812256,0.8102850914001465,0.15659046173095703,0.0035562515258789062,0.008083343505859375
2539,0,0.5085641025641029,990,1000,6,3,2473.6666666666665,0,0,1,0,2,5.372973442077637,1.694340705871582,0.8115193843841553,0.1610853672027588,0.0035810470581054688,0.00808858871459961
2540,0,0.5085641025641029,990,1000,1,1,2540.0,0,0,0,1,1,5.376543998718262,1.69582200050354,0.8134949207305908,0.1610853672027588,0.0035810470581054688,0.00809621810913086
2541,0,0.5085641025641029,990,1000,1,1,2541.0,0,0,0,1,1,5.379441738128662,1.6976282596588135,0.8144943714141846,0.1610853672027588,0.0035810470581054688,0.008107423782348633
2542,0,0.5085641025641029,990,1000,1,1,2542.0,0,0,0,1,1,5.381697654724121,1.69901442527771,0.8152890205383301,0.1610853672027588,0.0035810470581054688,0.008114099502563477
2543,0,0.5085641025641029,990,1000,1,1,2543.0,0,0,0,1,1,5.3839733600616455,1.7004685401916504,0.8160474300384521,0.1610853672027588,0.0035810470581054688,0.008120536804199219
2544,0,0.5085641025641029,990,1000,1,1,2544.0,0,0,0,1,1,5.386082887649536,1.7018795013427734,0.8166787624359131,0.1610853672027588,0.0035810470581054688,0.008127450942993164
2545,0,0.5085641025641029,990,1000,1,1,2545.0,0,0,0,1,1,5.387297868728638,1.702721357345581,0.8170101642608643,0.1610853672027588,0.0035810470581054688,0.008131742477416992
2546,0,0.5085641025641029,990,1000,1,1,2546.0,0,0,0,1,1,5.388203859329224,1.7032763957977295,0.8173365592956543,0.1610853672027588,0.0035810470581054688,0.0081329345703125
2547,0,0.5085641025641029,990,1000,1,1,2547.0,0,0,0,1,1,5.3891441822052,1.703843355178833,0.8176817893981934,0.1610853672027588,0.0035810470581054688,0.008134126663208008
2548,0,0.5085641025641029,990,1000,2,2,2085.0,0,0,2,0,2,5.390866279602051,1.704435110092163,0.8183622360229492,0.16142725944519043,0.00360107421875,0.008135318756103516
2549,0,0.5085641025641029,989,1000,3,3,2334.0,0,0,1,0,2,5.393993139266968,1.705354928970337,0.8195226192474365,0.16228008270263672,0.003627777099609375,0.00813746452331543
2550,0,0.5085641025641029,989,1000,1,1,2550.0,0,0,0,1,1,5.396085977554321,1.7066571712493896,0.8202276229858398,0.16228008270263672,0.003627777099609375,0.008144378662109375
2551,0,0.5085641025641029,989,1000,1,1,2551.0,0,0,0,1,1,5.398292541503906,1.7079613208770752,0.8210511207580566,0.16228008270263672,0.003627777099609375,0.00814962387084961
2552,0,0.5085641025641029,988,1000,5,2,1992.8,0,0,1,0,2,5.403212308883667,1.7090950012207031,0.8217875957489014,0.16518712043762207,0.0036466121673583984,0.008154630661010742
2553,0,0.5085641025641029,988,1000,1,1,2553.0,0,0,0,1,1,5.404283285140991,1.7097961902618408,0.8221237659454346,0.16518712043762207,0.0036466121673583984,0.008157014846801758
2554,0,0.5085641025641029,988,1000,2,1,2554.0,0,0,0,1,1,5.4051430225372314,1.7103102207183838,0.8224403858184814,0.16518712043762207,0.0036466121673583984,0.008158683776855469
2555,0,0.5085641025641029,988,1000,2,1,2555.0,0,0,0,1,1,5.40601921081543,1.7108407020568848,0.82275390625,0.16518712043762207,0.0036466121673583984,0.008160114288330078
2556,0,0.5085641025641029,988,1000,1,1,2556.0,0,0,0,1,1,5.406914472579956,1.711371898651123,0.8230910301208496,0.16518712043762207,0.0036466121673583984,0.008161544799804688
2557,0,0.5085641025641029,988,1000,1,1,2557.0,0,0,0,1,1,5.407745599746704,1.711871862411499,0.8233952522277832,0.16518712043762207,0.0036466121673583984,0.008162975311279297
2558,0,0.5085641025641029,988,1000,1,1,2484.0,0,0,2,0,2,5.410886287689209,1.7129592895507812,0.8245604038238525,0.1658937931060791,0.0036787986755371094,0.008164167404174805
2559,0,0.5085641025641029,988,1000,1,1,2559.0,0,0,0,1,1,5.412996053695679,1.7143733501434326,0.8251655101776123,0.1658937931060791,0.0036787986755371094,0.008170604705810547
2560,0,0.5085641025641029,988,1000,1,1,2560.0,0,0,0,1,1,5.414313077926636,1.7153043746948242,0.8255157470703125,0.1658937931060791,0.0036787986755371094,0.008175849914550781
2561,0,0.5085641025641029,988,1000,1,1,2561.0,0,0,0,1,1,5.415239095687866,1.71586275100708,0.8258552551269531,0.1658937931060791,0.0036787986755371094,0.008177042007446289
2562,0,0.5085641025641029,988,1000,1,1,2562.0,0,0,0,1,1,5.415988206863403,1.7162857055664062,0.8261570930480957,0.1658937931060791,0.0036787986755371094,0.0081787109375
2563,0,0.5085641025641029,988,1000,1,1,2563.0,0,0,0,1,1,5.416853427886963,1.7167983055114746,0.8264830112457275,0.1658937931060791,0.0036787986755371094,0.00818014144897461
2564,0,0.5085641025641029,987,1000,1,1,1809.0,0,0,1,0,2,5.418514251708984,1.7174110412597656,0.8271727561950684,0.16614317893981934,0.0036957263946533203,0.00818181037902832
2565,0,0.5085641025641029,986,1000,1,1,2508.0,0,0,1,0,2,5.423971891403198,1.7181100845336914,0.8278465270996094,0.17012691497802734,0.003707408905029297,0.008183956146240234
2566,0,0.5085641025641029,986,1000,5,1,2566.0,0,0,0,1,1,5.426117897033691,1.7187371253967285,0.8292934894561768,0.17012691497802734,0.003707408905029297,0.008185148239135742
2567,0,0.5085641025641029,986,1000,1,1,2567.0,0,0,0,1,1,5.428755044937134,1.7203898429870605,0.8301827907562256,0.17012691497802734,0.003707408905029297,0.008195877075195312
2568,0,0.5085641025641029,986,1000,1,1,2568.0,0,0,0,1,1,5.430570363998413,1.7215700149536133,0.8307607173919678,0.17012691497802734,0.003707408905029297,0.00820159912109375
2569,0,0.5085641025641029,985,1000,3,3,2371.2,0,0,1,0,2,5.43582010269165,1.722419023513794,0.8314692974090576,0.17368745803833008,0.0037267208099365234,0.008205890655517578
2570,0,0.5085641025641029,985,1000,1,1,2570.0,0,0,0,1,1,5.4368815422058105,1.7231419086456299,0.8317728042602539,0.17368745803833008,0.0037267208099365234,0.008208751678466797
2571,0,0.5085641025641029,985,1000,1,1,2571.0,0,0,0,1,1,5.4378674030303955,1.7237679958343506,0.8321065902709961,0.17368745803833008,0.0037267208099365234,0.008210182189941406
2572,0,0.5085641025641029,985,1000,5,2,2511.0,0,0,0,0,0,5.438457727432251,1.724334955215454,0.8321070671081543,0.17368745803833008,0.0037267208099365234,0.008211374282836914
2573,0,0.5085641025641029,985,1000,1,1,2573.0,0,0,0,1,1,5.439321041107178,1.7248544692993164,0.8324251174926758,0.17368745803833008,0.0037267208099365234,0.008212566375732422
2574,0,0.5085641025641029,985,1000,2,1,2574.0,0,0,0,1,1,5.440216064453125,1.7253832817077637,0.8327622413635254,0.17368745803833008,0.0037267208099365234,0.008213996887207031
2575,0,0.5085641025641029,985,1000,1,1,2575.0,0,0,0,1,1,5.441063404083252,1.7258813381195068,0.8330864906311035,0.17368745803833008,0.0037267208099365234,0.008215665817260742
2576,0,0.5085641025641029,985,1000,1,1,2576.0,0,0,0,1,1,5.443163156509399,1.726677656173706,0.834317684173584,0.17368745803833008,0.0037267208099365234,0.008217096328735352
2577,0,0.5085641025641029,985,1000,2,1,2577.0,0,0,0,1,1,5.445335149765015,1.7281091213226318,0.8349895477294922,0.17368745803833008,0.0037267208099365234,0.008224010467529297
2578,0,0.5085641025641029,985,1000,1,1,2578.0,0,0,0,1,1,5.447145462036133,1.7293672561645508,0.8354892730712891,0.17368745803833008,0.0037267208099365234,0.008228778839111328
2579,0,0.5085641025641029,985,1000,1,1,2579.0,0,0,0,1,1,5.448366165161133,1.7301881313323975,0.8358569145202637,0.17368745803833008,0.0037267208099365234,0.008231163024902344
2580,0,0.5085641025641029,985,1000,1,1,2580.0,0,0,0,1,1,5.449257135391235,1.730703353881836,0.8362011909484863,0.17368745803833008,0.0037267208099365234,0.008232593536376953
2581,0,0.5085641025641029,985,1000,1,1,2581.0,0,0,0,1,1,5.4501612186431885,1.7312695980072021,0.8365128040313721,0.17368745803833008,0.0037267208099365234,0.008233785629272461
2582,0,0.5085641025641029,985,1000,1,1,2582.0,0,0,0,1,1,5.451074123382568,1.7318401336669922,0.8368310928344727,0.17368745803833008,0.0037267208099365234,0.008234977722167969
2583,0,0.5085641025641029,985,1000,1,1,2583.0,0,0,0,1,1,5.4519524574279785,1.7323858737945557,0.8371400833129883,0.17368745803833008,0.0037267208099365234,0.008236169815063477
2584,0,0.5085641025641029,985,1000,2,2,2035.5,0,0,2,0,2,5.453685522079468,1.73287034034729,0.8378264904022217,0.1740868091583252,0.0037469863891601562,0.008237600326538086
2585,0,0.5085641025641029,985,1000,1,1,2585.0,0,0,0,1,1,5.454559564590454,1.7333807945251465,0.8381640911102295,0.1740868091583252,0.0037469863891601562,0.008239269256591797
2586,0,0.5085641025641029,985,1000,1,1,2586.0,0,0,0,1,1,5.455496788024902,1.733947992324829,0.8385059833526611,0.1740868091583252,0.0037469863891601562,0.008240699768066406
2587,0,0.5085641025641029,985,1000,1,1,2587.0,0,0,0,1,1,5.456396102905273,1.7344882488250732,0.8388378620147705,0.1740868091583252,0.0037469863891601562,0.008241891860961914
2588,0,0.5085641025641029,985,1000,6,2,1875.5,0,0,2,0,2,5.463594198226929,1.735090732574463,0.8399465084075928,0.1794126033782959,0.003756284713745117,0.008243560791015625
2589,0,0.5085641025641029,985,1000,7,1,2589.0,0,0,0,1,1,5.465571641921997,1.7366747856140137,0.8402559757232666,0.1794126033782959,0.003756284713745117,0.008249998092651367
2590,0,0.5085641025641029,985,1000,1,1,2590.0,0,0,0,1,1,5.466670513153076,1.73740553855896,0.8405940532684326,0.1794126033782959,0.003756284713745117,0.008252620697021484
2591,0,0.5085641025641029,986,1000,2,1,2565.0,0,0,2,0,1,5.472049951553345,1.7379472255706787,0.841259241104126,0.18347859382629395,0.003771543502807617,0.008254051208496094
2592,0,0.5085641025641029,986,1000,1,1,2539.0,0,0,2,0,2,5.47860312461853,1.7385377883911133,0.8424644470214844,0.18814849853515625,0.0037794113159179688,0.008255958557128906
2593,0,0.5085641025641029,986,1000,1,1,2593.0,0,0,0,1,1,5.480255603790283,1.7397148609161377,0.8428804874420166,0.18814849853515625,0.0037794113159179688,0.00826263427734375
2594,0,0.5085641025641029,986,1000,1,1,2594.0,0,0,0,1,1,5.481213331222534,1.7403323650360107,0.8431923389434814,0.18814849853515625,0.0037794113159179688,0.008265256881713867
2595,0,0.5085641025641029,986,1000,1,1,2595.0,0,0,0,1,1,5.4821178913116455,1.740898847579956,0.8435068130493164,0.18814849853515625,0.0037794113159179688,0.008266687393188477
2596,0,0.5085641025641029,985,1000,5,1,2507.0,0,0,1,0,2,5.483834266662598,1.7415153980255127,0.8441982269287109,0.1884477138519287,0.0037946701049804688,0.008268117904663086
2597,0,0.5085641025641029,985,1000,1,1,2597.0,0,0,0,1,1,5.484783887863159,1.7421002388000488,0.844527006149292,0.1884477138519287,0.0037946701049804688,0.008270025253295898
2598,0,0.5085641025641029,985,1000,2,1,2598.0,0,0,0,1,1,5.485766410827637,1.7427000999450684,0.8448774814605713,0.1884477138519287,0.0037946701049804688,0.00827169418334961
2599,0,0.5085641025641029,985,1000,1,1,2599.0,0,0,0,1,1,5.4865562915802,1.7431309223175049,0.8452119827270508,0.1884477138519287,0.0037946701049804688,0.008273124694824219
2600,0,0.5085641025641029,985,1000,1,1,2600.0,0,0,0,1,1,5.487559080123901,1.7437736988067627,0.8455440998077393,0.1884477138519287,0.0037946701049804688,0.008274316787719727
2601,0,0.5085641025641029,986,1000,1,1,2601.0,0,0,0,1,0,5.488423824310303,1.7443037033081055,0.8458545207977295,0.1884477138519287,0.0037946701049804688,0.008275985717773438
2602,0,0.5085641025641029,986,1000,1,1,2602.0,0,0,0,1,1,5.489811897277832,1.7448821067810059,0.846635103225708,0.1884477138519287,0.0037946701049804688,0.008277177810668945
2603,0,0.5085641025641029,986,1000,1,1,2603.0,0,0,0,1,1,5.491382598876953,1.7459590435028076,0.8470628261566162,0.1884477138519287,0.0037946701049804688,0.008281946182250977
2604,0,0.5085641025641029,987,1000,1,1,2604.0,0,0,0,1,0,5.493930339813232,1.7475922107696533,0.8478837013244629,0.1884477138519287,0.0037946701049804688,0.00828695297241211
2605,0,0.5085641025641029,987,1000,3,1,2605.0,0,0,0,1,1,5.495922088623047,1.748905897140503,0.8484914302825928,0.1884477138519287,0.0037946701049804688,0.008292913436889648
2606,0,0.5085641025641029,987,1000,1,1,2606.0,0,0,0,1,1,5.497617483139038,1.7501204013824463,0.8489279747009277,0.1884477138519287,0.0037946701049804688,0.008298397064208984
2607,0,0.5085641025641029,987,1000,1,1,2607.0,0,0,0,1,1,5.498656272888184,1.7508063316345215,0.8492527008056641,0.1884477138519287,0.0037946701049804688,0.00830078125
2608,0,0.5085641025641029,987,1000,1,1,2608.0,0,0,0,1,1,5.499499559402466,1.7512784004211426,0.8495974540710449,0.1884477138519287,0.0037946701049804688,0.008302688598632812
2609,0,0.5085641025641029,986,1000,7,5,2521.0,0,0,1,0,2,5.505190372467041,1.7519662380218506,0.8504154682159424,0.19250178337097168,0.003814220428466797,0.00830388069152832
2610,0,0.5085641025641029,986,1000,1,1,2610.0,0,0,0,1,1,5.506941795349121,1.7531068325042725,0.8509671688079834,0.19250178337097168,0.003814220428466797,0.008308172225952148
2611,0,0.5085641025641029,987,1000,6,6,2324.714285714286,0,0,2,0,1,5.513471364974976,1.7538859844207764,0.8520545959472656,0.19703221321105957,0.0038335323333740234,0.008310794830322266
2612,0,0.5085641025641029,987,1000,3,1,2612.0,0,0,0,1,1,5.515393972396851,1.755375623703003,0.8523945808410645,0.19703221321105957,0.0038335323333740234,0.00831747055053711
2613,0,0.5085641025641029,987,1000,1,1,2613.0,0,0,0,1,1,5.5163538455963135,1.7559525966644287,0.8527350425720215,0.19703221321105957,0.0038335323333740234,0.008319377899169922
2614,0,0.5085641025641029,987,1000,2,1,2289.0,0,0,2,0,2,5.518160820007324,1.756521463394165,0.8534162044525146,0.19744539260864258,0.0038497447967529297,0.008321046829223633
2615,0,0.5085641025641029,987,1000,1,1,2615.0,0,0,0,1,1,5.519064903259277,1.7570533752441406,0.8537619113922119,0.19744539260864258,0.0038497447967529297,0.008322954177856445
2616,0,0.5085641025641029,987,1000,1,1,2616.0,0,0,0,1,1,5.519886493682861,1.7575514316558838,0.8540573120117188,0.19744539260864258,0.0038497447967529297,0.008324146270751953
2617,0,0.5085641025641029,987,1000,5,4,2188.0,0,1,2,0,2,5.52754020690918,1.758516550064087,0.8552980422973633,0.2026233673095703,0.003874063491821289,0.008325815200805664
2618,0,0.5085641025641029,987,1000,1,1,2552.0,0,0,0,0,0,5.529077768325806,1.7600188255310059,0.8552987575531006,0.2026233673095703,0.003874063491821289,0.00833272933959961
2619,0,0.5085641025641029,987,1000,1,1,2619.0,0,0,0,1,1,5.530465841293335,1.760739803314209,0.8559169769287109,0.2026233673095703,0.003874063491821289,0.00833582878112793
2620,0,0.5085641025641029,987,1000,1,1,2620.0,0,0,0,1,1,5.531420469284058,1.7613251209259033,0.8562541007995605,0.2026233673095703,0.003874063491821289,0.008337974548339844
2621,0,0.5085641025641029,987,1000,1,1,2621.0,0,0,0,1,1,5.532360792160034,1.7619130611419678,0.8565804958343506,0.2026233673095703,0.003874063491821289,0.008339166641235352
2622,0,0.5085641025641029,987,1000,1,1,2622.0,0,0,0,1,1,5.53328013420105,1.7624459266662598,0.8569371700286865,0.2026233673095703,0.003874063491821289,0.00834035873413086
2623,0,0.5085641025641029,987,1000,1,1,2623.0,0,0,0,1,1,5.534195184707642,1.762974739074707,0.8572916984558105,0.2026233673095703,0.003874063491821289,0.008342266082763672
2624,0,0.5085641025641029,987,1000,1,1,2624.0,0,0,0,1,1,5.53507661819458,1.7634942531585693,0.8576273918151855,0.2026233673095703,0.003874063491821289,0.008343935012817383
2625,0,0.5085641025641029,987,1000,7,3,2110.0,0,0,0,0,0,5.536269187927246,1.7646031379699707,0.857628583908081,0.2026233673095703,0.003874063491821289,0.00834512710571289
2626,0,0.5085641025641029,987,1000,1,1,2626.0,0,0,0,1,1,5.538035869598389,1.7656989097595215,0.8582489490509033,0.2026233673095703,0.003874063491821289,0.008351325988769531
2627,0,0.5085641025641029,987,1000,3,3,2336.3333333333335,0,0,1,0,2,5.539705753326416,1.7662429809570312,0.8588972091674805,0.20296120643615723,0.003891468048095703,0.008353233337402344
2628,0,0.5085641025641029,987,1000,2,1,2628.0,0,0,0,1,1,5.540613651275635,1.7668240070343018,0.8591952323913574,0.20296120643615723,0.003891468048095703,0.008355140686035156
2629,0,0.5085641025641029,988,1000,1,1,2629.0,0,0,0,1,0,5.541564464569092,1.767310380935669,0.8596310615539551,0.20296120643615723,0.003891468048095703,0.008356332778930664
2630,0,0.5085641025641029,987,1000,1,1,2596.0,0,0,1,0,2,5.544735908508301,1.7688875198364258,0.860607385635376,0.2034471035003662,0.0039141178131103516,0.008359909057617188
2631,0,0.5085641025641029,987,1000,1,1,2631.0,0,0,0,1,1,5.546778678894043,1.77016019821167,0.8612868785858154,0.2034471035003662,0.0039141178131103516,0.008365392684936523
2632,0,0.5085641025641029,987,1000,7,5,2535.2,0,0,2,0,2,5.553154706954956,1.771237850189209,0.8623449802398682,0.2075352668762207,0.0039331912994384766,0.008369684219360352
2633,0,0.5085641025641029,987,1000,1,1,2633.0,0,0,0,1,1,5.554682731628418,1.7723791599273682,0.8626785278320312,0.2075352668762207,0.0039331912994384766,0.008375406265258789
2634,0,0.5085641025641029,987,1000,1,1,2634.0,0,0,0,1,1,5.555484771728516,1.7728044986724854,0.8630237579345703,0.2075352668762207,0.0039331912994384766,0.008376836776733398
2635,0,0.5085641025641029,987,1000,1,1,2635.0,0,0,0,1,1,5.556427001953125,1.773383378982544,0.8633630275726318,0.2075352668762207,0.0039331912994384766,0.008378028869628906
2636,0,0.5085641025641029,987,1000,1,1,2636.0,0,0,0,1,1,5.557339906692505,1.7739489078521729,0.8636837005615234,0.2075352668762207,0.0039331912994384766,0.008379459381103516
2637,0,0.5085641025641029,987,1000,4,1,2637.0,0,0,0,1,1,5.558274030685425,1.7745320796966553,0.8639969825744629,0.2075352668762207,0.0039331912994384766,0.008381128311157227
2638,0,0.5085641025641029,988,1000,4,3,2521.0,0,0,2,0,1,5.561536073684692,1.7758102416992188,0.865105390548706,0.20815634727478027,0.003966569900512695,0.008382558822631836
2639,0,0.5085641025641029,988,1000,1,1,2639.0,0,0,0,1,1,5.563307285308838,1.7770774364471436,0.865546703338623,0.20815634727478027,0.003966569900512695,0.008388280868530273
2640,0,0.5085641025641029,988,1000,2,1,2640.0,0,0,0,1,1,5.5645692348480225,1.777930498123169,0.865917444229126,0.20815634727478027,0.003966569900512695,0.008391618728637695
2641,0,0.5085641025641029,988,1000,1,1,2641.0,0,0,0,1,1,5.565439462661743,1.77846360206604,0.8662230968475342,0.20815634727478027,0.003966569900512695,0.00839376449584961
2642,0,0.5085641025641029,988,1000,1,1,2642.0,0,0,0,1,1,5.5663158893585205,1.7789742946624756,0.8665652275085449,0.20815634727478027,0.003966569900512695,0.008395195007324219
2643,0,0.5085641025641029,989,1000,1,1,2643.0,0,0,0,1,0,5.567237138748169,1.7795560359954834,0.866879940032959,0.20815634727478027,0.003966569900512695,0.008396387100219727
2644,0,0.5085641025641029,989,1000,1,1,2644.0,0,0,0,1,1,5.569269895553589,1.7808668613433838,0.8675055503845215,0.20815634727478027,0.003966569900512695,0.008397579193115234
2645,0,0.5085641025641029,989,1000,2,1,2645.0,0,0,0,1,1,5.572492361068726,1.7831463813781738,0.8683350086212158,0.20815634727478027,0.003966569900512695,0.008402585983276367
2646,0,0.5085641025641029,989,1000,1,1,2646.0,0,0,0,1,1,5.574373483657837,1.7843859195709229,0.8689181804656982,0.20815634727478027,0.003966569900512695,0.00840902328491211
2647,0,0.5085641025641029,988,1000,1,1,2048.0,0,0,1,0,2,5.578223466873169,1.7862348556518555,0.870168924331665,0.2086961269378662,0.00399470329284668,0.00841379165649414
2648,0,0.5085641025641029,988,1000,2,2,1959.5,0,1,2,0,2,5.581241607666016,1.7876334190368652,0.8711044788360596,0.20914077758789062,0.004017829895019531,0.008421659469604492
2649,0,0.5085641025641029,988,1000,1,1,2649.0,0,0,0,1,1,5.583332777023315,1.7889187335968018,0.8718364238739014,0.20914077758789062,0.004017829895019531,0.008425235748291016
2650,0,0.5085641025641029,988,1000,4,4,2336.75,0,0,2,0,2,5.586085081100464,1.790269136428833,0.8727385997772217,0.2095012664794922,0.004040718078613281,0.008429527282714844
2651,0,0.5085641025641029,988,1000,4,3,2263.3333333333335,0,1,2,0,2,5.592666387557983,1.7911300659179688,0.8741915225982666,0.2135937213897705,0.004049777984619141,0.008432865142822266
2652,0,0.5085641025641029,988,1000,1,1,2652.0,0,0,0,1,1,5.594839096069336,1.7925426959991455,0.8748767375946045,0.2135937213897705,0.004049777984619141,0.008442163467407227
2653,0,0.5085641025641029,987,1000,1,1,893.0,0,0,1,0,2,5.597511529922485,1.7938597202301025,0.8758094310760498,0.21386122703552246,0.004072904586791992,0.008446216583251953
2654,0,0.5085641025641029,987,1000,1,1,2654.0,0,0,0,1,1,5.598804712295532,1.7947616577148438,0.8761584758758545,0.21386122703552246,0.004072904586791992,0.00845026969909668
2655,0,0.5085641025641029,987,1000,2,1,2565.0,0,0,2,0,2,5.604693412780762,1.7955646514892578,0.8770556449890137,0.21791815757751465,0.004089832305908203,0.008452177047729492
2656,0,0.5085641025641029,987,1000,1,1,2656.0,0,0,0,1,1,5.606191396713257,1.796645164489746,0.8774230480194092,0.21791815757751465,0.004089832305908203,0.008455991744995117
2657,0,0.5085641025641029,987,1000,2,1,2508.0,0,0,2,0,2,5.61253547668457,1.797205924987793,0.878603458404541,0.2224140167236328,0.004103183746337891,0.008458137512207031
2658,0,0.5085641025641029,987,1000,1,1,2658.0,0,0,0,1,1,5.614028453826904,1.7983126640319824,0.8789396286010742,0.2224140167236328,0.004103183746337891,0.008463621139526367
2659,0,0.5085641025641029,987,1000,1,1,2659.0,0,0,0,1,1,5.61532735824585,1.7990071773529053,0.8794903755187988,0.2224140167236328,0.004103183746337891,0.008465290069580078
2660,0,0.5085641025641029,987,1000,1,1,2660.0,0,0,0,1,1,5.616671085357666,1.7999598979949951,0.879838228225708,0.2224140167236328,0.004103183746337891,0.008469581604003906
2661,0,0.5085641025641029,988,1000,2,1,2661.0,0,0,0,1,0,5.617645740509033,1.8005702495574951,0.8801696300506592,0.2224140167236328,0.004103183746337891,0.008471250534057617
2662,0,0.5085641025641029,988,1000,1,1,2662.0,0,0,0,1,1,5.618611097335815,1.801175594329834,0.8805019855499268,0.2224140167236328,0.004103183746337891,0.008472681045532227
2663,0,0.5085641025641029,987,1000,3,3,2316.5,0,0,1,0,2,5.62040638923645,1.8017852306365967,0.8811476230621338,0.2228386402130127,0.0041217803955078125,0.008473873138427734
2664,0,0.5085641025641029,987,1000,1,1,2664.0,0,0,0,1,1,5.621309757232666,1.8023548126220703,0.8814535140991211,0.2228386402130127,0.0041217803955078125,0.008475780487060547
2665,0,0.5085641025641029,987,1000,1,1,2665.0,0,0,0,1,1,5.62224817276001,1.8029186725616455,0.8818008899688721,0.2228386402130127,0.0041217803955078125,0.008476972579956055
2666,0,0.5085641025641029,987,1000,1,1,2666.0,0,0,0,1,1,5.62315034866333,1.803478717803955,0.8821172714233398,0.2228386402130127,0.0041217803955078125,0.008478403091430664
2667,0,0.5085641025641029,987,1000,1,1,2667.0,0,0,0,1,1,5.623991966247559,1.803936243057251,0.8824737071990967,0.2228386402130127,0.0041217803955078125,0.008479595184326172
2668,0,0.5085641025641029,987,1000,3,1,2668.0,0,0,0,1,1,5.626210927963257,1.8046331405639648,0.883880615234375,0.2228386402130127,0.0041217803955078125,0.008481025695800781
2669,0,0.5085641025641029,987,1000,2,1,2508.0,0,0,0,0,0,5.627881765365601,1.8062491416931152,0.8838820457458496,0.2228386402130127,0.0041217803955078125,0.008493661880493164
2670,0,0.5085641025641029,987,1000,1,1,2670.0,0,0,0,1,1,5.6297619342803955,1.8073694705963135,0.8845770359039307,0.2228386402130127,0.0041217803955078125,0.008500337600708008
2671,0,0.5085641025641029,987,1000,5,1,2671.0,0,0,0,1,1,5.631416082382202,1.8084189891815186,0.8851251602172852,0.2228386402130127,0.0041217803955078125,0.008504629135131836
2672,0,0.5085641025641029,987,1000,1,1,2672.0,0,0,0,1,1,5.632380962371826,1.8090236186981201,0.8854508399963379,0.2228386402130127,0.0041217803955078125,0.008507728576660156
2673,0,0.5085641025641029,987,1000,1,1,2673.0,0,0,0,1,1,5.633366823196411,1.8096725940704346,0.8857626914978027,0.2228386402130127,0.0041217803955078125,0.008508920669555664
2674,0,0.5085641025641029,987,1000,1,1,2674.0,0,0,0,1,1,5.634281873703003,1.8102331161499023,0.8860902786254883,0.2228386402130127,0.0041217803955078125,0.008510351181030273
2675,0,0.5085641025641029,987,1000,1,1,2675.0,0,0,0,1,1,5.635248899459839,1.8107836246490479,0.8864800930023193,0.2228386402130127,0.0041217803955078125,0.008511543273925781
2676,0,0.5085641025641029,987,1000,2,1,2676.0,0,0,0,1,1,5.636226654052734,1.8113741874694824,0.8868393898010254,0.2228386402130127,0.0041217803955078125,0.008513212203979492
2677,0,0.5085641025641029,987,1000,1,1,2677.0,0,0,0,1,1,5.637164831161499,1.811969518661499,0.8871510028839111,0.2228386402130127,0.0041217803955078125,0.008514642715454102
2678,0,0.5085641025641029,987,1000,1,1,2678.0,0,0,0,1,1,5.638009071350098,1.8124792575836182,0.8874614238739014,0.2228386402130127,0.0041217803955078125,0.00851583480834961
2679,0,0.5085641025641029,987,1000,7,3,1738.0,0,0,2,0,2,5.639690637588501,1.8130247592926025,0.8880975246429443,0.2232069969177246,0.00413966178894043,0.008517265319824219
2680,0,0.5085641025641029,988,1000,12,10,2394.909090909091,0,0,1,0,1,5.646776914596558,1.8136718273162842,0.8896162509918213,0.2279505729675293,0.004151582717895508,0.00851893424987793
2681,0,0.5085641025641029,988,1000,3,1,2681.0,0,0,0,1,1,5.6488893032073975,1.815007209777832,0.8903114795684814,0.2279505729675293,0.004151582717895508,0.008525609970092773
2682,0,0.5085641025641029,987,1000,7,6,2558.5,0,0,1,0,2,5.655383586883545,1.8163518905639648,0.8912613391876221,0.23198938369750977,0.004174470901489258,0.008530855178833008
2683,0,0.5085641025641029,987,1000,2,1,2683.0,0,0,0,1,1,5.656602144241333,1.8171825408935547,0.8916118144989014,0.23198938369750977,0.004174470901489258,0.008533954620361328
2684,0,0.5085641025641029,986,1000,4,4,2349.4,0,0,2,0,2,5.65880274772644,1.8178560733795166,0.8928143978118896,0.23221588134765625,0.004187107086181641,0.008535385131835938
2685,0,0.5085641025641029,986,1000,4,1,2508.0,0,0,0,0,0,5.6608171463012695,1.8197548389434814,0.8928160667419434,0.23221588134765625,0.004187107086181641,0.008591175079345703
2686,0,0.5085641025641029,986,1000,1,1,2686.0,0,0,0,1,1,5.6632959842681885,1.8214550018310547,0.8935248851776123,0.23221588134765625,0.004187107086181641,0.008597850799560547
2687,0,0.5085641025641029,986,1000,3,3,2405.0,0,0,2,0,2,5.669332504272461,1.822464942932129,0.8942873477935791,0.23630571365356445,0.0042040348052978516,0.008603096008300781
2688,0,0.5085641025641029,986,1000,1,1,2688.0,0,0,0,1,1,5.670552730560303,1.8232970237731934,0.894629716873169,0.23630571365356445,0.0042040348052978516,0.008606433868408203
2689,0,0.5085641025641029,986,1000,1,1,2689.0,0,0,0,1,1,5.671482086181641,1.8238637447357178,0.8949694633483887,0.23630571365356445,0.0042040348052978516,0.008607625961303711
2690,0,0.5085641025641029,986,1000,1,1,716.0,0,0,2,0,2,5.673210382461548,1.8243963718414307,0.8956646919250488,0.2366929054260254,0.004216670989990234,0.008609294891357422
2691,0,0.5085641025641029,986,1000,3,1,2691.0,0,0,0,1,1,5.674270391464233,1.8250772953033447,0.8960044384002686,0.2366929054260254,0.004216670989990234,0.008610963821411133
2692,0,0.5085641025641029,986,1000,1,1,2692.0,0,0,0,1,1,5.676928281784058,1.8259570598602295,0.897711992263794,0.2366929054260254,0.004216670989990234,0.008612394332885742
2693,0,0.5085641025641029,986,1000,1,1,2693.0,0,0,0,1,1,5.679245233535767,1.82743239402771,0.898465633392334,0.2366929054260254,0.004216670989990234,0.008622169494628906
2694,0,0.5085641025641029,986,1000,1,1,2694.0,0,0,0,1,1,5.6813366413116455,1.8287911415100098,0.8991425037384033,0.2366929054260254,0.004216670989990234,0.008626937866210938
2695,0,0.5085641025641029,986,1000,1,1,2695.0,0,0,0,1,1,5.682474374771118,1.829585313796997,0.8994510173797607,0.2366929054260254,0.004216670989990234,0.00863027572631836
2696,0,0.5085641025641029,986,1000,1,1,2696.0,0,0,0,1,1,5.683341026306152,1.8301072120666504,0.8997712135314941,0.2366929054260254,0.004216670989990234,0.008631467819213867
2697,0,0.5085641025641029,986,1000,1,1,2697.0,0,0,0,1,1,5.684239149093628,1.830641269683838,0.9001107215881348,0.2366929054260254,0.004216670989990234,0.00863337516784668
2698,0,0.5085641025641029,986,1000,1,1,2698.0,0,0,0,1,1,5.685150384902954,1.83121919631958,0.9004228115081787,0.2366929054260254,0.004216670989990234,0.008634567260742188
2699,0,0.5085641025641029,986,1000,6,2,2193.6666666666665,0,0,0,0,0,5.685725688934326,1.8317711353302002,0.9004230499267578,0.2366929054260254,0.004216670989990234,0.008635997772216797
2700,0,0.5085641025641029,986,1000,1,1,2700.0,0,0,0,1,1,5.686650514602661,1.8323099613189697,0.9007778167724609,0.2366929054260254,0.004216670989990234,0.008637428283691406
2701,0,0.5085641025641029,986,1000,4,3,2635.2,0,1,1,0,2,5.69014048576355,1.832798719406128,0.9014396667480469,0.23888158798217773,0.00423431396484375,0.008638620376586914
2702,0,0.5085641025641029,986,1000,2,2,2350.3333333333335,0,0,0,0,0,5.690743923187256,1.8333852291107178,0.9014401435852051,0.23888158798217773,0.00423431396484375,0.008640289306640625
2703,0,0.5085641025641029,986,1000,1,1,2703.0,0,0,0,1,1,5.692010402679443,1.8339250087738037,0.9021239280700684,0.23888158798217773,0.00423431396484375,0.008641481399536133
2704,0,0.5085641025641029,986,1000,1,1,2704.0,0,0,0,1,1,5.694736003875732,1.8356945514678955,0.9029791355133057,0.23888158798217773,0.00423431396484375,0.00864863395690918
2705,0,0.5085641025641029,986,1000,1,1,2705.0,0,0,0,1,1,5.6971657276153564,1.837137222290039,0.9038701057434082,0.23888158798217773,0.00423431396484375,0.008653879165649414
2706,0,0.5085641025641029,985,1000,2,1,2588.0,0,0,1,0,2,5.703690767288208,1.8386402130126953,0.904862642288208,0.24275803565979004,0.004254817962646484,0.008658647537231445
2707,0,0.5085641025641029,985,1000,4,1,2707.0,0,0,0,1,1,5.705066204071045,1.8396596908569336,0.9051775932312012,0.24275803565979004,0.004254817962646484,0.008662223815917969
2708,0,0.5085641025641029,985,1000,2,1,2655.0,0,0,2,0,2,5.711151599884033,1.8401811122894287,0.9063870906829834,0.2470097541809082,0.004263639450073242,0.008663654327392578
2709,0,0.5085641025641029,986,1000,3,2,2374.0,0,0,2,0,1,5.717608690261841,1.8414764404296875,0.9073455333709717,0.25106024742126465,0.0042841434478759766,0.008669614791870117
2710,0,0.5085641025641029,986,1000,1,1,2710.0,0,0,0,1,1,5.7193427085876465,1.8428497314453125,0.907660722732544,0.25106024742126465,0.0042841434478759766,0.008673667907714844
2711,0,0.5085641025641029,986,1000,3,2,2085.0,0,0,2,0,2,5.720987319946289,1.8434109687805176,0.9082984924316406,0.2514216899871826,0.004296779632568359,0.008675098419189453
2712,0,0.5085641025641029,986,1000,1,1,2712.0,0,0,0,1,1,5.721931219100952,1.8439829349517822,0.9086418151855469,0.2514216899871826,0.004296779632568359,0.008676767349243164
2713,0,0.5085641025641029,986,1000,1,1,2713.0,0,0,0,1,1,5.722813367843628,1.8444945812225342,0.908989429473877,0.2514216899871826,0.004296779632568359,0.008678197860717773
2714,0,0.5085641025641029,986,1000,1,1,2714.0,0,0,0,1,1,5.724510908126831,1.845120906829834,0.910024881362915,0.2514216899871826,0.004296779632568359,0.008679866790771484
2715,0,0.5085641025641029,985,1000,2,2,2392.6666666666665,0,0,1,0,2,5.7283103466033936,1.847165584564209,0.911109447479248,0.25191211700439453,0.004324674606323242,0.008686542510986328
2716,0,0.5085641025641029,985,1000,1,1,2716.0,0,0,0,1,1,5.7299323081970215,1.8483467102050781,0.9114878177642822,0.25191211700439453,0.004324674606323242,0.008693695068359375
2717,0,0.5085641025641029,985,1000,1,1,2717.0,0,0,0,1,1,5.7309815883636475,1.8490164279937744,0.9118406772613525,0.25191211700439453,0.004324674606323242,0.008696317672729492
2718,0,0.5085641025641029,985,1000,1,1,2718.0,0,0,0,1,1,5.73195481300354,1.8496460914611816,0.9121544361114502,0.25191211700439453,0.004324674606323242,0.008697986602783203
2719,0,0.5085641025641029,985,1000,1,1,2719.0,0,0,0,1,1,5.732800245285034,1.8501412868499756,0.912480354309082,0.25191211700439453,0.004324674606323242,0.008699178695678711
2720,0,0.5085641025641029,985,1000,2,1,2484.0,0,0,0,0,0,5.733393430709839,1.850722074508667,0.9124805927276611,0.25191211700439453,0.004324674606323242,0.008700847625732422
2721,0,0.5085641025641029,984,1000,2,1,2680.0,0,0,1,0,2,5.7387375831604,1.8512742519378662,0.9132034778594971,0.2558865547180176,0.004340648651123047,0.00870203971862793
2722,0,0.5085641025641029,984,1000,1,1,2722.0,0,0,0,1,1,5.741846323013306,1.8526265621185303,0.9148721694946289,0.2558865547180176,0.004340648651123047,0.00870370864868164
2723,0,0.5085641025641029,984,1000,1,1,2723.0,0,0,0,1,1,5.7449424266815186,1.8548343181610107,0.9156637191772461,0.2558865547180176,0.004340648651123047,0.008716821670532227
2724,0,0.5085641025641029,984,1000,1,1,2724.0,0,0,0,1,1,5.747110843658447,1.856250286102295,0.9163482189178467,0.2558865547180176,0.004340648651123047,0.008723020553588867
2725,0,0.5085641025641029,984,1000,4,1,2080.0,0,0,2,0,2,5.749203443527222,1.8572211265563965,0.9169778823852539,0.2562408447265625,0.004357099533081055,0.008727788925170898
2726,0,0.5085641025641029,984,1000,1,1,2726.0,0,0,0,1,1,5.750129222869873,1.857762336730957,0.9173331260681152,0.2562408447265625,0.004357099533081055,0.008729696273803711
2727,0,0.5085641025641029,984,1000,1,1,2727.0,0,0,0,1,1,5.751075506210327,1.8583219051361084,0.9176943302154541,0.2562408447265625,0.004357099533081055,0.00873112678527832
2728,0,0.5085641025641029,983,1000,3,1,2617.0,0,0,1,0,2,5.757159948348999,1.858896017074585,0.9187626838684082,0.26058077812194824,0.004366397857666016,0.00873255729675293
2729,0,0.5085641025641029,983,1000,1,1,2729.0,0,0,0,1,1,5.759947299957275,1.8603863716125488,0.9199724197387695,0.26058077812194824,0.004366397857666016,0.008737564086914062
2730,0,0.5085641025641029,983,1000,1,1,2632.0,0,0,2,0,2,5.76713490486145,1.8620522022247314,0.9210109710693359,0.2647438049316406,0.0043849945068359375,0.008745193481445312
2731,0,0.5085641025641029,983,1000,3,1,2731.0,0,0,0,1,1,5.768868923187256,1.8633172512054443,0.9213318824768066,0.2647438049316406,0.0043849945068359375,0.00883340835571289
2732,0,0.5085641025641029,983,1000,1,1,2732.0,0,0,0,1,1,5.769723415374756,1.8638055324554443,0.9216709136962891,0.2647438049316406,0.0043849945068359375,0.008835077285766602
2733,0,0.5085641025641029,983,1000,1,1,2680.0,0,0,0,0,0,5.770333290100098,1.8643958568572998,0.9216713905334473,0.2647438049316406,0.0043849945068359375,0.00883626937866211
2734,0,0.5085641025641029,983,1000,1,1,2484.0,0,0,0,0,0,5.771015405654907,1.8650643825531006,0.9216723442077637,0.2647438049316406,0.0043849945068359375,0.008838653564453125
2735,0,0.5085641025641029,983,1000,1,1,2735.0,0,0,0,1,1,5.772336721420288,1.8657054901123047,0.9223036766052246,0.2647438049316406,0.0043849945068359375,0.008840322494506836
2736,0,0.5085641025641029,983,1000,1,1,2736.0,0,0,0,1,1,5.773315668106079,1.8662991523742676,0.9226610660552979,0.2647438049316406,0.0043849945068359375,0.008841753005981445
2737,0,0.5085641025641029,985,1000,1,1,2107.0,0,0,2,0,0,5.775610685348511,1.8668646812438965,0.9236693382263184,0.2653346061706543,0.004400968551635742,0.008843183517456055
2738,0,0.5085641025641029,985,1000,2,1,2738.0,0,0,0,1,1,5.77847695350647,1.8687078952789307,0.9246044158935547,0.2653346061706543,0.004400968551635742,0.008851766586303711
2739,0,0.5085641025641029,985,1000,2,1,2680.0,0,0,0,0,0,5.7800984382629395,1.8702890872955322,0.9246056079864502,0.2653346061706543,0.004400968551635742,0.008859872817993164
2740,0,0.5085641025641029,985,1000,1,1,887.0,0,0,0,0,0,5.780919313430786,1.8709847927093506,0.9246060848236084,0.2653346061706543,0.004418611526489258,0.008862733840942383
2741,0,0.5085641025641029,985,1000,1,1,2741.0,0,0,0,1,1,5.782174348831177,1.871577501296997,0.9252336025238037,0.2653346061706543,0.004418611526489258,0.00886392593383789
2742,0,0.5085641025641029,985,1000,1,1,2742.0,0,0,0,1,1,5.783170461654663,1.872187614440918,0.9255881309509277,0.2653346061706543,0.004418611526489258,0.008865118026733398
2743,0,0.5085641025641029,985,1000,1,1,2743.0,0,0,0,1,1,5.7841033935546875,1.8727295398712158,0.9259512424468994,0.2653346061706543,0.004418611526489258,0.008866548538208008
2744,0,0.5085641025641029,985,1000,1,1,2744.0,0,0,0,1,1,5.785382032394409,1.8734126091003418,0.9265005588531494,0.2653346061706543,0.004418611526489258,0.00886845588684082
2745,0,0.5085641025641029,985,1000,1,1,2745.0,0,0,0,1,1,5.788222551345825,1.8750500679016113,0.9276080131530762,0.2653346061706543,0.004418611526489258,0.008872509002685547
2746,0,0.5085641025641029,985,1000,1,1,2746.0,0,0,0,1,1,5.7902607917785645,1.8764240741729736,0.9282081127166748,0.2653346061706543,0.004418611526489258,0.008881092071533203
2747,0,0.5085641025641029,985,1000,3,2,1833.5,0,1,2,0,2,5.793454647064209,1.877321481704712,0.9298117160797119,0.2658212184906006,0.004439353942871094,0.008884906768798828
2748,0,0.5085641025641029,985,1000,1,1,2748.0,0,0,0,1,1,5.795432090759277,1.8786242008209229,0.930426836013794,0.2658212184906006,0.004439353942871094,0.008892059326171875
2749,0,0.5085641025641029,985,1000,1,1,2749.0,0,0,0,1,1,5.79717230796814,1.8798761367797852,0.9308643341064453,0.2658212184906006,0.004439353942871094,0.008898019790649414
2750,0,0.5085641025641029,985,1000,2,1,2750.0,0,0,0,1,1,5.798276662826538,1.8806054592132568,0.9311990737915039,0.2658212184906006,0.004439353942871094,0.008901119232177734
2751,0,0.5085641025641029,985,1000,1,1,2751.0,0,0,0,1,1,5.799289703369141,1.8812437057495117,0.9315457344055176,0.2658212184906006,0.004439353942871094,0.008903264999389648
2752,0,0.5085641025641029,985,1000,1,1,2752.0,0,0,0,1,1,5.8001532554626465,1.8817510604858398,0.9318757057189941,0.2658212184906006,0.004439353942871094,0.008904457092285156
2753,0,0.5085641025641029,985,1000,1,1,2753.0,0,0,0,1,1,5.802034616470337,1.8826441764831543,0.9327826499938965,0.2658212184906006,0.004439353942871094,0.008906126022338867
2754,0,0.5085641025641029,984,1000,2,2,2124.5,0,0,1,0,2,5.804715633392334,1.883937120437622,0.9336962699890137,0.26612424850463867,0.00446319580078125,0.008914470672607422
2755,0,0.5085641025641029,984,1000,1,1,2755.0,0,0,0,1,1,5.805929183959961,1.8847534656524658,0.9340553283691406,0.26612424850463867,0.00446319580078125,0.00891733169555664
2756,0,0.5085641025641029,984,1000,1,1,182.0,0,0,2,0,2,5.807596683502197,1.885329008102417,0.9346964359283447,0.26647353172302246,0.004472255706787109,0.008919239044189453
2757,0,0.5085641025641029,984,1000,3,1,2757.0,0,0,0,1,1,5.810154676437378,1.8865067958831787,0.935929536819458,0.26647353172302246,0.004472255706787109,0.008920907974243164
2758,0,0.5085641025641029,984,1000,1,1,2758.0,0,0,0,1,1,5.812163829803467,1.8878414630889893,0.9365339279174805,0.26647353172302246,0.004472255706787109,0.00892782211303711
2759,0,0.5085641025641029,984,1000,1,1,2759.0,0,0,0,1,1,5.813318967819214,1.8885900974273682,0.9369029998779297,0.26647353172302246,0.004472255706787109,0.008931398391723633
2760,0,0.5085641025641029,983,1000,2,1,2655.0,0,0,1,0,2,5.8198370933532715,1.8892567157745361,0.9380066394805908,0.2711024284362793,0.004488229751586914,0.008933305740356445
2761,0,0.5085641025641029,983,1000,1,1,2761.0,0,0,0,1,1,5.821362495422363,1.8904013633728027,0.9383296966552734,0.2711024284362793,0.004488229751586914,0.008938312530517578
2762,0,0.5085641025641029,983,1000,1,1,2762.0,0,0,0,1,1,5.822350740432739,1.8910152912139893,0.9386742115020752,0.2711024284362793,0.004488229751586914,0.008939981460571289
2763,0,0.5085641025641029,983,1000,1,1,2763.0,0,0,0,1,1,5.8231611251831055,1.8914923667907715,0.9389779567718506,0.2711024284362793,0.004488229751586914,0.008941173553466797
2764,0,0.5085641025641029,983,1000,1,1,2764.0,0,0,0,1,1,5.824105501174927,1.8920636177062988,0.9393281936645508,0.2711024284362793,0.004488229751586914,0.008942365646362305
2765,0,0.5085641025641029,983,1000,1,1,2765.0,0,0,0,1,1,5.825501203536987,1.89274263381958,0.940000057220459,0.2711024284362793,0.004488229751586914,0.008943557739257812
2766,0,0.5085641025641029,983,1000,1,1,2766.0,0,0,0,1,1,5.828154802322388,1.8945398330688477,0.9407646656036377,0.2711024284362793,0.004488229751586914,0.008950233459472656
2767,0,0.5085641025641029,983,1000,4,1,2767.0,0,0,0,1,1,5.8302459716796875,1.8960020542144775,0.9413290023803711,0.2711024284362793,0.004488229751586914,0.008957862854003906
2768,0,0.5085641025641029,983,1000,1,1,2020.0,0,0,1,0,1,5.831991195678711,1.896697998046875,0.9420030117034912,0.271350622177124,0.004505157470703125,0.008960485458374023
2769,0,0.5085641025641029,983,1000,1,1,2769.0,0,0,0,1,1,5.8332531452178955,1.8975133895874023,0.9424021244049072,0.271350622177124,0.004505157470703125,0.008962392807006836
2770,0,0.5085641025641029,983,1000,3,1,2770.0,0,0,0,1,1,5.834416389465332,1.8982722759246826,0.9427621364593506,0.271350622177124,0.004505157470703125,0.00896453857421875
2771,0,0.5085641025641029,983,1000,1,1,2771.0,0,0,0,1,1,5.835392475128174,1.8988656997680664,0.9431109428405762,0.271350622177124,0.004505157470703125,0.008966207504272461
2772,0,0.5085641025641029,983,1000,1,1,2772.0,0,0,0,1,1,5.836296319961548,1.8994007110595703,0.9434523582458496,0.271350622177124,0.004505157470703125,0.008967876434326172
2773,0,0.5085641025641029,983,1000,5,1,2773.0,0,0,0,1,1,5.837280511856079,1.9000189304351807,0.9437754154205322,0.271350622177124,0.004505157470703125,0.008969306945800781
2774,0,0.5085641025641029,983,1000,3,1,2774.0,0,0,0,1,1,5.838166236877441,1.900566816329956,0.9440805912017822,0.271350622177124,0.004505157470703125,0.008970975875854492
2775,0,0.5085641025641029,983,1000,4,1,2775.0,0,0,0,1,1,5.83910059928894,1.9011540412902832,0.9443991184234619,0.271350622177124,0.004505157470703125,0.008972406387329102
2776,0,0.5085641025641029,983,1000,1,1,988.0,0,0,2,0,2,5.8440046310424805,1.9016451835632324,0.9460523128509521,0.273972749710083,0.004520893096923828,0.008973836898803711
2777,0,0.5085641025641029,983,1000,1,1,2655.0,0,0,0,0,0,5.845625877380371,1.9032244682312012,0.9460539817810059,0.273972749710083,0.004520893096923828,0.008981704711914062
2778,0,0.5085641025641029,983,1000,1,1,2778.0,0,0,0,1,1,5.847309112548828,1.9041814804077148,0.9467277526855469,0.273972749710083,0.004520893096923828,0.008989334106445312
2779,0,0.5085641025641029,983,1000,1,1,2779.0,0,0,0,1,1,5.8489274978637695,1.9051427841186523,0.9473321437835693,0.273972749710083,0.004520893096923828,0.00899195671081543
2780,0,0.5085641025641029,983,1000,1,1,2780.0,0,0,0,1,1,5.849930763244629,1.9057567119598389,0.9476876258850098,0.273972749710083,0.004520893096923828,0.008996248245239258
2781,0,0.5085641025641029,983,1000,1,1,2781.0,0,0,0,1,1,5.850944757461548,1.9064056873321533,0.9480254650115967,0.273972749710083,0.004520893096923828,0.008997917175292969
2782,0,0.5085641025641029,983,1000,1,1,2782.0,0,0,0,1,1,5.851880311965942,1.9069757461547852,0.9483625888824463,0.273972749710083,0.004520893096923828,0.00899958610534668
2783,0,0.5085641025641029,983,1000,1,1,2783.0,0,0,0,1,1,5.852790355682373,1.907531976699829,0.9486920833587646,0.273972749710083,0.004520893096923828,0.009000778198242188
2784,0,0.5085641025641029,983,1000,1,1,2784.0,0,0,0,1,1,5.853757619857788,1.9081342220306396,0.9490313529968262,0.273972749710083,0.004520893096923828,0.009002447128295898
2785,0,0.5085641025641029,983,1000,1,1,2785.0,0,0,0,1,1,5.854586124420166,1.9086229801177979,0.9493417739868164,0.273972749710083,0.004520893096923828,0.00900411605834961
2786,0,0.5085641025641029,983,1000,1,1,2786.0,0,0,0,1,1,5.855523347854614,1.909205675125122,0.9496736526489258,0.273972749710083,0.004520893096923828,0.009005308151245117
2787,0,0.5085641025641029,983,1000,2,1,2680.0,0,0,2,0,2,5.8617212772369385,1.909764051437378,0.9508752822875977,0.2783055305480957,0.004536628723144531,0.009006977081298828
2788,0,0.5085641025641029,983,1000,1,1,2788.0,0,0,0,1,1,5.863788366317749,1.9111173152923584,0.951514482498169,0.2783055305480957,0.004536628723144531,0.00901341438293457
2789,0,0.5085641025641029,983,1000,2,1,2789.0,0,0,0,1,1,5.865135669708252,1.9120757579803467,0.9518663883209229,0.2783055305480957,0.004536628723144531,0.009018421173095703
2790,0,0.5085641025641029,983,1000,1,1,2790.0,0,0,0,1,1,5.8660407066345215,1.912614345550537,0.9522035121917725,0.2783055305480957,0.004536628723144531,0.009019851684570312
2791,0,0.5085641025641029,983,1000,1,1,2791.0,0,0,0,1,1,5.866968154907227,1.9131691455841064,0.9525485038757324,0.2783055305480957,0.004536628723144531,0.00902104377746582
2792,0,0.5085641025641029,983,1000,1,1,2792.0,0,0,0,1,1,5.867835521697998,1.9136590957641602,0.9529018402099609,0.2783055305480957,0.004536628723144531,0.009022235870361328
2793,0,0.5085641025641029,983,1000,1,1,2793.0,0,0,0,1,1,5.868762493133545,1.9142425060272217,0.9532129764556885,0.2783055305480957,0.004536628723144531,0.009023666381835938
2794,0,0.5085641025641029,983,1000,1,1,2680.0,0,0,0,0,0,5.869325876235962,1.9147934913635254,0.9532134532928467,0.2783055305480957,0.004536628723144531,0.009025096893310547
2795,0,0.5085641025641029,982,1000,2,2,2338.5,0,0,1,0,2,5.873941898345947,1.915360927581787,0.9538624286651611,0.2815830707550049,0.0045545101165771484,0.009026288986206055
2796,0,0.5085641025641029,983,1000,1,1,2796.0,0,0,0,1,0,5.874825716018677,1.9158670902252197,0.9542112350463867,0.2815830707550049,0.0045545101165771484,0.009027957916259766
2797,0,0.5085641025641029,983,1000,1,1,2797.0,0,0,0,1,1,5.877316474914551,1.9174222946166992,0.955040454864502,0.2815830707550049,0.0045545101165771484,0.009031295776367188
2798,0,0.5085641025641029,984,1000,1,1,2798.0,0,0,0,1,0,5.8798840045928955,1.9191954135894775,0.9557340145111084,0.2815830707550049,0.0045545101165771484,0.009037971496582031
2799,0,0.5085641025641029,984,1000,1,1,2799.0,0,0,0,1,1,5.881312370300293,1.9202189445495605,0.9560930728912354,0.2815830707550049,0.0045545101165771484,0.009042978286743164
2800,0,0.5085641025641029,984,1000,1,1,2800.0,0,0,0,1,1,5.882275104522705,1.9208099842071533,0.956439733505249,0.2815830707550049,0.0045545101165771484,0.009044647216796875
2801,0,0.5085641025641029,984,1000,1,1,2801.0,0,0,0,1,1,5.883223295211792,1.9213919639587402,0.9567794799804688,0.2815830707550049,0.0045545101165771484,0.009046077728271484
2802,0,0.5085641025641029,984,1000,2,1,2802.0,0,0,0,1,1,5.8841869831085205,1.9219765663146973,0.9571230411529541,0.2815830707550049,0.0045545101165771484,0.009047508239746094
2803,0,0.5085641025641029,984,1000,1,1,1673.0,0,0,2,0,2,5.885958433151245,1.9225475788116455,0.9578077793121338,0.2819809913635254,0.00457000732421875,0.009048700332641602
2804,0,0.5085641025641029,984,1000,4,1,2804.0,0,0,0,1,1,5.886914491653442,1.9231348037719727,0.9581372737884521,0.2819809913635254,0.00457000732421875,0.009050607681274414
2805,0,0.5085641025641029,984,1000,1,1,2805.0,0,0,0,1,1,5.887842178344727,1.9236907958984375,0.9584822654724121,0.2819809913635254,0.00457000732421875,0.009052276611328125
2806,0,0.5085641025641029,984,1000,1,1,2806.0,0,0,0,1,1,5.888649225234985,1.9241764545440674,0.9587805271148682,0.2819809913635254,0.00457000732421875,0.009053468704223633
2807,0,0.5085641025641029,984,1000,1,1,2807.0,0,0,0,1,1,5.889495134353638,1.9246981143951416,0.959080696105957,0.2819809913635254,0.00457000732421875,0.00905466079711914
2808,0,0.5085641025641029,984,1000,1,1,2808.0,0,0,0,1,1,5.890379190444946,1.9252159595489502,0.9594204425811768,0.2819809913635254,0.00457000732421875,0.009055852890014648
2809,0,0.5085641025641029,984,1000,1,1,2809.0,0,0,0,1,1,5.891668796539307,1.9258017539978027,0.9599483013153076,0.2819809913635254,0.00457000732421875,0.00905752182006836
2810,0,0.5085641025641029,984,1000,1,1,2810.0,0,0,0,1,1,5.894660711288452,1.9274325370788574,0.9612228870391846,0.2819809913635254,0.00457000732421875,0.009063720703125
2811,0,0.5085641025641029,984,1000,1,1,2811.0,0,0,0,1,1,5.8970537185668945,1.9290027618408203,0.961958646774292,0.2819809913635254,0.00457000732421875,0.009070634841918945
2812,0,0.5085641025641029,984,1000,1,1,2812.0,0,0,0,1,1,5.898639678955078,1.9300901889801025,0.9624087810516357,0.2819809913635254,0.00457000732421875,0.009076118469238281
2813,0,0.5085641025641029,984,1000,1,1,2813.0,0,0,0,1,1,5.899612665176392,1.9307212829589844,0.9627251625061035,0.2819809913635254,0.00457000732421875,0.009078025817871094
2814,0,0.5085641025641029,984,1000,1,1,2814.0,0,0,0,1,1,5.90057110786438,1.9313123226165771,0.9630653858184814,0.2819809913635254,0.00457000732421875,0.009079694747924805
2815,0,0.5085641025641029,984,1000,1,1,2815.0,0,0,0,1,1,5.90150785446167,1.931854486465454,0.9634320735931396,0.2819809913635254,0.00457000732421875,0.009081363677978516
2816,0,0.5085641025641029,984,1000,1,1,2816.0,0,0,0,1,1,5.902432918548584,1.9323985576629639,0.9637815952301025,0.2819809913635254,0.00457000732421875,0.009082555770874023
2817,0,0.5085641025641029,984,1000,1,1,2817.0,0,0,0,1,1,5.903306007385254,1.9329118728637695,0.9641163349151611,0.2819809913635254,0.00457000732421875,0.009083747863769531
2818,0,0.5085641025641029,984,1000,2,1,2818.0,0,0,0,1,1,5.904236316680908,1.9334635734558105,0.9644651412963867,0.2819809913635254,0.00457000732421875,0.009084939956665039
2819,0,0.5085641025641029,984,1000,1,1,2819.0,0,0,0,1,1,5.905104160308838,1.9339830875396729,0.9647877216339111,0.2819809913635254,0.00457000732421875,0.009086132049560547
2820,0,0.5085641025641029,984,1000,1,1,2820.0,0,0,0,1,1,5.906023263931274,1.9345300197601318,0.9651336669921875,0.2819809913635254,0.00457000732421875,0.009087324142456055
2821,0,0.5085641025641029,984,1000,1,1,2821.0,0,0,0,1,1,5.906944274902344,1.9350755214691162,0.9654803276062012,0.2819809913635254,0.00457000732421875,0.009088516235351562
2822,0,0.5085641025641029,984,1000,3,2,2672.6666666666665,0,0,2,0,2,5.913515090942383,1.9356153011322021,0.9666368961334229,0.2867283821105957,0.004587888717651367,0.00908970832824707
2823,0,0.5085641025641029,984,1000,2,1,2823.0,0,0,0,1,1,5.915104150772095,1.9368104934692383,0.9669675827026367,0.2867283821105957,0.004587888717651367,0.00909566879272461
2824,0,0.5085641025641029,984,1000,2,1,2824.0,0,0,0,1,1,5.916069746017456,1.9373838901519775,0.9673235416412354,0.2867283821105957,0.004587888717651367,0.009097576141357422
2825,0,0.5085641025641029,984,1000,3,3,2671.25,0,0,1,0,2,5.921645879745483,1.9379856586456299,0.9681241512298584,0.29074525833129883,0.004606723785400391,0.009099245071411133
2826,0,0.5085641025641029,984,1000,2,1,2826.0,0,0,0,1,1,5.922789096832275,1.9387640953063965,0.9684479236602783,0.29074525833129883,0.004606723785400391,0.00910186767578125
2827,0,0.5085641025641029,984,1000,1,1,2827.0,0,0,0,1,1,5.9236814975738525,1.9393212795257568,0.9687564373016357,0.29074525833129883,0.004606723785400391,0.009103775024414062
2828,0,0.5085641025641029,984,1000,1,1,2828.0,0,0,0,1,1,5.924537420272827,1.9398443698883057,0.9690663814544678,0.29074525833129883,0.004606723785400391,0.009105205535888672
2829,0,0.5085641025641029,984,1000,1,1,2829.0,0,0,0,1,1,5.927131414413452,1.940831184387207,0.9704031944274902,0.29074525833129883,0.004606723785400391,0.00910639762878418
2830,0,0.5085641025641029,984,1000,2,2,2456.0,0,0,2,0,2,5.933913707733154,1.9423885345458984,0.9713609218597412,0.29485297203063965,0.0046308040618896484,0.009113550186157227
2831,0,0.5085641025641029,984,1000,1,1,2831.0,0,0,0,1,1,5.93544602394104,1.9435021877288818,0.9716997146606445,0.29485297203063965,0.0046308040618896484,0.009118318557739258
2832,0,0.5085641025641029,984,1000,1,1,2832.0,0,0,0,1,1,5.9364917278289795,1.9441583156585693,0.9720580577850342,0.29485297203063965,0.0046308040618896484,0.00912022590637207
2833,0,0.5085641025641029,984,1000,1,1,2833.0,0,0,0,1,1,5.937458753585815,1.9447474479675293,0.9724066257476807,0.29485297203063965,0.0046308040618896484,0.009121894836425781
2834,0,0.5085641025641029,984,1000,3,1,2795.0,0,0,2,0,2,5.944352865219116,1.9453272819519043,0.9742181301116943,0.2992269992828369,0.004644870758056641,0.009123086929321289
2835,0,0.5085641025641029,984,1000,2,1,2835.0,0,0,0,1,1,5.946870803833008,1.946915864944458,0.9750535488128662,0.2992269992828369,0.004644870758056641,0.009131669998168945
2836,0,0.5085641025641029,984,1000,1,1,2836.0,0,0,0,1,1,5.948473691940308,1.9480969905853271,0.9754331111907959,0.2992269992828369,0.004644870758056641,0.009136199951171875
2837,0,0.5085641025641029,983,1000,3,3,2681.0,0,0,1,0,2,5.9536707401275635,1.9487361907958984,0.9761641025543213,0.3029201030731201,0.004662513732910156,0.009137868881225586
2838,0,0.5085641025641029,983,1000,2,1,2838.0,0,0,0,1,1,5.954893350601196,1.9495666027069092,0.9765174388885498,0.3029201030731201,0.004662513732910156,0.009140253067016602
2839,0,0.5085641025641029,983,1000,4,2,2661.3333333333335,0,0,0,0,0,5.9555504322052,1.9502012729644775,0.9765176773071289,0.3029201030731201,0.004662513732910156,0.009141683578491211
2840,0,0.5085641025641029,983,1000,2,1,2840.0,0,0,0,1,1,5.956437587738037,1.9507362842559814,0.976834774017334,0.3029201030731201,0.004662513732910156,0.00914311408996582
2841,0,0.5085641025641029,983,1000,1,1,2841.0,0,0,0,1,1,5.957475662231445,1.95131254196167,0.9772670269012451,0.3029201030731201,0.004662513732910156,0.009144306182861328
2842,0,0.5085641025641029,983,1000,1,1,2842.0,0,0,0,1,1,5.960114240646362,1.9526317119598389,0.9784724712371826,0.3029201030731201,0.004662513732910156,0.00914764404296875
2843,0,0.5085641025641029,983,1000,1,1,2843.0,0,0,0,1,1,5.962079286575317,1.9539940357208252,0.9790122509002686,0.3029201030731201,0.004662513732910156,0.009155511856079102
2844,0,0.5085641025641029,983,1000,1,1,2627.0,0,0,2,0,2,5.964261293411255,1.9549334049224854,0.9797439575195312,0.3033158779144287,0.0046808719635009766,0.009159326553344727
2845,0,0.5085641025641029,982,1000,1,1,2643.0,0,0,1,0,2,5.966164588928223,1.9556941986083984,0.980402946472168,0.3036665916442871,0.00468754768371582,0.009161710739135742
2846,0,0.5085641025641029,982,1000,1,1,2846.0,0,0,0,1,1,5.967228412628174,1.9563791751861572,0.9807465076446533,0.3036665916442871,0.00468754768371582,0.009163618087768555
2847,0,0.5085641025641029,982,1000,1,1,2847.0,0,0,0,1,1,5.968289136886597,1.9570529460906982,0.9811010360717773,0.3036665916442871,0.00468754768371582,0.009165525436401367
2848,0,0.5085641025641029,983,1000,1,1,1264.0,0,0,2,0,1,5.970061779022217,1.9576771259307861,0.9817144870758057,0.3040943145751953,0.004698991775512695,0.009166717529296875
2849,0,0.5085641025641029,983,1000,1,1,2849.0,0,0,0,1,1,5.971009969711304,1.9582738876342773,0.9820349216461182,0.3040943145751953,0.004698991775512695,0.009168386459350586
2850,0,0.5085641025641029,983,1000,2,1,2850.0,0,0,0,1,1,5.971862554550171,1.958791732788086,0.9823439121246338,0.3040943145751953,0.004698991775512695,0.009169816970825195
2851,0,0.5085641025641029,983,1000,1,1,2851.0,0,0,0,1,1,5.9727630615234375,1.9593267440795898,0.9826836585998535,0.3040943145751953,0.004698991775512695,0.009171247482299805
2852,0,0.5085641025641029,983,1000,2,1,2852.0,0,0,0,1,1,5.973900318145752,1.959996223449707,0.9831109046936035,0.3040943145751953,0.004698991775512695,0.009172677993774414
2853,0,0.5085641025641029,983,1000,1,1,2853.0,0,0,0,1,1,5.975465297698975,1.96065092086792,0.983983039855957,0.3040943145751953,0.004698991775512695,0.009175539016723633
2854,0,0.5085641025641029,983,1000,1,1,2854.0,0,0,0,1,1,5.978005409240723,1.9622087478637695,0.9848806858062744,0.3040943145751953,0.004698991775512695,0.009183406829833984
2855,0,0.5085641025641029,983,1000,2,1,2855.0,0,0,0,1,1,5.98037052154541,1.9636704921722412,0.9857041835784912,0.3040943145751953,0.004698991775512695,0.009189367294311523
2856,0,0.5085641025641029,983,1000,1,1,2856.0,0,0,0,1,1,5.981616020202637,1.9645445346832275,0.9860348701477051,0.3040943145751953,0.004698991775512695,0.009195089340209961
2857,0,0.5085641025641029,984,1000,1,1,2180.0,0,0,2,0,1,5.983478546142578,1.9651756286621094,0.9867110252380371,0.30452752113342285,0.0047147274017333984,0.009196996688842773
2858,0,0.5085641025641029,984,1000,2,1,2858.0,0,0,0,1,1,5.984553098678589,1.9658482074737549,0.9870791435241699,0.30452752113342285,0.0047147274017333984,0.009199142456054688
2859,0,0.5085641025641029,985,1000,1,1,2859.0,0,0,0,1,0,5.985483169555664,1.9664063453674316,0.987419605255127,0.30452752113342285,0.0047147274017333984,0.009201526641845703
2860,0,0.5085641025641029,985,1000,2,1,2860.0,0,0,0,1,1,5.986852169036865,1.96718430519104,0.9879648685455322,0.30452752113342285,0.0047147274017333984,0.009203195571899414
2861,0,0.5085641025641029,985,1000,1,1,2861.0,0,0,0,1,1,5.988437652587891,1.968198299407959,0.9884872436523438,0.30452752113342285,0.0047147274017333984,0.00920724868774414
2862,0,0.5085641025641029,985,1000,3,1,2862.0,0,0,0,1,1,5.989848852157593,1.9691739082336426,0.9888732433319092,0.30452752113342285,0.0047147274017333984,0.009212255477905273
2863,0,0.5085641025641029,985,1000,2,1,2863.0,0,0,0,1,1,5.990797758102417,1.9697637557983398,0.98919677734375,0.30452752113342285,0.0047147274017333984,0.009214401245117188
2864,0,0.5085641025641029,985,1000,1,1,2864.0,0,0,0,1,1,5.992464780807495,1.9704773426055908,0.9900720119476318,0.30452752113342285,0.0047147274017333984,0.009216070175170898
2865,0,0.5085641025641029,984,1000,1,1,2347.0,0,0,1,0,2,5.995794057846069,1.972109317779541,0.991265058517456,0.30486249923706055,0.0047359466552734375,0.009224891662597656
2866,0,0.5085641025641029,984,1000,1,1,2866.0,0,0,0,1,1,5.997585773468018,1.9734070301055908,0.9916987419128418,0.30486249923706055,0.0047359466552734375,0.009231805801391602
2867,0,0.5085641025641029,985,1000,1,1,2867.0,0,0,0,1,0,5.9986512660980225,1.974092960357666,0.9920477867126465,0.30486249923706055,0.0047359466552734375,0.009235143661499023
2868,0,0.5085641025641029,985,1000,1,1,2868.0,0,0,0,1,1,5.999562740325928,1.9746263027191162,0.992396354675293,0.30486249923706055,0.0047359466552734375,0.009236574172973633
2869,0,0.5085641025641029,985,1000,3,1,2869.0,0,0,0,1,1,6.000507116317749,1.975184440612793,0.992743730545044,0.30486249923706055,0.0047359466552734375,0.009238004684448242
2870,0,0.5085641025641029,985,1000,1,1,2870.0,0,0,0,1,1,6.001450300216675,1.9757497310638428,0.9930891990661621,0.30486249923706055,0.0047359466552734375,0.009239435195922852
2871,0,0.5085641025641029,985,1000,1,1,2871.0,0,0,0,1,1,6.002341270446777,1.9762849807739258,0.9934179782867432,0.30486249923706055,0.0047359466552734375,0.00924062728881836
2872,0,0.5085641025641029,985,1000,1,1,2872.0,0,0,0,1,1,6.003461122512817,1.9769439697265625,0.9938397407531738,0.30486249923706055,0.0047359466552734375,0.009241819381713867
2873,0,0.5085641025641029,986,1000,1,1,2873.0,0,0,0,1,0,6.00462007522583,1.977691411972046,0.9942176342010498,0.30486249923706055,0.0047359466552734375,0.009244441986083984
2874,0,0.5085641025641029,986,1000,1,1,2874.0,0,0,0,1,1,6.0055787563323975,1.978308916091919,0.9945328235626221,0.30486249923706055,0.0047359466552734375,0.009245872497558594
2875,0,0.5085641025641029,986,1000,1,1,2875.0,0,0,0,1,1,6.006434917449951,1.9788017272949219,0.9948711395263672,0.30486249923706055,0.0047359466552734375,0.009247303009033203
2876,0,0.5085641025641029,986,1000,3,1,2876.0,0,0,0,1,1,6.007365465164185,1.9793546199798584,0.9952132701873779,0.30486249923706055,0.0047359466552734375,0.009248733520507812
2877,0,0.5085641025641029,986,1000,2,1,2877.0,0,0,0,1,1,6.008390665054321,1.9799585342407227,0.9956014156341553,0.30486249923706055,0.0047359466552734375,0.009250164031982422
2878,0,0.5085641025641029,986,1000,2,1,2655.0,0,0,2,0,2,6.015680313110352,1.9817225933074951,0.9967215061187744,0.3091108798980713,0.00475621223449707,0.00925445556640625
2879,0,0.5085641025641029,986,1000,2,1,2879.0,0,0,0,1,1,6.017308712005615,1.9829246997833252,0.9970922470092773,0.3091108798980713,0.00475621223449707,0.00925898551940918
2880,0,0.5085641025641029,986,1000,1,1,2880.0,0,0,0,1,1,6.018651723861694,1.983642578125,0.997673749923706,0.3091108798980713,0.00475621223449707,0.0092620849609375
2881,0,0.5085641025641029,986,1000,1,1,2881.0,0,0,0,1,1,6.020731210708618,1.985090970993042,0.9982485771179199,0.3091108798980713,0.00475621223449707,0.009267807006835938
2882,0,0.5085641025641029,986,1000,1,1,2882.0,0,0,0,1,1,6.021962642669678,1.9858763217926025,0.9986510276794434,0.3091108798980713,0.00475621223449707,0.00927114486694336
2883,0,0.5085641025641029,986,1000,1,1,2883.0,0,0,0,1,1,6.0229172706604,1.9864768981933594,0.9989731311798096,0.3091108798980713,0.00475621223449707,0.009273290634155273
2884,0,0.5085641025641029,986,1000,1,1,2884.0,0,0,0,1,1,6.023813962936401,1.9870355129241943,0.9992849826812744,0.3091108798980713,0.00475621223449707,0.009274721145629883
2885,0,0.5085641025641029,986,1000,1,1,2885.0,0,0,0,1,1,6.024713039398193,1.9875671863555908,0.9996256828308105,0.3091108798980713,0.00475621223449707,0.00927591323852539
2886,0,0.5085641025641029,986,1000,1,1,2886.0,0,0,0,1,1,6.02778697013855,1.9894506931304932,1.0007383823394775,0.3091108798980713,0.00475621223449707,0.009279251098632812
2887,0,0.5085641025641029,986,1000,1,1,2887.0,0,0,0,1,1,6.030003309249878,1.9910058975219727,1.001328468322754,0.3091108798980713,0.00475621223449707,0.009286642074584961
2888,0,0.5085641025641029,986,1000,2,1,2888.0,0,0,0,1,1,6.031294822692871,1.991894245147705,1.0016937255859375,0.3091108798980713,0.00475621223449707,0.00929117202758789
2889,0,0.5085641025641029,986,1000,1,1,2592.0,0,0,2,0,2,6.038583040237427,1.9926743507385254,1.003004550933838,0.3141810894012451,0.004774570465087891,0.0092926025390625
2890,0,0.5085641025641029,986,1000,2,1,2822.0,0,0,2,0,2,6.046246290206909,1.9938938617706299,1.0042049884796143,0.3192746639251709,0.004792451858520508,0.009299039840698242
2891,0,0.5085641025641029,986,1000,1,1,2709.0,0,0,2,0,2,6.053419589996338,1.995142936706543,1.0052027702331543,0.32405757904052734,0.004809141159057617,0.009305953979492188
2892,0,0.5085641025641029,986,1000,1,1,2892.0,0,0,0,1,1,6.055030107498169,1.9963412284851074,1.0055546760559082,0.32405757904052734,0.004809141159057617,0.00931096076965332
2893,0,0.5085641025641029,986,1000,4,1,2893.0,0,0,0,1,1,6.055963516235352,1.9969377517700195,1.0058565139770508,0.32405757904052734,0.004809141159057617,0.009312629699707031
2894,0,0.5085641025641029,986,1000,1,1,2894.0,0,0,0,1,1,6.056859731674194,1.997483253479004,1.0061802864074707,0.32405757904052734,0.004809141159057617,0.00931406021118164
2895,0,0.5085641025641029,986,1000,1,1,2895.0,0,0,0,1,1,6.057739019393921,1.997995138168335,1.006523609161377,0.32405757904052734,0.004809141159057617,0.00931549072265625
2896,0,0.5085641025641029,986,1000,1,1,2896.0,0,0,0,1,1,6.05966591835022,1.9985814094543457,1.0078036785125732,0.32405757904052734,0.004809141159057617,0.009316682815551758
2897,0,0.5085641025641029,986,1000,3,1,2897.0,0,0,0,1,1,6.062146186828613,2.0002801418304443,1.0084929466247559,0.32405757904052734,0.004809141159057617,0.009328842163085938
2898,0,0.5085641025641029,986,1000,1,1,2898.0,0,0,0,1,1,6.063757419586182,2.0014071464538574,1.0089221000671387,0.32405757904052734,0.004809141159057617,0.009334325790405273
2899,0,0.5085641025641029,986,1000,1,1,2899.0,0,0,0,1,1,6.065358877182007,2.0024681091308594,1.0094082355499268,0.32405757904052734,0.004809141159057617,0.009340286254882812
2900,0,0.5085641025641029,986,1000,1,1,2900.0,0,0,0,1,1,6.066301584243774,2.003065586090088,1.0097222328186035,0.32405757904052734,0.004809141159057617,0.009343624114990234
2901,0,0.5085641025641029,986,1000,1,1,2901.0,0,0,0,1,1,6.067317485809326,2.0036864280700684,1.010087490081787,0.32405757904052734,0.004809141159057617,0.009345293045043945
2902,0,0.5085641025641029,986,1000,1,1,2902.0,0,0,0,1,1,6.068212509155273,2.004202365875244,1.0104408264160156,0.32405757904052734,0.004809141159057617,0.009346961975097656
2903,0,0.5085641025641029,986,1000,1,1,2903.0,0,0,0,1,1,6.069141149520874,2.004775047302246,1.0107700824737549,0.32405757904052734,0.004809141159057617,0.009348154067993164
2904,0,0.5085641025641029,986,1000,2,2,2709.0,0,1,2,0,2,6.074587345123291,2.00531005859375,1.011460304260254,0.3280904293060303,0.004826545715332031,0.009349584579467773
2905,0,0.5085641025641029,986,1000,1,1,2905.0,0,0,0,1,1,6.077141523361206,2.006596088409424,1.0126276016235352,0.3280904293060303,0.004826545715332031,0.009351968765258789
2906,0,0.5085641025641029,986,1000,1,1,2906.0,0,0,0,1,1,6.079660892486572,2.0082054138183594,1.0134620666503906,0.3280904293060303,0.004826545715332031,0.009358882904052734
2907,0,0.5085641025641029,986,1000,2,1,2907.0,0,0,0,1,1,6.081425905227661,2.00949764251709,1.0138769149780273,0.3280904293060303,0.004826545715332031,0.009364604949951172
2908,0,0.5085641025641029,986,1000,2,1,2830.0,0,0,2,0,2,6.087088346481323,2.0102641582489014,1.014563798904419,0.3321845531463623,0.004843235015869141,0.009366989135742188
2909,0,0.5085641025641029,986,1000,1,1,2909.0,0,0,0,1,1,6.088187217712402,2.0110056400299072,1.0148851871490479,0.3321845531463623,0.004843235015869141,0.009369373321533203
2910,0,0.5085641025641029,986,1000,1,1,2910.0,0,0,0,1,1,6.0891735553741455,2.011631727218628,1.015214204788208,0.3321845531463623,0.004843235015869141,0.009370565414428711
2911,0,0.5085641025641029,986,1000,1,1,1977.0,0,0,2,0,2,6.090846538543701,2.01218581199646,1.015876054763794,0.33255791664123535,0.004853725433349609,0.00937199592590332
2912,0,0.5085641025641029,986,1000,1,1,2912.0,0,0,0,1,1,6.092333078384399,2.0127484798431396,1.0167429447174072,0.33255791664123535,0.004853725433349609,0.009373188018798828
2913,0,0.5085641025641029,986,1000,1,1,2913.0,0,0,0,1,1,6.095026731491089,2.0145103931427,1.0175831317901611,0.33255791664123535,0.004853725433349609,0.009384393692016602
2914,0,0.5085641025641029,986,1000,1,1,1977.0,0,0,0,0,0,6.096490383148193,2.0159459114074707,1.0175840854644775,0.33255791664123535,0.004853725433349609,0.009390592575073242
2915,0,0.5085641025641029,987,1000,3,1,2592.0,0,0,2,0,1,6.102414608001709,2.0166499614715576,1.0186307430267334,0.33660435676574707,0.0048716068267822266,0.009393453598022461
2916,0,0.5085641025641029,986,1000,2,2,2476.5,0,0,1,0,2,6.104328870773315,2.0175328254699707,1.0192968845367432,0.3368692398071289,0.004883289337158203,0.009396553039550781
2917,0,0.5085641025641029,986,1000,3,1,2917.0,0,0,0,1,1,6.105311870574951,2.018172264099121,1.0195982456207275,0.3368692398071289,0.004883289337158203,0.009398698806762695
2918,0,0.5085641025641029,986,1000,1,1,2918.0,0,0,0,1,1,6.10622763633728,2.0187129974365234,1.0199451446533203,0.3368692398071289,0.004883289337158203,0.009400367736816406
2919,0,0.5085641025641029,986,1000,1,1,2919.0,0,0,0,1,1,6.107145071029663,2.0192606449127197,1.0202898979187012,0.3368692398071289,0.004883289337158203,0.009401798248291016
2920,0,0.5085641025641029,986,1000,1,1,2920.0,0,0,0,1,1,6.108054876327515,2.019787549972534,1.0206475257873535,0.3368692398071289,0.004883289337158203,0.009402990341186523
2921,0,0.5085641025641029,986,1000,1,1,2921.0,0,0,0,1,1,6.1107072830200195,2.021036386489868,1.0219438076019287,0.3368692398071289,0.004883289337158203,0.009404420852661133
2922,0,0.5085641025641029,985,1000,1,1,2725.0,0,0,1,0,2,6.113674163818359,2.0225062370300293,1.0229027271270752,0.3372502326965332,0.004904031753540039,0.009412765502929688
2923,0,0.5085641025641029,985,1000,1,1,2923.0,0,0,0,1,1,6.11515212059021,2.0235722064971924,1.0232188701629639,0.3372502326965332,0.004904031753540039,0.00941777229309082
2924,0,0.5085641025641029,985,1000,1,1,2924.0,0,0,0,1,1,6.116087198257446,2.024160861968994,1.0235404968261719,0.3372502326965332,0.004904031753540039,0.009419679641723633
2925,0,0.5085641025641029,985,1000,1,1,2925.0,0,0,0,1,1,6.117046117782593,2.024749994277954,1.023883581161499,0.3372502326965332,0.004904031753540039,0.00942087173461914
2926,0,0.5085641025641029,985,1000,1,1,2926.0,0,0,0,1,1,6.1179845333099365,2.025308847427368,1.024233102798462,0.3372502326965332,0.004904031753540039,0.009422540664672852
2927,0,0.5085641025641029,985,1000,1,1,2927.0,0,0,0,1,1,6.11890435218811,2.0258474349975586,1.024587869644165,0.3372502326965332,0.004904031753540039,0.009424209594726562
2928,0,0.5085641025641029,985,1000,1,1,2928.0,0,0,0,1,1,6.119748115539551,2.026319742202759,1.0249357223510742,0.3372502326965332,0.004904031753540039,0.009425640106201172
2929,0,0.5085641025641029,985,1000,1,1,2929.0,0,0,0,1,1,6.1206371784210205,2.02687931060791,1.0252416133880615,0.3372502326965332,0.004904031753540039,0.00942683219909668
2930,0,0.5085641025641029,985,1000,4,1,2680.0,0,0,0,0,0,6.121335983276367,2.027480363845825,1.0252418518066406,0.3372502326965332,0.004920482635498047,0.009428262710571289
2931,0,0.5085641025641029,985,1000,1,1,2931.0,0,0,0,1,1,6.122256278991699,2.02801513671875,1.0256023406982422,0.3372502326965332,0.004920482635498047,0.009429931640625
2932,0,0.5085641025641029,985,1000,1,1,2932.0,0,0,0,1,1,6.123159646987915,2.0285561084747314,1.025942087173462,0.3372502326965332,0.004920482635498047,0.009431123733520508
2933,0,0.5085641025641029,985,1000,1,1,2933.0,0,0,0,1,1,6.124084949493408,2.0290284156799316,1.0263671875,0.3372502326965332,0.004920482635498047,0.009432315826416016
2934,0,0.5085641025641029,985,1000,2,1,2934.0,0,0,0,1,1,6.126268625259399,2.029709815979004,1.0277934074401855,0.3372502326965332,0.004920482635498047,0.009434223175048828
2935,0,0.5085641025641029,985,1000,1,1,2935.0,0,0,0,1,1,6.128668546676636,2.031196117401123,1.0286238193511963,0.3372502326965332,0.004920482635498047,0.009442329406738281
2936,0,0.5085641025641029,986,1000,1,1,2936.0,0,0,0,1,0,6.1304285526275635,2.0323877334594727,1.02913236618042,0.3372502326965332,0.004920482635498047,0.009448766708374023
2937,0,0.5085641025641029,986,1000,1,1,2937.0,0,0,0,1,1,6.131615400314331,2.033188819885254,1.02947998046875,0.3372502326965332,0.004920482635498047,0.00945281982421875
2938,0,0.5085641025641029,987,1000,1,1,2938.0,0,0,0,1,0,6.132528781890869,2.0337414741516113,1.029813289642334,0.3372502326965332,0.004920482635498047,0.009454488754272461
2939,0,0.5085641025641029,987,1000,1,1,2939.0,0,0,0,1,1,6.133429765701294,2.034254312515259,1.0301711559295654,0.3372502326965332,0.004920482635498047,0.009455680847167969
2940,0,0.5085641025641029,987,1000,1,1,2940.0,0,0,0,1,1,6.134339332580566,2.0347766876220703,1.030526876449585,0.3372502326965332,0.004920482635498047,0.009457111358642578
2941,0,0.5085641025641029,988,1000,2,1,2445.0,0,0,2,0,1,6.1410791873931885,2.0353946685791016,1.032273292541504,0.34128880500793457,0.004940032958984375,0.009458303451538086
2942,0,0.5085641025641029,988,1000,6,4,2740.2,0,0,2,0,2,6.1487717628479,2.0373871326446533,1.0332798957824707,0.3457212448120117,0.004974842071533203,0.009465694427490234
2943,0,0.5085641025641029,988,1000,1,1,2943.0,0,0,0,1,1,6.150359869003296,2.0385630130767822,1.0336341857910156,0.3457212448120117,0.004974842071533203,0.009471893310546875
2944,0,0.5085641025641029,988,1000,2,2,2444.0,0,0,2,0,2,6.152270078659058,2.0392303466796875,1.0343565940856934,0.3461301326751709,0.0049915313720703125,0.009473562240600586
2945,0,0.5085641025641029,988,1000,1,1,2945.0,0,0,0,1,1,6.153325080871582,2.0399301052093506,1.0346789360046387,0.3461301326751709,0.0049915313720703125,0.009475946426391602
2946,0,0.5085641025641029,989,1000,2,1,2825.0,0,0,2,0,1,6.160843849182129,2.040496349334717,1.036747694015503,0.3509209156036377,0.0049991607666015625,0.009477376937866211
2947,0,0.5085641025641029,989,1000,1,1,2947.0,0,0,0,1,1,6.1628124713897705,2.0418388843536377,1.0373024940490723,0.3509209156036377,0.0049991607666015625,0.00948476791381836
2948,0,0.5085641025641029,989,1000,1,1,2948.0,0,0,0,1,1,6.163952350616455,2.0426061153411865,1.0376381874084473,0.3509209156036377,0.0049991607666015625,0.00948786735534668
2949,0,0.5085641025641029,989,1000,1,1,2949.0,0,0,0,1,1,6.165012836456299,2.0433294773101807,1.0379483699798584,0.3509209156036377,0.0049991607666015625,0.009489774703979492
2950,0,0.5085641025641029,989,1000,1,1,2950.0,0,0,0,1,1,6.165971994400024,2.043907880783081,1.0382988452911377,0.3509209156036377,0.0049991607666015625,0.009490966796875
2951,0,0.5085641025641029,989,1000,4,1,2951.0,0,0,0,1,1,6.166999101638794,2.0445587635040283,1.0386385917663574,0.3509209156036377,0.0049991607666015625,0.00949239730834961
2952,0,0.5085641025641029,989,1000,1,1,2952.0,0,0,0,1,1,6.167891263961792,2.0450778007507324,1.0389845371246338,0.3509209156036377,0.0049991607666015625,0.009493827819824219
2953,0,0.5085641025641029,989,1000,1,1,2953.0,0,0,0,1,1,6.168875694274902,2.04567551612854,1.0393414497375488,0.3509209156036377,0.0049991607666015625,0.00949549674987793
2954,0,0.5085641025641029,989,1000,1,1,2680.0,0,0,0,0,0,6.169421434402466,2.0462095737457275,1.039341688156128,0.3509209156036377,0.0049991607666015625,0.00949716567993164
2955,0,0.5085641025641029,989,1000,2,1,2955.0,0,0,0,1,1,6.170784950256348,2.0468506813049316,1.0400059223175049,0.3509209156036377,0.0049991607666015625,0.00949859619140625
2956,0,0.5085641025641029,990,1000,1,1,2956.0,0,0,0,1,0,6.172377824783325,2.047959089279175,1.0404460430145264,0.3509209156036377,0.0049991607666015625,0.009503841400146484
2957,0,0.5085641025641029,990,1000,8,1,2655.0,0,0,2,0,2,6.179147243499756,2.048710823059082,1.0416264533996582,0.35561251640319824,0.005013942718505859,0.009505987167358398
2958,0,0.5085641025641029,990,1000,2,1,2958.0,0,0,0,1,1,6.181254148483276,2.050041437149048,1.0423271656036377,0.35561251640319824,0.005013942718505859,0.009512186050415039
2959,0,0.5085641025641029,991,1000,1,1,2959.0,0,0,0,1,0,6.182896614074707,2.051224946975708,1.042741298675537,0.35561251640319824,0.005013942718505859,0.00951695442199707
2960,0,0.5085641025641029,991,1000,1,1,2960.0,0,0,0,1,1,6.1843953132629395,2.052016258239746,1.0433986186981201,0.35561251640319824,0.005013942718505859,0.00952005386352539
2961,0,0.5085641025641029,991,1000,1,1,2961.0,0,0,0,1,1,6.186147212982178,2.0531888008117676,1.0439209938049316,0.35561251640319824,0.005013942718505859,0.009525060653686523
2962,0,0.5085641025641029,991,1000,1,1,2834.0,0,0,0,0,0,6.187003135681152,2.0540261268615723,1.0439212322235107,0.35561251640319824,0.005013942718505859,0.009529352188110352
2963,0,0.5085641025641029,991,1000,2,2,2639.5,0,0,0,0,0,6.187673568725586,2.0546817779541016,1.0439214706420898,0.35561251640319824,0.005013942718505859,0.009530782699584961
2964,0,0.5085641025641029,991,1000,1,1,2964.0,0,0,0,1,1,6.188585996627808,2.05523419380188,1.0442535877227783,0.35561251640319824,0.005013942718505859,0.009532451629638672
2965,0,0.5085641025641029,991,1000,3,3,2882.0,0,0,0,0,0,6.189239263534546,2.055772066116333,1.0442540645599365,0.35561251640319824,0.0050313472747802734,0.009534120559692383
2966,0,0.5085641025641029,991,1000,1,1,2966.0,0,0,0,1,1,6.190374374389648,2.056346893310547,1.0447776317596436,0.35561251640319824,0.0050313472747802734,0.009535551071166992
2967,0,0.5085641025641029,992,1000,1,1,2967.0,0,0,0,1,0,6.191776752471924,2.0570974349975586,1.0453896522521973,0.35561251640319824,0.0050313472747802734,0.00953817367553711
2968,0,0.5085641025641029,992,1000,1,1,2968.0,0,0,0,1,1,6.194282054901123,2.0587222576141357,1.0461878776550293,0.35561251640319824,0.0050313472747802734,0.009544849395751953
2969,0,0.5085641025641029,992,1000,1,1,2969.0,0,0,0,1,1,6.196407318115234,2.0600738525390625,1.046891689300537,0.35561251640319824,0.0050313472747802734,0.00955057144165039
2970,0,0.5085641025641029,992,1000,1,1,2970.0,0,0,0,1,1,6.197787761688232,2.061049461364746,1.047257661819458,0.35561251640319824,0.0050313472747802734,0.009554862976074219
2971,0,0.5085641025641029,992,1000,1,1,2971.0,0,0,0,1,1,6.198808193206787,2.061701774597168,1.0476021766662598,0.35561251640319824,0.0050313472747802734,0.00955653190612793
2972,0,0.5085641025641029,992,1000,1,1,2972.0,0,0,0,1,1,6.199657201766968,2.062211513519287,1.0479168891906738,0.35561251640319824,0.0050313472747802734,0.009557962417602539
2973,0,0.5085641025641029,992,1000,1,1,2973.0,0,0,0,1,1,6.200897932052612,2.062865972518921,1.048454999923706,0.35561251640319824,0.0050313472747802734,0.00955963134765625
2974,0,0.5085641025641029,992,1000,2,1,2974.0,0,0,0,1,1,6.202187538146973,2.0637717247009277,1.048792839050293,0.35561251640319824,0.0050313472747802734,0.009563922882080078
2975,0,0.5085641025641029,992,1000,5,5,2769.8,0,1,2,0,2,6.207594394683838,2.064279079437256,1.0494694709777832,0.35965394973754883,0.005049943923950195,0.009565114974975586
2976,0,0.5085641025641029,992,1000,1,1,2976.0,0,0,0,1,1,6.209642171859741,2.0651662349700928,1.0505576133728027,0.35965394973754883,0.005049943923950195,0.009566783905029297
2977,0,0.5085641025641029,992,1000,2,1,2977.0,0,0,0,1,1,6.211878538131714,2.0666134357452393,1.0512595176696777,0.35965394973754883,0.005049943923950195,0.009577035903930664
2978,0,0.5085641025641029,992,1000,1,1,2978.0,0,0,0,1,1,6.213450193405151,2.0677237510681152,1.051673173904419,0.35965394973754883,0.005049943923950195,0.009581804275512695
2979,0,0.5085641025641029,992,1000,1,1,2979.0,0,0,0,1,1,6.21440577507019,2.068312883377075,1.0520095825195312,0.35965394973754883,0.005049943923950195,0.009584188461303711
2980,0,0.5085641025641029,992,1000,1,1,2980.0,0,0,0,1,1,6.215684175491333,2.0690114498138428,1.0525434017181396,0.35965394973754883,0.005049943923950195,0.009586095809936523
2981,0,0.5085641025641029,992,1000,3,1,2981.0,0,0,0,1,1,6.217228889465332,2.070124387741089,1.0529263019561768,0.35965394973754883,0.005049943923950195,0.009590387344360352
2982,0,0.5085641025641029,992,1000,4,1,2982.0,0,0,0,1,1,6.218257188796997,2.070791721343994,1.053246259689331,0.35965394973754883,0.005049943923950195,0.009592294692993164
2983,0,0.5085641025641029,992,1000,1,1,2983.0,0,0,0,1,1,6.219271183013916,2.0714380741119385,1.053584337234497,0.35965394973754883,0.005049943923950195,0.009593486785888672
2984,0,0.5085641025641029,992,1000,1,1,2984.0,0,0,0,1,1,6.220228672027588,2.0720136165618896,1.053905963897705,0.35965394973754883,0.005049943923950195,0.00959467887878418
2985,0,0.5085641025641029,993,1000,1,1,2985.0,0,0,0,1,0,6.22113561630249,2.0725600719451904,1.0542421340942383,0.35965394973754883,0.005049943923950195,0.009595870971679688
2986,0,0.5085641025641029,993,1000,3,1,2986.0,0,0,0,1,1,6.222064256668091,2.073138475418091,1.0545554161071777,0.35965394973754883,0.005049943923950195,0.009597301483154297
2987,0,0.5085641025641029,993,1000,1,1,2987.0,0,0,0,1,1,6.222980737686157,2.073683500289917,1.0548937320709229,0.35965394973754883,0.005049943923950195,0.009598493576049805
2988,0,0.5085641025641029,993,1000,3,1,2988.0,0,0,0,1,1,6.2239158153533936,2.074275255203247,1.055201530456543,0.35965394973754883,0.005049943923950195,0.009599924087524414
2989,0,0.5085641025641029,993,1000,1,1,2989.0,0,0,0,1,1,6.224895238876343,2.074822187423706,1.0556070804595947,0.35965394973754883,0.005049943923950195,0.009601354598999023
2990,0,0.5085641025641029,993,1000,1,1,2990.0,0,0,0,1,1,6.227691173553467,2.076465606689453,1.0566637516021729,0.35965394973754883,0.005049943923950195,0.00960540771484375
2991,0,0.5085641025641029,993,1000,1,1,2991.0,0,0,0,1,1,6.2297751903533936,2.077921152114868,1.0572314262390137,0.35965394973754883,0.005049943923950195,0.009611845016479492
2992,0,0.5085641025641029,993,1000,1,1,2992.0,0,0,0,1,1,6.231840372085571,2.0793042182922363,1.0578489303588867,0.35965394973754883,0.005049943923950195,0.009615421295166016
2993,0,0.5085641025641029,993,1000,1,1,2993.0,0,0,0,1,1,6.2329981327056885,2.0800514221191406,1.0582194328308105,0.35965394973754883,0.005049943923950195,0.009620189666748047
2994,0,0.5085641025641029,993,1000,1,1,2994.0,0,0,0,1,1,6.234044075012207,2.080714702606201,1.0585741996765137,0.35965394973754883,0.005049943923950195,0.009621858596801758
2995,0,0.5085641025641029,993,1000,1,1,1630.0,0,0,2,0,2,6.235976696014404,2.0812432765960693,1.059328556060791,0.36017346382141113,0.005068302154541016,0.00962376594543457
2996,0,0.5085641025641029,993,1000,1,1,2996.0,0,0,0,1,1,6.236936092376709,2.0818381309509277,1.059661626815796,0.36017346382141113,0.005068302154541016,0.009625434875488281
2997,0,0.5085641025641029,993,1000,2,1,2997.0,0,0,0,1,1,6.238530397415161,2.082831621170044,1.060206651687622,0.36017346382141113,0.005068302154541016,0.009627103805541992
2998,0,0.5085641025641029,993,1000,4,1,2651.0,0,0,0,0,0,6.2393035888671875,2.08357834815979,1.0602071285247803,0.36017346382141113,0.005068302154541016,0.00962972640991211
2999,0,0.51476923076923,993,1000,1,1,2999.0,0,0,0,1,1,6.240495920181274,2.0842363834381104,1.0605709552764893,0.36017346382141113,0.005068302154541016,0.00963139533996582
3000,0,0.51476923076923,993,1000,2,2,2865.3333333333335,0,0,1,0,1,6.2477991580963135,2.0848021507263184,1.062842845916748,0.36449432373046875,0.00508427619934082,0.00977468490600586
3001,0,0.51476923076923,993,1000,1,1,3001.0,0,0,0,1,1,6.249734878540039,2.0860631465911865,1.0634455680847168,0.36449432373046875,0.00508427619934082,0.009781360626220703
3002,0,0.51476923076923,993,1000,1,1,3002.0,0,0,0,1,1,6.250922203063965,2.0868427753448486,1.0638105869293213,0.36449432373046875,0.00508427619934082,0.009785652160644531
3003,0,0.51476923076923,993,1000,1,1,3003.0,0,0,0,1,1,6.251927375793457,2.0874788761138916,1.0641529560089111,0.36449432373046875,0.00508427619934082,0.009787559509277344
3004,0,0.51476923076923,993,1000,1,1,3004.0,0,0,0,1,1,6.2528440952301025,2.0880379676818848,1.064486026763916,0.36449432373046875,0.00508427619934082,0.009788990020751953
3005,0,0.51476923076923,994,1000,1,1,3005.0,0,0,0,1,0,6.253736734390259,2.0885722637176514,1.064821481704712,0.36449432373046875,0.00508427619934082,0.00978994369506836
3006,0,0.51476923076923,994,1000,4,1,2904.0,0,0,2,0,2,6.261064052581787,2.089146137237549,1.0672016143798828,0.36873793601989746,0.005100250244140625,0.009791135787963867
3007,0,0.51476923076923,994,1000,2,1,1999.0,0,0,2,0,2,6.264599800109863,2.090858221054077,1.0682704448699951,0.3693063259124756,0.005123138427734375,0.009801387786865234
3008,0,0.51476923076923,993,1000,1,1,1659.0,0,0,1,0,2,6.266999959945679,2.09197735786438,1.069098711013794,0.3696119785308838,0.00513768196105957,0.009807586669921875
3009,0,0.51476923076923,993,1000,2,1,3009.0,0,0,0,1,1,6.268496990203857,2.0930068492889404,1.0695140361785889,0.3696119785308838,0.00513768196105957,0.009810924530029297
3010,0,0.51476923076923,993,1000,1,1,3010.0,0,0,0,1,1,6.269593238830566,2.093717575073242,1.069854974746704,0.3696119785308838,0.00513768196105957,0.009813547134399414
3011,0,0.51476923076923,993,1000,3,1,3011.0,0,0,0,1,1,6.270681381225586,2.0944416522979736,1.0701797008514404,0.3696119785308838,0.00513768196105957,0.009815216064453125
3012,0,0.51476923076923,992,1000,1,1,2511.0,0,0,1,0,2,6.272311449050903,2.0950379371643066,1.070861577987671,0.369875431060791,0.0051517486572265625,0.009816646575927734
3013,0,0.51476923076923,992,1000,8,4,2765.75,0,0,2,0,2,6.279132604598999,2.095655918121338,1.0721442699432373,0.37467408180236816,0.0051610469818115234,0.009817838668823242
3014,0,0.51476923076923,992,1000,1,1,3014.0,0,0,0,1,1,6.281485319137573,2.097055196762085,1.073011875152588,0.37467408180236816,0.0051610469818115234,0.009825944900512695
3015,0,0.51476923076923,992,1000,1,1,3015.0,0,0,0,1,1,6.28437066078186,2.098494052886963,1.0743408203125,0.37467408180236816,0.0051610469818115234,0.00985097885131836
3016,0,0.51476923076923,992,1000,4,2,2865.3333333333335,0,0,0,0,0,6.285892009735107,2.099966049194336,1.0743415355682373,0.37467408180236816,0.0051610469818115234,0.009859085083007812
3017,0,0.51476923076923,992,1000,1,1,3017.0,0,0,0,1,1,6.287243127822876,2.1006784439086914,1.0749309062957764,0.37467408180236816,0.0051610469818115234,0.009862899780273438
3018,0,0.51476923076923,992,1000,1,1,3018.0,0,0,0,1,1,6.288286209106445,2.1013076305389404,1.0753140449523926,0.37467408180236816,0.0051610469818115234,0.00986480712890625
3019,0,0.51476923076923,992,1000,11,6,2808.0,0,0,2,0,2,6.296917676925659,2.1020350456237793,1.0773189067840576,0.3803837299346924,0.005184173583984375,0.009866714477539062
3020,0,0.51476923076923,992,1000,1,1,3020.0,0,0,0,1,1,6.299063444137573,2.10331654548645,1.0781071186065674,0.3803837299346924,0.005184173583984375,0.009873628616333008
3021,0,0.51476923076923,993,1000,1,1,3021.0,0,0,0,1,0,6.301077365875244,2.1046016216278076,1.0787692070007324,0.3803837299346924,0.005184173583984375,0.009879827499389648
3022,0,0.51476923076923,993,1000,1,1,3022.0,0,0,0,1,1,6.3034987449646,2.1062190532684326,1.079481840133667,0.3803837299346924,0.005184173583984375,0.009887456893920898
3023,0,0.51476923076923,993,1000,4,3,2899.0,0,0,0,0,0,6.30477499961853,2.1074612140655518,1.0794823169708252,0.3803837299346924,0.005184173583984375,0.009893178939819336
3024,0,0.51476923076923,993,1000,1,1,3024.0,0,0,0,1,1,6.305819034576416,2.108025074005127,1.0799190998077393,0.3803837299346924,0.005184173583984375,0.009894609451293945
3025,0,0.51476923076923,993,1000,4,1,3025.0,0,0,0,1,1,6.306990623474121,2.1086530685424805,1.0804157257080078,0.3803837299346924,0.005184173583984375,0.009896039962768555
3026,0,0.51476923076923,993,1000,2,1,3026.0,0,0,0,1,1,6.310133218765259,2.11031436920166,1.081770658493042,0.3803837299346924,0.005184173583984375,0.009900331497192383
3027,0,0.51476923076923,993,1000,1,1,3027.0,0,0,0,1,1,6.312610387802124,2.1119093894958496,1.0825703144073486,0.3803837299346924,0.005184173583984375,0.009908676147460938
3028,0,0.51476923076923,993,1000,4,1,3028.0,0,0,0,1,1,6.314399480819702,2.1131691932678223,1.0830347537994385,0.3803837299346924,0.005184173583984375,0.009913921356201172
3029,0,0.51476923076923,993,1000,2,1,3029.0,0,0,0,1,1,6.31669020652771,2.1145031452178955,1.0839128494262695,0.3803837299346924,0.005184173583984375,0.009916305541992188
3030,0,0.51476923076923,993,1000,1,1,3030.0,0,0,0,1,1,6.319127082824707,2.116039514541626,1.0847373008728027,0.3803837299346924,0.005184173583984375,0.009922981262207031
3031,0,0.51476923076923,993,1000,1,1,3031.0,0,0,0,1,1,6.320540189743042,2.1170427799224854,1.0851144790649414,0.3803837299346924,0.005184173583984375,0.009927511215209961
3032,0,0.51476923076923,993,1000,1,1,3032.0,0,0,0,1,1,6.321502685546875,2.117603302001953,1.085486650466919,0.3803837299346924,0.005184173583984375,0.009929656982421875
3033,0,0.51476923076923,993,1000,1,1,2818.0,0,0,2,0,2,6.323876142501831,2.118518590927124,1.086308479309082,0.3808772563934326,0.005204439163208008,0.00993204116821289
3034,0,0.51476923076923,993,1000,1,1,3034.0,0,0,0,1,1,6.325414419174194,2.1191956996917725,1.0871238708496094,0.3808772563934326,0.005204439163208008,0.009934425354003906
3035,0,0.51476923076923,993,1000,1,1,3035.0,0,0,0,1,1,6.328022241592407,2.1209118366241455,1.0879075527191162,0.3808772563934326,0.005204439163208008,0.009943008422851562
3036,0,0.51476923076923,993,1000,1,1,3036.0,0,0,0,1,1,6.329586744308472,2.1220879554748535,1.0882492065429688,0.3808772563934326,0.005204439163208008,0.009948968887329102
3037,0,0.51476923076923,993,1000,1,1,3037.0,0,0,0,1,1,6.331682443618774,2.123291254043579,1.0890789031982422,0.3808772563934326,0.005204439163208008,0.009952068328857422
3038,0,0.51476923076923,993,1000,1,1,3038.0,0,0,0,1,1,6.333831071853638,2.124737501144409,1.089719295501709,0.3808772563934326,0.005204439163208008,0.009957075119018555
3039,0,0.51476923076923,993,1000,2,1,3039.0,0,0,0,1,1,6.33508563041687,2.1255698204040527,1.0900976657867432,0.3808772563934326,0.005204439163208008,0.009959936141967773
3040,0,0.51476923076923,993,1000,4,1,3040.0,0,0,0,1,1,6.336151123046875,2.1262528896331787,1.090440034866333,0.3808772563934326,0.005204439163208008,0.009961605072021484
3041,0,0.51476923076923,993,1000,1,1,3041.0,0,0,0,1,1,6.337059736251831,2.126768112182617,1.090806484222412,0.3808772563934326,0.005204439163208008,0.009962797164916992
3042,0,0.51476923076923,992,1000,1,1,2957.0,0,0,1,0,2,6.343693733215332,2.1274592876434326,1.0924925804138184,0.384995698928833,0.005219459533691406,0.009965181350708008
3043,0,0.51476923076923,992,1000,1,1,3043.0,0,0,0,1,1,6.345697641372681,2.1290035247802734,1.0928881168365479,0.384995698928833,0.005219459533691406,0.009974479675292969
3044,0,0.51476923076923,992,1000,1,1,3044.0,0,0,0,1,1,6.346929550170898,2.1298468112945557,1.093240737915039,0.384995698928833,0.005219459533691406,0.009977102279663086
3045,0,0.51476923076923,992,1000,3,1,3045.0,0,0,0,1,1,6.348782777786255,2.1309592723846436,1.0939233303070068,0.384995698928833,0.005219459533691406,0.009979486465454102
3046,0,0.51476923076923,992,1000,2,1,3046.0,0,0,0,1,1,6.35019063949585,2.131978750228882,1.0942814350128174,0.384995698928833,0.005219459533691406,0.009982824325561523
3047,0,0.51476923076923,992,1000,1,1,3047.0,0,0,0,1,1,6.351141691207886,2.1325652599334717,1.094613790512085,0.384995698928833,0.005219459533691406,0.009984254837036133
3048,0,0.51476923076923,992,1000,3,1,2564.0,0,0,2,0,2,6.353272914886475,2.133173704147339,1.0955493450164795,0.38545775413513184,0.005235195159912109,0.009985685348510742
3049,0,0.51476923076923,992,1000,1,1,3049.0,0,0,0,1,1,6.35479211807251,2.1342852115631104,1.0959081649780273,0.38545775413513184,0.005235195159912109,0.00998997688293457
3050,0,0.51476923076923,992,1000,1,1,3050.0,0,0,0,1,1,6.355895042419434,2.1350154876708984,1.0962512493133545,0.38545775413513184,0.005235195159912109,0.009991884231567383
3051,0,0.51476923076923,992,1000,1,1,3051.0,0,0,0,1,1,6.356760501861572,2.1355228424072266,1.0965802669525146,0.38545775413513184,0.005235195159912109,0.009993314743041992
3052,0,0.51476923076923,993,1000,1,1,3052.0,0,0,0,1,0,6.357628583908081,2.1360511779785156,1.0968952178955078,0.38545775413513184,0.005235195159912109,0.009994745254516602
3053,0,0.51476923076923,993,1000,1,1,3053.0,0,0,0,1,1,6.359234094619751,2.136662006378174,1.0978214740753174,0.38545775413513184,0.005235195159912109,0.009996414184570312
3054,0,0.51476923076923,993,1000,1,1,3054.0,0,0,0,1,1,6.36162257194519,2.1382687091827393,1.0985126495361328,0.38545775413513184,0.005235195159912109,0.010007858276367188
3055,0,0.51476923076923,993,1000,1,1,2941.0,0,0,2,0,2,6.368044853210449,2.1392908096313477,1.0996568202972412,0.3895552158355713,0.005253791809082031,0.010018110275268555
3056,0,0.51476923076923,993,1000,1,1,2651.0,0,0,2,0,2,6.37447714805603,2.1407835483551025,1.100386381149292,0.3936295509338379,0.005270242691040039,0.010023832321166992
3057,0,0.51476923076923,993,1000,1,1,3057.0,0,0,0,1,1,6.377307415008545,2.1425905227661133,1.1013226509094238,0.3936295509338379,0.005270242691040039,0.010025978088378906
3058,0,0.51476923076923,993,1000,1,1,3058.0,0,0,0,1,1,6.379068851470947,2.143817663192749,1.1018073558807373,0.3936295509338379,0.005270242691040039,0.010031461715698242
3059,0,0.51476923076923,993,1000,1,1,3059.0,0,0,0,1,1,6.380864381790161,2.1450765132904053,1.1022937297821045,0.3936295509338379,0.005270242691040039,0.010034561157226562
3060,0,0.51476923076923,993,1000,1,1,3060.0,0,0,0,1,1,6.382158041000366,2.1458303928375244,1.1027989387512207,0.3936295509338379,0.005270242691040039,0.010037899017333984
3061,0,0.51476923076923,992,1000,4,1,2617.0,0,0,1,0,2,6.388899803161621,2.1474392414093018,1.1039154529571533,0.3974571228027344,0.00529170036315918,0.010043859481811523
3062,0,0.51476923076923,992,1000,1,1,3062.0,0,0,0,1,1,6.39060378074646,2.1487538814544678,1.1042492389678955,0.3974571228027344,0.00529170036315918,0.010049819946289062
3063,0,0.51476923076923,992,1000,1,1,2890.0,0,0,2,0,2,6.397618532180786,2.1493990421295166,1.105794906616211,0.40213584899902344,0.00531005859375,0.010051488876342773
3064,0,0.51476923076923,992,1000,1,1,3064.0,0,0,0,1,1,6.399841785430908,2.150864362716675,1.1064698696136475,0.40213584899902344,0.00531005859375,0.010059356689453125
3065,0,0.51476923076923,992,1000,1,1,3065.0,0,0,0,1,1,6.401820421218872,2.1520891189575195,1.107161045074463,0.40213584899902344,0.00531005859375,0.010065078735351562
3066,0,0.51476923076923,993,1000,1,1,3066.0,0,0,0,1,0,6.403036117553711,2.152949094772339,1.1074845790863037,0.40213584899902344,0.00531005859375,0.010069847106933594
3067,0,0.51476923076923,993,1000,1,1,3067.0,0,0,0,1,1,6.404017210006714,2.1535730361938477,1.1078109741210938,0.40213584899902344,0.00531005859375,0.010071516036987305
3068,0,0.51476923076923,993,1000,1,1,3061.0,0,0,0,0,0,6.404564619064331,2.1541085243225098,1.107811450958252,0.40213584899902344,0.00531005859375,0.010072946548461914
3069,0,0.51476923076923,992,1000,1,1,2721.0,0,0,1,0,2,6.410508871078491,2.1546425819396973,1.109544277191162,0.40570640563964844,0.005326271057128906,0.010074377059936523
3070,0,0.51476923076923,992,1000,1,1,3070.0,0,0,0,1,1,6.412561655044556,2.1559910774230957,1.1101672649383545,0.40570640563964844,0.005326271057128906,0.010082721710205078
3071,0,0.51476923076923,992,1000,2,1,3071.0,0,0,0,1,1,6.41408109664917,2.1570844650268555,1.110541582107544,0.40570640563964844,0.005326271057128906,0.010087013244628906
3072,0,0.51476923076923,992,1000,1,1,3072.0,0,0,0,1,1,6.415062427520752,2.1576833724975586,1.110896348953247,0.40570640563964844,0.005326271057128906,0.010088920593261719
3073,0,0.51476923076923,992,1000,3,2,2976.5,0,0,0,0,0,6.41609787940979,2.1586902141571045,1.1108970642089844,0.40570640563964844,0.005326271057128906,0.01009058952331543
3074,0,0.51476923076923,992,1000,1,1,3074.0,0,0,0,1,1,6.417486190795898,2.15932559967041,1.111600637435913,0.40570640563964844,0.005326271057128906,0.01009368896484375
3075,0,0.51476923076923,992,1000,1,1,3075.0,0,0,0,1,1,6.418464660644531,2.1599223613739014,1.111952543258667,0.40570640563964844,0.005326271057128906,0.010095596313476562
3076,0,0.51476923076923,992,1000,1,1,3076.0,0,0,0,1,1,6.419399976730347,2.1604907512664795,1.112292766571045,0.40570640563964844,0.005326271057128906,0.01009678840637207
3077,0,0.51476923076923,992,1000,1,1,3077.0,0,0,0,1,1,6.420314073562622,2.1610288619995117,1.1126453876495361,0.40570640563964844,0.005326271057128906,0.01009821891784668
3078,0,0.51476923076923,992,1000,1,1,3078.0,0,0,0,1,1,6.421196460723877,2.16153621673584,1.1129920482635498,0.40570640563964844,0.005326271057128906,0.010099649429321289
3079,0,0.51476923076923,992,1000,1,1,3079.0,0,0,0,1,1,6.422016859054565,2.1620306968688965,1.1132926940917969,0.40570640563964844,0.005326271057128906,0.010101079940795898
3080,0,0.51476923076923,992,1000,1,1,3080.0,0,0,0,1,1,6.422910690307617,2.162572145462036,1.1136212348937988,0.40570640563964844,0.005326271057128906,0.010102510452270508
3081,0,0.51476923076923,992,1000,1,1,3081.0,0,0,0,1,1,6.423752546310425,2.1630544662475586,1.1139576435089111,0.40570640563964844,0.005326271057128906,0.010104179382324219
3082,0,0.51476923076923,992,1000,2,1,3082.0,0,0,0,1,1,6.424818754196167,2.163607120513916,1.114438533782959,0.40570640563964844,0.005326271057128906,0.010105371475219727
3083,0,0.51476923076923,992,1000,1,1,3083.0,0,0,0,1,1,6.427399158477783,2.164961576461792,1.115565538406372,0.40570640563964844,0.005326271057128906,0.01011037826538086
3084,0,0.51476923076923,992,1000,1,1,3084.0,0,0,0,1,1,6.429789304733276,2.1666829586029053,1.1161651611328125,0.40570640563964844,0.005326271057128906,0.010117769241333008
3085,0,0.51476923076923,992,1000,2,1,2776.0,0,0,2,0,2,6.436305284500122,2.167665719985962,1.1172831058502197,0.4099857807159424,0.005342006683349609,0.010121822357177734
3086,0,0.51476923076923,992,1000,1,1,3086.0,0,0,0,1,1,6.43799614906311,2.1689844131469727,1.117595911026001,0.4099857807159424,0.005342006683349609,0.010128021240234375
3087,0,0.51476923076923,992,1000,1,1,3087.0,0,0,0,1,1,6.438932180404663,2.1695590019226074,1.1179277896881104,0.4099857807159424,0.005342006683349609,0.010129451751708984
3088,0,0.51476923076923,992,1000,2,1,3088.0,0,0,0,1,1,6.439927816390991,2.170179605484009,1.1182777881622314,0.4099857807159424,0.005342006683349609,0.010131120681762695
3089,0,0.51476923076923,992,1000,1,1,3089.0,0,0,0,1,1,6.441869735717773,2.1707804203033447,1.1195805072784424,0.4099857807159424,0.005342006683349609,0.010132789611816406
3090,0,0.51476923076923,992,1000,1,1,3090.0,0,0,0,1,1,6.444781064987183,2.1727213859558105,1.1204380989074707,0.4099857807159424,0.005342006683349609,0.010142803192138672
3091,0,0.51476923076923,992,1000,1,1,3091.0,0,0,0,1,1,6.446918249130249,2.174154043197632,1.1210780143737793,0.4099857807159424,0.005342006683349609,0.010149955749511719
3092,0,0.51476923076923,992,1000,1,1,3092.0,0,0,0,1,1,6.448574066162109,2.175220489501953,1.1216228008270264,0.4099857807159424,0.005342006683349609,0.01015329360961914
3093,0,0.51476923076923,992,1000,1,1,3093.0,0,0,0,1,1,6.449886322021484,2.17608904838562,1.1220216751098633,0.4099857807159424,0.005342006683349609,0.010157108306884766
3094,0,0.51476923076923,992,1000,1,1,3094.0,0,0,0,1,1,6.450860261917114,2.1767261028289795,1.1223318576812744,0.4099857807159424,0.005342006683349609,0.010158538818359375
3095,0,0.51476923076923,992,1000,1,1,3095.0,0,0,0,1,1,6.45183539390564,2.1773276329040527,1.1226787567138672,0.4099857807159424,0.005342006683349609,0.010159730911254883
3096,0,0.51476923076923,992,1000,1,1,3096.0,0,0,0,1,1,6.452733755111694,2.177863121032715,1.1230134963989258,0.4099857807159424,0.005342006683349609,0.010161638259887695
3097,0,0.51476923076923,992,1000,2,2,2460.5,0,0,2,0,2,6.456311941146851,2.178391695022583,1.1236724853515625,0.4122188091278076,0.005360603332519531,0.010162830352783203
3098,0,0.51476923076923,992,1000,1,1,3098.0,0,0,0,1,1,6.457318305969238,2.179023504257202,1.1240174770355225,0.4122188091278076,0.005360603332519531,0.010164499282836914
3099,0,0.51476923076923,992,1000,2,1,3099.0,0,0,0,1,1,6.458304405212402,2.1795451641082764,1.1244525909423828,0.4122188091278076,0.005360603332519531,0.010166168212890625
3100,0,0.51476923076923,991,1000,1,1,2709.0,0,0,1,0,2,6.465072870254517,2.181373357772827,1.125542402267456,0.4158928394317627,0.005382537841796875,0.01016998291015625
3101,0,0.51476923076923,991,1000,1,1,3101.0,0,0,0,1,1,6.466694355010986,2.1825826168060303,1.1258978843688965,0.4158928394317627,0.005382537841796875,0.010175943374633789
3102,0,0.51476923076923,991,1000,1,1,3102.0,0,0,0,1,1,6.467783212661743,2.1833107471466064,1.126225233078003,0.4158928394317627,0.005382537841796875,0.01017904281616211
3103,0,0.51476923076923,991,1000,2,1,3103.0,0,0,0,1,1,6.468784809112549,2.1839170455932617,1.126577377319336,0.4158928394317627,0.005382537841796875,0.01018071174621582
3104,0,0.51476923076923,991,1000,1,1,3104.0,0,0,0,1,1,6.4696855545043945,2.184455156326294,1.1269152164459229,0.4158928394317627,0.005382537841796875,0.010182380676269531
3105,0,0.51476923076923,991,1000,1,1,3105.0,0,0,0,1,1,6.470584392547607,2.184967517852783,1.127274513244629,0.4158928394317627,0.005382537841796875,0.010184049606323242
3106,0,0.51476923076923,991,1000,3,3,2836.25,0,0,2,0,2,6.47724723815918,2.185565233230591,1.12896728515625,0.4201467037200928,0.005398988723754883,0.010185480117797852
3107,0,0.51476923076923,991,1000,1,1,3107.0,0,0,0,1,1,6.479048728942871,2.1868295669555664,1.129436731338501,0.4201467037200928,0.005398988723754883,0.010192394256591797
3108,0,0.51476923076923,991,1000,1,1,3108.0,0,0,0,1,1,6.480290651321411,2.18766188621521,1.129805564880371,0.4201467037200928,0.005398988723754883,0.010196685791015625
3109,0,0.51476923076923,991,1000,1,1,3109.0,0,0,0,1,1,6.481733798980713,2.188270092010498,1.1305952072143555,0.4201467037200928,0.005398988723754883,0.010198354721069336
3110,0,0.51476923076923,991,1000,1,1,3110.0,0,0,0,1,1,6.4838714599609375,2.1897172927856445,1.1312122344970703,0.4201467037200928,0.005398988723754883,0.010206937789916992
3111,0,0.51476923076923,991,1000,2,1,3111.0,0,0,0,1,1,6.485331773757935,2.190744638442993,1.1315922737121582,0.4201467037200928,0.005398988723754883,0.010211944580078125
3112,0,0.51476923076923,991,1000,1,1,3112.0,0,0,0,1,1,6.486218214035034,2.1912972927093506,1.1318943500518799,0.4201467037200928,0.005398988723754883,0.010213851928710938
3113,0,0.51476923076923,991,1000,1,1,3113.0,0,0,0,1,1,6.487166881561279,2.1919074058532715,1.1322081089019775,0.4201467037200928,0.005398988723754883,0.010215282440185547
3114,0,0.51476923076923,991,1000,1,1,3114.0,0,0,0,1,1,6.48810338973999,2.192471504211426,1.1325533390045166,0.4201467037200928,0.005398988723754883,0.010216951370239258
3115,0,0.51476923076923,991,1000,4,1,3115.0,0,0,0,1,1,6.489020347595215,2.193019390106201,1.1328933238983154,0.4201467037200928,0.005398988723754883,0.010218381881713867
3116,0,0.51476923076923,991,1000,1,1,3116.0,0,0,0,1,1,6.489860534667969,2.1934988498687744,1.1332309246063232,0.4201467037200928,0.005398988723754883,0.010219812393188477
3117,0,0.51476923076923,991,1000,3,1,3117.0,0,0,0,1,1,6.491564035415649,2.1939940452575684,1.1343941688537598,0.4201467037200928,0.005398988723754883,0.010221242904663086
3118,0,0.51476923076923,991,1000,1,1,3118.0,0,0,0,1,1,6.495929479598999,2.1966376304626465,1.1359984874725342,0.4201467037200928,0.005398988723754883,0.010232925415039062
3119,0,0.51476923076923,991,1000,2,1,3119.0,0,0,0,1,1,6.498524904251099,2.1982741355895996,1.1368560791015625,0.4201467037200928,0.005398988723754883,0.010244607925415039
3120,0,0.51476923076923,991,1000,1,1,3120.0,0,0,0,1,1,6.501204013824463,2.2000768184661865,1.1376476287841797,0.4201467037200928,0.005398988723754883,0.010251045227050781
3121,0,0.51476923076923,991,1000,3,2,2970.0,0,0,0,0,0,6.502706050872803,2.20153546333313,1.137648582458496,0.4201467037200928,0.005398988723754883,0.010258197784423828
3122,0,0.51476923076923,991,1000,1,1,3122.0,0,0,0,1,1,6.504918813705444,2.2029056549072266,1.1384170055389404,0.4201467037200928,0.005398988723754883,0.01026153564453125
3123,0,0.51476923076923,991,1000,1,1,3123.0,0,0,0,1,1,6.506880283355713,2.204165458679199,1.1390612125396729,0.4201467037200928,0.005398988723754883,0.010267019271850586
3124,0,0.51476923076923,991,1000,2,1,2750.0,0,0,2,0,2,6.510447025299072,2.205467462539673,1.1402077674865723,0.42106080055236816,0.0054225921630859375,0.010272026062011719
3125,0,0.51476923076923,992,1000,1,1,3125.0,0,0,0,1,0,6.512258052825928,2.2068116664886475,1.1406095027923584,0.42106080055236816,0.0054225921630859375,0.010278463363647461
3126,0,0.51476923076923,992,1000,3,1,3126.0,0,0,0,1,1,6.5135486125946045,2.2077109813690186,1.1409542560577393,0.42106080055236816,0.0054225921630859375,0.010281801223754883
3127,0,0.51476923076923,992,1000,1,1,3127.0,0,0,0,1,1,6.514494180679321,2.208279609680176,1.1413028240203857,0.42106080055236816,0.0054225921630859375,0.010283231735229492
3128,0,0.51476923076923,992,1000,1,1,3128.0,0,0,0,1,1,6.515526533126831,2.2088966369628906,1.1416847705841064,0.42106080055236816,0.0054225921630859375,0.010284662246704102
3129,0,0.51476923076923,992,1000,1,1,3129.0,0,0,0,1,1,6.5164573192596436,2.2094640731811523,1.1420183181762695,0.42106080055236816,0.0054225921630859375,0.010286569595336914
3130,0,0.51476923076923,992,1000,1,1,3130.0,0,0,0,1,1,6.517276048660278,2.209942579269409,1.1423308849334717,0.42106080055236816,0.0054225921630859375,0.010288238525390625
3131,0,0.51476923076923,992,1000,1,1,3131.0,0,0,0,1,1,6.518169403076172,2.2104954719543457,1.142641544342041,0.42106080055236816,0.0054225921630859375,0.010289669036865234
3132,0,0.51476923076923,992,1000,1,1,2944.0,0,0,2,0,2,6.5200207233428955,2.2110965251922607,1.14335298538208,0.4214959144592285,0.005440950393676758,0.010290861129760742
3133,0,0.51476923076923,992,1000,1,1,3133.0,0,0,0,1,1,6.520986557006836,2.2117247581481934,1.14365553855896,0.4214959144592285,0.005440950393676758,0.010293245315551758
3134,0,0.51476923076923,992,1000,1,1,3134.0,0,0,0,1,1,6.521957635879517,2.2123289108276367,1.1439993381500244,0.4214959144592285,0.005440950393676758,0.010294675827026367
3135,0,0.51476923076923,992,1000,1,1,3135.0,0,0,0,1,1,6.522998809814453,2.212822675704956,1.1444802284240723,0.4214959144592285,0.005440950393676758,0.010296106338500977
3136,0,0.51476923076923,992,1000,1,1,3136.0,0,0,0,1,1,6.524487495422363,2.2138314247131348,1.1449127197265625,0.4214959144592285,0.005440950393676758,0.0102996826171875
3137,0,0.51476923076923,992,1000,1,1,3137.0,0,0,0,1,1,6.526488542556763,2.2147560119628906,1.14591646194458,0.4214959144592285,0.005440950393676758,0.010302066802978516
3138,0,0.51476923076923,992,1000,2,1,3138.0,0,0,0,1,1,6.528956413269043,2.2163779735565186,1.146684169769287,0.4214959144592285,0.005440950393676758,0.010310173034667969
3139,0,0.51476923076923,992,1000,1,1,3139.0,0,0,0,1,1,6.530466318130493,2.2174489498138428,1.1470825672149658,0.4214959144592285,0.005440950393676758,0.010315418243408203
3140,0,0.51476923076923,992,1000,2,2,2982.5,0,0,2,0,2,6.536653280258179,2.218235492706299,1.148087978363037,0.42574334144592285,0.0054666996002197266,0.010317802429199219
3141,0,0.51476923076923,992,1000,1,1,3141.0,0,0,0,1,1,6.538447380065918,2.2195329666137695,1.1485099792480469,0.42574334144592285,0.0054666996002197266,0.01032257080078125
3142,0,0.51476923076923,991,1000,1,1,2825.0,0,0,1,0,2,6.5462071895599365,2.22053861618042,1.151029109954834,0.42984652519226074,0.005482673645019531,0.010326623916625977
3143,0,0.51476923076923,991,1000,1,1,3143.0,0,0,0,1,1,6.548543930053711,2.222031831741333,1.1517963409423828,0.42984652519226074,0.005482673645019531,0.010334014892578125
3144,0,0.51476923076923,991,1000,1,1,3144.0,0,0,0,1,1,6.550771951675415,2.223522663116455,1.1524708271026611,0.42984652519226074,0.005482673645019531,0.010339498519897461
3145,0,0.51476923076923,991,1000,1,1,3145.0,0,0,0,1,1,6.552947759628296,2.224811315536499,1.1532902717590332,0.42984652519226074,0.005482673645019531,0.010343790054321289
3146,0,0.51476923076923,991,1000,1,1,3146.0,0,0,0,1,1,6.5553741455078125,2.226088523864746,1.1543705463409424,0.42984652519226074,0.005482673645019531,0.010348796844482422
3147,0,0.51476923076923,991,1000,4,3,3005.3333333333335,0,1,2,0,2,6.563168525695801,2.2274582386016846,1.1554856300354004,0.4349501132965088,0.005507469177246094,0.010355472564697266
3148,0,0.51476923076923,991,1000,1,1,3148.0,0,0,0,1,1,6.565557241439819,2.228626012802124,1.1566026210784912,0.4349501132965088,0.005507469177246094,0.010361194610595703
3149,0,0.51476923076923,991,1000,1,1,3149.0,0,0,0,1,1,6.568096876144409,2.230257511138916,1.1574368476867676,0.4349501132965088,0.005507469177246094,0.010368585586547852
3150,0,0.51476923076923,991,1000,1,1,3150.0,0,0,0,1,1,6.569707870483398,2.2312567234039307,1.1579909324645996,0.4349501132965088,0.005507469177246094,0.010374069213867188
3151,0,0.51476923076923,991,1000,1,1,3151.0,0,0,0,1,1,6.570903062820435,2.2320942878723145,1.1583104133605957,0.4349501132965088,0.005507469177246094,0.010378360748291016
3152,0,0.51476923076923,991,1000,1,1,3152.0,0,0,0,1,1,6.571873188018799,2.232722043991089,1.1586296558380127,0.4349501132965088,0.005507469177246094,0.010380029678344727
3153,0,0.51476923076923,991,1000,2,1,3153.0,0,0,0,1,1,6.573376655578613,2.2334272861480713,1.1593520641326904,0.4349501132965088,0.005507469177246094,0.010381221771240234
3154,0,0.51476923076923,991,1000,1,1,3154.0,0,0,0,1,1,6.574514865875244,2.234199285507202,1.1596851348876953,0.4349501132965088,0.005507469177246094,0.010385751724243164
3155,0,0.51476923076923,991,1000,1,1,3155.0,0,0,0,1,1,6.577062368392944,2.235795259475708,1.1605339050292969,0.4349501132965088,0.005507469177246094,0.010387420654296875
3156,0,0.51476923076923,991,1000,1,1,3156.0,0,0,0,1,1,6.579067707061768,2.237169027328491,1.161107063293457,0.4349501132965088,0.005507469177246094,0.01039433479309082
3157,0,0.51476923076923,991,1000,2,1,3157.0,0,0,0,1,1,6.581148147583008,2.2386341094970703,1.1616666316986084,0.4349501132965088,0.005507469177246094,0.010398387908935547
3158,0,0.51476923076923,991,1000,4,1,3158.0,0,0,0,1,1,6.583414554595947,2.2400996685028076,1.1623976230621338,0.4349501132965088,0.005507469177246094,0.010401010513305664
3159,0,0.51476923076923,991,1000,1,1,3159.0,0,0,0,1,1,6.587342739105225,2.242004632949829,1.1643202304840088,0.4349501132965088,0.005507469177246094,0.010404825210571289
3160,0,0.51476923076923,991,1000,4,4,2891.6,0,0,2,0,2,6.594966650009155,2.243525266647339,1.1657826900482178,0.4393887519836426,0.005542278289794922,0.010412216186523438
3161,0,0.51476923076923,991,1000,1,1,3161.0,0,0,0,1,1,6.597414016723633,2.24515700340271,1.1665241718292236,0.4393887519836426,0.005542278289794922,0.010419368743896484
3162,0,0.51476923076923,991,1000,1,1,3162.0,0,0,0,1,1,6.599305868148804,2.2463760375976562,1.167142391204834,0.4393887519836426,0.005542278289794922,0.010426521301269531
3163,0,0.51476923076923,991,1000,1,1,3163.0,0,0,0,1,1,6.601098299026489,2.2476089000701904,1.167646884918213,0.4393887519836426,0.005542278289794922,0.010432720184326172
3164,0,0.51476923076923,990,1000,1,1,1387.0,0,0,1,0,2,6.603002071380615,2.2482759952545166,1.1683413982391357,0.43978357315063477,0.005560874938964844,0.010434389114379883
3165,0,0.51476923076923,990,1000,2,2,3100.5,0,0,2,0,2,6.60839581489563,2.248833179473877,1.1691081523895264,0.4437525272369385,0.0055696964263916016,0.010436296463012695
3166,0,0.51476923076923,990,1000,1,1,3166.0,0,0,0,1,1,6.610947608947754,2.250479221343994,1.1699388027191162,0.4437525272369385,0.0055696964263916016,0.010442018508911133
3167,0,0.51476923076923,990,1000,7,3,2898.6666666666665,0,1,2,0,2,6.6180419921875,2.251938581466675,1.1710920333862305,0.44800662994384766,0.0055904388427734375,0.01044774055480957
3168,0,0.51476923076923,990,1000,1,1,3168.0,0,0,0,1,1,6.619598388671875,2.2530996799468994,1.1714293956756592,0.44800662994384766,0.0055904388427734375,0.010453939437866211
3169,0,0.51476923076923,990,1000,1,1,3169.0,0,0,0,1,1,6.620600461959839,2.253748655319214,1.1717519760131836,0.44800662994384766,0.0055904388427734375,0.010456085205078125
3170,0,0.51476923076923,990,1000,1,1,3170.0,0,0,0,1,1,6.621461391448975,2.2542684078216553,1.172062635421753,0.44800662994384766,0.0055904388427734375,0.010457992553710938
3171,0,0.51476923076923,990,1000,1,1,3171.0,0,0,0,1,1,6.622293472290039,2.2547779083251953,1.172363042831421,0.44800662994384766,0.0055904388427734375,0.010459423065185547
3172,0,0.51476923076923,990,1000,3,1,3172.0,0,0,0,1,1,6.623298645019531,2.255403757095337,1.172713041305542,0.44800662994384766,0.0055904388427734375,0.010460853576660156
3173,0,0.51476923076923,990,1000,1,1,3173.0,0,0,0,1,1,6.624168872833252,2.2559187412261963,1.173041582107544,0.44800662994384766,0.0055904388427734375,0.010462045669555664
3174,0,0.51476923076923,989,1000,1,1,2941.0,0,0,1,0,2,6.6300694942474365,2.2565300464630127,1.1740543842315674,0.45214033126831055,0.0056073665618896484,0.010463714599609375
3175,0,0.51476923076923,989,1000,1,1,3175.0,0,0,0,1,1,6.6317315101623535,2.2578065395355225,1.1743841171264648,0.45214033126831055,0.0056073665618896484,0.01047062873840332
3176,0,0.51476923076923,989,1000,1,1,3176.0,0,0,0,1,1,6.633359432220459,2.2584786415100098,1.1752817630767822,0.45214033126831055,0.0056073665618896484,0.010473251342773438
3177,0,0.51476923076923,989,1000,1,1,3177.0,0,0,0,1,1,6.635740518569946,2.2600178718566895,1.1760447025299072,0.45214033126831055,0.0056073665618896484,0.010480165481567383
3178,0,0.51476923076923,989,1000,1,1,3178.0,0,0,0,1,1,6.637059926986694,2.26092529296875,1.1764183044433594,0.45214033126831055,0.0056073665618896484,0.010485410690307617
3179,0,0.51476923076923,989,1000,2,2,3027.0,0,0,2,0,2,6.64384651184082,2.261619806289673,1.1781508922576904,0.4563720226287842,0.005625009536743164,0.010487079620361328
3180,0,0.51476923076923,989,1000,1,1,3180.0,0,0,0,1,1,6.646267652511597,2.2631475925445557,1.1789610385894775,0.4563720226287842,0.005625009536743164,0.010494709014892578
3181,0,0.51476923076923,988,1000,2,2,2755.4,0,0,1,0,2,6.65254807472229,2.2643280029296875,1.1803278923034668,0.4599471092224121,0.005644083023071289,0.01050114631652832
3182,0,0.51476923076923,988,1000,2,1,3182.0,0,0,0,1,1,6.654688358306885,2.2657699584960938,1.1809444427490234,0.4599471092224121,0.005644083023071289,0.01050877571105957
3183,0,0.51476923076923,988,1000,1,1,3183.0,0,0,0,1,1,6.656086683273315,2.266752243041992,1.181319236755371,0.4599471092224121,0.005644083023071289,0.01051473617553711
3184,0,0.51476923076923,988,1000,1,1,3184.0,0,0,0,1,1,6.657073736190796,2.2673537731170654,1.181675910949707,0.4599471092224121,0.005644083023071289,0.010516643524169922
3185,0,0.51476923076923,988,1000,2,1,3185.0,0,0,0,1,1,6.6581199169158936,2.267916440963745,1.1821234226226807,0.4599471092224121,0.005644083023071289,0.010518074035644531
3186,0,0.51476923076923,988,1000,1,1,3186.0,0,0,0,1,1,6.660998582839966,2.2697558403015137,1.1830816268920898,0.4599471092224121,0.005644083023071289,0.010524511337280273
3187,0,0.51476923076923,988,1000,1,1,3187.0,0,0,0,1,1,6.663079738616943,2.2710301876068115,1.1838111877441406,0.4599471092224121,0.005644083023071289,0.010531425476074219
3188,0,0.51476923076923,988,1000,1,1,3188.0,0,0,0,1,1,6.6644556522369385,2.271822690963745,1.1843509674072266,0.4599471092224121,0.005644083023071289,0.010535955429077148
3189,0,0.51476923076923,989,1000,1,1,3189.0,0,0,0,1,0,6.665882587432861,2.272805690765381,1.1847426891326904,0.4599471092224121,0.005644083023071289,0.010540485382080078
3190,0,0.51476923076923,989,1000,1,1,3190.0,0,0,0,1,1,6.666920185089111,2.273449182510376,1.185105800628662,0.4599471092224121,0.005644083023071289,0.010542631149291992
3191,0,0.51476923076923,989,1000,1,1,3191.0,0,0,0,1,1,6.668612241744995,2.2744078636169434,1.1857781410217285,0.4599471092224121,0.005644083023071289,0.01054525375366211
3192,0,0.51476923076923,988,1000,5,2,2934.5,0,0,1,0,2,6.675182104110718,2.2756800651550293,1.1869664192199707,0.46384358406066895,0.00570988655090332,0.010550260543823242
3193,0,0.51476923076923,988,1000,1,1,3193.0,0,0,0,1,1,6.678171157836914,2.277661085128784,1.1878862380981445,0.46384358406066895,0.00570988655090332,0.010560750961303711
3194,0,0.51476923076923,988,1000,2,1,3194.0,0,0,0,1,1,6.680808067321777,2.279452085494995,1.188647747039795,0.46384358406066895,0.00570988655090332,0.010568618774414062
3195,0,0.51476923076923,988,1000,1,1,3195.0,0,0,0,1,1,6.683142185211182,2.2808709144592285,1.1894798278808594,0.46384358406066895,0.00570988655090332,0.0105743408203125
3196,0,0.51476923076923,988,1000,1,1,3196.0,0,0,0,1,1,6.685360670089722,2.282339572906494,1.1901538372039795,0.46384358406066895,0.00570988655090332,0.010580778121948242
3197,0,0.51476923076923,988,1000,1,1,3197.0,0,0,0,1,1,6.686746120452881,2.2833735942840576,1.1904685497283936,0.46384358406066895,0.00570988655090332,0.010585546493530273
3198,0,0.51476923076923,988,1000,1,1,3198.0,0,0,0,1,1,6.687729835510254,2.2840170860290527,1.1907799243927002,0.46384358406066895,0.00570988655090332,0.010587215423583984
3199,0,0.51476923076923,989,1000,1,1,3199.0,0,0,0,1,0,6.688631296157837,2.284564733505249,1.1911101341247559,0.46384358406066895,0.00570988655090332,0.010588645935058594
3200,0,0.51476923076923,990,1000,1,1,3200.0,0,0,0,1,0,6.6895318031311035,2.2850759029388428,1.191469430923462,0.46384358406066895,0.00570988655090332,0.010590076446533203
3201,0,0.51476923076923,990,1000,1,1,3201.0,0,0,0,1,1,6.690446853637695,2.28562331199646,1.1918079853057861,0.46384358406066895,0.00570988655090332,0.01059103012084961
3202,0,0.51476923076923,990,1000,5,4,2558.75,0,0,2,0,2,6.695445775985718,2.2866933345794678,1.1933841705322266,0.465831995010376,0.0057642459869384766,0.010592222213745117
3203,0,0.51476923076923,990,1000,1,1,3124.0,0,0,2,0,2,6.698839902877808,2.2881407737731934,1.1944842338562012,0.4664924144744873,0.005789279937744141,0.010601043701171875
3204,0,0.51476923076923,990,1000,2,1,3006.0,0,0,2,0,2,6.705672740936279,2.2896299362182617,1.1955912113189697,0.47057175636291504,0.005810260772705078,0.010606765747070312
3205,0,0.51476923076923,990,1000,3,1,2825.0,0,0,0,0,0,6.70721173286438,2.291119337081909,1.1955931186676025,0.47057175636291504,0.005810260772705078,0.01061105728149414
3206,0,0.51476923076923,990,1000,5,3,2950.0,0,0,2,0,2,6.7163331508636475,2.293288469314575,1.197033405303955,0.47577619552612305,0.005844593048095703,0.010617971420288086
3207,0,0.51476923076923,991,1000,1,1,3207.0,0,0,0,1,0,6.718252897262573,2.294586181640625,1.197587251663208,0.47577619552612305,0.005844593048095703,0.010624885559082031
3208,0,0.51476923076923,991,1000,1,1,3208.0,0,0,0,1,1,6.7192840576171875,2.29521107673645,1.197951078414917,0.47577619552612305,0.005844593048095703,0.010628461837768555
3209,0,0.51476923076923,991,1000,2,1,3209.0,0,0,0,1,1,6.720211744308472,2.2957935333251953,1.1982650756835938,0.47577619552612305,0.005844593048095703,0.010629892349243164
3210,0,0.51476923076923,991,1000,1,1,3210.0,0,0,0,1,1,6.7219343185424805,2.2964606285095215,1.1992835998535156,0.47577619552612305,0.005844593048095703,0.010631561279296875
3211,0,0.51476923076923,991,1000,1,1,3211.0,0,0,0,1,1,6.725091934204102,2.298278570175171,1.2005140781402588,0.47577619552612305,0.005844593048095703,0.010639667510986328
3212,0,0.51476923076923,991,1000,1,1,3212.0,0,0,0,1,1,6.728116989135742,2.300360679626465,1.2013535499572754,0.47577619552612305,0.005844593048095703,0.010655641555786133
3213,0,0.51476923076923,990,1000,1,1,2651.0,0,0,1,0,2,6.734695196151733,2.3019230365753174,1.2025322914123535,0.479386568069458,0.005873203277587891,0.010661602020263672
3214,0,0.51476923076923,990,1000,1,1,3214.0,0,0,0,1,1,6.73656702041626,2.3033907413482666,1.2028794288635254,0.479386568069458,0.005873203277587891,0.010669469833374023
3215,0,0.51476923076923,990,1000,3,2,2930.6666666666665,0,1,2,0,2,6.744248151779175,2.3047659397125244,1.2042944431304932,0.4840736389160156,0.00589752197265625,0.010672569274902344
3216,0,0.51476923076923,990,1000,1,1,3216.0,0,0,0,1,1,6.7464728355407715,2.3061273097991943,1.2050697803497314,0.4840736389160156,0.00589752197265625,0.010678529739379883
3217,0,0.51476923076923,990,1000,1,1,3217.0,0,0,0,1,1,6.748703241348267,2.307612657546997,1.2057366371154785,0.4840736389160156,0.00589752197265625,0.010690689086914062
3218,0,0.51476923076923,990,1000,2,1,2651.0,0,0,0,0,0,6.749743938446045,2.308619737625122,1.2057368755340576,0.4840736389160156,0.00589752197265625,0.0106964111328125
3219,0,0.51476923076923,990,1000,1,1,3219.0,0,0,0,1,1,6.750737905502319,2.3091213703155518,1.2061944007873535,0.4840736389160156,0.00589752197265625,0.010698080062866211
3220,0,0.51476923076923,990,1000,1,1,3220.0,0,0,0,1,1,6.751671075820923,2.309680223464966,1.206538200378418,0.4840736389160156,0.00589752197265625,0.010699987411499023
3221,0,0.51476923076923,990,1000,2,1,3221.0,0,0,0,1,1,6.752804517745972,2.3103232383728027,1.2069902420043945,0.4840736389160156,0.00589752197265625,0.010701656341552734
3222,0,0.51476923076923,990,1000,1,1,3222.0,0,0,0,1,1,6.755815267562866,2.31182861328125,1.208390712738037,0.4840736389160156,0.00589752197265625,0.010706901550292969
3223,0,0.51476923076923,990,1000,3,1,2651.0,0,0,0,0,0,6.757524251937866,2.3134872913360596,1.2083923816680908,0.4840736389160156,0.00589752197265625,0.010714530944824219
3224,0,0.51476923076923,990,1000,1,1,3224.0,0,0,0,1,1,6.76025390625,2.3150689601898193,1.209453821182251,0.4840736389160156,0.00589752197265625,0.010719776153564453
3225,0,0.51476923076923,990,1000,1,1,3225.0,0,0,0,1,1,6.762904644012451,2.3168094158172607,1.2102904319763184,0.4840736389160156,0.00589752197265625,0.010727405548095703
3226,0,0.51476923076923,991,1000,1,1,3226.0,0,0,0,1,0,6.764613628387451,2.3180456161499023,1.21071195602417,0.4840736389160156,0.00589752197265625,0.010732412338256836
3227,0,0.51476923076923,991,1000,1,1,3227.0,0,0,0,1,1,6.765986919403076,2.318988561630249,1.2110984325408936,0.4840736389160156,0.00589752197265625,0.010735750198364258
3228,0,0.51476923076923,991,1000,1,1,2790.0,0,0,2,0,2,6.7713541984558105,2.320103406906128,1.2121806144714355,0.4869072437286377,0.005924224853515625,0.010737419128417969
3229,0,0.51476923076923,991,1000,2,1,3229.0,0,0,0,1,1,6.773162364959717,2.321530818939209,1.2124996185302734,0.4869072437286377,0.005924224853515625,0.01074361801147461
3230,0,0.51476923076923,991,1000,1,1,3230.0,0,0,0,1,1,6.774169921875,2.322171211242676,1.212838888168335,0.4869072437286377,0.005924224853515625,0.01074528694152832
3231,0,0.51476923076923,991,1000,2,1,3231.0,0,0,0,1,1,6.776410102844238,2.322913646697998,1.2142200469970703,0.4869072437286377,0.005924224853515625,0.010746479034423828
3232,0,0.51476923076923,991,1000,1,1,3232.0,0,0,0,1,1,6.778692722320557,2.3243613243103027,1.2149765491485596,0.4869072437286377,0.005924224853515625,0.010754585266113281
3233,0,0.51476923076923,991,1000,3,1,3192.0,0,0,2,0,2,6.785220146179199,2.3255255222320557,1.2160656452178955,0.49103403091430664,0.005940675735473633,0.01075887680053711
3234,0,0.51476923076923,991,1000,1,1,3234.0,0,0,0,1,1,6.786932706832886,2.3268377780914307,1.2164101600646973,0.49103403091430664,0.005940675735473633,0.010764837265014648
3235,0,0.51476923076923,991,1000,1,1,3235.0,0,0,0,1,1,6.787954568862915,2.327488422393799,1.2167503833770752,0.49103403091430664,0.005940675735473633,0.01076650619506836
3236,0,0.51476923076923,991,1000,2,1,3236.0,0,0,0,1,1,6.788921594619751,2.328090190887451,1.217085361480713,0.49103403091430664,0.005940675735473633,0.010767698287963867
3237,0,0.51476923076923,991,1000,1,1,3237.0,0,0,0,1,1,6.789884090423584,2.3286569118499756,1.2174558639526367,0.49103403091430664,0.005940675735473633,0.010769128799438477
3238,0,0.51476923076923,991,1000,1,1,2957.0,0,0,2,0,2,6.796494007110596,2.32926869392395,1.2186520099639893,0.4957137107849121,0.005957603454589844,0.01077127456665039
3239,0,0.51476923076923,991,1000,1,1,3239.0,0,0,0,1,1,6.799254894256592,2.3310484886169434,1.2195405960083008,0.4957137107849121,0.005957603454589844,0.010779142379760742
3240,0,0.51476923076923,992,1000,4,2,2765.0,0,0,2,0,1,6.8059327602386475,2.332329511642456,1.2206521034240723,0.49979162216186523,0.005980491638183594,0.01078486442565918
3241,0,0.51476923076923,992,1000,3,3,2883.75,0,0,0,0,0,6.807074785232544,2.3334438800811768,1.2206523418426514,0.49979162216186523,0.005980491638183594,0.010789155960083008
3242,0,0.51476923076923,992,1000,1,1,3242.0,0,0,0,1,1,6.80813193321228,2.3340530395507812,1.2210626602172852,0.49979162216186523,0.005980491638183594,0.010790586471557617
3243,0,0.51476923076923,992,1000,1,1,2825.0,0,0,2,0,2,6.816292762756348,2.335944890975952,1.222257137298584,0.5046629905700684,0.00600123405456543,0.010795831680297852
3244,0,0.51476923076923,992,1000,1,1,3244.0,0,0,0,1,1,6.817957878112793,2.33720326423645,1.222609281539917,0.5046629905700684,0.00600123405456543,0.010801553726196289
3245,0,0.51476923076923,992,1000,1,1,3245.0,0,0,0,1,1,6.819072484970093,2.3379361629486084,1.2229523658752441,0.5046629905700684,0.00600123405456543,0.010803699493408203
3246,0,0.51476923076923,992,1000,1,1,3246.0,0,0,0,1,1,6.81993842124939,2.338453531265259,1.2232720851898193,0.5046629905700684,0.00600123405456543,0.010805368423461914
3247,0,0.51476923076923,992,1000,1,1,3209.0,0,0,2,0,2,6.821828126907349,2.339040994644165,1.2239406108856201,0.5051758289337158,0.006018638610839844,0.010806798934936523
3248,0,0.51476923076923,992,1000,2,1,3248.0,0,0,0,1,1,6.822816610336304,2.339634656906128,1.2242927551269531,0.5051758289337158,0.006018638610839844,0.010808706283569336
3249,0,0.51476923076923,992,1000,1,1,3249.0,0,0,0,1,1,6.8237223625183105,2.3401734828948975,1.224632978439331,0.5051758289337158,0.006018638610839844,0.010809898376464844
3250,0,0.51476923076923,992,1000,1,1,3250.0,0,0,0,1,1,6.824777841567993,2.3408284187316895,1.2250099182128906,0.5051758289337158,0.006018638610839844,0.010811090469360352
3251,0,0.51476923076923,992,1000,1,1,3251.0,0,0,0,1,1,6.827426910400391,2.342289686203003,1.226088285446167,0.5051758289337158,0.006018638610839844,0.010812759399414062
3252,0,0.51476923076923,992,1000,1,1,3252.0,0,0,0,1,1,6.829948425292969,2.3439433574676514,1.2268579006195068,0.5051758289337158,0.006018638610839844,0.010821342468261719
3253,0,0.51476923076923,992,1000,5,5,2641.4,0,0,1,0,2,6.836268424987793,2.345247983932495,1.2276806831359863,0.5091946125030518,0.0060384273529052734,0.010827302932739258
3254,0,0.51476923076923,992,1000,1,1,3254.0,0,0,0,1,1,6.837604284286499,2.3462271690368652,1.2279932498931885,0.5091946125030518,0.0060384273529052734,0.01083064079284668
3255,0,0.51476923076923,992,1000,1,1,3255.0,0,0,0,1,1,6.838529825210571,2.3468070030212402,1.2283153533935547,0.5091946125030518,0.0060384273529052734,0.010832548141479492
3256,0,0.51476923076923,992,1000,1,1,3256.0,0,0,0,1,1,6.839478969573975,2.347390651702881,1.228653907775879,0.5091946125030518,0.0060384273529052734,0.010833740234375
3257,0,0.51476923076923,992,1000,1,1,3257.0,0,0,0,1,1,6.840352773666382,2.3478996753692627,1.2289910316467285,0.5091946125030518,0.0060384273529052734,0.01083517074584961
3258,0,0.51476923076923,992,1000,1,1,2651.0,0,0,2,0,2,6.8472161293029785,2.348421335220337,1.2302520275115967,0.5141646862030029,0.006051301956176758,0.010836362838745117
3259,0,0.51476923076923,992,1000,3,1,3259.0,0,0,0,1,1,6.849113702774048,2.3499064445495605,1.2305974960327148,0.5141646862030029,0.006051301956176758,0.01084280014038086
3260,0,0.51476923076923,992,1000,1,1,3260.0,0,0,0,1,1,6.850104808807373,2.350548028945923,1.2309181690216064,0.5141646862030029,0.006051301956176758,0.01084446907043457
3261,0,0.51476923076923,992,1000,1,1,3261.0,0,0,0,1,1,6.85103964805603,2.3511338233947754,1.2312414646148682,0.5141646862030029,0.006051301956176758,0.010846376419067383
3262,0,0.51476923076923,992,1000,1,1,3262.0,0,0,0,1,1,6.8519628047943115,2.3516764640808105,1.2315878868103027,0.5141646862030029,0.006051301956176758,0.010848045349121094
3263,0,0.51476923076923,992,1000,1,1,3263.0,0,0,0,1,1,6.853073835372925,2.3523716926574707,1.23197340965271,0.5141646862030029,0.006051301956176758,0.010849475860595703
3264,0,0.51476923076923,992,1000,1,1,3264.0,0,0,0,1,1,6.854088068008423,2.3529906272888184,1.2323362827301025,0.5141646862030029,0.006051301956176758,0.010851860046386719
3265,0,0.51476923076923,991,1000,1,1,2911.0,0,0,1,0,2,6.855760812759399,2.3535361289978027,1.2329983711242676,0.5145220756530762,0.0060672760009765625,0.010853052139282227
3266,0,0.51476923076923,991,1000,1,1,3266.0,0,0,0,1,1,6.856750965118408,2.354161024093628,1.233341932296753,0.5145220756530762,0.0060672760009765625,0.010854721069335938
3267,0,0.51476923076923,991,1000,1,1,3267.0,0,0,0,1,1,6.857675075531006,2.354736089706421,1.233666181564331,0.5145220756530762,0.0060672760009765625,0.010856151580810547
3268,0,0.51476923076923,990,1000,2,1,3215.0,0,0,1,0,2,6.863986968994141,2.3553097248077393,1.2346534729003906,0.5191254615783691,0.0060825347900390625,0.010857582092285156
3269,0,0.51476923076923,990,1000,1,1,3240.0,0,0,2,0,2,6.871343374252319,2.3566370010375977,1.2358076572418213,0.523815393447876,0.0061070919036865234,0.010863304138183594
3270,0,0.51476923076923,990,1000,1,1,2911.0,0,0,0,0,0,6.872548818588257,2.357816219329834,1.2358078956604004,0.523815393447876,0.0061070919036865234,0.01086878776550293
3271,0,0.51476923076923,990,1000,1,1,3271.0,0,0,0,1,1,6.8735692501068115,2.358400821685791,1.2361993789672852,0.523815393447876,0.0061070919036865234,0.01087045669555664
3272,0,0.51476923076923,991,1000,3,1,3272.0,0,0,0,1,0,6.8745951652526855,2.359038829803467,1.2365491390228271,0.523815393447876,0.0061070919036865234,0.010872125625610352
3273,0,0.51476923076923,991,1000,1,1,3206.0,0,0,2,0,2,6.884437561035156,2.3620572090148926,1.2378802299499512,0.5290923118591309,0.0061342716217041016,0.010874748229980469
3274,0,0.51476923076923,991,1000,1,1,2347.0,0,0,0,0,0,6.885978698730469,2.3635571002960205,1.2378895282745361,0.5290923118591309,0.0061342716217041016,0.01088094711303711
3275,0,0.51476923076923,990,1000,3,1,2709.0,0,0,1,0,2,6.891040086746216,2.3643574714660645,1.2387804985046387,0.5323224067687988,0.00615239143371582,0.010882139205932617
3276,0,0.51476923076923,990,1000,1,1,3276.0,0,0,0,1,1,6.8943328857421875,2.36617112159729,1.2401511669158936,0.5323224067687988,0.00615239143371582,0.010885477066040039
3277,0,0.51476923076923,990,1000,1,1,3277.0,0,0,0,1,1,6.89737868309021,2.368088722229004,1.2411811351776123,0.5323224067687988,0.00615239143371582,0.010893106460571289
3278,0,0.51476923076923,990,1000,1,1,3275.0,0,0,0,0,0,6.899431943893433,2.3700954914093018,1.2411835193634033,0.5323224067687988,0.00615239143371582,0.010900497436523438
3279,0,0.51476923076923,990,1000,1,1,3279.0,0,0,0,1,1,6.902106523513794,2.371840238571167,1.2420296669006348,0.5323224067687988,0.00615239143371582,0.010908842086791992
3280,0,0.51476923076923,990,1000,1,1,3280.0,0,0,0,1,1,6.904783725738525,2.3732974529266357,1.2431612014770508,0.5323224067687988,0.00615239143371582,0.01091623306274414
3281,0,0.51476923076923,990,1000,1,1,2971.0,0,0,2,0,2,6.913114070892334,2.3753509521484375,1.2461891174316406,0.5353286266326904,0.0061838626861572266,0.01092982292175293
3282,0,0.51476923076923,990,1000,2,1,3282.0,0,0,0,1,1,6.917180299758911,2.377938985824585,1.247441291809082,0.5353286266326904,0.0061838626861572266,0.010941743850708008
3283,0,0.51476923076923,990,1000,1,1,3283.0,0,0,0,1,1,6.920321464538574,2.379518747329712,1.2488868236541748,0.5353286266326904,0.0061838626861572266,0.010950326919555664
3284,0,0.51476923076923,990,1000,1,1,3284.0,0,0,0,1,1,6.923248291015625,2.381194591522217,1.2500324249267578,0.5353286266326904,0.0061838626861572266,0.010959863662719727
3285,0,0.51476923076923,990,1000,2,1,3285.0,0,0,0,1,1,6.927675247192383,2.383167028427124,1.2523748874664307,0.5353286266326904,0.0061838626861572266,0.010968208312988281
3286,0,0.51476923076923,990,1000,2,1,3286.0,0,0,0,1,1,6.930997371673584,2.385236978530884,1.253497838973999,0.5353286266326904,0.0061838626861572266,0.010979652404785156
3287,0,0.51476923076923,990,1000,1,1,3287.0,0,0,0,1,1,6.936495780944824,2.3881726264953613,1.2559263706207275,0.5353286266326904,0.0061838626861572266,0.010988950729370117
3288,0,0.51476923076923,990,1000,3,3,3068.6666666666665,0,0,2,0,2,6.948839902877808,2.3904027938842773,1.259958028793335,0.5409896373748779,0.00621795654296875,0.011001825332641602
3289,0,0.51476923076923,990,1000,1,1,3289.0,0,0,0,1,1,6.952333688735962,2.3926308155059814,1.2610721588134766,0.5409896373748779,0.00621795654296875,0.011012554168701172
3290,0,0.51476923076923,990,1000,1,1,3290.0,0,0,0,1,1,6.954803228378296,2.3941092491149902,1.2619848251342773,0.5409896373748779,0.00621795654296875,0.01101994514465332
3291,0,0.51476923076923,990,1000,1,1,3291.0,0,0,0,1,1,6.958453416824341,2.3959503173828125,1.2636640071868896,0.5409896373748779,0.00621795654296875,0.011027336120605469
3292,0,0.51476923076923,990,1000,1,1,3292.0,0,0,0,1,1,6.9616968631744385,2.398188829421997,1.2645659446716309,0.5409896373748779,0.00621795654296875,0.011039257049560547
3293,0,0.51476923076923,990,1000,1,1,3293.0,0,0,0,1,1,6.964334964752197,2.399780511856079,1.265516996383667,0.5409896373748779,0.00621795654296875,0.011046409606933594
3294,0,0.51476923076923,990,1000,1,1,3263.0,0,0,1,0,1,6.971064805984497,2.4016785621643066,1.2670338153839111,0.5439853668212891,0.006246089935302734,0.011058568954467773
3295,0,0.51476923076923,990,1000,1,1,3295.0,0,0,0,1,1,6.973527908325195,2.40321946144104,1.2678766250610352,0.5439853668212891,0.006246089935302734,0.01106715202331543
3296,0,0.51476923076923,990,1000,1,1,3296.0,0,0,0,1,1,6.976907253265381,2.404808282852173,1.2695493698120117,0.5439853668212891,0.006246089935302734,0.011072635650634766
3297,0,0.51476923076923,990,1000,1,1,3297.0,0,0,0,1,1,6.979598760604858,2.4063806533813477,1.2705705165863037,0.5439853668212891,0.006246089935302734,0.011082887649536133
3298,0,0.51476923076923,990,1000,8,6,3065.5714285714284,0,1,2,0,2,6.987511873245239,2.4082047939300537,1.2718229293823242,0.5485231876373291,0.006280660629272461,0.011090517044067383
3299,0,0.51476923076923,990,1000,1,1,3299.0,0,0,0,1,1,6.98997688293457,2.4096875190734863,1.2726988792419434,0.5485231876373291,0.006280660629272461,0.011099815368652344
3300,0,0.51476923076923,990,1000,2,1,3300.0,0,0,0,1,1,6.993129014968872,2.4109013080596924,1.2745184898376465,0.5485231876373291,0.006280660629272461,0.011105060577392578
3301,0,0.51476923076923,990,1000,1,1,3301.0,0,0,0,1,1,6.996537446975708,2.4126951694488525,1.2760097980499268,0.5485231876373291,0.006280660629272461,0.011146068572998047
3302,0,0.51476923076923,990,1000,1,1,3302.0,0,0,0,1,1,6.999526262283325,2.4146203994750977,1.2769725322723389,0.5485231876373291,0.006280660629272461,0.011158466339111328
3303,0,0.51476923076923,990,1000,1,1,3303.0,0,0,0,1,1,7.001901149749756,2.416137456893921,1.2777340412139893,0.5485231876373291,0.006280660629272461,0.011164426803588867
3304,0,0.51476923076923,990,1000,1,1,3304.0,0,0,0,1,1,7.00494647026062,2.4178147315979004,1.2790112495422363,0.5485231876373291,0.006280660629272461,0.011170387268066406
3305,0,0.51476923076923,990,1000,1,1,3305.0,0,0,0,1,1,7.007136583328247,2.4191946983337402,1.2797455787658691,0.5485231876373291,0.006280660629272461,0.011176824569702148
3306,0,0.51476923076923,990,1000,1,1,2908.0,0,0,2,0,2,7.017134428024292,2.4208412170410156,1.2826201915740967,0.5537474155426025,0.006307125091552734,0.011181831359863281
3307,0,0.51476923076923,990,1000,2,2,3239.5,0,0,0,0,0,7.018988847732544,2.422628402709961,1.2826223373413086,0.5537474155426025,0.006307125091552734,0.01119232177734375
3308,0,0.51476923076923,990,1000,1,1,3308.0,0,0,0,1,1,7.021983861923218,2.4245004653930664,1.2836449146270752,0.5537474155426025,0.006307125091552734,0.01120138168334961
3309,0,0.51476923076923,990,1000,1,1,3309.0,0,0,0,1,1,7.024799108505249,2.426044225692749,1.2848162651062012,0.5537474155426025,0.006307125091552734,0.011209249496459961
3310,0,0.51476923076923,990,1000,1,1,3310.0,0,0,0,1,1,7.028072834014893,2.4278786182403564,1.2861285209655762,0.5537474155426025,0.006307125091552734,0.011220693588256836
3311,0,0.51476923076923,990,1000,1,1,3273.0,0,0,2,0,2,7.03604531288147,2.4298207759857178,1.2875339984893799,0.5581250190734863,0.006329059600830078,0.011230945587158203
3312,0,0.51476923076923,990,1000,1,1,3312.0,0,0,0,1,1,7.038469076156616,2.4313461780548096,1.2883498668670654,0.5581250190734863,0.006329059600830078,0.011238813400268555
3313,0,0.51476923076923,990,1000,2,1,2908.0,0,0,0,0,0,7.039782762527466,2.4326229095458984,1.288351058959961,0.5581250190734863,0.006329059600830078,0.01124429702758789
3314,0,0.51476923076923,990,1000,1,1,3314.0,0,0,0,1,1,7.041546583175659,2.4335567951202393,1.2891194820404053,0.5581250190734863,0.006329059600830078,0.011248350143432617
3315,0,0.51476923076923,990,1000,1,1,3315.0,0,0,0,1,1,7.044281482696533,2.4353229999542236,1.2899978160858154,0.5581250190734863,0.006329059600830078,0.011258363723754883
3316,0,0.51476923076923,990,1000,1,1,3316.0,0,0,0,1,1,7.04666543006897,2.4368722438812256,1.2907521724700928,0.5581250190734863,0.006329059600830078,0.011264801025390625
3317,0,0.51476923076923,990,1000,5,5,3215.2,0,1,2,0,2,7.053917169570923,2.4385170936584473,1.2918767929077148,0.5623490810394287,0.006360292434692383,0.011270761489868164
3318,0,0.51476923076923,990,1000,1,1,3318.0,0,0,0,1,1,7.0558021068573,2.4397406578063965,1.292466640472412,0.5623490810394287,0.006360292434692383,0.011277437210083008
3319,0,0.51476923076923,990,1000,1,1,3319.0,0,0,0,1,1,7.057758808135986,2.44083309173584,1.2932710647583008,0.5623490810394287,0.006360292434692383,0.011281967163085938
3320,0,0.51476923076923,990,1000,1,1,3320.0,0,0,0,1,1,7.061392307281494,2.443354606628418,1.29425048828125,0.5623490810394287,0.006360292434692383,0.011288642883300781
3321,0,0.51476923076923,991,1000,1,1,3321.0,0,0,0,1,0,7.064169645309448,2.4449539184570312,1.2953495979309082,0.5623490810394287,0.006360292434692383,0.011295318603515625
3322,0,0.51476923076923,991,1000,1,1,3322.0,0,0,0,1,1,7.066983461380005,2.4466710090637207,1.2963604927062988,0.5623490810394287,0.006360292434692383,0.01130223274230957
3323,0,0.51476923076923,991,1000,1,1,3323.0,0,0,0,1,1,7.07029914855957,2.448399543762207,1.2978425025939941,0.5623490810394287,0.006360292434692383,0.011309385299682617
3324,0,0.51476923076923,991,1000,1,1,3324.0,0,0,0,1,1,7.073068857192993,2.4500644207000732,1.2988343238830566,0.5623490810394287,0.006360292434692383,0.011318206787109375
3325,0,0.51476923076923,991,1000,2,1,3325.0,0,0,0,1,1,7.077225208282471,2.4520790576934814,1.3008310794830322,0.5623490810394287,0.006360292434692383,0.011328935623168945
3326,0,0.51476923076923,991,1000,1,1,3326.0,0,0,0,1,1,7.080486536026001,2.4542407989501953,1.3018348217010498,0.5623490810394287,0.006360292434692383,0.011339187622070312
3327,0,0.51476923076923,991,1000,1,1,3327.0,0,0,0,1,1,7.083409070968628,2.4560387134552,1.3028626441955566,0.5623490810394287,0.006360292434692383,0.011345624923706055
3328,0,0.51476923076923,990,1000,1,1,2511.0,0,0,1,0,2,7.086925745010376,2.457432508468628,1.3043878078460693,0.5627787113189697,0.006384611129760742,0.011352777481079102
3329,0,0.51476923076923,990,1000,1,1,3329.0,0,0,0,1,1,7.090483665466309,2.4594106674194336,1.3058295249938965,0.5627787113189697,0.006384611129760742,0.01136636734008789
3330,0,0.51476923076923,990,1000,1,1,3330.0,0,0,0,1,1,7.093554735183716,2.4610350131988525,1.3071205615997314,0.5627787113189697,0.006384611129760742,0.011373519897460938
3331,0,0.51476923076923,990,1000,1,1,3331.0,0,0,0,1,1,7.096125364303589,2.462479829788208,1.3081262111663818,0.5627787113189697,0.006384611129760742,0.011380434036254883
3332,0,0.51476923076923,990,1000,2,1,3332.0,0,0,0,1,1,7.098937511444092,2.464118480682373,1.3091778755187988,0.5627787113189697,0.006384611129760742,0.01138758659362793
3333,0,0.51476923076923,990,1000,1,1,2149.0,0,0,1,0,1,7.101996183395386,2.465576648712158,1.3102490901947021,0.5631425380706787,0.006406545639038086,0.011395454406738281
3334,0,0.51476923076923,990,1000,1,1,3334.0,0,0,0,1,1,7.104137182235718,2.466949224472046,1.310948371887207,0.5631425380706787,0.006406545639038086,0.011400461196899414
3335,0,0.51476923076923,990,1000,1,1,3335.0,0,0,0,1,1,7.107310771942139,2.4684953689575195,1.3124380111694336,0.5631425380706787,0.006406545639038086,0.011404991149902344
3336,0,0.51476923076923,990,1000,1,1,3336.0,0,0,0,1,1,7.111110210418701,2.470452070236206,1.3141529560089111,0.5631425380706787,0.006406545639038086,0.011412858963012695
3337,0,0.51476923076923,990,1000,1,1,3337.0,0,0,0,1,1,7.113763809204102,2.472209930419922,1.3149707317352295,0.5631425380706787,0.006406545639038086,0.011420011520385742
3338,0,0.51476923076923,990,1000,6,3,2912.4,0,0,2,0,2,7.120610952377319,2.473601818084717,1.3161582946777344,0.5672245025634766,0.0064296722412109375,0.011425971984863281
3339,0,0.51476923076923,990,1000,2,2,2849.3333333333335,0,0,2,0,2,7.128075361251831,2.475027322769165,1.317471981048584,0.5717906951904297,0.006453037261962891,0.011431455612182617
3340,0,0.51476923076923,990,1000,1,1,3340.0,0,0,0,1,1,7.130117177963257,2.4763121604919434,1.3181474208831787,0.5717906951904297,0.006453037261962891,0.01143789291381836
3341,0,0.51476923076923,990,1000,1,1,3033.0,0,0,2,0,2,7.132840633392334,2.4773550033569336,1.3191766738891602,0.5723156929016113,0.0064699649810791016,0.011442899703979492
3342,0,0.51476923076923,990,1000,1,1,3342.0,0,0,0,1,1,7.13493275642395,2.478672742843628,1.3198859691619873,0.5723156929016113,0.0064699649810791016,0.01144862174987793
3343,0,0.51476923076923,990,1000,5,1,3343.0,0,0,0,1,1,7.137693405151367,2.4804303646087646,1.320770502090454,0.5723156929016113,0.0064699649810791016,0.011454105377197266
3344,0,0.51476923076923,990,1000,2,1,3344.0,0,0,0,1,1,7.1395227909088135,2.4816668033599854,1.3212907314300537,0.5723156929016113,0.0064699649810791016,0.011461257934570312
3345,0,0.51476923076923,990,1000,1,1,3345.0,0,0,0,1,1,7.1405627727508545,2.4823622703552246,1.3216049671173096,0.5723156929016113,0.0064699649810791016,0.011463403701782227
3346,0,0.51476923076923,990,1000,6,1,3338.0,0,0,0,0,0,7.141267776489258,2.4830408096313477,1.3216052055358887,0.5723156929016113,0.0064699649810791016,0.011464595794677734
3347,0,0.51476923076923,990,1000,1,1,3347.0,0,0,0,1,1,7.144071578979492,2.4843435287475586,1.3230061531066895,0.5723156929016113,0.0064699649810791016,0.011466026306152344
3348,0,0.51476923076923,990,1000,2,1,3348.0,0,0,0,1,1,7.146738052368164,2.4859156608581543,1.3239960670471191,0.5723156929016113,0.0064699649810791016,0.011474609375
3349,0,0.51476923076923,991,1000,1,1,3349.0,0,0,0,1,0,7.148979425430298,2.4873437881469727,1.3247387409210205,0.5723156929016113,0.0064699649810791016,0.011481761932373047
3350,0,0.51476923076923,991,1000,1,1,3350.0,0,0,0,1,1,7.150395393371582,2.4882938861846924,1.325157642364502,0.5723156929016113,0.0064699649810791016,0.011487483978271484
3351,0,0.51476923076923,991,1000,1,1,3351.0,0,0,0,1,1,7.151506423950195,2.48895001411438,1.3255722522735596,0.5723156929016113,0.0064699649810791016,0.011489391326904297
3352,0,0.51476923076923,991,1000,2,2,1696.0,0,0,2,0,2,7.155712842941284,2.4896864891052246,1.3264896869659424,0.574713945388794,0.006488323211669922,0.011491775512695312
3353,0,0.51476923076923,991,1000,1,1,3353.0,0,0,0,1,1,7.157317638397217,2.490818738937378,1.3269085884094238,0.574713945388794,0.006488323211669922,0.011497259140014648
3354,0,0.51476923076923,991,1000,1,1,3354.0,0,0,0,1,1,7.1593780517578125,2.4915342330932617,1.3281795978546143,0.574713945388794,0.006488323211669922,0.011499404907226562
3355,0,0.51476923076923,991,1000,2,1,3355.0,0,0,0,1,1,7.161770582199097,2.493082284927368,1.3289225101470947,0.574713945388794,0.006488323211669922,0.01151132583618164
3356,0,0.51476923076923,991,1000,1,1,3356.0,0,0,0,1,1,7.163985729217529,2.4944114685058594,1.329728603363037,0.574713945388794,0.006488323211669922,0.011517763137817383
3357,0,0.51476923076923,991,1000,1,1,3357.0,0,0,0,1,1,7.166996479034424,2.4959490299224854,1.3311059474945068,0.574713945388794,0.006488323211669922,0.011522769927978516
3358,0,0.51476923076923,991,1000,9,3,3234.0,0,1,2,0,2,7.175358772277832,2.497882843017578,1.3326504230499268,0.5792555809020996,0.006520748138427734,0.011533737182617188
3359,0,0.51476923076923,991,1000,1,1,3359.0,0,0,0,1,1,7.178297519683838,2.4997198581695557,1.333662986755371,0.5792555809020996,0.006520748138427734,0.011545181274414062
3360,0,0.51476923076923,991,1000,1,1,3360.0,0,0,0,1,1,7.180509328842163,2.501150369644165,1.33437180519104,0.5792555809020996,0.006520748138427734,0.011551380157470703
3361,0,0.51476923076923,991,1000,7,7,2993.222222222222,0,1,2,0,2,7.18412184715271,2.502702236175537,1.3355276584625244,0.5799195766448975,0.006548643112182617,0.01155853271484375
3362,0,0.51476923076923,991,1000,1,1,3362.0,0,0,0,1,1,7.185617446899414,2.503774881362915,1.3359003067016602,0.5799195766448975,0.006548643112182617,0.011562824249267578
3363,0,0.51476923076923,991,1000,1,1,3275.0,0,0,2,0,2,7.191874980926514,2.5044901371002197,1.3373003005981445,0.583935022354126,0.006562709808349609,0.011564254760742188
3364,0,0.51476923076923,991,1000,1,1,3364.0,0,0,0,1,1,7.1946985721588135,2.5063648223876953,1.3381435871124268,0.583935022354126,0.006562709808349609,0.011572122573852539
3365,0,0.51476923076923,991,1000,1,1,3365.0,0,0,0,1,1,7.198001146316528,2.5080792903900146,1.3395249843597412,0.583935022354126,0.006562709808349609,0.011580228805541992
3366,0,0.51476923076923,991,1000,1,1,3366.0,0,0,0,1,1,7.200023174285889,2.509554624557495,1.340000867843628,0.583935022354126,0.006562709808349609,0.011587142944335938
3367,0,0.51476923076923,991,1000,1,1,3367.0,0,0,0,1,1,7.2009570598602295,2.510089159011841,1.3403606414794922,0.583935022354126,0.006562709808349609,0.011590003967285156
3368,0,0.51476923076923,991,1000,1,1,3075.0,0,0,2,0,2,7.202800750732422,2.5105931758880615,1.3410120010375977,0.5844886302947998,0.006580352783203125,0.011591196060180664
3369,0,0.51476923076923,991,1000,2,1,3369.0,0,0,0,1,1,7.2039477825164795,2.511361598968506,1.341353178024292,0.5844886302947998,0.006580352783203125,0.011593341827392578
3370,0,0.51476923076923,991,1000,1,1,3370.0,0,0,0,1,1,7.204931974411011,2.511979341506958,1.34169602394104,0.5844886302947998,0.006580352783203125,0.011595010757446289
3371,0,0.51476923076923,991,1000,2,1,3371.0,0,0,0,1,1,7.205808639526367,2.5124881267547607,1.3420403003692627,0.5844886302947998,0.006580352783203125,0.011596202850341797
3372,0,0.51476923076923,991,1000,1,1,3372.0,0,0,0,1,1,7.206726312637329,2.5130279064178467,1.3423919677734375,0.5844886302947998,0.006580352783203125,0.011597871780395508
3373,0,0.51476923076923,991,1000,2,2,3319.0,0,0,0,0,0,7.207359313964844,2.513645648956299,1.3423922061920166,0.5844886302947998,0.006580352783203125,0.011599302291870117
3374,0,0.51476923076923,991,1000,1,1,3374.0,0,0,0,1,1,7.208374261856079,2.514169692993164,1.342855453491211,0.5844886302947998,0.006580352783203125,0.011600494384765625
3375,0,0.51476923076923,991,1000,1,1,3375.0,0,0,0,1,1,7.211085319519043,2.5158231258392334,1.3438212871551514,0.5844886302947998,0.006580352783203125,0.011604785919189453
3376,0,0.51476923076923,991,1000,1,1,3376.0,0,0,0,1,1,7.213510274887085,2.517308235168457,1.344679832458496,0.5844886302947998,0.006580352783203125,0.011611223220825195
3377,0,0.51476923076923,991,1000,1,1,3377.0,0,0,0,1,1,7.215569019317627,2.5186824798583984,1.3452975749969482,0.5844886302947998,0.006580352783203125,0.011616706848144531
3378,0,0.51476923076923,991,1000,1,1,2941.0,0,0,2,0,2,7.2211408615112305,2.5194828510284424,1.3460228443145752,0.5884003639221191,0.006597757339477539,0.011620759963989258
3379,0,0.51476923076923,991,1000,1,1,3379.0,0,0,0,1,1,7.22223973274231,2.520235776901245,1.3463335037231445,0.5884003639221191,0.006597757339477539,0.011622905731201172
3380,0,0.51476923076923,991,1000,1,1,3380.0,0,0,0,1,1,7.223165512084961,2.5207836627960205,1.3466854095458984,0.5884003639221191,0.006597757339477539,0.011624336242675781
3381,0,0.51476923076923,991,1000,1,1,3381.0,0,0,0,1,1,7.2240355014801025,2.521280288696289,1.3470330238342285,0.5884003639221191,0.006597757339477539,0.01162576675415039
3382,0,0.51476923076923,991,1000,1,1,3338.0,0,0,0,0,0,7.224571228027344,2.5218050479888916,1.3470332622528076,0.5884003639221191,0.006597757339477539,0.011627197265625
3383,0,0.51476923076923,991,1000,1,1,3383.0,0,0,0,1,1,7.227043867111206,2.52266788482666,1.348505973815918,0.5884003639221191,0.006597757339477539,0.011628389358520508
3384,0,0.51476923076923,991,1000,1,1,3384.0,0,0,0,1,1,7.229653358459473,2.5242486000061035,1.3494470119476318,0.5884003639221191,0.006597757339477539,0.011640310287475586
3385,0,0.51476923076923,991,1000,1,1,3385.0,0,0,0,1,1,7.231440782546997,2.5256035327911377,1.3498332500457764,0.5884003639221191,0.006597757339477539,0.011646747589111328
3386,0,0.51476923076923,990,1000,1,1,2911.0,0,0,1,0,2,7.233634948730469,2.5261993408203125,1.3509578704833984,0.5887570381164551,0.006615400314331055,0.011648178100585938
3387,0,0.51476923076923,990,1000,1,1,3387.0,0,0,0,1,1,7.2355427742004395,2.527473211288452,1.3515307903289795,0.5887570381164551,0.006615400314331055,0.011654138565063477
3388,0,0.51476923076923,990,1000,1,1,3388.0,0,0,0,1,1,7.236664295196533,2.528230905532837,1.3518571853637695,0.5887570381164551,0.006615400314331055,0.01165771484375
3389,0,0.51476923076923,990,1000,1,1,3389.0,0,0,0,1,1,7.237676620483398,2.528888463973999,1.352187156677246,0.5887570381164551,0.006615400314331055,0.01165914535522461
3390,0,0.51476923076923,990,1000,1,1,3390.0,0,0,0,1,1,7.238601207733154,2.5294463634490967,1.3525278568267822,0.5887570381164551,0.006615400314331055,0.011660575866699219
3391,0,0.51476923076923,990,1000,7,2,3249.0,0,0,2,0,2,7.245526075363159,2.530032157897949,1.3538269996643066,0.5935959815979004,0.006632328033447266,0.011662006378173828
3392,0,0.51476923076923,990,1000,1,1,3392.0,0,0,0,1,1,7.2475056648254395,2.5313830375671387,1.3543870449066162,0.5935959815979004,0.006632328033447266,0.011669397354125977
3393,0,0.51476923076923,990,1000,1,1,3393.0,0,0,0,1,1,7.2486186027526855,2.532144546508789,1.3547077178955078,0.5935959815979004,0.006632328033447266,0.0116729736328125
3394,0,0.51476923076923,990,1000,4,1,3394.0,0,0,0,1,1,7.2497217655181885,2.532874345779419,1.3550353050231934,0.5935959815979004,0.006632328033447266,0.01167440414428711
3395,0,0.51476923076923,990,1000,1,1,3391.0,0,0,0,0,0,7.250334024429321,2.533475160598755,1.3550355434417725,0.5935959815979004,0.006632328033447266,0.01167607307434082
3396,0,0.51476923076923,990,1000,1,1,3396.0,0,0,0,1,1,7.251262187957764,2.5340192317962646,1.3553946018218994,0.5935959815979004,0.006632328033447266,0.011677265167236328
3397,0,0.51476923076923,990,1000,1,1,3391.0,0,0,0,0,0,7.251829385757446,2.5345754623413086,1.3553948402404785,0.5935959815979004,0.006632328033447266,0.011678934097290039
3398,0,0.51476923076923,990,1000,2,1,3398.0,0,0,0,1,1,7.2528650760650635,2.535234212875366,1.3557450771331787,0.5935959815979004,0.006632328033447266,0.011680126190185547
3399,0,0.51476923076923,990,1000,1,1,3399.0,0,0,0,1,1,7.254149913787842,2.5359508991241455,1.3562722206115723,0.5935959815979004,0.006632328033447266,0.011681318283081055
3400,0,0.51476923076923,989,1000,7,2,3096.3333333333335,0,0,1,0,2,7.2624733448028564,2.5367870330810547,1.359250545501709,0.5979411602020264,0.006651401519775391,0.011685848236083984
3401,0,0.51476923076923,989,1000,1,1,3401.0,0,0,0,1,1,7.264972925186157,2.5383353233337402,1.360114574432373,0.5979411602020264,0.006651401519775391,0.01169586181640625
3402,0,0.51476923076923,988,1000,2,2,3284.6666666666665,0,0,1,0,2,7.271197557449341,2.539698600769043,1.3610873222351074,0.6016836166381836,0.006674051284790039,0.011702775955200195
3403,0,0.51476923076923,988,1000,2,2,1915.0,0,0,2,0,2,7.274069547653198,2.540889263153076,1.3620517253875732,0.602198600769043,0.006694316864013672,0.011708498001098633
3404,0,0.51476923076923,988,1000,2,1,3404.0,0,0,0,1,1,7.2769482135772705,2.542330741882324,1.363396406173706,0.602198600769043,0.006694316864013672,0.011713027954101562
3405,0,0.51476923076923,988,1000,1,1,3391.0,0,0,0,0,0,7.278550148010254,2.5438849925994873,1.3633978366851807,0.602198600769043,0.006694316864013672,0.011724472045898438
3406,0,0.51476923076923,988,1000,1,1,3406.0,0,0,0,1,1,7.280822277069092,2.5453219413757324,1.3641612529754639,0.602198600769043,0.006694316864013672,0.011731147766113281
3407,0,0.51476923076923,988,1000,1,1,3407.0,0,0,0,1,1,7.283153533935547,2.546781301498413,1.364952802658081,0.602198600769043,0.006694316864013672,0.011739015579223633
3408,0,0.51476923076923,988,1000,3,1,3408.0,0,0,0,1,1,7.285065174102783,2.5480639934539795,1.365516185760498,0.602198600769043,0.006694316864013672,0.011744022369384766
3409,0,0.51476923076923,988,1000,1,1,3409.0,0,0,0,1,1,7.28658127784729,2.549111843109131,1.3659424781799316,0.602198600769043,0.006694316864013672,0.01174783706665039
3410,0,0.51476923076923,989,1000,1,1,3410.0,0,0,0,1,0,7.287589073181152,2.54974627494812,1.3662853240966797,0.602198600769043,0.006694316864013672,0.011749982833862305
3411,0,0.51476923076923,989,1000,3,2,3244.0,0,0,2,0,2,7.2951648235321045,2.5505001544952393,1.367473840713501,0.6075766086578369,0.006723642349243164,0.011751890182495117
3412,0,0.51476923076923,989,1000,1,1,3412.0,0,0,0,1,1,7.297403573989868,2.551973819732666,1.3681626319885254,0.6075766086578369,0.006723642349243164,0.011760950088500977
3413,0,0.51476923076923,989,1000,1,1,3338.0,0,0,0,0,0,7.298717737197876,2.5532593727111816,1.3681631088256836,0.6075766086578369,0.006723642349243164,0.011766672134399414
3414,0,0.51476923076923,989,1000,3,3,3246.5,0,1,2,0,2,7.304997205734253,2.5539705753326416,1.3694875240325928,0.6116280555725098,0.00674748420715332,0.011769771575927734
3415,0,0.51476923076923,989,1000,1,1,3206.0,0,0,2,0,2,7.312550783157349,2.5553555488586426,1.3707876205444336,0.616351842880249,0.006764650344848633,0.011777639389038086
3416,0,0.51476923076923,989,1000,3,1,3416.0,0,0,0,1,1,7.314281225204468,2.556584358215332,1.371201992034912,0.616351842880249,0.006764650344848633,0.011783838272094727
3417,0,0.51476923076923,989,1000,1,1,3417.0,0,0,0,1,1,7.315760850906372,2.557565927505493,1.3716614246368408,0.616351842880249,0.006764650344848633,0.011786222457885742
3418,0,0.51476923076923,989,1000,1,1,3418.0,0,0,0,1,1,7.316827297210693,2.558255910873413,1.3720035552978516,0.616351842880249,0.006764650344848633,0.01178884506225586
3419,0,0.51476923076923,989,1000,1,1,3419.0,0,0,0,1,1,7.317863941192627,2.55892276763916,1.3723397254943848,0.616351842880249,0.006764650344848633,0.01179051399230957
3420,0,0.51476923076923,989,1000,1,1,3420.0,0,0,0,1,1,7.318761825561523,2.5594685077667236,1.3726646900177002,0.616351842880249,0.006764650344848633,0.011791706085205078
3421,0,0.51476923076923,989,1000,1,1,3421.0,0,0,0,1,1,7.320541858673096,2.55997371673584,1.3738996982574463,0.616351842880249,0.006764650344848633,0.011793375015258789
3422,0,0.51476923076923,989,1000,1,1,3422.0,0,0,0,1,1,7.322850942611694,2.561519145965576,1.3745777606964111,0.616351842880249,0.006764650344848633,0.011807441711425781
3423,0,0.51476923076923,989,1000,1,1,3423.0,0,0,0,1,1,7.324008226394653,2.5622737407684326,1.3749401569366455,0.616351842880249,0.006764650344848633,0.011812448501586914
3424,0,0.51476923076923,989,1000,3,2,3284.6666666666665,0,0,0,0,0,7.324727773666382,2.562962532043457,1.374941110610962,0.616351842880249,0.006764650344848633,0.011814355850219727
3425,0,0.51476923076923,989,1000,2,1,3425.0,0,0,0,1,1,7.327361106872559,2.5644912719726562,1.375920057296753,0.616351842880249,0.006764650344848633,0.011817693710327148
3426,0,0.51476923076923,989,1000,3,1,3426.0,0,0,0,1,1,7.329526662826538,2.566004991531372,1.3765056133270264,0.616351842880249,0.006764650344848633,0.011823415756225586
3427,0,0.51476923076923,989,1000,1,1,3427.0,0,0,0,1,1,7.3310582637786865,2.5669777393341064,1.3770227432250977,0.616351842880249,0.006764650344848633,0.011827230453491211
3428,0,0.51476923076923,989,1000,5,1,3428.0,0,0,0,1,1,7.333160877227783,2.568361282348633,1.3776710033416748,0.616351842880249,0.006764650344848633,0.011831521987915039
3429,0,0.51476923076923,989,1000,2,1,3429.0,0,0,0,1,1,7.334869861602783,2.569450616836548,1.3782405853271484,0.616351842880249,0.006764650344848633,0.011836528778076172
3430,0,0.51476923076923,989,1000,1,1,3430.0,0,0,0,1,1,7.336317300796509,2.570453643798828,1.3786396980285645,0.616351842880249,0.006764650344848633,0.0118408203125
3431,0,0.51476923076923,989,1000,1,1,3298.0,0,0,2,0,2,7.341615438461304,2.5710437297821045,1.3792870044708252,0.6202917098999023,0.006780862808227539,0.01184225082397461
3432,0,0.51476923076923,989,1000,1,1,3432.0,0,0,0,1,1,7.344072580337524,2.572484254837036,1.3802244663238525,0.6202917098999023,0.006780862808227539,0.011846780776977539
3433,0,0.51476923076923,989,1000,2,1,3433.0,0,0,0,1,1,7.3464674949646,2.5740673542022705,1.3809545040130615,0.6202917098999023,0.006780862808227539,0.011854410171508789
3434,0,0.51476923076923,989,1000,1,1,3434.0,0,0,0,1,1,7.347852945327759,2.575016498565674,1.3813469409942627,0.6202917098999023,0.006780862808227539,0.011859416961669922
3435,0,0.51476923076923,989,1000,1,1,3435.0,0,0,0,1,1,7.34904932975769,2.5758092403411865,1.3817129135131836,0.6202917098999023,0.006780862808227539,0.011862039566040039
3436,0,0.51476923076923,989,1000,1,1,3306.0,0,0,2,0,2,7.355626106262207,2.5764899253845215,1.3828532695770264,0.6249234676361084,0.006797313690185547,0.011863946914672852
3437,0,0.51476923076923,989,1000,6,6,3127.4285714285716,0,0,1,0,2,7.363245725631714,2.5780575275421143,1.383984088897705,0.6296076774597168,0.006823062896728516,0.011870384216308594
3438,0,0.51476923076923,991,1000,1,1,3403.0,0,0,2,0,0,7.366723299026489,2.579428195953369,1.3851027488708496,0.6304190158843994,0.006845235824584961,0.011876344680786133
3439,0,0.51476923076923,991,1000,14,8,3196.222222222222,0,0,0,0,0,7.368252754211426,2.5808920860290527,1.3851032257080078,0.6304190158843994,0.006845235824584961,0.011882781982421875
3440,0,0.51476923076923,992,1000,2,1,3440.0,0,0,0,1,0,7.369294881820679,2.5814993381500244,1.3854904174804688,0.6304190158843994,0.006845235824584961,0.011884689331054688
3441,0,0.51476923076923,992,1000,10,7,3329.1428571428573,0,0,0,0,0,7.369964599609375,2.5821292400360107,1.385490894317627,0.6304190158843994,0.006845235824584961,0.011886119842529297
3442,0,0.51476923076923,992,1000,2,1,3442.0,0,0,0,1,1,7.370973825454712,2.5827248096466064,1.3858706951141357,0.6304190158843994,0.006845235824584961,0.011887311935424805
3443,0,0.51476923076923,992,1000,1,1,3443.0,0,0,0,1,1,7.37190055847168,2.583308458328247,1.3861863613128662,0.6304190158843994,0.006845235824584961,0.011888504028320312
3444,0,0.51476923076923,992,1000,2,1,3444.0,0,0,0,1,1,7.37280011177063,2.583855628967285,1.386509656906128,0.6304190158843994,0.006845235824584961,0.011889934539794922
3445,0,0.51476923076923,993,1000,2,2,3310.5,0,0,2,0,1,7.379220724105835,2.584404468536377,1.3877918720245361,0.634852409362793,0.006863594055175781,0.01189112663269043
3446,0,0.51476923076923,993,1000,7,5,3366.8,0,0,0,0,0,7.381046772003174,2.586153030395508,1.387794017791748,0.634852409362793,0.006863594055175781,0.011898279190063477
3447,0,0.51476923076923,993,1000,1,1,3447.0,0,0,0,1,1,7.383441209793091,2.5877387523651123,1.3885254859924316,0.634852409362793,0.006863594055175781,0.011906623840332031
3448,0,0.51476923076923,994,1000,1,1,3448.0,0,0,0,1,0,7.384885787963867,2.5887084007263184,1.3889548778533936,0.634852409362793,0.006863594055175781,0.011912822723388672
3449,0,0.51476923076923,994,1000,1,1,3449.0,0,0,0,1,1,7.385876893997192,2.5893361568450928,1.389286994934082,0.634852409362793,0.006863594055175781,0.01191568374633789
3450,0,0.51476923076923,994,1000,7,5,3267.4,0,0,2,0,2,7.393827676773071,2.5900228023529053,1.3919446468353271,0.6392807960510254,0.006884336471557617,0.0119171142578125
3451,0,0.51476923076923,994,1000,1,1,3451.0,0,0,0,1,1,7.3963963985443115,2.591571807861328,1.3928627967834473,0.6392807960510254,0.006884336471557617,0.011927604675292969
3452,0,0.51476923076923,994,1000,1,1,3452.0,0,0,0,1,1,7.39892315864563,2.593233108520508,1.3936491012573242,0.6392807960510254,0.006884336471557617,0.011934757232666016
3453,0,0.51476923076923,994,1000,2,1,3453.0,0,0,0,1,1,7.400025129318237,2.593942403793335,1.3940024375915527,0.6392807960510254,0.006884336471557617,0.011940956115722656
3454,0,0.51476923076923,994,1000,1,1,3454.0,0,0,0,1,1,7.4011781215667725,2.594614028930664,1.3944499492645264,0.6392807960510254,0.006884336471557617,0.011942625045776367
3455,0,0.51476923076923,994,1000,1,1,3455.0,0,0,0,1,1,7.403166055679321,2.595848798751831,1.3951401710510254,0.6392807960510254,0.006884336471557617,0.01194620132446289
3456,0,0.51476923076923,994,1000,1,1,3456.0,0,0,0,1,1,7.404641151428223,2.5969197750091553,1.395505428314209,0.6392807960510254,0.006884336471557617,0.011951446533203125
3457,0,0.51476923076923,994,1000,1,1,3457.0,0,0,0,1,1,7.405606746673584,2.5975241661071777,1.3958332538604736,0.6392807960510254,0.006884336471557617,0.011953115463256836
3458,0,0.51476923076923,994,1000,1,1,3458.0,0,0,0,1,1,7.406609535217285,2.598161220550537,1.396172285079956,0.6392807960510254,0.006884336471557617,0.011954307556152344
3459,0,0.51476923076923,994,1000,1,1,3459.0,0,0,0,1,1,7.407439708709717,2.598653554916382,1.396484136581421,0.6392807960510254,0.006884336471557617,0.011955738067626953
3460,0,0.51476923076923,994,1000,1,1,3460.0,0,0,0,1,1,7.410273790359497,2.599424123764038,1.3984785079956055,0.6392807960510254,0.006884336471557617,0.011957168579101562
3461,0,0.51476923076923,994,1000,2,1,3461.0,0,0,0,1,1,7.413046360015869,2.601214647293091,1.3993651866912842,0.6392807960510254,0.006884336471557617,0.011967658996582031
3462,0,0.51476923076923,994,1000,7,2,3387.5,0,0,2,0,2,7.420177221298218,2.602700710296631,1.4006333351135254,0.6434714794158936,0.0069122314453125,0.01197361946105957
3463,0,0.51476923076923,994,1000,1,1,3463.0,0,0,0,1,1,7.421813726425171,2.603853702545166,1.4010536670684814,0.6434714794158936,0.0069122314453125,0.011979341506958008
3464,0,0.51476923076923,994,1000,3,1,3437.0,0,0,0,0,0,7.422530889511108,2.60455322265625,1.4010539054870605,0.6434714794158936,0.0069122314453125,0.01198124885559082
3465,0,0.51476923076923,994,1000,1,1,3465.0,0,0,0,1,1,7.42348313331604,2.6050965785980225,1.4014301300048828,0.6434714794158936,0.0069122314453125,0.01198267936706543
3466,0,0.51476923076923,994,1000,1,1,3466.0,0,0,0,1,1,7.424416542053223,2.60565185546875,1.4017815589904785,0.6434714794158936,0.0069122314453125,0.01198434829711914
3467,0,0.51476923076923,994,1000,1,1,3467.0,0,0,0,1,1,7.427265644073486,2.6067047119140625,1.4034409523010254,0.6434714794158936,0.0069122314453125,0.011985540390014648
3468,0,0.51476923076923,995,1000,4,1,3468.0,0,0,0,1,0,7.429623603820801,2.6081485748291016,1.4042541980743408,0.6434714794158936,0.0069122314453125,0.011993169784545898
3469,0,0.51476923076923,995,1000,2,1,3469.0,0,0,0,1,1,7.431994676589966,2.609578847885132,1.4051005840301514,0.6434714794158936,0.0069122314453125,0.011999845504760742
3470,0,0.51476923076923,995,1000,1,1,3470.0,0,0,0,1,1,7.434924840927124,2.6113343238830566,1.4061696529388428,0.6434714794158936,0.0069122314453125,0.012006521224975586
3471,0,0.51476923076923,995,1000,1,1,3471.0,0,0,0,1,1,7.437672853469849,2.6130807399749756,1.407092571258545,0.6434714794158936,0.0069122314453125,0.012015104293823242
3472,0,0.51476923076923,995,1000,1,1,3472.0,0,0,0,1,1,7.439806938171387,2.6146180629730225,1.4076271057128906,0.6434714794158936,0.0069122314453125,0.012020587921142578
3473,0,0.51476923076923,995,1000,1,1,3473.0,0,0,0,1,1,7.444813013076782,2.6155924797058105,1.4115653038024902,0.6434714794158936,0.0069122314453125,0.012023210525512695
3474,0,0.51476923076923,995,1000,1,1,3474.0,0,0,0,1,1,7.447805881500244,2.6174874305725098,1.4125380516052246,0.6434714794158936,0.0069122314453125,0.012052297592163086
3475,0,0.51476923076923,995,1000,2,1,3475.0,0,0,0,1,1,7.450798988342285,2.61930775642395,1.413573980331421,0.6434714794158936,0.0069122314453125,0.012060403823852539
3476,0,0.51476923076923,995,1000,2,1,3476.0,0,0,0,1,1,7.4528868198394775,2.620934247970581,1.4139699935913086,0.6434714794158936,0.0069122314453125,0.01206827163696289
3477,0,0.51476923076923,995,1000,3,1,3477.0,0,0,0,1,1,7.453976154327393,2.6216366291046143,1.4143187999725342,0.6434714794158936,0.0069122314453125,0.0120697021484375
3478,0,0.51476923076923,995,1000,1,1,3478.0,0,0,0,1,1,7.454906225204468,2.6221916675567627,1.4146602153778076,0.6434714794158936,0.0069122314453125,0.01207113265991211
3479,0,0.51476923076923,995,1000,1,1,3479.0,0,0,0,1,1,7.455907106399536,2.6227962970733643,1.4150333404541016,0.6434714794158936,0.0069122314453125,0.012072324752807617
3480,0,0.51476923076923,995,1000,2,1,3480.0,0,0,0,1,1,7.456845283508301,2.623384475708008,1.4153518676757812,0.6434714794158936,0.0069122314453125,0.012073516845703125
3481,0,0.51476923076923,995,1000,1,1,3481.0,0,0,0,1,1,7.459726810455322,2.6242716312408447,1.417280673980713,0.6434714794158936,0.0069122314453125,0.012075185775756836
3482,0,0.51476923076923,994,1000,15,6,3294.1428571428573,0,0,1,0,2,7.4672935009002686,2.625918388366699,1.418700933456421,0.647728443145752,0.00693964958190918,0.01208353042602539
3483,0,0.51476923076923,994,1000,1,1,3483.0,0,0,0,1,1,7.469079256057739,2.6272788047790527,1.4190549850463867,0.647728443145752,0.00693964958190918,0.012089967727661133
3484,0,0.51476923076923,994,1000,1,1,3431.0,0,0,2,0,2,7.476585626602173,2.627950668334961,1.4216597080230713,0.6518378257751465,0.006957054138183594,0.012091398239135742
3485,0,0.51476923076923,994,1000,1,1,3414.0,0,0,2,0,2,7.483676433563232,2.629401206970215,1.4227488040924072,0.656224250793457,0.006978034973144531,0.0121002197265625
3486,0,0.51476923076923,994,1000,1,1,3486.0,0,0,0,1,1,7.485117673873901,2.630434274673462,1.4230988025665283,0.656224250793457,0.006978034973144531,0.012106180191040039
3487,0,0.51476923076923,994,1000,4,1,3487.0,0,0,0,1,1,7.486218214035034,2.631101369857788,1.4234843254089355,0.656224250793457,0.006978034973144531,0.012108325958251953
3488,0,0.51476923076923,994,1000,4,1,3488.0,0,0,0,1,1,7.487394571304321,2.6317999362945557,1.4239158630371094,0.656224250793457,0.006978034973144531,0.012110471725463867
3489,0,0.51476923076923,994,1000,1,1,3489.0,0,0,0,1,1,7.48956298828125,2.6331396102905273,1.4246680736541748,0.656224250793457,0.006978034973144531,0.012113809585571289
3490,0,0.51476923076923,994,1000,1,1,3490.0,0,0,0,1,1,7.49102258682251,2.6341750621795654,1.425050973892212,0.656224250793457,0.006978034973144531,0.012119054794311523
3491,0,0.51476923076923,994,1000,6,3,3249.0,0,0,2,0,2,7.49484395980835,2.6355104446411133,1.426192283630371,0.6572785377502441,0.007006645202636719,0.012120723724365234
3492,0,0.51476923076923,994,1000,1,1,3118.0,0,0,0,0,0,7.496551990509033,2.6370482444763184,1.4261929988861084,0.6572785377502441,0.00702977180480957,0.012127161026000977
3493,0,0.51476923076923,993,1000,1,1,621.0,0,0,1,0,2,7.500077724456787,2.6388726234436035,1.4273104667663574,0.6576571464538574,0.007053375244140625,0.012131214141845703
3494,0,0.51476923076923,993,1000,1,1,3258.0,0,0,2,0,2,7.506056785583496,2.639636516571045,1.4283523559570312,0.6617329120635986,0.007059812545776367,0.012136459350585938
3495,0,0.51476923076923,993,1000,1,1,3495.0,0,0,0,1,1,7.50765585899353,2.6408464908599854,1.428687334060669,0.6617329120635986,0.007059812545776367,0.012142419815063477
3496,0,0.51476923076923,993,1000,3,1,3496.0,0,0,0,1,1,7.510408878326416,2.6421449184417725,1.4300377368927002,0.6617329120635986,0.007059812545776367,0.012144088745117188
3497,0,0.51476923076923,993,1000,1,1,3497.0,0,0,0,1,1,7.512639760971069,2.643451452255249,1.4308886528015137,0.6617329120635986,0.007059812545776367,0.012150764465332031
3498,0,0.51476923076923,993,1000,7,7,2654.285714285714,0,0,2,0,2,7.515798568725586,2.64495849609375,1.4317741394042969,0.6623003482818604,0.007085323333740234,0.01215672492980957
3499,0,0.51476923076923,993,1000,4,3,3239.6666666666665,0,1,1,0,2,7.522514581680298,2.6456522941589355,1.4328689575195312,0.667090892791748,0.007092714309692383,0.012158632278442383
3500,0,0.51476923076923,993,1000,2,1,3500.0,0,0,0,1,1,7.524303436279297,2.647024154663086,1.4332175254821777,0.667090892791748,0.007092714309692383,0.012165069580078125
3501,0,0.51476923076923,993,1000,1,1,3501.0,0,0,0,1,1,7.527263402938843,2.648026943206787,1.4350173473358154,0.667090892791748,0.007092714309692383,0.012166738510131836
3502,0,0.51476923076923,993,1000,1,1,3502.0,0,0,0,1,1,7.530107259750366,2.6496741771698,1.4361231327056885,0.667090892791748,0.007092714309692383,0.012175559997558594
3503,0,0.51476923076923,993,1000,1,1,3503.0,0,0,0,1,1,7.531877279281616,2.6510419845581055,1.436474323272705,0.667090892791748,0.007092714309692383,0.012183904647827148
3504,0,0.51476923076923,993,1000,1,1,3504.0,0,0,0,1,1,7.5328428745269775,2.651637077331543,1.4368174076080322,0.667090892791748,0.007092714309692383,0.01218557357788086
3505,0,0.51476923076923,993,1000,1,1,3414.0,0,0,0,0,0,7.534389495849609,2.653153419494629,1.4368188381195068,0.667090892791748,0.007092714309692383,0.012187004089355469
3506,0,0.51476923076923,993,1000,1,1,3506.0,0,0,0,1,1,7.536299705505371,2.654210329055786,1.4375944137573242,0.667090892791748,0.007092714309692383,0.012192487716674805
3507,0,0.51476923076923,993,1000,1,1,3507.0,0,0,0,1,1,7.5382606983184814,2.6555397510528564,1.4381678104400635,0.667090892791748,0.007092714309692383,0.012198686599731445
3508,0,0.51476923076923,993,1000,9,2,3325.5,0,0,1,0,2,7.545154333114624,2.6564249992370605,1.4393622875213623,0.6717195510864258,0.007111072540283203,0.01220250129699707
3509,0,0.51476923076923,993,1000,1,1,3509.0,0,0,0,1,1,7.547088623046875,2.6577813625335693,1.4398746490478516,0.6717195510864258,0.007111072540283203,0.012208223342895508
3510,0,0.51476923076923,993,1000,1,1,3510.0,0,0,0,1,1,7.549396276473999,2.6593103408813477,1.4405851364135742,0.6717195510864258,0.007111072540283203,0.012215852737426758
3511,0,0.51476923076923,993,1000,2,1,3511.0,0,0,0,1,1,7.550776720046997,2.6603012084960938,1.4409353733062744,0.6717195510864258,0.007111072540283203,0.012219905853271484
3512,0,0.51476923076923,993,1000,1,1,3512.0,0,0,0,1,1,7.552483081817627,2.661228656768799,1.4416589736938477,0.6717195510864258,0.007111072540283203,0.012221336364746094
3513,0,0.51476923076923,992,1000,2,2,3404.0,0,0,1,0,2,7.560483455657959,2.6626439094543457,1.4442436695098877,0.6755619049072266,0.007134199142456055,0.012226104736328125
3514,0,0.51476923076923,992,1000,9,2,3357.0,0,0,0,0,0,7.562042236328125,2.6641383171081543,1.4442448616027832,0.6755619049072266,0.007134199142456055,0.012232780456542969
3515,0,0.51476923076923,992,1000,10,1,3515.0,0,0,0,1,1,7.563692569732666,2.6648709774017334,1.4450783729553223,0.6755619049072266,0.007134199142456055,0.012235403060913086
3516,0,0.51476923076923,992,1000,2,1,3516.0,0,0,0,1,1,7.566082954406738,2.66640043258667,1.4458577632904053,0.6755619049072266,0.007134199142456055,0.012239933013916016
3517,0,0.51476923076923,992,1000,1,1,3517.0,0,0,0,1,1,7.567896842956543,2.6676130294799805,1.4464025497436523,0.6755619049072266,0.007134199142456055,0.012246131896972656
3518,0,0.51476923076923,992,1000,1,1,3518.0,0,0,0,1,1,7.5689568519592285,2.6682984828948975,1.4467487335205078,0.6755619049072266,0.007134199142456055,0.01224827766418457
3519,0,0.51476923076923,991,1000,2,2,2954.6666666666665,0,0,1,0,2,7.5706939697265625,2.668883800506592,1.4474427700042725,0.6759021282196045,0.007152080535888672,0.012250185012817383
3520,0,0.51476923076923,991,1000,1,1,3520.0,0,0,0,1,1,7.571734666824341,2.669562578201294,1.4477744102478027,0.6759021282196045,0.007152080535888672,0.012251853942871094
3521,0,0.51476923076923,991,1000,1,1,3521.0,0,0,0,1,1,7.572705507278442,2.6701693534851074,1.448112964630127,0.6759021282196045,0.007152080535888672,0.012253284454345703
3522,0,0.51476923076923,991,1000,1,1,3522.0,0,0,0,1,1,7.574021100997925,2.670759916305542,1.4487876892089844,0.6759021282196045,0.007152080535888672,0.012254953384399414
3523,0,0.51476923076923,991,1000,3,1,3523.0,0,0,0,1,1,7.577152490615845,2.6725316047668457,1.4500401020050049,0.6759021282196045,0.007152080535888672,0.012259483337402344
3524,0,0.51476923076923,991,1000,2,1,3437.0,0,0,0,0,0,7.578698396682739,2.6740353107452393,1.4500412940979004,0.6759021282196045,0.007152080535888672,0.012268304824829102
3525,0,0.51476923076923,991,1000,1,1,3525.0,0,0,0,1,1,7.580502033233643,2.6746649742126465,1.4511537551879883,0.6759021282196045,0.007152080535888672,0.01227116584777832
3526,0,0.51476923076923,991,1000,1,1,3526.0,0,0,0,1,1,7.583167314529419,2.6762607097625732,1.4521255493164062,0.6759021282196045,0.007152080535888672,0.012278556823730469
3527,0,0.51476923076923,991,1000,7,3,3404.3333333333335,0,0,0,0,0,7.584782123565674,2.6778125762939453,1.4521267414093018,0.6759021282196045,0.007152080535888672,0.012285232543945312
3528,0,0.51476923076923,990,1000,1,1,3275.0,0,0,1,0,2,7.5907182693481445,2.678924322128296,1.4532761573791504,0.6794114112854004,0.007173061370849609,0.012291193008422852
3529,0,0.51476923076923,990,1000,1,1,3529.0,0,0,0,1,1,7.593623876571655,2.6805613040924072,1.4544265270233154,0.6794114112854004,0.007173061370849609,0.012296915054321289
3530,0,0.51476923076923,991,1000,5,1,3530.0,0,0,0,1,0,7.5959312915802,2.6820898056030273,1.4551141262054443,0.6794114112854004,0.007173061370849609,0.012304544448852539
3531,0,0.51476923076923,991,1000,2,1,3531.0,0,0,0,1,1,7.598145246505737,2.6833345890045166,1.4559483528137207,0.6794114112854004,0.007173061370849609,0.012309551239013672
3532,0,0.51476923076923,991,1000,2,2,3371.0,0,0,2,0,2,7.60470175743103,2.684767007827759,1.456911325454712,0.6833860874176025,0.0071942806243896484,0.012315034866333008
3533,0,0.51476923076923,991,1000,1,1,3508.0,0,0,2,0,2,7.611860275268555,2.685901641845703,1.4580917358398438,0.688103199005127,0.0072100162506103516,0.012319087982177734
3534,0,0.51476923076923,991,1000,2,1,3534.0,0,0,0,1,1,7.614043951034546,2.687486410140991,1.4586155414581299,0.688103199005127,0.0072100162506103516,0.01232600212097168
3535,0,0.51476923076923,991,1000,6,3,3415.5,0,0,0,0,0,7.615053653717041,2.688460111618042,1.458616018295288,0.688103199005127,0.0072100162506103516,0.012329816818237305
3536,0,0.51476923076923,991,1000,1,1,3536.0,0,0,0,1,1,7.615980625152588,2.6889336109161377,1.459029197692871,0.688103199005127,0.0072100162506103516,0.012331008911132812
3537,0,0.51476923076923,991,1000,1,1,3537.0,0,0,0,1,1,7.617024660110474,2.689535617828369,1.4594359397888184,0.688103199005127,0.0072100162506103516,0.012332439422607422
3538,0,0.51476923076923,991,1000,2,2,3476.5,0,0,0,0,0,7.617694616317749,2.6901888847351074,1.4594361782073975,0.688103199005127,0.0072100162506103516,0.012334108352661133
3539,0,0.51476923076923,991,1000,1,1,3539.0,0,0,0,1,1,7.61868143081665,2.690772533416748,1.459812879562378,0.688103199005127,0.0072100162506103516,0.012335538864135742
3540,0,0.51476923076923,991,1000,4,1,3540.0,0,0,0,1,1,7.619608163833618,2.6913208961486816,1.4601593017578125,0.688103199005127,0.0072100162506103516,0.012336969375610352
3541,0,0.51476923076923,991,1000,1,1,3541.0,0,0,0,1,1,7.6205244064331055,2.6918790340423584,1.4604878425598145,0.688103199005127,0.0072100162506103516,0.012338399887084961
3542,0,0.51476923076923,991,1000,1,1,3542.0,0,0,0,1,1,7.621434688568115,2.6924102306365967,1.4608421325683594,0.688103199005127,0.0072100162506103516,0.012339591979980469
3543,0,0.51476923076923,991,1000,4,1,3543.0,0,0,0,1,1,7.622330904006958,2.692955732345581,1.4611573219299316,0.688103199005127,0.0072100162506103516,0.012340784072875977
3544,0,0.51476923076923,991,1000,1,1,3544.0,0,0,0,1,1,7.623232841491699,2.693493127822876,1.4614980220794678,0.688103199005127,0.0072100162506103516,0.012342214584350586
3545,0,0.51476923076923,992,1000,1,1,3545.0,0,0,0,1,0,7.624112606048584,2.6940014362335205,1.461843490600586,0.688103199005127,0.0072100162506103516,0.012344121932983398
3546,0,0.51476923076923,992,1000,1,1,3546.0,0,0,0,1,1,7.624973297119141,2.6944808959960938,1.4621968269348145,0.688103199005127,0.0072100162506103516,0.01234579086303711
3547,0,0.51476923076923,992,1000,3,1,3547.0,0,0,0,1,1,7.627859115600586,2.6963417530059814,1.4631431102752686,0.688103199005127,0.0072100162506103516,0.01234889030456543
3548,0,0.51476923076923,992,1000,1,1,3548.0,0,0,0,1,1,7.629984140396118,2.697683811187744,1.4638628959655762,0.688103199005127,0.0072100162506103516,0.012355804443359375
3549,0,0.51476923076923,992,1000,5,2,3520.5,0,0,0,0,0,7.631416320800781,2.6990716457366943,1.4638638496398926,0.688103199005127,0.0072100162506103516,0.01236271858215332
3550,0,0.51476923076923,992,1000,1,1,3550.0,0,0,0,1,1,7.6326165199279785,2.699760913848877,1.4643383026123047,0.688103199005127,0.0072100162506103516,0.012364625930786133
3551,0,0.51476923076923,992,1000,3,2,3520.5,0,0,0,0,0,7.63322114944458,2.700345993041992,1.464338779449463,0.688103199005127,0.0072100162506103516,0.012366294860839844
3552,0,0.51476923076923,991,1000,5,3,3375.0,0,0,1,0,2,7.638347148895264,2.7009894847869873,1.465160846710205,0.6916210651397705,0.0072290897369384766,0.012367725372314453
3553,0,0.51476923076923,991,1000,1,1,3553.0,0,0,0,1,1,7.639479875564575,2.7017619609832764,1.465484380722046,0.6916210651397705,0.0072290897369384766,0.01237034797668457
3554,0,0.51476923076923,991,1000,1,1,3554.0,0,0,0,1,1,7.640419244766235,2.7023322582244873,1.4658229351043701,0.6916210651397705,0.0072290897369384766,0.01237177848815918
3555,0,0.51476923076923,991,1000,2,1,3555.0,0,0,0,1,1,7.641628265380859,2.702899694442749,1.4664103984832764,0.6916210651397705,0.0072290897369384766,0.012373208999633789
3556,0,0.51476923076923,991,1000,1,1,3556.0,0,0,0,1,1,7.6440465450286865,2.7043709754943848,1.467271327972412,0.6916210651397705,0.0072290897369384766,0.012381315231323242
3557,0,0.51476923076923,991,1000,1,1,3557.0,0,0,0,1,1,7.646031618118286,2.7058298587799072,1.4677379131317139,0.6916210651397705,0.0072290897369384766,0.012387275695800781
3558,0,0.51476923076923,991,1000,2,1,3558.0,0,0,0,1,1,7.647870302200317,2.7067739963531494,1.4685628414154053,0.6916210651397705,0.0072290897369384766,0.012390613555908203
3559,0,0.51476923076923,990,1000,5,5,3333.6666666666665,0,0,1,0,2,7.654037714004517,2.70816707611084,1.469423532485962,0.6953918933868408,0.0072515010833740234,0.012395620346069336
3560,0,0.51476923076923,990,1000,1,1,3560.0,0,0,0,1,1,7.655213356018066,2.708960771560669,1.4697697162628174,0.6953918933868408,0.0072515010833740234,0.012398004531860352
3561,0,0.51476923076923,990,1000,1,1,3561.0,0,0,0,1,1,7.656125545501709,2.709526300430298,1.4700922966003418,0.6953918933868408,0.0072515010833740234,0.012399435043334961
3562,0,0.51476923076923,990,1000,1,1,3562.0,0,0,0,1,1,7.6570212841033936,2.710052251815796,1.4704346656799316,0.6953918933868408,0.0072515010833740234,0.012400627136230469
3563,0,0.51476923076923,990,1000,1,1,3563.0,0,0,0,1,1,7.658095598220825,2.710665464401245,1.470858097076416,0.6953918933868408,0.0072515010833740234,0.012403011322021484
3564,0,0.51476923076923,990,1000,1,1,3564.0,0,0,0,1,1,7.660856485366821,2.7124929428100586,1.4716911315917969,0.6953918933868408,0.0072515010833740234,0.012408971786499023
3565,0,0.51476923076923,990,1000,2,1,3565.0,0,0,0,1,1,7.662733554840088,2.713770627975464,1.472233533859253,0.6953918933868408,0.0072515010833740234,0.012415170669555664
3566,0,0.51476923076923,990,1000,3,3,3482.75,0,0,0,0,0,7.663786172866821,2.714794635772705,1.472233772277832,0.6953918933868408,0.0072515010833740234,0.01241922378540039
3567,0,0.51476923076923,990,1000,1,1,3567.0,0,0,0,1,1,7.664795398712158,2.715360403060913,1.4726457595825195,0.6953918933868408,0.0072515010833740234,0.012420892715454102
3568,0,0.51476923076923,990,1000,1,1,3568.0,0,0,0,1,1,7.66570258140564,2.7158994674682617,1.4729843139648438,0.6953918933868408,0.0072515010833740234,0.012422323226928711
3569,0,0.51476923076923,990,1000,2,1,3569.0,0,0,0,1,1,7.6666100025177,2.716423273086548,1.4733381271362305,0.6953918933868408,0.0072515010833740234,0.012423992156982422
3570,0,0.51476923076923,990,1000,1,1,3570.0,0,0,0,1,1,7.667567729949951,2.71702241897583,1.4736661911010742,0.6953918933868408,0.0072515010833740234,0.01242518424987793
3571,0,0.51476923076923,990,1000,2,1,3571.0,0,0,0,1,1,7.668566942214966,2.7176623344421387,1.4739923477172852,0.6953918933868408,0.0072515010833740234,0.01242685317993164
3572,0,0.51476923076923,990,1000,2,1,2596.0,0,0,2,0,2,7.670541524887085,2.7183194160461426,1.4746735095977783,0.6959342956542969,0.0072672367095947266,0.01242828369140625
3573,0,0.51476923076923,990,1000,1,1,3573.0,0,0,0,1,1,7.671491384506226,2.718902349472046,1.4750146865844727,0.6959342956542969,0.0072672367095947266,0.012430191040039062
3574,0,0.51476923076923,990,1000,1,1,3574.0,0,0,0,1,1,7.672499179840088,2.7194759845733643,1.4754188060760498,0.6959342956542969,0.0072672367095947266,0.012431621551513672
3575,0,0.51476923076923,990,1000,1,1,2908.0,0,0,2,0,2,7.680650234222412,2.720355272293091,1.4769582748413086,0.7014973163604736,0.00728607177734375,0.012433767318725586
3576,0,0.51476923076923,990,1000,9,7,3365.5714285714284,0,1,2,0,2,7.687417507171631,2.721790313720703,1.4780712127685547,0.7054815292358398,0.007311344146728516,0.012441158294677734
3577,0,0.51476923076923,990,1000,7,3,3424.6666666666665,0,0,2,0,2,7.696279525756836,2.72314453125,1.4793343544006348,0.7115685939788818,0.0073282718658447266,0.012446403503417969
3578,0,0.51476923076923,990,1000,1,1,3578.0,0,0,0,1,1,7.69852352142334,2.724599838256836,1.4800429344177246,0.7115685939788818,0.0073282718658447266,0.012453079223632812
3579,0,0.51476923076923,990,1000,2,1,3513.0,0,0,2,0,2,7.705282688140869,2.726025342941284,1.4812002182006836,0.7155764102935791,0.00735020637512207,0.012458324432373047
3580,0,0.51476923076923,990,1000,1,1,3499.0,0,0,0,0,0,7.706494092941284,2.72721266746521,1.4812006950378418,0.7155764102935791,0.00735020637512207,0.012463092803955078
3581,0,0.51476923076923,990,1000,1,1,3581.0,0,0,0,1,1,7.707560062408447,2.727881908416748,1.4815595149993896,0.7155764102935791,0.00735020637512207,0.012464284896850586
3582,0,0.51476923076923,989,1000,1,1,3431.0,0,0,1,0,2,7.713885545730591,2.728658437728882,1.4826951026916504,0.7197959423065186,0.007378339767456055,0.012465476989746094
3583,0,0.51476923076923,989,1000,1,1,3583.0,0,0,0,1,1,7.715723037719727,2.7300901412963867,1.4830453395843506,0.7197959423065186,0.007378339767456055,0.012471437454223633
3584,0,0.51476923076923,989,1000,1,1,3584.0,0,0,0,1,1,7.7166852951049805,2.7307021617889404,1.4833705425262451,0.7197959423065186,0.007378339767456055,0.012472867965698242
3585,0,0.51476923076923,989,1000,1,1,3298.0,0,0,2,0,2,7.7226386070251465,2.7312517166137695,1.484485387802124,0.7239542007446289,0.0073964595794677734,0.012474298477172852
3586,0,0.51476923076923,989,1000,1,1,3586.0,0,0,0,1,1,7.724226236343384,2.732455015182495,1.4848191738128662,0.7239542007446289,0.0073964595794677734,0.01248025894165039
3587,0,0.51476923076923,989,1000,2,2,3459.5,0,0,2,0,2,7.727883338928223,2.7333226203918457,1.486429214477539,0.7249031066894531,0.007427692413330078,0.012482404708862305
3588,0,0.51476923076923,989,1000,1,1,3588.0,0,0,0,1,1,7.72992467880249,2.7346673011779785,1.487053632736206,0.7249031066894531,0.007427692413330078,0.012490272521972656
3589,0,0.51476923076923,989,1000,4,1,3589.0,0,0,0,1,1,7.731544017791748,2.7354657649993896,1.4878101348876953,0.7249031066894531,0.007427692413330078,0.012492895126342773
3590,0,0.51476923076923,989,1000,1,1,3590.0,0,0,0,1,1,7.733637809753418,2.736820697784424,1.4884860515594482,0.7249031066894531,0.007427692413330078,0.012498855590820312
3591,0,0.51476923076923,989,1000,1,1,3591.0,0,0,0,1,1,7.734760999679565,2.7375576496124268,1.4888463020324707,0.7249031066894531,0.007427692413330078,0.012501955032348633
3592,0,0.51476923076923,989,1000,1,1,3592.0,0,0,0,1,1,7.736201286315918,2.7381813526153564,1.4896349906921387,0.7249031066894531,0.007427692413330078,0.012503385543823242
3593,0,0.51476923076923,989,1000,1,1,3593.0,0,0,0,1,1,7.737837314605713,2.7391114234924316,1.4902784824371338,0.7249031066894531,0.007427692413330078,0.012507200241088867
3594,0,0.51476923076923,989,1000,1,1,3594.0,0,0,0,1,1,7.739868640899658,2.740272283554077,1.4910805225372314,0.7249031066894531,0.007427692413330078,0.012512445449829102
3595,0,0.51476923076923,989,1000,4,3,3283.0,0,0,0,0,0,7.741239309310913,2.7415871620178223,1.491081714630127,0.7249031066894531,0.007427692413330078,0.01251840591430664
3596,0,0.51476923076923,989,1000,1,1,3596.0,0,0,0,1,1,7.7438271045684814,2.743154525756836,1.4920012950897217,0.7249031066894531,0.007427692413330078,0.012522697448730469
3597,0,0.51476923076923,989,1000,1,1,3414.0,0,0,2,0,2,7.751136541366577,2.744671583175659,1.4931461811065674,0.7294018268585205,0.0074462890625,0.01252889633178711
3598,0,0.51476923076923,989,1000,1,1,3598.0,0,0,0,1,1,7.753314256668091,2.746081829071045,1.4938390254974365,0.7294018268585205,0.0074462890625,0.012534379959106445
3599,0,0.51476923076923,989,1000,4,1,3599.0,0,0,0,1,1,7.754667282104492,2.74704647064209,1.4941778182983398,0.7294018268585205,0.0074462890625,0.012540578842163086
3600,0,0.51476923076923,990,1000,7,3,3403.75,0,1,2,0,1,7.761394739151001,2.747755765914917,1.4953820705413818,0.7340207099914551,0.007463216781616211,0.012542247772216797
3601,0,0.51476923076923,990,1000,1,1,3601.0,0,0,0,1,1,7.763711214065552,2.749401569366455,1.4959421157836914,0.7340207099914551,0.007463216781616211,0.012548685073852539
3602,0,0.51476923076923,991,1000,5,2,3425.5,0,1,2,0,1,7.771683216094971,2.7503387928009033,1.4975275993347168,0.739177942276001,0.0074808597564697266,0.01255345344543457
3603,0,0.51476923076923,991,1000,3,3,3076.8,0,0,2,0,2,7.77579665184021,2.7517287731170654,1.4994118213653564,0.7397992610931396,0.0075075626373291016,0.012560367584228516
3604,0,0.51476923076923,991,1000,1,1,3604.0,0,0,0,1,1,7.77821159362793,2.753323793411255,1.5001389980316162,0.7397992610931396,0.0075075626373291016,0.012572050094604492
3605,0,0.51476923076923,991,1000,7,4,3513.25,0,0,0,0,0,7.779657602310181,2.754709005355835,1.5001413822174072,0.7397992610931396,0.0075075626373291016,0.012578725814819336
3606,0,0.51476923076923,991,1000,1,1,3606.0,0,0,0,1,1,7.781458854675293,2.7556583881378174,1.5009338855743408,0.7397992610931396,0.0075075626373291016,0.012582778930664062
3607,0,0.51476923076923,991,1000,2,1,3607.0,0,0,0,1,1,7.7838966846466064,2.757228374481201,1.501699447631836,0.7397992610931396,0.0075075626373291016,0.012589454650878906
3608,0,0.51476923076923,991,1000,1,1,3608.0,0,0,0,1,1,7.785245418548584,2.7582030296325684,1.5020396709442139,0.7397992610931396,0.0075075626373291016,0.012595176696777344
3609,0,0.51476923076923,990,1000,2,1,3215.0,0,0,1,0,2,7.790587902069092,2.7588768005371094,1.503114938735962,0.7432656288146973,0.007523775100708008,0.012596607208251953
3610,0,0.51476923076923,989,1000,1,1,3228.0,0,0,1,0,2,7.794430494308472,2.7603793144226074,1.5043072700500488,0.7440712451934814,0.007557868957519531,0.012602567672729492
3611,0,0.51476923076923,989,1000,2,1,3611.0,0,0,0,1,1,7.796496629714966,2.7619688510894775,1.5047123432159424,0.7440712451934814,0.007557868957519531,0.012609004974365234
3612,0,0.51476923076923,989,1000,1,1,3612.0,0,0,0,1,1,7.799361944198608,2.7639715671539307,1.505495309829712,0.7440712451934814,0.007557868957519531,0.012611865997314453
3613,0,0.51476923076923,989,1000,2,2,3435.0,0,0,2,0,2,7.805941343307495,2.765434741973877,1.5064740180969238,0.748039960861206,0.0075778961181640625,0.012618303298950195
3614,0,0.51476923076923,989,1000,1,1,3614.0,0,0,0,1,1,7.808196783065796,2.766721487045288,1.507368564605713,0.748039960861206,0.0075778961181640625,0.01262521743774414
3615,0,0.51476923076923,989,1000,2,2,3505.5,0,0,0,0,0,7.810047149658203,2.768521308898926,1.5073702335357666,0.748039960861206,0.0075778961181640625,0.012631893157958984
3616,0,0.51476923076923,989,1000,1,1,3616.0,0,0,0,1,1,7.8122453689575195,2.769930362701416,1.5080969333648682,0.748039960861206,0.0075778961181640625,0.012638568878173828
3617,0,0.51476923076923,989,1000,3,3,3479.5,0,0,0,0,0,7.814125299453735,2.771735429763794,1.5080986022949219,0.748039960861206,0.0075778961181640625,0.01264500617980957
3618,0,0.51476923076923,989,1000,6,3,3335.0,0,0,2,0,2,7.821117401123047,2.7733373641967773,1.5092029571533203,0.7521412372589111,0.007604360580444336,0.012653112411499023
3619,0,0.51476923076923,989,1000,1,1,3619.0,0,0,0,1,1,7.822873115539551,2.774684190750122,1.5095524787902832,0.7521412372589111,0.007604360580444336,0.012659311294555664
3620,0,0.51476923076923,988,1000,2,1,3533.0,0,0,1,0,2,7.830044984817505,2.7753424644470215,1.5110318660736084,0.7570512294769287,0.007619380950927734,0.012661218643188477
3621,0,0.51476923076923,988,1000,1,1,3621.0,0,0,0,1,1,7.832572937011719,2.7770302295684814,1.5117931365966797,0.7570512294769287,0.007619380950927734,0.012669563293457031
3622,0,0.51476923076923,988,1000,1,1,3533.0,0,0,0,0,0,7.83383321762085,2.7782673835754395,1.511793613433838,0.7570512294769287,0.007619380950927734,0.012675285339355469
3623,0,0.51476923076923,988,1000,1,1,3174.0,0,0,2,0,2,7.839854955673218,2.778878688812256,1.5129437446594238,0.7611820697784424,0.007635831832885742,0.01267695426940918
3624,0,0.51476923076923,988,1000,1,1,3624.0,0,0,0,1,1,7.842145204544067,2.78014874458313,1.5138764381408691,0.7611820697784424,0.007635831832885742,0.012682676315307617
3625,0,0.51476923076923,988,1000,1,1,3625.0,0,0,0,1,1,7.844923257827759,2.7820253372192383,1.5146799087524414,0.7611820697784424,0.007635831832885742,0.012695074081420898
3626,0,0.51476923076923,988,1000,1,1,3626.0,0,0,0,1,1,7.847444772720337,2.783578872680664,1.5155727863311768,0.7611820697784424,0.007635831832885742,0.012701272964477539
3627,0,0.51476923076923,988,1000,1,1,3613.0,0,0,0,0,0,7.848957300186157,2.7850639820098877,1.515573263168335,0.7611820697784424,0.007635831832885742,0.012707710266113281
3628,0,0.51476923076923,988,1000,1,1,3628.0,0,0,0,1,1,7.850020885467529,2.7855796813964844,1.5160784721374512,0.7611820697784424,0.007635831832885742,0.01270914077758789
3629,0,0.51476923076923,988,1000,1,1,3629.0,0,0,0,1,1,7.851051092147827,2.7861921787261963,1.5164620876312256,0.7611820697784424,0.007635831832885742,0.012710809707641602
3630,0,0.51476923076923,988,1000,3,3,3447.0,0,1,1,0,2,7.8560240268707275,2.787574529647827,1.5174617767333984,0.7635509967803955,0.007659196853637695,0.01271367073059082
3631,0,0.51476923076923,988,1000,1,1,3431.0,0,0,2,0,2,7.863451242446899,2.7887344360351562,1.5185840129852295,0.7685647010803223,0.007672786712646484,0.01271820068359375
3632,0,0.51476923076923,988,1000,2,1,3632.0,0,0,0,1,1,7.865336179733276,2.7901482582092285,1.518982172012329,0.7685647010803223,0.007672786712646484,0.01272439956665039
3633,0,0.51476923076923,988,1000,2,2,3562.0,0,0,0,0,0,7.866081953048706,2.7908706665039062,1.5189824104309082,0.7685647010803223,0.007672786712646484,0.012726306915283203
3634,0,0.51476923076923,988,1000,1,1,3634.0,0,0,0,1,1,7.86699652671814,2.7914016246795654,1.5193395614624023,0.7685647010803223,0.007672786712646484,0.01272726058959961
3635,0,0.51476923076923,988,1000,1,1,3033.0,0,0,2,0,2,7.870030403137207,2.792346239089966,1.5205681324005127,0.769249439239502,0.0076961517333984375,0.01272892951965332
3636,0,0.51476923076923,987,1000,4,1,3338.0,0,0,1,0,2,7.878255367279053,2.793686866760254,1.5232946872711182,0.7732434272766113,0.007711172103881836,0.012735128402709961
3637,0,0.51476923076923,987,1000,4,3,3574.75,0,0,0,0,0,7.879846096038818,2.7952256202697754,1.5232956409454346,0.7732434272766113,0.007711172103881836,0.012742996215820312
3638,0,0.51476923076923,987,1000,1,1,3638.0,0,0,0,1,1,7.881751537322998,2.7962090969085693,1.524153470993042,0.7732434272766113,0.007711172103881836,0.01274728775024414
3639,0,0.51476923076923,987,1000,1,1,1972.0,0,0,2,0,2,7.884063243865967,2.796881675720215,1.5251209735870361,0.773801326751709,0.00772857666015625,0.012749195098876953
3640,0,0.51476923076923,987,1000,1,1,3533.0,0,0,0,0,0,7.885558366775513,2.798339605331421,1.5251224040985107,0.773801326751709,0.00772857666015625,0.012755393981933594
3641,0,0.51476923076923,987,1000,3,2,3562.0,0,0,0,0,0,7.886351108551025,2.7991080284118652,1.525123119354248,0.773801326751709,0.00772857666015625,0.012759685516357422
3642,0,0.51476923076923,987,1000,2,1,3642.0,0,0,0,1,1,7.887794494628906,2.7997469902038574,1.5258591175079346,0.773801326751709,0.00772857666015625,0.01276087760925293
3643,0,0.51476923076923,987,1000,1,1,3643.0,0,0,0,1,1,7.888640880584717,2.8002634048461914,1.5261645317077637,0.773801326751709,0.00772857666015625,0.01276254653930664
3644,0,0.51476923076923,987,1000,3,1,3644.0,0,0,0,1,1,7.8895204067230225,2.8007678985595703,1.5265085697174072,0.773801326751709,0.00772857666015625,0.012763738632202148
3645,0,0.51476923076923,987,1000,1,1,3645.0,0,0,0,1,1,7.890446662902832,2.8013198375701904,1.5268526077270508,0.773801326751709,0.00772857666015625,0.012764930725097656
3646,0,0.51476923076923,987,1000,1,1,3646.0,0,0,0,1,1,7.892319202423096,2.801848888397217,1.5281498432159424,0.773801326751709,0.00772857666015625,0.012766122817993164
3647,0,0.51476923076923,987,1000,1,1,3298.0,0,0,2,0,2,7.899869441986084,2.803919553756714,1.5293376445770264,0.7779107093811035,0.007750272750854492,0.012778043746948242
3648,0,0.51476923076923,988,1000,2,2,3323.6666666666665,0,0,2,0,1,7.906578302383423,2.805476427078247,1.5303955078125,0.7818269729614258,0.0077741146087646484,0.012785673141479492
3649,0,0.51476923076923,987,1000,2,1,3267.0,0,0,1,0,2,7.910917043685913,2.806706428527832,1.5322492122650146,0.7829039096832275,0.007790565490722656,0.012791633605957031
3650,0,0.51476923076923,987,1000,3,1,3650.0,0,0,0,1,1,7.912988185882568,2.808093547821045,1.5328574180603027,0.7829039096832275,0.007790565490722656,0.012799501419067383
3651,0,0.51476923076923,987,1000,1,1,3651.0,0,0,0,1,1,7.915543794631958,2.8096160888671875,1.5338010787963867,0.7829039096832275,0.007790565490722656,0.012804746627807617
3652,0,0.51476923076923,987,1000,1,1,3648.0,0,0,0,0,0,7.916995048522949,2.811034679412842,1.5338020324707031,0.7829039096832275,0.007790565490722656,0.012811422348022461
3653,0,0.51476923076923,987,1000,1,1,3653.0,0,0,0,1,1,7.918454170227051,2.8117592334747314,1.5344858169555664,0.7829039096832275,0.007790565490722656,0.012814521789550781
3654,0,0.51476923076923,987,1000,2,1,3654.0,0,0,0,1,1,7.919700384140015,2.8125548362731934,1.5348963737487793,0.7829039096832275,0.007790565490722656,0.0128173828125
3655,0,0.51476923076923,987,1000,7,7,3304.25,0,0,2,0,2,7.927512884140015,2.8132989406585693,1.537487506866455,0.7872164249420166,0.007810831069946289,0.012819051742553711
3656,0,0.51476923076923,987,1000,2,1,3656.0,0,0,0,1,1,7.930098056793213,2.814664840698242,1.5386037826538086,0.7872164249420166,0.007810831069946289,0.012826681137084961
3657,0,0.51476923076923,988,1000,1,1,3657.0,0,0,0,1,0,7.932429313659668,2.816115617752075,1.5393972396850586,0.7872164249420166,0.007810831069946289,0.012839555740356445
3658,0,0.51476923076923,988,1000,1,1,3658.0,0,0,0,1,1,7.934340953826904,2.8174612522125244,1.5399141311645508,0.7872164249420166,0.007810831069946289,0.012845516204833984
3659,0,0.51476923076923,988,1000,1,1,3659.0,0,0,0,1,1,7.935666561126709,2.8183281421661377,1.5403339862823486,0.7872164249420166,0.007810831069946289,0.01284933090209961
3660,0,0.51476923076923,988,1000,4,4,3568.75,0,0,2,0,2,7.944363594055176,2.8191425800323486,1.5423598289489746,0.792919397354126,0.007829666137695312,0.012850761413574219
3661,0,0.51476923076923,989,1000,1,1,3661.0,0,0,0,1,0,7.946875810623169,2.820612668991089,1.543316125869751,0.792919397354126,0.007829666137695312,0.012857437133789062
3662,0,0.51476923076923,989,1000,1,1,2830.0,0,0,2,0,2,7.95447039604187,2.822282314300537,1.5449104309082031,0.7970325946807861,0.007855653762817383,0.01286458969116211
3663,0,0.51476923076923,989,1000,1,1,3663.0,0,0,0,1,1,7.956470966339111,2.823559045791626,1.5455572605133057,0.7970325946807861,0.007855653762817383,0.01287221908569336
3664,0,0.51476923076923,989,1000,1,1,3664.0,0,0,0,1,1,7.957942247390747,2.824542999267578,1.5459885597229004,0.7970325946807861,0.007855653762817383,0.012877702713012695
3665,0,0.51476923076923,989,1000,1,1,3665.0,0,0,0,1,1,7.96093487739563,2.8264780044555664,1.5469393730163574,0.7970325946807861,0.007855653762817383,0.012883186340332031
3666,0,0.51476923076923,989,1000,3,1,3666.0,0,0,0,1,1,7.963491916656494,2.82814359664917,1.5477104187011719,0.7970325946807861,0.007855653762817383,0.0128936767578125
3667,0,0.51476923076923,989,1000,2,2,3459.5,0,0,2,0,2,7.966388702392578,2.829381227493286,1.548647403717041,0.7975978851318359,0.00787806510925293,0.012899160385131836
3668,0,0.51476923076923,989,1000,1,1,3668.0,0,0,0,1,1,7.967903137207031,2.8303980827331543,1.5490901470184326,0.7975978851318359,0.00787806510925293,0.012904167175292969
3669,0,0.51476923076923,988,1000,1,1,3533.0,0,0,1,0,2,7.974323511123657,2.831716537475586,1.5501248836517334,0.8014945983886719,0.007899284362792969,0.012907028198242188
3670,0,0.51476923076923,988,1000,1,1,3670.0,0,0,0,1,1,7.977736234664917,2.833676815032959,1.551469087600708,0.8014945983886719,0.007899284362792969,0.012912988662719727
3671,0,0.51476923076923,987,1000,1,1,2790.0,0,0,1,0,2,7.981295108795166,2.835216760635376,1.5526716709136963,0.8020777702331543,0.007935285568237305,0.012920141220092773
3672,0,0.51476923076923,987,1000,9,3,3577.6,0,0,0,0,0,7.982656478881836,2.8365113735198975,1.5526726245880127,0.8020777702331543,0.007935285568237305,0.012927532196044922
3673,0,0.51476923076923,987,1000,2,1,3673.0,0,0,0,1,1,7.984058856964111,2.8372533321380615,1.5532793998718262,0.8020777702331543,0.007935285568237305,0.012930631637573242
3674,0,0.51476923076923,987,1000,3,1,3674.0,0,0,0,1,1,7.9860358238220215,2.838378429412842,1.554053783416748,0.8020777702331543,0.007935285568237305,0.012932777404785156
3675,0,0.51476923076923,987,1000,1,1,3675.0,0,0,0,1,1,7.988193511962891,2.839810848236084,1.5547130107879639,0.8020777702331543,0.007935285568237305,0.012938737869262695
3676,0,0.51476923076923,987,1000,6,6,3447.125,0,0,2,0,2,7.996291637420654,2.8409359455108643,1.5561938285827637,0.8073916435241699,0.007957696914672852,0.012944221496582031
3677,0,0.51476923076923,987,1000,2,1,3676.0,0,0,0,0,0,7.99783182144165,2.8424346446990967,1.55619478225708,0.8073916435241699,0.007957696914672852,0.01295018196105957
3678,0,0.51476923076923,987,1000,1,1,3602.0,0,0,0,0,0,7.9984986782073975,2.843083143234253,1.5561950206756592,0.8073916435241699,0.007957696914672852,0.012953996658325195
3679,0,0.51476923076923,987,1000,2,1,3298.0,0,0,2,0,2,8.004981994628906,2.844069004058838,1.5572278499603271,0.8116750717163086,0.007980823516845703,0.012955427169799805
3680,0,0.51476923076923,987,1000,1,1,3680.0,0,0,0,1,1,8.006662845611572,2.8452250957489014,1.557690143585205,0.8116750717163086,0.007980823516845703,0.012962102890014648
3681,0,0.51476923076923,987,1000,1,1,3681.0,0,0,0,1,1,8.010250568389893,2.846696138381958,1.5596587657928467,0.8116750717163086,0.007980823516845703,0.012965679168701172
3682,0,0.51476923076923,987,1000,3,3,3144.4,0,1,2,0,2,8.014904975891113,2.8487226963043213,1.5611820220947266,0.8124902248382568,0.008008718490600586,0.012974023818969727
3683,0,0.51476923076923,987,1000,1,1,3683.0,0,0,0,1,1,8.017425775527954,2.8502695560455322,1.5620033740997314,0.8124902248382568,0.008008718490600586,0.012982368469238281
3684,0,0.51476923076923,987,1000,1,1,3684.0,0,0,0,1,1,8.019293546676636,2.851511240005493,1.5625576972961426,0.8124902248382568,0.008008718490600586,0.013004779815673828
3685,0,0.51476923076923,987,1000,1,1,3685.0,0,0,0,1,1,8.020661354064941,2.8523926734924316,1.5630054473876953,0.8124902248382568,0.008008718490600586,0.013009309768676758
3686,0,0.51476923076923,987,1000,1,1,3686.0,0,0,0,1,1,8.021928310394287,2.853224515914917,1.5634019374847412,0.8124902248382568,0.008008718490600586,0.013012409210205078
3687,0,0.51476923076923,987,1000,1,1,3687.0,0,0,0,1,1,8.023044347763062,2.853926658630371,1.5637774467468262,0.8124902248382568,0.008008718490600586,0.013014554977416992
3688,0,0.51476923076923,987,1000,4,4,3509.0,0,1,2,0,2,8.028986930847168,2.8548223972320557,1.5652453899383545,0.8158724308013916,0.008029460906982422,0.013016939163208008
3689,0,0.51476923076923,987,1000,1,1,3689.0,0,0,0,1,1,8.031721353530884,2.8566157817840576,1.5660948753356934,0.8158724308013916,0.008029460906982422,0.013028144836425781
3690,0,0.51476923076923,987,1000,3,1,3690.0,0,0,0,1,1,8.033890962600708,2.8579177856445312,1.5668871402740479,0.8158724308013916,0.008029460906982422,0.013033390045166016
3691,0,0.51476923076923,987,1000,1,1,3691.0,0,0,0,1,1,8.03610348701477,2.85918927192688,1.5677576065063477,0.8158724308013916,0.008029460906982422,0.013038873672485352
3692,0,0.51476923076923,987,1000,1,1,3630.0,0,0,2,0,2,8.039578437805176,2.8605539798736572,1.5689833164215088,0.8165810108184814,0.008052349090576172,0.013045072555541992
3693,0,0.51476923076923,988,1000,11,5,3523.4,0,0,1,0,1,8.046855449676514,2.8618252277374268,1.570052146911621,0.8213105201721191,0.008073091506958008,0.013050556182861328
3694,0,0.51476923076923,988,1000,2,1,3694.0,0,0,0,1,1,8.049415349960327,2.863433837890625,1.570915699005127,0.8213105201721191,0.008073091506958008,0.013057231903076172
3695,0,0.51476923076923,988,1000,1,1,3620.0,0,0,0,0,0,8.050958633422852,2.8649470806121826,1.5709164142608643,0.8213105201721191,0.008073091506958008,0.013064384460449219
3696,0,0.51476923076923,989,1000,1,1,3696.0,0,0,0,1,0,8.052374124526978,2.865687370300293,1.5715458393096924,0.8213105201721191,0.008073091506958008,0.013067960739135742
3697,0,0.51476923076923,989,1000,2,2,3532.5,0,0,0,0,0,8.053325414657593,2.8666157722473145,1.5715465545654297,0.8213105201721191,0.008073091506958008,0.013071060180664062
3698,0,0.51476923076923,989,1000,3,1,3698.0,0,0,0,1,1,8.054525136947632,2.8672008514404297,1.5720953941345215,0.8213105201721191,0.008073091506958008,0.013072729110717773
3699,0,0.51476923076923,990,1000,1,1,3648.0,0,0,2,0,1,8.06136703491211,2.867936134338379,1.5732789039611816,0.8261017799377441,0.008090496063232422,0.013074636459350586
3700,0,0.51476923076923,990,1000,1,1,3700.0,0,0,0,1,1,8.063411712646484,2.8692691326141357,1.5739243030548096,0.8261017799377441,0.008090496063232422,0.013080596923828125
3701,0,0.51476923076923,990,1000,1,1,3701.0,0,0,0,1,1,8.065465450286865,2.870535373687744,1.5746424198150635,0.8261017799377441,0.008090496063232422,0.013084888458251953
3702,0,0.51476923076923,990,1000,1,1,3702.0,0,0,0,1,1,8.067113399505615,2.871607780456543,1.575160264968872,0.8261017799377441,0.008090496063232422,0.013090848922729492
3703,0,0.51476923076923,990,1000,8,4,3590.0,0,1,1,0,2,8.073715686798096,2.8726916313171387,1.576404094696045,0.8301699161529541,0.008111953735351562,0.013094663619995117
3704,0,0.51476923076923,990,1000,1,1,3704.0,0,0,0,1,1,8.07725739479065,2.874114751815796,1.5781817436218262,0.8301699161529541,0.008111953735351562,0.01310110092163086
3705,0,0.51476923076923,990,1000,1,1,3705.0,0,0,0,1,1,8.08047103881836,2.8760502338409424,1.5793414115905762,0.8301699161529541,0.008111953735351562,0.013111591339111328
3706,0,0.51476923076923,990,1000,1,1,3706.0,0,0,0,1,1,8.084057569503784,2.878260850906372,1.5805671215057373,0.8301699161529541,0.008111953735351562,0.013124704360961914
3707,0,0.51476923076923,990,1000,1,1,3707.0,0,0,0,1,1,8.086522579193115,2.879823923110962,1.5813853740692139,0.8301699161529541,0.008111953735351562,0.013134956359863281
3708,0,0.51476923076923,990,1000,2,1,3708.0,0,0,0,1,1,8.088370084762573,2.880979299545288,1.58201003074646,0.8301699161529541,0.008111953735351562,0.013140678405761719
3709,0,0.51476923076923,990,1000,4,1,3709.0,0,0,0,1,1,8.090195178985596,2.882089376449585,1.5826585292816162,0.8301699161529541,0.008111953735351562,0.013146400451660156
3710,0,0.51476923076923,990,1000,1,1,3710.0,0,0,0,1,1,8.093119859695435,2.883291482925415,1.5842440128326416,0.8301699161529541,0.008111953735351562,0.013150691986083984
3711,0,0.51476923076923,990,1000,1,1,3711.0,0,0,0,1,1,8.09544849395752,2.884631633758545,1.585141897201538,0.8301699161529541,0.008111953735351562,0.013160228729248047
3712,0,0.51476923076923,990,1000,4,1,3712.0,0,0,0,1,1,8.099127054214478,2.8865931034088135,1.5867199897766113,0.8301699161529541,0.008111953735351562,0.013167858123779297
3713,0,0.51476923076923,989,1000,1,1,3682.0,0,0,1,0,2,8.10269045829773,2.8882572650909424,1.5878312587738037,0.8307924270629883,0.008132457733154297,0.013176441192626953
3714,0,0.51476923076923,989,1000,1,1,3714.0,0,0,0,1,1,8.104093551635742,2.889237880706787,1.5882022380828857,0.8307924270629883,0.008132457733154297,0.013181447982788086
3715,0,0.51476923076923,989,1000,1,1,3715.0,0,0,0,1,1,8.105281114578247,2.8899643421173096,1.5886218547821045,0.8307924270629883,0.008132457733154297,0.013184070587158203
3716,0,0.51476923076923,989,1000,1,1,3716.0,0,0,0,1,1,8.10643720626831,2.890648365020752,1.5890555381774902,0.8307924270629883,0.008132457733154297,0.013186216354370117
3717,0,0.51476923076923,989,1000,1,1,3717.0,0,0,0,1,1,8.10765552520752,2.8914127349853516,1.5894718170166016,0.8307924270629883,0.008132457733154297,0.013189077377319336
3718,0,0.51476923076923,989,1000,1,1,3718.0,0,0,0,1,1,8.110734224319458,2.8928143978118896,1.591007947921753,0.8307924270629883,0.008132457733154297,0.013191461563110352
3719,0,0.51476923076923,989,1000,3,1,3699.0,0,0,0,0,0,8.112366914749146,2.8943958282470703,1.5910093784332275,0.8307924270629883,0.008132457733154297,0.013198614120483398
3720,0,0.51476923076923,989,1000,1,1,3720.0,0,0,0,1,1,8.114285469055176,2.895423412322998,1.5918192863464355,0.8307924270629883,0.008132457733154297,0.013204336166381836
3721,0,0.51476923076923,989,1000,2,1,3721.0,0,0,0,1,1,8.115944862365723,2.896515369415283,1.5923285484313965,0.8307924270629883,0.008132457733154297,0.013209104537963867
3722,0,0.51476923076923,989,1000,1,1,3722.0,0,0,0,1,1,8.117427110671997,2.897292375564575,1.5929856300354004,0.8307924270629883,0.008132457733154297,0.013212203979492188
3723,0,0.51476923076923,989,1000,1,1,3533.0,0,0,1,0,1,8.123904466629028,2.8988115787506104,1.5940208435058594,0.834545373916626,0.008154153823852539,0.013219833374023438
3724,0,0.51476923076923,989,1000,1,1,3724.0,0,0,0,1,1,8.12751579284668,2.9004130363464355,1.5959179401397705,0.834545373916626,0.008154153823852539,0.013225078582763672
3725,0,0.51476923076923,988,1000,4,2,3502.0,0,0,1,0,2,8.134371995925903,2.901927947998047,1.5972044467926025,0.8384137153625488,0.008177042007446289,0.013234138488769531
3726,0,0.51476923076923,988,1000,3,1,3726.0,0,0,0,1,1,8.137079000473022,2.90356707572937,1.598154067993164,0.8384137153625488,0.008177042007446289,0.01324152946472168
3727,0,0.51476923076923,988,1000,1,1,3727.0,0,0,0,1,1,8.139021158218384,2.904777765274048,1.5988295078277588,0.8384137153625488,0.008177042007446289,0.013245820999145508
3728,0,0.51476923076923,989,1000,2,1,3728.0,0,0,0,1,0,8.14065670967102,2.905860662460327,1.5993313789367676,0.8384137153625488,0.008177042007446289,0.013249874114990234
3729,0,0.51476923076923,989,1000,1,1,3729.0,0,0,0,1,1,8.143600940704346,2.906877040863037,1.601158618927002,0.8384137153625488,0.008177042007446289,0.013253450393676758
3730,0,0.51476923076923,989,1000,1,1,3730.0,0,0,0,1,1,8.145755767822266,2.9082412719726562,1.6018671989440918,0.8384137153625488,0.008177042007446289,0.013262510299682617
3731,0,0.51476923076923,989,1000,1,1,3215.0,0,0,2,0,2,8.154500007629395,2.9095349311828613,1.6039707660675049,0.8435664176940918,0.008197307586669922,0.013266801834106445
3732,0,0.51476923076923,989,1000,3,2,3549.0,0,0,2,0,2,8.166377782821655,2.911428689956665,1.6058123111724854,0.8515002727508545,0.008228540420532227,0.013278722763061523
3733,0,0.51476923076923,989,1000,2,1,3733.0,0,0,0,1,1,8.169443845748901,2.9131901264190674,1.6070036888122559,0.8515002727508545,0.008228540420532227,0.013286828994750977
3734,0,0.51476923076923,989,1000,1,1,3734.0,0,0,0,1,1,8.172134637832642,2.9149327278137207,1.60786771774292,0.8515002727508545,0.008228540420532227,0.013296842575073242
3735,0,0.51476923076923,989,1000,1,1,2721.0,0,0,1,0,1,8.180101156234741,2.916609764099121,1.6091506481170654,0.8562917709350586,0.008255720138549805,0.013303041458129883
3736,0,0.51476923076923,989,1000,2,2,3612.0,0,0,0,0,0,8.182201147079468,2.9186389446258545,1.6091535091400146,0.8562917709350586,0.008255720138549805,0.013310432434082031
3737,0,0.51476923076923,989,1000,1,1,3737.0,0,0,0,1,1,8.185077667236328,2.9204375743865967,1.6101367473602295,0.8562917709350586,0.008255720138549805,0.013318777084350586
3738,0,0.51476923076923,989,1000,1,1,3600.0,0,0,2,0,2,8.195430755615234,2.922016143798828,1.6125993728637695,0.8623504638671875,0.008285284042358398,0.013325929641723633
3739,0,0.51476923076923,989,1000,1,1,3431.0,0,0,2,0,2,8.2034752368927,2.9235100746154785,1.614574670791626,0.8666856288909912,0.008315801620483398,0.013334989547729492
3740,0,0.51476923076923,989,1000,1,1,3740.0,0,0,0,1,1,8.20604157447815,2.924929141998291,1.6156327724456787,0.8666856288909912,0.008315801620483398,0.013341903686523438
3741,0,0.51476923076923,989,1000,6,5,3515.2,0,0,2,0,2,8.213839530944824,2.9264581203460693,1.6178314685821533,0.870558500289917,0.008341550827026367,0.013349533081054688
3742,0,0.51476923076923,989,1000,4,1,3742.0,0,0,0,1,1,8.217165231704712,2.9285166263580322,1.6189758777618408,0.870558500289917,0.008341550827026367,0.01336050033569336
3743,0,0.51476923076923,989,1000,1,1,3743.0,0,0,0,1,1,8.220057010650635,2.9301815032958984,1.6200976371765137,0.870558500289917,0.008341550827026367,0.013370513916015625
3744,0,0.51476923076923,989,1000,3,1,3600.0,0,0,0,0,0,8.221989870071411,2.9320597648620605,1.6200990676879883,0.870558500289917,0.008341550827026367,0.013379812240600586
3745,0,0.51476923076923,990,1000,1,1,3745.0,0,0,0,1,0,8.224050283432007,2.9333460330963135,1.6208000183105469,0.870558500289917,0.008341550827026367,0.013386964797973633
3746,0,0.51476923076923,990,1000,1,1,3630.0,0,0,2,0,2,8.230107545852661,2.93626070022583,1.6222665309906006,0.8719840049743652,0.008376359939575195,0.013392925262451172
3747,0,0.51476923076923,990,1000,2,2,3553.5,0,0,2,0,2,8.239325284957886,2.938066244125366,1.6237123012542725,0.8776755332946777,0.008408069610595703,0.013402938842773438
3748,0,0.51476923076923,990,1000,1,1,3748.0,0,0,0,1,1,8.242327451705933,2.939617872238159,1.625058889389038,0.8776755332946777,0.008408069610595703,0.01341104507446289
3749,0,0.51476923076923,990,1000,3,3,3597.8333333333335,0,0,0,0,0,8.244645118713379,2.9418647289276123,1.6250605583190918,0.8776755332946777,0.008408069610595703,0.013422966003417969
3750,0,0.51476923076923,991,1000,1,1,3750.0,0,0,0,1,0,8.248203992843628,2.9439399242401123,1.6264307498931885,0.8776755332946777,0.008408069610595703,0.013431072235107422
3751,0,0.51476923076923,991,1000,1,1,3751.0,0,0,0,1,1,8.25150465965271,2.9455606937408447,1.6279902458190918,0.8776755332946777,0.008408069610595703,0.01343989372253418
3752,0,0.51476923076923,991,1000,1,1,1387.0,0,0,2,0,2,8.25557565689087,2.9475202560424805,1.629096508026123,0.8784375190734863,0.008432388305664062,0.013450860977172852
3753,0,0.51476923076923,990,1000,1,1,3021.0,0,0,1,0,2,8.261154174804688,2.948997974395752,1.6323111057281494,0.8791043758392334,0.008458852767944336,0.01345682144165039
3754,0,0.51476923076923,990,1000,5,4,3635.3333333333335,0,0,1,0,1,8.269993782043457,2.950660467147827,1.6344959735870361,0.8837082386016846,0.008666038513183594,0.01346445083618164
3755,0,0.51476923076923,990,1000,8,3,3642.6666666666665,0,0,0,0,0,8.27160930633545,2.952204942703247,1.6344974040985107,0.8837082386016846,0.008666038513183594,0.013472557067871094
3756,0,0.51476923076923,990,1000,1,1,3756.0,0,0,0,1,1,8.273895502090454,2.9536292552948,1.6352877616882324,0.8837082386016846,0.008666038513183594,0.013477802276611328
3757,0,0.51476923076923,990,1000,1,1,3757.0,0,0,0,1,1,8.277436971664429,2.955662250518799,1.6366801261901855,0.8837082386016846,0.008666038513183594,0.013482809066772461
3758,0,0.51476923076923,990,1000,2,1,3533.0,0,0,0,0,0,8.27919864654541,2.9573569297790527,1.6366820335388184,0.8837082386016846,0.008666038513183594,0.013491630554199219
3759,0,0.51476923076923,990,1000,1,1,3759.0,0,0,0,1,1,8.281913995742798,2.959078788757324,1.6375908851623535,0.8837082386016846,0.008666038513183594,0.013500452041625977
3760,0,0.51476923076923,990,1000,1,1,3760.0,0,0,0,1,1,8.28425931930542,2.960602045059204,1.6383438110351562,0.8837082386016846,0.008666038513183594,0.013507604598999023
3761,0,0.51476923076923,990,1000,4,3,3435.75,0,0,2,0,2,8.289770126342773,2.962515115737915,1.6403496265411377,0.8850200176239014,0.008702516555786133,0.013512134552001953
3762,0,0.51476923076923,990,1000,2,1,3762.0,0,0,0,1,1,8.292392253875732,2.9638121128082275,1.6415801048278809,0.8850200176239014,0.008702516555786133,0.013520240783691406
3763,0,0.51476923076923,990,1000,1,1,3763.0,0,0,0,1,1,8.295193195343018,2.96566104888916,1.642442226409912,0.8850200176239014,0.008702516555786133,0.013529062271118164
3764,0,0.51476923076923,990,1000,1,1,3764.0,0,0,0,1,1,8.298058271408081,2.9674160480499268,1.643462896347046,0.8850200176239014,0.008702516555786133,0.013537168502807617
3765,0,0.51476923076923,990,1000,2,2,3632.5,0,0,0,0,0,8.299659013748169,2.968961715698242,1.6434643268585205,0.8850200176239014,0.008702516555786133,0.013543128967285156
3766,0,0.51476923076923,990,1000,2,2,3632.5,0,0,0,0,0,8.300694704055786,2.9699745178222656,1.6434645652770996,0.8850200176239014,0.008702516555786133,0.013548851013183594
3767,0,0.51476923076923,990,1000,1,1,3767.0,0,0,0,1,1,8.302058458328247,2.9706037044525146,1.644150972366333,0.8850200176239014,0.008702516555786133,0.013550519943237305
3768,0,0.51476923076923,990,1000,2,2,3265.0,0,0,0,0,0,8.302663564682007,2.9711968898773193,1.644151210784912,0.8850200176239014,0.008702516555786133,0.013552188873291016
3769,0,0.51476923076923,990,1000,3,1,3769.0,0,0,0,1,1,8.303626298904419,2.971743106842041,1.6445283889770508,0.8850200176239014,0.008702516555786133,0.013553380966186523
3770,0,0.51476923076923,990,1000,3,1,3770.0,0,0,0,1,1,8.30451488494873,2.9722900390625,1.6448378562927246,0.8850200176239014,0.008702516555786133,0.013554811477661133
3771,0,0.51476923076923,990,1000,1,1,3771.0,0,0,0,1,1,8.305413007736206,2.9728567600250244,1.6451396942138672,0.8850200176239014,0.008702516555786133,0.013557195663452148
3772,0,0.51476923076923,989,1000,4,1,3703.0,0,0,1,0,2,8.311763048171997,2.973463535308838,1.646376371383667,0.889397144317627,0.008717775344848633,0.013558387756347656
3773,0,0.51476923076923,989,1000,1,1,3773.0,0,0,0,1,1,8.313936233520508,2.975064516067505,1.6468818187713623,0.889397144317627,0.008717775344848633,0.0135650634765625
3774,0,0.51476923076923,988,1000,1,1,3699.0,0,0,1,0,2,8.319761991500854,2.976053237915039,1.647763729095459,0.8932192325592041,0.008734941482543945,0.013570785522460938
3775,0,0.51476923076923,988,1000,4,4,3554.0,0,0,0,0,0,8.32075810432434,2.9770193099975586,1.647763967514038,0.8932192325592041,0.008734941482543945,0.013573884963989258
3776,0,0.51476923076923,988,1000,3,1,3776.0,0,0,0,1,1,8.321871757507324,2.977712631225586,1.648141860961914,0.8932192325592041,0.008734941482543945,0.013575553894042969
3777,0,0.51476923076923,989,1000,3,1,3777.0,0,0,0,1,0,8.322819948196411,2.978300094604492,1.6484687328338623,0.8932192325592041,0.008734941482543945,0.013576745986938477
3778,0,0.51476923076923,988,1000,1,1,3431.0,0,0,1,0,2,8.328967809677124,2.9788429737091064,1.6496758460998535,0.8975167274475098,0.008745193481445312,0.013577938079833984
3779,0,0.51476923076923,988,1000,3,1,3779.0,0,0,0,1,1,8.331221342086792,2.980388879776001,1.6502954959869385,0.8975167274475098,0.008745193481445312,0.013584613800048828
3780,0,0.51476923076923,988,1000,1,1,3215.0,0,0,2,0,2,8.337006092071533,2.981295585632324,1.6510655879974365,0.9014976024627686,0.008761405944824219,0.013588428497314453
3781,0,0.51476923076923,988,1000,3,3,3693.5,0,0,0,0,0,8.33771538734436,2.9819812774658203,1.6510658264160156,0.9014976024627686,0.008761405944824219,0.013590812683105469
3782,0,0.51476923076923,988,1000,1,1,3782.0,0,0,0,1,1,8.338689804077148,2.9825644493103027,1.651425838470459,0.9014976024627686,0.008761405944824219,0.01359248161315918
3783,0,0.51476923076923,988,1000,1,1,3783.0,0,0,0,1,1,8.339582681655884,2.9831011295318604,1.6517558097839355,0.9014976024627686,0.008761405944824219,0.01359415054321289
3784,0,0.51476923076923,988,1000,1,1,3784.0,0,0,0,1,1,8.340481042861938,2.983630657196045,1.652097225189209,0.9014976024627686,0.008761405944824219,0.0135955810546875
3785,0,0.51476923076923,988,1000,2,1,3785.0,0,0,0,1,1,8.341490507125854,2.9842238426208496,1.6524782180786133,0.9014976024627686,0.008761405944824219,0.013596773147583008
3786,0,0.51476923076923,988,1000,4,3,3712.0,0,0,0,0,0,8.343244075775146,2.985926389694214,1.652480125427246,0.9014976024627686,0.008761405944824219,0.01360011100769043
3787,0,0.51476923076923,988,1000,1,1,3559.0,0,0,2,0,2,8.350595235824585,2.9873147010803223,1.653806447982788,0.9059910774230957,0.008780956268310547,0.013606786727905273
3788,0,0.51476923076923,987,1000,2,2,3628.0,0,0,1,0,2,8.356456756591797,2.988600254058838,1.6544971466064453,0.9097495079040527,0.00880122184753418,0.013612747192382812
3789,0,0.51476923076923,987,1000,1,1,3778.0,0,0,0,0,0,8.357239961624146,2.9893689155578613,1.6544973850250244,0.9097495079040527,0.00880122184753418,0.013614892959594727
3790,0,0.51476923076923,988,1000,1,1,3790.0,0,0,0,1,0,8.35844898223877,2.9900107383728027,1.655029058456421,0.9097495079040527,0.00880122184753418,0.013616085052490234
3791,0,0.51476923076923,989,1000,3,1,3791.0,0,0,0,1,0,8.36094069480896,2.991544485092163,1.655895709991455,0.9097495079040527,0.00880122184753418,0.013622522354125977
3792,0,0.51476923076923,989,1000,1,1,3792.0,0,0,0,1,1,8.363301515579224,2.9930837154388428,1.656646966934204,0.9097495079040527,0.00880122184753418,0.013628244400024414
3793,0,0.51476923076923,989,1000,1,1,3793.0,0,0,0,1,1,8.36461091041565,2.993988037109375,1.6570141315460205,0.9097495079040527,0.00880122184753418,0.013633489608764648
3794,0,0.51476923076923,989,1000,1,1,3794.0,0,0,0,1,1,8.365551948547363,2.9945926666259766,1.657322883605957,0.9097495079040527,0.00880122184753418,0.013634920120239258
3795,0,0.51476923076923,989,1000,2,1,3795.0,0,0,0,1,1,8.366475820541382,2.9951441287994385,1.6576614379882812,0.9097495079040527,0.00880122184753418,0.013636350631713867
3796,0,0.51476923076923,989,1000,1,1,3796.0,0,0,0,1,1,8.367358207702637,2.9956653118133545,1.6579971313476562,0.9097495079040527,0.00880122184753418,0.013637542724609375
3797,0,0.51476923076923,989,1000,2,2,3723.3333333333335,0,0,0,0,0,8.367981910705566,2.9962737560272217,1.6579973697662354,0.9097495079040527,0.00880122184753418,0.013638973236083984
3798,0,0.51476923076923,989,1000,0,0,0,0,0,2,0,2,8.373273611068726,2.996843099594116,1.6586699485778809,0.9136734008789062,0.008819580078125,0.013640165328979492
3799,0,0.51476923076923,989,1000,1,1,3799.0,0,0,0,1,1,8.374282121658325,2.9974746704101562,1.659019947052002,0.9136734008789062,0.008819580078125,0.013642311096191406
3800,0,0.51476923076923,989,1000,1,1,3800.0,0,0,0,1,1,8.375602006912231,2.9979915618896484,1.659764051437378,0.9136734008789062,0.008819580078125,0.013643741607666016
3801,0,0.51476923076923,989,1000,1,1,3801.0,0,0,0,1,1,8.378590106964111,3.00005841255188,1.6605720520019531,0.9136734008789062,0.008819580078125,0.013649940490722656
3802,0,0.51476923076923,989,1000,1,1,3802.0,0,0,0,1,1,8.381032943725586,3.0016379356384277,1.6613521575927734,0.9136734008789062,0.008819580078125,0.013655662536621094
3803,0,0.51476923076923,989,1000,4,4,3627.0,0,0,0,0,0,8.382385492324829,3.002943754196167,1.6613531112670898,0.9136734008789062,0.008819580078125,0.013660430908203125
3804,0,0.51476923076923,989,1000,1,1,3804.0,0,0,0,1,1,8.384105443954468,3.003929376602173,1.6620323657989502,0.9136734008789062,0.008819580078125,0.013664960861206055
3805,0,0.51476923076923,989,1000,1,1,3805.0,0,0,0,1,1,8.385229349136353,3.0045604705810547,1.6624906063079834,0.9136734008789062,0.008819580078125,0.013666868209838867
3806,0,0.51476923076923,989,1000,7,3,3650.6,0,0,2,0,2,8.391584396362305,3.005725383758545,1.6635510921478271,0.9176344871520996,0.008844614028930664,0.013669729232788086
3807,0,0.51476923076923,989,1000,1,1,3807.0,0,0,0,1,1,8.394303560256958,3.0073845386505127,1.6645140647888184,0.9176344871520996,0.008844614028930664,0.013674259185791016
3808,0,0.51476923076923,989,1000,2,1,3808.0,0,0,0,1,1,8.396290302276611,3.008877754211426,1.664942741394043,0.9176344871520996,0.008844614028930664,0.013680458068847656
3809,0,0.51476923076923,989,1000,1,1,3809.0,0,0,0,1,1,8.397574424743652,3.0094857215881348,1.665574550628662,0.9176344871520996,0.008844614028930664,0.013682842254638672
3810,0,0.51476923076923,989,1000,6,5,3620.1666666666665,0,0,2,0,2,8.40392017364502,3.010873556137085,1.6664848327636719,0.9215095043182373,0.008866548538208008,0.013686656951904297
3811,0,0.51476923076923,989,1000,1,1,3811.0,0,0,0,1,1,8.405106544494629,3.0116660594940186,1.666844129562378,0.9215095043182373,0.008866548538208008,0.013689756393432617
3812,0,0.51476923076923,989,1000,5,2,3449.5,0,0,1,0,2,8.411524534225464,3.012301206588745,1.6680455207824707,0.9259490966796875,0.008878231048583984,0.013691186904907227
3813,0,0.51476923076923,989,1000,4,1,3738.0,0,0,2,0,2,8.418153524398804,3.0137927532196045,1.6690740585327148,0.9298834800720215,0.008898735046386719,0.013696670532226562
3814,0,0.51476923076923,989,1000,1,1,3814.0,0,0,0,1,1,8.419636964797974,3.0149037837982178,1.6694064140319824,0.9298834800720215,0.008898735046386719,0.013701438903808594
3815,0,0.51476923076923,989,1000,1,1,3815.0,0,0,0,1,1,8.420547485351562,3.0154850482940674,1.669708013534546,0.9298834800720215,0.008898735046386719,0.013703107833862305
3816,0,0.51476923076923,990,1000,1,1,3816.0,0,0,0,1,0,8.421541452407837,3.0161211490631104,1.670039415359497,0.9298834800720215,0.008898735046386719,0.013704538345336914
3817,0,0.51476923076923,990,1000,1,1,3817.0,0,0,0,1,1,8.422403812408447,3.0166378021240234,1.6703612804412842,0.9298834800720215,0.008898735046386719,0.013705968856811523
3818,0,0.51476923076923,990,1000,2,1,3818.0,0,0,0,1,1,8.423722505569458,3.0171616077423096,1.6711194515228271,0.9298834800720215,0.008898735046386719,0.013707399368286133
3819,0,0.51476923076923,990,1000,1,1,3819.0,0,0,0,1,1,8.426391124725342,3.0181899070739746,1.6726691722869873,0.9298834800720215,0.008898735046386719,0.01371145248413086
3820,0,0.51476923076923,990,1000,1,1,3820.0,0,0,0,1,1,8.42874550819397,3.019793748855591,1.6733336448669434,0.9298834800720215,0.008898735046386719,0.013720989227294922
3821,0,0.51476923076923,990,1000,1,1,3821.0,0,0,0,1,1,8.430576086044312,3.0209014415740967,1.6739919185638428,0.9298834800720215,0.008898735046386719,0.013725996017456055
3822,0,0.51476923076923,990,1000,1,1,3822.0,0,0,0,1,1,8.431923389434814,3.0218443870544434,1.6743597984313965,0.9298834800720215,0.008898735046386719,0.013731718063354492
3823,0,0.51476923076923,990,1000,1,1,3823.0,0,0,0,1,1,8.433213472366333,3.0226972103118896,1.6747674942016602,0.9298834800720215,0.008898735046386719,0.013733386993408203
3824,0,0.51476923076923,990,1000,1,1,3732.0,0,0,0,0,0,8.433876276016235,3.023343801498413,1.6747679710388184,0.9298834800720215,0.008898735046386719,0.013735294342041016
3825,0,0.51476923076923,990,1000,5,2,3701.0,0,1,1,0,2,8.439437866210938,3.0239756107330322,1.6756501197814941,0.9337625503540039,0.008919954299926758,0.013736724853515625
3826,0,0.51476923076923,990,1000,1,1,3826.0,0,0,0,1,1,8.440816879272461,3.0249314308166504,1.6760294437408447,0.9337625503540039,0.008919954299926758,0.013740777969360352
3827,0,0.51476923076923,990,1000,1,1,3827.0,0,0,0,1,1,8.442410469055176,3.025667428970337,1.6768290996551514,0.9337625503540039,0.008919954299926758,0.013743400573730469
3828,0,0.51476923076923,990,1000,1,1,3828.0,0,0,0,1,1,8.444833040237427,3.0272297859191895,1.6776070594787598,0.9337625503540039,0.008919954299926758,0.013752460479736328
3829,0,0.51476923076923,990,1000,1,1,3829.0,0,0,0,1,1,8.446224451065063,3.028212070465088,1.6779770851135254,0.9337625503540039,0.008919954299926758,0.013758182525634766
3830,0,0.51476923076923,990,1000,1,1,3825.0,0,0,0,0,0,8.446818590164185,3.0287928581237793,1.6779778003692627,0.9337625503540039,0.008919954299926758,0.013759851455688477
3831,0,0.51476923076923,990,1000,2,2,3743.6666666666665,0,0,0,0,0,8.44751787185669,3.0294628143310547,1.677978754043579,0.9337625503540039,0.008919954299926758,0.013761520385742188
3832,0,0.51476923076923,991,1000,1,1,3832.0,0,0,0,1,0,8.4491548538208,3.03025221824646,1.67877197265625,0.9337625503540039,0.008919954299926758,0.013766050338745117
3833,0,0.51476923076923,991,1000,2,1,3833.0,0,0,0,1,1,8.45026421546936,3.030953884124756,1.6791410446166992,0.9337625503540039,0.008919954299926758,0.013768434524536133
3834,0,0.51476923076923,991,1000,2,2,3613.0,0,0,0,0,0,8.450802087783813,3.0314764976501465,1.6791412830352783,0.9337625503540039,0.008919954299926758,0.013769865036010742
3835,0,0.51476923076923,991,1000,1,1,3835.0,0,0,0,1,1,8.451738357543945,3.03202486038208,1.6794991493225098,0.9337625503540039,0.008919954299926758,0.013771295547485352
3836,0,0.51476923076923,990,1000,1,1,3682.0,0,0,1,0,2,8.453612089157104,3.0326359272003174,1.6801974773406982,0.9342248439788818,0.008939027786254883,0.013772726058959961
3837,0,0.51476923076923,990,1000,1,1,3837.0,0,0,0,1,1,8.455241203308105,3.0335991382598877,1.680804967880249,0.9342248439788818,0.008939027786254883,0.01377415657043457
3838,0,0.51476923076923,990,1000,1,1,3838.0,0,0,0,1,1,8.456401824951172,3.0343966484069824,1.6811349391937256,0.9342248439788818,0.008939027786254883,0.013777732849121094
3839,0,0.51476923076923,990,1000,1,1,3602.0,0,0,1,0,1,8.462324380874634,3.0350582599639893,1.6822433471679688,0.9382576942443848,0.00895380973815918,0.013779640197753906
3840,0,0.51476923076923,990,1000,2,2,3798.5,0,0,0,0,0,8.46400260925293,3.0366010665893555,1.682244062423706,0.9382576942443848,0.00897526741027832,0.013788461685180664
3841,0,0.51476923076923,990,1000,1,1,3841.0,0,0,0,1,1,8.465149402618408,3.037154197692871,1.6828010082244873,0.9382576942443848,0.00897526741027832,0.01379084587097168
3842,0,0.51476923076923,990,1000,2,1,3842.0,0,0,0,1,1,8.466206789016724,3.037848711013794,1.6831331253051758,0.9382576942443848,0.00897526741027832,0.013792276382446289
3843,0,0.51476923076923,990,1000,2,1,3843.0,0,0,0,1,1,8.467127084732056,3.0384345054626465,1.683440923690796,0.9382576942443848,0.00897526741027832,0.013793468475341797
3844,0,0.51476923076923,990,1000,1,1,3844.0,0,0,0,1,1,8.468014001846313,3.0389480590820312,1.6837875843048096,0.9382576942443848,0.00897526741027832,0.013794660568237305
3845,0,0.51476923076923,990,1000,1,1,3845.0,0,0,0,1,1,8.469298839569092,3.0394487380981445,1.6845417022705078,0.9382576942443848,0.00897526741027832,0.013796091079711914
3846,0,0.51476923076923,990,1000,4,3,3546.6666666666665,0,1,1,0,2,8.475559711456299,3.040590524673462,1.6855850219726562,0.9421048164367676,0.00899362564086914,0.013800859451293945
3847,0,0.51476923076923,990,1000,2,1,3847.0,0,0,0,1,1,8.478487968444824,3.042548656463623,1.686431884765625,0.9421048164367676,0.00899362564086914,0.013810157775878906
3848,0,0.51476923076923,990,1000,1,1,3848.0,0,0,0,1,1,8.480727910995483,3.0439982414245605,1.6871459484100342,0.9421048164367676,0.00899362564086914,0.013817310333251953
3849,0,0.51476923076923,990,1000,1,1,3849.0,0,0,0,1,1,8.482493877410889,3.045149803161621,1.687704086303711,0.9421048164367676,0.00899362564086914,0.013821840286254883
3850,0,0.51476923076923,991,1000,1,1,3850.0,0,0,0,1,0,8.483925580978394,3.045996904373169,1.688244342803955,0.9421048164367676,0.00899362564086914,0.01382589340209961
3851,0,0.51476923076923,991,1000,1,1,3851.0,0,0,0,1,1,8.485349655151367,3.0469624996185303,1.6886568069458008,0.9421048164367676,0.00899362564086914,0.013829946517944336
3852,0,0.51476923076923,990,1000,3,1,3825.0,0,0,1,0,2,8.49293565750122,3.0477190017700195,1.6911861896514893,0.9462630748748779,0.009011507034301758,0.013831377029418945
3853,0,0.51476923076923,990,1000,1,1,3853.0,0,0,0,1,1,8.495474815368652,3.049363613128662,1.69199538230896,0.9462630748748779,0.009011507034301758,0.013843536376953125
3854,0,0.51476923076923,990,1000,1,1,3854.0,0,0,0,1,1,8.497486352920532,3.050276279449463,1.6930491924285889,0.9462630748748779,0.009011507034301758,0.013849973678588867
3855,0,0.51476923076923,990,1000,1,1,3855.0,0,0,0,1,1,8.499881505966187,3.051697015762329,1.6939294338226318,0.9462630748748779,0.009011507034301758,0.013858318328857422
3856,0,0.51476923076923,990,1000,1,1,3856.0,0,0,0,1,1,8.501727104187012,3.0530569553375244,1.6943612098693848,0.9462630748748779,0.009011507034301758,0.013864517211914062
3857,0,0.51476923076923,990,1000,2,1,3857.0,0,0,0,1,1,8.502824783325195,3.0537540912628174,1.6947221755981445,0.9462630748748779,0.009011507034301758,0.013866186141967773
3858,0,0.51476923076923,990,1000,2,2,3762.0,0,0,0,0,0,8.503340721130371,3.0542542934417725,1.6947224140167236,0.9462630748748779,0.009011507034301758,0.013867855072021484
3859,0,0.51476923076923,990,1000,2,1,3613.0,0,0,2,0,2,8.51055121421814,3.0548417568206787,1.6971614360809326,0.950326681137085,0.009029150009155273,0.013869285583496094
3860,0,0.51476923076923,990,1000,1,1,3860.0,0,0,0,1,1,8.512983083724976,3.0562021732330322,1.6981525421142578,0.950326681137085,0.009029150009155273,0.013876676559448242
3861,0,0.51476923076923,990,1000,1,1,3861.0,0,0,0,1,1,8.515099287033081,3.0575368404388428,1.6988677978515625,0.950326681137085,0.009029150009155273,0.013883590698242188
3862,0,0.51476923076923,990,1000,1,1,3862.0,0,0,0,1,1,8.516290426254272,3.0583696365356445,1.6991887092590332,0.950326681137085,0.009029150009155273,0.013889074325561523
3863,0,0.51476923076923,990,1000,3,1,3863.0,0,0,0,1,1,8.51738166809082,3.0590806007385254,1.6995325088500977,0.950326681137085,0.009029150009155273,0.013890504837036133
3864,0,0.51476923076923,989,1000,1,1,3723.0,0,0,1,0,2,8.523102760314941,3.0597128868103027,1.7005653381347656,0.9542546272277832,0.009056568145751953,0.01389169692993164
3865,0,0.51476923076923,989,1000,4,2,3737.5,0,0,2,0,2,8.531188726425171,3.0611422061920166,1.7018189430236816,0.9594399929046631,0.009083032608032227,0.013897180557250977
3866,0,0.51476923076923,989,1000,3,3,3727.0,0,0,0,0,0,8.532689332962036,3.0626018047332764,1.7018194198608398,0.9594399929046631,0.009083032608032227,0.01390385627746582
3867,0,0.51476923076923,990,1000,1,1,3867.0,0,0,0,1,0,8.533904552459717,3.0633935928344727,1.7021992206573486,0.9594399929046631,0.009083032608032227,0.013905525207519531
3868,0,0.51476923076923,990,1000,2,2,3754.3333333333335,0,1,1,0,2,8.53984546661377,3.06392240524292,1.7033350467681885,0.9635617733001709,0.009102106094360352,0.013907194137573242
3869,0,0.51476923076923,990,1000,4,2,3846.5,0,0,0,0,0,8.541227579116821,3.065272331237793,1.7033355236053467,0.9635617733001709,0.009102106094360352,0.013913154602050781
3870,0,0.51476923076923,990,1000,1,1,3870.0,0,0,0,1,1,8.544309616088867,3.0667364597320557,1.704869270324707,0.9635617733001709,0.009102106094360352,0.01391458511352539
3871,0,0.51476923076923,990,1000,4,1,3868.0,0,0,0,0,0,8.545998334884644,3.068359136581421,1.7048707008361816,0.9635617733001709,0.009102106094360352,0.013922452926635742
3872,0,0.51476923076923,990,1000,1,1,3872.0,0,0,0,1,1,8.548232078552246,3.0697081089019775,1.7056889533996582,0.9635617733001709,0.009102106094360352,0.01392984390258789
3873,0,0.51476923076923,990,1000,4,1,3873.0,0,0,0,1,1,8.549612522125244,3.070653200149536,1.7060728073120117,0.9635617733001709,0.009102106094360352,0.013935089111328125
3874,0,0.51476923076923,990,1000,1,1,3874.0,0,0,0,1,1,8.550545930862427,3.0712034702301025,1.7064282894134521,0.9635617733001709,0.009102106094360352,0.013936996459960938
3875,0,0.51476923076923,990,1000,1,1,3868.0,0,0,0,0,0,8.55117416381836,3.071815013885498,1.7064290046691895,0.9635617733001709,0.009102106094360352,0.013938665390014648
3876,0,0.51476923076923,991,1000,1,1,3876.0,0,0,0,1,0,8.552862644195557,3.072666883468628,1.7072088718414307,0.9635617733001709,0.009102106094360352,0.013941287994384766
3877,0,0.51476923076923,991,1000,4,4,3705.1666666666665,0,0,2,0,2,8.56116509437561,3.0738701820373535,1.710251808166504,0.9674720764160156,0.009124517440795898,0.013946533203125
3878,0,0.51476923076923,991,1000,2,1,3878.0,0,0,0,1,1,8.56334900856018,3.075269937515259,1.710942029953003,0.9674720764160156,0.009124517440795898,0.013953208923339844
3879,0,0.51476923076923,991,1000,1,1,3865.0,0,0,0,0,0,8.564552545547485,3.0764544010162354,1.710942268371582,0.9674720764160156,0.009124517440795898,0.013958454132080078
3880,0,0.51476923076923,991,1000,1,1,3868.0,0,0,0,0,0,8.565152645111084,3.0770440101623535,1.7109425067901611,0.9674720764160156,0.009124517440795898,0.013959407806396484
3881,0,0.51476923076923,990,1000,3,1,2895.0,0,0,1,0,2,8.56714916229248,3.0777018070220947,1.711716890335083,0.9678878784179688,0.009148836135864258,0.013960838317871094
3882,0,0.51476923076923,990,1000,1,1,3882.0,0,0,0,1,1,8.569158792495728,3.0788190364837646,1.7125375270843506,0.9678878784179688,0.009148836135864258,0.013964653015136719
3883,0,0.51476923076923,990,1000,1,1,3883.0,0,0,0,1,1,8.570805072784424,3.0800669193267822,1.7128918170928955,0.9678878784179688,0.009148836135864258,0.013969659805297852
3884,0,0.51476923076923,989,1000,1,1,3663.0,0,0,1,0,2,8.572659492492676,3.0806610584259033,1.7135381698608398,0.9683735370635986,0.009162425994873047,0.01397252082824707
3885,0,0.51476923076923,988,1000,2,2,3756.4,0,0,1,0,2,8.580193281173706,3.081291675567627,1.7151165008544922,0.9736135005950928,0.009171247482299805,0.013974428176879883
3886,0,0.51476923076923,988,1000,1,1,3886.0,0,0,0,1,1,8.582040786743164,3.0827019214630127,1.7154841423034668,0.9736135005950928,0.009171247482299805,0.013982534408569336
3887,0,0.51476923076923,988,1000,2,2,3673.0,0,0,2,0,2,8.588150024414062,3.083542823791504,1.7165663242340088,0.9776625633239746,0.009192705154418945,0.013984441757202148
3888,0,0.51476923076923,988,1000,1,1,3888.0,0,0,0,1,1,8.589845418930054,3.0848581790924072,1.7168951034545898,0.9776625633239746,0.009192705154418945,0.013989448547363281
3889,0,0.51476923076923,988,1000,2,2,3806.0,0,0,2,0,2,8.595639944076538,3.085463523864746,1.718230962753296,0.9814090728759766,0.00920724868774414,0.013991355895996094
3890,0,0.51476923076923,988,1000,9,7,3521.5714285714284,0,1,2,0,2,8.603080034255981,3.087183713912964,1.7195155620574951,0.9855997562408447,0.00923609733581543,0.013998031616210938
3891,0,0.51476923076923,988,1000,4,1,3723.0,0,0,0,0,0,8.604523658752441,3.0885891914367676,1.7195160388946533,0.9855997562408447,0.00923609733581543,0.01400446891784668
3892,0,0.51476923076923,988,1000,2,1,3892.0,0,0,0,1,1,8.606106281280518,3.089200258255005,1.7204113006591797,0.9855997562408447,0.00923609733581543,0.014005899429321289
3893,0,0.51476923076923,987,1000,4,4,3728.25,0,0,1,0,2,8.614474773406982,3.090794563293457,1.7217247486114502,0.9908833503723145,0.009263277053833008,0.014011621475219727
3894,0,0.51476923076923,988,1000,11,9,3801.0833333333335,0,1,1,0,1,8.620747566223145,3.0920968055725098,1.7226486206054688,0.994739294052124,0.009286642074584961,0.014018058776855469
3895,0,0.51476923076923,987,1000,2,1,3772.0,0,0,1,0,2,8.628418207168579,3.0936315059661865,1.7239325046539307,0.9994103908538818,0.009307146072387695,0.014022588729858398
3896,0,0.51476923076923,987,1000,4,2,3779.6666666666665,0,0,0,0,0,8.630314350128174,3.095470666885376,1.7239341735839844,0.9994103908538818,0.009307146072387695,0.01402902603149414
3897,0,0.51476923076923,987,1000,1,1,3897.0,0,0,0,1,1,8.632651567459106,3.096916437149048,1.7247474193572998,0.9994103908538818,0.009307146072387695,0.014036893844604492
3898,0,0.51476923076923,987,1000,1,1,3898.0,0,0,0,1,1,8.633892059326172,3.0978055000305176,1.7250583171844482,0.9994103908538818,0.009307146072387695,0.014041900634765625
3899,0,0.51476923076923,987,1000,4,1,3893.0,0,0,0,0,0,8.634524583816528,3.0984151363372803,1.7250587940216064,0.9994103908538818,0.009307146072387695,0.014043569564819336
3900,0,0.51476923076923,987,1000,5,1,3868.0,0,0,0,0,0,8.63513731956482,3.0990049839019775,1.7250590324401855,0.9994103908538818,0.009307146072387695,0.014045238494873047
3901,0,0.51476923076923,987,1000,5,1,3676.0,0,0,1,0,1,8.641201257705688,3.099674940109253,1.7261066436767578,1.0036094188690186,0.009323835372924805,0.014046430587768555
3902,0,0.51476923076923,987,1000,2,1,3868.0,0,0,0,0,0,8.642961263656616,3.101378917694092,1.7261087894439697,1.0036094188690186,0.009323835372924805,0.014052391052246094
3903,0,0.51476923076923,987,1000,1,1,3903.0,0,0,0,1,1,8.645550727844238,3.102994203567505,1.726999044418335,1.0036094188690186,0.009323835372924805,0.014061689376831055
3904,0,0.51476923076923,987,1000,2,1,3904.0,0,0,0,1,1,8.64841079711914,3.1047816276550293,1.7279582023620605,1.0036094188690186,0.009323835372924805,0.014070510864257812
3905,0,0.51476923076923,987,1000,1,1,3905.0,0,0,0,1,1,8.65020751953125,3.1061880588531494,1.728304147720337,1.0036094188690186,0.009323835372924805,0.014077186584472656
3906,0,0.51476923076923,987,1000,4,1,3906.0,0,0,0,1,1,8.651243448257446,3.106858015060425,1.7286298274993896,1.0036094188690186,0.009323835372924805,0.014079093933105469
3907,0,0.51476923076923,987,1000,1,1,3907.0,0,0,0,1,1,8.652281761169434,3.1075000762939453,1.7289986610412598,1.0036094188690186,0.009323835372924805,0.01408076286315918
3908,0,0.51476923076923,987,1000,1,1,3908.0,0,0,0,1,1,8.653692483901978,3.108170509338379,1.7296881675720215,1.0036094188690186,0.009323835372924805,0.014081954956054688
3909,0,0.51476923076923,987,1000,7,1,3909.0,0,0,0,1,1,8.655930757522583,3.109630584716797,1.7303807735443115,1.0036094188690186,0.009323835372924805,0.01408839225769043
3910,0,0.51476923076923,987,1000,1,1,3910.0,0,0,0,1,1,8.657230138778687,3.110525608062744,1.7307491302490234,1.0036094188690186,0.009323835372924805,0.014093160629272461
3911,0,0.51476923076923,987,1000,1,1,3911.0,0,0,0,1,1,8.658709526062012,3.1112172603607178,1.7314860820770264,1.0036094188690186,0.009323835372924805,0.01409459114074707
3912,0,0.51476923076923,987,1000,2,1,3825.0,0,0,0,0,0,8.660644769668579,3.1130988597869873,1.7314872741699219,1.0036094188690186,0.009323835372924805,0.014101982116699219
3913,0,0.51476923076923,987,1000,1,1,3913.0,0,0,0,1,1,8.663441181182861,3.114675283432007,1.732421875,1.0036094188690186,0.009323835372924805,0.014108896255493164
3914,0,0.51476923076923,988,1000,1,1,3914.0,0,0,0,1,0,8.665161371231079,3.115947961807251,1.7328190803527832,1.0036094188690186,0.009323835372924805,0.014116048812866211
3915,0,0.51476923076923,988,1000,1,1,3915.0,0,0,0,1,1,8.666159868240356,3.1165645122528076,1.7331726551055908,1.0036094188690186,0.009323835372924805,0.014118194580078125
3916,0,0.51476923076923,988,1000,2,1,3868.0,0,0,0,0,0,8.666805267333984,3.117194414138794,1.73317289352417,1.0036094188690186,0.009323835372924805,0.014119863510131836
3917,0,0.51476923076923,988,1000,8,8,3486.0,0,0,2,0,2,8.670363903045654,3.117856740951538,1.734616994857788,1.0048658847808838,0.009346723556518555,0.014121055603027344
3918,0,0.51476923076923,988,1000,1,1,3868.0,0,0,0,0,0,8.671765089035034,3.119220733642578,1.7346174716949463,1.0048658847808838,0.009346723556518555,0.014127969741821289
3919,0,0.51476923076923,988,1000,10,6,3749.125,0,0,0,0,0,8.672570705413818,3.119976282119751,1.7346179485321045,1.0048658847808838,0.009346723556518555,0.014130592346191406
3920,0,0.51476923076923,988,1000,3,1,3868.0,0,0,0,0,0,8.673205375671387,3.120593786239624,1.7346181869506836,1.0048658847808838,0.009346723556518555,0.014131784439086914
3921,0,0.51476923076923,989,1000,4,1,3215.0,0,0,2,0,1,8.680249452590942,3.1211678981781006,1.735835075378418,1.009988784790039,0.009364843368530273,0.014132976531982422
3922,0,0.51476923076923,989,1000,2,2,3876.6666666666665,0,0,0,0,0,8.681825637817383,3.122701406478882,1.7358357906341553,1.009988784790039,0.009364843368530273,0.014140605926513672
3923,0,0.51476923076923,989,1000,2,1,3868.0,0,0,0,0,0,8.682421684265137,3.1232829093933105,1.7358362674713135,1.009988784790039,0.009364843368530273,0.01414179801940918
3924,0,0.51476923076923,988,1000,2,2,3748.3333333333335,0,0,1,0,2,8.6883864402771,3.124197483062744,1.736940622329712,1.0137763023376465,0.009390830993652344,0.01414346694946289
3925,0,0.51476923076923,988,1000,8,2,3811.6666666666665,0,0,0,0,0,8.689870595932007,3.125631093978882,1.7369418144226074,1.0137763023376465,0.009390830993652344,0.014148950576782227
3926,0,0.51476923076923,989,1000,2,1,3723.0,0,0,2,0,1,8.697121858596802,3.1263415813446045,1.7381079196929932,1.0190389156341553,0.009406566619873047,0.014150857925415039
3927,0,0.51476923076923,990,1000,5,1,3893.0,0,0,2,0,1,8.705261707305908,3.128035306930542,1.739297866821289,1.0240774154663086,0.009430408477783203,0.014156341552734375
3928,0,0.51476923076923,990,1000,4,1,3928.0,0,0,0,1,1,8.707094669342041,3.1293938159942627,1.7397003173828125,1.0240774154663086,0.009430408477783203,0.014162540435791016
3929,0,0.51476923076923,990,1000,4,1,3929.0,0,0,0,1,1,8.71049165725708,3.131174087524414,1.7411558628082275,1.0240774154663086,0.009430408477783203,0.014168262481689453
3930,0,0.51476923076923,990,1000,1,1,3930.0,0,0,0,1,1,8.712785005569458,3.1325912475585938,1.741943120956421,1.0240774154663086,0.009430408477783203,0.014176130294799805
3931,0,0.51476923076923,990,1000,5,3,3915.6666666666665,0,0,0,0,0,8.714151382446289,3.133908271789551,1.7419440746307373,1.0240774154663086,0.009430408477783203,0.014181852340698242
3932,0,0.51476923076923,990,1000,1,1,3932.0,0,0,0,1,1,8.716205835342407,3.135052442550659,1.742781400680542,1.0240774154663086,0.009430408477783203,0.014186859130859375
3933,0,0.51476923076923,990,1000,1,1,3868.0,0,0,0,0,0,8.717599868774414,3.1364052295684814,1.7427830696105957,1.0240774154663086,0.009430408477783203,0.014194726943969727
3934,0,0.51476923076923,990,1000,2,1,3934.0,0,0,0,1,1,8.719924211502075,3.1378514766693115,1.7435905933380127,1.0240774154663086,0.009430408477783203,0.014200687408447266
3935,0,0.51476923076923,990,1000,2,1,3935.0,0,0,0,1,1,8.721388101577759,3.138930559158325,1.7439358234405518,1.0240774154663086,0.009430408477783203,0.0142059326171875
3936,0,0.51476923076923,990,1000,4,2,3910.0,0,0,0,0,0,8.72205662727356,3.1395769119262695,1.7439360618591309,1.0240774154663086,0.009430408477783203,0.01420736312866211
3937,0,0.51476923076923,990,1000,8,2,3910.0,0,0,0,0,0,8.722728729248047,3.140225410461426,1.74393630027771,1.0240774154663086,0.009430408477783203,0.014208793640136719
3938,0,0.51476923076923,990,1000,1,1,3868.0,0,0,0,0,0,8.72325587272644,3.140738010406494,1.7439367771148682,1.0240774154663086,0.009430408477783203,0.014209985733032227
3939,0,0.51476923076923,990,1000,4,2,3549.5,0,0,0,0,0,8.724249362945557,3.1415252685546875,1.7439382076263428,1.0240774154663086,0.009456396102905273,0.01421213150024414
3940,0,0.51476923076923,990,1000,4,1,3868.0,0,0,0,0,0,8.726683378219604,3.1439056396484375,1.7439396381378174,1.0240774154663086,0.009456396102905273,0.014215946197509766
3941,0,0.51476923076923,990,1000,1,1,3941.0,0,0,0,1,1,8.729468584060669,3.1456148624420166,1.744922161102295,1.0240774154663086,0.009456396102905273,0.01422429084777832
3942,0,0.51476923076923,990,1000,3,1,3868.0,0,0,0,0,0,8.73115348815918,3.147240400314331,1.744924783706665,1.0240774154663086,0.009456396102905273,0.014230728149414062
3943,0,0.51476923076923,990,1000,4,4,3804.0,0,0,2,0,2,8.73816704750061,3.148897409439087,1.7460827827453613,1.0280864238739014,0.009485006332397461,0.01423954963684082
3944,0,0.51476923076923,990,1000,4,3,3877.3333333333335,0,0,2,0,2,8.745790958404541,3.150258779525757,1.7472801208496094,1.0330028533935547,0.0095062255859375,0.014243602752685547
3945,0,0.51476923076923,989,1000,1,1,3901.0,0,0,1,0,2,8.75306749343872,3.1520118713378906,1.7485041618347168,1.0370993614196777,0.009530782699584961,0.014250516891479492
3946,0,0.51476923076923,989,1000,5,1,3868.0,0,0,0,0,0,8.754511833190918,3.153414249420166,1.748504638671875,1.0370993614196777,0.009530782699584961,0.014256000518798828
3947,0,0.51476923076923,989,1000,1,1,3947.0,0,0,0,1,1,8.755800247192383,3.1540307998657227,1.7491264343261719,1.0370993614196777,0.009530782699584961,0.014257431030273438
3948,0,0.51476923076923,989,1000,3,1,3893.0,0,0,0,0,0,8.757229089736938,3.155421495437622,1.7491273880004883,1.0370993614196777,0.009530782699584961,0.014262914657592773
3949,0,0.51476923076923,989,1000,5,1,3868.0,0,0,0,0,0,8.75836181640625,3.156494617462158,1.749129295349121,1.0370993614196777,0.009530782699584961,0.014267444610595703
3950,0,0.51476923076923,988,1000,6,2,3684.0,0,0,1,0,2,8.762221097946167,3.158421516418457,1.7502703666687012,1.037700891494751,0.009553909301757812,0.014290332794189453
3951,0,0.51476923076923,988,1000,4,2,3910.0,0,0,0,0,0,8.763898134231567,3.1600522994995117,1.7502713203430176,1.037700891494751,0.009553909301757812,0.014297723770141602
3952,0,0.51476923076923,988,1000,8,8,3651.5,0,0,2,0,2,8.769639492034912,3.160682439804077,1.7513313293457031,1.0415866374969482,0.009577512741088867,0.01430201530456543
3953,0,0.51476923076923,988,1000,1,1,3953.0,0,0,0,1,1,8.770708322525024,3.1613848209381104,1.751652717590332,1.0415866374969482,0.009577512741088867,0.014304876327514648
3954,0,0.51476923076923,988,1000,2,2,3838.5,0,0,0,0,0,8.771358728408813,3.1620116233825684,1.7516531944274902,1.0415866374969482,0.009577512741088867,0.014306306838989258
3955,0,0.51476923076923,988,1000,9,5,3847.6,0,0,0,0,0,8.772451162338257,3.1630489826202393,1.7516543865203857,1.0415866374969482,0.009577512741088867,0.014308691024780273
3956,0,0.51476923076923,988,1000,6,1,3868.0,0,0,0,0,0,8.773732900619507,3.1642942428588867,1.751655101776123,1.0415866374969482,0.009577512741088867,0.014313220977783203
3957,0,0.51476923076923,988,1000,1,1,3957.0,0,0,0,1,1,8.77588415145874,3.1649324893951416,1.753096580505371,1.0415866374969482,0.009577512741088867,0.014316320419311523
3958,0,0.51476923076923,988,1000,1,1,3958.0,0,0,0,1,1,8.778271913528442,3.1664323806762695,1.7539057731628418,1.0415866374969482,0.009577512741088867,0.014325141906738281
3959,0,0.51476923076923,988,1000,4,2,3853.5,0,0,0,0,0,8.779770135879517,3.16786789894104,1.7539069652557373,1.0415866374969482,0.009577512741088867,0.014330148696899414
3960,0,0.51476923076923,988,1000,11,11,3779.0,0,0,2,0,2,8.786909103393555,3.1694891452789307,1.7551300525665283,1.045684814453125,0.009607076644897461,0.014337778091430664
3961,0,0.51476923076923,988,1000,3,1,3868.0,0,0,0,0,0,8.788314580917358,3.1708595752716064,1.7551305294036865,1.045684814453125,0.009607076644897461,0.014344453811645508
3962,0,0.51476923076923,988,1000,4,1,3962.0,0,0,0,1,1,8.789434909820557,3.171393394470215,1.7556591033935547,1.045684814453125,0.009607076644897461,0.014345884323120117
3963,0,0.51476923076923,988,1000,1,1,3963.0,0,0,0,1,1,8.793694734573364,3.172785758972168,1.7584154605865479,1.045684814453125,0.009607076644897461,0.014349699020385742
3964,0,0.51476923076923,988,1000,3,1,3868.0,0,0,0,0,0,8.795579433441162,3.174612283706665,1.7584166526794434,1.045684814453125,0.009607076644897461,0.014360666275024414
3965,0,0.51476923076923,988,1000,4,1,3965.0,0,0,0,1,1,8.797894954681396,3.175992965698242,1.7592501640319824,1.045684814453125,0.009607076644897461,0.014366626739501953
3966,0,0.51476923076923,988,1000,3,1,3966.0,0,0,0,1,1,8.799442529678345,3.1770684719085693,1.7596652507781982,1.045684814453125,0.009607076644897461,0.014370918273925781
3967,0,0.51476923076923,988,1000,1,1,3894.0,0,0,2,0,2,8.805875539779663,3.1778512001037598,1.7608051300048828,1.0500726699829102,0.009623289108276367,0.014373064041137695
3968,0,0.51476923076923,988,1000,3,1,3868.0,0,0,0,0,0,8.807169437408447,3.1791088581085205,1.760805606842041,1.0500726699829102,0.009623289108276367,0.014379501342773438
3969,0,0.51476923076923,988,1000,6,6,3830.0,0,0,0,0,0,8.807796239852905,3.17970609664917,1.7608060836791992,1.0500726699829102,0.009623289108276367,0.014381647109985352
3970,0,0.51476923076923,988,1000,1,1,3868.0,0,0,0,0,0,8.809311389923096,3.181121349334717,1.7608082294464111,1.0500726699829102,0.009623289108276367,0.01438283920288086
3971,0,0.51476923076923,988,1000,2,1,3971.0,0,0,0,1,1,8.812038898468018,3.182932138442993,1.7616150379180908,1.0500726699829102,0.009623289108276367,0.014395475387573242
3972,0,0.51476923076923,988,1000,5,1,3972.0,0,0,0,1,1,8.813918590545654,3.184049606323242,1.7622697353363037,1.0500726699829102,0.009623289108276367,0.014400720596313477
3973,0,0.51476923076923,988,1000,3,1,3868.0,0,0,0,0,0,8.815003156661987,3.1851072311401367,1.762270450592041,1.0500726699829102,0.009623289108276367,0.01440572738647461
3974,0,0.51476923076923,988,1000,7,4,3821.8333333333335,0,1,1,0,2,8.82134222984314,3.185858726501465,1.763343334197998,1.0543954372406006,0.0096435546875,0.01440739631652832
3975,0,0.51476923076923,988,1000,1,1,3975.0,0,0,0,1,1,8.823050260543823,3.1870338916778564,1.76381254196167,1.0543954372406006,0.0096435546875,0.014412879943847656
3976,0,0.51476923076923,988,1000,4,1,3976.0,0,0,0,1,1,8.824712753295898,3.188042640686035,1.7643721103668213,1.0543954372406006,0.0096435546875,0.014416217803955078
3977,0,0.51476923076923,988,1000,4,2,3706.0,0,0,2,0,2,8.83276891708374,3.1903390884399414,1.765625238418579,1.0586962699890137,0.009669065475463867,0.014421463012695312
3978,0,0.51476923076923,988,1000,1,1,3978.0,0,0,0,1,1,8.834647178649902,3.191810369491577,1.7659814357757568,1.0586962699890137,0.009669065475463867,0.014428377151489258
3979,0,0.51476923076923,988,1000,3,3,3636.0,0,0,2,0,2,8.84177541732788,3.1934621334075928,1.7673757076263428,1.0625505447387695,0.009692668914794922,0.014430046081542969
3980,0,0.51476923076923,988,1000,5,4,3402.0,0,0,2,0,2,8.845818042755127,3.195405960083008,1.7685449123382568,1.063279628753662,0.009719371795654297,0.014439582824707031
3981,0,0.51476923076923,988,1000,3,1,3981.0,0,0,0,1,1,8.848320722579956,3.1970009803771973,1.7693603038787842,1.063279628753662,0.009719371795654297,0.014445066452026367
3982,0,0.51476923076923,988,1000,2,1,3868.0,0,0,0,0,0,8.850045919418335,3.198662757873535,1.769362211227417,1.063279628753662,0.009719371795654297,0.014451026916503906
3983,0,0.51476923076923,988,1000,2,2,3813.0,0,0,0,0,0,8.851988077163696,3.2005555629730225,1.7693634033203125,1.063279628753662,0.009719371795654297,0.014459848403930664
3984,0,0.51476923076923,988,1000,2,1,3868.0,0,0,0,0,0,8.853237628936768,3.2017781734466553,1.7693636417388916,1.063279628753662,0.009719371795654297,0.01446676254272461
3985,0,0.51476923076923,988,1000,6,1,3927.0,0,0,0,0,0,8.853870630264282,3.202382802963257,1.7693638801574707,1.063279628753662,0.009719371795654297,0.014468669891357422
3986,0,0.51476923076923,989,1000,8,7,3860.75,0,1,1,0,1,8.860895872116089,3.2030251026153564,1.7713682651519775,1.0674703121185303,0.009749412536621094,0.014470100402832031
3987,0,0.51476923076923,990,1000,1,1,3987.0,0,0,0,1,0,8.862746238708496,3.204333543777466,1.7718448638916016,1.0674703121185303,0.009749412536621094,0.014477014541625977
3988,0,0.51476923076923,990,1000,4,2,3617.5,0,0,2,0,2,8.867762088775635,3.205570936203003,1.7729558944702148,1.0699641704559326,0.009773492813110352,0.014480352401733398
3989,0,0.51476923076923,990,1000,1,1,3989.0,0,0,0,1,1,8.869614839553833,3.2070343494415283,1.77329421043396,1.0699641704559326,0.009773492813110352,0.014485597610473633
3990,0,0.51476923076923,990,1000,2,1,3990.0,0,0,0,1,1,8.870660781860352,3.207686185836792,1.7736518383026123,1.0699641704559326,0.009773492813110352,0.014487266540527344
3991,0,0.51476923076923,990,1000,7,5,3846.0,0,0,0,0,0,8.87138319015503,3.2083637714385986,1.7736530303955078,1.0699641704559326,0.009773492813110352,0.014488935470581055
3992,0,0.51476923076923,990,1000,2,1,3868.0,0,0,0,0,0,8.87248182296753,3.2094337940216064,1.7736539840698242,1.0699641704559326,0.009773492813110352,0.014493465423583984
3993,0,0.51476923076923,990,1000,2,2,3930.5,0,0,2,0,2,8.880975008010864,3.2105329036712646,1.7762501239776611,1.074613332748413,0.009797334671020508,0.014498710632324219
3994,0,0.51476923076923,990,1000,3,1,3927.0,0,0,0,0,0,8.882320165634155,3.2118330001831055,1.7762510776519775,1.074613332748413,0.009797334671020508,0.014505863189697266
3995,0,0.51476923076923,990,1000,1,1,3995.0,0,0,0,1,1,8.883763313293457,3.2125484943389893,1.7769176959991455,1.074613332748413,0.009797334671020508,0.014508485794067383
3996,0,0.51476923076923,990,1000,1,1,3996.0,0,0,0,1,1,8.884725093841553,3.213125467300415,1.777270793914795,1.074613332748413,0.009797334671020508,0.014509916305541992
3997,0,0.51476923076923,990,1000,2,2,3832.5,0,0,0,0,0,8.88535737991333,3.2137410640716553,1.777271032333374,1.074613332748413,0.009797334671020508,0.014511346817016602
3998,0,0.51476923076923,990,1000,3,2,3927.0,0,0,0,0,0,8.88595724105835,3.2143232822418213,1.7772712707519531,1.074613332748413,0.009797334671020508,0.01451253890991211
3999,0,0.5219230769230766,990,1000,2,1,3999.0,0,0,0,1,1,8.887012004852295,3.2148430347442627,1.7776215076446533,1.074613332748413,0.009797334671020508,0.014513969421386719
4000,0,0.5219230769230766,990,1000,1,1,3846.0,0,0,0,0,0,8.888103246688843,3.215904951095581,1.7776226997375488,1.074613332748413,0.009797334671020508,0.014666080474853516
4001,0,0.5219230769230766,990,1000,1,1,4001.0,0,0,0,1,1,8.890071868896484,3.2171010971069336,1.7783396244049072,1.074613332748413,0.009797334671020508,0.014670372009277344
4002,0,0.5219230769230766,990,1000,4,2,3927.0,0,0,0,0,0,8.891047716140747,3.2180466651916504,1.7783398628234863,1.074613332748413,0.009797334671020508,0.014674186706542969
4003,0,0.5219230769230766,990,1000,4,2,3935.5,0,0,2,0,2,8.89820909500122,3.219369888305664,1.779576063156128,1.078988790512085,0.009830236434936523,0.014676094055175781
4004,0,0.5219230769230766,990,1000,3,1,4004.0,0,0,0,1,1,8.900007724761963,3.220733642578125,1.7799367904663086,1.078988790512085,0.009830236434936523,0.014683008193969727
4005,0,0.5219230769230766,990,1000,13,10,3866.8333333333335,0,0,0,0,0,8.900946140289307,3.221613645553589,1.7799370288848877,1.078988790512085,0.009830236434936523,0.014685630798339844
4006,0,0.5219230769230766,990,1000,12,5,3920.4,0,1,1,0,2,8.906940937042236,3.2222156524658203,1.7810022830963135,1.0831108093261719,0.009851932525634766,0.014687299728393555
4007,0,0.5219230769230766,990,1000,4,3,3851.0,0,0,2,0,2,8.914177894592285,3.223479747772217,1.7821855545043945,1.087648630142212,0.00988316535949707,0.014693498611450195
4008,0,0.5219230769230766,991,1000,4,1,4008.0,0,0,0,1,0,8.916210412979126,3.2250945568084717,1.782526969909668,1.087648630142212,0.00988316535949707,0.01470041275024414
4009,0,0.5219230769230766,991,1000,14,4,3778.5,0,1,2,0,2,8.922114849090576,3.2257943153381348,1.7836275100708008,1.0915656089782715,0.0099029541015625,0.014702320098876953
4010,0,0.5219230769230766,991,1000,8,8,3695.5,0,0,1,0,2,8.93014144897461,3.2269604206085205,1.7849056720733643,1.0969672203063965,0.009923219680786133,0.014708280563354492
4011,0,0.5219230769230766,991,1000,6,4,3678.75,0,0,2,0,2,8.941811323165894,3.22861385345459,1.7863538265228271,1.1010043621063232,0.009945154190063477,0.014716625213623047
4012,0,0.5219230769230766,991,1000,1,1,4007.0,0,0,0,0,0,8.943978309631348,3.230729103088379,1.7863550186157227,1.1010043621063232,0.009945154190063477,0.01472616195678711
4013,0,0.5219230769230766,991,1000,8,4,3838.4,0,0,0,0,0,8.945387363433838,3.2320899963378906,1.7863552570343018,1.1010043621063232,0.009945154190063477,0.014733314514160156
4014,0,0.5219230769230766,991,1000,5,1,4014.0,0,0,0,1,1,8.946924686431885,3.232700824737549,1.7872207164764404,1.1010043621063232,0.009945154190063477,0.014734983444213867
4015,0,0.5219230769230766,991,1000,6,1,4007.0,0,0,0,0,0,8.947853803634644,3.2335987091064453,1.7872209548950195,1.1010043621063232,0.009945154190063477,0.014737844467163086
4016,0,0.5219230769230766,991,1000,5,1,4016.0,0,0,0,1,1,8.94892930984497,3.2342231273651123,1.7876217365264893,1.1010043621063232,0.009945154190063477,0.014739751815795898
4017,0,0.5219230769230766,991,1000,3,3,3953.6666666666665,0,0,0,0,0,8.950305938720703,3.235556125640869,1.7876231670379639,1.1010043621063232,0.009945154190063477,0.014741897583007812
4018,0,0.5219230769230766,991,1000,7,6,3954.8333333333335,0,0,0,0,0,8.95187497138977,3.237074851989746,1.7876238822937012,1.1010043621063232,0.009945154190063477,0.014748334884643555
4019,0,0.5219230769230766,991,1000,3,1,4019.0,0,0,0,1,1,8.953454494476318,3.237736225128174,1.788485050201416,1.1010043621063232,0.009945154190063477,0.014752388000488281
4020,0,0.5219230769230766,991,1000,6,2,4003.0,0,0,0,0,0,8.954095602035522,3.2383503913879395,1.7884855270385742,1.1010043621063232,0.009945154190063477,0.01475381851196289
4021,0,0.5219230769230766,990,1000,15,1,3846.0,0,0,1,0,2,8.960718870162964,3.2390763759613037,1.7898154258728027,1.1054129600524902,0.009961366653442383,0.0147552490234375
4022,0,0.5219230769230766,990,1000,2,1,4022.0,0,0,0,1,1,8.963158369064331,3.240852117538452,1.7904012203216553,1.1054129600524902,0.009961366653442383,0.014761686325073242
4023,0,0.5219230769230766,990,1000,1,1,4006.0,0,0,0,0,0,8.964072465896606,3.2417471408843994,1.7904016971588135,1.1054129600524902,0.009961366653442383,0.014767169952392578
4024,0,0.5219230769230766,990,1000,4,3,3744.3333333333335,0,0,2,0,2,8.969925165176392,3.2423348426818848,1.7914960384368896,1.1093690395355225,0.009981393814086914,0.014768123626708984
4025,0,0.5219230769230766,990,1000,1,1,3974.0,0,0,0,0,0,8.971207857131958,3.2435109615325928,1.7914965152740479,1.1093690395355225,0.009995460510253906,0.014772415161132812
4026,0,0.5219230769230766,990,1000,7,2,3937.5,0,0,0,0,0,8.971924304962158,3.2441954612731934,1.791496753692627,1.1093690395355225,0.009995460510253906,0.014774084091186523
4027,0,0.5219230769230766,990,1000,1,1,4027.0,0,0,0,1,1,8.973254442214966,3.24489426612854,1.7920868396759033,1.1093690395355225,0.009995460510253906,0.014775514602661133
4028,0,0.5219230769230766,990,1000,1,1,4028.0,0,0,0,1,1,8.974239349365234,3.245509386062622,1.7924258708953857,1.1093690395355225,0.009995460510253906,0.014777660369873047
4029,0,0.5219230769230766,990,1000,5,5,3823.4285714285716,0,0,2,0,2,8.978227615356445,3.2466540336608887,1.7936475276947021,1.1105189323425293,0.010037660598754883,0.014779329299926758
4030,0,0.5219230769230766,990,1000,16,2,3780.3333333333335,0,0,2,0,2,8.98544192314148,3.2483420372009277,1.7949657440185547,1.1144883632659912,0.010070085525512695,0.014785289764404297
4031,0,0.5219230769230766,990,1000,2,1,4031.0,0,0,0,1,1,8.987136602401733,3.249582290649414,1.7953598499298096,1.1144883632659912,0.010070085525512695,0.014791250228881836
4032,0,0.5219230769230766,990,1000,2,1,4007.0,0,0,0,0,0,8.987910747528076,3.2503397464752197,1.7953600883483887,1.1144883632659912,0.010070085525512695,0.01479339599609375
4033,0,0.5219230769230766,990,1000,1,1,4007.0,0,0,0,0,0,8.988684177398682,3.2510883808135986,1.795361042022705,1.1144883632659912,0.010070085525512695,0.014794588088989258
4034,0,0.5219230769230766,990,1000,3,1,4034.0,0,0,0,1,1,8.990435361862183,3.2521204948425293,1.796025037765503,1.1144883632659912,0.010070085525512695,0.014799118041992188
4035,0,0.5219230769230766,990,1000,4,2,4003.0,0,1,2,0,2,8.997435808181763,3.252755880355835,1.7972948551177979,1.1192476749420166,0.010088205337524414,0.014801740646362305
4036,0,0.5219230769230766,990,1000,5,1,4007.0,0,0,0,0,0,8.998950958251953,3.254223585128784,1.7972955703735352,1.1192476749420166,0.010088205337524414,0.014807939529418945
4037,0,0.5219230769230766,990,1000,3,3,3958.0,0,0,2,0,2,9.005214214324951,3.2547833919525146,1.7983942031860352,1.1236658096313477,0.01011037826538086,0.014809608459472656
4038,0,0.5219230769230766,990,1000,3,1,4030.0,0,0,0,0,0,9.006443738937378,3.255979061126709,1.7983946800231934,1.1236658096313477,0.01011037826538086,0.014815092086791992
4039,0,0.5219230769230766,990,1000,3,2,3981.0,0,0,2,0,2,9.014027118682861,3.256523847579956,1.799764633178711,1.1291654109954834,0.010128974914550781,0.014816522598266602
4040,0,0.5219230769230766,990,1000,4,2,3973.5,0,0,0,0,0,9.015502214431763,3.2579541206359863,1.7997651100158691,1.1291654109954834,0.010128974914550781,0.014822721481323242
4041,0,0.5219230769230766,990,1000,2,1,4041.0,0,0,0,1,1,9.016599178314209,3.2586474418640137,1.8001205921173096,1.1291654109954834,0.010128974914550781,0.014824151992797852
4042,0,0.5219230769230766,990,1000,5,2,3937.5,0,0,0,0,0,9.017389297485352,3.259404182434082,1.8001213073730469,1.1291654109954834,0.010128974914550781,0.014825582504272461
4043,0,0.5219230769230766,990,1000,2,1,4043.0,0,0,0,1,1,9.019307136535645,3.260364532470703,1.8010082244873047,1.1291654109954834,0.010128974914550781,0.014828920364379883
4044,0,0.5219230769230766,990,1000,7,1,4003.0,0,0,0,0,0,9.020798683166504,3.2618091106414795,1.801009178161621,1.1291654109954834,0.010128974914550781,0.014835357666015625
4045,0,0.5219230769230766,990,1000,1,1,4007.0,0,0,0,0,0,9.021481990814209,3.262479782104492,1.8010094165802002,1.1291654109954834,0.010128974914550781,0.014837503433227539
4046,0,0.5219230769230766,990,1000,7,5,3965.6,0,1,1,0,2,9.028025150299072,3.263054132461548,1.8022913932800293,1.133669137954712,0.010150909423828125,0.014838933944702148
4047,0,0.5219230769230766,990,1000,2,1,4047.0,0,0,0,1,1,9.030296325683594,3.264591693878174,1.8029437065124512,1.133669137954712,0.010150909423828125,0.014845609664916992
4048,0,0.5219230769230766,990,1000,4,2,3937.5,0,0,0,0,0,9.031694173812866,3.2659473419189453,1.8029446601867676,1.133669137954712,0.010150909423828125,0.014850139617919922
4049,0,0.5219230769230766,990,1000,2,1,4049.0,0,0,0,1,1,9.034065961837769,3.2673914432525635,1.803788661956787,1.133669137954712,0.010150909423828125,0.014855384826660156
4050,0,0.5219230769230766,990,1000,1,1,3981.0,0,0,1,0,1,9.036771535873413,3.2683815956115723,1.8047361373901367,1.134293794631958,0.010169506072998047,0.01486063003540039
4051,0,0.5219230769230766,990,1000,8,6,3890.5,0,0,2,0,2,9.044098854064941,3.2693867683410645,1.8068971633911133,1.1382646560668945,0.010181903839111328,0.014864206314086914
4052,0,0.5219230769230766,990,1000,1,1,4052.0,0,0,0,1,1,9.045906066894531,3.2706878185272217,1.8073225021362305,1.1382646560668945,0.010181903839111328,0.014871358871459961
4053,0,0.5219230769230766,990,1000,2,1,4007.0,0,0,0,0,0,9.046885967254639,3.271629571914673,1.807323694229126,1.1382646560668945,0.010181903839111328,0.014874458312988281
4054,0,0.5219230769230766,990,1000,4,4,3773.5,0,0,2,0,2,9.05403757095337,3.273282289505005,1.8085355758666992,1.1423707008361816,0.010208845138549805,0.014878988265991211
4055,0,0.5219230769230766,990,1000,7,3,3960.6666666666665,0,0,0,0,0,9.055551290512085,3.274738073348999,1.8085370063781738,1.1423707008361816,0.010208845138549805,0.01488494873046875
4056,0,0.5219230769230766,990,1000,5,4,3950.4,0,0,1,0,1,9.063480377197266,3.276093006134033,1.8097610473632812,1.1475400924682617,0.01023554801940918,0.014890670776367188
4057,0,0.5219230769230766,990,1000,1,1,4057.0,0,0,0,1,1,9.065916776657104,3.277571678161621,1.8106334209442139,1.1475400924682617,0.01023554801940918,0.014897584915161133
4058,0,0.5219230769230766,990,1000,6,6,3897.8333333333335,0,0,0,0,0,9.067363023757935,3.2789628505706787,1.8106346130371094,1.1475400924682617,0.01023554801940918,0.014904260635375977
4059,0,0.5219230769230766,990,1000,5,2,3937.5,0,0,0,0,0,9.068997144699097,3.2805395126342773,1.8106367588043213,1.1475400924682617,0.01023554801940918,0.01490926742553711
4060,0,0.5219230769230766,990,1000,8,3,3960.6666666666665,0,0,0,0,0,9.070427894592285,3.2819247245788574,1.8106372356414795,1.1475400924682617,0.01023554801940918,0.014916181564331055
4061,0,0.5219230769230766,990,1000,8,2,3942.5,0,1,2,0,2,9.07763957977295,3.2825417518615723,1.813089370727539,1.1514756679534912,0.010260581970214844,0.014918327331542969
4062,0,0.5219230769230766,990,1000,5,1,3868.0,0,0,0,0,0,9.079385995864868,3.2842090129852295,1.81309175491333,1.1514756679534912,0.010260581970214844,0.014926671981811523
4063,0,0.5219230769230766,990,1000,3,1,4063.0,0,0,0,1,1,9.082108736038208,3.286011219024658,1.8139238357543945,1.1514756679534912,0.010260581970214844,0.014939546585083008
4064,0,0.5219230769230766,990,1000,16,4,3898.5,0,0,2,0,2,9.08841347694397,3.2872018814086914,1.8150043487548828,1.1552932262420654,0.010278940200805664,0.014946222305297852
4065,0,0.5219230769230766,990,1000,3,1,3868.0,0,0,0,0,0,9.089672565460205,3.2884223461151123,1.8150053024291992,1.1552932262420654,0.010278940200805664,0.014952659606933594
4066,0,0.5219230769230766,990,1000,6,5,3750.4,0,0,2,0,2,9.09667420387268,3.2890682220458984,1.8164842128753662,1.160027027130127,0.010300874710083008,0.01495504379272461
4067,0,0.5219230769230766,990,1000,1,1,4007.0,0,0,0,0,0,9.098737716674805,3.2910847663879395,1.81648588180542,1.160027027130127,0.010300874710083008,0.01496267318725586
4068,0,0.5219230769230766,990,1000,7,3,3973.6666666666665,0,0,0,0,0,9.099564552307129,3.291867733001709,1.8164863586425781,1.160027027130127,0.010300874710083008,0.014969587326049805
4069,0,0.5219230769230766,990,1000,11,3,4004.0,0,1,1,0,2,9.105517387390137,3.2924933433532715,1.8176286220550537,1.1639995574951172,0.010324239730834961,0.014970779418945312
4070,0,0.5219230769230766,990,1000,5,1,4070.0,0,0,0,1,1,9.107226133346558,3.293761968612671,1.818002700805664,1.1639995574951172,0.010324239730834961,0.014975309371948242
4071,0,0.5219230769230766,989,1000,4,4,3901.6666666666665,0,0,1,0,2,9.113869428634644,3.294525384902954,1.819199562072754,1.1685492992401123,0.010342836380004883,0.014976978302001953
4072,0,0.5219230769230766,989,1000,6,2,3937.5,0,0,0,0,0,9.115400075912476,3.2960076332092285,1.8192002773284912,1.1685492992401123,0.010342836380004883,0.014982938766479492
4073,0,0.5219230769230766,989,1000,9,5,3880.2,0,0,0,0,0,9.11605978012085,3.296630859375,1.8192005157470703,1.1685492992401123,0.010342836380004883,0.014984846115112305
4074,0,0.5219230769230766,990,1000,7,4,2717.0,0,0,2,0,1,9.118674516677856,3.2972686290740967,1.820312261581421,1.1692521572113037,0.01036691665649414,0.014986276626586914
4075,0,0.5219230769230766,990,1000,2,1,4075.0,0,0,0,1,1,9.120530843734741,3.298532247543335,1.8208410739898682,1.1692521572113037,0.01036691665649414,0.014991998672485352
4076,0,0.5219230769230766,990,1000,10,2,3937.5,0,0,0,0,0,9.121316194534302,3.299274444580078,1.8208413124084473,1.1692521572113037,0.01036691665649414,0.014995336532592773
4077,0,0.5219230769230766,990,1000,4,1,4077.0,0,0,0,1,1,9.122403383255005,3.299943447113037,1.8212237358093262,1.1692521572113037,0.01036691665649414,0.014996767044067383
4078,0,0.5219230769230766,990,1000,5,1,4039.0,0,0,0,0,0,9.122997283935547,3.3005149364471436,1.8212239742279053,1.1692521572113037,0.01036691665649414,0.01499795913696289
4079,0,0.5219230769230766,990,1000,5,2,3957.0,0,0,2,0,2,9.131090641021729,3.3010926246643066,1.8228516578674316,1.1750221252441406,0.010382652282714844,0.014999151229858398
4080,0,0.5219230769230766,990,1000,16,4,4026.5,0,0,0,0,0,9.13296103477478,3.3028693199157715,1.8228528499603271,1.1750221252441406,0.010382652282714844,0.01500701904296875
4081,0,0.5219230769230766,990,1000,3,1,4081.0,0,0,0,1,1,9.134903907775879,3.3040390014648438,1.8235602378845215,1.1750221252441406,0.010382652282714844,0.015012502670288086
4082,0,0.5219230769230766,990,1000,7,3,4015.0,0,0,0,0,0,9.135658979415894,3.3047611713409424,1.8235604763031006,1.1750221252441406,0.010382652282714844,0.015015125274658203
4083,0,0.5219230769230766,990,1000,1,1,4039.0,0,0,0,0,0,9.136250972747803,3.305342435836792,1.8235609531402588,1.1750221252441406,0.010382652282714844,0.015016555786132812
4084,0,0.5219230769230766,990,1000,9,1,4003.0,0,0,0,0,0,9.136831521987915,3.30588960647583,1.823561191558838,1.1750221252441406,0.010382652282714844,0.01501774787902832
4085,0,0.5219230769230766,990,1000,7,3,3929.3333333333335,0,0,0,0,0,9.137501001358032,3.3065319061279297,1.823561429977417,1.1750221252441406,0.010382652282714844,0.015018939971923828
4086,0,0.5219230769230766,990,1000,2,1,4086.0,0,0,0,1,1,9.138407468795776,3.3069801330566406,1.8239829540252686,1.1750221252441406,0.010382652282714844,0.015020132064819336
4087,0,0.5219230769230766,990,1000,1,1,4007.0,0,0,0,0,0,9.138998746871948,3.3075599670410156,1.8239831924438477,1.1750221252441406,0.010382652282714844,0.015021324157714844
4088,0,0.5219230769230766,990,1000,2,2,4035.5,0,0,0,0,0,9.139546632766724,3.308094024658203,1.8239834308624268,1.1750221252441406,0.010382652282714844,0.015022516250610352
4089,0,0.5219230769230766,990,1000,5,1,3868.0,0,0,0,0,0,9.140164852142334,3.3086907863616943,1.8239836692810059,1.1750221252441406,0.010382652282714844,0.01502370834350586
4090,0,0.5219230769230766,990,1000,5,4,4010.0,0,0,2,0,2,9.149562120437622,3.30946683883667,1.8263494968414307,1.181103229522705,0.010404825210571289,0.015025138854980469
4091,0,0.5219230769230766,990,1000,5,2,3654.0,0,1,1,0,2,9.157436847686768,3.3118343353271484,1.8274405002593994,1.185209035873413,0.010443925857543945,0.015032768249511719
4092,0,0.5219230769230766,990,1000,3,1,4092.0,0,0,0,1,1,9.160861253738403,3.313734769821167,1.828826665878296,1.185209035873413,0.010443925857543945,0.01503896713256836
4093,0,0.5219230769230766,990,1000,2,1,4093.0,0,0,0,1,1,9.163368701934814,3.3153369426727295,1.829657793045044,1.185209035873413,0.010443925857543945,0.015046358108520508
4094,0,0.5219230769230766,990,1000,1,1,3852.0,0,0,2,0,2,9.17038631439209,3.3172006607055664,1.830773115158081,1.189094066619873,0.010463953018188477,0.015052080154418945
4095,0,0.5219230769230766,990,1000,4,3,3994.0,0,0,0,0,0,9.171448945999146,3.3182101249694824,1.8307738304138184,1.189094066619873,0.010463953018188477,0.015055656433105469
4096,0,0.5219230769230766,989,1000,1,1,2848.0,0,0,1,0,2,9.174678564071655,3.319485664367676,1.8319838047027588,1.1896445751190186,0.010488748550415039,0.01505899429321289
4097,0,0.5219230769230766,989,1000,2,1,4097.0,0,0,0,1,1,9.178178787231445,3.3216845989227295,1.833165168762207,1.1896445751190186,0.010488748550415039,0.015066146850585938
4098,0,0.5219230769230766,989,1000,1,1,4098.0,0,0,0,1,1,9.18094778060913,3.32332444190979,1.8341901302337646,1.1896445751190186,0.010488748550415039,0.01507425308227539
4099,0,0.5219230769230766,989,1000,4,2,4021.0,0,0,0,0,0,9.182443618774414,3.3247838020324707,1.834190845489502,1.1896445751190186,0.010488748550415039,0.01508188247680664
4100,0,0.5219230769230766,989,1000,11,6,3841.8333333333335,0,1,2,0,2,9.188390016555786,3.325446844100952,1.8353040218353271,1.1936218738555908,0.010511398315429688,0.01508331298828125
4101,0,0.5219230769230766,989,1000,1,1,3868.0,0,0,0,0,0,9.18966794013977,3.326691150665283,1.8353049755096436,1.1936218738555908,0.010511398315429688,0.015089035034179688
4102,0,0.5219230769230766,989,1000,3,2,3957.0,0,0,0,0,0,9.190515279769897,3.327517032623291,1.8353052139282227,1.1936218738555908,0.010511398315429688,0.01509237289428711
4103,0,0.5219230769230766,989,1000,4,2,3973.5,0,0,0,0,0,9.191130638122559,3.328111171722412,1.8353054523468018,1.1936218738555908,0.010511398315429688,0.015093564987182617
4104,0,0.5219230769230766,989,1000,6,2,4021.0,0,0,0,0,0,9.19250750541687,3.329409599304199,1.8353078365325928,1.1936218738555908,0.010511398315429688,0.015094757080078125
4105,0,0.5219230769230766,989,1000,1,1,3868.0,0,0,2,0,2,9.200180530548096,3.33152174949646,1.8366649150848389,1.1976664066314697,0.010532617568969727,0.015104532241821289
4106,0,0.5219230769230766,989,1000,7,3,3899.0,0,1,2,0,2,9.20525312423706,3.332967758178711,1.8376741409301758,1.2000641822814941,0.010556459426879883,0.015111446380615234
4107,0,0.5219230769230766,989,1000,5,2,3986.5,0,0,0,0,0,9.206342697143555,3.3340206146240234,1.837674617767334,1.2000641822814941,0.010556459426879883,0.015116214752197266
4108,0,0.5219230769230766,989,1000,18,10,4010.2,0,1,2,0,2,9.213603973388672,3.3348989486694336,1.8389360904693604,1.204857587814331,0.010589599609375,0.015117645263671875
4109,0,0.5219230769230766,989,1000,7,1,4109.0,0,0,0,1,1,9.215829610824585,3.336430788040161,1.839524507522583,1.204857587814331,0.010589599609375,0.01512455940246582
4110,0,0.5219230769230766,989,1000,2,1,4105.0,0,0,0,0,0,9.217310905456543,3.337873935699463,1.8395256996154785,1.204857587814331,0.010589599609375,0.015131950378417969
4111,0,0.5219230769230766,989,1000,3,1,4111.0,0,0,0,1,1,9.219772338867188,3.3394620418548584,1.8403170108795166,1.204857587814331,0.010589599609375,0.01513671875
4112,0,0.5219230769230766,989,1000,3,1,4112.0,0,0,0,1,1,9.220940828323364,3.3402113914489746,1.8406918048858643,1.204857587814331,0.010589599609375,0.015141725540161133
4113,0,0.5219230769230766,988,1000,3,3,4075.75,0,0,1,0,2,9.227726221084595,3.3408467769622803,1.8422958850860596,1.2092747688293457,0.010608196258544922,0.015143394470214844
4114,0,0.5219230769230766,988,1000,1,1,4105.0,0,0,0,0,0,9.229091167449951,3.3421790599823,1.8422966003417969,1.2092747688293457,0.010608196258544922,0.015150070190429688
4115,0,0.5219230769230766,988,1000,5,1,4106.0,0,0,0,0,0,9.230181455612183,3.3432369232177734,1.8422975540161133,1.2092747688293457,0.010608196258544922,0.015151739120483398
4116,0,0.5219230769230766,988,1000,5,3,4012.3333333333335,0,0,0,0,0,9.230825901031494,3.3438546657562256,1.8422975540161133,1.2092747688293457,0.010608196258544922,0.015154838562011719
4117,0,0.5219230769230766,988,1000,1,1,4117.0,0,0,0,1,1,9.232379913330078,3.344538450241089,1.8431236743927002,1.2092747688293457,0.010608196258544922,0.01515650749206543
4118,0,0.5219230769230766,988,1000,11,8,3906.5,0,1,2,0,2,9.241594791412354,3.3452372550964355,1.8447391986846924,1.2159616947174072,0.010629892349243164,0.015158891677856445
4119,0,0.5219230769230766,988,1000,5,1,4006.0,0,0,0,0,0,9.243941307067871,3.3475003242492676,1.844740629196167,1.2159616947174072,0.010629892349243164,0.015169143676757812
4120,0,0.5219230769230766,988,1000,7,1,4120.0,0,0,0,1,1,9.246349811553955,3.349107027053833,1.845454216003418,1.2159616947174072,0.010629892349243164,0.015177011489868164
4121,0,0.5219230769230766,988,1000,2,1,4121.0,0,0,0,1,1,9.248786926269531,3.350602149963379,1.846315622329712,1.2159616947174072,0.010629892349243164,0.01518106460571289
4122,0,0.5219230769230766,988,1000,1,1,4122.0,0,0,0,1,1,9.251768827438354,3.3526484966278076,1.8471691608428955,1.2159616947174072,0.010629892349243164,0.015186548233032227
4123,0,0.5219230769230766,988,1000,5,1,4123.0,0,0,0,1,1,9.253719091415405,3.35416316986084,1.8475420475006104,1.2159616947174072,0.010629892349243164,0.015193700790405273
4124,0,0.5219230769230766,988,1000,8,7,4013.5714285714284,0,1,2,0,2,9.261911630630493,3.3547861576080322,1.8496291637420654,1.2212717533111572,0.010649919509887695,0.015195131301879883
4125,0,0.5219230769230766,988,1000,7,1,4039.0,0,0,0,0,0,9.26404333114624,3.356829881668091,1.8496313095092773,1.2212717533111572,0.010649919509887695,0.01520395278930664
4126,0,0.5219230769230766,988,1000,1,1,4030.0,0,0,2,0,2,9.271526575088501,3.35884428024292,1.8508262634277344,1.2253830432891846,0.010674476623535156,0.015213489532470703
4127,0,0.5219230769230766,988,1000,5,2,4008.5,0,1,2,0,2,9.279044151306152,3.3602073192596436,1.8521349430084229,1.2300500869750977,0.010693550109863281,0.015219688415527344
4128,0,0.5219230769230766,988,1000,1,1,3613.0,0,0,2,0,2,9.286652565002441,3.3622844219207764,1.853360891342163,1.2341570854187012,0.01071786880493164,0.015226602554321289
4129,0,0.5219230769230766,987,1000,4,3,3805.75,0,0,1,0,2,9.294222354888916,3.363673686981201,1.8549823760986328,1.238576889038086,0.010736227035522461,0.015232086181640625
4130,0,0.5219230769230766,987,1000,1,1,4130.0,0,0,0,1,1,9.29772663116455,3.365337371826172,1.85672926902771,1.238576889038086,0.010736227035522461,0.01523900032043457
4131,0,0.5219230769230766,987,1000,8,4,4084.0,0,0,0,0,0,9.299646377563477,3.3671748638153076,1.8567306995391846,1.238576889038086,0.010736227035522461,0.015249967575073242
4132,0,0.5219230769230766,987,1000,4,1,4132.0,0,0,0,1,1,9.302242040634155,3.368842124938965,1.857578992843628,1.238576889038086,0.010736227035522461,0.015257835388183594
4133,0,0.5219230769230766,987,1000,3,1,3944.0,0,0,2,0,2,9.308616876602173,3.3696625232696533,1.8590366840362549,1.2425169944763184,0.010755777359008789,0.015261173248291016
4134,0,0.5219230769230766,987,1000,7,3,4098.333333333333,0,0,0,0,0,9.31090521812439,3.371840238571167,1.8590385913848877,1.2425169944763184,0.010755777359008789,0.015271186828613281
4135,0,0.5219230769230766,987,1000,3,1,4135.0,0,0,0,1,1,9.313450574874878,3.3732247352600098,1.860107660293579,1.2425169944763184,0.010755777359008789,0.015279531478881836
4136,0,0.5219230769230766,987,1000,3,1,4039.0,0,0,0,0,0,9.315137386322021,3.374859571456909,1.8601090908050537,1.2425169944763184,0.010755777359008789,0.015287160873413086
4137,0,0.5219230769230766,987,1000,7,6,3973.8333333333335,0,0,0,0,0,9.316909313201904,3.3765242099761963,1.8601109981536865,1.2425169944763184,0.010755777359008789,0.015294313430786133
4138,0,0.5219230769230766,987,1000,3,3,4098.333333333333,0,0,0,0,0,9.318633317947388,3.3781964778900146,1.8601124286651611,1.2425169944763184,0.010755777359008789,0.015302419662475586
4139,0,0.5219230769230766,986,1000,7,3,3976.0,0,0,1,0,2,9.3249192237854,3.37900447845459,1.86138916015625,1.2465555667877197,0.010779619216918945,0.015310049057006836
4140,0,0.5219230769230766,986,1000,7,2,4021.0,0,0,2,0,2,9.333086252212524,3.381324529647827,1.8626697063446045,1.2508971691131592,0.010810375213623047,0.015320062637329102
4141,0,0.5219230769230766,986,1000,3,3,4091.6666666666665,0,0,0,0,0,9.334478616714478,3.3826773166656494,1.8626699447631836,1.2508971691131592,0.010810375213623047,0.015327215194702148
4142,0,0.5219230769230766,986,1000,3,1,4142.0,0,0,0,1,1,9.33554720878601,3.3832650184631348,1.8630943298339844,1.2508971691131592,0.010810375213623047,0.01532888412475586
4143,0,0.5219230769230766,986,1000,2,2,4114.5,0,0,0,0,0,9.336148977279663,3.3838512897491455,1.8630945682525635,1.2508971691131592,0.010810375213623047,0.015330314636230469
4144,0,0.5219230769230766,987,1000,1,1,4144.0,0,0,0,1,0,9.337198257446289,3.384416103363037,1.86354398727417,1.2508971691131592,0.010810375213623047,0.015331745147705078
4145,0,0.5219230769230766,987,1000,2,1,4145.0,0,0,0,1,1,9.338621139526367,3.3854007720947266,1.8639261722564697,1.2508971691131592,0.010810375213623047,0.015334606170654297
4146,0,0.5219230769230766,987,1000,2,2,4114.5,0,0,0,0,0,9.339298963546753,3.3860628604888916,1.8639264106750488,1.2508971691131592,0.010810375213623047,0.015336275100708008
4147,0,0.5219230769230766,987,1000,8,3,4076.6666666666665,0,0,0,0,0,9.339984655380249,3.3867135047912598,1.8639271259307861,1.2508971691131592,0.010810375213623047,0.015337705612182617
4148,0,0.5219230769230766,987,1000,8,1,4091.0,0,0,0,0,0,9.340798377990723,3.3874928951263428,1.8639273643493652,1.2508971691131592,0.010810375213623047,0.015340089797973633
4149,0,0.5219230769230766,987,1000,4,1,4140.0,0,0,0,0,0,9.341482400894165,3.3881380558013916,1.8639280796051025,1.2508971691131592,0.010810375213623047,0.015341520309448242
4150,0,0.5219230769230766,987,1000,3,3,4098.333333333333,0,1,1,0,2,9.349255323410034,3.3900561332702637,1.8651716709136963,1.2553191184997559,0.010835647583007812,0.015347003936767578
4151,0,0.5219230769230766,987,1000,4,3,4126.333333333333,0,0,0,0,0,9.350780010223389,3.3915371894836426,1.8651719093322754,1.2553191184997559,0.010835647583007812,0.015354394912719727
4152,0,0.5219230769230766,987,1000,10,9,4013.1111111111113,0,1,1,0,2,9.357494831085205,3.392242431640625,1.8666083812713623,1.2597002983093262,0.010857820510864258,0.015355825424194336
4153,0,0.5219230769230766,987,1000,4,3,4126.333333333333,0,0,0,0,0,9.359507083892822,3.3941915035247803,1.8666102886199951,1.2597002983093262,0.010857820510864258,0.01536107063293457
4154,0,0.5219230769230766,987,1000,5,1,4140.0,0,0,0,0,0,9.36133861541748,3.395960807800293,1.8666119575500488,1.2597002983093262,0.010857820510864258,0.015370845794677734
4155,0,0.5219230769230766,986,1000,1,1,4091.0,0,0,1,0,2,9.367783784866333,3.3972933292388916,1.8678135871887207,1.2634384632110596,0.010877132415771484,0.015377521514892578
4156,0,0.5219230769230766,986,1000,10,7,4106.571428571428,0,0,2,0,2,9.376990556716919,3.398829698562622,1.8707706928253174,1.2679479122161865,0.010902881622314453,0.015384197235107422
4157,0,0.5219230769230766,986,1000,6,4,4125.75,0,0,0,0,0,9.37890338897705,3.400677442550659,1.8707716464996338,1.2679479122161865,0.010902881622314453,0.01539468765258789
4158,0,0.5219230769230766,986,1000,7,3,4094.3333333333335,0,0,0,0,0,9.380772352218628,3.4024949073791504,1.8707726001739502,1.2679479122161865,0.010902881622314453,0.01540064811706543
4159,0,0.5219230769230766,986,1000,13,11,4050.5454545454545,0,0,0,0,0,9.381628036499023,3.4032890796661377,1.8707728385925293,1.2679479122161865,0.010902881622314453,0.01540517807006836
4160,0,0.5219230769230766,986,1000,7,3,4126.333333333333,0,0,0,0,0,9.382233619689941,3.403864860534668,1.8707733154296875,1.2679479122161865,0.010902881622314453,0.015406370162963867
4161,0,0.5219230769230766,986,1000,3,3,4117.666666666667,0,0,0,0,0,9.382955551147461,3.404568672180176,1.8707737922668457,1.2679479122161865,0.010902881622314453,0.015408039093017578
4162,0,0.5219230769230766,986,1000,5,1,4069.0,0,0,2,0,2,9.388940811157227,3.4054088592529297,1.871826171875,1.2718780040740967,0.010924577713012695,0.015409469604492188
4163,0,0.5219230769230766,986,1000,7,1,4140.0,0,0,0,0,0,9.39024567604065,3.4066691398620605,1.8718268871307373,1.2718780040740967,0.010924577713012695,0.015414237976074219
4164,0,0.5219230769230766,986,1000,5,2,4034.3333333333335,0,0,2,0,2,9.397729396820068,3.407428741455078,1.873042345046997,1.2771275043487549,0.010946273803710938,0.015415430068969727
4165,0,0.5219230769230766,986,1000,3,3,4126.333333333333,0,0,0,0,0,9.399296760559082,3.408950090408325,1.8730430603027344,1.2771275043487549,0.010946273803710938,0.015421867370605469
4166,0,0.5219230769230766,986,1000,2,2,4114.5,0,0,0,0,0,9.400874853134155,3.410492420196533,1.8730442523956299,1.2771275043487549,0.010946273803710938,0.015427112579345703
4167,0,0.5219230769230766,986,1000,10,4,4111.25,0,0,0,0,0,9.4019455909729,3.4115171432495117,1.8730442523956299,1.2771275043487549,0.010946273803710938,0.015432119369506836
4168,0,0.5219230769230766,986,1000,7,4,3880.5,0,0,2,0,2,9.408851385116577,3.4121909141540527,1.8748018741607666,1.2814385890960693,0.010968923568725586,0.015433788299560547
4169,0,0.5219230769230766,986,1000,3,3,4126.333333333333,0,0,0,0,0,9.41070818901062,3.4139912128448486,1.874803066253662,1.2814385890960693,0.010968923568725586,0.015443801879882812
4170,0,0.5219230769230766,986,1000,4,3,4126.333333333333,0,0,0,0,0,9.411617517471313,3.414869785308838,1.8748033046722412,1.2814385890960693,0.010968923568725586,0.01545095443725586
4171,0,0.5219230769230766,986,1000,6,1,4171.0,0,0,0,1,1,9.413245677947998,3.41559100151062,1.8756110668182373,1.2814385890960693,0.010968923568725586,0.01545262336730957
4172,0,0.5219230769230766,987,1000,6,5,4078.4,0,1,1,0,1,9.419308423995972,3.4164223670959473,1.8767716884613037,1.2853362560272217,0.010989189147949219,0.015456676483154297
4173,0,0.5219230769230766,987,1000,1,1,4173.0,0,0,0,1,1,9.421297311782837,3.4178638458251953,1.8772568702697754,1.2853362560272217,0.010989189147949219,0.015463113784790039
4174,0,0.5219230769230766,987,1000,1,1,4174.0,0,0,0,1,1,9.42230772972107,3.4184882640838623,1.8776066303253174,1.2853362560272217,0.010989189147949219,0.015468120574951172
4175,0,0.5219230769230766,987,1000,1,1,4175.0,0,0,0,1,1,9.423279523849487,3.4190831184387207,1.877957820892334,1.2853362560272217,0.010989189147949219,0.01546931266784668
4176,0,0.5219230769230766,986,1000,2,1,4090.0,0,0,1,0,2,9.429810762405396,3.4196672439575195,1.8790709972381592,1.2900390625,0.01100611686706543,0.01547098159790039
4177,0,0.5219230769230766,986,1000,11,6,4086.8333333333335,0,0,2,0,2,9.436464309692383,3.4212682247161865,1.8801195621490479,1.293848991394043,0.011029958724975586,0.015477657318115234
4178,0,0.5219230769230766,986,1000,12,10,3718.3,0,0,2,0,2,9.441169023513794,3.4228599071502686,1.8808014392852783,1.2960877418518066,0.011052846908569336,0.015483856201171875
4179,0,0.5219230769230766,986,1000,3,1,4179.0,0,0,0,1,1,9.443793296813965,3.424333333969116,1.881793737411499,1.2960877418518066,0.011052846908569336,0.015485763549804688
4180,0,0.5219230769230766,986,1000,1,1,4091.0,0,0,0,0,0,9.44541335105896,3.425922393798828,1.8817946910858154,1.2960877418518066,0.011052846908569336,0.015492677688598633
4181,0,0.5219230769230766,986,1000,2,1,4181.0,0,0,0,1,1,9.446857690811157,3.4264776706695557,1.8826305866241455,1.2960877418518066,0.011052846908569336,0.015496253967285156
4182,0,0.5219230769230766,986,1000,10,3,4148.666666666667,0,0,0,0,0,9.448216199874878,3.4277830123901367,1.8826310634613037,1.2960877418518066,0.011052846908569336,0.015501737594604492
4183,0,0.5219230769230766,986,1000,6,2,4062.0,0,0,2,0,2,9.453833818435669,3.4284167289733887,1.8836920261383057,1.2998695373535156,0.01107645034790039,0.015503168106079102
4184,0,0.5219230769230766,986,1000,8,5,4116.4,0,1,2,0,2,9.460794448852539,3.429443120956421,1.8856143951416016,1.3037104606628418,0.011095046997070312,0.015506744384765625
4185,0,0.5219230769230766,986,1000,4,1,4185.0,0,0,0,1,1,9.46275806427002,3.4307808876037598,1.8861567974090576,1.3037104606628418,0.011095046997070312,0.015527009963989258
4186,0,0.5219230769230766,985,1000,7,6,3998.5714285714284,0,0,1,0,2,9.469493627548218,3.4319350719451904,1.887423038482666,1.3078715801239014,0.011117696762084961,0.015530586242675781
4187,0,0.5219230769230766,985,1000,8,4,4140.75,0,0,0,0,0,9.471037149429321,3.4334256649017334,1.8874232769012451,1.3078715801239014,0.011117696762084961,0.015536785125732422
4188,0,0.5219230769230766,985,1000,5,4,4152.75,0,0,0,0,0,9.4717435836792,3.4341084957122803,1.8874237537384033,1.3078715801239014,0.011117696762084961,0.015538454055786133
4189,0,0.5219230769230766,985,1000,4,3,4107.333333333333,0,0,2,0,2,9.4784517288208,3.434892416000366,1.8887193202972412,1.31235671043396,0.011139631271362305,0.015539884567260742
4190,0,0.5219230769230766,985,1000,2,1,4190.0,0,0,0,1,1,9.480634212493896,3.4362308979034424,1.889481782913208,1.31235671043396,0.011139631271362305,0.015546321868896484
4191,0,0.5219230769230766,985,1000,8,2,4107.0,0,0,0,0,0,9.482012033462524,3.437565565109253,1.889482021331787,1.31235671043396,0.011139631271362305,0.01555180549621582
4192,0,0.5219230769230766,985,1000,7,4,4173.75,0,0,0,0,0,9.482789039611816,3.438314199447632,1.8894824981689453,1.31235671043396,0.011139631271362305,0.01555323600769043
4193,0,0.5219230769230766,985,1000,13,5,4123.2,0,0,0,0,0,9.483457326889038,3.4389352798461914,1.8894827365875244,1.31235671043396,0.011139631271362305,0.015554666519165039
4194,0,0.5219230769230766,985,1000,3,2,4130.5,0,0,0,0,0,9.484071731567383,3.4395322799682617,1.8894829750061035,1.31235671043396,0.011139631271362305,0.015556097030639648
4195,0,0.5219230769230766,985,1000,7,2,4094.0,0,0,2,0,2,9.489458322525024,3.4401304721832275,1.890362024307251,1.3161258697509766,0.011161088943481445,0.015557289123535156
4196,0,0.5219230769230766,985,1000,7,2,4107.0,0,0,2,0,2,9.495425462722778,3.4408349990844727,1.8915796279907227,1.3200633525848389,0.011173725128173828,0.015558719635009766
4197,0,0.5219230769230766,985,1000,5,3,3939.6666666666665,0,0,0,0,0,9.497079849243164,3.4424242973327637,1.8915817737579346,1.3200633525848389,0.011173725128173828,0.015565633773803711
4198,0,0.5219230769230766,985,1000,5,3,4119.25,0,0,0,0,0,9.498521089553833,3.443828821182251,1.891582727432251,1.3200633525848389,0.011173725128173828,0.015570640563964844
4199,0,0.5219230769230766,985,1000,3,2,4173.0,0,0,0,0,0,9.499136686325073,3.444424867630005,1.8915832042694092,1.3200633525848389,0.011173725128173828,0.015572309494018555
4200,0,0.5219230769230766,985,1000,11,7,4156.285714285715,0,0,0,0,0,9.499845743179321,3.4450879096984863,1.8915836811065674,1.3200633525848389,0.011173725128173828,0.015573740005493164
4201,0,0.5219230769230766,985,1000,2,2,2312.5,0,0,2,0,2,9.502387046813965,3.4456467628479004,1.8926565647125244,1.3208274841308594,0.01119685173034668,0.015574932098388672
4202,0,0.5219230769230766,985,1000,4,3,4039.25,0,1,2,0,2,9.506218671798706,3.4463887214660645,1.8933842182159424,1.3230383396148682,0.011206865310668945,0.015576362609863281
4203,0,0.5219230769230766,985,1000,1,1,4203.0,0,0,0,1,1,9.507172346115112,3.446953296661377,1.893739938735962,1.3230383396148682,0.011206865310668945,0.015578269958496094
4204,0,0.5219230769230766,985,1000,5,2,4154.0,0,0,0,0,0,9.507885456085205,3.447641372680664,1.893740177154541,1.3230383396148682,0.011206865310668945,0.015579700469970703
4205,0,0.5219230769230766,985,1000,1,1,4202.0,0,0,0,0,0,9.508446455001831,3.448186159133911,1.8937408924102783,1.3230383396148682,0.011206865310668945,0.015580892562866211
4206,0,0.5219230769230766,985,1000,6,4,4152.25,0,0,0,0,0,9.50969934463501,3.4493510723114014,1.8937430381774902,1.3230383396148682,0.011206865310668945,0.015583515167236328
4207,0,0.5219230769230766,985,1000,19,13,4088.0,0,0,0,0,0,9.511544942855835,3.451085090637207,1.893744707107544,1.3230383396148682,0.011206865310668945,0.015594005584716797
4208,0,0.5219230769230766,985,1000,1,1,4208.0,0,0,0,1,1,9.513442039489746,3.4520764350891113,1.8945744037628174,1.3230383396148682,0.011206865310668945,0.01560068130493164
4209,0,0.5219230769230766,985,1000,1,1,4209.0,0,0,0,1,1,9.514696598052979,3.452939510345459,1.894927978515625,1.3230383396148682,0.011206865310668945,0.015605449676513672
4210,0,0.5219230769230766,985,1000,7,4,4134.4,0,0,0,0,0,9.515424489974976,3.453631639480591,1.894928216934204,1.3230383396148682,0.011206865310668945,0.015607595443725586
4211,0,0.5219230769230766,985,1000,2,1,4211.0,0,0,0,1,1,9.516579627990723,3.4542946815490723,1.8953826427459717,1.3230383396148682,0.011206865310668945,0.015609502792358398
4212,0,0.5219230769230766,985,1000,7,6,4087.5,0,1,2,0,2,9.521976947784424,3.4550392627716064,1.8961644172668457,1.3267590999603271,0.01122736930847168,0.01561117172241211
4213,0,0.5219230769230766,985,1000,11,10,4086.181818181818,0,0,2,0,2,9.528747081756592,3.4558498859405518,1.8975069522857666,1.3312397003173828,0.01124119758605957,0.015614032745361328
4214,0,0.5219230769230766,985,1000,1,1,4214.0,0,0,0,1,1,9.530811309814453,3.4572222232818604,1.898108720779419,1.3312397003173828,0.01124119758605957,0.015619516372680664
4215,0,0.5219230769230766,985,1000,3,3,4137.666666666667,0,0,0,0,0,9.531786918640137,3.4581682682037354,1.898108959197998,1.3312397003173828,0.01124119758605957,0.015625476837158203
4216,0,0.5219230769230766,985,1000,2,1,4216.0,0,0,0,1,1,9.532950639724731,3.458871841430664,1.898524284362793,1.3312397003173828,0.01124119758605957,0.015626907348632812
4217,0,0.5219230769230766,985,1000,3,3,4136.666666666667,0,0,0,0,0,9.533706903457642,3.459606409072876,1.898524522781372,1.3312397003173828,0.01124119758605957,0.015630006790161133
4218,0,0.5219230769230766,985,1000,13,10,4054.9,0,0,2,0,2,9.539032697677612,3.4602344036102295,1.8993008136749268,1.3349473476409912,0.011263608932495117,0.015631437301635742
4219,0,0.5219230769230766,985,1000,1,1,4219.0,0,0,0,1,1,9.540096759796143,3.4609174728393555,1.8996491432189941,1.3349473476409912,0.011263608932495117,0.015633344650268555
4220,0,0.5219230769230766,985,1000,1,1,4189.0,0,0,0,0,0,9.540993213653564,3.4617934226989746,1.8996500968933105,1.3349473476409912,0.011263608932495117,0.015634775161743164
4221,0,0.5219230769230766,985,1000,7,2,3508.3333333333335,0,0,0,0,0,9.542300462722778,3.462930202484131,1.899651288986206,1.3349473476409912,0.011289596557617188,0.01563715934753418
4222,0,0.5219230769230766,985,1000,1,1,4222.0,0,0,0,1,1,9.544991254806519,3.464705467224121,1.9004850387573242,1.3349473476409912,0.011289596557617188,0.015641450881958008
4223,0,0.5219230769230766,985,1000,1,1,4150.0,0,0,0,0,0,9.546658039093018,3.466339349746704,1.9004855155944824,1.3349473476409912,0.011289596557617188,0.015649795532226562
4224,0,0.5219230769230766,985,1000,4,1,4224.0,0,0,0,1,1,9.548250675201416,3.4671385288238525,1.9012203216552734,1.3349473476409912,0.011289596557617188,0.01565265655517578
4225,0,0.5219230769230766,985,1000,10,5,4153.333333333333,0,0,0,0,0,9.549031972885132,3.4678778648376465,1.9012205600738525,1.3349473476409912,0.011289596557617188,0.015654325485229492
4226,0,0.5219230769230766,985,1000,2,1,4226.0,0,0,0,1,1,9.550042629241943,3.4685215950012207,1.9015562534332275,1.3349473476409912,0.011289596557617188,0.015655517578125
4227,0,0.5219230769230766,986,1000,4,1,4227.0,0,0,0,1,0,9.551026582717896,3.469115734100342,1.9019110202789307,1.3349473476409912,0.011289596557617188,0.01565718650817871
4228,0,0.5219230769230766,986,1000,2,2,4173.0,0,0,0,0,0,9.551554679870605,3.4696290493011475,1.9019112586975098,1.3349473476409912,0.011289596557617188,0.01565861701965332
4229,0,0.5219230769230766,986,1000,2,1,4006.0,0,0,2,0,2,9.556970357894897,3.4702088832855225,1.9029271602630615,1.3386459350585938,0.011306047439575195,0.015659809112548828
4230,0,0.5219230769230766,986,1000,7,3,4125.75,0,0,0,0,0,9.558369398117065,3.471544027328491,1.9029288291931152,1.3386459350585938,0.011306047439575195,0.015665292739868164
4231,0,0.5219230769230766,986,1000,1,1,4231.0,0,0,0,1,1,9.560864686965942,3.473165988922119,1.9037206172943115,1.3386459350585938,0.011306047439575195,0.0156707763671875
4232,0,0.5219230769230766,986,1000,1,1,4232.0,0,0,0,1,1,9.56249475479126,3.474292039871216,1.9041783809661865,1.3386459350585938,0.011306047439575195,0.01567673683166504
4233,0,0.5219230769230766,987,1000,1,1,4233.0,0,0,0,1,0,9.564045429229736,3.4753732681274414,1.904601812362671,1.3386459350585938,0.011306047439575195,0.015680551528930664
4234,0,0.5219230769230766,987,1000,3,3,4129.0,0,1,2,0,2,9.569417238235474,3.4760682582855225,1.9053895473480225,1.3423871994018555,0.011325597763061523,0.01568293571472168
4235,0,0.5219230769230766,987,1000,8,1,4235.0,0,0,0,1,1,9.570623636245728,3.4769058227539062,1.905700922012329,1.3423871994018555,0.011325597763061523,0.0156862735748291
4236,0,0.5219230769230766,988,1000,12,7,4029.5555555555557,0,0,2,0,1,9.577309608459473,3.4776298999786377,1.907742977142334,1.3461737632751465,0.01134037971496582,0.01568770408630371
4237,0,0.5219230769230766,988,1000,2,1,4212.0,0,0,2,0,2,9.583941221237183,3.4790866374969482,1.9089598655700684,1.3499999046325684,0.011359214782714844,0.01569509506225586
4238,0,0.5219230769230766,988,1000,9,5,4087.8,0,0,0,0,0,9.585470199584961,3.480562925338745,1.9089603424072266,1.3499999046325684,0.011359214782714844,0.015700101852416992
4239,0,0.5219230769230766,988,1000,10,10,4165.4,0,0,0,0,0,9.586241960525513,3.4812920093536377,1.9089608192443848,1.3499999046325684,0.011359214782714844,0.015702009201049805
4240,0,0.5219230769230766,988,1000,2,1,4009.0,0,0,2,0,2,9.592127323150635,3.481915235519409,1.910336971282959,1.3537631034851074,0.011375904083251953,0.015703201293945312
4241,0,0.5219230769230766,988,1000,6,4,4221.25,0,0,0,0,0,9.59389877319336,3.4836184978485107,1.9103386402130127,1.3537631034851074,0.011375904083251953,0.015712261199951172
4242,0,0.5219230769230766,988,1000,10,3,4097.0,0,0,0,0,0,9.595269680023193,3.4849393367767334,1.9103388786315918,1.3537631034851074,0.011375904083251953,0.015718936920166016
4243,0,0.5219230769230766,988,1000,5,1,4106.0,0,0,2,0,2,9.601229906082153,3.485690116882324,1.911508560180664,1.3576416969299316,0.011396646499633789,0.015720129013061523
4244,0,0.5219230769230766,988,1000,4,3,4138.666666666667,0,0,2,0,2,9.6075599193573,3.487057685852051,1.9124877452850342,1.3614921569824219,0.011414289474487305,0.015725374221801758
4245,0,0.5219230769230766,987,1000,13,1,4177.0,0,0,1,0,2,9.615333795547485,3.4889144897460938,1.9138462543487549,1.3657870292663574,0.011448383331298828,0.015730619430541992
4246,0,0.5219230769230766,987,1000,1,1,4246.0,0,0,0,1,1,9.61754560470581,3.490230083465576,1.9146695137023926,1.3657870292663574,0.011448383331298828,0.01573777198791504
4247,0,0.5219230769230766,987,1000,5,1,4247.0,0,0,0,1,1,9.619690895080566,3.4917335510253906,1.9152355194091797,1.3657870292663574,0.011448383331298828,0.01574397087097168
4248,0,0.5219230769230766,987,1000,9,1,4248.0,0,0,0,1,1,9.621089458465576,3.4924850463867188,1.9157943725585938,1.3657870292663574,0.011448383331298828,0.015747547149658203
4249,0,0.5219230769230766,987,1000,11,3,4136.666666666667,0,0,0,0,0,9.627235174179077,3.498457431793213,1.9157965183258057,1.3657870292663574,0.011448383331298828,0.01575183868408203
4250,0,0.5219230769230766,987,1000,3,3,3283.3333333333335,0,0,2,0,2,9.653608322143555,3.513528347015381,1.920595407485962,1.3719894886016846,0.011491775512695312,0.015762805938720703
4251,0,0.5219230769230766,987,1000,12,3,4097.0,0,0,0,0,0,9.656256675720215,3.5160627365112305,1.9205970764160156,1.3719894886016846,0.011491775512695312,0.01577472686767578
4252,0,0.5219230769230766,987,1000,2,2,4216.0,0,0,0,0,0,9.66015338897705,3.5198888778686523,1.9205992221832275,1.3719894886016846,0.011491775512695312,0.01578354835510254
4253,0,0.5219230769230766,987,1000,2,2,4219.5,0,0,0,0,0,9.662280797958374,3.521898031234741,1.9206013679504395,1.3719894886016846,0.011491775512695312,0.015797138214111328
4254,0,0.5219230769230766,986,1000,6,4,4195.2,0,0,1,0,2,9.673639059066772,3.5241129398345947,1.9230656623840332,1.378427505493164,0.011525869369506836,0.015805721282958984
4255,0,0.5219230769230766,986,1000,3,1,4255.0,0,0,0,1,1,9.684887886047363,3.531719923019409,1.9262330532073975,1.378427505493164,0.011525869369506836,0.01581573486328125
4256,0,0.5219230769230766,986,1000,10,9,4228.0,0,0,0,0,0,9.686932802200317,3.5336735248565674,1.9262349605560303,1.378427505493164,0.011525869369506836,0.01582622528076172
4257,0,0.5219230769230766,986,1000,4,2,4117.5,0,0,2,0,2,9.695239782333374,3.53584361076355,1.927518367767334,1.3830020427703857,0.011574745178222656,0.01583242416381836
4258,0,0.5219230769230766,987,1000,1,1,4258.0,0,0,0,1,0,9.697786092758179,3.5373966693878174,1.928421974182129,1.3830020427703857,0.011574745178222656,0.015839576721191406
4259,0,0.5219230769230766,987,1000,3,2,4122.5,0,1,1,0,2,9.713005304336548,3.5395963191986084,1.9359631538391113,1.3881349563598633,0.011611461639404297,0.015845298767089844
4260,0,0.5219230769230766,987,1000,3,3,3844.0,0,1,2,0,2,9.721906185150146,3.542149543762207,1.9374144077301025,1.3927083015441895,0.011648416519165039,0.015859603881835938
4261,0,0.5219230769230766,987,1000,1,1,4261.0,0,0,0,1,1,9.725259065628052,3.544032096862793,1.9387543201446533,1.3927083015441895,0.011648416519165039,0.015867233276367188
4262,0,0.5219230769230766,987,1000,1,1,4262.0,0,0,0,1,1,9.729737281799316,3.546616315841675,1.9404492378234863,1.3927083015441895,0.011648416519165039,0.015878915786743164
4263,0,0.5219230769230766,986,1000,2,2,4196.0,0,0,1,0,2,9.737000465393066,3.548703193664551,1.9416463375091553,1.396493911743164,0.011677742004394531,0.015889406204223633
4264,0,0.5219230769230766,986,1000,4,2,4149.0,0,0,2,0,2,9.744394540786743,3.549849510192871,1.9439265727996826,1.4003546237945557,0.011688709259033203,0.01589488983154297
4265,0,0.5219230769230766,986,1000,6,3,3277.0,0,0,2,0,2,9.748690605163574,3.5516409873962402,1.945176601409912,1.4013566970825195,0.01172637939453125,0.015901803970336914
4266,0,0.5219230769230766,986,1000,4,4,4234.0,0,0,0,0,0,9.750208377838135,3.5531201362609863,1.9451770782470703,1.4013566970825195,0.01172637939453125,0.015906572341918945
4267,0,0.5219230769230766,986,1000,9,7,4218.714285714285,0,0,0,0,0,9.750929594039917,3.5538015365600586,1.9451777935028076,1.4013566970825195,0.01172637939453125,0.015908479690551758
4268,0,0.5219230769230766,986,1000,6,6,4116.285714285715,0,1,2,0,2,9.756186962127686,3.554466962814331,1.9459590911865234,1.4050030708312988,0.011745691299438477,0.01591014862060547
4269,0,0.5219230769230766,986,1000,1,1,4269.0,0,0,0,1,1,9.75717544555664,3.555086374282837,1.9462945461273193,1.4050030708312988,0.011745691299438477,0.01591181755065918
4270,0,0.5219230769230766,986,1000,13,6,4226.875,0,0,0,0,0,9.757851600646973,3.5557138919830322,1.9462947845458984,1.4050030708312988,0.011745691299438477,0.015913009643554688
4271,0,0.5219230769230766,986,1000,9,1,4271.0,0,0,0,1,1,9.760339260101318,3.5569052696228027,1.9474503993988037,1.4050030708312988,0.011745691299438477,0.015914440155029297
4272,0,0.5219230769230766,986,1000,3,2,4249.0,0,0,0,0,0,9.76224970817566,3.558762550354004,1.9474518299102783,1.4050030708312988,0.011745691299438477,0.015920639038085938
4273,0,0.5219230769230766,986,1000,3,2,4218.333333333333,0,0,0,0,0,9.76381802558899,3.560286521911621,1.9474530220031738,1.4050030708312988,0.011745691299438477,0.01592707633972168
4274,0,0.5219230769230766,986,1000,7,1,4274.0,0,0,0,1,1,9.765772342681885,3.5613019466400146,1.9483036994934082,1.4050030708312988,0.011745691299438477,0.015932321548461914
4275,0,0.5219230769230766,987,1000,5,1,4275.0,0,0,0,1,0,9.767423629760742,3.562276601791382,1.94891357421875,1.4050030708312988,0.011745691299438477,0.01593637466430664
4276,0,0.5219230769230766,987,1000,16,3,4227.666666666667,0,0,0,0,0,9.768971920013428,3.5637481212615967,1.9489142894744873,1.4050030708312988,0.011745691299438477,0.01594090461730957
4277,0,0.5219230769230766,987,1000,11,4,4188.6,0,0,2,0,2,9.774620056152344,3.5644590854644775,1.949967622756958,1.4086811542510986,0.011769294738769531,0.015944957733154297
4278,0,0.5219230769230766,986,1000,7,1,4061.0,0,0,1,0,2,9.7820885181427,3.566277265548706,1.9512853622436523,1.412712812423706,0.011796951293945312,0.015947580337524414
4279,0,0.5219230769230766,986,1000,4,1,4279.0,0,0,0,1,1,9.783982753753662,3.567748546600342,1.9516375064849854,1.412712812423706,0.011796951293945312,0.015954256057739258
4280,0,0.5219230769230766,986,1000,4,4,4220.5,0,0,0,0,0,9.784747123718262,3.5684871673583984,1.9516379833221436,1.412712812423706,0.011796951293945312,0.015957355499267578
4281,0,0.5219230769230766,986,1000,1,1,4281.0,0,0,0,1,1,9.785804510116577,3.5691051483154297,1.9520411491394043,1.412712812423706,0.011796951293945312,0.015958786010742188
4282,0,0.5219230769230766,985,1000,6,2,4070.0,0,0,1,0,2,9.789594888687134,3.569798707962036,1.9527671337127686,1.414961814880371,0.011816263198852539,0.0159604549407959
4283,0,0.5219230769230766,985,1000,1,1,4283.0,0,0,0,1,1,9.79054594039917,3.5703399181365967,1.95314359664917,1.414961814880371,0.011816263198852539,0.015962600708007812
4284,0,0.5219230769230766,985,1000,4,3,4103.75,0,0,2,0,2,9.797354459762573,3.570957899093628,1.954402208328247,1.4197547435760498,0.011827230453491211,0.015964269638061523
4285,0,0.5219230769230766,986,1000,2,2,4216.0,0,0,2,0,1,9.804464101791382,3.5727477073669434,1.9555258750915527,1.4237005710601807,0.011856317520141602,0.015972375869750977
4286,0,0.5219230769230766,987,1000,1,1,4286.0,0,0,0,1,0,9.80643081665039,3.574284553527832,1.9558913707733154,1.4237005710601807,0.011856317520141602,0.015980005264282227
4287,0,0.5219230769230766,986,1000,1,1,4259.0,0,0,1,0,2,9.814112424850464,3.574899911880493,1.9571173191070557,1.4294400215148926,0.011871337890625,0.015982389450073242
4288,0,0.5219230769230766,986,1000,1,1,4288.0,0,0,0,1,1,9.816472291946411,3.5763370990753174,1.9579613208770752,1.4294400215148926,0.011871337890625,0.015989065170288086
4289,0,0.5219230769230766,986,1000,1,1,4066.0,0,0,2,0,2,9.823395729064941,3.5781090259552,1.959059715270996,1.4333174228668213,0.011892080307006836,0.016007184982299805
4290,0,0.5219230769230766,986,1000,4,4,4251.8,0,1,2,0,2,9.831600666046143,3.5797486305236816,1.9603843688964844,1.4382989406585693,0.01193094253540039,0.016013145446777344
4291,0,0.5219230769230766,986,1000,1,1,4291.0,0,0,0,1,1,9.834223985671997,3.581371545791626,1.9613025188446045,1.4382989406585693,0.01193094253540039,0.016021251678466797
4292,0,0.5219230769230766,986,1000,3,3,4220.75,0,0,0,0,0,9.835837602615356,3.5829460620880127,1.9613032341003418,1.4382989406585693,0.01193094253540039,0.01602792739868164
4293,0,0.5219230769230766,986,1000,4,4,3954.25,0,1,1,0,2,9.842545986175537,3.5836799144744873,1.9633309841156006,1.4420526027679443,0.011955976486206055,0.016030311584472656
4294,0,0.5219230769230766,986,1000,4,3,4239.0,0,0,0,0,0,9.84444808959961,3.585517168045044,1.9633331298828125,1.4420526027679443,0.011955976486206055,0.01604008674621582
4295,0,0.5219230769230766,986,1000,9,6,3990.0,0,1,2,0,2,9.851906299591064,3.5872445106506348,1.9644646644592285,1.4463927745819092,0.011983633041381836,0.016048431396484375
4296,0,0.5219230769230766,986,1000,4,2,4217.333333333333,0,0,0,0,0,9.85336709022522,3.5886638164520264,1.9644649028778076,1.4463927745819092,0.011983633041381836,0.016054630279541016
4297,0,0.5219230769230766,986,1000,9,5,4215.0,0,1,1,0,2,9.860596179962158,3.5894339084625244,1.9667270183563232,1.4503977298736572,0.012003898620605469,0.016056060791015625
4298,0,0.5219230769230766,986,1000,4,4,4174.5,0,0,2,0,2,9.867303848266602,3.590790033340454,1.968013048171997,1.4542651176452637,0.01203465461730957,0.016064167022705078
4299,0,0.5219230769230766,986,1000,11,4,4229.5,0,0,2,0,2,9.874654531478882,3.5923988819122314,1.9693405628204346,1.4584834575653076,0.012058734893798828,0.016071796417236328
4300,0,0.5219230769230766,986,1000,10,5,4134.5,0,1,1,0,2,9.882487297058105,3.5944411754608154,1.9707648754119873,1.4625892639160156,0.012085914611816406,0.016080141067504883
4301,0,0.5219230769230766,986,1000,1,1,4301.0,0,0,0,1,1,9.884466648101807,3.595871686935425,1.9712433815002441,1.4625892639160156,0.012085914611816406,0.016087055206298828
4302,0,0.5219230769230766,986,1000,1,1,4302.0,0,0,0,1,1,9.885600566864014,3.596567392349243,1.9716434478759766,1.4625892639160156,0.012085914611816406,0.016089200973510742
4303,0,0.5219230769230766,986,1000,8,1,4100.0,0,0,0,0,0,9.886311769485474,3.597240924835205,1.9716436862945557,1.4625892639160156,0.012085914611816406,0.016091346740722656
4304,0,0.5219230769230766,986,1000,10,6,4218.714285714285,0,0,0,0,0,9.88703465461731,3.5979204177856445,1.9716439247131348,1.4625892639160156,0.012085914611816406,0.016092538833618164
4305,0,0.5219230769230766,986,1000,6,1,4285.0,0,0,0,0,0,9.888304710388184,3.5991456508636475,1.971644639968872,1.4625892639160156,0.012085914611816406,0.016093969345092773
4306,0,0.5219230769230766,986,1000,1,1,4285.0,0,0,0,0,0,9.889539957046509,3.6003546714782715,1.9716455936431885,1.4625892639160156,0.012085914611816406,0.01609945297241211
4307,0,0.5219230769230766,986,1000,5,1,4264.0,0,0,0,0,0,9.890193223953247,3.6009819507598877,1.9716460704803467,1.4625892639160156,0.012085914611816406,0.016102313995361328
4308,0,0.5219230769230766,986,1000,3,3,4141.25,0,0,0,0,0,9.89074969291687,3.60152006149292,1.9716463088989258,1.4625892639160156,0.012085914611816406,0.016103506088256836
4309,0,0.5219230769230766,986,1000,1,1,4309.0,0,0,0,1,1,9.892374992370605,3.6021387577056885,1.9725923538208008,1.4625892639160156,0.012085914611816406,0.016104459762573242
4310,0,0.5219230769230766,986,1000,20,4,3955.5,0,0,2,0,2,9.89989185333252,3.6040143966674805,1.9738826751708984,1.4666991233825684,0.01211237907409668,0.01611781120300293
4311,0,0.5219230769230766,986,1000,6,2,4216.0,0,0,0,0,0,9.901385307312012,3.6054563522338867,1.9738833904266357,1.4666991233825684,0.01211237907409668,0.016124725341796875
4312,0,0.5219230769230766,986,1000,7,4,4279.25,0,0,0,0,0,9.902456283569336,3.6064906120300293,1.973883867263794,1.4666991233825684,0.01211237907409668,0.016129016876220703
4313,0,0.5219230769230766,986,1000,8,5,4189.0,0,1,2,0,2,9.90852403640747,3.607203483581543,1.975205659866333,1.4705169200897217,0.01213979721069336,0.016130685806274414
4314,0,0.5219230769230766,986,1000,2,2,4177.0,0,0,2,0,2,9.915580749511719,3.608900308609009,1.9762907028198242,1.4745283126831055,0.012171030044555664,0.016137361526489258
4315,0,0.5219230769230766,987,1000,4,1,4315.0,0,0,0,1,0,9.917425632476807,3.6102135181427,1.9767539501190186,1.4745283126831055,0.012171030044555664,0.016144514083862305
4316,0,0.5219230769230766,988,1000,3,1,4316.0,0,0,0,1,0,9.919033527374268,3.6113510131835938,1.9771597385406494,1.4745283126831055,0.012171030044555664,0.016149282455444336
4317,0,0.5219230769230766,988,1000,2,1,4285.0,0,0,0,0,0,9.920457601547241,3.612738609313965,1.977161169052124,1.4745283126831055,0.012171030044555664,0.016153573989868164
4318,0,0.5219230769230766,988,1000,4,1,4285.0,0,0,0,0,0,9.921592712402344,3.6138412952423096,1.9771618843078613,1.4745283126831055,0.012171030044555664,0.016158580780029297
4319,0,0.5219230769230766,988,1000,4,1,4037.0,0,0,0,0,0,9.922271251678467,3.6144959926605225,1.9771623611450195,1.4745283126831055,0.012171030044555664,0.016161680221557617
4320,0,0.5219230769230766,989,1000,9,8,4013.5555555555557,0,1,0,0,1,9.928475618362427,3.615171194076538,1.9783456325531006,1.4786829948425293,0.01219630241394043,0.016163110733032227
4321,0,0.5219230769230766,989,1000,7,1,4321.0,0,0,0,1,1,9.930577278137207,3.6166083812713623,1.9789183139801025,1.4786829948425293,0.01219630241394043,0.016169071197509766
4322,0,0.5219230769230766,989,1000,8,3,3922.75,0,1,2,0,2,9.93614935874939,3.6180365085601807,1.9802398681640625,1.4812471866607666,0.012222766876220703,0.016173839569091797
4323,0,0.5219230769230766,989,1000,4,1,4323.0,0,0,0,1,1,9.93787407875061,3.619333028793335,1.9805939197540283,1.4812471866607666,0.012222766876220703,0.016181468963623047
4324,0,0.5219230769230766,989,1000,8,4,4235.5,0,0,0,0,0,9.938595056533813,3.6200191974639893,1.9805943965911865,1.4812471866607666,0.012222766876220703,0.01618337631225586
4325,0,0.5219230769230766,989,1000,12,4,4096.5,0,1,2,0,2,9.944404125213623,3.6208372116088867,1.9830825328826904,1.483560562133789,0.012241125106811523,0.01618504524230957
4326,0,0.5219230769230766,989,1000,9,3,4243.666666666667,0,0,2,0,2,9.951317071914673,3.6223604679107666,1.9841947555541992,1.4876413345336914,0.012264013290405273,0.01619243621826172
4327,0,0.5219230769230766,990,1000,5,1,4298.0,0,0,2,0,1,9.95714259147644,3.623623847961426,1.9849693775177002,1.4912850856781006,0.012280464172363281,0.016198158264160156
4328,0,0.5219230769230766,990,1000,1,1,4328.0,0,0,0,1,1,9.958443403244019,3.624518394470215,1.9853346347808838,1.4912850856781006,0.012280464172363281,0.01620173454284668
4329,0,0.5219230769230766,989,1000,9,6,4233.25,0,0,1,0,2,9.965351581573486,3.6262760162353516,1.986419916152954,1.4951395988464355,0.012308359146118164,0.016206026077270508
4330,0,0.5219230769230766,989,1000,9,3,4217.333333333333,0,0,1,0,2,9.97114109992981,3.6274783611297607,1.9872479438781738,1.498732566833496,0.012328624725341797,0.016211271286010742
4331,0,0.5219230769230766,989,1000,4,3,4193.75,0,0,0,0,0,9.9721097946167,3.6284170150756836,1.987248182296753,1.498732566833496,0.012328624725341797,0.01621532440185547
4332,0,0.5219230769230766,989,1000,6,5,4223.625,0,0,1,0,1,9.978023290634155,3.629112720489502,1.9886016845703125,1.5024542808532715,0.012343168258666992,0.01621699333190918
4333,0,0.5219230769230766,988,1000,4,2,4271.0,0,0,1,0,2,9.984795570373535,3.630763053894043,1.9897727966308594,1.5062124729156494,0.012369632720947266,0.016225576400756836
4334,0,0.5219230769230766,987,1000,10,5,4004.5714285714284,0,0,1,0,2,9.990432500839233,3.6320724487304688,1.990492820739746,1.5096900463104248,0.012384653091430664,0.016230344772338867
4335,0,0.5219230769230766,987,1000,2,1,4330.0,0,0,0,0,0,9.991227865219116,3.6328518390655518,1.9904930591583252,1.5096900463104248,0.012384653091430664,0.016237258911132812
4336,0,0.5219230769230766,987,1000,2,1,4285.0,0,0,0,0,0,9.992069721221924,3.6336519718170166,1.9904942512512207,1.5096900463104248,0.012384653091430664,0.016239404678344727
4337,0,0.5219230769230766,987,1000,3,1,4337.0,0,0,0,1,1,9.99509334564209,3.6355650424957275,1.9914875030517578,1.5096900463104248,0.012384653091430664,0.01624608039855957
4338,0,0.5219230769230766,986,1000,8,6,4241.285714285715,0,0,1,0,2,10.001946449279785,3.6371445655822754,1.992621660232544,1.5136289596557617,0.012415647506713867,0.01625204086303711
4339,0,0.5219230769230766,986,1000,4,0,0,0,0,0,1,1,10.00384259223938,3.638610363006592,1.9929821491241455,1.5136289596557617,0.012415647506713867,0.01625823974609375
4340,0,0.5219230769230766,986,1000,1,1,4330.0,0,0,0,0,0,10.004555225372314,3.6393117904663086,1.9929823875427246,1.5136289596557617,0.012415647506713867,0.01625967025756836
4341,0,0.5219230769230766,986,1000,6,3,4261.0,0,0,0,0,0,10.005210638046265,3.6399402618408203,1.9929826259613037,1.5136289596557617,0.012415647506713867,0.01626110076904297
4342,0,0.5219230769230766,986,1000,3,1,4330.0,0,0,0,0,0,10.005803346633911,3.6405162811279297,1.992983341217041,1.5136289596557617,0.012415647506713867,0.016262292861938477
4343,0,0.5219230769230766,986,1000,3,1,4330.0,0,0,0,0,0,10.006365299224854,3.641062021255493,1.9929835796356201,1.5136289596557617,0.012415647506713867,0.016263484954833984
4344,0,0.5219230769230766,986,1000,3,3,4268.5,0,0,0,0,0,10.00696086883545,3.641641139984131,1.9929840564727783,1.5136289596557617,0.012415647506713867,0.016264677047729492
4345,0,0.5219230769230766,986,1000,1,1,4345.0,0,0,0,1,1,10.007867574691772,3.642162322998047,1.9933428764343262,1.5136289596557617,0.012415647506713867,0.0162661075592041
4346,0,0.5219230769230766,986,1000,5,2,4188.5,0,0,1,0,2,10.014494895935059,3.6431760787963867,1.994473934173584,1.5179078578948975,0.012443304061889648,0.016268253326416016
4347,0,0.5219230769230766,987,1000,13,9,4257.7,0,0,2,0,1,10.020596742630005,3.6447842121124268,1.9952332973480225,1.5214738845825195,0.012466669082641602,0.016274452209472656
4348,0,0.5219230769230766,987,1000,6,1,4348.0,0,0,0,1,1,10.021844387054443,3.645629644393921,1.9955806732177734,1.5214738845825195,0.012466669082641602,0.016277790069580078
4349,0,0.5219230769230766,986,1000,3,2,4090.0,0,0,1,0,2,10.027848958969116,3.6462221145629883,1.996842622756958,1.5255212783813477,0.012475967407226562,0.016279220581054688
4350,0,0.5219230769230766,986,1000,1,1,4325.0,0,0,2,0,2,10.034062385559082,3.6475794315338135,1.9978902339935303,1.5291907787322998,0.012494325637817383,0.016284704208374023
4351,0,0.5219230769230766,986,1000,7,5,4286.833333333333,0,0,0,0,0,10.035393953323364,3.6488659381866455,1.9978907108306885,1.5291907787322998,0.012494325637817383,0.016289472579956055
4352,0,0.5219230769230766,986,1000,4,3,4320.666666666667,0,0,0,0,0,10.036100625991821,3.649549961090088,1.9978911876678467,1.5291907787322998,0.012494325637817383,0.01629161834716797
4353,0,0.5219230769230766,986,1000,4,3,4199.666666666667,0,0,2,0,2,10.041541814804077,3.650205612182617,1.998863697052002,1.532832145690918,0.012514114379882812,0.01629328727722168
4354,0,0.5219230769230766,986,1000,1,1,4354.0,0,0,0,1,1,10.044118165969849,3.6516237258911133,1.9998798370361328,1.532832145690918,0.012514114379882812,0.016297340393066406
4355,0,0.5219230769230766,986,1000,3,2,4192.0,0,0,2,0,2,10.050630807876587,3.6531903743743896,2.000992774963379,1.53652024269104,0.012537479400634766,0.016307830810546875
4356,0,0.5219230769230766,986,1000,1,1,4330.0,0,0,0,0,0,10.051783084869385,3.6543185710906982,2.000993251800537,1.53652024269104,0.012537479400634766,0.016312837600708008
4357,0,0.5219230769230766,987,1000,10,10,4239.9,0,0,2,0,1,10.057215213775635,3.6549949645996094,2.001936912536621,1.540177583694458,0.012559175491333008,0.01631450653076172
4358,0,0.5219230769230766,987,1000,1,1,4358.0,0,0,0,1,1,10.058539628982544,3.6558632850646973,2.002346992492676,1.540177583694458,0.012559175491333008,0.01631784439086914
4359,0,0.5219230769230766,987,1000,1,1,4285.0,0,0,2,0,2,10.0653395652771,3.657322645187378,2.0034313201904297,1.5441782474517822,0.012655973434448242,0.01632237434387207
4360,0,0.5219230769230766,987,1000,13,2,3870.5,0,0,2,0,2,10.071403741836548,3.6585564613342285,2.00443696975708,1.5478179454803467,0.012674570083618164,0.016327857971191406
4361,0,0.5219230769230766,987,1000,3,1,4361.0,0,0,0,1,1,10.072998046875,3.659726858139038,2.004800319671631,1.5478179454803467,0.012674570083618164,0.01633310317993164
4362,0,0.5219230769230766,987,1000,7,3,4191.666666666667,0,0,2,0,2,10.079527854919434,3.6604793071746826,2.0060486793518066,1.5522093772888184,0.012691974639892578,0.016335010528564453
4363,0,0.5219230769230766,987,1000,3,2,4257.5,0,0,2,0,2,10.085994005203247,3.6620945930480957,2.0071029663085938,1.555828332901001,0.012712955474853516,0.016342878341674805
4364,0,0.5219230769230766,987,1000,8,3,4182.666666666667,0,0,0,0,0,10.087454795837402,3.6635053157806396,2.007103204727173,1.555828332901001,0.012712955474853516,0.016348600387573242
4365,0,0.5219230769230766,987,1000,3,2,4322.0,0,0,0,0,0,10.087990283966064,3.6640236377716064,2.007103443145752,1.555828332901001,0.012712955474853516,0.01635003089904785
4366,0,0.5219230769230766,987,1000,9,1,4366.0,0,0,0,1,1,10.08903431892395,3.664642572402954,2.0074679851531982,1.555828332901001,0.012712955474853516,0.016350984573364258
4367,0,0.5219230769230766,987,1000,12,3,4312.333333333333,0,0,0,0,0,10.089800119400024,3.6653666496276855,2.0074682235717773,1.555828332901001,0.012712955474853516,0.016352176666259766
4368,0,0.5219230769230766,987,1000,4,1,4212.0,0,0,0,0,0,10.090461492538452,3.666008710861206,2.0074684619903564,1.555828332901001,0.012712955474853516,0.016353607177734375
4369,0,0.5219230769230766,987,1000,7,2,3984.5,0,0,1,0,2,10.096787929534912,3.6666104793548584,2.008676290512085,1.5601720809936523,0.012730121612548828,0.016354799270629883
4370,0,0.5219230769230766,987,1000,6,3,4030.6666666666665,0,0,2,0,2,10.10416030883789,3.6683733463287354,2.0098471641540527,1.5644280910491943,0.012754678726196289,0.016360998153686523
4371,0,0.5219230769230766,987,1000,9,4,4253.25,0,0,0,0,0,10.105425596237183,3.669583559036255,2.009847640991211,1.5644280910491943,0.012754678726196289,0.01636648178100586
4372,0,0.5219230769230766,987,1000,2,2,4338.5,0,0,2,0,2,10.111145496368408,3.6701042652130127,2.0112576484680176,1.5680851936340332,0.01277303695678711,0.016368389129638672
4373,0,0.5219230769230766,987,1000,12,6,4330.5,0,0,0,0,0,10.112695217132568,3.671579360961914,2.011258602142334,1.5680851936340332,0.01277303695678711,0.01637578010559082
4374,0,0.5219230769230766,986,1000,11,7,4224.888888888889,0,0,1,0,2,10.11861276626587,3.672624349594116,2.0123486518859863,1.5716986656188965,0.012798786163330078,0.016381025314331055
4375,0,0.5219230769230766,986,1000,7,2,4270.5,0,0,2,0,2,10.12437629699707,3.6739144325256348,2.013094902038574,1.5752859115600586,0.012816190719604492,0.016386032104492188
4376,0,0.5219230769230766,986,1000,2,1,4376.0,0,0,0,1,1,10.12612795829773,3.674758195877075,2.0139360427856445,1.5752859115600586,0.012816190719604492,0.016388654708862305
4377,0,0.5219230769230766,986,1000,6,3,4349.666666666667,0,0,0,0,0,10.127849817276001,3.6764214038848877,2.0139379501342773,1.5752859115600586,0.012816190719604492,0.01639413833618164
4378,0,0.5219230769230766,986,1000,3,2,4224.0,0,0,0,0,0,10.12877607345581,3.677318811416626,2.0139381885528564,1.5752859115600586,0.012816190719604492,0.01640033721923828
4379,0,0.5219230769230766,986,1000,4,3,4349.666666666667,0,0,0,0,0,10.129419565200806,3.6779401302337646,2.0139384269714355,1.5752859115600586,0.012816190719604492,0.016402482986450195
4380,0,0.5219230769230766,986,1000,6,1,4375.0,0,0,0,0,0,10.13004732131958,3.678539752960205,2.0139389038085938,1.5752859115600586,0.012816190719604492,0.016404151916503906
4381,0,0.5219230769230766,986,1000,5,3,4350.666666666667,0,0,0,0,0,10.130833148956299,3.679299831390381,2.013939142227173,1.5752859115600586,0.012816190719604492,0.016405820846557617
4382,0,0.5219230769230766,986,1000,1,1,4382.0,0,0,0,1,1,10.132184743881226,3.679919719696045,2.0146329402923584,1.5752859115600586,0.012816190719604492,0.016407489776611328
4383,0,0.5219230769230766,986,1000,15,12,4264.846153846154,0,1,2,0,2,10.137931823730469,3.680696964263916,2.0156824588775635,1.5789408683776855,0.012859821319580078,0.01640915870666504
4384,0,0.5219230769230766,986,1000,2,1,4372.0,0,0,0,0,0,10.139178276062012,3.6819145679473877,2.0156829357147217,1.5789408683776855,0.012859821319580078,0.01641368865966797
4385,0,0.5219230769230766,986,1000,1,1,4330.0,0,0,0,0,0,10.139956951141357,3.682682752609253,2.015683174133301,1.5789408683776855,0.012859821319580078,0.016414880752563477
4386,0,0.5219230769230766,986,1000,14,13,4203.7692307692305,0,1,2,0,2,10.145949602127075,3.683260440826416,2.016965627670288,1.5828964710235596,0.012885093688964844,0.016416311264038086
4387,0,0.5219230769230766,986,1000,9,7,4184.285714285715,0,1,1,0,2,10.15242052078247,3.684904098510742,2.0179996490478516,1.5864925384521484,0.012908697128295898,0.01642298698425293
4388,0,0.5219230769230766,987,1000,3,2,4284.0,0,1,1,0,1,10.157562255859375,3.686239719390869,2.0191574096679688,1.5889348983764648,0.012932300567626953,0.01642775535583496
4389,0,0.5219230769230766,987,1000,2,2,4340.5,0,0,0,0,0,10.159067869186401,3.6876943111419678,2.0191595554351807,1.5889348983764648,0.012932300567626953,0.0164337158203125
4390,0,0.5219230769230766,987,1000,11,5,4226.8,0,1,2,0,2,10.166337490081787,3.689666748046875,2.0202579498291016,1.5928587913513184,0.012962818145751953,0.01644444465637207
4391,0,0.5219230769230766,987,1000,9,5,4358.8,0,0,0,0,0,10.167616605758667,3.6908912658691406,2.0202581882476807,1.5928587913513184,0.012962818145751953,0.016450166702270508
4392,0,0.5219230769230766,987,1000,7,4,4356.0,0,0,0,0,0,10.168271541595459,3.6915156841278076,2.0202584266662598,1.5928587913513184,0.012962818145751953,0.01645207405090332
4393,0,0.5219230769230766,987,1000,21,5,4273.8,0,0,2,0,2,10.173927068710327,3.6922202110290527,2.02132511138916,1.5965428352355957,0.012986183166503906,0.01645374298095703
4394,0,0.5219230769230766,987,1000,7,4,4161.0,0,1,2,0,2,10.181641817092896,3.693763256072998,2.022603988647461,1.6010797023773193,0.013015508651733398,0.016458988189697266
4395,0,0.5219230769230766,987,1000,6,5,4278.8,0,1,0,0,2,10.188022136688232,3.6952173709869385,2.023698091506958,1.60469651222229,0.013039112091064453,0.016465187072753906
4396,0,0.5219230769230766,987,1000,1,1,4396.0,0,0,0,1,1,10.189523220062256,3.6963398456573486,2.0240249633789062,1.60469651222229,0.013039112091064453,0.01647043228149414
4397,0,0.5219230769230766,987,1000,4,1,4397.0,0,0,0,1,1,10.19055700302124,3.696974515914917,2.0243875980377197,1.60469651222229,0.013039112091064453,0.016472339630126953
4398,0,0.5219230769230766,987,1000,2,1,4398.0,0,0,0,1,1,10.191530227661133,3.6975393295288086,2.0247621536254883,1.60469651222229,0.013039112091064453,0.01647353172302246
4399,0,0.5219230769230766,986,1000,4,3,4155.0,0,0,1,0,2,10.199715375900269,3.6994402408599854,2.0261294841766357,1.6093368530273438,0.013071298599243164,0.016487836837768555
4400,0,0.5219230769230766,986,1000,15,7,4260.142857142857,0,0,0,0,0,10.201468229293823,3.701083183288574,2.0261309146881104,1.6093368530273438,0.013071298599243164,0.0164949893951416
4401,0,0.5219230769230766,986,1000,3,2,4323.0,0,1,1,0,2,10.207804203033447,3.7024197578430176,2.0272295475006104,1.6130397319793701,0.013099431991577148,0.016501426696777344
4402,0,0.5219230769230766,985,1000,3,1,4071.0,0,0,1,0,2,10.214983463287354,3.7043280601501465,2.0283620357513428,1.6169610023498535,0.013130664825439453,0.016505956649780273
4403,0,0.5219230769230766,985,1000,3,3,4241.0,0,0,2,0,2,10.221227645874023,3.705725908279419,2.0294206142425537,1.6205875873565674,0.013150691986083984,0.016512393951416016
4404,0,0.5219230769230766,985,1000,7,1,4263.0,0,0,0,0,0,10.22268295288086,3.7071373462677,2.029420852661133,1.6205875873565674,0.013150691986083984,0.01651763916015625
4405,0,0.5219230769230766,985,1000,2,1,4405.0,0,0,0,1,1,10.22401237487793,3.707721471786499,2.030108690261841,1.6205875873565674,0.013150691986083984,0.016519546508789062
4406,0,0.5219230769230766,985,1000,2,1,4406.0,0,0,0,1,1,10.226925373077393,3.7096078395843506,2.03104829788208,1.6205875873565674,0.013150691986083984,0.016524553298950195
4407,0,0.5219230769230766,984,1000,3,1,4375.0,0,0,1,0,2,10.23375654220581,3.711168050765991,2.032236099243164,1.6244826316833496,0.013176202774047852,0.016531705856323242
4408,0,0.5219230769230766,984,1000,6,6,4340.5,0,0,0,0,0,10.23514437675476,3.712507724761963,2.0322368144989014,1.6244826316833496,0.013176202774047852,0.016537189483642578
4409,0,0.5219230769230766,984,1000,2,2,4347.0,0,0,0,0,0,10.235806226730347,3.713153600692749,2.0322372913360596,1.6244826316833496,0.013176202774047852,0.01653885841369629
4410,0,0.5219230769230766,984,1000,3,1,4393.0,0,0,0,0,0,10.236538887023926,3.713869571685791,2.0322372913360596,1.6244826316833496,0.013176202774047852,0.016540050506591797
4411,0,0.5219230769230766,984,1000,7,3,4304.666666666667,0,0,0,0,0,10.237188816070557,3.714489221572876,2.0322375297546387,1.6244826316833496,0.013176202774047852,0.016541242599487305
4412,0,0.5219230769230766,984,1000,2,2,4042.75,0,1,1,0,2,10.243451356887817,3.7150275707244873,2.0341243743896484,1.6281359195709229,0.013197660446166992,0.016543149948120117
4413,0,0.5219230769230766,984,1000,3,2,4365.5,0,0,0,0,0,10.245152473449707,3.7166826725006104,2.0341250896453857,1.6281359195709229,0.013197660446166992,0.01655101776123047
4414,0,0.5219230769230766,984,1000,1,1,4414.0,0,0,0,1,1,10.246614694595337,3.7173802852630615,2.0348360538482666,1.6281359195709229,0.013197660446166992,0.016554594039916992
4415,0,0.5219230769230766,984,1000,2,1,4395.0,0,0,0,0,0,10.247670412063599,3.718407154083252,2.0348362922668457,1.6281359195709229,0.013197660446166992,0.016557693481445312
4416,0,0.5219230769230766,984,1000,6,1,4416.0,0,0,0,1,1,10.249234437942505,3.7192163467407227,2.035531520843506,1.6281359195709229,0.013197660446166992,0.016561031341552734
4417,0,0.5219230769230766,983,1000,9,3,4344.75,0,0,1,0,2,10.254388332366943,3.719900369644165,2.0362696647644043,1.6317133903503418,0.013217926025390625,0.01656317710876465
4418,0,0.5219230769230766,983,1000,9,9,4256.222222222223,0,0,2,0,2,10.262006521224976,3.7206528186798096,2.0386650562286377,1.6360573768615723,0.013230323791503906,0.01656508445739746
4419,0,0.5219230769230766,983,1000,11,9,4173.777777777777,0,1,1,0,2,10.26992917060852,3.722785711288452,2.039950370788574,1.640125036239624,0.013308525085449219,0.016575336456298828
4420,0,0.5219230769230766,982,1000,7,1,3926.0,0,0,1,0,2,10.277902603149414,3.7243809700012207,2.042691230773926,1.6435799598693848,0.013325691223144531,0.01658177375793457
4421,0,0.5219230769230766,983,1000,2,2,4248.4,0,0,2,0,1,10.284717321395874,3.7261250019073486,2.0438101291656494,1.6472742557525635,0.013360023498535156,0.016592025756835938
4422,0,0.5219230769230766,983,1000,7,4,4359.2,0,0,0,0,0,10.28620719909668,3.7275683879852295,2.0438108444213867,1.6472742557525635,0.013360023498535156,0.01659703254699707
4423,0,0.5219230769230766,983,1000,4,1,4375.0,0,0,0,0,0,10.28691816329956,3.7282583713531494,2.043811082839966,1.6472742557525635,0.013360023498535156,0.016598939895629883
4424,0,0.5219230769230766,983,1000,7,6,4245.833333333333,0,0,2,0,2,10.293357133865356,3.728837728500366,2.0459797382354736,1.6508235931396484,0.013381719589233398,0.01660013198852539
4425,0,0.5219230769230766,983,1000,3,3,4216.6,0,0,0,0,0,10.295058965682983,3.730487823486328,2.045980930328369,1.6508235931396484,0.013381719589233398,0.01660943031311035
4426,0,0.5219230769230766,983,1000,3,1,4426.0,0,0,0,1,1,10.296818256378174,3.7313995361328125,2.0467655658721924,1.6508235931396484,0.013381719589233398,0.016613483428955078
4427,0,0.5219230769230766,983,1000,12,5,4279.4,0,0,2,0,2,10.303480863571167,3.7328743934631348,2.048218250274658,1.6543748378753662,0.013406753540039062,0.0166165828704834
4428,0,0.5219230769230766,984,1000,1,1,4428.0,0,0,0,1,0,10.30551028251648,3.734130382537842,2.0489211082458496,1.6543748378753662,0.013406753540039062,0.016623735427856445
4429,0,0.5219230769230766,984,1000,7,5,4336.0,0,0,0,0,0,10.306588411331177,3.73516845703125,2.048921585083008,1.6543748378753662,0.013406753540039062,0.016628265380859375
4430,0,0.5219230769230766,984,1000,5,3,4316.5,0,0,2,0,2,10.312439441680908,3.735809087753296,2.050039291381836,1.6583449840545654,0.013425350189208984,0.016630172729492188
4431,0,0.5219230769230766,984,1000,4,1,4403.0,0,0,2,0,2,10.31957221031189,3.737342596054077,2.051954984664917,1.661888837814331,0.013442516326904297,0.01663804054260254
4432,0,0.5219230769230766,984,1000,3,1,4401.0,0,0,0,0,0,10.320990800857544,3.738715171813965,2.0519564151763916,1.661888837814331,0.013442516326904297,0.016644954681396484
4433,0,0.5219230769230766,984,1000,6,1,4433.0,0,0,0,1,1,10.323198080062866,3.740037441253662,2.0527524948120117,1.661888837814331,0.013442516326904297,0.016649723052978516
4434,0,0.5219230769230766,985,1000,6,6,4235.625,0,1,2,0,1,10.329874992370605,3.741368055343628,2.053881883621216,1.6658742427825928,0.01346588134765625,0.016655683517456055
4435,0,0.5219230769230766,985,1000,1,1,4435.0,0,0,0,1,1,10.332141160964966,3.742764711380005,2.0546579360961914,1.6658742427825928,0.01346588134765625,0.016661643981933594
4436,0,0.5219230769230766,985,1000,1,1,4436.0,0,0,0,1,1,10.339990139007568,3.7441818714141846,2.061002492904663,1.6658742427825928,0.01346588134765625,0.016666650772094727
4437,0,0.5219230769230766,985,1000,2,1,4372.0,0,0,2,0,2,10.354104280471802,3.7494585514068604,2.063551187515259,1.671893835067749,0.013492584228515625,0.016678333282470703
4438,0,0.5219230769230766,985,1000,10,3,4400.333333333333,0,0,0,0,0,10.356384038925171,3.7516376972198486,2.0635530948638916,1.671893835067749,0.013492584228515625,0.01668834686279297
4439,0,0.5219230769230766,985,1000,2,1,4177.0,0,0,2,0,2,10.374159574508667,3.759174346923828,2.065793991088867,1.6773402690887451,0.01361846923828125,0.016696929931640625
4440,0,0.5219230769230766,986,1000,14,7,4275.142857142857,0,0,2,0,1,10.384342193603516,3.761387825012207,2.067939519882202,1.6828720569610596,0.013656377792358398,0.01670527458190918
4441,0,0.5219230769230766,986,1000,5,5,4263.333333333333,0,1,2,0,2,10.395803451538086,3.7636170387268066,2.071024179458618,1.6886656284332275,0.013697385787963867,0.016716480255126953
4442,0,0.5219230769230766,986,1000,9,5,4295.2,0,1,2,0,2,10.455145835876465,3.814161777496338,2.0731985569000244,1.6949667930603027,0.013733386993408203,0.016724824905395508
4443,0,0.5219230769230766,986,1000,2,1,4372.0,0,0,0,0,0,10.462158441543579,3.821105718612671,2.0732007026672363,1.6949667930603027,0.013733386993408203,0.016735076904296875
4444,0,0.5219230769230766,986,1000,4,1,4444.0,0,0,0,1,1,10.475459098815918,3.8327879905700684,2.074686288833618,1.6949667930603027,0.013733386993408203,0.016745328903198242
4445,0,0.5219230769230766,986,1000,5,2,4400.5,0,0,0,0,0,10.478548288345337,3.83566951751709,2.074688196182251,1.6949667930603027,0.013733386993408203,0.01675868034362793
4446,0,0.5219230769230766,986,1000,11,1,4417.0,0,0,2,0,2,10.48962950706482,3.838193416595459,2.077253580093384,1.7006852626800537,0.013763427734375,0.016767501831054688
4447,0,0.5219230769230766,985,1000,6,4,4399.6,0,0,1,0,2,10.50188159942627,3.8405447006225586,2.080676794052124,1.7069296836853027,0.01380014419555664,0.01677703857421875
4448,0,0.5219230769230766,985,1000,10,5,4411.333333333333,0,0,0,0,0,10.50360369682312,3.8421859741210938,2.0806782245635986,1.7069296836853027,0.01380014419555664,0.016786813735961914
4449,0,0.5219230769230766,985,1000,3,1,4449.0,0,0,0,1,1,10.506229877471924,3.84389066696167,2.081514596939087,1.7069296836853027,0.01380014419555664,0.01679372787475586
4450,0,0.5219230769230766,985,1000,2,1,4450.0,0,0,0,1,1,10.512906551361084,3.845198154449463,2.0868101119995117,1.7069296836853027,0.01380014419555664,0.016799211502075195
4451,0,0.5219230769230766,985,1000,15,9,4321.5,0,0,0,0,0,10.515019416809082,3.8472042083740234,2.0868122577667236,1.7069296836853027,0.01380014419555664,0.016809463500976562
4452,0,0.5219230769230766,984,1000,5,1,4263.0,0,0,1,0,2,10.523796081542969,3.849020004272461,2.0879197120666504,1.712510108947754,0.013833045959472656,0.016817331314086914
4453,0,0.5219230769230766,984,1000,3,3,4384.333333333333,0,1,1,0,2,10.538561820983887,3.8510868549346924,2.091259002685547,1.7195706367492676,0.013860702514648438,0.016823768615722656
4454,0,0.5219230769230766,984,1000,3,1,4454.0,0,0,0,1,1,10.540919542312622,3.85258150100708,2.092041492462158,1.7195706367492676,0.013860702514648438,0.01683211326599121
4455,0,0.5219230769230766,984,1000,2,2,4342.0,0,0,0,0,0,10.543533563613892,3.8551487922668457,2.0920426845550537,1.7195706367492676,0.013860702514648438,0.016837358474731445
4456,0,0.5219230769230766,984,1000,6,1,4320.0,0,0,2,0,2,10.550743579864502,3.8567845821380615,2.0935568809509277,1.7234656810760498,0.013881921768188477,0.016843557357788086
4457,0,0.5219230769230766,984,1000,16,10,4308.2307692307695,0,0,0,0,0,10.55297327041626,3.85890531539917,2.0935587882995605,1.7234656810760498,0.013881921768188477,0.016851186752319336
4458,0,0.5219230769230766,984,1000,1,1,4458.0,0,0,0,1,1,10.554835319519043,3.859788656234741,2.094468355178833,1.7234656810760498,0.013881921768188477,0.016858577728271484
4459,0,0.5219230769230766,985,1000,2,1,4434.0,0,0,2,0,1,10.563067436218262,3.86138916015625,2.0958123207092285,1.7285737991333008,0.01390695571899414,0.01686406135559082
4460,0,0.5219230769230766,985,1000,8,5,4393.4,0,0,0,0,0,10.564900159835815,3.863097906112671,2.0958142280578613,1.7285737991333008,0.01390695571899414,0.016877174377441406
4461,0,0.5219230769230766,985,1000,13,9,4369.666666666667,0,1,1,0,2,10.572342157363892,3.8652658462524414,2.0969722270965576,1.7324132919311523,0.013936042785644531,0.016889095306396484
4462,0,0.5219230769230766,986,1000,10,2,3299.0,0,0,2,0,1,10.58088731765747,3.866729974746704,2.0992507934570312,1.737015962600708,0.013958454132080078,0.016895532608032227
4463,0,0.5219230769230766,986,1000,3,1,4437.0,0,0,0,0,0,10.582433700561523,3.8682334423065186,2.0992515087127686,1.737015962600708,0.013958454132080078,0.016903400421142578
4464,0,0.5219230769230766,986,1000,4,1,4300.0,0,0,0,0,0,10.583106279373169,3.8688852787017822,2.0992519855499268,1.737015962600708,0.013958454132080078,0.01690530776977539
4465,0,0.5219230769230766,986,1000,1,1,2918.0,0,0,2,0,2,10.585729837417603,3.869433641433716,2.100229263305664,1.7379679679870605,0.013976335525512695,0.0169069766998291
4466,0,0.5219230769230766,986,1000,2,1,4466.0,0,0,0,1,1,10.586805820465088,3.870143413543701,2.1005465984344482,1.7379679679870605,0.013976335525512695,0.01690959930419922
4467,0,0.5219230769230766,986,1000,11,8,4380.125,0,1,2,0,2,10.594451189041138,3.8713080883026123,2.1027133464813232,1.7419800758361816,0.014001846313476562,0.01699042320251465
4468,0,0.5219230769230766,986,1000,5,3,4401.666666666667,0,0,0,0,0,10.596080780029297,3.872880697250366,2.1027145385742188,1.7419800758361816,0.014001846313476562,0.016997814178466797
4469,0,0.5219230769230766,986,1000,8,6,4383.666666666667,0,0,2,0,2,10.602883100509644,3.87455677986145,2.1039435863494873,1.7457082271575928,0.014029502868652344,0.017002344131469727
4470,0,0.5219230769230766,985,1000,7,3,4400.6,0,0,1,0,2,10.612098693847656,3.876192092895508,2.107093095779419,1.749924898147583,0.014056682586669922,0.01700735092163086
4471,0,0.5219230769230766,985,1000,1,1,4471.0,0,0,0,1,1,10.614611625671387,3.8778507709503174,2.1078639030456543,1.749924898147583,0.014056682586669922,0.017015457153320312
4472,0,0.5219230769230766,985,1000,19,15,4292.6875,0,0,2,0,2,10.622360467910767,3.8794572353363037,2.1093344688415527,1.7543625831604004,0.014089822769165039,0.017021656036376953
4473,0,0.5219230769230766,985,1000,6,5,3899.3333333333335,0,1,2,0,2,10.628910303115845,3.8813273906707764,2.1108827590942383,1.7572648525238037,0.014116525650024414,0.017031192779541016
4474,0,0.5219230769230766,985,1000,16,6,4376.25,0,0,0,0,0,10.63100790977478,3.8832499980926514,2.110884666442871,1.7572648525238037,0.014116525650024414,0.01703953742980957
4475,0,0.5219230769230766,985,1000,5,3,4425.333333333333,0,0,0,0,0,10.63289213180542,3.8850772380828857,2.1108858585357666,1.7572648525238037,0.014116525650024414,0.017049312591552734
4476,0,0.5219230769230766,984,1000,9,4,4312.0,0,0,1,0,2,10.639276027679443,3.886195182800293,2.1122653484344482,1.760993480682373,0.014142990112304688,0.017055273056030273
4477,0,0.5219230769230766,984,1000,4,2,4453.5,0,0,0,0,0,10.64075756072998,3.887632369995117,2.1122660636901855,1.760993480682373,0.014142990112304688,0.017062664031982422
4478,0,0.5219230769230766,984,1000,1,1,4461.0,0,0,0,0,0,10.641449451446533,3.8883049488067627,2.112266778945923,1.760993480682373,0.014142990112304688,0.01706385612487793
4479,0,0.5219230769230766,984,1000,2,1,4401.0,0,0,0,0,0,10.643181085586548,3.8899471759796143,2.112269401550293,1.760993480682373,0.014142990112304688,0.01706671714782715
4480,0,0.5219230769230766,984,1000,2,1,2615.0,0,0,0,0,0,10.645602464675903,3.892115831375122,2.1122710704803467,1.760993480682373,0.014167070388793945,0.017078399658203125
4481,0,0.5219230769230766,984,1000,8,5,4431.6,0,0,0,0,0,10.647558212280273,3.8940072059631348,2.1122725009918213,1.760993480682373,0.014167070388793945,0.017084598541259766
4482,0,0.5219230769230766,985,1000,2,2,4294.0,0,0,2,0,1,10.653889417648315,3.895141363143921,2.1135432720184326,1.7647817134857178,0.01418757438659668,0.01708841323852539
4483,0,0.5219230769230766,986,1000,4,4,4409.25,0,0,2,0,1,10.661389827728271,3.8965752124786377,2.1152455806732178,1.7689671516418457,0.014210939407348633,0.01709461212158203
4484,0,0.5219230769230766,986,1000,1,1,4484.0,0,0,0,1,1,10.663976669311523,3.8982093334198,2.116116523742676,1.7689671516418457,0.014210939407348633,0.01710343360900879
4485,0,0.5219230769230766,986,1000,3,1,4485.0,0,0,0,1,1,10.666578769683838,3.899854898452759,2.1169886589050293,1.7689671516418457,0.014210939407348633,0.017109155654907227
4486,0,0.5219230769230766,986,1000,1,1,4395.0,0,0,0,0,0,10.668060541152954,3.9012808799743652,2.116990566253662,1.7689671516418457,0.014210939407348633,0.017116069793701172
4487,0,0.5219230769230766,987,1000,22,9,4400.111111111111,0,0,2,0,1,10.677500486373901,3.903226613998413,2.120425224304199,1.772780418395996,0.014240503311157227,0.01712203025817871
4488,0,0.5219230769230766,987,1000,6,1,4488.0,0,0,0,1,1,10.681058645248413,3.9054155349731445,2.1216516494750977,1.772780418395996,0.014240503311157227,0.01713252067565918
4489,0,0.5219230769230766,987,1000,9,4,4429.5,0,0,0,0,0,10.682949304580688,3.907221555709839,2.1216530799865723,1.772780418395996,0.014240503311157227,0.017141103744506836
4490,0,0.5219230769230766,987,1000,6,1,4462.0,0,0,2,0,2,10.691206455230713,3.908940315246582,2.123460054397583,1.7772784233093262,0.014269351959228516,0.01714944839477539
4491,0,0.5219230769230766,987,1000,1,1,4491.0,0,0,0,1,1,10.694826126098633,3.9109644889831543,2.1249380111694336,1.7772784233093262,0.014269351959228516,0.017157554626464844
4492,0,0.5219230769230766,988,1000,5,2,4453.5,0,0,2,0,1,10.70196008682251,3.9128270149230957,2.126133918762207,1.7811534404754639,0.014301061630249023,0.017167091369628906
4493,0,0.5219230769230766,988,1000,3,2,4453.5,0,0,0,0,0,10.703793048858643,3.9146034717559814,2.1261355876922607,1.7811534404754639,0.014301061630249023,0.01717376708984375
4494,0,0.5219230769230766,988,1000,15,5,4441.0,0,0,0,0,0,10.705864667892456,3.9165773391723633,2.1261367797851562,1.7811534404754639,0.014301061630249023,0.017182111740112305
4495,0,0.5219230769230766,988,1000,10,5,4247.6,0,1,2,0,2,10.71432113647461,3.9182701110839844,2.128244161605835,1.785529375076294,0.014330625534057617,0.01718902587890625
4496,0,0.5219230769230766,988,1000,3,1,4127.0,0,0,0,0,0,10.716229677200317,3.9200150966644287,2.1282448768615723,1.785529375076294,0.014351129531860352,0.01719808578491211
4497,0,0.5219230769230766,988,1000,8,2,4248.5,0,1,2,0,2,10.722190618515015,3.9209518432617188,2.129497766494751,1.7891621589660645,0.014360189437866211,0.017200708389282227
4498,0,0.5219230769230766,987,1000,17,8,4324.909090909091,0,0,1,0,2,10.731168031692505,3.922461986541748,2.1321492195129395,1.7937698364257812,0.014383792877197266,0.01720738410949707
4499,0,0.5219230769230766,987,1000,3,1,4499.0,0,0,0,1,1,10.733958721160889,3.9242143630981445,2.133086919784546,1.7937698364257812,0.014383792877197266,0.017215967178344727
4500,0,0.5219230769230766,987,1000,16,8,4430.888888888889,0,0,0,0,0,10.73538327217102,3.925551176071167,2.1330881118774414,1.7937698364257812,0.014383792877197266,0.017223596572875977
4501,0,0.5219230769230766,987,1000,2,1,4501.0,0,0,0,1,1,10.737374305725098,3.9267446994781494,2.133819580078125,1.7937698364257812,0.014383792877197266,0.017228364944458008
4502,0,0.5219230769230766,987,1000,19,13,4368.857142857143,0,0,2,0,2,10.745004177093506,3.9276835918426514,2.136585235595703,1.7974822521209717,0.014413595199584961,0.017232179641723633
4503,0,0.5219230769230766,988,1000,2,1,4503.0,0,0,0,1,0,10.747794151306152,3.9293580055236816,2.1375927925109863,1.7974822521209717,0.014413595199584961,0.017241477966308594
4504,0,0.5219230769230766,988,1000,2,1,4446.0,0,0,0,0,0,10.749651670455933,3.931166887283325,2.13759446144104,1.7974822521209717,0.014413595199584961,0.017249107360839844
4505,0,0.5219230769230766,988,1000,4,4,4295.25,0,1,2,0,2,10.75670862197876,3.932875871658325,2.138768196105957,1.801405429840088,0.014445304870605469,0.017255306243896484
4506,0,0.5219230769230766,988,1000,7,6,4216.75,0,1,2,0,2,10.765674114227295,3.9347920417785645,2.1403262615203857,1.806593418121338,0.014482498168945312,0.017261981964111328
4507,0,0.5219230769230766,988,1000,3,1,4507.0,0,0,0,1,1,10.76853346824646,3.936357021331787,2.1415040493011475,1.806593418121338,0.014482498168945312,0.017269372940063477
4508,0,0.5219230769230766,988,1000,5,1,4245.0,0,0,0,0,0,10.77024507522583,3.9380042552948,2.141505718231201,1.806593418121338,0.014482498168945312,0.017278671264648438
4509,0,0.5219230769230766,988,1000,9,4,4189.0,0,0,1,0,1,10.779229879379272,3.9393527507781982,2.1449384689331055,1.810570240020752,0.014525175094604492,0.01729297637939453
4510,0,0.5219230769230766,988,1000,1,1,4510.0,0,0,0,1,1,10.782553434371948,3.9414613246917725,2.146054983139038,1.810570240020752,0.014525175094604492,0.017303943634033203
4511,0,0.5219230769230766,988,1000,2,2,4410.0,0,0,0,0,0,10.784499168395996,3.9433484077453613,2.14605712890625,1.810570240020752,0.014525175094604492,0.017313003540039062
4512,0,0.5219230769230766,987,1000,12,6,4369.571428571428,0,0,1,0,2,10.794423818588257,3.945228099822998,2.1497178077697754,1.8146913051605225,0.014560222625732422,0.017321109771728516
4513,0,0.5219230769230766,987,1000,22,14,4397.214285714285,0,0,2,0,2,10.802910804748535,3.947557210922241,2.1510169506073,1.8192412853240967,0.014599323272705078,0.017328739166259766
4514,0,0.5219230769230766,987,1000,1,1,4514.0,0,0,0,1,1,10.804550647735596,3.948768138885498,2.15139102935791,1.8192412853240967,0.014599323272705078,0.017334461212158203
4515,0,0.5219230769230766,987,1000,6,2,4463.666666666667,0,1,2,0,2,10.812092542648315,3.9495022296905518,2.153541088104248,1.823732852935791,0.014617204666137695,0.017336368560791016
4516,0,0.5219230769230766,988,1000,4,2,4432.5,0,0,2,0,1,10.819538831710815,3.9514999389648438,2.154730796813965,1.8277850151062012,0.014646768569946289,0.01734614372253418
4517,0,0.5219230769230766,988,1000,6,4,4439.0,0,0,0,0,0,10.820907592773438,3.9528183937072754,2.154731035232544,1.8277850151062012,0.014646768569946289,0.01735234260559082
4518,0,0.5219230769230766,988,1000,9,1,4502.0,0,0,0,0,0,10.82155704498291,3.953432321548462,2.154731512069702,1.8277850151062012,0.014646768569946289,0.017353534698486328
4519,0,0.5219230769230766,988,1000,13,7,4468.857142857143,0,0,0,0,0,10.822341918945312,3.9541687965393066,2.1547317504882812,1.8277850151062012,0.014646768569946289,0.017354726791381836
4520,0,0.5219230769230766,988,1000,13,7,4396.571428571428,0,0,0,0,0,10.823014974594116,3.9547946453094482,2.1547319889068604,1.8277850151062012,0.014646768569946289,0.017355918884277344
4521,0,0.5219230769230766,988,1000,13,6,4449.833333333333,0,0,0,0,0,10.823737144470215,3.955470085144043,2.1547322273254395,1.8277850151062012,0.014646768569946289,0.01735711097717285
4522,0,0.5219230769230766,988,1000,5,1,4300.0,0,0,2,0,2,10.832921743392944,3.9573240280151367,2.156559944152832,1.8329927921295166,0.01467752456665039,0.01735854148864746
4523,0,0.5219230769230766,988,1000,2,2,4471.5,0,0,2,0,2,10.8402578830719,3.9591193199157715,2.1579959392547607,1.8368902206420898,0.014704704284667969,0.017368316650390625
4524,0,0.5219230769230766,988,1000,4,2,4378.0,0,0,0,0,0,10.842074871063232,3.960874080657959,2.1579978466033936,1.8368902206420898,0.014704704284667969,0.017375707626342773
4525,0,0.5219230769230766,988,1000,1,1,4525.0,0,0,0,1,1,10.845212936401367,3.9627578258514404,2.1591475009918213,1.8368902206420898,0.014704704284667969,0.017383337020874023
4526,0,0.5219230769230766,988,1000,23,7,4444.571428571428,0,0,0,0,0,10.847512245178223,3.964932441711426,2.159149169921875,1.8368902206420898,0.014704704284667969,0.017392635345458984
4527,0,0.5219230769230766,989,1000,11,1,4527.0,0,0,0,1,0,10.849936723709106,3.9664011001586914,2.160000801086426,1.8368902206420898,0.014704704284667969,0.01739954948425293
4528,0,0.5219230769230766,989,1000,7,4,4414.0,0,0,2,0,2,10.855195045471191,3.967198371887207,2.160780191421509,1.8404059410095215,0.014725685119628906,0.017401933670043945
4529,0,0.5219230769230766,989,1000,9,4,4446.25,0,0,0,0,0,10.85668420791626,3.968625545501709,2.1607813835144043,1.8404059410095215,0.014725685119628906,0.01740431785583496
4530,0,0.5219230769230766,989,1000,6,5,4446.4,0,0,0,0,0,10.857599258422852,3.969505548477173,2.1607816219329834,1.8404059410095215,0.014725685119628906,0.0174100399017334
4531,0,0.5219230769230766,989,1000,6,2,4326.0,0,0,0,0,0,10.8584623336792,3.9701967239379883,2.1607825756073,1.8404059410095215,0.014752388000488281,0.017411231994628906
4532,0,0.5219230769230766,989,1000,3,1,4532.0,0,0,0,1,1,10.861424446105957,3.9719934463500977,2.1618568897247314,1.8404059410095215,0.014752388000488281,0.017415285110473633
4533,0,0.5219230769230766,989,1000,9,4,4136.0,0,0,1,0,1,10.866916418075562,3.973625898361206,2.16310453414917,1.8428003787994385,0.01479649543762207,0.017422199249267578
4534,0,0.5219230769230766,988,1000,7,1,4393.0,0,0,1,0,2,10.872769117355347,3.9749529361724854,2.1640992164611816,1.8462107181549072,0.014809370040893555,0.017426013946533203
4535,0,0.5219230769230766,988,1000,3,2,4471.0,0,0,0,0,0,10.874126672744751,3.9762799739837646,2.1640994548797607,1.8462107181549072,0.014809370040893555,0.017430782318115234
4536,0,0.5219230769230766,988,1000,1,1,4536.0,0,0,0,1,1,10.875343799591064,3.976872205734253,2.164682626724243,1.8462107181549072,0.014809370040893555,0.017432212829589844
4537,0,0.5219230769230766,988,1000,16,8,4397.625,0,1,2,0,2,10.88255786895752,3.9786336421966553,2.165959596633911,1.8500287532806396,0.014852523803710938,0.017437219619750977
4538,0,0.5219230769230766,988,1000,1,1,4401.0,0,0,0,0,0,10.884115934371948,3.9801597595214844,2.1659598350524902,1.8500287532806396,0.014852523803710938,0.01744389533996582
4539,0,0.5219230769230766,988,1000,1,1,4539.0,0,0,0,1,1,10.88524317741394,3.98085618019104,2.166337490081787,1.8500287532806396,0.014852523803710938,0.017445802688598633
4540,0,0.5219230769230766,988,1000,7,3,4401.0,0,0,0,0,0,10.886717796325684,3.9822652339935303,2.166339159011841,1.8500287532806396,0.014852523803710938,0.01744818687438965
4541,0,0.5219230769230766,988,1000,17,7,4440.428571428572,0,0,1,0,2,10.894193649291992,3.9840545654296875,2.168213129043579,1.853621482849121,0.014877796173095703,0.0174558162689209
4542,0,0.5219230769230766,988,1000,6,5,4301.8,0,1,2,0,2,10.901122808456421,3.9855356216430664,2.169473886489868,1.8576068878173828,0.014904022216796875,0.01746368408203125
4543,0,0.5219230769230766,988,1000,6,2,4440.333333333333,0,0,0,0,0,10.902897596359253,3.9872560501098633,2.1694748401641846,1.8576068878173828,0.014904022216796875,0.017470359802246094
4544,0,0.5219230769230766,988,1000,12,7,4421.857142857143,0,0,0,0,0,10.90363621711731,3.9879438877105713,2.1694750785827637,1.8576068878173828,0.014904022216796875,0.017473936080932617
4545,0,0.5219230769230766,988,1000,3,3,4479.333333333333,0,1,1,0,2,10.909177780151367,3.9885711669921875,2.1706860065460205,1.8611476421356201,0.014925241470336914,0.017475366592407227
4546,0,0.5219230769230766,988,1000,3,3,4439.666666666667,0,0,2,0,2,10.916444301605225,3.990513801574707,2.1720364093780518,1.864915370941162,0.014952421188354492,0.017482995986938477
4547,0,0.5219230769230766,988,1000,1,1,4537.0,0,0,0,0,0,10.918071985244751,3.992105484008789,2.17203688621521,1.864915370941162,0.014952421188354492,0.017490148544311523
4548,0,0.5219230769230766,988,1000,9,6,4336.571428571428,0,1,1,0,2,10.922974824905396,3.9931881427764893,2.173258066177368,1.8672897815704346,0.014993429183959961,0.01749396324157715
4549,0,0.5219230769230766,988,1000,9,5,4383.0,0,0,2,0,2,10.929839611053467,3.9946351051330566,2.1744136810302734,1.8713910579681396,0.01501321792602539,0.017499923706054688
4550,0,0.5219230769230766,988,1000,4,1,4550.0,0,0,0,1,1,10.932429790496826,3.9963159561157227,2.175230026245117,1.8713910579681396,0.01501321792602539,0.017507553100585938
4551,0,0.5219230769230766,988,1000,5,1,4326.0,0,0,0,0,0,10.934066772460938,3.997892141342163,2.175231695175171,1.8713910579681396,0.01501321792602539,0.017513513565063477
4552,0,0.5219230769230766,988,1000,4,2,4467.0,0,0,0,0,0,10.935822486877441,3.9995851516723633,2.1752331256866455,1.8713910579681396,0.01501321792602539,0.017520904541015625
4553,0,0.5219230769230766,988,1000,3,1,4553.0,0,0,0,1,1,10.938368558883667,4.001252889633179,2.176027536392212,1.8713910579681396,0.01501321792602539,0.01752758026123047
4554,0,0.5219230769230766,988,1000,6,4,4433.0,0,0,0,0,0,10.939897775650024,4.002726793289185,2.1760289669036865,1.8713910579681396,0.01501321792602539,0.017533063888549805
4555,0,0.5219230769230766,988,1000,19,9,4445.333333333333,0,0,2,0,2,10.947542667388916,4.004202842712402,2.177412748336792,1.8759043216705322,0.01505279541015625,0.017539024353027344
4556,0,0.5219230769230766,989,1000,7,2,4485.5,0,1,2,0,1,10.954371213912964,4.005970239639282,2.1785542964935303,1.879610300064087,0.015078544616699219,0.017547607421875
4557,0,0.5219230769230766,989,1000,1,1,4441.0,0,0,2,0,2,10.961525201797485,4.007258653640747,2.180055856704712,1.8838226795196533,0.015096664428710938,0.017552614212036133
4558,0,0.5219230769230766,989,1000,4,1,4558.0,0,0,0,1,1,10.964635372161865,4.008812665939331,2.1814894676208496,1.8838226795196533,0.015096664428710938,0.017561674118041992
4559,0,0.5219230769230766,989,1000,8,7,4318.428571428572,0,0,2,0,2,10.972268104553223,4.010822772979736,2.182886838912964,1.8877530097961426,0.015129327774047852,0.017569303512573242
4560,0,0.5219230769230766,989,1000,1,1,4560.0,0,0,0,1,1,10.974170446395874,4.012083292007446,2.1834654808044434,1.8877530097961426,0.015129327774047852,0.017575979232788086
4561,0,0.5219230769230766,989,1000,14,7,4265.285714285715,0,1,2,0,2,10.98335075378418,4.013727188110352,2.1855337619781494,1.892906904220581,0.015163421630859375,0.017578840255737305
4562,0,0.5219230769230766,989,1000,2,1,4562.0,0,0,0,1,1,10.986221551895142,4.01557731628418,2.186452865600586,1.892906904220581,0.015163421630859375,0.017591476440429688
4563,0,0.5219230769230766,989,1000,2,1,4563.0,0,0,0,1,1,10.988760709762573,4.017193555831909,2.1872808933258057,1.892906904220581,0.015163421630859375,0.01759791374206543
4564,0,0.5219230769230766,989,1000,4,3,4343.666666666667,0,0,0,0,0,10.990527868270874,4.018919467926025,2.187281370162964,1.892906904220581,0.015163421630859375,0.017604351043701172
4565,0,0.5219230769230766,989,1000,12,5,4513.4,0,0,0,0,0,10.991290092468262,4.019632339477539,2.187281608581543,1.892906904220581,0.015163421630859375,0.017606258392333984
4566,0,0.5219230769230766,989,1000,1,1,4566.0,0,0,0,1,1,10.994249820709229,4.020874977111816,2.188889265060425,1.892906904220581,0.015163421630859375,0.017607927322387695
4567,0,0.5219230769230766,989,1000,1,1,4567.0,0,0,0,1,1,10.996973991394043,4.022481203079224,2.189918041229248,1.892906904220581,0.015163421630859375,0.01761651039123535
4568,0,0.5219230769230766,989,1000,6,6,4360.714285714285,0,1,1,0,2,11.004287958145142,4.024400234222412,2.191178321838379,1.8967971801757812,0.015192508697509766,0.017624616622924805
4569,0,0.5219230769230766,989,1000,7,2,4293.5,0,1,1,0,2,11.011667966842651,4.025909900665283,2.1926937103271484,1.900951623916626,0.015212059020996094,0.01763176918029785
4570,0,0.5219230769230766,989,1000,19,14,4406.285714285715,0,1,2,0,2,11.018023490905762,4.027800798416138,2.1942718029022217,1.903498649597168,0.015250205993652344,0.017638683319091797
4571,0,0.5219230769230766,989,1000,6,1,4571.0,0,0,0,1,1,11.020662546157837,4.029473781585693,2.195134401321411,1.903498649597168,0.015250205993652344,0.01764535903930664
4572,0,0.5219230769230766,989,1000,3,1,4572.0,0,0,0,1,1,11.022002696990967,4.030404567718506,2.1954989433288574,1.903498649597168,0.015250205993652344,0.017650604248046875
4573,0,0.5219230769230766,989,1000,1,1,4573.0,0,0,0,1,1,11.02287244796753,4.030901193618774,2.195845603942871,1.903498649597168,0.015250205993652344,0.017651796340942383
4574,0,0.5219230769230766,989,1000,8,5,4309.4,0,0,0,0,0,11.023633241653442,4.031525135040283,2.19584584236145,1.903498649597168,0.015273332595825195,0.017653226852416992
4575,0,0.5219230769230766,988,1000,8,5,4374.166666666667,0,0,1,0,2,11.031264781951904,4.033589601516724,2.197054147720337,1.90763521194458,0.015337467193603516,0.0176546573638916
4576,0,0.5219230769230766,989,1000,6,3,4509.0,0,0,2,0,1,11.038109302520752,4.03524374961853,2.198256731033325,1.911400556564331,0.015364646911621094,0.017660856246948242
4577,0,0.5219230769230766,989,1000,16,9,4425.4,0,0,0,0,0,11.039674997329712,4.036728858947754,2.1982572078704834,1.911400556564331,0.015364646911621094,0.017667055130004883
4578,0,0.5219230769230766,989,1000,6,5,4462.666666666667,0,0,2,0,2,11.04690933227539,4.037633419036865,2.199822187423706,1.916013479232788,0.015386819839477539,0.0176694393157959
4579,0,0.5219230769230766,989,1000,6,4,4381.4,0,1,2,0,2,11.053866386413574,4.03933572769165,2.20102858543396,1.9198613166809082,0.015410900115966797,0.01767706871032715
4580,0,0.5219230769230766,989,1000,1,1,4580.0,0,0,0,1,1,11.055671453475952,4.040673494338989,2.2014353275299072,1.9198613166809082,0.015410900115966797,0.01768350601196289
4581,0,0.5219230769230766,989,1000,7,6,4476.333333333333,0,0,0,0,0,11.056614875793457,4.04157567024231,2.2014360427856445,1.9198613166809082,0.015410900115966797,0.01768636703491211
4582,0,0.5219230769230766,989,1000,7,5,4257.8,0,1,1,0,2,11.063660144805908,4.042314291000366,2.2028615474700928,1.924539566040039,0.015434980392456055,0.01768803596496582
4583,0,0.5219230769230766,989,1000,7,1,4575.0,0,0,0,0,0,11.065576314926147,4.044159889221191,2.202862501144409,1.924539566040039,0.015434980392456055,0.01769542694091797
4584,0,0.5219230769230766,989,1000,5,3,4473.75,0,0,0,0,0,11.067348003387451,4.045862436294556,2.202864170074463,1.924539566040039,0.015434980392456055,0.01770162582397461
4585,0,0.5219230769230766,989,1000,2,2,4332.0,0,0,0,0,0,11.068404197692871,4.046895265579224,2.202864408493042,1.924539566040039,0.015434980392456055,0.01770806312561035
4586,0,0.5219230769230766,989,1000,7,1,4362.0,0,0,0,0,0,11.069151401519775,4.047612428665161,2.202864646911621,1.924539566040039,0.015434980392456055,0.01770949363708496
4587,0,0.5219230769230766,989,1000,6,4,4450.0,0,0,0,0,0,11.069819211959839,4.04825234413147,2.2028648853302,1.924539566040039,0.015434980392456055,0.01771092414855957
4588,0,0.5219230769230766,990,1000,2,1,4588.0,0,0,0,1,0,11.07123851776123,4.048856735229492,2.203625202178955,1.924539566040039,0.015434980392456055,0.017712116241455078
4589,0,0.5219230769230766,990,1000,7,6,4450.833333333333,0,0,0,0,0,11.072209596633911,4.049786329269409,2.2036256790161133,1.924539566040039,0.015434980392456055,0.017713546752929688
4590,0,0.5219230769230766,990,1000,5,2,4549.0,0,0,0,0,0,11.07286787033081,4.05041766166687,2.2036261558532715,1.924539566040039,0.015434980392456055,0.01771712303161621
4591,0,0.5219230769230766,990,1000,5,4,4395.2,0,0,0,0,0,11.074106216430664,4.051604747772217,2.203627347946167,1.924539566040039,0.015434980392456055,0.01771855354309082
4592,0,0.5219230769230766,991,1000,9,5,4416.0,0,0,2,0,1,11.081793785095215,4.053276538848877,2.2053580284118652,1.9286143779754639,0.015463590621948242,0.017724275588989258
4593,0,0.5219230769230766,991,1000,10,5,4515.6,0,0,0,0,0,11.083555936813354,4.054971694946289,2.205359697341919,1.9286143779754639,0.015463590621948242,0.017733335494995117
4594,0,0.5219230769230766,991,1000,1,1,4594.0,0,0,0,1,1,11.084640264511108,4.055591821670532,2.2057812213897705,1.9286143779754639,0.015463590621948242,0.01773548126220703
4595,0,0.5219230769230766,991,1000,4,3,4561.0,0,0,0,0,0,11.085298538208008,4.056227207183838,2.2057814598083496,1.9286143779754639,0.015463590621948242,0.017737388610839844
4596,0,0.5219230769230766,991,1000,4,1,4596.0,0,0,0,1,1,11.086330890655518,4.056844234466553,2.2061519622802734,1.9286143779754639,0.015463590621948242,0.01773858070373535
4597,0,0.5219230769230766,991,1000,4,4,4551.5,0,0,0,0,0,11.087346076965332,4.057812929153442,2.206153392791748,1.9286143779754639,0.015463590621948242,0.01773977279663086
4598,0,0.5219230769230766,991,1000,6,1,4598.0,0,0,0,1,1,11.089632987976074,4.059299468994141,2.2068734169006348,1.9286143779754639,0.015463590621948242,0.017746448516845703
4599,0,0.5219230769230766,991,1000,4,1,4599.0,0,0,0,1,1,11.090947389602661,4.060196161270142,2.207245111465454,1.9286143779754639,0.015463590621948242,0.01775050163269043
4600,0,0.5219230769230766,991,1000,4,3,4427.0,0,0,0,0,0,11.091798543930054,4.061009883880615,2.2072463035583496,1.9286143779754639,0.015463590621948242,0.01775217056274414
4601,0,0.5219230769230766,991,1000,11,8,4400.222222222223,0,0,2,0,2,11.09982967376709,4.062725782394409,2.2084991931915283,1.9334332942962646,0.015497922897338867,0.017756938934326172
4602,0,0.5219230769230766,991,1000,3,1,4602.0,0,0,0,1,1,11.101840734481812,4.0643229484558105,2.2088491916656494,1.9334332942962646,0.015497922897338867,0.01776289939880371
4603,0,0.5219230769230766,990,1000,2,1,4453.0,0,0,1,0,2,11.10771131515503,4.065047979354858,2.2099862098693848,1.937319040298462,0.015515327453613281,0.017765045166015625
4604,0,0.5219230769230766,990,1000,5,2,4558.0,0,0,2,0,2,11.115782976150513,4.066907644271851,2.211315870285034,1.9419939517974854,0.015541315078735352,0.017771005630493164
4605,0,0.5219230769230766,990,1000,5,3,4381.0,0,0,2,0,2,11.122880697250366,4.068626642227173,2.212524175643921,1.945991039276123,0.015562295913696289,0.017777204513549805
4606,0,0.5219230769230766,990,1000,3,1,4606.0,0,0,0,1,1,11.1247878074646,4.070117473602295,2.2128701210021973,1.945991039276123,0.015562295913696289,0.01778388023376465
4607,0,0.5219230769230766,990,1000,4,2,4463.0,0,1,2,0,2,11.132298231124878,4.072113037109375,2.214005470275879,1.9499614238739014,0.015596866607666016,0.017786741256713867
4608,0,0.5219230769230766,990,1000,3,2,4387.5,0,0,2,0,2,11.13911509513855,4.073748826980591,2.2150943279266357,1.953890323638916,0.015619993209838867,0.017792940139770508
4609,0,0.5219230769230766,990,1000,16,9,4502.444444444444,0,0,2,0,2,11.147010087966919,4.075344800949097,2.2168142795562744,1.958270788192749,0.015642166137695312,0.017798423767089844
4610,0,0.5219230769230766,990,1000,17,10,4429.0,0,0,0,0,0,11.149007797241211,4.07723593711853,2.21681547164917,1.958270788192749,0.015642166137695312,0.017809629440307617
4611,0,0.5219230769230766,990,1000,7,5,4473.6,0,0,0,0,0,11.150213479995728,4.078402280807495,2.216815948486328,1.958270788192749,0.015642166137695312,0.01781606674194336
4612,0,0.5219230769230766,990,1000,7,2,4558.0,0,0,0,0,0,11.151073694229126,4.079229354858398,2.2168161869049072,1.958270788192749,0.015642166137695312,0.01781749725341797
4613,0,0.5219230769230766,990,1000,4,4,4422.75,0,0,0,0,0,11.152006149291992,4.080132722854614,2.2168166637420654,1.958270788192749,0.015642166137695312,0.01781940460205078
4614,0,0.5219230769230766,990,1000,9,7,4540.428571428572,0,0,0,0,0,11.153248071670532,4.081306219100952,2.21681809425354,1.958270788192749,0.015642166137695312,0.0178225040435791
4615,0,0.5219230769230766,990,1000,4,1,4575.0,0,0,0,0,0,11.154217004776001,4.082249641418457,2.2168185710906982,1.958270788192749,0.015642166137695312,0.017826557159423828
4616,0,0.5219230769230766,990,1000,9,4,4496.5,0,0,0,0,0,11.154773235321045,4.08276891708374,2.2168188095092773,1.958270788192749,0.015642166137695312,0.017827749252319336
4617,0,0.5219230769230766,990,1000,2,1,4617.0,0,0,0,1,1,11.156172037124634,4.08333683013916,2.21759295463562,1.958270788192749,0.015642166137695312,0.017829418182373047
4618,0,0.5219230769230766,990,1000,2,1,4618.0,0,0,0,1,1,11.157169580459595,4.083925485610962,2.2179670333862305,1.958270788192749,0.015642166137695312,0.017831087112426758
4619,0,0.5219230769230766,990,1000,8,5,4464.0,0,1,1,0,2,11.163991928100586,4.0845794677734375,2.21958589553833,1.962641954421997,0.01566028594970703,0.01783275604248047
4620,0,0.5219230769230766,990,1000,3,2,4575.0,0,0,2,0,2,11.170860290527344,4.086316347122192,2.22080135345459,1.966374158859253,0.01568770408630371,0.017842769622802734
4621,0,0.5219230769230766,990,1000,3,1,4502.0,0,0,2,0,2,11.178170919418335,4.087738752365112,2.2226414680480957,1.9702951908111572,0.0157012939453125,0.017847061157226562
4622,0,0.5219230769230766,990,1000,6,5,4527.6,0,0,0,0,0,11.17990231513977,4.089398622512817,2.2226431369781494,1.9702951908111572,0.0157012939453125,0.017854928970336914
4623,0,0.5219230769230766,990,1000,11,2,4538.0,0,1,1,0,2,11.187045097351074,4.091241359710693,2.223888874053955,1.9741222858428955,0.015729188919067383,0.017862796783447266
4624,0,0.5219230769230766,991,1000,6,3,4500.666666666667,0,0,2,0,1,11.19439172744751,4.092717170715332,2.2259302139282227,1.977820873260498,0.015743732452392578,0.0178678035736084
4625,0,0.5219230769230766,991,1000,11,8,4458.25,0,0,2,0,2,11.201818466186523,4.094780206680298,2.2270991802215576,1.9817776679992676,0.01577019691467285,0.01788163185119629
4626,0,0.5219230769230766,990,1000,8,6,4435.714285714285,0,0,1,0,2,11.207988500595093,4.09632420539856,2.2281386852264404,1.9852042198181152,0.015790700912475586,0.01788806915283203
4627,0,0.5219230769230766,990,1000,5,4,4526.5,0,0,0,0,0,11.20981240272522,4.098070383071899,2.228140354156494,1.9852042198181152,0.015790700912475586,0.01789402961730957
4628,0,0.5219230769230766,991,1000,6,2,4539.0,0,0,2,0,1,11.218139886856079,4.100131988525391,2.2293763160705566,1.9899861812591553,0.01582789421081543,0.01790308952331543
4629,0,0.5219230769230766,991,1000,6,5,4045.8,0,0,2,0,2,11.221539735794067,4.101497411727905,2.2302260398864746,1.9909791946411133,0.015851259231567383,0.017910242080688477
4630,0,0.5219230769230766,991,1000,15,3,4459.0,0,0,2,0,2,11.229383707046509,4.103036403656006,2.2315025329589844,1.9958033561706543,0.015874147415161133,0.01791548728942871
4631,0,0.5219230769230766,991,1000,5,2,4558.0,0,0,0,0,0,11.231167554855347,4.104743719100952,2.231504201889038,1.9958033561706543,0.015874147415161133,0.01792764663696289
4632,0,0.5219230769230766,991,1000,4,1,4632.0,0,0,0,1,1,11.233886957168579,4.106493234634399,2.232391595840454,1.9958033561706543,0.015874147415161133,0.01793527603149414
4633,0,0.5219230769230766,991,1000,6,5,4549.8,0,0,0,0,0,11.234619379043579,4.107190132141113,2.232391834259033,1.9958033561706543,0.015874147415161133,0.017939090728759766
4634,0,0.5219230769230766,991,1000,1,1,4634.0,0,0,0,1,1,11.235629320144653,4.107796669006348,2.2327678203582764,1.9958033561706543,0.015874147415161133,0.017940759658813477
4635,0,0.5219230769230766,991,1000,5,3,4528.0,0,0,0,0,0,11.236350297927856,4.108491897583008,2.2327680587768555,1.9958033561706543,0.015874147415161133,0.017942428588867188
4636,0,0.5219230769230766,991,1000,10,2,4326.0,0,0,2,0,2,11.242449045181274,4.109088182449341,2.234346389770508,1.9995460510253906,0.01589345932006836,0.017943620681762695
4637,0,0.5219230769230766,991,1000,2,1,4534.0,0,0,0,0,0,11.244439363479614,4.111027479171753,2.2343478202819824,1.9995460510253906,0.01589345932006836,0.017951488494873047
4638,0,0.5219230769230766,992,1000,5,3,4470.333333333333,0,1,1,0,1,11.251494884490967,4.112811326980591,2.2356295585632324,2.0033440589904785,0.01591944694519043,0.017958402633666992
4639,0,0.5219230769230766,992,1000,3,3,4564.0,0,0,2,0,2,11.258700370788574,4.114407777786255,2.2371256351470947,2.0072789192199707,0.015943050384521484,0.017965316772460938
4640,0,0.5219230769230766,992,1000,1,1,4640.0,0,0,0,1,1,11.262367248535156,4.116672992706299,2.2384073734283447,2.0072789192199707,0.015943050384521484,0.017976999282836914
4641,0,0.5219230769230766,992,1000,10,8,4491.75,0,0,2,0,2,11.271060228347778,4.119143486022949,2.239821434020996,2.0117688179016113,0.01598381996154785,0.017986536026000977
4642,0,0.5219230769230766,992,1000,4,1,4300.0,0,0,0,0,0,11.272644758224487,4.120683908462524,2.2398221492767334,2.0117688179016113,0.01598381996154785,0.017993688583374023
4643,0,0.5219230769230766,991,1000,10,5,4503.166666666667,0,0,1,0,2,11.28040623664856,4.1215479373931885,2.2419121265411377,2.016408920288086,0.016007184982299805,0.017995834350585938
4644,0,0.5219230769230766,991,1000,10,6,4557.0,0,0,0,0,0,11.282203435897827,4.123265266418457,2.241913318634033,2.016408920288086,0.016007184982299805,0.018004179000854492
4645,0,0.5219230769230766,991,1000,3,3,4538.666666666667,0,0,2,0,2,11.288240909576416,4.124054670333862,2.243189573287964,2.020231008529663,0.016032934188842773,0.018010854721069336
4646,0,0.5219230769230766,991,1000,3,2,4544.0,0,0,1,0,1,11.295238494873047,4.125384092330933,2.2447166442871094,2.0242350101470947,0.01605367660522461,0.018017292022705078
4647,0,0.5219230769230766,991,1000,3,2,4578.0,0,0,0,0,0,11.297138929367065,4.12722373008728,2.2447187900543213,2.0242350101470947,0.01605367660522461,0.018026351928710938
4648,0,0.5219230769230766,991,1000,2,1,4534.0,0,0,0,0,0,11.298657178878784,4.128710508346558,2.2447192668914795,2.0242350101470947,0.01605367660522461,0.018036842346191406
4649,0,0.5219230769230766,992,1000,4,1,4649.0,0,0,0,1,0,11.30033564567566,4.129561424255371,2.245473861694336,2.0242350101470947,0.01605367660522461,0.01803898811340332
4650,0,0.5219230769230766,992,1000,16,11,4514.454545454545,0,1,1,0,2,11.307157754898071,4.131277561187744,2.246657371520996,2.02791166305542,0.01608586311340332,0.018043994903564453
4651,0,0.5219230769230766,992,1000,6,2,4579.0,0,0,0,0,0,11.308612823486328,4.132675886154175,2.2466588020324707,2.02791166305542,0.01608586311340332,0.01804828643798828
4652,0,0.5219230769230766,992,1000,13,9,4530.111111111111,0,0,2,0,2,11.316340446472168,4.13459324836731,2.247976779937744,2.0321624279022217,0.016118288040161133,0.018054485321044922
4653,0,0.5219230769230766,992,1000,1,1,4619.0,0,0,0,0,0,11.317922830581665,4.13613486289978,2.2479777336120605,2.0321624279022217,0.016118288040161133,0.018060922622680664
4654,0,0.5219230769230766,992,1000,1,1,4654.0,0,0,0,1,1,11.32033896446228,4.137608766555786,2.2488343715667725,2.0321624279022217,0.016118288040161133,0.018069028854370117
4655,0,0.5219230769230766,992,1000,7,2,4387.5,0,0,2,0,2,11.327255010604858,4.139150142669678,2.2502663135528564,2.0359442234039307,0.016138076782226562,0.018075227737426758
4656,0,0.5219230769230766,992,1000,7,1,4502.0,0,0,0,0,0,11.328842401504517,4.140682935714722,2.250267505645752,2.0359442234039307,0.016138076782226562,0.0180819034576416
4657,0,0.5219230769230766,992,1000,1,1,4657.0,0,0,0,1,1,11.331030130386353,4.1418046951293945,2.251262903213501,2.0359442234039307,0.016138076782226562,0.018085479736328125
4658,0,0.5219230769230766,993,1000,11,1,4658.0,0,0,0,1,0,11.333981037139893,4.143577337265015,2.252293348312378,2.0359442234039307,0.016138076782226562,0.01809406280517578
4659,0,0.5219230769230766,993,1000,7,3,4559.75,0,0,0,0,0,11.335695743560791,4.145224094390869,2.2522952556610107,2.0359442234039307,0.016138076782226562,0.018101930618286133
4660,0,0.5219230769230766,994,1000,4,1,4133.0,0,0,2,0,1,11.34380316734314,4.146848201751709,2.2543797492980957,2.0401217937469482,0.016159772872924805,0.018108129501342773
4661,0,0.5219230769230766,994,1000,16,9,4510.333333333333,0,0,2,0,2,11.352988958358765,4.14952826499939,2.2557263374328613,2.0449085235595703,0.016194820404052734,0.01811671257019043
4662,0,0.5219230769230766,994,1000,1,1,4662.0,0,0,0,1,1,11.35539698600769,4.151029109954834,2.256561756134033,2.0449085235595703,0.016194820404052734,0.018124103546142578
4663,0,0.5219230769230766,994,1000,6,2,4651.0,0,0,0,0,0,11.356754064559937,4.152347087860107,2.2565619945526123,2.0449085235595703,0.016194820404052734,0.01812911033630371
4664,0,0.5219230769230766,994,1000,5,2,4651.0,0,0,0,0,0,11.357439756393433,4.153009653091431,2.2565622329711914,2.0449085235595703,0.016194820404052734,0.01813054084777832
4665,0,0.5219230769230766,994,1000,10,10,4595.6,0,0,0,0,0,11.358580589294434,4.154083728790283,2.256563186645508,2.0449085235595703,0.016194820404052734,0.018131732940673828
4666,0,0.5219230769230766,993,1000,4,1,4234.0,0,0,1,0,2,11.367128610610962,4.155930280685425,2.257866144180298,2.0500926971435547,0.01622152328491211,0.01813793182373047
4667,0,0.5219230769230766,993,1000,8,4,4613.0,0,0,2,0,2,11.373564004898071,4.1574718952178955,2.258948564529419,2.0537426471710205,0.016243696212768555,0.01814413070678711
4668,0,0.5219230769230766,993,1000,7,7,4512.375,0,1,2,0,2,11.381319046020508,4.158702373504639,2.260671854019165,2.058260202407837,0.01627659797668457,0.018149375915527344
4669,0,0.5219230769230766,993,1000,4,1,4669.0,0,0,0,1,1,11.383694171905518,4.160467624664307,2.261188507080078,2.058260202407837,0.01627659797668457,0.0181581974029541
4670,0,0.5219230769230766,993,1000,9,5,4562.0,0,0,0,0,0,11.384579420089722,4.161310195922852,2.2611887454986572,2.058260202407837,0.01627659797668457,0.018162012100219727
4671,0,0.5219230769230766,994,1000,2,2,3989.3333333333335,0,1,2,0,1,11.389231443405151,4.162169456481934,2.262345790863037,2.060663938522339,0.016303300857543945,0.018163442611694336
4672,0,0.5219230769230766,994,1000,1,1,4672.0,0,0,0,1,1,11.390905857086182,4.163450717926025,2.262692451477051,2.060663938522339,0.016303300857543945,0.018169164657592773
4673,0,0.5219230769230766,994,1000,17,9,4411.222222222223,0,0,2,0,2,11.398523569107056,4.164676904678345,2.264188051223755,2.065331220626831,0.01633453369140625,0.018170833587646484
4674,0,0.5219230769230766,994,1000,8,8,4617.25,0,0,0,0,0,11.400280475616455,4.166375398635864,2.264188528060913,2.065331220626831,0.01633453369140625,0.01817798614501953
4675,0,0.5219230769230766,993,1000,4,4,3031.6,0,0,1,0,2,11.403804540634155,4.1670777797698975,2.264981508255005,2.0671870708465576,0.016357421875,0.018181324005126953
4676,0,0.5219230769230766,993,1000,9,9,4606.777777777777,0,0,0,0,0,11.404484987258911,4.167717933654785,2.264981746673584,2.0671870708465576,0.016357421875,0.018182992935180664
4677,0,0.5219230769230766,993,1000,1,1,4677.0,0,0,0,1,1,11.405399322509766,4.16823148727417,2.265343427658081,2.0671870708465576,0.016357421875,0.018184185028076172
4678,0,0.5219230769230766,993,1000,2,1,4678.0,0,0,0,1,1,11.406356811523438,4.1688103675842285,2.2656946182250977,2.0671870708465576,0.016357421875,0.01818561553955078
4679,0,0.5219230769230766,993,1000,7,2,4492.0,0,0,0,0,0,11.406999349594116,4.16942286491394,2.2656948566436768,2.0671870708465576,0.016357421875,0.01818704605102539
4680,0,0.5219230769230766,993,1000,3,1,4680.0,0,0,0,1,1,11.407941818237305,4.169975757598877,2.2660491466522217,2.0671870708465576,0.016357421875,0.0181882381439209
4681,0,0.5219230769230766,993,1000,6,2,4624.0,0,0,2,0,2,11.415212869644165,4.171431541442871,2.2673590183258057,2.071507215499878,0.016386985778808594,0.01818990707397461
4682,0,0.5219230769230766,993,1000,5,5,4485.6,0,1,0,0,2,11.421508312225342,4.1731932163238525,2.268190622329712,2.0750138759613037,0.01641082763671875,0.018198013305664062
4683,0,0.5219230769230766,993,1000,6,2,4590.0,0,1,2,0,2,11.427761316299438,4.173962593078613,2.2700271606445312,2.078545093536377,0.016418933868408203,0.018201351165771484
4684,0,0.5219230769230766,993,1000,14,2,4646.0,0,0,0,0,0,11.429533243179321,4.1756486892700195,2.2700278759002686,2.078545093536377,0.016418933868408203,0.018208742141723633
4685,0,0.5219230769230766,993,1000,14,5,4622.6,0,0,2,0,2,11.43601131439209,4.177029371261597,2.2712230682373047,2.0821902751922607,0.016453981399536133,0.018212080001831055
4686,0,0.5219230769230766,993,1000,6,4,4607.25,0,0,0,0,0,11.437355041503906,4.178333282470703,2.271223306655884,2.0821902751922607,0.016453981399536133,0.018216609954833984
4687,0,0.5219230769230766,993,1000,15,9,4407.333333333333,0,0,2,0,2,11.444263696670532,4.179143667221069,2.2735471725463867,2.0858051776885986,0.016471385955810547,0.018218040466308594
4688,0,0.5219230769230766,992,1000,23,2,4467.0,0,0,1,0,2,11.450803279876709,4.180940389633179,2.2746050357818604,2.089280843734741,0.0164945125579834,0.018226146697998047
4689,0,0.5219230769230766,991,1000,2,1,4424.0,0,0,1,0,2,11.45602536201477,4.181970834732056,2.275388240814209,2.092583179473877,0.01650547981262207,0.018230676651000977
4690,0,0.5219230769230766,991,1000,4,1,4592.0,0,0,2,0,2,11.46218729019165,4.182819843292236,2.2766880989074707,2.0965142250061035,0.016513347625732422,0.0182340145111084
4691,0,0.5219230769230766,991,1000,13,8,4576.5,0,0,2,0,2,11.46832537651062,4.184370994567871,2.277618646621704,2.099985361099243,0.01653885841369629,0.018239974975585938
4692,0,0.5219230769230766,991,1000,1,1,4692.0,0,0,0,1,1,11.469710350036621,4.1853392124176025,2.2779903411865234,2.099985361099243,0.01653885841369629,0.01824355125427246
4693,0,0.5219230769230766,991,1000,1,1,4502.0,0,0,0,0,0,11.47037935256958,4.185992956161499,2.2779905796051025,2.099985361099243,0.01653885841369629,0.018245697021484375
4694,0,0.5219230769230766,991,1000,3,1,4619.0,0,0,0,0,0,11.471044063568115,4.186639308929443,2.2779908180236816,2.099985361099243,0.01653885841369629,0.018246889114379883
4695,0,0.5219230769230766,991,1000,2,1,4695.0,0,0,0,1,1,11.472091913223267,4.187270641326904,2.2783639430999756,2.099985361099243,0.01653885841369629,0.018248319625854492
4696,0,0.5219230769230766,990,1000,5,5,4607.0,0,0,1,0,2,11.478299617767334,4.188096046447754,2.2798011302948,2.1036722660064697,0.016573667526245117,0.018249988555908203
4697,0,0.5219230769230766,990,1000,5,1,4697.0,0,0,0,1,1,11.480762004852295,4.189655065536499,2.280604124069214,2.1036722660064697,0.016573667526245117,0.01825737953186035
4698,0,0.5219230769230766,990,1000,5,3,4479.0,0,1,2,0,2,11.486235857009888,4.190633296966553,2.2813947200775146,2.10719895362854,0.01659369468688965,0.01826310157775879
4699,0,0.5219230769230766,990,1000,9,5,4600.6,0,0,0,0,0,11.487212657928467,4.191566467285156,2.2813949584960938,2.10719895362854,0.01659369468688965,0.018265724182128906
4700,0,0.5219230769230766,990,1000,14,10,4584.272727272727,0,0,0,0,0,11.487984895706177,4.192279577255249,2.281395435333252,2.10719895362854,0.01659369468688965,0.018267154693603516
4701,0,0.5219230769230766,990,1000,8,6,4492.166666666667,0,0,2,0,2,11.494271993637085,4.1930577754974365,2.2831766605377197,2.110743761062622,0.01661515235900879,0.018269777297973633
4702,0,0.5219230769230766,989,1000,12,7,4404.111111111111,0,0,1,0,2,11.5008544921875,4.194687843322754,2.284409284591675,2.114264965057373,0.01664137840270996,0.01827836036682129
4703,0,0.5219230769230766,990,1000,10,6,4326.428571428572,0,0,2,0,1,11.50442886352539,4.196036338806152,2.2854785919189453,2.115262508392334,0.016659975051879883,0.018283605575561523
4704,0,0.5219230769230766,990,1000,3,1,4704.0,0,0,0,1,1,11.506171941757202,4.1973559856414795,2.2858381271362305,2.115262508392334,0.016659975051879883,0.018288612365722656
4705,0,0.5219230769230766,990,1000,4,4,4589.4,0,0,0,0,0,11.506963014602661,4.1981236934661865,2.2858386039733887,2.115262508392334,0.016659975051879883,0.01829051971435547
4706,0,0.5219230769230766,990,1000,4,4,4590.5,0,0,0,0,0,11.507589101791382,4.198728561401367,2.285839080810547,2.115262508392334,0.016659975051879883,0.018291711807250977
4707,0,0.5219230769230766,990,1000,14,14,4567.6,0,1,2,0,2,11.513326168060303,4.199317216873169,2.2869529724121094,2.1190848350524902,0.016692638397216797,0.018293142318725586
4708,0,0.5219230769230766,990,1000,9,4,4492.25,0,1,2,0,2,11.51956844329834,4.200780630111694,2.288026809692383,2.1225781440734863,0.016715288162231445,0.018299579620361328
4709,0,0.5219230769230766,990,1000,5,1,4497.0,0,0,0,0,0,11.520976781845093,4.202147960662842,2.288027286529541,2.1225781440734863,0.016715288162231445,0.018305301666259766
4710,0,0.5219230769230766,990,1000,9,2,4660.5,0,0,0,0,0,11.521763324737549,4.2029054164886475,2.28802752494812,2.1225781440734863,0.016715288162231445,0.018306493759155273
4711,0,0.5219230769230766,990,1000,3,1,4711.0,0,0,0,1,1,11.522910594940186,4.203629970550537,2.2883975505828857,2.1225781440734863,0.016715288162231445,0.018307924270629883
4712,0,0.5219230769230766,990,1000,6,1,4712.0,0,0,0,1,1,11.523863792419434,4.204182863235474,2.288753032684326,2.1225781440734863,0.016715288162231445,0.01830911636352539
4713,0,0.5219230769230766,990,1000,5,3,4542.333333333333,0,0,2,0,2,11.529597997665405,4.2047975063323975,2.289884090423584,2.1264469623565674,0.01673126220703125,0.0183107852935791
4714,0,0.5219230769230766,991,1000,8,2,4545.5,0,1,1,0,1,11.537053346633911,4.206237316131592,2.2921223640441895,2.1300508975982666,0.01675248146057129,0.018320322036743164
4715,0,0.5219230769230766,991,1000,4,4,4584.6,0,0,2,0,2,11.54459261894226,4.2077953815460205,2.2942380905151367,2.133751630783081,0.01677727699279785,0.018328189849853516
4716,0,0.5219230769230766,991,1000,7,4,4496.8,0,0,0,0,0,11.546372890472412,4.209514379501343,2.2942395210266113,2.133751630783081,0.01677727699279785,0.01833486557006836
4717,0,0.5219230769230766,991,1000,10,8,4571.0,0,1,1,0,2,11.550874471664429,4.210450649261475,2.2953126430511475,2.1360204219818115,0.016801118850708008,0.018340349197387695
4718,0,0.5219230769230766,991,1000,11,5,4625.0,0,0,0,0,0,11.55221939086914,4.211737394332886,2.2953131198883057,2.1360204219818115,0.016801118850708008,0.01834583282470703
4719,0,0.5219230769230766,990,1000,2,2,4326.0,0,0,1,0,2,11.556833028793335,4.21231484413147,2.2960269451141357,2.139240264892578,0.01681804656982422,0.018347501754760742
4720,0,0.5219230769230766,990,1000,7,6,4465.714285714285,0,1,1,0,2,11.562996864318848,4.2129411697387695,2.297260046005249,2.143401622772217,0.01682901382446289,0.018349647521972656
4721,0,0.5219230769230766,991,1000,3,1,4721.0,0,0,0,1,0,11.564882278442383,4.214229345321655,2.297781467437744,2.143401622772217,0.01682901382446289,0.0183560848236084
4722,0,0.5219230769230766,991,1000,9,4,4455.0,0,0,0,0,0,11.56604290008545,4.215346813201904,2.2977817058563232,2.143401622772217,0.01682901382446289,0.01836085319519043
4723,0,0.5219230769230766,991,1000,8,6,4644.0,0,0,0,0,0,11.566658735275269,4.215928077697754,2.2977819442749023,2.143401622772217,0.01682901382446289,0.01836252212524414
4724,0,0.5219230769230766,991,1000,8,1,4724.0,0,0,0,1,1,11.567735195159912,4.216512680053711,2.2982234954833984,2.143401622772217,0.01682901382446289,0.01836395263671875
4725,0,0.5219230769230766,991,1000,3,3,4640.333333333333,0,0,0,0,0,11.568384170532227,4.2171430587768555,2.2982237339019775,2.143401622772217,0.01682901382446289,0.018365144729614258
4726,0,0.5219230769230766,991,1000,3,1,4726.0,0,0,0,1,1,11.569335460662842,4.217669486999512,2.298610210418701,2.143401622772217,0.01682901382446289,0.018366575241088867
4727,0,0.5219230769230766,991,1000,2,1,4424.0,0,0,2,0,2,11.574190139770508,4.218252897262573,2.2993171215057373,2.146852493286133,0.0168454647064209,0.018368005752563477
4728,0,0.5219230769230766,991,1000,1,1,4728.0,0,0,0,1,1,11.57523250579834,4.218839406967163,2.2997400760650635,2.146852493286133,0.0168454647064209,0.018369436264038086
4729,0,0.5219230769230766,991,1000,1,1,4729.0,0,0,0,1,1,11.57790756225586,4.220257043838501,2.3008921146392822,2.146852493286133,0.0168454647064209,0.018372774124145508
4730,0,0.5219230769230766,991,1000,7,1,4604.0,0,0,2,0,2,11.584685802459717,4.221997022628784,2.302091360092163,2.1504838466644287,0.016874074935913086,0.018381834030151367
4731,0,0.5219230769230766,991,1000,1,1,4714.0,0,0,0,0,0,11.58583688735962,4.223127841949463,2.302091598510742,2.1504838466644287,0.016874074935913086,0.018386125564575195
4732,0,0.5219230769230766,991,1000,4,1,4732.0,0,0,0,1,1,11.586918115615845,4.223786115646362,2.302460193634033,2.1504838466644287,0.016874074935913086,0.018387556076049805
4733,0,0.5219230769230766,991,1000,6,4,4587.5,0,0,2,0,2,11.591959476470947,4.22449803352356,2.303215503692627,2.153949022293091,0.016889572143554688,0.018389225006103516
4734,0,0.5219230769230766,991,1000,4,3,4609.25,0,0,1,0,1,11.599156856536865,4.226139068603516,2.3044750690460205,2.1580185890197754,0.016918659210205078,0.018393754959106445
4735,0,0.5219230769230766,991,1000,2,1,4735.0,0,0,0,1,1,11.601479291915894,4.227612018585205,2.3052477836608887,2.1580185890197754,0.016918659210205078,0.018400192260742188
4736,0,0.5219230769230766,991,1000,5,2,4357.5,0,0,0,0,0,11.602906465530396,4.229001760482788,2.305248260498047,2.1580185890197754,0.016918659210205078,0.018405675888061523
4737,0,0.5219230769230766,991,1000,1,1,4737.0,0,0,0,1,1,11.604036569595337,4.22966194152832,2.3056774139404297,2.1580185890197754,0.016918659210205078,0.018407106399536133
4738,0,0.5219230769230766,991,1000,10,5,4677.8,0,0,2,0,2,11.61001992225647,4.230366468429565,2.3070788383483887,2.161721706390381,0.016939401626586914,0.018408775329589844
4739,0,0.5219230769230766,991,1000,7,4,4652.0,0,0,0,0,0,11.611853122711182,4.232126474380493,2.3070805072784424,2.161721706390381,0.016939401626586914,0.018416404724121094
4740,0,0.5219230769230766,991,1000,10,4,4457.0,0,0,2,0,2,11.61874270439148,4.23378586769104,2.308356285095215,2.1654818058013916,0.01696467399597168,0.01842498779296875
4741,0,0.5219230769230766,990,1000,2,2,4484.333333333333,0,0,1,0,2,11.625256776809692,4.235311985015869,2.3097307682037354,2.1689040660858154,0.0169830322265625,0.01843094825744629
4742,0,0.5219230769230766,989,1000,3,1,4685.0,0,0,1,0,2,11.631983280181885,4.237060546875,2.310927391052246,2.1724812984466553,0.017010211944580078,0.018439054489135742
4743,0,0.5219230769230766,989,1000,7,4,4698.25,0,0,0,0,0,11.633437395095825,4.238455533981323,2.3109290599823,2.1724812984466553,0.017010211944580078,0.01844644546508789
4744,0,0.5219230769230766,989,1000,14,5,4606.333333333333,0,1,2,0,2,11.638964891433716,4.239317178726196,2.311945676803589,2.1759514808654785,0.01703357696533203,0.018450260162353516
4745,0,0.5219230769230766,989,1000,3,1,4745.0,0,0,0,1,1,11.640859127044678,4.2405312061309814,2.3125534057617188,2.1759514808654785,0.01703357696533203,0.01845407485961914
4746,0,0.5219230769230766,989,1000,4,1,4746.0,0,0,0,1,1,11.64282488822937,4.241528034210205,2.313427448272705,2.1759514808654785,0.01703357696533203,0.018458127975463867
4747,0,0.5219230769230766,989,1000,2,2,4331.5,0,1,2,0,2,11.650001525878906,4.243463754653931,2.314561367034912,2.1798288822174072,0.017062902450561523,0.01846933364868164
4748,0,0.5219230769230766,990,1000,18,7,4674.0,0,1,1,0,1,11.655957460403442,4.244807958602905,2.315516710281372,2.183279037475586,0.017084598541259766,0.01847529411315918
4749,0,0.5219230769230766,990,1000,4,2,4671.0,0,0,0,0,0,11.657386302947998,4.246188163757324,2.315518379211426,2.183279037475586,0.017084598541259766,0.018481731414794922
4750,0,0.5219230769230766,990,1000,4,2,4421.0,0,0,2,0,2,11.664323806762695,4.247726678848267,2.316840887069702,2.187180519104004,0.017110824584960938,0.01848602294921875
4751,0,0.5219230769230766,989,1000,23,11,4622.538461538462,0,0,1,0,2,11.6705162525177,4.249305248260498,2.3178212642669678,2.1905884742736816,0.017137765884399414,0.018492937088012695
4752,0,0.5219230769230766,989,1000,2,1,4752.0,0,0,0,1,1,11.672471046447754,4.250446557998657,2.3185601234436035,2.1905884742736816,0.017137765884399414,0.018497228622436523
4753,0,0.5219230769230766,989,1000,5,4,4671.25,0,0,0,0,0,11.67402696609497,4.251953125,2.31856107711792,2.1905884742736816,0.017137765884399414,0.018501758575439453
4754,0,0.5219230769230766,990,1000,9,1,4754.0,0,0,0,1,0,11.67629885673523,4.25275731086731,2.319887638092041,2.1905884742736816,0.017137765884399414,0.01850748062133789
4755,0,0.5219230769230766,990,1000,3,2,4653.5,0,1,2,0,2,11.68217658996582,4.254527568817139,2.3210930824279785,2.1932873725891113,0.017162799835205078,0.018517732620239258
4756,0,0.5219230769230766,990,1000,25,7,4674.0,0,1,1,0,2,11.688978910446167,4.256162166595459,2.3223657608032227,2.196934223175049,0.01718425750732422,0.018523216247558594
4757,0,0.5219230769230766,990,1000,18,12,4693.923076923077,0,0,0,0,0,11.690501928329468,4.2575953006744385,2.322366714477539,2.196934223175049,0.01718425750732422,0.018530607223510742
4758,0,0.5219230769230766,989,1000,10,7,4607.625,0,0,1,0,2,11.69686770439148,4.2583465576171875,2.3235738277435303,2.20115065574646,0.017207860946655273,0.018533706665039062
4759,0,0.5219230769230766,989,1000,8,1,4759.0,0,0,0,1,1,11.699351787567139,4.25980544090271,2.3244822025299072,2.20115065574646,0.017207860946655273,0.018540382385253906
4760,0,0.5219230769230766,989,1000,2,2,4455.5,0,0,0,0,0,11.700648307800293,4.261075973510742,2.3244824409484863,2.20115065574646,0.017207860946655273,0.018545150756835938
4761,0,0.5219230769230766,990,1000,4,1,4761.0,0,0,0,1,0,11.702054500579834,4.261693239212036,2.32521390914917,2.20115065574646,0.017207860946655273,0.018546342849731445
4762,0,0.5219230769230766,990,1000,2,1,4762.0,0,0,0,1,1,11.704624891281128,4.263221263885498,2.3261592388153076,2.20115065574646,0.017207860946655273,0.018550634384155273
4763,0,0.5219230769230766,990,1000,4,1,4763.0,0,0,0,1,1,11.706949472427368,4.2647130489349365,2.326911687850952,2.20115065574646,0.017207860946655273,0.01855778694152832
4764,0,0.5219230769230766,990,1000,3,1,4764.0,0,0,0,1,1,11.709445476531982,4.266101598739624,2.3279106616973877,2.20115065574646,0.017207860946655273,0.01856374740600586
4765,0,0.5219230769230766,990,1000,6,6,4682.428571428572,0,0,0,0,0,11.711365222930908,4.267928123474121,2.3279130458831787,2.20115065574646,0.017207860946655273,0.01857161521911621
4766,0,0.5219230769230766,990,1000,24,7,4337.428571428572,0,1,2,0,2,11.718830585479736,4.2699432373046875,2.3294949531555176,2.204721212387085,0.017236709594726562,0.018581628799438477
4767,0,0.5219230769230766,990,1000,8,1,4767.0,0,0,0,1,1,11.721377611160278,4.271578073501587,2.330308198928833,2.204721212387085,0.017236709594726562,0.01858997344970703
4768,0,0.5219230769230766,990,1000,5,5,4279.0,0,1,1,0,2,11.727846384048462,4.27302622795105,2.332676410675049,2.2071478366851807,0.017261266708374023,0.01859593391418457
4769,0,0.5219230769230766,990,1000,18,5,4560.6,0,0,2,0,2,11.735133647918701,4.274696350097656,2.3344781398773193,2.210740089416504,0.017286062240600586,0.018604040145874023
4770,0,0.5219230769230766,990,1000,9,5,4617.666666666667,0,0,2,0,2,11.741346836090088,4.276275396347046,2.3353633880615234,2.214313268661499,0.017317771911621094,0.018610000610351562
4771,0,0.5219230769230766,990,1000,3,2,4746.0,0,0,0,0,0,11.743499755859375,4.278363943099976,2.3353655338287354,2.214313268661499,0.017317771911621094,0.018618106842041016
4772,0,0.5219230769230766,990,1000,9,6,4434.5,0,0,2,0,2,11.751041889190674,4.2803497314453125,2.3366641998291016,2.2183334827423096,0.01735067367553711,0.01862645149230957
4773,0,0.5219230769230766,990,1000,15,12,4558.153846153846,0,1,2,0,2,11.757381677627563,4.282067537307739,2.3375496864318848,2.221829414367676,0.0173799991607666,0.018634557723999023
4774,0,0.5219230769230766,990,1000,1,1,4774.0,0,0,0,1,1,11.75993037223816,4.283660888671875,2.3384292125701904,2.221829414367676,0.0173799991607666,0.01864004135131836
4775,0,0.5219230769230766,990,1000,13,7,4487.0,0,0,2,0,2,11.76694631576538,4.285337209701538,2.339554786682129,2.225785970687866,0.017411231994628906,0.018646955490112305
4776,0,0.5219230769230766,990,1000,6,5,4584.0,0,0,0,0,0,11.768341541290283,4.286681175231934,2.339555263519287,2.225785970687866,0.017411231994628906,0.018653154373168945
4777,0,0.5219230769230766,989,1000,7,5,4668.857142857143,0,0,1,0,2,11.773952007293701,4.287380933761597,2.3406524658203125,2.2294256687164307,0.017434358596801758,0.018656492233276367
4778,0,0.5219230769230766,989,1000,5,2,4458.0,0,1,2,0,2,11.781524181365967,4.288814544677734,2.342416524887085,2.23358154296875,0.017461299896240234,0.01866292953491211
4779,0,0.5219230769230766,989,1000,9,2,4671.5,0,0,0,0,0,11.783090829849243,4.290320873260498,2.342417001724243,2.23358154296875,0.017461299896240234,0.018669843673706055
4780,0,0.5219230769230766,989,1000,3,3,4694.666666666667,0,1,1,0,2,11.788620471954346,4.2910075187683105,2.3435707092285156,2.2371251583099365,0.017482519149780273,0.018671512603759766
4781,0,0.5219230769230766,989,1000,5,5,4394.142857142857,0,0,2,0,2,11.797091722488403,4.292427062988281,2.3463594913482666,2.2412166595458984,0.017507076263427734,0.018677949905395508
4782,0,0.5219230769230766,989,1000,12,4,4732.75,0,0,2,0,2,11.803858518600464,4.2942609786987305,2.3475725650787354,2.2447409629821777,0.0175325870513916,0.018685340881347656
4783,0,0.5219230769230766,989,1000,1,1,4783.0,0,0,0,1,1,11.805901288986206,4.295544385910034,2.348264455795288,2.2447409629821777,0.0175325870513916,0.0186917781829834
4784,0,0.5219230769230766,989,1000,8,3,4757.333333333333,0,0,0,0,0,11.80699348449707,4.2965943813323975,2.3482649326324463,2.2447409629821777,0.0175325870513916,0.018696308135986328
4785,0,0.5219230769230766,988,1000,7,1,4625.0,0,0,1,0,2,11.813835620880127,4.297231674194336,2.3499279022216797,2.2491455078125,0.017548799514770508,0.01869797706604004
4786,0,0.5219230769230766,988,1000,5,5,4650.285714285715,0,0,0,0,0,11.815436363220215,4.298782110214233,2.349928617477417,2.2491455078125,0.017548799514770508,0.01870584487915039
4787,0,0.5219230769230766,988,1000,9,2,4687.5,0,0,0,0,0,11.816330909729004,4.2996368408203125,2.349928855895996,2.2491455078125,0.017548799514770508,0.01870870590209961
4788,0,0.5219230769230766,988,1000,23,15,4545.117647058823,0,1,2,0,2,11.822201490402222,4.300436019897461,2.350998878479004,2.252871513366699,0.01757955551147461,0.01871180534362793
4789,0,0.5219230769230766,988,1000,8,7,4609.875,0,1,2,0,2,11.829951524734497,4.301893711090088,2.3523945808410645,2.2574424743652344,0.01760077476501465,0.018717288970947266
4790,0,0.5219230769230766,988,1000,12,10,4599.181818181818,0,1,1,0,2,11.837378740310669,4.30364465713501,2.3538978099823,2.261361837387085,0.017633438110351562,0.018724918365478516
4791,0,0.5219230769230766,987,1000,2,2,4561.0,0,0,1,0,2,11.845349073410034,4.305044412612915,2.3554422855377197,2.266226291656494,0.01765918731689453,0.018732309341430664
4792,0,0.5219230769230766,987,1000,3,3,4710.0,0,0,0,0,0,11.847841501235962,4.3073718547821045,2.3554441928863525,2.266226291656494,0.01765918731689453,0.018741846084594727
4793,0,0.5219230769230766,987,1000,4,4,4678.4,0,1,1,0,2,11.856948375701904,4.309657335281372,2.3577473163604736,2.2705235481262207,0.017685651779174805,0.018752098083496094
4794,0,0.5219230769230766,987,1000,15,5,4712.4,0,1,2,0,2,11.865226745605469,4.311815023422241,2.359224557876587,2.2748863697052,0.017717838287353516,0.01876354217529297
4795,0,0.5219230769230766,987,1000,16,4,4467.5,0,1,2,0,2,11.872309684753418,4.313603162765503,2.360417604446411,2.278743267059326,0.017743349075317383,0.01877117156982422
4796,0,0.5219230769230766,987,1000,7,7,4693.75,0,0,0,0,0,11.873915910720825,4.315142869949341,2.3604187965393066,2.278743267059326,0.017743349075317383,0.018778324127197266
4797,0,0.5219230769230766,987,1000,5,4,4650.6,0,0,0,0,0,11.875657558441162,4.316818714141846,2.3604207038879395,2.278743267059326,0.017743349075317383,0.018783092498779297
4798,0,0.5219230769230766,987,1000,8,3,4720.333333333333,0,1,2,0,2,11.883729457855225,4.31899881362915,2.3618435859680176,2.2829554080963135,0.01777052879333496,0.01879096031188965
4799,0,0.5219230769230766,987,1000,3,3,4757.333333333333,0,0,0,0,0,11.885412693023682,4.320596218109131,2.361844778060913,2.2829554080963135,0.01777052879333496,0.018799781799316406
4800,0,0.5219230769230766,987,1000,4,4,4706.75,0,0,0,0,0,11.886973142623901,4.322103500366211,2.3618462085723877,2.2829554080963135,0.01777052879333496,0.018809795379638672
4801,0,0.5219230769230766,987,1000,6,4,4716.0,0,0,0,0,0,11.888132572174072,4.32321572303772,2.361846685409546,2.2829554080963135,0.01777052879333496,0.018815994262695312
4802,0,0.5219230769230766,986,1000,8,2,4706.0,0,0,1,0,2,11.89500641822815,4.323862075805664,2.3639461994171143,2.2869057655334473,0.01779341697692871,0.018817663192749023
4803,0,0.5219230769230766,986,1000,10,8,4593.5,0,1,2,0,2,11.902660369873047,4.325390100479126,2.3655753135681152,2.291109800338745,0.017830610275268555,0.01882457733154297
4804,0,0.5219230769230766,986,1000,2,1,4804.0,0,0,0,1,1,11.904737949371338,4.326943874359131,2.3660244941711426,2.291109800338745,0.017830610275268555,0.018833398818969727
4805,0,0.5219230769230766,985,1000,13,4,4685.2,0,0,1,0,2,11.911320447921753,4.327952861785889,2.3675522804260254,2.2949559688568115,0.017856121063232422,0.018836259841918945
4806,0,0.5219230769230766,985,1000,9,3,4462.666666666667,0,0,2,0,2,11.919034242630005,4.329917669296265,2.368778705596924,2.2992029190063477,0.01789259910583496,0.018843650817871094
4807,0,0.5219230769230766,985,1000,38,24,4561.961538461538,0,0,0,0,0,11.920909404754639,4.331639051437378,2.368779420852661,2.2992029190063477,0.01789259910583496,0.018849611282348633
4808,0,0.5219230769230766,985,1000,7,1,4715.0,0,0,0,0,0,11.922169923782349,4.3328468799591064,2.3687822818756104,2.2992029190063477,0.01789259910583496,0.018851041793823242
4809,0,0.5219230769230766,985,1000,4,3,4641.25,0,0,0,0,0,11.923388481140137,4.334027528762817,2.3687829971313477,2.2992029190063477,0.01789259910583496,0.018856048583984375
4810,0,0.5219230769230766,985,1000,3,1,4805.0,0,0,0,0,0,11.924232482910156,4.334849119186401,2.368783473968506,2.2992029190063477,0.01789259910583496,0.018859386444091797
4811,0,0.5219230769230766,985,1000,9,4,4681.5,0,1,1,0,2,11.930854558944702,4.335479974746704,2.370157241821289,2.30356502532959,0.01793384552001953,0.018860578536987305
4812,0,0.5219230769230766,985,1000,3,2,4667.0,0,1,2,0,2,11.93758487701416,4.3372156620025635,2.371384620666504,2.3071208000183105,0.017958879470825195,0.018868446350097656
4813,0,0.5219230769230766,985,1000,12,8,4660.1,0,0,2,0,2,11.945383310317993,4.338828086853027,2.373431444168091,2.3110709190368652,0.01798248291015625,0.018874645233154297
4814,0,0.5219230769230766,985,1000,3,1,4805.0,0,0,0,0,0,11.946790218353271,4.34018349647522,2.373432159423828,2.3110709190368652,0.01798248291015625,0.018882274627685547
4815,0,0.5219230769230766,985,1000,6,4,4467.5,0,0,0,0,0,11.948378086090088,4.34170937538147,2.373433828353882,2.3110709190368652,0.01798248291015625,0.018887758255004883
4816,0,0.5219230769230766,985,1000,2,2,4802.5,0,0,0,0,0,11.949649333953857,4.34295392036438,2.37343430519104,2.3110709190368652,0.01798248291015625,0.018896102905273438
4817,0,0.5219230769230766,985,1000,11,11,4300.461538461538,0,1,2,0,2,11.955677509307861,4.343820571899414,2.3745992183685303,2.3148531913757324,0.018011093139648438,0.01889777183532715
4818,0,0.5219230769230766,985,1000,4,3,4683.666666666667,0,0,0,0,0,11.957097053527832,4.345201253890991,2.3745994567871094,2.3148531913757324,0.018011093139648438,0.018903493881225586
4819,0,0.5219230769230766,985,1000,9,2,4688.5,0,0,0,0,0,11.957869052886963,4.345931529998779,2.3745996952056885,2.3148531913757324,0.018011093139648438,0.018904685974121094
4820,0,0.5219230769230766,985,1000,3,2,4776.5,0,0,0,0,0,11.958770036697388,4.3467793464660645,2.374601125717163,2.3148531913757324,0.018011093139648438,0.018906116485595703
4821,0,0.5219230769230766,985,1000,14,6,4624.166666666667,0,0,0,0,0,11.961509227752686,4.349421739578247,2.374603271484375,2.3148531913757324,0.018011093139648438,0.01891469955444336
4822,0,0.5219230769230766,985,1000,6,6,4705.333333333333,0,0,0,0,0,11.963188648223877,4.3510355949401855,2.3746047019958496,2.3148531913757324,0.018011093139648438,0.018921613693237305
4823,0,0.5219230769230766,986,1000,7,3,4712.75,0,1,0,0,1,11.97004747390747,4.352969646453857,2.375821352005005,2.318338394165039,0.018038272857666016,0.018928050994873047
4824,0,0.5219230769230766,986,1000,17,9,4726.777777777777,0,0,2,0,2,11.977797031402588,4.3542397022247314,2.3788275718688965,2.321662664413452,0.018053293228149414,0.01893305778503418
4825,0,0.5219230769230766,986,1000,2,2,4763.5,0,0,2,0,2,11.984939336776733,4.3561320304870605,2.380002737045288,2.3255510330200195,0.018078088760375977,0.018943309783935547
4826,0,0.5219230769230766,986,1000,3,2,4628.5,0,0,2,0,2,11.990444421768188,4.357320547103882,2.3807663917541504,2.3289742469787598,0.018097400665283203,0.018950223922729492
4827,0,0.5219230769230766,986,1000,7,4,4670.6,0,0,0,0,0,11.991871118545532,4.358546018600464,2.3807687759399414,2.3289742469787598,0.018097400665283203,0.01895308494567871
4828,0,0.5219230769230766,986,1000,16,12,4725.923076923077,0,0,0,0,0,11.994394779205322,4.360944509506226,2.380770683288574,2.3289742469787598,0.018097400665283203,0.01896500587463379
4829,0,0.5219230769230766,986,1000,7,7,4667.0,0,0,0,0,0,11.99612808227539,4.362614154815674,2.380772113800049,2.3289742469787598,0.018097400665283203,0.01897406578063965
4830,0,0.5219230769230766,986,1000,8,5,4435.285714285715,0,0,2,0,2,12.00333309173584,4.364073753356934,2.3820950984954834,2.333117961883545,0.01814746856689453,0.018979787826538086
4831,0,0.5219230769230766,986,1000,13,6,4754.5,0,0,2,0,2,12.011199474334717,4.365629196166992,2.3841776847839355,2.337139129638672,0.018168210983276367,0.018987178802490234
4832,0,0.5219230769230766,986,1000,5,3,4815.666666666667,0,0,0,0,0,12.01281452178955,4.367183446884155,2.38417911529541,2.337139129638672,0.018168210983276367,0.018994569778442383
4833,0,0.5219230769230766,985,1000,4,1,2898.0,0,0,1,0,2,12.017670631408691,4.369174480438232,2.385591983795166,2.338329315185547,0.01819586753845215,0.019001007080078125
4834,0,0.5219230769230766,985,1000,6,1,4834.0,0,0,0,1,1,12.019724607467651,4.370772361755371,2.3859612941741943,2.338329315185547,0.01819586753845215,0.01900768280029297
4835,0,0.5219230769230766,985,1000,3,1,4835.0,0,0,0,1,1,12.020751953125,4.371416330337524,2.3863043785095215,2.338329315185547,0.01819586753845215,0.019009828567504883
4836,0,0.5219230769230766,985,1000,7,7,4704.555555555556,0,0,0,0,0,12.02169919013977,4.372315883636475,2.386305093765259,2.338329315185547,0.01819586753845215,0.01901102066040039
4837,0,0.5219230769230766,985,1000,12,1,4837.0,0,0,0,1,1,12.02386474609375,4.3734190464019775,2.3872034549713135,2.338329315185547,0.01819586753845215,0.019016027450561523
4838,0,0.5219230769230766,985,1000,5,3,4785.333333333333,0,0,0,0,0,12.025923490524292,4.375237226486206,2.387205123901367,2.338329315185547,0.01823115348815918,0.019021987915039062
4839,0,0.5219230769230766,985,1000,4,1,4805.0,0,0,0,0,0,12.027944087982178,4.377195358276367,2.387206554412842,2.338329315185547,0.01823115348815918,0.019028902053833008
4840,0,0.5219230769230766,984,1000,14,8,4748.1,0,0,1,0,2,12.035330295562744,4.379169225692749,2.388465404510498,2.3422608375549316,0.018262624740600586,0.01903700828552246
4841,0,0.5219230769230766,984,1000,11,3,4665.333333333333,0,0,0,0,0,12.036904096603394,4.380668878555298,2.3884661197662354,2.3422608375549316,0.018262624740600586,0.01904439926147461
4842,0,0.5219230769230766,984,1000,8,6,4723.0,0,0,2,0,2,12.044271230697632,4.381866455078125,2.3902111053466797,2.346471071243286,0.01828932762145996,0.01904749870300293
4843,0,0.5219230769230766,985,1000,6,4,4711.25,0,1,1,0,1,12.051104307174683,4.3833699226379395,2.391477108001709,2.350311040878296,0.01831507682800293,0.019054174423217773
4844,0,0.5219230769230766,985,1000,7,1,4844.0,0,0,0,1,1,12.052870035171509,4.384714365005493,2.3918163776397705,2.350311040878296,0.01831507682800293,0.01906132698059082
4845,0,0.5219230769230766,985,1000,8,6,4711.666666666667,0,0,0,0,0,12.053963899612427,4.385754108428955,2.391817331314087,2.350311040878296,0.01831507682800293,0.01906275749206543
4846,0,0.5219230769230766,985,1000,8,6,4441.0,0,0,0,0,0,12.055574655532837,4.387300491333008,2.3918185234069824,2.350311040878296,0.01831507682800293,0.019068241119384766
4847,0,0.5219230769230766,985,1000,4,2,4749.0,0,0,0,0,0,12.05655837059021,4.388254642486572,2.3918190002441406,2.350311040878296,0.01831507682800293,0.019074440002441406
4848,0,0.5219230769230766,985,1000,3,1,4805.0,0,0,0,0,0,12.057273864746094,4.3889524936676025,2.391819715499878,2.350311040878296,0.01831507682800293,0.019075870513916016
4849,0,0.5219230769230766,985,1000,3,2,4725.333333333333,0,1,2,0,2,12.063436269760132,4.389565706253052,2.3930885791778564,2.3543875217437744,0.018347978591918945,0.019077062606811523
4850,0,0.5219230769230766,985,1000,1,1,4849.0,0,0,0,0,0,12.064711093902588,4.390812397003174,2.3930890560150146,2.3543875217437744,0.018347978591918945,0.019083023071289062
4851,0,0.5219230769230766,984,1000,12,6,4703.375,0,0,1,0,2,12.069998741149902,4.3915228843688965,2.3941311836242676,2.3577613830566406,0.018372058868408203,0.019084930419921875
4852,0,0.5219230769230766,984,1000,6,1,4715.0,0,0,0,0,0,12.071589946746826,4.39305305480957,2.394132614135742,2.3577613830566406,0.018372058868408203,0.019092082977294922
4853,0,0.5219230769230766,985,1000,9,6,4786.0,0,0,1,0,1,12.079030513763428,4.39404559135437,2.396515369415283,2.3616209030151367,0.018396615982055664,0.01909804344177246
4854,0,0.5219230769230766,984,1000,10,7,4775.25,0,0,1,0,2,12.086248874664307,4.395694017410278,2.3984322547912598,2.3650548458099365,0.01842355728149414,0.019105195999145508
4855,0,0.5219230769230766,984,1000,2,2,4754.0,0,0,0,0,0,12.087851762771606,4.397250175476074,2.3984334468841553,2.3650548458099365,0.01842355728149414,0.01911473274230957
4856,0,0.5219230769230766,984,1000,9,9,4671.8,0,1,2,0,2,12.095090389251709,4.398005962371826,2.4010519981384277,2.368722677230835,0.018446922302246094,0.019119977951049805
4857,0,0.5219230769230766,984,1000,9,8,4711.0,0,0,0,0,0,12.096741199493408,4.399585008621216,2.4010539054870605,2.368722677230835,0.018446922302246094,0.01912689208984375
4858,0,0.5219230769230766,985,1000,2,1,4858.0,0,0,0,1,0,12.098922729492188,4.400848150253296,2.4019012451171875,2.368722677230835,0.018446922302246094,0.019132375717163086
4859,0,0.5219230769230766,984,1000,2,1,4628.0,0,0,1,0,2,12.104577541351318,4.401750087738037,2.403045654296875,2.372196674346924,0.01846623420715332,0.01913619041442871
4860,0,0.5219230769230766,984,1000,2,2,4485.0,0,1,2,0,2,12.111387491226196,4.403076887130737,2.404430627822876,2.3761258125305176,0.018484830856323242,0.01914238929748535
4861,0,0.5219230769230766,984,1000,4,1,4805.0,0,0,0,0,0,12.11296820640564,4.404611110687256,2.4044313430786133,2.3761258125305176,0.018484830856323242,0.0191495418548584
4862,0,0.5219230769230766,984,1000,10,10,4668.454545454545,0,0,0,0,0,12.113741159439087,4.405334234237671,2.4044318199157715,2.3761258125305176,0.018484830856323242,0.019153356552124023
4863,0,0.5219230769230766,983,1000,8,5,4766.428571428572,0,0,1,0,2,12.119298696517944,4.406039237976074,2.4056684970855713,2.379585027694702,0.018509864807128906,0.019154787063598633
4864,0,0.5219230769230766,983,1000,3,1,4864.0,0,0,0,1,1,12.12119174003601,4.4075093269348145,2.406027317047119,2.379585027694702,0.018509864807128906,0.019161224365234375
4865,0,0.5219230769230766,983,1000,9,3,4739.25,0,0,0,0,0,12.121901273727417,4.408181667327881,2.4060275554656982,2.379585027694702,0.018509864807128906,0.019162893295288086
4866,0,0.5219230769230766,983,1000,3,1,4793.0,0,0,0,0,0,12.122464895248413,4.408727169036865,2.4060277938842773,2.379585027694702,0.018509864807128906,0.019164562225341797
4867,0,0.5219230769230766,983,1000,7,2,4842.5,0,0,0,0,0,12.123154401779175,4.409389495849609,2.4060280323028564,2.379585027694702,0.018509864807128906,0.019165754318237305
4868,0,0.5219230769230766,984,1000,18,7,4708.857142857143,0,0,2,0,1,12.128982305526733,4.410153388977051,2.407125234603882,2.383389472961426,0.018529653549194336,0.019167184829711914
4869,0,0.5219230769230766,984,1000,21,7,4829.714285714285,0,0,0,0,0,12.130801439285278,4.411867380142212,2.4071261882781982,2.383389472961426,0.018529653549194336,0.019173622131347656
4870,0,0.5219230769230766,984,1000,9,5,4767.5,0,0,0,0,0,12.131694078445435,4.4127185344696045,2.4071266651153564,2.383389472961426,0.018529653549194336,0.01917862892150879
4871,0,0.5219230769230766,983,1000,13,1,4788.0,0,0,1,0,2,12.137052297592163,4.41338586807251,2.4081954956054688,2.386842966079712,0.018549203872680664,0.0191802978515625
4872,0,0.5219230769230766,983,1000,5,3,4853.0,0,0,0,0,0,12.13823652267456,4.4145348072052,2.408195734024048,2.386842966079712,0.018549203872680664,0.01918506622314453
4873,0,0.5219230769230766,983,1000,5,3,4795.666666666667,0,0,0,0,0,12.138907432556152,4.4151811599731445,2.408195972442627,2.386842966079712,0.018549203872680664,0.01918649673461914
4874,0,0.5219230769230766,983,1000,10,9,4753.555555555556,0,0,0,0,0,12.139658212661743,4.415891408920288,2.408196210861206,2.386842966079712,0.018549203872680664,0.01918768882751465
4875,0,0.5219230769230766,983,1000,6,1,4875.0,0,0,0,1,1,12.140639543533325,4.416444540023804,2.408566474914551,2.386842966079712,0.018549203872680664,0.019189119338989258
4876,0,0.5219230769230766,983,1000,11,9,4622.222222222223,0,0,1,0,2,12.146534442901611,4.417083263397217,2.4097511768341064,2.390738010406494,0.018568992614746094,0.019190549850463867
4877,0,0.5219230769230766,982,1000,13,5,4804.833333333333,0,0,1,0,2,12.152958393096924,4.418726921081543,2.410848617553711,2.3942105770111084,0.01859259605407715,0.019197463989257812
4878,0,0.5219230769230766,982,1000,1,1,4849.0,0,0,0,0,0,12.154257535934448,4.420000791549683,2.41084885597229,2.3942105770111084,0.01859259605407715,0.019202470779418945
4879,0,0.5219230769230766,982,1000,3,1,4879.0,0,0,0,1,1,12.155275583267212,4.420576095581055,2.411245584487915,2.3942105770111084,0.01859259605407715,0.019204378128051758
4880,0,0.5219230769230766,982,1000,9,7,4722.5,0,1,1,0,2,12.161828756332397,4.4217236042022705,2.4125266075134277,2.398144245147705,0.018617630004882812,0.019207000732421875
4881,0,0.5219230769230766,982,1000,4,3,4865.5,0,0,0,0,0,12.163257122039795,4.423105955123901,2.4125277996063232,2.398144245147705,0.018617630004882812,0.019213199615478516
4882,0,0.5219230769230766,982,1000,11,1,4823.0,0,0,0,0,0,12.164605140686035,4.424394130706787,2.4125287532806396,2.398144245147705,0.018617630004882812,0.019217252731323242
4883,0,0.5219230769230766,982,1000,5,1,4490.0,0,0,2,0,2,12.170852422714233,4.425920486450195,2.4136509895324707,2.401561737060547,0.018637895584106445,0.019222497940063477
4884,0,0.5219230769230766,982,1000,15,1,4884.0,0,0,0,1,1,12.17312216758728,4.42734169960022,2.4143834114074707,2.401561737060547,0.018637895584106445,0.019227027893066406
4885,0,0.5219230769230766,983,1000,7,1,4885.0,0,0,0,1,0,12.175096273422241,4.428735733032227,2.414889097213745,2.401561737060547,0.018637895584106445,0.019232988357543945
4886,0,0.5219230769230766,983,1000,1,1,4713.0,0,0,2,0,2,12.182249307632446,4.430699110031128,2.415998935699463,2.4054691791534424,0.018661975860595703,0.019237995147705078
4887,0,0.5219230769230766,984,1000,10,4,4672.2,0,0,2,0,1,12.188168287277222,4.432103395462036,2.4170005321502686,2.408827543258667,0.018682241439819336,0.019243240356445312
4888,0,0.5219230769230766,984,1000,7,5,4815.333333333333,0,0,0,0,0,12.189627408981323,4.433506727218628,2.417001724243164,2.408827543258667,0.018682241439819336,0.019249916076660156
4889,0,0.5219230769230766,984,1000,3,3,4755.0,0,0,2,0,2,12.196012020111084,4.434321403503418,2.418314218521118,2.412965774536133,0.018702030181884766,0.019254446029663086
4890,0,0.5219230769230766,984,1000,2,1,4795.0,0,0,2,0,2,12.203160762786865,4.436280012130737,2.419567346572876,2.416698455810547,0.018729209899902344,0.019260883331298828
4891,0,0.5219230769230766,985,1000,14,6,4672.5,0,0,2,0,1,12.21184229850769,4.437884569168091,2.422863721847534,2.420286178588867,0.018752574920654297,0.01926708221435547
4892,0,0.5219230769230766,985,1000,30,18,4731.1578947368425,0,0,2,0,2,12.218667984008789,4.4396655559539795,2.4241106510162354,2.4238131046295166,0.018784284591674805,0.01927351951599121
4893,0,0.5219230769230766,985,1000,4,1,4805.0,0,0,0,0,0,12.220325946807861,4.441282033920288,2.4241113662719727,2.4238131046295166,0.018784284591674805,0.019280433654785156
4894,0,0.5219230769230766,985,1000,2,1,4894.0,0,0,0,1,1,12.221519470214844,4.4419050216674805,2.4246373176574707,2.4238131046295166,0.018784284591674805,0.019282102584838867
4895,0,0.5219230769230766,985,1000,11,10,4768.9,0,0,0,0,0,12.222266435623169,4.4426045417785645,2.42463755607605,2.4238131046295166,0.018784284591674805,0.019283771514892578
4896,0,0.5219230769230766,985,1000,2,1,4896.0,0,0,0,1,1,12.223245620727539,4.443167209625244,2.425020456314087,2.4238131046295166,0.018784284591674805,0.019285202026367188
4897,0,0.5219230769230766,985,1000,3,1,4805.0,0,0,0,0,0,12.223841667175293,4.443744897842407,2.425020694732666,2.4238131046295166,0.018784284591674805,0.019286632537841797
4898,0,0.5219230769230766,985,1000,5,5,4824.5,0,0,0,0,0,12.224512338638306,4.444391489028931,2.425021171569824,2.4238131046295166,0.018784284591674805,0.019287824630737305
4899,0,0.5219230769230766,985,1000,9,8,4810.333333333333,0,0,0,0,0,12.22542119026184,4.445229530334473,2.425023317337036,2.4238131046295166,0.018784284591674805,0.019289016723632812
4900,0,0.5219230769230766,985,1000,7,3,4868.0,0,0,0,0,0,12.22786569595337,4.447587966918945,2.425025224685669,2.4238131046295166,0.018784284591674805,0.019295930862426758
4901,0,0.5219230769230766,984,1000,1,1,4189.0,0,0,1,0,2,12.235773801803589,4.449602365493774,2.4263947010040283,2.4281258583068848,0.018811702728271484,0.01930713653564453
4902,0,0.5219230769230766,984,1000,2,1,4842.0,0,0,0,0,0,12.237417221069336,4.451200246810913,2.426396608352661,2.4281258583068848,0.018811702728271484,0.019314289093017578
4903,0,0.5219230769230766,984,1000,8,8,4845.333333333333,0,0,0,0,0,12.23867917060852,4.452414274215698,2.4263968467712402,2.4281258583068848,0.018811702728271484,0.019319772720336914
4904,0,0.5219230769230766,984,1000,6,5,4833.166666666667,0,0,0,0,0,12.239303588867188,4.453009366989136,2.4263970851898193,2.4281258583068848,0.018811702728271484,0.019321441650390625
4905,0,0.5219230769230766,984,1000,15,11,4786.2307692307695,0,0,0,0,0,12.240108966827393,4.453755617141724,2.4263975620269775,2.4281258583068848,0.018811702728271484,0.019322872161865234
4906,0,0.5219230769230766,983,1000,10,4,4588.0,0,0,1,0,2,12.246119976043701,4.4543776512146,2.427600860595703,2.4321300983428955,0.018837451934814453,0.019324064254760742
4907,0,0.5219230769230766,984,1000,8,2,4851.5,0,1,2,0,1,12.25404977798462,4.4560675621032715,2.42903208732605,2.4366540908813477,0.018873214721679688,0.019331693649291992
4908,0,0.5219230769230766,984,1000,13,7,4678.666666666667,0,0,0,0,0,12.255862712860107,4.4578025341033936,2.429032802581787,2.4366540908813477,0.018873214721679688,0.019338369369506836
4909,0,0.5219230769230766,984,1000,7,4,4686.0,0,0,2,0,2,12.264248847961426,4.458547115325928,2.4307668209075928,2.442406177520752,0.01889801025390625,0.01934075355529785
4910,0,0.5219230769230766,984,1000,3,2,4676.0,0,0,2,0,2,12.273635625839233,4.461125612258911,2.432257652282715,2.4474778175354004,0.018934011459350586,0.019349336624145508
4911,0,0.5219230769230766,984,1000,9,1,4911.0,0,0,0,1,1,12.276941776275635,4.46277117729187,2.4337332248687744,2.4474778175354004,0.018934011459350586,0.019356727600097656
4912,0,0.5219230769230766,984,1000,17,12,4810.846153846154,0,0,0,0,0,12.27949833869934,4.465188026428223,2.4337360858917236,2.4474778175354004,0.018934011459350586,0.019368648529052734
4913,0,0.5219230769230766,984,1000,8,7,4817.875,0,0,0,0,0,12.281804323196411,4.467404127120972,2.4337377548217773,2.4474778175354004,0.018934011459350586,0.019379377365112305
4914,0,0.5219230769230766,985,1000,13,8,4717.0,0,1,2,0,1,12.290491104125977,4.469856262207031,2.4352009296417236,2.4519996643066406,0.01896190643310547,0.019388198852539062
4915,0,0.5219230769230766,985,1000,7,5,4112.333333333333,0,0,1,0,1,12.298768758773804,4.471712350845337,2.4369287490844727,2.4563326835632324,0.01900005340576172,0.01939535140991211
4916,0,0.5219230769230766,985,1000,5,2,4851.5,0,0,0,0,0,12.300870895385742,4.473737478256226,2.4369301795959473,2.4563326835632324,0.01900005340576172,0.0194091796875
4917,0,0.5219230769230766,985,1000,15,12,4752.923076923077,0,0,2,0,2,12.308359384536743,4.475942373275757,2.438140630722046,2.460106372833252,0.01904582977294922,0.019417524337768555
4918,0,0.5219230769230766,984,1000,8,4,4813.666666666667,0,0,1,0,2,12.316761255264282,4.47870135307312,2.439445972442627,2.4642372131347656,0.01907634735107422,0.01942610740661621
4919,0,0.5219230769230766,984,1000,1,1,4919.0,0,0,0,1,1,12.319995641708374,4.4804418087005615,2.440842390060425,2.4642372131347656,0.01907634735107422,0.01943373680114746
4920,0,0.5219230769230766,985,1000,2,2,4815.666666666667,0,0,2,0,1,12.327803134918213,4.48202657699585,2.4431183338165283,2.467933177947998,0.019118309020996094,0.019441604614257812
4921,0,0.5219230769230766,985,1000,15,11,4795.090909090909,0,0,0,0,0,12.329776763916016,4.483900308609009,2.443119764328003,2.467933177947998,0.019118309020996094,0.01944875717163086
4922,0,0.5219230769230766,985,1000,2,2,4749.5,0,0,1,0,2,12.337676048278809,4.485333204269409,2.444765090942383,2.4725282192230225,0.01914525032043457,0.0194551944732666
4923,0,0.5219230769230766,985,1000,13,6,4681.0,0,1,2,0,2,12.34531307220459,4.48712944984436,2.446582317352295,2.47629976272583,0.019168615341186523,0.019463300704956055
4924,0,0.5219230769230766,985,1000,9,1,4907.0,0,0,0,0,0,12.347042798995972,4.488797664642334,2.4465830326080322,2.47629976272583,0.019168615341186523,0.0194704532623291
4925,0,0.5219230769230766,985,1000,2,1,4925.0,0,0,0,1,1,12.350877046585083,4.490818738937378,2.448221445083618,2.47629976272583,0.019168615341186523,0.019474029541015625
4926,0,0.5219230769230766,985,1000,23,8,4785.625,0,0,2,0,2,12.359915256500244,4.492939233779907,2.450740098953247,2.480419397354126,0.019196271896362305,0.019484758377075195
4927,0,0.5219230769230766,985,1000,22,3,4817.6,0,0,0,0,0,12.362467288970947,4.495333194732666,2.45074200630188,2.480419397354126,0.019196271896362305,0.019494056701660156
4928,0,0.5219230769230766,985,1000,4,1,4923.0,0,0,0,0,0,12.364563226699829,4.4973649978637695,2.450744152069092,2.480419397354126,0.019196271896362305,0.01950216293334961
4929,0,0.5219230769230766,985,1000,15,10,4766.083333333333,0,0,2,0,2,12.372007608413696,4.4994659423828125,2.4520366191864014,2.4842441082000732,0.01923084259033203,0.019510984420776367
4930,0,0.5219230769230766,985,1000,16,1,4826.0,0,0,0,0,0,12.373664855957031,4.501049041748047,2.4520368576049805,2.4842441082000732,0.01923084259033203,0.019518136978149414
4931,0,0.5219230769230766,985,1000,9,6,4757.666666666667,0,1,1,0,2,12.380342483520508,4.501678228378296,2.45355486869812,2.4885942935943604,0.019252777099609375,0.019519567489624023
4932,0,0.5219230769230766,985,1000,13,11,4737.571428571428,0,0,1,0,1,12.387564659118652,4.50365948677063,2.4548606872558594,2.492295503616333,0.0192868709564209,0.019527196884155273
4933,0,0.5219230769230766,986,1000,3,1,4933.0,0,0,0,1,0,12.389306783676147,4.504955768585205,2.4552416801452637,2.492295503616333,0.0192868709564209,0.019533157348632812
4934,0,0.5219230769230766,986,1000,3,1,4934.0,0,0,0,1,1,12.390539169311523,4.505780935287476,2.45560359954834,2.492295503616333,0.0192868709564209,0.019535303115844727
4935,0,0.5219230769230766,986,1000,4,4,4832.5,0,0,0,0,0,12.39117980003357,4.506393671035767,2.455603837966919,2.492295503616333,0.0192868709564209,0.019536972045898438
4936,0,0.5219230769230766,986,1000,7,7,4744.428571428572,0,0,2,0,2,12.397691488265991,4.507086753845215,2.456843137741089,2.4966390132904053,0.01931595802307129,0.019538164138793945
4937,0,0.5219230769230766,986,1000,4,2,4676.0,0,0,2,0,2,12.40432596206665,4.5086352825164795,2.4579694271087646,2.500422716140747,0.019341230392456055,0.01954817771911621
4938,0,0.5219230769230766,985,1000,6,6,4698.285714285715,0,0,1,0,2,12.412475109100342,4.510148286819458,2.4607555866241455,2.504108190536499,0.019361257553100586,0.019554853439331055
4939,0,0.5219230769230766,985,1000,12,2,4883.0,0,0,0,0,0,12.414500951766968,4.5120768547058105,2.4607582092285156,2.504108190536499,0.019361257553100586,0.019562959671020508
4940,0,0.5219230769230766,985,1000,4,4,4821.5,0,0,0,0,0,12.416422367095947,4.513943433761597,2.4607598781585693,2.504108190536499,0.019361257553100586,0.019570589065551758
4941,0,0.5219230769230766,985,1000,21,3,4841.75,0,0,0,0,0,12.417723655700684,4.515155553817749,2.4607603549957275,2.504108190536499,0.019361257553100586,0.019578218460083008
4942,0,0.5219230769230766,985,1000,9,4,4821.5,0,0,0,0,0,12.418379783630371,4.515773057937622,2.460761070251465,2.504108190536499,0.019361257553100586,0.01957988739013672
4943,0,0.5219230769230766,985,1000,7,3,4545.25,0,0,0,0,0,12.419133424758911,4.5164947509765625,2.460761308670044,2.504108190536499,0.019361257553100586,0.01958155632019043
4944,0,0.5219230769230766,985,1000,8,8,4787.1,0,0,0,0,0,12.419770956039429,4.517094373703003,2.460761547088623,2.504108190536499,0.019361257553100586,0.01958322525024414
4945,0,0.5219230769230766,985,1000,4,1,4453.0,0,0,2,0,2,12.425117254257202,4.517670392990112,2.4618875980377197,2.5075948238372803,0.019391775131225586,0.01958465576171875
4946,0,0.5219230769230766,985,1000,4,4,4885.0,0,0,0,0,0,12.427125930786133,4.5196263790130615,2.4618890285491943,2.5075948238372803,0.019391775131225586,0.01958775520324707
4947,0,0.5219230769230766,985,1000,2,1,4947.0,0,0,0,1,1,12.430202007293701,4.521634817123413,2.4628653526306152,2.5075948238372803,0.019391775131225586,0.019594907760620117
4948,0,0.5219230769230766,985,1000,1,1,4948.0,0,0,0,1,1,12.432008743286133,4.522897243499756,2.4633569717407227,2.5075948238372803,0.019391775131225586,0.01960134506225586
4949,0,0.5219230769230766,986,1000,22,20,4821.05,0,1,2,0,1,12.439083337783813,4.524757146835327,2.4645419120788574,2.5112955570220947,0.019432544708251953,0.019606351852416992
4950,0,0.5219230769230766,986,1000,3,2,4840.0,0,0,0,0,0,12.44069504737854,4.5263330936431885,2.4645426273345947,2.5112955570220947,0.019432544708251953,0.019612550735473633
4951,0,0.5219230769230766,986,1000,2,1,4951.0,0,0,0,1,1,12.444180488586426,4.527986288070679,2.466197967529297,2.5112955570220947,0.019432544708251953,0.01961493492126465
4952,0,0.5219230769230766,986,1000,12,11,4688.636363636364,0,1,2,0,2,12.451195240020752,4.529723644256592,2.4672861099243164,2.515211343765259,0.019462108612060547,0.019623756408691406
4953,0,0.5219230769230766,986,1000,7,1,4923.0,0,0,0,0,0,12.452715873718262,4.531196117401123,2.4672865867614746,2.515211343765259,0.019462108612060547,0.019629955291748047
4954,0,0.5219230769230766,986,1000,9,7,4869.428571428572,0,0,0,0,0,12.45348334312439,4.531925678253174,2.467287063598633,2.515211343765259,0.019462108612060547,0.019631624221801758
4955,0,0.5219230769230766,986,1000,13,1,4714.0,0,0,0,0,0,12.454311609268188,4.532708168029785,2.467287302017212,2.515211343765259,0.019462108612060547,0.019632816314697266
4956,0,0.5219230769230766,986,1000,1,1,4956.0,0,0,0,1,1,12.455360174179077,4.5332465171813965,2.4677507877349854,2.515211343765259,0.019462108612060547,0.019634246826171875
4957,0,0.5219230769230766,986,1000,8,1,4714.0,0,0,2,0,2,12.461849689483643,4.534332990646362,2.469036102294922,2.5191850662231445,0.019481182098388672,0.019637107849121094
4958,0,0.5219230769230766,986,1000,7,1,4958.0,0,0,0,1,1,12.464383125305176,4.535907030105591,2.4698965549468994,2.5191850662231445,0.019481182098388672,0.019643783569335938
4959,0,0.5219230769230766,987,1000,6,3,4725.333333333333,0,0,2,0,1,12.4712655544281,4.537668943405151,2.4710886478424072,2.5229074954986572,0.019506454467773438,0.019649744033813477
4960,0,0.5219230769230766,987,1000,6,5,4873.6,0,0,2,0,2,12.478732585906982,4.539360284805298,2.472463607788086,2.527125597000122,0.01953434944152832,0.01965618133544922
4961,0,0.5219230769230766,988,1000,3,1,4961.0,0,0,0,1,0,12.48197340965271,4.5412633419036865,2.4736883640289307,2.527125597000122,0.01953434944152832,0.01966547966003418
4962,0,0.5219230769230766,988,1000,10,8,4769.333333333333,0,0,2,0,2,12.488835334777832,4.542882442474365,2.475113868713379,2.5307259559631348,0.019562244415283203,0.019672632217407227
4963,0,0.5219230769230766,988,1000,16,13,4725.0,0,0,0,0,0,12.490623712539673,4.544583320617676,2.4751148223876953,2.5307259559631348,0.019562244415283203,0.019678831100463867
4964,0,0.5219230769230766,988,1000,16,9,4704.333333333333,0,1,2,0,2,12.497284889221191,4.545351266860962,2.476529121398926,2.534976005554199,0.019587278366088867,0.01968097686767578
4965,0,0.5219230769230766,988,1000,29,3,4853.0,0,0,0,0,0,12.499274492263794,4.547223806381226,2.476529598236084,2.534976005554199,0.019587278366088867,0.019688129425048828
4966,0,0.5219230769230766,988,1000,4,1,4949.0,0,0,0,0,0,12.500102519989014,4.548020601272583,2.476530075073242,2.534976005554199,0.019587278366088867,0.01969146728515625
4967,0,0.5219230769230766,989,1000,9,1,4923.0,0,0,2,0,1,12.505891799926758,4.548622131347656,2.477635622024536,2.5388975143432617,0.019606590270996094,0.01969289779663086
4968,0,0.5219230769230766,989,1000,15,14,4830.642857142857,0,0,0,0,0,12.507387161254883,4.550039529800415,2.4776363372802734,2.5388975143432617,0.019606590270996094,0.0196993350982666
4969,0,0.5219230769230766,989,1000,10,10,4858.6,0,0,0,0,0,12.508050918579102,4.550660848617554,2.4776368141174316,2.5388975143432617,0.019606590270996094,0.01970195770263672
4970,0,0.5219230769230766,989,1000,26,22,4773.434782608696,0,0,2,0,2,12.515492677688599,4.552643060684204,2.478766918182373,2.542910099029541,0.01966381072998047,0.019703388214111328
4971,0,0.5219230769230766,989,1000,4,2,4869.5,0,0,2,0,2,12.522097110748291,4.554001569747925,2.4799082279205322,2.546870470046997,0.019682884216308594,0.01970982551574707
4972,0,0.5219230769230766,989,1000,12,11,4805.083333333333,0,0,0,0,0,12.523458003997803,4.555294752120972,2.4799087047576904,2.546870470046997,0.019682884216308594,0.01971602439880371
4973,0,0.5219230769230766,989,1000,12,3,4733.666666666667,0,0,0,0,0,12.524160861968994,4.555954217910767,2.4799089431762695,2.546870470046997,0.019682884216308594,0.019717931747436523
4974,0,0.5219230769230766,988,1000,1,1,4578.0,0,0,1,0,2,12.530083656311035,4.556520938873291,2.4810492992401123,2.550955057144165,0.01970052719116211,0.01971912384033203
4975,0,0.5219230769230766,988,1000,5,1,4975.0,0,0,0,1,1,12.53197693824768,4.5578391551971436,2.4815449714660645,2.550955057144165,0.01970052719116211,0.019725799560546875
4976,0,0.5219230769230766,988,1000,6,6,4827.714285714285,0,0,1,0,1,12.538544178009033,4.55964207649231,2.4826269149780273,2.5544753074645996,0.019726037979125977,0.019731760025024414
4977,0,0.5219230769230766,988,1000,7,4,4778.5,0,0,2,0,2,12.545275688171387,4.56111216545105,2.4838318824768066,2.5583925247192383,0.019745588302612305,0.019736528396606445
4978,0,0.5219230769230766,988,1000,10,1,4742.0,0,0,0,0,0,12.547139406204224,4.562778472900391,2.4838335514068604,2.5583925247192383,0.019767284393310547,0.019742250442504883
4979,0,0.5219230769230766,988,1000,14,12,4895.916666666667,0,0,0,0,0,12.548865556716919,4.564427375793457,2.4838337898254395,2.5583925247192383,0.019767284393310547,0.019748687744140625
4980,0,0.5219230769230766,988,1000,18,5,4823.4,0,0,0,0,0,12.549771785736084,4.565260410308838,2.4838342666625977,2.5583925247192383,0.019767284393310547,0.019751310348510742
4981,0,0.5219230769230766,988,1000,7,1,4981.0,0,0,0,1,1,12.551112413406372,4.565865755081177,2.484506368637085,2.5583925247192383,0.019767284393310547,0.019753456115722656
4982,0,0.5219230769230766,988,1000,12,12,4836.7692307692305,0,1,2,0,2,12.55635404586792,4.56668758392334,2.485365152359009,2.561765432357788,0.019792795181274414,0.01975536346435547
4983,0,0.5219230769230766,988,1000,15,8,4721.375,0,0,2,0,2,12.562700033187866,4.567622900009155,2.4867148399353027,2.565685987472534,0.019807100296020508,0.019757509231567383
4984,0,0.5219230769230766,988,1000,6,5,4806.2,0,0,0,0,0,12.564085006713867,4.56895637512207,2.486715316772461,2.565685987472534,0.019807100296020508,0.019764184951782227
4985,0,0.5219230769230766,988,1000,12,2,4797.5,0,0,2,0,2,12.569658041000366,4.569755554199219,2.4878149032592773,2.569148540496826,0.01983642578125,0.019766807556152344
4986,0,0.5219230769230766,988,1000,11,8,4676.888888888889,0,1,1,0,2,12.574978828430176,4.570812225341797,2.4885823726654053,2.5724740028381348,0.0198514461517334,0.019771099090576172
4987,0,0.5219230769230766,987,1000,8,4,4873.2,0,0,1,0,2,12.581890106201172,4.5726447105407715,2.489671468734741,2.5762715339660645,0.019876718521118164,0.0197756290435791
4988,0,0.5219230769230766,987,1000,4,3,4781.25,0,1,2,0,2,12.588458776473999,4.574186086654663,2.490814208984375,2.579956293106079,0.01990485191345215,0.019781827926635742
4989,0,0.5219230769230766,987,1000,1,1,4989.0,0,0,0,1,1,12.590150117874146,4.575491905212402,2.491147041320801,2.579956293106079,0.01990485191345215,0.01978754997253418
4990,0,0.5219230769230766,987,1000,5,4,4883.75,0,0,0,0,0,12.59095811843872,4.576270818710327,2.49114727973938,2.579956293106079,0.01990485191345215,0.019789934158325195
4991,0,0.5219230769230766,987,1000,15,4,4802.25,0,1,2,0,2,12.597332000732422,4.577080965042114,2.492361307144165,2.584052801132202,0.01993274688720703,0.019791126251220703
4992,0,0.5219230769230766,987,1000,6,6,4891.666666666667,0,0,0,0,0,12.598794937133789,4.578491449356079,2.4923622608184814,2.584052801132202,0.01993274688720703,0.01979660987854004
4993,0,0.5219230769230766,987,1000,7,6,4905.5,0,0,0,0,0,12.599539756774902,4.579202651977539,2.4923624992370605,2.584052801132202,0.01993274688720703,0.01979994773864746
4994,0,0.5219230769230766,987,1000,6,6,4788.5,0,0,0,0,0,12.600154876708984,4.579789161682129,2.4923627376556396,2.584052801132202,0.01993274688720703,0.01980137825012207
4995,0,0.5219230769230766,987,1000,15,14,4747.0,0,0,2,0,2,12.605883359909058,4.580451250076294,2.493528127670288,2.587716579437256,0.019970178604125977,0.01980280876159668
4996,0,0.5219230769230766,987,1000,2,1,4883.0,0,0,2,0,2,12.612984895706177,4.581737518310547,2.494896173477173,2.591965675354004,0.019988536834716797,0.01980876922607422
4997,0,0.5219230769230766,987,1000,4,1,4755.0,0,0,1,0,1,12.616519689559937,4.583157062530518,2.496029853820801,2.5928075313568115,0.02000594139099121,0.019814491271972656
4998,0,0.5219230769230766,987,1000,8,8,4819.625,0,0,0,0,0,12.618095874786377,4.584668159484863,2.4960312843322754,2.5928075313568115,0.02000594139099121,0.019819259643554688
4999,0,0.5582051282051271,987,1000,4,4,4924.5,0,1,2,0,2,12.624351978302002,4.585997581481934,2.4971604347229004,2.596125602722168,0.02002859115600586,0.01982426643371582
