Iteration,Accuracy (approx),Average Population Generality,Macropopulation Size,Micropopulation Size,Match Set Size,Correct Set Size,Average Iteration Age of Correct Set Classifiers,# Classifiers Subsumed in Iteration,# Crossover Operations Performed in Iteration,# Mutation Operations Performed in Iteration,# Covering Operations Performed in Iteration,# Deletion Operations Performed in Iteration,Total Global Time,Total Matching Time,Total Deletion Time,Total Subsumption Time,Total Selection Time,Total Evaluation Time
0,0,0,1,1,1,1,0.0,0,0,0,1,0,0.0768589973449707,7.867813110351562e-06,1.9073486328125e-06,0.0,0.0,0.0
1,0,0,2,2,1,1,1.0,0,0,0,1,0,0.07692122459411621,1.239776611328125e-05,2.6226043701171875e-06,0.0,0.0,1.1682510375976562e-05
2,0,0,3,3,1,1,2.0,0,0,0,1,0,0.07696986198425293,1.4781951904296875e-05,3.0994415283203125e-06,0.0,0.0,1.3828277587890625e-05
3,0,0,4,4,1,1,3.0,0,0,0,1,0,0.0770108699798584,1.7642974853515625e-05,3.337860107421875e-06,0.0,0.0,1.5497207641601562e-05
4,0,0,5,5,1,1,4.0,0,0,0,1,0,0.0770566463470459,2.1696090698242188e-05,3.5762786865234375e-06,0.0,0.0,1.6927719116210938e-05
5,0,0,6,6,1,1,5.0,0,0,0,1,0,0.07710742950439453,2.6941299438476562e-05,4.0531158447265625e-06,0.0,0.0,1.8596649169921875e-05
6,0,0,7,7,1,1,6.0,0,0,0,1,0,0.07715392112731934,3.337860107421875e-05,4.291534423828125e-06,0.0,0.0,2.4080276489257812e-05
7,0,0,8,8,1,1,7.0,0,0,0,1,0,0.07720232009887695,3.933906555175781e-05,4.5299530029296875e-06,0.0,0.0,2.574920654296875e-05
8,0,0,9,9,1,1,8.0,0,0,0,1,0,0.07724738121032715,4.6253204345703125e-05,5.0067901611328125e-06,0.0,0.0,2.7179718017578125e-05
9,0,0,10,10,1,1,9.0,0,0,0,1,0,0.07736802101135254,5.2928924560546875e-05,5.4836273193359375e-06,0.0,0.0,2.86102294921875e-05
10,0,0,11,11,1,1,10.0,0,0,0,1,0,0.0774221420288086,6.508827209472656e-05,5.9604644775390625e-06,0.0,0.0,3.0517578125e-05
11,0,0,12,12,1,1,11.0,0,0,0,1,0,0.07750439643859863,7.414817810058594e-05,6.4373016357421875e-06,0.0,0.0,6.604194641113281e-05
12,0,0,13,13,1,1,12.0,0,0,0,1,0,0.0775599479675293,8.440017700195312e-05,6.9141387939453125e-06,0.0,0.0,6.794929504394531e-05
13,0,0,14,14,1,1,13.0,0,0,0,1,0,0.07761836051940918,9.489059448242188e-05,7.152557373046875e-06,0.0,0.0,6.937980651855469e-05
14,0,0,15,15,1,1,14.0,0,0,0,1,0,0.07766914367675781,0.00010561943054199219,7.3909759521484375e-06,0.0,0.0,7.05718994140625e-05
15,0,0,16,16,1,1,15.0,0,0,0,1,0,0.07771897315979004,0.00011587142944335938,7.867813110351562e-06,0.0,0.0,7.200241088867188e-05
16,0,0,17,17,1,1,16.0,0,0,0,1,0,0.07776713371276855,0.00012755393981933594,8.344650268554688e-06,0.0,0.0,7.343292236328125e-05
17,0,0,18,18,1,1,17.0,0,0,0,1,0,0.0778203010559082,0.00014090538024902344,8.821487426757812e-06,0.0,0.0,7.462501525878906e-05
18,0,0,19,19,1,1,18.0,0,0,0,1,0,0.07786870002746582,0.00015306472778320312,9.059906005859375e-06,0.0,0.0,7.62939453125e-05
19,0,0,20,20,1,1,19.0,0,0,0,1,0,0.07791852951049805,0.00017070770263671875,9.5367431640625e-06,0.0,0.0,7.796287536621094e-05
20,0,0,21,21,1,1,20.0,0,0,0,1,0,0.07796359062194824,0.0001857280731201172,9.775161743164062e-06,0.0,0.0,7.939338684082031e-05
21,0,0,22,22,1,1,21.0,0,0,0,1,0,0.07828235626220703,0.00020241737365722656,1.0728836059570312e-05,0.0,0.0,8.082389831542969e-05
22,0,0,23,23,1,1,22.0,0,0,0,1,0,0.07836151123046875,0.00022530555725097656,1.1444091796875e-05,0.0,0.0,9.083747863769531e-05
23,0,0,24,24,1,1,23.0,0,0,0,1,0,0.07845616340637207,0.00024437904357910156,1.1682510375976562e-05,0.0,0.0,9.274482727050781e-05
24,0,0,25,25,1,1,24.0,0,0,0,1,0,0.07851719856262207,0.0002636909484863281,1.2159347534179688e-05,0.0,0.0,9.465217590332031e-05
25,0,0,26,26,1,1,25.0,0,0,0,1,0,0.07858657836914062,0.0002951622009277344,1.239776611328125e-05,0.0,0.0,9.608268737792969e-05
26,0,0,27,27,1,1,26.0,0,0,0,1,0,0.07936406135559082,0.0003132820129394531,1.4781951904296875e-05,0.0,0.0,9.751319885253906e-05
27,0,0,28,28,1,1,27.0,0,0,0,1,0,0.07953333854675293,0.0003917217254638672,1.5497207641601562e-05,0.0,0.0,0.00010585784912109375
28,0,0,29,29,1,1,28.0,0,0,0,1,0,0.07959938049316406,0.0004162788391113281,1.5974044799804688e-05,0.0,0.0,0.00010824203491210938
29,0,0,30,30,1,1,29.0,0,0,0,1,0,0.07965946197509766,0.0004372596740722656,1.6450881958007812e-05,0.0,0.0,0.00010967254638671875
30,0,0,31,31,1,1,30.0,0,0,0,1,0,0.0797121524810791,0.000457763671875,1.6927719116210938e-05,0.0,0.0,0.00011110305786132812
31,0,0,32,32,1,1,31.0,0,0,0,1,0,0.07977867126464844,0.00048160552978515625,1.71661376953125e-05,0.0,0.0,0.00011277198791503906
32,0,0,33,33,1,1,32.0,0,0,0,1,0,0.07982945442199707,0.0005044937133789062,1.7642974853515625e-05,0.0,0.0,0.00011444091796875
33,0,0,34,34,1,1,33.0,0,0,0,1,0,0.07989239692687988,0.0005297660827636719,1.7881393432617188e-05,0.0,0.0,0.00011587142944335938
34,0,0,35,35,1,1,34.0,0,0,0,1,0,0.07996201515197754,0.0005536079406738281,1.8596649169921875e-05,0.0,0.0,0.00012040138244628906
35,0,0,36,36,1,1,35.0,0,0,0,1,0,0.08023667335510254,0.0006544589996337891,1.9311904907226562e-05,0.0,0.0,0.00012159347534179688
36,0,0,37,37,1,1,36.0,0,0,0,1,0,0.08078598976135254,0.0007293224334716797,2.1219253540039062e-05,0.0,0.0,0.00043773651123046875
37,0,0,38,38,1,1,37.0,0,0,0,1,0,0.08086252212524414,0.0007634162902832031,2.1696090698242188e-05,0.0,0.0,0.00044226646423339844
38,0,0,39,39,1,1,38.0,0,0,0,1,0,0.08092832565307617,0.0007865428924560547,2.2172927856445312e-05,0.0,0.0,0.00044417381286621094
39,0,0,40,40,1,1,39.0,0,0,0,1,0,0.08099794387817383,0.0008156299591064453,2.2411346435546875e-05,0.0,0.0,0.0004458427429199219
40,0,0,41,41,1,1,40.0,0,0,0,1,0,0.08106446266174316,0.0008437633514404297,2.2649765014648438e-05,0.0,0.0,0.0004475116729736328
41,0,0,42,42,1,1,41.0,0,0,0,1,0,0.08114457130432129,0.0008783340454101562,2.3126602172851562e-05,0.0,0.0,0.0004489421844482422
42,0,0,43,43,1,1,42.0,0,0,0,1,0,0.08120417594909668,0.0009086132049560547,2.3365020751953125e-05,0.0,0.0,0.00045037269592285156
43,0,0,44,44,1,1,43.0,0,0,0,1,0,0.08135795593261719,0.0009393692016601562,2.4080276489257812e-05,0.0,0.0,0.0004603862762451172
44,0,0,45,45,1,1,44.0,0,0,0,1,0,0.08142495155334473,0.0009717941284179688,2.4557113647460938e-05,0.0,0.0,0.0004627704620361328
45,0,0,46,46,1,1,45.0,0,0,0,1,0,0.08153009414672852,0.0010035037994384766,2.47955322265625e-05,0.0,0.0,0.0004940032958984375
46,0,0,47,47,1,1,46.0,0,0,0,1,0,0.08159875869750977,0.0010385513305664062,2.5033950805664062e-05,0.0,0.0,0.0004956722259521484
47,0,0,48,48,1,1,47.0,0,0,0,1,0,0.08172106742858887,0.0011055469512939453,2.5510787963867188e-05,0.0,0.0,0.0004971027374267578
48,0,0,49,49,1,1,48.0,0,0,0,1,0,0.08179736137390137,0.0011408329010009766,2.574920654296875e-05,0.0,0.0,0.0004999637603759766
49,0,0,50,50,1,1,49.0,0,0,0,1,0,0.08185744285583496,0.0011730194091796875,2.6464462280273438e-05,0.0,0.0,0.0005016326904296875
50,0,0,51,51,1,1,50.0,0,0,0,1,0,0.08193755149841309,0.0012068748474121094,2.7179718017578125e-05,0.0,0.0,0.0005033016204833984
51,0,0,52,52,1,1,51.0,0,0,0,1,0,0.08200407028198242,0.001238107681274414,2.7418136596679688e-05,0.0,0.0,0.0005049705505371094
52,0,0,53,53,1,1,52.0,0,0,0,1,0,0.08208370208740234,0.00127410888671875,2.765655517578125e-05,0.0,0.0,0.0005066394805908203
53,0,0,54,54,1,1,53.0,0,0,0,1,0,0.0821526050567627,0.0013108253479003906,2.8133392333984375e-05,0.0,0.0,0.0005085468292236328
54,0,0,55,55,1,1,54.0,0,0,0,1,0,0.08222126960754395,0.0013484954833984375,2.8371810913085938e-05,0.0,0.0,0.0005104541778564453
55,0,0,56,56,1,1,55.0,0,0,0,1,0,0.0822901725769043,0.0013852119445800781,2.8848648071289062e-05,0.0,0.0,0.0005116462707519531
56,0,0,57,57,1,1,56.0,0,0,0,1,0,0.08235526084899902,0.0014209747314453125,2.9087066650390625e-05,0.0,0.0,0.0005128383636474609
57,0,0,58,58,1,1,57.0,0,0,0,1,0,0.08247828483581543,0.0014586448669433594,2.956390380859375e-05,0.0,0.0,0.0005145072937011719
58,0,0,59,59,1,1,58.0,0,0,0,1,0,0.08268594741821289,0.0015652179718017578,3.0040740966796875e-05,0.0,0.0,0.0005161762237548828
59,0,0,60,60,1,1,59.0,0,0,0,1,0,0.08277440071105957,0.0016109943389892578,3.0279159545898438e-05,0.0,0.0,0.0005183219909667969
60,0,0,61,61,1,1,60.0,0,0,0,1,0,0.08285117149353027,0.0016512870788574219,3.0517578125e-05,0.0,0.0,0.0005199909210205078
61,0,0,62,62,1,1,61.0,0,0,0,1,0,0.0829315185546875,0.0016918182373046875,3.0994415283203125e-05,0.0,0.0,0.0005218982696533203
62,0,0,63,63,1,1,62.0,0,0,0,1,0,0.08300018310546875,0.0017352104187011719,3.123283386230469e-05,0.0,0.0,0.0005254745483398438
63,0,0,64,64,1,1,63.0,0,0,0,1,0,0.08307480812072754,0.0017764568328857422,3.147125244140625e-05,0.0,0.0,0.0005271434783935547
64,0,0,65,65,1,1,64.0,0,0,0,1,0,0.08315563201904297,0.0018229484558105469,3.1948089599609375e-05,0.0,0.0,0.0005283355712890625
65,0,0,66,66,1,1,65.0,0,0,0,1,0,0.08323240280151367,0.0018672943115234375,3.24249267578125e-05,0.0,0.0,0.0005295276641845703
66,0,0,67,67,1,1,66.0,0,0,0,1,0,0.08331489562988281,0.0019097328186035156,3.2901763916015625e-05,0.0,0.0,0.0005314350128173828
67,0,0,68,68,1,1,67.0,0,0,0,1,0,0.08339738845825195,0.001960277557373047,3.314018249511719e-05,0.0,0.0,0.0005328655242919922
68,0,0,69,69,1,1,68.0,0,0,0,1,0,0.08362364768981934,0.0021469593048095703,3.337860107421875e-05,0.0,0.0,0.0005342960357666016
69,0,0,70,70,1,1,69.0,0,0,0,1,0,0.08624148368835449,0.0021948814392089844,3.552436828613281e-05,0.0,0.0,0.0005362033843994141
70,0,0,71,71,1,1,70.0,0,0,0,1,0,0.0863792896270752,0.002262592315673828,3.600120544433594e-05,0.0,0.0,0.0005426406860351562
71,0,0,72,72,1,1,71.0,0,0,0,1,0,0.08650565147399902,0.002351522445678711,3.6716461181640625e-05,0.0,0.0,0.0005440711975097656
72,0,0,73,73,1,1,72.0,0,0,0,1,0,0.08661389350891113,0.002424478530883789,3.719329833984375e-05,0.0,0.0,0.0005459785461425781
73,0,0,74,74,1,1,73.0,0,0,0,1,0,0.0867149829864502,0.0024826526641845703,3.7670135498046875e-05,0.0,0.0,0.0005476474761962891
74,0,0,75,75,1,1,74.0,0,0,0,1,0,0.08679914474487305,0.0025370121002197266,3.814697265625e-05,0.0,0.0,0.00054931640625
75,0,0,76,76,1,1,75.0,0,0,0,1,0,0.08688926696777344,0.002590179443359375,3.838539123535156e-05,0.0,0.0,0.0005507469177246094
76,0,0,77,77,1,1,76.0,0,0,0,1,0,0.08698320388793945,0.002640962600708008,3.886222839355469e-05,0.0,0.0,0.0005521774291992188
77,0,0,78,78,1,1,77.0,0,0,0,1,0,0.08707332611083984,0.002694368362426758,3.910064697265625e-05,0.0,0.0,0.0005533695220947266
78,0,0,79,79,1,1,78.0,0,0,0,1,0,0.0871574878692627,0.0027496814727783203,3.9577484130859375e-05,0.0,0.0,0.0005550384521484375
79,0,0,80,80,1,1,79.0,0,0,0,1,0,0.08724665641784668,0.002801656723022461,3.981590270996094e-05,0.0,0.0,0.0005564689636230469
80,0,0,81,81,1,1,80.0,0,0,0,1,0,0.08733606338500977,0.0028557777404785156,4.00543212890625e-05,0.0,0.0,0.0005581378936767578
81,0,0,82,82,1,1,81.0,0,0,0,1,0,0.08741927146911621,0.0029129981994628906,4.0531158447265625e-05,0.0,0.0,0.0005598068237304688
82,0,0,83,83,1,1,82.0,0,0,0,1,0,0.0877387523651123,0.0031232833862304688,4.1484832763671875e-05,0.0,0.0,0.0005617141723632812
83,0,0,84,84,1,1,83.0,0,0,0,1,0,0.08784079551696777,0.0031867027282714844,4.172325134277344e-05,0.0,0.0,0.0005652904510498047
84,0,0,85,85,1,1,84.0,0,0,0,1,0,0.0879364013671875,0.0032417774200439453,4.1961669921875e-05,0.0,0.0,0.0005667209625244141
85,0,0,86,86,1,1,85.0,0,0,0,1,0,0.08802604675292969,0.003292560577392578,4.267692565917969e-05,0.0,0.0,0.0005686283111572266
86,0,0,87,87,1,1,86.0,0,0,0,1,0,0.08813834190368652,0.003351449966430664,4.291534423828125e-05,0.0,0.0,0.0005795955657958984
87,0,0,88,88,1,1,87.0,0,0,0,1,0,0.08823442459106445,0.003412961959838867,4.315376281738281e-05,0.0,0.0,0.0005817413330078125
88,0,0,89,89,1,1,88.0,0,0,0,1,0,0.08832621574401855,0.0034706592559814453,4.363059997558594e-05,0.0,0.0,0.0005829334259033203
89,0,0,90,90,1,1,89.0,0,0,0,1,0,0.08841705322265625,0.0035271644592285156,4.410743713378906e-05,0.0,0.0,0.0005846023559570312
90,0,0,91,91,1,1,90.0,0,0,0,1,0,0.08858203887939453,0.0036520957946777344,4.506111145019531e-05,0.0,0.0,0.0005879402160644531
91,0,0,92,92,1,1,91.0,0,0,0,1,0,0.08867740631103516,0.0037088394165039062,4.5299530029296875e-05,0.0,0.0,0.0005900859832763672
92,0,0,93,93,1,1,92.0,0,0,0,1,0,0.08877778053283691,0.003767251968383789,4.553794860839844e-05,0.0,0.0,0.000591278076171875
93,0,0,94,94,1,1,93.0,0,0,0,1,0,0.08906698226928711,0.004006385803222656,4.6253204345703125e-05,0.0,0.0,0.0005929470062255859
94,0,0,95,95,1,1,94.0,0,0,0,1,0,0.08919119834899902,0.004089832305908203,4.673004150390625e-05,0.0,0.0,0.0005953311920166016
95,0,0,96,96,1,1,95.0,0,0,0,1,0,0.08928036689758301,0.0041501522064208984,4.7206878662109375e-05,0.0,0.0,0.0005970001220703125
96,0,0,97,97,1,1,96.0,0,0,0,1,0,0.08941984176635742,0.004242420196533203,4.76837158203125e-05,0.0,0.0,0.000598907470703125
97,0,0,98,98,1,1,97.0,0,0,0,1,0,0.08953475952148438,0.0043182373046875,4.8160552978515625e-05,0.0,0.0,0.0006010532379150391
98,0,0,99,99,1,1,98.0,0,0,0,1,0,0.08963894844055176,0.00438690185546875,4.839897155761719e-05,0.0,0.0,0.0006034374237060547
99,0,0,100,100,1,1,99.0,0,0,0,1,0,0.08973264694213867,0.004439830780029297,4.863739013671875e-05,0.0,0.0,0.0006051063537597656
100,0,0,101,101,1,1,100.0,0,0,0,1,0,0.08989620208740234,0.004559516906738281,4.9114227294921875e-05,0.0,0.0,0.000606536865234375
101,0,0,102,102,1,1,101.0,0,0,0,1,0,0.08999776840209961,0.0046253204345703125,4.935264587402344e-05,0.0,0.0,0.0006089210510253906
102,0,0,103,103,1,1,102.0,0,0,0,1,0,0.09009814262390137,0.004691362380981445,4.982948303222656e-05,0.0,0.0,0.0006105899810791016
103,0,0,104,104,1,1,103.0,0,0,0,1,0,0.09019613265991211,0.00475764274597168,5.054473876953125e-05,0.0,0.0,0.0006117820739746094
104,0,0,105,105,1,1,104.0,0,0,0,1,0,0.09038972854614258,0.004823923110961914,5.125999450683594e-05,0.0,0.0,0.0006129741668701172
105,0,0,106,106,1,1,105.0,0,0,0,1,0,0.09052896499633789,0.004920244216918945,5.173683166503906e-05,0.0,0.0,0.0006151199340820312
106,0,0,107,107,1,1,106.0,0,0,0,1,0,0.09064531326293945,0.0050051212310791016,5.221366882324219e-05,0.0,0.0,0.0006172657012939453
107,0,0,108,108,1,1,107.0,0,0,0,1,0,0.09075689315795898,0.005081653594970703,5.269050598144531e-05,0.0,0.0,0.0006191730499267578
108,0,0,109,109,1,1,108.0,0,0,0,1,0,0.0908670425415039,0.005146503448486328,5.316734313964844e-05,0.0,0.0,0.0006206035614013672
109,0,0,110,110,1,1,109.0,0,0,0,1,0,0.09097027778625488,0.0052182674407958984,5.340576171875e-05,0.0,0.0,0.0006222724914550781
110,0,0,111,111,1,1,110.0,0,0,0,1,0,0.09106802940368652,0.00528264045715332,5.3882598876953125e-05,0.0,0.0,0.0006237030029296875
111,0,0,112,112,1,1,111.0,0,0,0,1,0,0.09116935729980469,0.00534510612487793,5.435943603515625e-05,0.0,0.0,0.0006251335144042969
112,0,0,113,113,1,1,112.0,0,0,0,1,0,0.09126877784729004,0.005417585372924805,5.4836273193359375e-05,0.0,0.0,0.0006268024444580078
113,0,0,114,114,1,1,113.0,0,0,0,1,0,0.09137201309204102,0.005488395690917969,5.507469177246094e-05,0.0,0.0,0.0006282329559326172
114,0,0,115,115,1,1,114.0,0,0,0,1,0,0.09151768684387207,0.005594015121459961,5.555152893066406e-05,0.0,0.0,0.000629425048828125
115,0,0,116,116,1,1,115.0,0,0,0,1,0,0.09162688255310059,0.005674600601196289,5.5789947509765625e-05,0.0,0.0,0.0006310939788818359
116,0,0,117,117,1,1,116.0,0,0,0,1,0,0.09172749519348145,0.005745410919189453,5.602836608886719e-05,0.0,0.0,0.0006327629089355469
117,0,0,118,118,1,1,117.0,0,0,0,1,0,0.09183192253112793,0.005814075469970703,5.626678466796875e-05,0.0,0.0,0.0006344318389892578
118,0,0,119,119,1,1,118.0,0,0,0,1,0,0.09194445610046387,0.005890607833862305,5.6743621826171875e-05,0.0,0.0,0.0006361007690429688
119,0,0,120,120,1,1,119.0,0,0,0,1,0,0.09206700325012207,0.005975008010864258,5.698204040527344e-05,0.0,0.0,0.0006384849548339844
120,0,0,121,121,1,1,120.0,0,0,0,1,0,0.09217524528503418,0.0060503482818603516,5.745887756347656e-05,0.0,0.0,0.0006399154663085938
121,0,0,122,122,1,1,121.0,0,0,0,1,0,0.0922861099243164,0.0061261653900146484,5.7697296142578125e-05,0.0,0.0,0.0006415843963623047
122,0,0,123,123,1,1,122.0,0,0,0,1,0,0.09249687194824219,0.0062961578369140625,5.841255187988281e-05,0.0,0.0,0.0006432533264160156
123,0,0,124,124,1,1,123.0,0,0,0,1,0,0.09268379211425781,0.0063855648040771484,5.91278076171875e-05,0.0,0.0,0.0006453990936279297
124,0,0,125,125,1,1,124.0,0,0,0,1,0,0.09280705451965332,0.006476640701293945,5.936622619628906e-05,0.0,0.0,0.0006475448608398438
125,0,0,126,126,1,1,125.0,0,0,0,1,0,0.09293389320373535,0.0065686702728271484,5.984306335449219e-05,0.0,0.0,0.0006494522094726562
126,0,0,127,127,1,1,126.0,0,0,0,1,0,0.09304213523864746,0.006650686264038086,6.008148193359375e-05,0.0,0.0,0.0006508827209472656
127,0,0,128,128,1,1,127.0,0,0,0,1,0,0.09315371513366699,0.0067291259765625,6.103515625e-05,0.0,0.0,0.000652313232421875
128,0,0,129,129,1,1,128.0,0,0,0,1,0,0.09329795837402344,0.006814002990722656,6.127357482910156e-05,0.0,0.0,0.0006537437438964844
129,0,0,130,130,1,1,129.0,0,0,0,1,0,0.09341096878051758,0.0068950653076171875,6.151199340820312e-05,0.0,0.0,0.0006554126739501953
130,0,0,131,131,1,1,130.0,0,0,0,1,0,0.09356832504272461,0.007011890411376953,6.198883056640625e-05,0.0,0.0,0.0006570816040039062
131,0,0,132,132,1,1,131.0,0,0,0,1,0,0.09369492530822754,0.007104635238647461,6.222724914550781e-05,0.0,0.0,0.0006589889526367188
132,0,0,133,133,1,1,132.0,0,0,0,1,0,0.09382176399230957,0.007199525833129883,6.270408630371094e-05,0.0,0.0,0.0006604194641113281
133,0,0,134,134,1,1,133.0,0,0,0,1,0,0.09393835067749023,0.007284641265869141,6.318092346191406e-05,0.0,0.0,0.0006620883941650391
134,0,0,135,135,1,1,134.0,0,0,0,1,0,0.09406232833862305,0.00737452507019043,6.365776062011719e-05,0.0,0.0,0.0006632804870605469
135,0,0,136,136,1,1,135.0,0,0,0,1,0,0.09418892860412598,0.007463693618774414,6.389617919921875e-05,0.0,0.0,0.0006644725799560547
136,0,0,137,137,1,1,136.0,0,0,0,1,0,0.09430527687072754,0.007545948028564453,6.437301635742188e-05,0.0,0.0,0.0006659030914306641
137,0,0,138,138,1,1,137.0,0,0,0,1,0,0.09442019462585449,0.007635354995727539,6.461143493652344e-05,0.0,0.0,0.0006673336029052734
138,0,0,139,139,1,1,138.0,0,0,0,1,0,0.09460282325744629,0.0077817440032958984,6.532669067382812e-05,0.0,0.0,0.0006687641143798828
139,0,0,140,140,1,1,139.0,0,0,0,1,0,0.0947263240814209,0.007877349853515625,6.580352783203125e-05,0.0,0.0,0.0006709098815917969
140,0,0,141,141,1,1,140.0,0,0,0,1,0,0.09484314918518066,0.007964372634887695,6.604194641113281e-05,0.0,0.0,0.0006723403930664062
141,0,0,142,142,1,1,141.0,0,0,0,1,0,0.0949697494506836,0.008058786392211914,6.651878356933594e-05,0.0,0.0,0.0006737709045410156
142,0,0,143,143,1,1,142.0,0,0,0,1,0,0.09509515762329102,0.00815129280090332,6.699562072753906e-05,0.0,0.0,0.0006754398345947266
143,0,0,144,144,1,1,143.0,0,0,0,1,0,0.09522461891174316,0.008245468139648438,6.723403930664062e-05,0.0,0.0,0.0006771087646484375
144,0,0,145,145,1,1,144.0,0,0,0,1,0,0.10659623146057129,0.008342742919921875,7.009506225585938e-05,0.0,0.0,0.0006785392761230469
145,0,0,146,146,1,1,145.0,0,0,0,1,0,0.1068873405456543,0.00858163833618164,7.05718994140625e-05,0.0,0.0,0.0006856918334960938
146,0,0,147,147,1,1,146.0,0,0,0,1,0,0.107025146484375,0.008681297302246094,7.104873657226562e-05,0.0,0.0,0.0006871223449707031
147,0,0,148,148,1,1,147.0,0,0,0,1,0,0.10716509819030762,0.008788347244262695,7.176399230957031e-05,0.0,0.0,0.0006887912750244141
148,0,0,149,149,1,1,148.0,0,0,0,1,0,0.10729742050170898,0.008881807327270508,7.224082946777344e-05,0.0,0.0,0.0006906986236572266
149,0,0,150,150,1,1,149.0,0,0,0,1,0,0.10748100280761719,0.008980274200439453,7.271766662597656e-05,0.0,0.0,0.0006923675537109375
150,0,0,151,151,1,1,150.0,0,0,0,1,0,0.10763001441955566,0.009088993072509766,7.319450378417969e-05,0.0,0.0,0.0006952285766601562
151,0,0,152,152,1,1,151.0,0,0,0,1,0,0.10779356956481934,0.009193658828735352,7.390975952148438e-05,0.0,0.0,0.0006971359252929688
152,0,0,153,153,1,1,152.0,0,0,0,1,0,0.10793948173522949,0.009303569793701172,7.43865966796875e-05,0.0,0.0,0.0006992816925048828
153,0,0,154,154,1,1,153.0,0,0,0,1,0,0.10807633399963379,0.009402036666870117,7.462501525878906e-05,0.0,0.0,0.0007011890411376953
154,0,0,155,155,1,1,154.0,0,0,0,1,0,0.10821151733398438,0.009502410888671875,7.510185241699219e-05,0.0,0.0,0.0007030963897705078
155,0,0,156,156,1,1,155.0,0,0,0,1,0,0.1083378791809082,0.009602069854736328,7.534027099609375e-05,0.0,0.0,0.0007047653198242188
156,0,0,157,157,1,1,156.0,0,0,0,1,0,0.1084756851196289,0.009702205657958984,7.581710815429688e-05,0.0,0.0,0.0007061958312988281
157,0,0,158,158,1,1,157.0,0,0,0,1,0,0.10861063003540039,0.009804248809814453,7.62939453125e-05,0.0,0.0,0.0007076263427734375
158,0,0,159,159,1,1,158.0,0,0,0,1,0,0.10876822471618652,0.009903669357299805,7.677078247070312e-05,0.0,0.0,0.00070953369140625
159,0,0,160,160,1,1,159.0,0,0,0,1,0,0.10891509056091309,0.010012626647949219,7.772445678710938e-05,0.0,0.0,0.0007112026214599609
160,0,0,161,161,1,1,160.0,0,0,0,1,0,0.10903716087341309,0.010109424591064453,7.796287536621094e-05,0.0,0.0,0.0007131099700927734
161,0,0,162,162,1,1,161.0,0,0,0,1,0,0.10918307304382324,0.010215044021606445,7.82012939453125e-05,0.0,0.0,0.0007147789001464844
162,0,0,163,163,1,1,162.0,0,0,0,1,0,0.10932707786560059,0.010320425033569336,7.867813110351562e-05,0.0,0.0,0.0007164478302001953
163,0,0,164,164,1,1,163.0,0,0,0,1,0,0.10947203636169434,0.01042795181274414,7.915496826171875e-05,0.0,0.0,0.0007181167602539062
164,0,0,165,165,1,1,164.0,0,0,0,1,0,0.10963153839111328,0.010526657104492188,7.963180541992188e-05,0.0,0.0,0.0007195472717285156
165,0,0,166,166,1,1,165.0,0,0,0,1,0,0.1097719669342041,0.010635137557983398,8.034706115722656e-05,0.0,0.0,0.0007214546203613281
166,0,0,167,167,1,1,166.0,0,0,0,1,0,0.10991072654724121,0.010748147964477539,8.058547973632812e-05,0.0,0.0,0.0007228851318359375
167,0,0,168,168,1,1,167.0,0,0,0,1,0,0.11005234718322754,0.010856866836547852,8.082389831542969e-05,0.0,0.0,0.0007243156433105469
168,0,0,169,169,1,1,168.0,0,0,0,1,0,0.11020994186401367,0.010979413986206055,8.106231689453125e-05,0.0,0.0,0.0007257461547851562
169,0,0,170,170,1,1,169.0,0,0,0,1,0,0.11035013198852539,0.01108241081237793,8.130073547363281e-05,0.0,0.0,0.0007274150848388672
170,0,0,171,171,1,1,170.0,0,0,0,1,0,0.1104881763458252,0.011182785034179688,8.153915405273438e-05,0.0,0.0,0.0007293224334716797
171,0,0,172,172,1,1,171.0,0,0,0,1,0,0.12816286087036133,0.011295318603515625,8.463859558105469e-05,0.0,0.0,0.0008523464202880859
172,0,0,173,173,1,1,172.0,0,0,0,1,0,0.1285381317138672,0.011579513549804688,8.559226989746094e-05,0.0,0.0,0.0008599758148193359
173,0,0,174,174,1,1,173.0,0,0,0,1,0,0.12889337539672852,0.011870861053466797,8.678436279296875e-05,0.0,0.0,0.0008625984191894531
174,0,0,175,175,1,1,174.0,0,0,0,1,0,0.1292276382446289,0.012104272842407227,8.749961853027344e-05,0.0,0.0,0.0009055137634277344
175,0,0,176,176,1,1,175.0,0,0,0,1,0,0.13000893592834473,0.012764930725097656,8.96453857421875e-05,0.0,0.0,0.0009090900421142578
176,0,0,177,177,1,1,176.0,0,0,0,1,0,0.13038301467895508,0.013058185577392578,9.059906005859375e-05,0.0,0.0,0.0009167194366455078
177,0,0,178,178,1,1,177.0,0,0,0,1,0,0.13079571723937988,0.013382911682128906,9.274482727050781e-05,0.0,0.0,0.0009205341339111328
178,0,0,179,179,1,1,178.0,0,0,0,1,0,0.1310572624206543,0.013584375381469727,9.393692016601562e-05,0.0,0.0,0.000926971435546875
179,0,0,180,180,1,1,179.0,0,0,0,1,0,0.13127470016479492,0.013759136199951172,9.465217590332031e-05,0.0,0.0,0.0009300708770751953
180,0,0,181,181,1,1,180.0,0,0,0,1,0,0.1315021514892578,0.01393437385559082,9.560585021972656e-05,0.0,0.0,0.0009331703186035156
181,0,0,182,182,1,1,181.0,0,0,0,1,0,0.1316814422607422,0.014069557189941406,9.632110595703125e-05,0.0,0.0,0.0009360313415527344
182,0,0,183,183,1,1,182.0,0,0,0,1,0,0.13187384605407715,0.014221906661987305,9.679794311523438e-05,0.0,0.0,0.0009381771087646484
183,0,0,184,184,1,1,183.0,0,0,0,1,0,0.13206839561462402,0.014379262924194336,9.703636169433594e-05,0.0,0.0,0.0009398460388183594
184,0,0,185,185,1,1,184.0,0,0,0,1,0,0.13224029541015625,0.014513492584228516,9.751319885253906e-05,0.0,0.0,0.0009417533874511719
185,0,0,186,186,1,1,185.0,0,0,0,1,0,0.13244867324829102,0.014648675918579102,9.846687316894531e-05,0.0,0.0,0.0009434223175048828
186,0,0,187,187,1,1,186.0,0,0,0,1,0,0.13265204429626465,0.014802217483520508,9.918212890625e-05,0.0,0.0,0.0009453296661376953
187,0,0,188,188,1,1,187.0,0,0,0,1,0,0.13285565376281738,0.01495671272277832,9.989738464355469e-05,0.0,0.0,0.0009479522705078125
188,0,0,189,189,1,1,188.0,0,0,0,1,0,0.13304448127746582,0.01510310173034668,0.00010037422180175781,0.0,0.0,0.0009508132934570312
189,0,0,190,190,1,1,189.0,0,0,0,1,0,0.13319802284240723,0.01522064208984375,0.0001010894775390625,0.0,0.0,0.0009527206420898438
190,0,0,191,191,1,1,190.0,0,0,0,1,0,0.13356280326843262,0.015372276306152344,0.00010156631469726562,0.0,0.0,0.0009543895721435547
191,0,0,192,192,1,1,191.0,0,0,0,1,0,0.13379836082458496,0.015555381774902344,0.000102996826171875,0.0,0.0,0.0009572505950927734
192,0,0,193,193,1,1,192.0,0,0,0,1,0,0.13395905494689941,0.015680551528930664,0.00010347366333007812,0.0,0.0,0.0009591579437255859
193,0,0,194,194,1,1,193.0,0,0,0,1,0,0.13413143157958984,0.015813827514648438,0.00010395050048828125,0.0,0.0,0.0009608268737792969
194,0,0,195,195,1,1,194.0,0,0,0,1,0,0.13433289527893066,0.015970706939697266,0.00010442733764648438,0.0,0.0,0.0009622573852539062
195,0,0,196,196,1,1,195.0,0,0,0,1,0,0.13455963134765625,0.01615428924560547,0.00010538101196289062,0.0,0.0,0.0009639263153076172
196,0,0,197,197,1,1,196.0,0,0,0,1,0,0.134751558303833,0.01630377769470215,0.00010585784912109375,0.0,0.0,0.0009663105010986328
197,0,0,198,198,1,1,197.0,0,0,0,1,0,0.1349658966064453,0.016473770141601562,0.0001068115234375,0.0,0.0,0.0009682178497314453
198,0,0,199,199,1,1,198.0,0,0,0,1,0,0.13517379760742188,0.016640186309814453,0.00010728836059570312,0.0,0.0,0.0009703636169433594
199,0,0,200,200,1,1,199.0,0,0,0,1,0,0.13535475730895996,0.016782283782958984,0.00010776519775390625,0.0,0.0,0.0009725093841552734
200,0,0,201,201,1,1,200.0,0,0,0,1,0,0.13558006286621094,0.016957998275756836,0.0001087188720703125,0.0,0.0,0.0009746551513671875
201,0,0,202,202,1,1,201.0,0,0,0,1,0,0.1357882022857666,0.01710963249206543,0.00010943412780761719,0.0,0.0,0.0009768009185791016
202,0,0,203,203,1,1,202.0,0,0,0,1,0,0.1360023021697998,0.01726984977722168,0.00011014938354492188,0.0,0.0,0.0009791851043701172
203,0,0,204,204,1,1,203.0,0,0,0,1,0,0.13618755340576172,0.017420291900634766,0.00011110305786132812,0.0,0.0,0.0009815692901611328
204,0,0,205,205,1,1,204.0,0,0,0,1,0,0.13637471199035645,0.017568111419677734,0.00011181831359863281,0.0,0.0,0.0009832382202148438
205,0,0,206,206,1,1,205.0,0,0,0,1,0,0.13660001754760742,0.01774454116821289,0.00011229515075683594,0.0,0.0,0.0009849071502685547
206,0,0,207,207,1,1,206.0,0,0,0,1,0,0.13680577278137207,0.017905712127685547,0.00011301040649414062,0.0,0.0,0.0009870529174804688
207,0,0,208,208,1,1,207.0,0,0,0,1,0,0.1370077133178711,0.01806950569152832,0.00011372566223144531,0.0,0.0,0.0009894371032714844
208,0,0,209,209,1,1,208.0,0,0,0,1,0,0.13719487190246582,0.018218040466308594,0.00011420249938964844,0.0,0.0,0.0009915828704833984
209,0,0,210,210,1,1,209.0,0,0,0,1,0,0.13744449615478516,0.01838374137878418,0.00011515617370605469,0.0,0.0,0.0009937286376953125
210,0,0,211,211,1,1,210.0,0,0,0,1,0,0.13768792152404785,0.01857757568359375,0.00011563301086425781,0.0,0.0,0.0009970664978027344
211,0,0,212,212,1,1,211.0,0,0,0,1,0,0.13789868354797363,0.018737077713012695,0.00011610984802246094,0.0,0.0,0.0009989738464355469
212,0,0,213,213,1,1,212.0,0,0,0,1,0,0.13809561729431152,0.018889665603637695,0.00011658668518066406,0.0,0.0,0.0010006427764892578
213,0,0,214,214,1,1,213.0,0,0,0,1,0,0.13886117935180664,0.019043684005737305,0.00011897087097167969,0.0,0.0,0.0010027885437011719
214,0,0,215,215,1,1,214.0,0,0,0,1,0,0.13916659355163574,0.019288063049316406,0.00011992454528808594,0.0,0.0,0.0010099411010742188
215,0,0,216,216,1,1,215.0,0,0,0,1,0,0.13935065269470215,0.019429445266723633,0.00012040138244628906,0.0,0.0,0.0010128021240234375
216,0,0,217,217,1,1,216.0,0,0,0,1,0,0.13959646224975586,0.019637107849121094,0.00012087821960449219,0.0,0.0,0.00101470947265625
217,0,0,218,218,1,1,217.0,0,0,0,1,0,0.13980913162231445,0.019812822341918945,0.00012135505676269531,0.0,0.0,0.0010170936584472656
218,0,0,219,219,1,1,218.0,0,0,0,1,0,0.13999414443969727,0.019960641860961914,0.00012183189392089844,0.0,0.0,0.0010190010070800781
219,0,0,220,220,1,1,219.0,0,0,0,1,0,0.14019155502319336,0.02011847496032715,0.00012230873107910156,0.0,0.0,0.0010211467742919922
220,0,0,221,221,1,1,220.0,0,0,0,1,0,0.14035773277282715,0.020241975784301758,0.0001227855682373047,0.0,0.0,0.0010232925415039062
221,0,0,222,222,1,1,221.0,0,0,0,1,0,0.14067411422729492,0.020508766174316406,0.00012373924255371094,0.0,0.0,0.0010251998901367188
222,0,0,223,223,1,1,222.0,0,0,0,1,0,0.1408987045288086,0.020682334899902344,0.00012421607971191406,0.0,0.0,0.001028299331665039
223,0,0,224,224,1,1,223.0,0,0,0,1,0,0.1411151885986328,0.020857810974121094,0.0001246929168701172,0.0,0.0,0.0010306835174560547
224,0,0,225,225,1,1,224.0,0,0,0,1,0,0.1412944793701172,0.020999431610107422,0.0001251697540283203,0.0,0.0,0.0010328292846679688
225,0,0,226,226,1,1,225.0,0,0,0,1,0,0.14153170585632324,0.02118992805480957,0.00012564659118652344,0.0,0.0,0.0010347366333007812
226,0,0,227,227,1,1,226.0,0,0,0,1,0,0.14173650741577148,0.021359920501708984,0.00012612342834472656,0.0,0.0,0.0010366439819335938
227,0,0,228,228,1,1,227.0,0,0,0,1,0,0.1419205665588379,0.021506786346435547,0.0001266002655029297,0.0,0.0,0.0010385513305664062
228,0,0,229,229,1,1,228.0,0,0,0,1,0,0.1421189308166504,0.021672487258911133,0.00012683868408203125,0.0,0.0,0.0010406970977783203
229,0,0,230,230,1,1,229.0,0,0,0,1,0,0.14229726791381836,0.021819114685058594,0.0001270771026611328,0.0,0.0,0.0010421276092529297
230,0,0,231,231,1,1,230.0,0,0,0,1,0,0.14252948760986328,0.022012710571289062,0.00012731552124023438,0.0,0.0,0.001043558120727539
231,0,0,232,232,1,1,231.0,0,0,0,1,0,0.14273452758789062,0.022186279296875,0.0001277923583984375,0.0,0.0,0.0010454654693603516
232,0,0,233,233,1,1,232.0,0,0,0,1,0,0.14293193817138672,0.022333860397338867,0.00012826919555664062,0.0,0.0,0.0010471343994140625
233,0,0,234,234,1,1,233.0,0,0,0,1,0,0.14313936233520508,0.022503376007080078,0.00012874603271484375,0.0,0.0,0.001049041748046875
234,0,0,235,235,1,1,234.0,0,0,0,1,0,0.14334964752197266,0.02267146110534668,0.00012969970703125,0.0,0.0,0.0010504722595214844
235,0,0,236,236,1,1,235.0,0,0,0,1,0,0.14357805252075195,0.02285909652709961,0.0001304149627685547,0.0,0.0,0.0010523796081542969
236,0,0,237,237,1,1,236.0,0,0,0,1,0,0.14377593994140625,0.023014068603515625,0.00013113021850585938,0.0,0.0,0.0010540485382080078
237,0,0,238,238,1,1,237.0,0,0,0,1,0,0.14397907257080078,0.02317214012145996,0.00013184547424316406,0.0,0.0,0.0010557174682617188
238,0,0,239,239,1,1,238.0,0,0,0,1,0,0.14422369003295898,0.02336907386779785,0.00013256072998046875,0.0,0.0,0.0010578632354736328
239,0,0,240,240,1,1,239.0,0,0,0,1,0,0.14446520805358887,0.023573875427246094,0.00013303756713867188,0.0,0.0,0.0010595321655273438
240,0,0,241,241,1,1,240.0,0,0,0,1,0,0.14467501640319824,0.0237424373626709,0.000133514404296875,0.0,0.0,0.0010619163513183594
241,0,0,242,242,1,1,241.0,0,0,0,1,0,0.14490294456481934,0.02393174171447754,0.00013399124145507812,0.0,0.0,0.0010635852813720703
242,0,0,243,243,1,1,242.0,0,0,0,1,0,0.1451272964477539,0.024115324020385742,0.00013446807861328125,0.0,0.0,0.0010652542114257812
243,0,0,244,244,1,1,243.0,0,0,0,1,0,0.145341157913208,0.02428293228149414,0.0001347064971923828,0.0,0.0,0.0010671615600585938
244,0,0,245,245,1,1,244.0,0,0,0,1,0,0.14562559127807617,0.024522781372070312,0.00013518333435058594,0.0,0.0,0.0010688304901123047
245,0,0,246,246,1,1,245.0,0,0,0,1,0,0.14584851264953613,0.024702787399291992,0.0001354217529296875,0.0,0.0,0.0010712146759033203
246,0,0,247,247,1,1,246.0,0,0,0,1,0,0.14603710174560547,0.024853944778442383,0.00013566017150878906,0.0,0.0,0.001073598861694336
247,0,0,248,248,1,1,247.0,0,0,0,1,0,0.14626789093017578,0.025049209594726562,0.0001361370086669922,0.0,0.0,0.00107574462890625
248,0,0,249,249,1,1,248.0,0,0,0,1,0,0.14651107788085938,0.025252103805541992,0.00013637542724609375,0.0,0.0,0.001077413558959961
249,0,0,250,250,1,1,249.0,0,0,0,1,0,0.14672064781188965,0.02542400360107422,0.00013685226440429688,0.0,0.0,0.0010800361633300781
250,0,0,251,251,1,1,250.0,0,0,0,1,0,0.1469440460205078,0.025609970092773438,0.0001373291015625,0.0,0.0,0.001081705093383789
251,0,0,252,252,1,1,251.0,0,0,0,1,0,0.1471550464630127,0.025781631469726562,0.00013780593872070312,0.0,0.0,0.0010836124420166016
252,0,0,253,253,1,1,252.0,0,0,0,1,0,0.14736127853393555,0.02595043182373047,0.00013828277587890625,0.0,0.0,0.0010859966278076172
253,0,0,254,254,1,1,253.0,0,0,0,1,0,0.14762616157531738,0.026171445846557617,0.00013899803161621094,0.0,0.0,0.0010876655578613281
254,0,0,255,255,1,1,254.0,0,0,0,1,0,0.1478586196899414,0.02636575698852539,0.0001392364501953125,0.0,0.0,0.0010895729064941406
255,0,0,256,256,1,1,255.0,0,0,0,1,0,0.14804935455322266,0.026514768600463867,0.00013971328735351562,0.0,0.0,0.00109100341796875
256,0,0,257,257,1,1,256.0,0,0,0,1,0,0.14827704429626465,0.026705503463745117,0.00014019012451171875,0.0,0.0,0.001092672348022461
257,0,0,258,258,1,1,257.0,0,0,0,1,0,0.14852333068847656,0.02691197395324707,0.00014066696166992188,0.0,0.0,0.001094818115234375
258,0,0,259,259,1,1,258.0,0,0,0,1,0,0.14873147010803223,0.02708601951599121,0.00014138221740722656,0.0,0.0,0.0010972023010253906
259,0,0,260,260,1,1,259.0,0,0,0,1,0,0.14895200729370117,0.027265071868896484,0.0001418590545654297,0.0,0.0,0.0010993480682373047
260,0,0,261,261,1,1,260.0,0,0,0,1,0,0.1491680145263672,0.027441740036010742,0.0001423358917236328,0.0,0.0,0.0011012554168701172
261,0,0,262,262,1,1,261.0,0,0,0,1,0,0.1493675708770752,0.02760767936706543,0.00014281272888183594,0.0,0.0,0.0011031627655029297
262,0,0,263,263,1,1,262.0,0,0,0,1,0,0.1496262550354004,0.027820348739624023,0.00014328956604003906,0.0,0.0,0.0011048316955566406
263,0,0,264,264,2,1,263.0,0,0,0,1,0,0.14989852905273438,0.028049707412719727,0.0001437664031982422,0.0,0.0,0.0011069774627685547
264,0,0,265,266,1,1,112.0,0,0,1,0,0,0.15044450759887695,0.028246402740478516,0.00014495849609375,0.00012063980102539062,4.696846008300781e-05,0.0011091232299804688
265,0,0,266,267,1,1,265.0,0,0,0,1,0,0.15081334114074707,0.028549671173095703,0.0001456737518310547,0.00012063980102539062,4.696846008300781e-05,0.0011131763458251953
266,0,0,267,268,1,1,266.0,0,0,0,1,0,0.1510605812072754,0.028746604919433594,0.0001461505889892578,0.00012063980102539062,4.696846008300781e-05,0.0011153221130371094
267,0,0,268,269,1,1,267.0,0,0,0,1,0,0.15128684043884277,0.02893805503845215,0.00014662742614746094,0.00012063980102539062,4.696846008300781e-05,0.0011172294616699219
268,0,0,269,270,2,1,268.0,0,0,0,1,0,0.15152573585510254,0.029135704040527344,0.00014710426330566406,0.00012063980102539062,4.696846008300781e-05,0.0011191368103027344
269,0,0,270,271,1,1,269.0,0,0,0,1,0,0.15174078941345215,0.0293118953704834,0.0001475811004638672,0.00012063980102539062,4.696846008300781e-05,0.0011210441589355469
270,0,0,271,272,1,1,270.0,0,0,0,1,0,0.15195369720458984,0.02948617935180664,0.00014829635620117188,0.00012063980102539062,4.696846008300781e-05,0.0011229515075683594
271,0,0,272,273,1,1,271.0,0,0,0,1,0,0.1522204875946045,0.029704809188842773,0.000148773193359375,0.00012063980102539062,4.696846008300781e-05,0.0011248588562011719
272,0,0,273,274,1,1,272.0,0,0,0,1,0,0.15248537063598633,0.029925823211669922,0.00014901161193847656,0.00012063980102539062,4.696846008300781e-05,0.0011267662048339844
273,0,0,274,275,1,1,273.0,0,0,0,1,0,0.15272188186645508,0.03011631965637207,0.0001494884490966797,0.00012063980102539062,4.696846008300781e-05,0.0011286735534667969
274,0,0,275,276,1,1,274.0,0,0,0,1,0,0.1529552936553955,0.030312299728393555,0.00014972686767578125,0.00012063980102539062,4.696846008300781e-05,0.0011303424835205078
275,0,0,276,277,1,1,275.0,0,0,0,1,0,0.15318751335144043,0.030506134033203125,0.0001499652862548828,0.00012063980102539062,4.696846008300781e-05,0.0011322498321533203
276,0,0,277,278,1,1,276.0,0,0,0,1,0,0.15345072746276855,0.030696630477905273,0.00015044212341308594,0.00012063980102539062,4.696846008300781e-05,0.0011343955993652344
277,0,0,278,279,1,1,277.0,0,0,0,1,0,0.15368294715881348,0.030885934829711914,0.00015091896057128906,0.00012063980102539062,4.696846008300781e-05,0.0011363029479980469
278,0,0,279,280,1,1,278.0,0,0,0,1,0,0.15391921997070312,0.031078815460205078,0.0001513957977294922,0.00012063980102539062,4.696846008300781e-05,0.0011382102966308594
279,0,0,280,281,1,1,279.0,0,0,0,1,0,0.15418505668640137,0.03130078315734863,0.00015234947204589844,0.00012063980102539062,4.696846008300781e-05,0.0011396408081054688
280,0,0,281,282,1,1,280.0,0,0,0,1,0,0.15445828437805176,0.03149771690368652,0.00015306472778320312,0.00012063980102539062,4.696846008300781e-05,0.001142263412475586
281,0,0,282,283,1,1,281.0,0,0,0,1,0,0.15474677085876465,0.03173637390136719,0.0001537799835205078,0.00012063980102539062,4.696846008300781e-05,0.0011448860168457031
282,0,0,283,284,1,1,282.0,0,0,0,1,0,0.15504240989685059,0.031981706619262695,0.00015497207641601562,0.00012063980102539062,4.696846008300781e-05,0.0011479854583740234
283,0,0,284,285,1,1,283.0,0,0,0,1,0,0.15532255172729492,0.032215118408203125,0.0001556873321533203,0.00012063980102539062,4.696846008300781e-05,0.001150369644165039
284,0,0,285,286,1,1,284.0,0,0,0,1,0,0.1561424732208252,0.03294682502746582,0.00015783309936523438,0.00012063980102539062,4.696846008300781e-05,0.0011522769927978516
285,0,0,286,287,1,1,285.0,0,0,0,1,0,0.15677213668823242,0.03348088264465332,0.00015974044799804688,0.00012063980102539062,4.696846008300781e-05,0.0011599063873291016
286,0,0,287,288,1,1,286.0,0,0,0,1,0,0.15738797187805176,0.034000396728515625,0.0001614093780517578,0.00012063980102539062,4.696846008300781e-05,0.00116729736328125
287,0,0,288,289,1,1,287.0,0,0,0,1,0,0.15797710418701172,0.03449106216430664,0.0001633167266845703,0.00012063980102539062,4.696846008300781e-05,0.0011742115020751953
288,0,0,289,290,1,1,288.0,0,0,0,1,0,0.15853619575500488,0.03495311737060547,0.00016546249389648438,0.00012063980102539062,4.696846008300781e-05,0.0011816024780273438
289,0,0,290,291,1,1,289.0,0,0,0,1,0,0.15919137001037598,0.03549957275390625,0.0001678466796875,0.00012063980102539062,4.696846008300781e-05,0.0011894702911376953
290,0,0,291,292,1,1,290.0,0,0,0,1,0,0.15979504585266113,0.03601789474487305,0.00016951560974121094,0.00012063980102539062,4.696846008300781e-05,0.0011973381042480469
291,0,0,292,293,1,1,291.0,0,0,0,1,0,0.16022896766662598,0.03638744354248047,0.0001709461212158203,0.00012063980102539062,4.696846008300781e-05,0.001203775405883789
292,0,0,293,294,1,1,292.0,0,0,0,1,0,0.16055679321289062,0.03666090965270996,0.00017142295837402344,0.00012063980102539062,4.696846008300781e-05,0.0012068748474121094
293,0,0,294,295,1,1,293.0,0,0,0,1,0,0.1608130931854248,0.036878108978271484,0.00017189979553222656,0.00012063980102539062,4.696846008300781e-05,0.0012097358703613281
294,0,0,295,296,1,1,294.0,0,0,0,1,0,0.16109228134155273,0.03711509704589844,0.00017213821411132812,0.00012063980102539062,4.696846008300781e-05,0.001211404800415039
295,0,0,296,297,1,1,295.0,0,0,0,1,0,0.16139936447143555,0.037377119064331055,0.0001728534698486328,0.00012063980102539062,4.696846008300781e-05,0.0012142658233642578
296,0,0,297,298,1,1,296.0,0,0,0,1,0,0.16170477867126465,0.037633419036865234,0.0001735687255859375,0.00012063980102539062,4.696846008300781e-05,0.0012171268463134766
297,0,0,298,299,1,1,297.0,0,0,0,1,0,0.16211938858032227,0.03791022300720215,0.00017523765563964844,0.00012063980102539062,4.696846008300781e-05,0.0012204647064208984
298,0,0,299,300,1,1,298.0,0,0,0,1,0,0.16271281242370605,0.03839850425720215,0.0001773834228515625,0.00012063980102539062,4.696846008300781e-05,0.0012273788452148438
299,0,0,300,301,1,1,299.0,0,0,0,1,0,0.1633777618408203,0.03891944885253906,0.00017952919006347656,0.00012063980102539062,4.696846008300781e-05,0.0012359619140625
300,0,0,301,302,1,1,300.0,0,0,0,1,0,0.16394424438476562,0.0393979549407959,0.00018095970153808594,0.00012063980102539062,4.696846008300781e-05,0.001245737075805664
301,0,0,302,303,1,1,301.0,0,0,0,1,0,0.1642296314239502,0.03964495658874512,0.00018143653869628906,0.00012063980102539062,4.696846008300781e-05,0.0012505054473876953
302,0,0,303,304,1,1,302.0,0,0,0,1,0,0.16444635391235352,0.039823293685913086,0.0001819133758544922,0.00012063980102539062,4.696846008300781e-05,0.0012524127960205078
303,0,0,304,305,1,1,303.0,0,0,0,1,0,0.16464686393737793,0.03998899459838867,0.0001819133758544922,0.00012063980102539062,4.696846008300781e-05,0.0012543201446533203
304,0,0,305,306,1,1,304.0,0,0,0,1,0,0.16487717628479004,0.04019021987915039,0.00018215179443359375,0.00012063980102539062,4.696846008300781e-05,0.0012555122375488281
305,0,0,306,307,1,1,305.0,0,0,0,1,0,0.1650533676147461,0.04033803939819336,0.0001823902130126953,0.00012063980102539062,4.696846008300781e-05,0.001256704330444336
306,0,0,307,308,1,1,306.0,0,0,0,1,0,0.16521453857421875,0.040471792221069336,0.0001823902130126953,0.00012063980102539062,4.696846008300781e-05,0.0012578964233398438
307,0,0,308,309,1,1,307.0,0,0,0,1,0,0.16539287567138672,0.04062819480895996,0.00018262863159179688,0.00012063980102539062,4.696846008300781e-05,0.0012590885162353516
308,0,0,309,310,1,1,308.0,0,0,0,1,0,0.16556310653686523,0.04076242446899414,0.00018262863159179688,0.00012063980102539062,4.696846008300781e-05,0.0012602806091308594
309,0,0,310,311,1,1,309.0,0,0,0,1,0,0.16572308540344238,0.04089641571044922,0.00018310546875,0.00012063980102539062,4.696846008300781e-05,0.0012612342834472656
310,0,0,311,312,1,1,310.0,0,0,0,1,0,0.16592001914978027,0.04106450080871582,0.00018334388732910156,0.00012063980102539062,4.696846008300781e-05,0.0012624263763427734
311,0,0,312,313,1,1,311.0,0,0,0,1,0,0.16617155075073242,0.04128241539001465,0.00018405914306640625,0.00012063980102539062,4.696846008300781e-05,0.0012638568878173828
312,0,0,313,314,1,1,312.0,0,0,0,1,0,0.1663351058959961,0.04141998291015625,0.00018405914306640625,0.00012063980102539062,4.696846008300781e-05,0.0012655258178710938
313,0,0,314,315,1,1,313.0,0,0,0,1,0,0.166517972946167,0.04157423973083496,0.00018477439880371094,0.00012063980102539062,4.696846008300781e-05,0.0012669563293457031
314,0,0,315,316,1,1,314.0,0,0,0,1,0,0.16670656204223633,0.04173541069030762,0.0001850128173828125,0.00012063980102539062,4.696846008300781e-05,0.001268148422241211
315,0,0,316,317,1,1,315.0,0,0,0,1,0,0.16691970825195312,0.04192399978637695,0.00018525123596191406,0.00012063980102539062,4.696846008300781e-05,0.0012695789337158203
316,0,0,317,318,1,1,316.0,0,0,0,1,0,0.16712450981140137,0.04210066795349121,0.00018548965454101562,0.00012063980102539062,4.696846008300781e-05,0.0012707710266113281
317,0,0,318,319,1,1,317.0,0,0,0,1,0,0.16731739044189453,0.04226279258728027,0.0001857280731201172,0.00012063980102539062,4.696846008300781e-05,0.0012717247009277344
318,0,0,319,320,1,1,318.0,0,0,0,1,0,0.16751503944396973,0.04243326187133789,0.00018596649169921875,0.00012063980102539062,4.696846008300781e-05,0.0012729167938232422
319,0,0,320,321,1,1,319.0,0,0,0,1,0,0.16770601272583008,0.04259681701660156,0.00018596649169921875,0.00012063980102539062,4.696846008300781e-05,0.00127410888671875
320,0,0,321,322,1,1,320.0,0,0,0,1,0,0.16791844367980957,0.04278135299682617,0.00018644332885742188,0.00012063980102539062,4.696846008300781e-05,0.0012750625610351562
321,0,0,323,324,1,1,81.0,0,0,2,0,0,0.16903448104858398,0.04293394088745117,0.00018715858459472656,0.0008718967437744141,7.319450378417969e-05,0.0012764930725097656
322,0,0,324,325,1,1,322.0,0,0,0,1,0,0.16940879821777344,0.04325151443481445,0.0001876354217529297,0.0008718967437744141,7.319450378417969e-05,0.00128173828125
323,0,0,325,326,1,1,323.0,0,0,0,1,0,0.16958880424499512,0.04340314865112305,0.0001881122589111328,0.0008718967437744141,7.319450378417969e-05,0.0012831687927246094
324,0,0,326,327,1,1,324.0,0,0,0,1,0,0.16984272003173828,0.04363059997558594,0.00018835067749023438,0.0008718967437744141,7.319450378417969e-05,0.0012845993041992188
325,0,0,327,328,1,1,325.0,0,0,0,1,0,0.17001914978027344,0.04378032684326172,0.00018858909606933594,0.0008718967437744141,7.319450378417969e-05,0.0012857913970947266
326,0,0,328,329,1,1,326.0,0,0,0,1,0,0.1702125072479248,0.04394650459289551,0.0001888275146484375,0.0008718967437744141,7.319450378417969e-05,0.0012867450714111328
327,0,0,329,330,1,1,327.0,0,0,0,1,0,0.17038249969482422,0.04409074783325195,0.00018906593322753906,0.0008718967437744141,7.319450378417969e-05,0.0012879371643066406
328,0,0,330,331,1,1,328.0,0,0,0,1,0,0.17057538032531738,0.044257164001464844,0.00018930435180664062,0.0008718967437744141,7.319450378417969e-05,0.0012891292572021484
329,0,0,331,332,1,1,329.0,0,0,0,1,0,0.17076349258422852,0.04441952705383301,0.00018978118896484375,0.0008718967437744141,7.319450378417969e-05,0.0012903213500976562
330,0,0,332,333,1,1,330.0,0,0,0,1,0,0.17094874382019043,0.04458475112915039,0.0001900196075439453,0.0008718967437744141,7.319450378417969e-05,0.001291513442993164
331,0,0,333,334,1,1,331.0,0,0,0,1,0,0.17121458053588867,0.04481029510498047,0.00019073486328125,0.0008718967437744141,7.319450378417969e-05,0.0012927055358886719
332,0,0,334,335,1,1,332.0,0,0,0,1,0,0.1714181900024414,0.0449824333190918,0.00019097328186035156,0.0008718967437744141,7.319450378417969e-05,0.0012950897216796875
333,0,0,335,336,1,1,333.0,0,0,0,1,0,0.17161297798156738,0.04514479637145996,0.00019121170043945312,0.0008718967437744141,7.319450378417969e-05,0.0012965202331542969
334,0,0,336,337,1,1,334.0,0,0,0,1,0,0.17180919647216797,0.0453181266784668,0.0001914501190185547,0.0008718967437744141,7.319450378417969e-05,0.0012974739074707031
335,0,0,337,338,1,1,335.0,0,0,0,1,0,0.17200350761413574,0.0454864501953125,0.0001919269561767578,0.0008718967437744141,7.319450378417969e-05,0.001298666000366211
336,0,0,338,339,1,1,336.0,0,0,0,1,0,0.17218279838562012,0.0456385612487793,0.00019216537475585938,0.0008718967437744141,7.319450378417969e-05,0.0013003349304199219
337,0,0,339,340,1,1,337.0,0,0,0,1,0,0.1723926067352295,0.0458221435546875,0.00019240379333496094,0.0008718967437744141,7.319450378417969e-05,0.0013015270233154297
338,0,0,340,341,1,1,338.0,0,0,0,1,0,0.1726381778717041,0.04602694511413574,0.00019288063049316406,0.0008718967437744141,7.319450378417969e-05,0.001302957534790039
339,0,0,341,342,1,1,339.0,0,0,0,1,0,0.17290592193603516,0.046256065368652344,0.00019359588623046875,0.0008718967437744141,7.319450378417969e-05,0.0013053417205810547
340,0,0,342,343,1,1,340.0,0,0,0,1,0,0.17318177223205566,0.04648423194885254,0.000194549560546875,0.0008718967437744141,7.319450378417969e-05,0.0013074874877929688
341,0,0,343,344,1,1,341.0,0,0,0,1,0,0.17362213134765625,0.046866416931152344,0.0001957416534423828,0.0008718967437744141,7.319450378417969e-05,0.0013098716735839844
342,0,0,344,345,1,1,342.0,0,0,0,1,0,0.17389655113220215,0.04706692695617676,0.00019598007202148438,0.0008718967437744141,7.319450378417969e-05,0.0013582706451416016
343,0,0,345,346,1,1,343.0,0,0,0,1,0,0.17412376403808594,0.04726743698120117,0.00019621849060058594,0.0008718967437744141,7.319450378417969e-05,0.001359701156616211
344,0,0,346,347,1,1,344.0,0,0,0,1,0,0.17434024810791016,0.04745602607727051,0.0001964569091796875,0.0008718967437744141,7.319450378417969e-05,0.0013608932495117188
345,0,0,347,348,1,1,345.0,0,0,0,1,0,0.17455577850341797,0.04764556884765625,0.0001964569091796875,0.0008718967437744141,7.319450378417969e-05,0.0013628005981445312
346,0,0,348,349,1,1,346.0,0,0,0,1,0,0.17474865913391113,0.04781627655029297,0.00019669532775878906,0.0008718967437744141,7.319450378417969e-05,0.001363992691040039
347,0,0,349,350,1,1,347.0,0,0,0,1,0,0.17491555213928223,0.04796004295349121,0.0001971721649169922,0.0008718967437744141,7.319450378417969e-05,0.0013649463653564453
348,0,0,350,351,1,1,348.0,0,0,0,1,0,0.17511367797851562,0.04813408851623535,0.0001971721649169922,0.0008718967437744141,7.319450378417969e-05,0.0013659000396728516
349,0,0,351,352,1,1,349.0,0,0,0,1,0,0.17529988288879395,0.04829764366149902,0.00019741058349609375,0.0008718967437744141,7.319450378417969e-05,0.0013668537139892578
350,0,0,352,353,1,1,350.0,0,0,0,1,0,0.17547917366027832,0.04845571517944336,0.00019741058349609375,0.0008718967437744141,7.319450378417969e-05,0.001367807388305664
351,0,0,353,354,1,1,351.0,0,0,0,1,0,0.17566609382629395,0.04860210418701172,0.0001976490020751953,0.0008718967437744141,7.319450378417969e-05,0.0013692378997802734
352,0,0,354,355,1,1,352.0,0,0,0,1,0,0.17584729194641113,0.04876351356506348,0.0001976490020751953,0.0008718967437744141,7.319450378417969e-05,0.0013701915740966797
353,0,0,355,356,1,1,353.0,0,0,0,1,0,0.17604851722717285,0.04894661903381348,0.0001976490020751953,0.0008718967437744141,7.319450378417969e-05,0.0013713836669921875
354,0,0,356,357,1,1,354.0,0,0,0,1,0,0.17624115943908691,0.0491178035736084,0.00019788742065429688,0.0008718967437744141,7.319450378417969e-05,0.0013725757598876953
355,0,0,357,358,1,1,355.0,0,0,0,1,0,0.17653918266296387,0.049269676208496094,0.00019812583923339844,0.0008718967437744141,7.319450378417969e-05,0.0013735294342041016
356,0,0,358,359,1,1,356.0,0,0,0,1,0,0.17672491073608398,0.04943275451660156,0.0001983642578125,0.0008718967437744141,7.319450378417969e-05,0.0013744831085205078
357,0,0,359,360,1,1,357.0,0,0,0,1,0,0.1768949031829834,0.04957842826843262,0.00019860267639160156,0.0008718967437744141,7.319450378417969e-05,0.001375436782836914
358,0,0,360,361,1,1,358.0,0,0,0,1,0,0.17706918716430664,0.04973196983337402,0.00019884109497070312,0.0008718967437744141,7.319450378417969e-05,0.0013766288757324219
359,0,0,361,362,1,1,359.0,0,0,0,1,0,0.17725276947021484,0.049890995025634766,0.0001990795135498047,0.0008718967437744141,7.319450378417969e-05,0.0013780593872070312
360,0,0,362,363,1,1,360.0,0,0,0,1,0,0.1774284839630127,0.05004286766052246,0.00019931793212890625,0.0008718967437744141,7.319450378417969e-05,0.0013790130615234375
361,0,0,363,364,1,1,361.0,0,0,0,1,0,0.17762374877929688,0.05021548271179199,0.0001995563507080078,0.0008718967437744141,7.319450378417969e-05,0.0013802051544189453
362,0,0,364,365,1,1,362.0,0,0,0,1,0,0.1777963638305664,0.05036282539367676,0.00019979476928710938,0.0008718967437744141,7.319450378417969e-05,0.0013811588287353516
363,0,0,365,366,1,1,363.0,0,0,0,1,0,0.17800641059875488,0.05054473876953125,0.00020003318786621094,0.0008718967437744141,7.319450378417969e-05,0.0013821125030517578
364,0,0,366,367,1,1,364.0,0,0,0,1,0,0.17820119857788086,0.05071568489074707,0.0002002716064453125,0.0008718967437744141,7.319450378417969e-05,0.0013835430145263672
365,0,0,367,368,1,1,365.0,0,0,0,1,0,0.1784076690673828,0.05089712142944336,0.00020074844360351562,0.0008718967437744141,7.319450378417969e-05,0.001384735107421875
366,0,0,368,369,1,1,366.0,0,0,0,1,0,0.17861056327819824,0.051076412200927734,0.0002009868621826172,0.0008718967437744141,7.319450378417969e-05,0.0013859272003173828
367,0,0,369,370,1,1,367.0,0,0,0,1,0,0.17881536483764648,0.051254987716674805,0.00020122528076171875,0.0008718967437744141,7.319450378417969e-05,0.0013871192932128906
368,0,0,370,371,1,1,368.0,0,0,0,1,0,0.17903375625610352,0.05143547058105469,0.0002014636993408203,0.0008718967437744141,7.319450378417969e-05,0.0013880729675292969
369,0,0,371,372,1,1,369.0,0,0,0,1,0,0.1792316436767578,0.051609039306640625,0.00020194053649902344,0.0008718967437744141,7.319450378417969e-05,0.0013890266418457031
370,0,0,372,373,1,1,370.0,0,0,0,1,0,0.17946410179138184,0.051807403564453125,0.00020265579223632812,0.0008718967437744141,7.319450378417969e-05,0.001390218734741211
371,0,0,373,374,1,1,371.0,0,0,0,1,0,0.17970752716064453,0.0520169734954834,0.00020313262939453125,0.0008718967437744141,7.319450378417969e-05,0.001392364501953125
372,0,0,374,375,1,1,372.0,0,0,0,1,0,0.17994904518127441,0.05223202705383301,0.00020360946655273438,0.0008718967437744141,7.319450378417969e-05,0.0013937950134277344
373,0,0,375,376,1,1,373.0,0,0,0,1,0,0.1801621913909912,0.05242133140563965,0.0002040863037109375,0.0008718967437744141,7.319450378417969e-05,0.0013949871063232422
374,0,0,376,377,1,1,374.0,0,0,0,1,0,0.18037843704223633,0.0526123046875,0.00020432472229003906,0.0008718967437744141,7.319450378417969e-05,0.0013964176177978516
375,0,0,377,378,1,1,375.0,0,0,0,1,0,0.18059372901916504,0.05280613899230957,0.00020456314086914062,0.0008718967437744141,7.319450378417969e-05,0.0013976097106933594
376,0,0,378,379,1,1,376.0,0,0,0,1,0,0.18079400062561035,0.05298304557800293,0.0002048015594482422,0.0008718967437744141,7.319450378417969e-05,0.0013988018035888672
377,0,0,379,380,1,1,377.0,0,0,0,1,0,0.18098711967468262,0.053156375885009766,0.0002052783966064453,0.0008718967437744141,7.319450378417969e-05,0.001399993896484375
378,0,0,380,381,1,1,378.0,0,0,0,1,0,0.18120884895324707,0.05335569381713867,0.00020575523376464844,0.0008718967437744141,7.319450378417969e-05,0.0014009475708007812
379,0,0,381,382,1,1,379.0,0,0,0,1,0,0.1814131736755371,0.053539276123046875,0.00020623207092285156,0.0008718967437744141,7.319450378417969e-05,0.001402139663696289
380,0,0,382,383,1,1,380.0,0,0,0,1,0,0.18161678314208984,0.053717613220214844,0.0002067089080810547,0.0008718967437744141,7.319450378417969e-05,0.0014035701751708984
381,0,0,383,384,1,1,381.0,0,0,0,1,0,0.18180012702941895,0.0538790225982666,0.00020694732666015625,0.0008718967437744141,7.319450378417969e-05,0.0014050006866455078
382,0,0,384,385,1,1,382.0,0,0,0,1,0,0.1819930076599121,0.05404996871948242,0.0002071857452392578,0.0008718967437744141,7.319450378417969e-05,0.001405954360961914
383,0,0,385,386,1,1,383.0,0,0,0,1,0,0.18218731880187988,0.05422186851501465,0.00020742416381835938,0.0008718967437744141,7.319450378417969e-05,0.0014066696166992188
384,0,0,386,387,1,1,384.0,0,0,0,1,0,0.18236327171325684,0.054376840591430664,0.00020766258239746094,0.0008718967437744141,7.319450378417969e-05,0.001407623291015625
385,0,0,387,388,1,1,385.0,0,0,0,1,0,0.18254494667053223,0.05453777313232422,0.0002079010009765625,0.0008718967437744141,7.319450378417969e-05,0.0014088153839111328
386,0,0,388,389,1,1,386.0,0,0,0,1,0,0.182753324508667,0.054724931716918945,0.00020813941955566406,0.0008718967437744141,7.319450378417969e-05,0.001409769058227539
387,0,0,389,390,1,1,387.0,0,0,0,1,0,0.1829545497894287,0.05490398406982422,0.00020837783813476562,0.0008718967437744141,7.319450378417969e-05,0.0014107227325439453
388,0,0,390,391,1,1,388.0,0,0,0,1,0,0.18345022201538086,0.055324554443359375,0.00020956993103027344,0.0008718967437744141,7.319450378417969e-05,0.0014116764068603516
389,0,0,391,392,1,1,389.0,0,0,0,1,0,0.18405604362487793,0.055849552154541016,0.00021147727966308594,0.0008718967437744141,7.319450378417969e-05,0.001416921615600586
390,0,0,392,393,1,1,390.0,0,0,0,1,0,0.18443083763122559,0.05618143081665039,0.00021147727966308594,0.0008718967437744141,7.319450378417969e-05,0.0014240741729736328
391,0,0,393,394,1,1,391.0,0,0,0,1,0,0.18464064598083496,0.056365251541137695,0.0002117156982421875,0.0008718967437744141,7.319450378417969e-05,0.0014252662658691406
392,0,0,394,395,1,1,392.0,0,0,0,1,0,0.18486523628234863,0.0565648078918457,0.00021219253540039062,0.0008718967437744141,7.319450378417969e-05,0.0014264583587646484
393,0,0,395,396,1,1,393.0,0,0,0,1,0,0.18510746955871582,0.05677342414855957,0.00021219253540039062,0.0008718967437744141,7.319450378417969e-05,0.0014276504516601562
394,0,0,396,397,1,1,394.0,0,0,0,1,0,0.18531155586242676,0.05695390701293945,0.0002124309539794922,0.0008718967437744141,7.319450378417969e-05,0.001428842544555664
395,0,0,397,398,1,1,395.0,0,0,0,1,0,0.18552803993225098,0.05714774131774902,0.00021266937255859375,0.0008718967437744141,7.319450378417969e-05,0.0014300346374511719
396,0,0,398,399,2,1,396.0,0,0,0,1,0,0.18574810028076172,0.05733966827392578,0.0002129077911376953,0.0008718967437744141,7.319450378417969e-05,0.0014309883117675781
397,0,0,399,400,1,1,397.0,0,0,0,1,0,0.1859595775604248,0.05751204490661621,0.00021314620971679688,0.0008718967437744141,7.319450378417969e-05,0.0014324188232421875
398,0,0,400,401,1,1,398.0,0,0,0,1,0,0.18614983558654785,0.05767965316772461,0.00021338462829589844,0.0008718967437744141,7.319450378417969e-05,0.0014333724975585938
399,0,0.501211889271591,401,402,1,1,399.0,0,0,0,1,0,0.1865067481994629,0.05785989761352539,0.00021409988403320312,0.0008718967437744141,7.319450378417969e-05,0.001434326171875
400,0,0.501211889271591,401,402,1,1,0.0,0,0,0,0,0,0.19790863990783691,0.05823230743408203,0.00021696090698242188,0.0008718967437744141,0.00010514259338378906,0.0015554428100585938
401,0,0.501211889271591,402,404,1,1,1.0,0,0,1,0,0,0.19869470596313477,0.058757781982421875,0.00021839141845703125,0.0009846687316894531,0.00012755393981933594,0.0015637874603271484
402,0,0.501211889271591,404,406,1,1,2.0,0,0,2,0,0,0.19926190376281738,0.0590665340423584,0.00021910667419433594,0.001115560531616211,0.00013947486877441406,0.0015671253204345703
403,0,0.501211889271591,406,408,1,1,3.0,0,0,2,0,0,0.1996755599975586,0.05930280685424805,0.00021958351135253906,0.0012044906616210938,0.0001456737518310547,0.0015707015991210938
404,0,0.501211889271591,408,410,1,1,4.0,0,0,2,0,0,0.20005059242248535,0.0594940185546875,0.00022029876708984375,0.0013051033020019531,0.0001513957977294922,0.0015718936920166016
405,0,0.501211889271591,410,412,1,1,5.0,0,0,2,0,0,0.20060944557189941,0.05978822708129883,0.00022101402282714844,0.0014328956604003906,0.00016236305236816406,0.001573801040649414
406,0,0.501211889271591,410,412,1,1,6.0,0,0,0,0,0,0.20094943046569824,0.060042381286621094,0.00022125244140625,0.0014328956604003906,0.00016760826110839844,0.0015769004821777344
407,0,0.501211889271591,412,414,1,1,7.0,0,0,2,0,0,0.20227670669555664,0.060300588607788086,0.0002219676971435547,0.0023872852325439453,0.0001723766326904297,0.0015780925750732422
408,0,0.501211889271591,414,416,1,1,8.0,0,0,2,0,0,0.2029564380645752,0.060724496841430664,0.00022268295288085938,0.002499818801879883,0.0001862049102783203,0.001584768295288086
409,0,0.501211889271591,416,418,1,1,9.0,0,0,2,0,0,0.20370817184448242,0.06119894981384277,0.0002238750457763672,0.002629995346069336,0.00020170211791992188,0.0015873908996582031
410,0,0.501211889271591,418,420,1,1,10.0,0,0,2,0,0,0.20444202423095703,0.06161856651306152,0.0002243518829345703,0.0027768611907958984,0.0002143383026123047,0.0015926361083984375
411,0,0.501211889271591,419,422,1,1,11.0,0,0,1,0,0,0.20489120483398438,0.06189107894897461,0.00022459030151367188,0.0028531551361083984,0.0002238750457763672,0.0015954971313476562
412,0,0.501211889271591,421,424,1,1,12.0,0,0,2,0,0,0.20534253120422363,0.0621180534362793,0.00022482872009277344,0.0029795169830322266,0.00023174285888671875,0.0015974044799804688
413,0,0.501211889271591,422,426,1,1,13.0,0,0,1,0,0,0.2057335376739502,0.062346458435058594,0.000225067138671875,0.0030362606048583984,0.0002372264862060547,0.0015988349914550781
414,0,0.501211889271591,423,428,1,1,14.0,0,0,1,0,0,0.20619797706604004,0.06259417533874512,0.000225067138671875,0.0031087398529052734,0.0002422332763671875,0.0016002655029296875
415,0,0.501211889271591,425,430,1,1,15.0,0,0,2,0,0,0.2066633701324463,0.06282639503479004,0.00022530555725097656,0.0032303333282470703,0.00024819374084472656,0.0016117095947265625
416,0,0.501211889271591,427,432,1,1,16.0,0,0,2,0,0,0.20708513259887695,0.06303620338439941,0.00022554397583007812,0.0033512115478515625,0.00025343894958496094,0.0016129016876220703
417,0,0.501211889271591,428,434,1,1,17.0,0,0,1,0,0,0.20743250846862793,0.06323409080505371,0.0002257823944091797,0.0034198760986328125,0.00025844573974609375,0.0016143321990966797
418,0,0.501211889271591,430,436,1,1,18.0,0,0,2,0,0,0.2078385353088379,0.06343913078308105,0.0002262592315673828,0.0035333633422851562,0.00026345252990722656,0.001615762710571289
419,0,0.501211889271591,432,438,1,1,19.0,0,0,2,0,0,0.20824265480041504,0.06364822387695312,0.00022649765014648438,0.0036530494689941406,0.0002684593200683594,0.0016171932220458984
420,0,0.501211889271591,434,440,1,1,20.0,0,0,2,0,0,0.20863008499145508,0.06386542320251465,0.00022673606872558594,0.0037488937377929688,0.0002734661102294922,0.0016183853149414062
421,0,0.501211889271591,435,442,1,1,21.0,0,0,1,0,0,0.20898914337158203,0.06408500671386719,0.0002269744873046875,0.0038051605224609375,0.00027823448181152344,0.001619577407836914
422,0,0.501211889271591,437,444,1,1,22.0,0,0,2,0,0,0.21027088165283203,0.06429147720336914,0.00022745132446289062,0.004793405532836914,0.00028324127197265625,0.0016207695007324219
423,0,0.501211889271591,438,446,1,1,23.0,0,0,1,0,0,0.21152353286743164,0.06451725959777832,0.0002276897430419922,0.005719661712646484,0.0002887248992919922,0.0016224384307861328
424,0,0.501211889271591,440,448,1,1,24.0,0,0,2,0,0,0.2119443416595459,0.06472015380859375,0.00022792816162109375,0.005846738815307617,0.0002942085266113281,0.0016238689422607422
425,0,0.501211889271591,442,450,1,1,25.0,0,0,2,0,0,0.21241259574890137,0.06494951248168945,0.00022840499877929688,0.0059795379638671875,0.00029969215393066406,0.00162506103515625
426,0,0.501211889271591,444,452,1,1,26.0,0,0,2,0,0,0.21291112899780273,0.06518983840942383,0.00022983551025390625,0.00614476203918457,0.00030612945556640625,0.001626729965209961
427,0,0.501211889271591,446,454,1,1,27.0,0,0,2,0,0,0.21349835395812988,0.06552672386169434,0.00023031234741210938,0.006266355514526367,0.0003209114074707031,0.0016303062438964844
428,0,0.501211889271591,448,456,1,1,28.0,0,0,2,0,0,0.21393132209777832,0.06575632095336914,0.0002307891845703125,0.006380796432495117,0.0003275871276855469,0.0016324520111083984
429,0,0.501211889271591,450,458,1,1,29.0,0,0,2,0,0,0.21439528465270996,0.06595325469970703,0.00023126602172851562,0.006504058837890625,0.00033283233642578125,0.0016338825225830078
430,0,0.501211889271591,452,460,1,1,30.0,0,0,2,0,0,0.21482133865356445,0.06615352630615234,0.00023174285888671875,0.006640195846557617,0.00033783912658691406,0.0016353130340576172
431,0,0.501211889271591,452,460,1,1,31.0,0,0,0,0,0,0.21520256996154785,0.06644368171691895,0.0002319812774658203,0.006640195846557617,0.0003445148468017578,0.001636505126953125
432,0,0.501211889271591,453,462,1,1,32.0,0,0,1,0,0,0.21554017066955566,0.0666499137878418,0.0002319812774658203,0.0067059993743896484,0.0003485679626464844,0.0016376972198486328
433,0,0.501211889271591,455,464,1,1,33.0,0,0,2,0,0,0.21599435806274414,0.06688380241394043,0.00023221969604492188,0.006830692291259766,0.0003528594970703125,0.001638650894165039
434,0,0.501211889271591,457,466,1,1,34.0,0,0,2,0,0,0.21644878387451172,0.06709694862365723,0.00023245811462402344,0.006974220275878906,0.00035762786865234375,0.0016396045684814453
435,0,0.501211889271591,457,466,1,1,35.0,0,0,0,0,0,0.2167501449584961,0.06731510162353516,0.00023293495178222656,0.006974220275878906,0.00036263465881347656,0.0016407966613769531
436,0,0.501211889271591,458,468,1,1,36.0,0,0,1,0,0,0.21712279319763184,0.06753325462341309,0.00023317337036132812,0.00705265998840332,0.0003666877746582031,0.001641988754272461
437,0,0.501211889271591,459,470,1,1,37.0,0,0,1,0,0,0.21745681762695312,0.06773877143859863,0.0002334117889404297,0.007116079330444336,0.0003712177276611328,0.0016431808471679688
438,0,0.501211889271591,460,472,1,1,38.0,0,0,1,0,0,0.2178173065185547,0.06793212890625,0.00023365020751953125,0.007199764251708984,0.00037550926208496094,0.0016448497772216797
439,0,0.501211889271591,461,474,1,1,39.0,0,0,1,0,0,0.2182292938232422,0.06818222999572754,0.0002338886260986328,0.00727534294128418,0.0003809928894042969,0.001646280288696289
440,0,0.501211889271591,463,476,1,1,40.0,0,0,2,0,0,0.2189011573791504,0.06856226921081543,0.0002346038818359375,0.0074253082275390625,0.0003962516784667969,0.0016484260559082031
441,0,0.501211889271591,465,478,1,1,41.0,0,0,2,0,0,0.21958518028259277,0.06899118423461914,0.00023484230041503906,0.007563591003417969,0.0004069805145263672,0.001651763916015625
442,0,0.501211889271591,467,480,1,1,42.0,0,0,2,0,0,0.22001266479492188,0.06922101974487305,0.00023508071899414062,0.007689476013183594,0.0004115104675292969,0.0016541481018066406
443,0,0.501211889271591,469,482,1,1,43.0,0,0,2,0,0,0.22144079208374023,0.06945180892944336,0.0002353191375732422,0.008767843246459961,0.0004162788391113281,0.0016553401947021484
444,0,0.501211889271591,471,484,1,1,44.0,0,0,2,0,0,0.22184062004089355,0.06968307495117188,0.00023555755615234375,0.008873224258422852,0.0004215240478515625,0.0016565322875976562
445,0,0.501211889271591,473,486,1,1,45.0,0,0,2,0,0,0.22228074073791504,0.06990718841552734,0.0002357959747314453,0.009008169174194336,0.0004258155822753906,0.001657724380493164
446,0,0.501211889271591,475,488,1,1,46.0,0,0,2,0,0,0.22274088859558105,0.07014727592468262,0.00023603439331054688,0.009146451950073242,0.00043082237243652344,0.0016651153564453125
447,0,0.501211889271591,477,490,1,1,47.0,0,0,2,0,0,0.22319531440734863,0.07038068771362305,0.00023674964904785156,0.009291648864746094,0.0004355907440185547,0.0016663074493408203
448,0,0.501211889271591,479,492,1,1,48.0,0,0,2,0,0,0.2236466407775879,0.0706017017364502,0.0002372264862060547,0.009435415267944336,0.00044035911560058594,0.0016674995422363281
449,0,0.501211889271591,481,494,1,1,49.0,0,0,2,0,0,0.22496557235717773,0.07081079483032227,0.00023746490478515625,0.010477542877197266,0.00044465065002441406,0.0016689300537109375
450,0,0.501211889271591,483,496,1,1,50.0,0,0,2,0,0,0.22541165351867676,0.0710303783416748,0.00023794174194335938,0.010611772537231445,0.00045013427734375,0.0016698837280273438
451,0,0.501211889271591,483,496,1,1,51.0,0,0,0,0,0,0.22568535804748535,0.07123184204101562,0.00023818016052246094,0.010611772537231445,0.00045490264892578125,0.0016713142395019531
452,0,0.501211889271591,485,498,1,1,52.0,0,0,2,0,0,0.22612595558166504,0.07145380973815918,0.0002384185791015625,0.01075601577758789,0.00045871734619140625,0.0016727447509765625
453,0,0.501211889271591,486,500,1,1,53.0,0,0,1,0,0,0.22651004791259766,0.0716850757598877,0.00023865699768066406,0.010833024978637695,0.00046324729919433594,0.0016741752624511719
454,0,0.501211889271591,487,502,1,1,54.0,0,0,1,0,0,0.2278294563293457,0.0718998908996582,0.00023889541625976562,0.011847972869873047,0.00046753883361816406,0.0016753673553466797
455,0,0.501211889271591,489,504,1,1,55.0,0,0,2,0,0,0.2283010482788086,0.0721280574798584,0.0002391338348388672,0.01200556755065918,0.0004718303680419922,0.0016765594482421875
456,0,0.501211889271591,491,506,1,1,56.0,0,0,2,0,0,0.22873806953430176,0.07234954833984375,0.00023937225341796875,0.012142181396484375,0.00047659873962402344,0.0016775131225585938
457,0,0.501211889271591,493,508,1,1,57.0,0,0,2,0,0,0.22920775413513184,0.07258486747741699,0.00024008750915527344,0.012279748916625977,0.00048232078552246094,0.0016787052154541016
458,0,0.501211889271591,494,510,1,1,58.0,0,0,1,0,0,0.22965550422668457,0.07283806800842285,0.00024056434631347656,0.012379884719848633,0.0004892349243164062,0.0016803741455078125
459,0,0.501211889271591,495,512,1,1,59.0,0,0,1,0,0,0.23018956184387207,0.07316946983337402,0.00024127960205078125,0.012481689453125,0.0004994869232177734,0.001682281494140625
460,0,0.501211889271591,497,514,1,1,60.0,0,0,2,0,0,0.23096489906311035,0.07363629341125488,0.00024199485778808594,0.012654542922973633,0.0005140304565429688,0.0016851425170898438
461,0,0.501211889271591,499,516,1,1,61.0,0,0,2,0,0,0.23143887519836426,0.0738835334777832,0.0002422332763671875,0.012775659561157227,0.0005192756652832031,0.0016880035400390625
462,0,0.501211889271591,501,518,1,1,62.0,0,0,2,0,0,0.23197245597839355,0.07413125038146973,0.00024271011352539062,0.012902259826660156,0.0005245208740234375,0.0016891956329345703
463,0,0.501211889271591,503,520,1,1,63.0,0,0,2,0,0,0.23245620727539062,0.07437443733215332,0.0002429485321044922,0.013047456741333008,0.0005295276641845703,0.0016906261444091797
464,0,0.501211889271591,505,522,1,1,64.0,0,0,2,0,0,0.23296880722045898,0.07463407516479492,0.0002434253692626953,0.013207197189331055,0.0005345344543457031,0.0016918182373046875
465,0,0.501211889271591,506,524,1,1,65.0,0,0,1,0,0,0.2335357666015625,0.07490801811218262,0.00024366378784179688,0.013303041458129883,0.0005393028259277344,0.0016939640045166016
466,0,0.501211889271591,507,526,1,1,66.0,0,0,1,0,0,0.23407554626464844,0.07521343231201172,0.000244140625,0.0134429931640625,0.0005452632904052734,0.001695394515991211
467,0,0.501211889271591,509,528,1,1,67.0,0,0,2,0,0,0.23477697372436523,0.07561087608337402,0.0002446174621582031,0.013614654541015625,0.0005586147308349609,0.0016980171203613281
468,0,0.501211889271591,510,530,1,1,68.0,0,0,1,0,0,0.23638057708740234,0.07595515251159668,0.00024509429931640625,0.014743804931640625,0.0005688667297363281,0.0017004013061523438
469,0,0.501211889271591,511,532,1,1,69.0,0,0,1,0,0,0.23688936233520508,0.07626914978027344,0.0002453327178955078,0.014842033386230469,0.0005743503570556641,0.0017032623291015625
470,0,0.501211889271591,513,534,1,1,70.0,0,0,2,0,0,0.23832440376281738,0.07647943496704102,0.0002455711364746094,0.01598072052001953,0.0005786418914794922,0.0017044544219970703
471,0,0.501211889271591,514,536,1,1,71.0,0,0,1,0,0,0.23879027366638184,0.07676410675048828,0.0002460479736328125,0.016080617904663086,0.0005831718444824219,0.0017056465148925781
472,0,0.501211889271591,515,538,1,1,72.0,0,0,1,0,0,0.2392442226409912,0.07703423500061035,0.0002465248107910156,0.01618194580078125,0.00058746337890625,0.001706838607788086
473,0,0.501211889271591,517,540,1,1,73.0,0,0,2,0,0,0.23976492881774902,0.07729840278625488,0.0002465248107910156,0.016352176666259766,0.0005917549133300781,0.0017080307006835938
474,0,0.501211889271591,519,542,1,1,74.0,0,0,2,0,0,0.24025487899780273,0.07754087448120117,0.0002467632293701172,0.01652383804321289,0.0005962848663330078,0.0017092227935791016
475,0,0.501211889271591,521,544,1,1,75.0,0,0,2,0,0,0.24077248573303223,0.07780265808105469,0.00024700164794921875,0.016696691513061523,0.0006008148193359375,0.001710653305053711
476,0,0.501211889271591,523,546,1,1,76.0,0,0,2,0,0,0.24125409126281738,0.07803583145141602,0.0002472400665283203,0.016864538192749023,0.0006048679351806641,0.0017120838165283203
477,0,0.501211889271591,524,548,1,1,77.0,0,0,1,0,0,0.24167513847351074,0.07827901840209961,0.0002474784851074219,0.016950607299804688,0.0006093978881835938,0.0017130374908447266
478,0,0.501211889271591,526,550,1,1,78.0,0,0,2,0,0,0.24214386940002441,0.07852292060852051,0.00024771690368652344,0.017102956771850586,0.000614166259765625,0.0017142295837402344
479,0,0.501211889271591,527,552,1,1,79.0,0,0,1,0,0,0.24256110191345215,0.07875752449035645,0.000247955322265625,0.01720595359802246,0.0006186962127685547,0.0017156600952148438
480,0,0.501211889271591,529,554,1,1,80.0,0,0,2,0,0,0.24304938316345215,0.07899641990661621,0.00024819374084472656,0.017373085021972656,0.0006229877471923828,0.0017170906066894531
481,0,0.501211889271591,530,556,2,1,81.0,0,0,1,0,0,0.24345183372497559,0.07924389839172363,0.0002486705780029297,0.017457962036132812,0.0006277561187744141,0.0017180442810058594
482,0,0.501211889271591,532,558,1,1,82.0,0,0,2,0,0,0.24395322799682617,0.07950043678283691,0.0002491474151611328,0.017615079879760742,0.0006322860717773438,0.0017192363739013672
483,0,0.501211889271591,534,560,1,1,83.0,0,0,2,0,0,0.24444365501403809,0.0797417163848877,0.0002493858337402344,0.017789125442504883,0.0006368160247802734,0.0017206668853759766
484,0,0.501211889271591,535,562,1,1,84.0,0,0,1,0,0,0.2448432445526123,0.07997798919677734,0.00024962425231933594,0.01787853240966797,0.0006411075592041016,0.0017216205596923828
485,0,0.501211889271591,536,564,1,1,85.0,0,0,1,0,0,0.24524283409118652,0.08018970489501953,0.0002498626708984375,0.017984390258789062,0.0006453990936279297,0.001722574234008789
486,0,0.501211889271591,538,566,1,1,86.0,0,0,2,0,0,0.2457585334777832,0.08044075965881348,0.00025010108947753906,0.018158674240112305,0.0006506443023681641,0.0017237663269042969
487,0,0.501211889271591,540,568,1,1,87.0,0,0,2,0,0,0.24640297889709473,0.0807948112487793,0.00025081634521484375,0.018346786499023438,0.0006597042083740234,0.0017256736755371094
488,0,0.501211889271591,542,570,1,1,88.0,0,0,2,0,0,0.24714183807373047,0.08124303817749023,0.0002512931823730469,0.018523454666137695,0.0006687641143798828,0.0017285346984863281
489,0,0.501211889271591,543,572,1,1,89.0,0,0,1,0,0,0.2476491928100586,0.08153367042541504,0.00025200843811035156,0.018630266189575195,0.0006756782531738281,0.0017304420471191406
490,0,0.501211889271591,544,574,1,1,90.0,0,0,1,0,0,0.24810552597045898,0.08179259300231934,0.00025200843811035156,0.01874232292175293,0.0006802082061767578,0.0017316341400146484
491,0,0.501211889271591,546,576,1,1,91.0,0,0,2,0,0,0.24862003326416016,0.08204507827758789,0.0002524852752685547,0.018917083740234375,0.0006849765777587891,0.0017328262329101562
492,0,0.501211889271591,547,578,1,1,92.0,0,0,1,0,0,0.24935674667358398,0.08235406875610352,0.00025391578674316406,0.019095182418823242,0.0006952285766601562,0.001734018325805664
493,0,0.501211889271591,549,580,1,1,93.0,0,0,2,0,0,0.2513465881347656,0.08285689353942871,0.0002551078796386719,0.020401477813720703,0.0007100105285644531,0.001737356185913086
494,0,0.501211889271591,551,582,1,1,94.0,0,0,2,0,0,0.2522401809692383,0.08342814445495605,0.000255584716796875,0.02057814598083496,0.0007266998291015625,0.0017421245574951172
495,0,0.501211889271591,553,584,1,1,95.0,0,0,2,0,0,0.2527623176574707,0.08370256423950195,0.00025582313537597656,0.020749568939208984,0.0007314682006835938,0.0017437934875488281
496,0,0.501211889271591,555,586,1,1,96.0,0,0,2,0,0,0.2532999515533447,0.08395719528198242,0.0002560615539550781,0.020950794219970703,0.0007369518280029297,0.001744985580444336
497,0,0.501211889271591,557,588,1,1,97.0,0,0,2,0,0,0.2537543773651123,0.08417749404907227,0.0002562999725341797,0.021114826202392578,0.0007417201995849609,0.0017459392547607422
498,0,0.501211889271591,558,590,1,1,98.0,0,0,1,0,0,0.2542238235473633,0.08445191383361816,0.00025653839111328125,0.02122807502746582,0.0007462501525878906,0.00174713134765625
499,0,0.501211889271591,559,592,1,1,99.0,0,0,1,0,0,0.25464630126953125,0.08468246459960938,0.0002567768096923828,0.021343231201171875,0.0007505416870117188,0.0017483234405517578
500,0,0.501211889271591,561,594,1,1,100.0,0,0,2,0,0,0.25522661209106445,0.0849909782409668,0.00025725364685058594,0.021528005599975586,0.0007555484771728516,0.0017495155334472656
501,0,0.501211889271591,562,596,1,1,101.0,0,0,1,0,0,0.2556893825531006,0.08526158332824707,0.00025773048400878906,0.02163100242614746,0.0007600784301757812,0.001750946044921875
502,0,0.501211889271591,564,598,1,1,102.0,0,0,2,0,0,0.25731897354125977,0.0855250358581543,0.0002579689025878906,0.022893428802490234,0.0007648468017578125,0.0017523765563964844
503,0,0.501211889271591,566,600,1,1,103.0,0,0,2,0,0,0.2578403949737549,0.08577418327331543,0.0002582073211669922,0.02307724952697754,0.0007700920104980469,0.0017542839050292969
504,0,0.501211889271591,568,602,1,1,104.0,0,0,2,0,0,0.2583751678466797,0.08604764938354492,0.0002586841583251953,0.023251056671142578,0.0007750988006591797,0.0017557144165039062
505,0,0.501211889271591,569,604,1,1,105.0,0,0,1,0,0,0.2588343620300293,0.08630251884460449,0.00025916099548339844,0.023350238800048828,0.0007801055908203125,0.001756906509399414
506,0,0.501211889271591,571,606,1,1,106.0,0,0,2,0,0,0.2593517303466797,0.08657646179199219,0.00025916099548339844,0.023517370223999023,0.0007848739624023438,0.0017583370208740234
507,0,0.501211889271591,573,608,1,1,107.0,0,0,2,0,0,0.25989198684692383,0.08686399459838867,0.00025963783264160156,0.023686885833740234,0.0007894039154052734,0.0017595291137695312
508,0,0.501211889271591,575,610,1,1,108.0,0,0,2,0,0,0.26041340827941895,0.08711981773376465,0.0002601146697998047,0.023853540420532227,0.0007941722869873047,0.001760721206665039
509,0,0.501211889271591,577,612,1,1,109.0,0,0,2,0,0,0.2609384059906006,0.08738827705383301,0.0002601146697998047,0.024022340774536133,0.0007991790771484375,0.0017619132995605469
510,0,0.501211889271591,578,614,1,1,110.0,0,0,1,0,0,0.26136207580566406,0.08763909339904785,0.0002605915069580078,0.024114608764648438,0.0008041858673095703,0.0017631053924560547
511,0,0.501211889271591,580,616,1,1,111.0,0,0,2,0,0,0.26186394691467285,0.08787894248962402,0.00026106834411621094,0.02428126335144043,0.0008089542388916016,0.001764535903930664
512,0,0.501211889271591,582,618,2,2,162.66666666666666,0,0,2,0,0,0.26378345489501953,0.08817195892333984,0.00026226043701171875,0.025733470916748047,0.0008187294006347656,0.0017654895782470703
513,0,0.501211889271591,583,620,1,1,113.0,0,0,1,0,0,0.264606237411499,0.08872032165527344,0.0002624988555908203,0.02585458755493164,0.0008378028869628906,0.0017712116241455078
514,0,0.501211889271591,585,622,1,1,114.0,0,0,2,0,0,0.2653217315673828,0.08897113800048828,0.0002639293670654297,0.026216745376586914,0.0008428096771240234,0.0017735958099365234
515,0,0.501211889271591,586,624,1,1,115.0,0,0,1,0,0,0.2665903568267822,0.08988070487976074,0.00026488304138183594,0.026393651962280273,0.0008707046508789062,0.001779794692993164
516,0,0.501211889271591,587,626,1,1,116.0,0,0,1,0,0,0.2673773765563965,0.09041357040405273,0.0002655982971191406,0.026519775390625,0.0008864402770996094,0.0017843246459960938
517,0,0.501211889271591,588,628,1,1,117.0,0,0,1,0,0,0.26798534393310547,0.09078812599182129,0.00026607513427734375,0.02664470672607422,0.0008940696716308594,0.0017871856689453125
518,0,0.501211889271591,590,630,1,1,118.0,0,0,2,0,0,0.2686655521392822,0.09116625785827637,0.0002665519714355469,0.02684187889099121,0.0009016990661621094,0.001789093017578125
519,0,0.501211889271591,591,632,1,1,119.0,0,0,1,0,0,0.26932239532470703,0.09158205986022949,0.00026679039001464844,0.026961565017700195,0.0009093284606933594,0.0017919540405273438
520,0,0.501211889271591,593,634,1,1,120.0,0,0,2,0,0,0.2699565887451172,0.09190726280212402,0.00026702880859375,0.0271759033203125,0.0009152889251708984,0.0017943382263183594
521,0,0.501211889271591,595,636,1,1,121.0,0,0,2,0,0,0.27054429054260254,0.0922095775604248,0.00026726722717285156,0.02737569808959961,0.0009200572967529297,0.0017955303192138672
522,0,0.501211889271591,597,638,1,1,122.0,0,0,2,0,0,0.27107834815979004,0.0924980640411377,0.0002675056457519531,0.02754831314086914,0.0009245872497558594,0.0017971992492675781
523,0,0.501211889271591,599,640,1,1,123.0,0,0,2,0,0,0.27159738540649414,0.09274935722351074,0.0002677440643310547,0.02772831916809082,0.0009288787841796875,0.001798391342163086
524,0,0.501211889271591,600,642,1,1,124.0,0,0,1,0,0,0.27204465866088867,0.09301900863647461,0.00026798248291015625,0.027835607528686523,0.0009329319000244141,0.0017998218536376953
525,0,0.501211889271591,601,644,1,1,125.0,0,0,1,0,0,0.27254629135131836,0.09331274032592773,0.0002682209014892578,0.027956485748291016,0.0009369850158691406,0.0018010139465332031
526,0,0.501211889271591,602,646,1,1,126.0,0,0,1,0,0,0.272993803024292,0.09360718727111816,0.00026869773864746094,0.028052568435668945,0.0009415149688720703,0.001802206039428711
527,0,0.501211889271591,604,648,1,1,127.0,0,0,2,0,0,0.27353930473327637,0.09386825561523438,0.00026917457580566406,0.028253555297851562,0.0009455680847167969,0.0018033981323242188
528,0,0.501211889271591,606,650,1,1,128.0,0,0,2,0,0,0.2741100788116455,0.09416604042053223,0.0002694129943847656,0.028441429138183594,0.0009503364562988281,0.0018045902252197266
529,0,0.501211889271591,608,652,1,1,129.0,0,0,2,0,0,0.2746727466583252,0.09444999694824219,0.00026988983154296875,0.02864217758178711,0.0009548664093017578,0.001806020736694336
530,0,0.501211889271591,609,654,1,1,130.0,0,0,1,0,0,0.2751333713531494,0.09470129013061523,0.0002703666687011719,0.028767108917236328,0.0009598731994628906,0.0018074512481689453
531,0,0.501211889271591,611,656,2,2,321.5,0,0,2,0,0,0.2768440246582031,0.09499192237854004,0.00027060508728027344,0.03010416030883789,0.0009672641754150391,0.0018086433410644531
532,0,0.501211889271591,612,658,1,1,132.0,0,0,1,0,0,0.27733588218688965,0.0952904224395752,0.000270843505859375,0.030220985412597656,0.0009720325469970703,0.001809835433959961
533,0,0.501211889271591,614,660,1,1,133.0,0,0,2,0,0,0.2778897285461426,0.09556007385253906,0.0002713203430175781,0.03041982650756836,0.0009763240814208984,0.0018112659454345703
534,0,0.501211889271591,616,662,1,1,134.0,0,0,2,0,0,0.27846598625183105,0.09584403038024902,0.0002715587615966797,0.030625343322753906,0.0009808540344238281,0.0018124580383300781
535,0,0.501211889271591,618,664,1,1,135.0,0,0,2,0,0,0.28026556968688965,0.0961298942565918,0.00027298927307128906,0.03202223777770996,0.0009851455688476562,0.001813650131225586
536,0,0.501211889271591,620,666,1,1,136.0,0,0,2,0,0,0.28142261505126953,0.09687137603759766,0.0002739429473876953,0.03226876258850098,0.0010044574737548828,0.0018188953399658203
537,0,0.501211889271591,621,668,1,1,137.0,0,0,1,0,0,0.28204894065856934,0.09728312492370605,0.000274658203125,0.032401323318481445,0.001010894775390625,0.0018224716186523438
538,0,0.501211889271591,623,670,1,1,138.0,0,0,2,0,0,0.2826876640319824,0.09762287139892578,0.0002753734588623047,0.03260159492492676,0.001016855239868164,0.0018243789672851562
539,0,0.501211889271591,625,672,1,1,139.0,0,0,2,0,0,0.2833521366119385,0.09803056716918945,0.0002758502960205078,0.03278064727783203,0.0010247230529785156,0.0018270015716552734
540,0,0.501211889271591,626,674,1,1,140.0,0,0,1,0,0,0.2838602066040039,0.09833979606628418,0.00027632713317871094,0.032906293869018555,0.0010294914245605469,0.0018284320831298828
541,0,0.501211889271591,627,676,1,1,141.0,0,0,1,0,0,0.2843773365020752,0.09864449501037598,0.00027680397033691406,0.033035993576049805,0.0010340213775634766,0.0018296241760253906
542,0,0.501211889271591,629,678,1,1,142.0,0,0,2,0,0,0.28618383407592773,0.09894752502441406,0.0002770423889160156,0.034440040588378906,0.0010390281677246094,0.0018310546875
543,0,0.501211889271591,630,680,1,1,143.0,0,0,1,0,0,0.2867264747619629,0.09926486015319824,0.00027751922607421875,0.034577131271362305,0.0010442733764648438,0.0018324851989746094
544,0,0.501211889271591,631,682,1,1,144.0,0,0,1,0,0,0.2872154712677002,0.09955358505249023,0.0002777576446533203,0.034687042236328125,0.0010485649108886719,0.0018339157104492188
545,0,0.501211889271591,633,684,1,1,145.0,0,0,2,0,0,0.287766695022583,0.09984087944030762,0.0002779960632324219,0.034879446029663086,0.0010530948638916016,0.0018353462219238281
546,0,0.501211889271591,634,686,1,1,146.0,0,0,1,0,0,0.28824591636657715,0.1001119613647461,0.00027823448181152344,0.03500938415527344,0.0010573863983154297,0.001836538314819336
547,0,0.501211889271591,636,688,1,1,147.0,0,0,2,0,0,0.2888219356536865,0.1004021167755127,0.000278472900390625,0.03522229194641113,0.0010616779327392578,0.0018377304077148438
548,0,0.501211889271591,638,690,1,1,148.0,0,0,2,0,0,0.29059457778930664,0.1006784439086914,0.00027871131896972656,0.03663229942321777,0.001065969467163086,0.0018389225006103516
549,0,0.501211889271591,639,692,1,1,149.0,0,0,1,0,0,0.29110169410705566,0.1009669303894043,0.0002789497375488281,0.0367732048034668,0.0010712146759033203,0.001840353012084961
550,0,0.501211889271591,641,694,1,1,150.0,0,0,2,0,0,0.29169511795043945,0.10124945640563965,0.0002791881561279297,0.03700423240661621,0.0010755062103271484,0.0018415451049804688
551,0,0.501211889271591,643,696,1,1,151.0,0,0,2,0,0,0.2922861576080322,0.10153412818908691,0.00027942657470703125,0.037218332290649414,0.0010800361633300781,0.001842498779296875
552,0,0.501211889271591,645,698,1,1,152.0,0,0,2,0,0,0.29411745071411133,0.10184884071350098,0.0002796649932861328,0.03863239288330078,0.0010848045349121094,0.0018436908721923828
553,0,0.501211889271591,646,700,1,1,153.0,0,0,1,0,0,0.29463768005371094,0.1021275520324707,0.0002799034118652344,0.03877902030944824,0.0010898113250732422,0.0018451213836669922
554,0,0.501211889271591,648,702,1,1,154.0,0,0,2,0,0,0.2952229976654053,0.1024174690246582,0.00028014183044433594,0.03898811340332031,0.001094818115234375,0.0018467903137207031
555,0,0.501211889271591,650,704,1,1,155.0,0,0,2,0,0,0.29595947265625,0.10280561447143555,0.00028133392333984375,0.039223432540893555,0.0011074542999267578,0.001847982406616211
556,0,0.501211889271591,651,706,1,1,156.0,0,0,1,0,0,0.2969341278076172,0.10344266891479492,0.00028228759765625,0.03941535949707031,0.001125335693359375,0.001851797103881836
557,0,0.501211889271591,653,708,1,1,157.0,0,0,2,0,0,0.2977559566497803,0.10392117500305176,0.0002830028533935547,0.039644479751586914,0.0011332035064697266,0.0018541812896728516
558,0,0.501211889271591,655,710,1,1,158.0,0,0,2,0,0,0.2986900806427002,0.10435867309570312,0.0002834796905517578,0.03989553451538086,0.0011434555053710938,0.0018572807312011719
559,0,0.501211889271591,656,712,1,1,159.0,0,0,1,0,0,0.29951930046081543,0.1048734188079834,0.0002846717834472656,0.040056467056274414,0.0011622905731201172,0.0018610954284667969
560,0,0.501211889271591,657,714,1,1,160.0,0,0,1,0,0,0.3006293773651123,0.10558843612670898,0.00028777122497558594,0.04027867317199707,0.0011832714080810547,0.0018649101257324219
561,0,0.501211889271591,658,716,1,1,161.0,0,0,1,0,0,0.30205750465393066,0.10640954971313477,0.00028967857360839844,0.04061317443847656,0.0012154579162597656,0.0018725395202636719
562,0,0.501211889271591,659,718,1,1,162.0,0,0,1,0,0,0.30358052253723145,0.10746264457702637,0.00029087066650390625,0.040851593017578125,0.00124359130859375,0.001878976821899414
563,0,0.501211889271591,661,720,1,1,163.0,0,0,2,0,0,0.304645299911499,0.10811400413513184,0.00029158592224121094,0.04112601280212402,0.0012581348419189453,0.0018837451934814453
564,0,0.501211889271591,663,722,1,1,164.0,0,0,2,0,0,0.3052999973297119,0.10843324661254883,0.0002918243408203125,0.04136037826538086,0.0012631416320800781,0.001886606216430664
565,0,0.501211889271591,664,724,1,1,165.0,0,0,1,0,0,0.30584025382995605,0.10875535011291504,0.00029206275939941406,0.041501522064208984,0.0012679100036621094,0.0018880367279052734
566,0,0.501211889271591,666,726,1,1,166.0,0,0,2,0,0,0.30641818046569824,0.10907578468322754,0.0002923011779785156,0.04169821739196777,0.001272439956665039,0.0018894672393798828
567,0,0.501211889271591,668,728,1,1,167.0,0,0,2,0,0,0.3070201873779297,0.10938525199890137,0.0002925395965576172,0.0419163703918457,0.0012772083282470703,0.0018906593322753906
568,0,0.501211889271591,670,730,1,1,168.0,0,0,2,0,0,0.30765748023986816,0.10970354080200195,0.00029277801513671875,0.042151451110839844,0.0012814998626708984,0.0018923282623291016
569,0,0.501211889271591,672,732,1,1,169.0,0,0,2,0,0,0.3095250129699707,0.10999393463134766,0.0002932548522949219,0.04362607002258301,0.0012862682342529297,0.0018935203552246094
570,0,0.501211889271591,674,734,1,1,170.0,0,0,2,0,0,0.31014513969421387,0.11027884483337402,0.00029349327087402344,0.043871164321899414,0.001291036605834961,0.0018949508666992188
571,0,0.501211889271591,676,736,1,1,171.0,0,0,2,0,0,0.3107643127441406,0.11056327819824219,0.00029397010803222656,0.04409980773925781,0.0012958049774169922,0.0018966197967529297
572,0,0.501211889271591,678,738,1,1,172.0,0,0,2,0,0,0.31276893615722656,0.11091065406799316,0.0002951622009277344,0.04563617706298828,0.0013041496276855469,0.0018982887268066406
573,0,0.501211889271591,679,740,1,1,173.0,0,0,1,0,0,0.31397414207458496,0.11168670654296875,0.0002961158752441406,0.04588770866394043,0.0013284683227539062,0.0019030570983886719
574,0,0.501211889271591,680,742,1,1,174.0,0,0,1,0,0,0.3148941993713379,0.11235260963439941,0.00029659271240234375,0.04603981971740723,0.001337289810180664,0.0019068717956542969
575,0,0.501211889271591,682,744,1,1,175.0,0,0,2,0,0,0.31568026542663574,0.11276888847351074,0.00029730796813964844,0.046305179595947266,0.0013456344604492188,0.0019085407257080078
576,0,0.501211889271591,683,746,1,1,176.0,0,0,1,0,0,0.31662440299987793,0.1132962703704834,0.0002982616424560547,0.04655814170837402,0.0013682842254638672,0.0019114017486572266
577,0,0.501211889271591,684,748,1,1,177.0,0,0,1,0,0,0.3175239562988281,0.11388254165649414,0.00029921531677246094,0.04673504829406738,0.0013852119445800781,0.0019159317016601562
578,0,0.501211889271591,686,750,1,1,178.0,0,0,2,0,0,0.3182518482208252,0.11428451538085938,0.0002994537353515625,0.04697251319885254,0.0013916492462158203,0.0019183158874511719
579,0,0.501211889271591,687,752,1,1,179.0,0,0,1,0,0,0.31882715225219727,0.11463594436645508,0.00029969215393066406,0.047116994857788086,0.00139617919921875,0.0019197463989257812
580,0,0.501211889271591,689,754,1,1,180.0,0,0,2,0,0,0.32076406478881836,0.11495780944824219,0.0003001689910888672,0.04862713813781738,0.0014007091522216797,0.0019211769104003906
581,0,0.501211889271591,690,756,1,1,181.0,0,0,1,0,0,0.32129716873168945,0.11524438858032227,0.0003006458282470703,0.0487818717956543,0.0014057159423828125,0.0019223690032958984
582,0,0.501211889271591,691,758,1,1,182.0,0,0,1,0,0,0.32182955741882324,0.11555933952331543,0.00030112266540527344,0.04892277717590332,0.0014104843139648438,0.0019237995147705078
583,0,0.501211889271591,693,760,2,1,183.0,0,0,2,0,0,0.3224983215332031,0.11591792106628418,0.000301361083984375,0.049157142639160156,0.0014145374298095703,0.001924753189086914
584,0,0.501211889271591,695,762,1,1,184.0,0,0,2,0,0,0.3231518268585205,0.11624670028686523,0.00030159950256347656,0.04939746856689453,0.0014197826385498047,0.0019261837005615234
585,0,0.501211889271591,697,764,1,1,185.0,0,0,2,0,0,0.32381367683410645,0.11657023429870605,0.0003018379211425781,0.04964566230773926,0.0014243125915527344,0.0019271373748779297
586,0,0.501211889271591,699,766,1,1,186.0,0,0,2,0,0,0.3244638442993164,0.11688804626464844,0.00030231475830078125,0.0498957633972168,0.0014286041259765625,0.0019283294677734375
587,0,0.501211889271591,701,768,1,1,187.0,0,0,2,0,0,0.3251328468322754,0.11722111701965332,0.0003025531768798828,0.05014848709106445,0.0014331340789794922,0.0019297599792480469
588,0,0.501211889271591,703,770,1,1,188.0,0,0,2,0,0,0.32580065727233887,0.11751151084899902,0.00030303001403808594,0.050431013107299805,0.0014374256134033203,0.0019311904907226562
589,0,0.501211889271591,705,772,1,1,189.0,0,0,2,0,0,0.326582670211792,0.11792778968811035,0.00030350685119628906,0.050698041915893555,0.001447916030883789,0.0019333362579345703
590,0,0.501211889271591,706,774,1,1,190.0,0,0,1,0,0,0.3271751403808594,0.11827898025512695,0.0003037452697753906,0.0508573055267334,0.0014526844024658203,0.0019352436065673828
591,0,0.501211889271591,706,774,1,1,191.0,0,0,0,0,0,0.32756662368774414,0.11860513687133789,0.00030422210693359375,0.0508573055267334,0.00145721435546875,0.001936197280883789
592,0,0.501211889271591,708,776,1,1,192.0,0,0,2,0,0,0.32814764976501465,0.11887454986572266,0.0003046989440917969,0.051097869873046875,0.0014612674713134766,0.0019371509552001953
593,0,0.501211889271591,710,778,1,1,193.0,0,0,2,0,0,0.3288004398345947,0.11917448043823242,0.00030541419982910156,0.051346540451049805,0.0014660358428955078,0.0019381046295166016
594,0,0.501211889271591,712,780,1,1,194.0,0,0,2,0,0,0.3296623229980469,0.1196126937866211,0.00030612945556640625,0.05164527893066406,0.0014793872833251953,0.0019423961639404297
595,0,0.501211889271591,714,782,1,1,195.0,0,0,2,0,0,0.33062243461608887,0.12014007568359375,0.00030684471130371094,0.05194282531738281,0.0014913082122802734,0.0019452571868896484
596,0,0.501211889271591,716,784,1,1,196.0,0,0,2,0,0,0.33283448219299316,0.12059497833251953,0.0003075599670410156,0.05357670783996582,0.0014977455139160156,0.001947641372680664
597,0,0.501211889271591,717,786,1,1,197.0,0,0,1,0,0,0.3338165283203125,0.12128210067749023,0.0003082752227783203,0.053734779357910156,0.0015125274658203125,0.0019516944885253906
598,0,0.501211889271591,718,788,1,1,198.0,0,0,1,0,0,0.3345479965209961,0.12174367904663086,0.0003085136413574219,0.05391693115234375,0.00151824951171875,0.0019550323486328125
599,0,0.501211889271591,719,790,1,1,199.0,0,0,1,0,0,0.33514833450317383,0.12210297584533691,0.00030875205993652344,0.05408143997192383,0.0015234947204589844,0.0019571781158447266
600,0,0.501211889271591,721,792,1,1,200.0,0,0,2,0,0,0.3371610641479492,0.12241530418395996,0.000308990478515625,0.05567741394042969,0.0015292167663574219,0.001958608627319336
601,0,0.501211889271591,723,794,1,1,201.0,0,0,2,0,0,0.3378431797027588,0.12274003028869629,0.00030922889709472656,0.05594897270202637,0.0015339851379394531,0.001960277557373047
602,0,0.501211889271591,725,796,1,1,202.0,0,0,2,0,0,0.338503360748291,0.12307620048522949,0.0003097057342529297,0.05617690086364746,0.0015385150909423828,0.0019614696502685547
603,0,0.501211889271591,726,798,1,1,203.0,0,0,1,0,0,0.33905577659606934,0.12339138984680176,0.00030994415283203125,0.056337594985961914,0.001543283462524414,0.0019626617431640625
604,0,0.501211889271591,728,800,1,1,204.0,0,0,2,0,0,0.34136128425598145,0.12373590469360352,0.0003116130828857422,0.05817914009094238,0.0015475749969482422,0.0019638538360595703
605,0,0.501211889271591,730,802,1,1,205.0,0,0,2,0,0,0.34259867668151855,0.1244206428527832,0.00031256675720214844,0.05853700637817383,0.0015749931335449219,0.001972675323486328
606,0,0.501211889271591,732,804,1,1,206.0,0,0,2,0,0,0.3434758186340332,0.1249394416809082,0.00031280517578125,0.05879974365234375,0.0015838146209716797,0.00197601318359375
607,0,0.501211889271591,734,806,1,1,207.0,0,0,2,0,0,0.3441309928894043,0.12527704238891602,0.0003132820129394531,0.05904579162597656,0.0015883445739746094,0.001977682113647461
608,0,0.501211889271591,736,808,1,1,208.0,0,0,2,0,0,0.3447844982147217,0.12557315826416016,0.0003135204315185547,0.05931830406188965,0.0015931129455566406,0.0019788742065429688
609,0,0.501211889271591,738,810,1,1,209.0,0,0,2,0,0,0.3454596996307373,0.12591123580932617,0.00031375885009765625,0.05957961082458496,0.0015976428985595703,0.001981496810913086
610,0,0.501211889271591,740,812,1,1,210.0,0,0,2,0,0,0.34679293632507324,0.12633895874023438,0.0003159046173095703,0.06033492088317871,0.0016112327575683594,0.0019829273223876953
611,0,0.501211889271591,742,814,1,1,211.0,0,0,2,0,0,0.3483436107635498,0.12728190422058105,0.00031685829162597656,0.060720205307006836,0.0016355514526367188,0.0019922256469726562
612,0,0.501211889271591,744,816,1,1,212.0,0,0,2,0,0,0.3493671417236328,0.1278538703918457,0.00031757354736328125,0.0610356330871582,0.0016486644744873047,0.0019979476928710938
613,0,0.501211889271591,746,818,1,1,213.0,0,0,2,0,0,0.35039353370666504,0.1284198760986328,0.00031828880310058594,0.06135416030883789,0.0016629695892333984,0.0020017623901367188
614,0,0.501211889271591,748,820,1,1,214.0,0,0,2,0,0,0.35121798515319824,0.12887144088745117,0.0003185272216796875,0.061637163162231445,0.0016679763793945312,0.0020051002502441406
615,0,0.501211889271591,749,822,1,1,215.0,0,0,1,0,0,0.3517920970916748,0.129194974899292,0.0003190040588378906,0.061803340911865234,0.0016722679138183594,0.00200653076171875
616,0,0.501211889271591,750,824,1,1,216.0,0,0,1,0,0,0.35241127014160156,0.12958574295043945,0.0003190040588378906,0.06195974349975586,0.001676797866821289,0.0020079612731933594
617,0,0.501211889271591,752,826,1,1,217.0,0,0,2,0,0,0.35309720039367676,0.12995362281799316,0.0003192424774169922,0.062203168869018555,0.0016813278198242188,0.0020096302032470703
618,0,0.501211889271591,754,828,1,1,218.0,0,0,2,0,0,0.3537266254425049,0.13028955459594727,0.00031948089599609375,0.06242847442626953,0.00168609619140625,0.002010822296142578
619,0,0.501211889271591,756,830,1,1,219.0,0,0,2,0,0,0.35442328453063965,0.13062691688537598,0.0003197193145751953,0.06270599365234375,0.0016901493072509766,0.0020117759704589844
620,0,0.501211889271591,757,832,1,1,220.0,0,0,1,0,0,0.35497570037841797,0.13092374801635742,0.0003199577331542969,0.06287550926208496,0.0016949176788330078,0.002012968063354492
621,0,0.501211889271591,759,834,1,1,221.0,0,0,2,0,0,0.35574865341186523,0.13128137588500977,0.0003204345703125,0.06320738792419434,0.0016989707946777344,0.00201416015625
622,0,0.501211889271591,760,836,1,1,222.0,0,0,1,0,0,0.35649752616882324,0.13171148300170898,0.0003209114074707031,0.0634012222290039,0.0017123222351074219,0.0020165443420410156
623,0,0.501211889271591,762,838,1,1,223.0,0,0,2,0,0,0.3575410842895508,0.132293701171875,0.00032210350036621094,0.06369853019714355,0.0017290115356445312,0.0020189285278320312
624,0,0.501211889271591,764,840,1,1,224.0,0,0,2,0,0,0.3584613800048828,0.1328272819519043,0.0003223419189453125,0.0639955997467041,0.0017347335815429688,0.002023935317993164
625,0,0.501211889271591,765,842,1,1,225.0,0,0,1,0,0,0.3604896068572998,0.13319945335388184,0.00032258033752441406,0.06553268432617188,0.0017392635345458984,0.002025127410888672
626,0,0.501211889271591,767,844,1,1,226.0,0,0,2,0,0,0.36124110221862793,0.13359785079956055,0.0003228187561035156,0.06580305099487305,0.0017437934875488281,0.0020265579223632812
627,0,0.501211889271591,769,846,1,1,227.0,0,0,2,0,0,0.36196303367614746,0.13394832611083984,0.0003230571746826172,0.06609177589416504,0.0017485618591308594,0.002027750015258789
628,0,0.501211889271591,771,848,1,1,228.0,0,0,2,0,0,0.3627173900604248,0.13433265686035156,0.000324249267578125,0.06635236740112305,0.0017676353454589844,0.002028942108154297
629,0,0.501211889271591,773,850,1,1,229.0,0,0,2,0,0,0.36528968811035156,0.13503313064575195,0.00032520294189453125,0.06807160377502441,0.0017826557159423828,0.0020325183868408203
630,0,0.501211889271591,775,852,1,1,230.0,0,0,2,0,0,0.3662753105163574,0.13562583923339844,0.0003256797790527344,0.06834673881530762,0.001794576644897461,0.002035856246948242
631,0,0.501211889271591,777,854,1,1,231.0,0,0,2,0,0,0.3683817386627197,0.1360020637512207,0.00032591819763183594,0.06999731063842773,0.0017995834350585938,0.00203704833984375
632,0,0.501211889271591,778,856,1,1,232.0,0,0,1,0,0,0.36901140213012695,0.13637828826904297,0.0003261566162109375,0.07015228271484375,0.0018050670623779297,0.0020384788513183594
633,0,0.501211889271591,780,858,1,1,233.0,0,0,2,0,0,0.37126851081848145,0.13675642013549805,0.0003273487091064453,0.07193660736083984,0.0018093585968017578,0.002039670944213867
634,0,0.501211889271591,782,860,1,1,234.0,0,0,2,0,0,0.3724222183227539,0.13747382164001465,0.00032806396484375,0.07221770286560059,0.0018260478973388672,0.0020432472229003906
635,0,0.501211889271591,784,862,1,1,235.0,0,0,2,0,0,0.3733103275299072,0.13792967796325684,0.00032901763916015625,0.07253837585449219,0.0018341541290283203,0.0020461082458496094
636,0,0.501211889271591,786,864,1,1,236.0,0,0,2,0,0,0.3741137981414795,0.13834023475646973,0.00032973289489746094,0.07281231880187988,0.0018422603607177734,0.0020487308502197266
637,0,0.501211889271591,788,866,1,1,237.0,0,0,2,0,0,0.37503719329833984,0.13886594772338867,0.0003306865692138672,0.07309675216674805,0.0018515586853027344,0.002051115036010742
638,0,0.501211889271591,789,868,1,1,238.0,0,0,1,0,0,0.37586283683776855,0.1394023895263672,0.00033092498779296875,0.07326769828796387,0.0018601417541503906,0.002053499221801758
639,0,0.501211889271591,791,870,1,1,239.0,0,0,2,0,0,0.3780524730682373,0.13976597785949707,0.0003311634063720703,0.07499837875366211,0.0018644332885742188,0.0020551681518554688
640,0,0.501211889271591,792,872,1,1,240.0,0,0,1,0,0,0.3786938190460205,0.14011240005493164,0.00033164024353027344,0.07519698143005371,0.0018689632415771484,0.002056598663330078
641,0,0.501211889271591,794,874,1,1,241.0,0,0,2,0,0,0.3802006244659424,0.14104914665222168,0.0003325939178466797,0.07559394836425781,0.0018887519836425781,0.0020601749420166016
642,0,0.501211889271591,796,876,1,1,242.0,0,0,2,0,0,0.3815138339996338,0.1417679786682129,0.0003333091735839844,0.07592344284057617,0.0019037723541259766,0.0020647048950195312
643,0,0.501211889271591,798,878,1,1,243.0,0,0,2,0,0,0.38233470916748047,0.14220905303955078,0.00033354759216308594,0.0762183666229248,0.0019092559814453125,0.0020685195922851562
644,0,0.501211889271591,800,880,1,1,244.0,0,0,2,0,0,0.3830738067626953,0.1425771713256836,0.0003337860107421875,0.07650041580200195,0.0019142627716064453,0.002069711685180664
645,0,0.501211889271591,802,882,1,1,245.0,0,0,2,0,0,0.38388705253601074,0.14299416542053223,0.00033402442932128906,0.07680130004882812,0.0019197463989257812,0.0020711421966552734
646,0,0.501211889271591,804,884,1,1,246.0,0,0,2,0,0,0.38465285301208496,0.14334821701049805,0.0003342628479003906,0.07712674140930176,0.0019245147705078125,0.0020723342895507812
647,0,0.501211889271591,806,886,1,1,247.0,0,0,2,0,0,0.38698649406433105,0.14376616477966309,0.0003345012664794922,0.07895064353942871,0.0019295215606689453,0.002073526382446289
648,0,0.501211889271591,806,886,1,1,248.0,0,0,0,0,0,0.38826823234558105,0.14487218856811523,0.0003361701965332031,0.07895064353942871,0.0019559860229492188,0.0020749568939208984
649,0,0.501211889271591,807,888,1,1,249.0,0,0,1,0,0,0.38948655128479004,0.14570856094360352,0.0003364086151123047,0.07920312881469727,0.0019669532775878906,0.002080678939819336
650,0,0.501211889271591,809,890,1,1,250.0,0,0,2,0,0,0.39037609100341797,0.14617490768432617,0.00033664703369140625,0.07951784133911133,0.001971721649169922,0.002083301544189453
651,0,0.501211889271591,810,892,1,1,251.0,0,0,1,0,0,0.39106106758117676,0.14656686782836914,0.0003368854522705078,0.07972097396850586,0.0019774436950683594,0.002084970474243164
652,0,0.501211889271591,812,894,1,1,252.0,0,0,2,0,0,0.39182090759277344,0.14693331718444824,0.0003371238708496094,0.08003830909729004,0.0019822120666503906,0.0020864009857177734
653,0,0.501211889271591,814,896,1,1,253.0,0,0,2,0,0,0.3941986560821533,0.14736199378967285,0.00033783912658691406,0.08188056945800781,0.0019867420196533203,0.002087831497192383
654,0,0.501211889271591,816,898,1,1,254.0,0,0,2,0,0,0.39527392387390137,0.14796876907348633,0.00033926963806152344,0.0822138786315918,0.0019996166229248047,0.0020923614501953125
655,0,0.501211889271591,818,900,1,1,255.0,0,0,2,0,0,0.3983170986175537,0.14874529838562012,0.00034046173095703125,0.08423566818237305,0.002020597457885742,0.0020966529846191406
656,0,0.501211889271591,820,902,1,1,256.0,0,0,2,0,0,0.39957642555236816,0.14951395988464355,0.0003409385681152344,0.08457207679748535,0.002038240432739258,0.002101898193359375
657,0,0.501211889271591,822,904,1,1,257.0,0,0,2,0,0,0.4006233215332031,0.15010547637939453,0.00034165382385253906,0.08490872383117676,0.002050638198852539,0.0021054744720458984
658,0,0.501211889271591,824,906,1,1,258.0,0,0,2,0,0,0.40181636810302734,0.15081095695495605,0.0003426074981689453,0.08527183532714844,0.0020644664764404297,0.0021088123321533203
659,0,0.501211889271591,826,908,1,1,259.0,0,0,2,0,0,0.4030721187591553,0.15151023864746094,0.00034499168395996094,0.08569097518920898,0.002077817916870117,0.0021126270294189453
660,0,0.501211889271591,827,910,1,1,260.0,0,0,1,0,0,0.4044191837310791,0.15235304832458496,0.00034618377685546875,0.08599328994750977,0.0020987987518310547,0.0021202564239501953
661,0,0.501211889271591,829,912,1,1,261.0,0,0,2,0,0,0.4057185649871826,0.15314126014709473,0.00034689903259277344,0.08635973930358887,0.002117633819580078,0.0021245479583740234
662,0,0.501211889271591,831,914,1,1,262.0,0,0,2,0,0,0.40713000297546387,0.1540203094482422,0.00034809112548828125,0.08672308921813965,0.002136707305908203,0.0021283626556396484
663,0,0.501211889271591,833,916,3,1,263.0,0,0,2,0,0,0.4082615375518799,0.15470409393310547,0.0003483295440673828,0.08706808090209961,0.0021419525146484375,0.0021331310272216797
664,0,0.501211889271591,835,918,4,3,250.0,0,0,2,0,0,0.4091067314147949,0.15513014793395996,0.00034880638122558594,0.08735346794128418,0.0021500587463378906,0.0021347999572753906
665,0,0.501211889271591,837,920,1,1,265.0,0,0,2,0,0,0.41017675399780273,0.15571379661560059,0.00034928321838378906,0.0877230167388916,0.0021598339080810547,0.002137422561645508
666,0,0.501211889271591,839,922,1,1,266.0,0,0,2,0,0,0.411226749420166,0.1563262939453125,0.0003497600555419922,0.08804512023925781,0.002168893814086914,0.002140045166015625
667,0,0.501211889271591,841,924,1,1,267.0,0,0,2,0,0,0.41206789016723633,0.1567385196685791,0.0003509521484375,0.08838129043579102,0.0021736621856689453,0.002142667770385742
668,0,0.501211889271591,842,926,2,1,268.0,0,0,1,0,0,0.4131495952606201,0.15730977058410645,0.0003523826599121094,0.08875370025634766,0.002191781997680664,0.0021462440490722656
669,0,0.501211889271591,844,928,1,1,269.0,0,0,2,0,0,0.41500115394592285,0.15851879119873047,0.00035381317138671875,0.0892021656036377,0.0022153854370117188,0.0021543502807617188
670,0,0.501211889271591,846,930,1,1,270.0,0,0,2,0,0,0.4163961410522461,0.15938401222229004,0.000354766845703125,0.0895836353302002,0.0022330284118652344,0.0021588802337646484
671,0,0.501211889271591,848,932,1,1,271.0,0,0,2,0,0,0.41840672492980957,0.16070175170898438,0.0003559589385986328,0.09004640579223633,0.0022597312927246094,0.0021657943725585938
672,0,0.501211889271591,849,934,1,1,272.0,0,0,1,0,0,0.4199831485748291,0.16171503067016602,0.0003578662872314453,0.09041237831115723,0.002283334732055664,0.002172231674194336
673,0,0.501211889271591,851,936,1,1,273.0,0,0,2,0,0,0.4212946891784668,0.16253900527954102,0.00035858154296875,0.09070706367492676,0.0022966861724853516,0.002210855484008789
674,0,0.501211889271591,852,938,1,1,274.0,0,0,1,0,0,0.4220430850982666,0.16299223899841309,0.00035881996154785156,0.09091615676879883,0.002301454544067383,0.0022132396697998047
675,0,0.501211889271591,854,940,1,1,275.0,0,0,2,0,0,0.42291879653930664,0.16344976425170898,0.0003590583801269531,0.09124135971069336,0.002306222915649414,0.0022144317626953125
676,0,0.501211889271591,856,942,1,1,276.0,0,0,2,0,0,0.4238009452819824,0.1638960838317871,0.0003592967987060547,0.09159493446350098,0.002311229705810547,0.002215862274169922
677,0,0.501211889271591,858,944,1,1,277.0,0,0,2,0,0,0.4246034622192383,0.16430401802062988,0.00035953521728515625,0.0918881893157959,0.002315998077392578,0.0022172927856445312
678,0,0.501211889271591,859,946,1,1,278.0,0,0,1,0,0,0.42531633377075195,0.16472768783569336,0.0003600120544433594,0.09209752082824707,0.002321004867553711,0.002218961715698242
679,0,0.501211889271591,861,948,1,1,279.0,0,0,2,0,0,0.42612242698669434,0.16515302658081055,0.0003604888916015625,0.09240341186523438,0.002325773239135742,0.00222015380859375
680,0,0.501211889271591,863,950,1,1,280.0,0,0,2,0,0,0.4269294738769531,0.16556143760681152,0.00036072731018066406,0.09271883964538574,0.002330303192138672,0.002221345901489258
681,0,0.501211889271591,865,952,1,1,281.0,0,0,2,0,0,0.4277327060699463,0.16596746444702148,0.0003612041473388672,0.09303951263427734,0.002335071563720703,0.002222776412963867
682,0,0.501211889271591,867,954,1,1,282.0,0,0,2,0,0,0.4285867214202881,0.16639018058776855,0.00036144256591796875,0.09338212013244629,0.002339601516723633,0.002225637435913086
683,0,0.501211889271591,869,956,1,1,283.0,0,0,2,0,0,0.4299275875091553,0.16705751419067383,0.0003631114959716797,0.09384703636169434,0.0023610591888427734,0.002264261245727539
684,0,0.501211889271591,870,958,1,1,284.0,0,0,1,0,0,0.4316558837890625,0.16828155517578125,0.00036406517028808594,0.09416675567626953,0.002384662628173828,0.0022706985473632812
685,0,0.501211889271591,872,960,1,1,285.0,0,0,2,0,0,0.43322086334228516,0.16925525665283203,0.0003662109375,0.09459042549133301,0.002405881881713867,0.002275228500366211
686,0,0.501211889271591,873,962,1,1,286.0,0,0,1,0,0,0.4348318576812744,0.17025470733642578,0.0003681182861328125,0.09499049186706543,0.0024313926696777344,0.00228118896484375
687,0,0.501211889271591,875,964,1,1,287.0,0,0,2,0,0,0.4367079734802246,0.17140793800354004,0.000370025634765625,0.0955040454864502,0.002468109130859375,0.0022873878479003906
688,0,0.501211889271591,877,966,1,1,288.0,0,0,2,0,0,0.43810200691223145,0.17222309112548828,0.0003712177276611328,0.09592890739440918,0.0024857521057128906,0.002292633056640625
689,0,0.501211889271591,879,968,1,1,289.0,0,0,2,0,0,0.43932485580444336,0.17293143272399902,0.0003724098205566406,0.09630799293518066,0.0025010108947753906,0.002295970916748047
690,0,0.501211889271591,880,970,1,1,290.0,0,0,1,0,0,0.44011378288269043,0.17344951629638672,0.0003726482391357422,0.09650111198425293,0.0025053024291992188,0.002299070358276367
691,0,0.501211889271591,881,972,1,1,291.0,0,0,1,0,0,0.4408395290374756,0.17388534545898438,0.00037288665771484375,0.0967104434967041,0.002509593963623047,0.002300262451171875
692,0,0.501211889271591,883,974,1,1,292.0,0,0,2,0,0,0.4418056011199951,0.17438006401062012,0.0003733634948730469,0.09706330299377441,0.0025191307067871094,0.0023016929626464844
693,0,0.501211889271591,885,976,1,1,293.0,0,0,2,0,0,0.4429142475128174,0.17501115798950195,0.00037384033203125,0.09741663932800293,0.002531766891479492,0.002304553985595703
694,0,0.501211889271591,885,976,1,1,294.0,0,0,0,0,0,0.4434630870819092,0.17547392845153809,0.0003743171691894531,0.09741663932800293,0.002536773681640625,0.0023064613342285156
695,0,0.501211889271591,886,978,1,1,295.0,0,0,1,0,0,0.44414329528808594,0.17586946487426758,0.0003750324249267578,0.09761619567871094,0.0025408267974853516,0.002307415008544922
696,0,0.501211889271591,887,980,1,1,296.0,0,0,1,0,0,0.44481706619262695,0.1762523651123047,0.0003757476806640625,0.09782624244689941,0.0025451183319091797,0.0023086071014404297
697,0,0.501211889271591,889,982,1,1,297.0,0,0,2,0,0,0.4456017017364502,0.17662501335144043,0.0003764629364013672,0.09816169738769531,0.0025496482849121094,0.0023097991943359375
698,0,0.501211889271591,891,984,1,1,298.0,0,0,2,0,0,0.44719886779785156,0.17744874954223633,0.0003781318664550781,0.09874677658081055,0.0025701522827148438,0.0023131370544433594
699,0,0.501211889271591,893,986,1,1,299.0,0,0,2,0,0,0.44850802421569824,0.17822980880737305,0.0003790855407714844,0.09911155700683594,0.0025930404663085938,0.002318859100341797
700,0,0.501211889271591,894,988,1,1,300.0,0,0,1,0,0,0.45003294944763184,0.17928385734558105,0.00037980079650878906,0.09938931465148926,0.0026161670684814453,0.0023229122161865234
701,0,0.501211889271591,895,990,1,1,301.0,0,0,1,0,0,0.45110034942626953,0.18001031875610352,0.00038051605224609375,0.09961962699890137,0.0026276111602783203,0.0023272037506103516
702,0,0.501211889271591,897,992,1,1,302.0,0,0,2,0,0,0.4519166946411133,0.1804032325744629,0.0003807544708251953,0.09995841979980469,0.0026319026947021484,0.002329587936401367
703,0,0.501211889271591,899,994,1,1,303.0,0,0,2,0,0,0.45271873474121094,0.18077945709228516,0.0003809928894042969,0.10028505325317383,0.0026361942291259766,0.002330780029296875
704,0,0.501211889271591,900,996,1,1,304.0,0,0,1,0,0,0.4534645080566406,0.18122529983520508,0.0003814697265625,0.10050129890441895,0.0026407241821289062,0.0023322105407714844
705,0,0.501211889271591,902,998,1,1,305.0,0,0,2,0,0,0.4542582035064697,0.181610107421875,0.0003819465637207031,0.10083222389221191,0.0026450157165527344,0.002333402633666992
706,0,0.501211889271591,903,1000,1,1,306.0,0,0,1,0,0,0.4549252986907959,0.18198943138122559,0.0003821849822998047,0.10104155540466309,0.0026493072509765625,0.0023345947265625
707,0,0.501211889271591,903,1000,1,1,307.0,0,0,2,0,2,0.4564981460571289,0.18239951133728027,0.001163482666015625,0.10135173797607422,0.0026535987854003906,0.0023355484008789062
708,0,0.501211889271591,902,1000,1,1,308.0,0,0,1,0,2,0.45789051055908203,0.18277978897094727,0.00183868408203125,0.10159420967102051,0.0026597976684570312,0.0023369789123535156
709,0,0.501211889271591,902,1000,1,1,309.0,0,0,2,0,2,0.4597899913787842,0.1835026741027832,0.0025043487548828125,0.10196232795715332,0.0026750564575195312,0.0023407936096191406
710,0,0.501211889271591,903,1000,1,1,310.0,0,0,2,0,1,0.4613780975341797,0.18405795097351074,0.003097057342529297,0.10229849815368652,0.0026807785034179688,0.0023441314697265625
711,0,0.501211889271591,903,1000,1,1,311.0,0,0,1,0,1,0.464885950088501,0.18453383445739746,0.0038678646087646484,0.1044461727142334,0.0026857852935791016,0.0023458003997802734
712,0,0.501211889271591,902,1000,1,1,312.0,0,0,1,0,2,0.46730685234069824,0.18565917015075684,0.004639387130737305,0.10477399826049805,0.0027103424072265625,0.0023522377014160156
713,0,0.501211889271591,902,1000,1,1,313.0,0,0,2,0,2,0.46906232833862305,0.1863079071044922,0.005244731903076172,0.10513091087341309,0.002722501754760742,0.0023567676544189453
714,0,0.501211889271591,902,1000,1,1,314.0,0,0,0,0,0,0.4695894718170166,0.1867504119873047,0.0052449703216552734,0.10513091087341309,0.002727985382080078,0.002358675003051758
715,0,0.501211889271591,902,1000,1,1,315.0,0,0,2,0,2,0.4710099697113037,0.1871786117553711,0.005845308303833008,0.10544228553771973,0.0027320384979248047,0.0023598670959472656
716,0,0.501211889271591,902,1000,1,1,316.0,0,0,2,0,2,0.47246313095092773,0.18760132789611816,0.006428956985473633,0.10579252243041992,0.002736806869506836,0.0023610591888427734
717,0,0.501211889271591,902,1000,1,1,317.0,0,0,2,0,2,0.47411561012268066,0.18801355361938477,0.007199287414550781,0.10615229606628418,0.0027437210083007812,0.002362489700317383
718,0,0.501211889271591,902,1000,1,1,318.0,0,0,2,0,2,0.47609615325927734,0.18875646591186523,0.00793004035949707,0.1065216064453125,0.002758502960205078,0.0023670196533203125
719,0,0.501211889271591,901,1000,1,1,319.0,0,0,1,0,2,0.4774773120880127,0.18922114372253418,0.00852203369140625,0.10674667358398438,0.0027642250061035156,0.002370119094848633
720,0,0.501211889271591,901,1000,1,1,320.0,0,0,2,0,2,0.4812772274017334,0.18968486785888672,0.009651899337768555,0.1088404655456543,0.0027692317962646484,0.002371549606323242
721,0,0.501211889271591,902,1000,3,2,161.0,0,0,2,0,1,0.4834933280944824,0.19061064720153809,0.010396957397460938,0.10920333862304688,0.0027976036071777344,0.0023801326751708984
722,0,0.501211889271591,901,1000,1,1,322.0,0,0,1,0,2,0.48531603813171387,0.1914064884185791,0.011029958724975586,0.10945725440979004,0.002812623977661133,0.0023839473724365234
723,0,0.501211889271591,900,1000,1,1,323.0,0,0,1,0,2,0.4866654872894287,0.19186091423034668,0.01162576675415039,0.10967397689819336,0.0028188228607177734,0.002387523651123047
724,0,0.501211889271591,899,1000,1,1,324.0,0,0,1,0,2,0.4879631996154785,0.19231462478637695,0.012180566787719727,0.10988497734069824,0.0028235912322998047,0.0023887157440185547
725,0,0.501211889271591,900,1000,1,1,325.0,0,0,2,0,1,0.4893639087677002,0.19269299507141113,0.012769699096679688,0.11023354530334473,0.002828359603881836,0.002390146255493164
726,0,0.501211889271591,900,1000,1,1,326.0,0,0,2,0,2,0.4913344383239746,0.19337749481201172,0.013552665710449219,0.11060357093811035,0.002845287322998047,0.0023946762084960938
727,0,0.501211889271591,900,1000,1,1,327.0,0,0,2,0,2,0.49298691749572754,0.1939554214477539,0.014164924621582031,0.1109628677368164,0.0028541088104248047,0.002397775650024414
728,0,0.501211889271591,900,1000,1,1,328.0,0,0,2,0,2,0.4944002628326416,0.19436907768249512,0.014760494232177734,0.11126971244812012,0.0028591156005859375,0.002399444580078125
729,0,0.501211889271591,899,1000,1,1,329.0,0,0,2,0,2,0.49588966369628906,0.19478058815002441,0.015371084213256836,0.11163043975830078,0.0028638839721679688,0.0024008750915527344
730,0,0.501211889271591,900,1000,1,1,330.0,0,0,2,0,1,0.49852943420410156,0.19587445259094238,0.016201257705688477,0.11213135719299316,0.002897977828979492,0.0024068355560302734
731,0,0.501211889271591,900,1000,1,1,331.0,0,0,2,0,2,0.5006880760192871,0.19683575630187988,0.016913890838623047,0.11246681213378906,0.0029168128967285156,0.0024132728576660156
732,0,0.501211889271591,900,1000,1,1,332.0,0,0,2,0,2,0.5022187232971191,0.1973094940185547,0.017521142959594727,0.11281132698059082,0.0029239654541015625,0.002416372299194336
733,0,0.501211889271591,900,1000,1,1,333.0,0,0,2,0,2,0.5036571025848389,0.19773101806640625,0.018140316009521484,0.11310911178588867,0.0029289722442626953,0.0024178028106689453
734,0,0.501211889271591,900,1000,1,1,334.0,0,0,2,0,2,0.5051181316375732,0.19819855690002441,0.018701791763305664,0.11345124244689941,0.0029344558715820312,0.0024194717407226562
735,0,0.501211889271591,899,1000,1,1,335.0,0,0,1,0,2,0.5068061351776123,0.19879436492919922,0.01946854591369629,0.11366939544677734,0.0029489994049072266,0.002422332763671875
736,0,0.501211889271591,899,1000,1,1,336.0,0,0,1,0,1,0.5084726810455322,0.19950270652770996,0.020053386688232422,0.11391448974609375,0.002963542938232422,0.0024268627166748047
737,0,0.501211889271591,899,1000,1,1,337.0,0,0,2,0,2,0.5100417137145996,0.20002341270446777,0.020662784576416016,0.11425113677978516,0.0029687881469726562,0.0024292469024658203
738,0,0.501211889271591,899,1000,1,1,338.0,0,0,2,0,2,0.5114898681640625,0.20046377182006836,0.021239519119262695,0.1145925521850586,0.0029740333557128906,0.0024309158325195312
739,0,0.501211889271591,899,1000,1,1,739.0,0,0,0,1,1,0.5121896266937256,0.2008345127105713,0.02154064178466797,0.1145925521850586,0.0029740333557128906,0.002432584762573242
740,0,0.501211889271591,899,1000,1,1,340.0,0,0,0,0,0,0.5132565498352051,0.20167040824890137,0.021542787551879883,0.1145925521850586,0.0030059814453125,0.002435922622680664
741,0,0.501211889271591,899,1000,1,1,341.0,0,0,2,0,2,0.5176637172698975,0.20285534858703613,0.022294998168945312,0.11680936813354492,0.00302886962890625,0.002443552017211914
742,0,0.501211889271591,899,1000,1,1,342.0,0,0,2,0,2,0.5194385051727295,0.2036147117614746,0.022846698760986328,0.11714553833007812,0.0030438899993896484,0.0024483203887939453
743,0,0.501211889271591,900,1000,1,1,343.0,0,0,2,0,1,0.5208740234375,0.20409131050109863,0.023393869400024414,0.11747574806213379,0.003048419952392578,0.0024499893188476562
744,0,0.501211889271591,899,1000,1,1,344.0,0,0,1,0,2,0.5227069854736328,0.20479989051818848,0.024122953414916992,0.11773920059204102,0.0030660629272460938,0.002452373504638672
745,0,0.501211889271591,900,1000,1,1,345.0,0,0,1,0,0,0.524254322052002,0.20546960830688477,0.02467632293701172,0.11794805526733398,0.0030748844146728516,0.0024564266204833984
746,0,0.501211889271591,900,1000,1,1,346.0,0,0,2,0,2,0.5257949829101562,0.20598936080932617,0.025269508361816406,0.11829042434692383,0.003081798553466797,0.0024585723876953125
747,0,0.501211889271591,901,1000,1,1,347.0,0,0,2,0,1,0.527169942855835,0.2063922882080078,0.025825977325439453,0.11862301826477051,0.0030870437622070312,0.0024597644805908203
748,0,0.501211889271591,901,1000,1,1,348.0,0,0,1,0,1,0.5285170078277588,0.2068021297454834,0.0264589786529541,0.1188364028930664,0.0030922889709472656,0.002461671829223633
749,0,0.501211889271591,901,1000,1,1,749.0,0,0,0,1,1,0.5304141044616699,0.20774388313293457,0.027324199676513672,0.1188364028930664,0.0030922889709472656,0.0024650096893310547
750,0,0.501211889271591,902,1000,1,1,350.0,0,0,2,0,1,0.5327794551849365,0.20875906944274902,0.028082847595214844,0.11925435066223145,0.0031137466430664062,0.0024743080139160156
751,0,0.501211889271591,903,1000,1,1,751.0,0,0,0,1,0,0.534151554107666,0.20966362953186035,0.02848672866821289,0.11925435066223145,0.0031137466430664062,0.0024793148040771484
752,0,0.501211889271591,902,1000,1,1,352.0,0,0,1,0,2,0.5359423160552979,0.21039938926696777,0.029169082641601562,0.11950325965881348,0.0031304359436035156,0.002483844757080078
753,0,0.501211889271591,902,1000,1,1,353.0,0,0,2,0,2,0.5383429527282715,0.2112569808959961,0.03006744384765625,0.11999821662902832,0.0031511783599853516,0.0024869441986083984
754,0,0.501211889271591,903,1000,1,1,354.0,0,0,2,0,1,0.5419745445251465,0.21218013763427734,0.030627965927124023,0.12196779251098633,0.0031692981719970703,0.0024924278259277344
755,0,0.501211889271591,903,1000,1,1,355.0,0,0,1,0,1,0.5440013408660889,0.21263647079467773,0.03187131881713867,0.12219119071960449,0.0031757354736328125,0.0024940967559814453
756,0,0.501211889271591,903,1000,1,1,356.0,0,0,2,0,2,0.5466916561126709,0.2133958339691162,0.03303718566894531,0.1227414608001709,0.003222942352294922,0.0025000572204589844
757,0,0.501211889271591,904,1000,1,1,357.0,0,0,2,0,1,0.5489907264709473,0.21429729461669922,0.03381800651550293,0.12318801879882812,0.0032444000244140625,0.0025064945220947266
758,0,0.501211889271591,904,1000,1,1,358.0,0,0,2,0,2,0.5509276390075684,0.2151501178741455,0.03439640998840332,0.1235344409942627,0.0032701492309570312,0.002511739730834961
759,0,0.501211889271591,905,1000,1,1,359.0,0,0,2,0,1,0.5524487495422363,0.2157135009765625,0.03494572639465332,0.1238410472869873,0.003276348114013672,0.002513408660888672
760,0,0.501211889271591,905,1000,1,1,360.0,0,0,2,0,2,0.5540738105773926,0.2161121368408203,0.035696983337402344,0.12420153617858887,0.0032825469970703125,0.0025146007537841797
761,0,0.501211889271591,906,1000,1,1,361.0,0,0,2,0,1,0.5558643341064453,0.21683311462402344,0.036286354064941406,0.12453556060791016,0.003296375274658203,0.0025186538696289062
762,0,0.501211889271591,907,1000,1,1,362.0,0,0,2,0,1,0.5572562217712402,0.21723270416259766,0.036873579025268555,0.12484312057495117,0.0033011436462402344,0.0025205612182617188
763,0,0.501211889271591,909,1000,1,1,363.0,0,0,2,0,0,0.5586156845092773,0.21766090393066406,0.03740644454956055,0.12514710426330566,0.003305673599243164,0.002521991729736328
764,0,0.501211889271591,908,1000,1,1,364.0,0,0,1,0,2,0.5601024627685547,0.21808815002441406,0.03811383247375488,0.12538838386535645,0.003310680389404297,0.0025234222412109375
765,0,0.501211889271591,907,1000,1,1,365.0,0,0,1,0,2,0.5647528171539307,0.21982550621032715,0.040045738220214844,0.12604308128356934,0.0033419132232666016,0.002528667449951172
766,0,0.501211889271591,908,1000,1,1,366.0,0,0,2,0,1,0.5672194957733154,0.22089123725891113,0.040802955627441406,0.12649941444396973,0.00336456298828125,0.002537965774536133
767,0,0.501211889271591,910,1000,1,1,367.0,0,0,2,0,0,0.5689520835876465,0.22162628173828125,0.0413515567779541,0.12682867050170898,0.003373861312866211,0.002542257308959961
768,0,0.501211889271591,910,1000,1,1,368.0,0,0,2,0,2,0.5710349082946777,0.2225663661956787,0.04200387001037598,0.12717247009277344,0.0033893585205078125,0.002559185028076172
769,0,0.501211889271591,911,1000,1,1,769.0,0,0,0,1,0,0.5718278884887695,0.22303986549377441,0.0422825813293457,0.12717247009277344,0.0033893585205078125,0.0025615692138671875
770,0,0.501211889271591,911,1000,1,1,370.0,0,0,2,0,2,0.5733070373535156,0.2235429286956787,0.04286789894104004,0.12748050689697266,0.0033953189849853516,0.0025627613067626953
771,0,0.501211889271591,911,1000,1,1,371.0,0,0,1,0,1,0.5745484828948975,0.2239372730255127,0.04343986511230469,0.1276845932006836,0.0034003257751464844,0.002563953399658203
772,0,0.501211889271591,911,1000,1,1,372.0,0,0,1,0,1,0.5760965347290039,0.22452497482299805,0.04408454895019531,0.1278986930847168,0.0034101009368896484,0.0025653839111328125
773,0,0.501211889271591,911,1000,1,1,373.0,0,0,2,0,2,0.5776667594909668,0.2249894142150879,0.044747114181518555,0.12825250625610352,0.0034151077270507812,0.002568483352661133
774,0,0.501211889271591,912,1000,1,1,374.0,0,0,2,0,1,0.5796456336975098,0.22568297386169434,0.04554033279418945,0.12860798835754395,0.003428936004638672,0.002572298049926758
775,0,0.501211889271591,912,1000,1,1,775.0,0,0,0,1,1,0.5815122127532959,0.22700881958007812,0.045989036560058594,0.12860798835754395,0.003428936004638672,0.002579927444458008
776,0,0.501211889271591,912,1000,1,1,376.0,0,0,1,0,1,0.5831665992736816,0.22762465476989746,0.04664444923400879,0.1288590431213379,0.003445148468017578,0.002585172653198242
777,0,0.501211889271591,911,1000,1,1,377.0,0,0,1,0,2,0.584636926651001,0.2281334400177002,0.047267913818359375,0.12909698486328125,0.0034558773040771484,0.0025887489318847656
778,0,0.501211889271591,910,1000,1,1,378.0,0,0,1,0,2,0.5860233306884766,0.22864675521850586,0.04786491394042969,0.12929058074951172,0.0034627914428710938,0.002591371536254883
779,0,0.501211889271591,909,1000,1,1,379.0,0,0,1,0,2,0.5873055458068848,0.22910761833190918,0.04845595359802246,0.12945961952209473,0.003467559814453125,0.0025932788848876953
780,0,0.501211889271591,908,1000,1,1,380.0,0,0,1,0,2,0.5886213779449463,0.2295668125152588,0.0490114688873291,0.12967252731323242,0.0034723281860351562,0.0025949478149414062
781,0,0.501211889271591,908,1000,1,1,381.0,0,0,1,0,1,0.5898382663726807,0.22996091842651367,0.04956507682800293,0.12986373901367188,0.0034770965576171875,0.002596616744995117
782,0,0.501211889271591,907,1000,1,1,382.0,0,0,1,0,2,0.5919337272644043,0.23036670684814453,0.05096435546875,0.13007307052612305,0.0034813880920410156,0.002597808837890625
783,0,0.501211889271591,907,1000,1,1,383.0,0,0,2,0,2,0.5937385559082031,0.23103046417236328,0.051595449447631836,0.13043808937072754,0.0034983158111572266,0.0026040077209472656
784,0,0.501211889271591,907,1000,1,1,384.0,0,0,2,0,2,0.5951437950134277,0.2314302921295166,0.05218243598937988,0.13077473640441895,0.003503561019897461,0.0026061534881591797
785,0,0.501211889271591,907,1000,1,1,785.0,0,0,0,1,1,0.5960922241210938,0.23189854621887207,0.05260777473449707,0.13077473640441895,0.003503561019897461,0.0026078224182128906
786,0,0.501211889271591,907,1000,1,1,386.0,0,0,2,0,2,0.5989079475402832,0.2330617904663086,0.053469181060791016,0.13135409355163574,0.0035321712493896484,0.002612590789794922
787,0,0.501211889271591,907,1000,1,1,387.0,0,0,2,0,2,0.6009325981140137,0.23395562171936035,0.05411672592163086,0.1316981315612793,0.0035495758056640625,0.00261688232421875
788,0,0.501211889271591,907,1000,1,1,388.0,0,0,2,0,2,0.6028821468353271,0.23480701446533203,0.05473160743713379,0.13205265998840332,0.0035622119903564453,0.0026204586029052734
789,0,0.501211889271591,908,1000,1,1,389.0,0,0,2,0,1,0.6043610572814941,0.23529648780822754,0.05530071258544922,0.1323857307434082,0.003567218780517578,0.0026221275329589844
790,0,0.501211889271591,908,1000,1,1,390.0,0,0,2,0,2,0.6059048175811768,0.23573589324951172,0.05598187446594238,0.13271403312683105,0.0035719871520996094,0.0026237964630126953
791,0,0.501211889271591,909,1000,1,1,791.0,0,0,0,1,0,0.6066501140594482,0.23614907264709473,0.0562741756439209,0.13271403312683105,0.0035719871520996094,0.002626180648803711
792,0,0.501211889271591,909,1000,1,1,392.0,0,0,2,0,2,0.60809326171875,0.236588716506958,0.05683279037475586,0.13305354118347168,0.003580331802368164,0.0026273727416992188
793,0,0.501211889271591,909,1000,1,1,393.0,0,0,1,0,1,0.6094441413879395,0.23701786994934082,0.057443857192993164,0.13327336311340332,0.0035858154296875,0.002628803253173828
794,0,0.501211889271591,909,1000,1,1,394.0,0,0,1,0,1,0.6112871170043945,0.23773503303527832,0.058184146881103516,0.13352417945861816,0.0035996437072753906,0.0026319026947021484
795,0,0.501211889271591,908,1000,1,1,395.0,0,0,1,0,2,0.6150505542755127,0.23830795288085938,0.0590207576751709,0.13571524620056152,0.0036077499389648438,0.0026352405548095703
796,0,0.501211889271591,909,1000,2,1,396.0,0,0,1,0,0,0.6167900562286377,0.23906254768371582,0.0596013069152832,0.1359570026397705,0.0036280155181884766,0.0026412010192871094
797,0,0.501211889271591,909,1000,1,1,397.0,0,0,1,0,1,0.6187915802001953,0.23987030982971191,0.0603785514831543,0.1362290382385254,0.003646373748779297,0.002644777297973633
798,0,0.501211889271591,909,1000,1,1,398.0,0,0,2,0,2,0.6204073429107666,0.24046874046325684,0.060956716537475586,0.136566162109375,0.0036554336547851562,0.0026483535766601562
799,0,0.49566666666666703,909,1000,1,1,399.0,0,0,2,0,2,0.6223373413085938,0.24102115631103516,0.06167268753051758,0.13689804077148438,0.0036835670471191406,0.0026502609252929688
800,0,0.49566666666666703,909,1000,1,1,0.0,0,0,1,0,1,0.6238009929656982,0.2415788173675537,0.06225442886352539,0.13710713386535645,0.003692626953125,0.0028302669525146484
801,0,0.49566666666666703,910,1000,2,2,134.33333333333334,0,0,2,0,1,0.625288724899292,0.2420198917388916,0.06285977363586426,0.13744425773620605,0.003701448440551758,0.002832174301147461
802,0,0.49566666666666703,910,1000,1,1,2.0,0,1,1,0,2,0.6273775100708008,0.2428150177001953,0.06357312202453613,0.13781261444091797,0.0037212371826171875,0.002836942672729492
803,0,0.49566666666666703,910,1000,3,3,269.6666666666667,0,0,2,0,2,0.6289405822753906,0.24336600303649902,0.06419062614440918,0.13811111450195312,0.003729581832885742,0.0028405189514160156
804,0,0.49566666666666703,910,1000,3,3,270.6666666666667,0,0,2,0,2,0.6313118934631348,0.24417638778686523,0.06503677368164062,0.13866686820983887,0.0037522315979003906,0.0028448104858398438
805,0,0.49566666666666703,911,1000,2,2,405.0,0,0,2,0,1,0.6333277225494385,0.24498510360717773,0.06567835807800293,0.13900446891784668,0.0037736892700195312,0.002852201461791992
806,0,0.49566666666666703,911,1000,1,1,6.0,0,0,0,0,0,0.6343317031860352,0.2458508014678955,0.06567955017089844,0.13900446891784668,0.003789186477661133,0.0028562545776367188
807,0,0.49566666666666703,911,1000,3,2,207.0,0,0,2,0,2,0.6361532211303711,0.24638104438781738,0.06643295288085938,0.13937616348266602,0.003798246383666992,0.0028595924377441406
808,0,0.49566666666666703,911,1000,3,3,274.6666666666667,0,0,2,0,2,0.63785719871521,0.24680709838867188,0.06712794303894043,0.13971829414367676,0.0038442611694335938,0.0028617382049560547
809,0,0.49566666666666703,911,1000,2,2,209.0,0,0,1,0,2,0.640418529510498,0.24761581420898438,0.0682535171508789,0.1401054859161377,0.0038700103759765625,0.002865314483642578
810,0,0.49566666666666703,911,1000,3,3,276.6666666666667,0,1,1,0,2,0.6429018974304199,0.24870705604553223,0.06900453567504883,0.1405029296875,0.003899097442626953,0.0028731822967529297
811,0,0.49566666666666703,911,1000,2,2,144.33333333333334,0,0,2,0,2,0.6445345878601074,0.24934005737304688,0.06955981254577637,0.14084839820861816,0.003907680511474609,0.002876758575439453
812,0,0.49566666666666703,911,1000,2,2,412.0,0,0,2,0,2,0.646085262298584,0.2497730255126953,0.0702512264251709,0.1411886215209961,0.003914833068847656,0.0028781890869140625
813,0,0.49566666666666703,910,1000,2,2,113.0,0,0,1,0,2,0.6486666202545166,0.25098681449890137,0.07112288475036621,0.1414785385131836,0.0039441585540771484,0.0028831958770751953
814,0,0.49566666666666703,910,1000,2,2,147.33333333333334,0,0,1,0,2,0.6510157585144043,0.2519550323486328,0.07190179824829102,0.1418595314025879,0.003966093063354492,0.002887248992919922
815,0,0.49566666666666703,909,1000,1,1,15.0,0,0,1,0,2,0.6527490615844727,0.2526662349700928,0.07262063026428223,0.14204788208007812,0.0039730072021484375,0.002890348434448242
816,0,0.49566666666666703,910,1000,1,1,416.0,0,0,2,0,1,0.6550757884979248,0.2538747787475586,0.0732719898223877,0.1423792839050293,0.003986835479736328,0.0028998851776123047
817,0,0.49566666666666703,910,1000,2,2,150.33333333333334,0,1,2,0,2,0.6565754413604736,0.25429558753967285,0.07384657859802246,0.1427018642425537,0.003996133804321289,0.0029015541076660156
818,0,0.49566666666666703,910,1000,2,2,218.0,0,0,1,0,2,0.6583871841430664,0.25478219985961914,0.07460880279541016,0.14309048652648926,0.004010200500488281,0.002902984619140625
819,0,0.49566666666666703,910,1000,3,3,285.6666666666667,0,1,2,0,2,0.6602609157562256,0.25557661056518555,0.07521772384643555,0.1433885097503662,0.004026174545288086,0.0029065608978271484
820,0,0.49566666666666703,909,1000,1,1,420.0,0,0,1,0,2,0.6616034507751465,0.25604772567749023,0.07579398155212402,0.14360785484313965,0.004031658172607422,0.0029082298278808594
821,0,0.49566666666666703,909,1000,2,2,221.0,0,0,1,0,2,0.66341233253479,0.25652217864990234,0.07666397094726562,0.14391207695007324,0.004043102264404297,0.0029098987579345703
822,0,0.49566666666666703,909,1000,2,1,422.0,0,0,2,0,2,0.6659669876098633,0.2576639652252197,0.07748794555664062,0.14432191848754883,0.0040645599365234375,0.002918720245361328
823,0,0.49566666666666703,909,1000,1,1,23.0,0,0,2,0,2,0.6680488586425781,0.25855374336242676,0.07818746566772461,0.1446666717529297,0.004080533981323242,0.002923727035522461
824,0,0.49566666666666703,909,1000,2,2,224.0,0,0,2,0,2,0.670015811920166,0.25919556617736816,0.07895159721374512,0.14502191543579102,0.0041010379791259766,0.002927064895629883
825,0,0.49566666666666703,911,1000,3,3,291.6666666666667,0,0,2,0,0,0.671727180480957,0.2598423957824707,0.0794992446899414,0.14540624618530273,0.004112720489501953,0.0029413700103759766
826,0,0.49566666666666703,911,1000,3,3,326.0,0,0,1,0,1,0.6730999946594238,0.26029205322265625,0.08011865615844727,0.14562153816223145,0.004121065139770508,0.0029435157775878906
827,0,0.49566666666666703,912,1000,2,2,227.0,0,0,2,0,1,0.6750333309173584,0.2609379291534424,0.08088994026184082,0.14596271514892578,0.004140615463256836,0.002946615219116211
828,0,0.49566666666666703,911,1000,2,2,428.0,0,0,1,0,2,0.6765544414520264,0.26159167289733887,0.0814809799194336,0.14614534378051758,0.004149913787841797,0.0029494762420654297
829,0,0.49566666666666703,912,1000,2,2,429.0,0,1,1,0,1,0.6780357360839844,0.261995792388916,0.08206892013549805,0.14647912979125977,0.004156827926635742,0.002950906753540039
830,0,0.49566666666666703,912,1000,2,2,230.0,0,0,2,0,2,0.6796143054962158,0.26239800453186035,0.08282470703125,0.14681434631347656,0.0041637420654296875,0.002952098846435547
831,0,0.49566666666666703,912,1000,1,1,31.0,0,0,2,0,2,0.68245530128479,0.26361560821533203,0.08365273475646973,0.14740633964538574,0.0041925907135009766,0.002957582473754883
832,0,0.49566666666666703,911,1000,2,2,298.6666666666667,0,0,1,0,2,0.6843240261077881,0.26435112953186035,0.08439183235168457,0.14760732650756836,0.004218578338623047,0.0029625892639160156
833,0,0.49566666666666703,911,1000,2,2,233.0,0,0,1,0,2,0.6869306564331055,0.2654695510864258,0.08523726463317871,0.14799952507019043,0.004244565963745117,0.0029714107513427734
834,0,0.49566666666666703,911,1000,2,2,234.0,0,0,2,0,2,0.6890866756439209,0.2662670612335205,0.08605790138244629,0.14832568168640137,0.004263401031494141,0.0029757022857666016
835,0,0.49566666666666703,911,1000,1,1,35.0,0,0,1,0,1,0.6915075778961182,0.2674407958984375,0.08686447143554688,0.14858436584472656,0.004288434982299805,0.0029828548431396484
836,0,0.49566666666666703,910,1000,1,1,36.0,0,0,1,0,2,0.6952877044677734,0.2683415412902832,0.08766055107116699,0.15049958229064941,0.004302978515625,0.002987384796142578
837,0,0.49566666666666703,911,1000,2,2,170.33333333333334,0,1,2,0,1,0.6987934112548828,0.2696568965911865,0.0887153148651123,0.1513230800628662,0.004337787628173828,0.002994537353515625
838,0,0.49566666666666703,912,1000,2,2,171.33333333333334,0,0,2,0,1,0.701286792755127,0.2707173824310303,0.08954358100891113,0.1517505645751953,0.0043637752532958984,0.0030028820037841797
839,0,0.49566666666666703,912,1000,2,2,172.33333333333334,0,0,2,0,2,0.7034146785736084,0.2715921401977539,0.09029603004455566,0.152099609375,0.004383563995361328,0.003007650375366211
840,0,0.49566666666666703,912,1000,3,3,306.6666666666667,0,0,2,0,2,0.7057874202728271,0.2725181579589844,0.09123396873474121,0.1524364948272705,0.0044040679931640625,0.0030117034912109375
841,0,0.49566666666666703,912,1000,1,1,441.0,0,0,2,0,2,0.7081642150878906,0.2735280990600586,0.09204840660095215,0.15282487869262695,0.004423618316650391,0.0030176639556884766
842,0,0.49566666666666703,912,1000,2,2,442.0,0,0,1,0,2,0.7103893756866455,0.2744286060333252,0.0928647518157959,0.15314459800720215,0.004445075988769531,0.003023386001586914
843,0,0.49566666666666703,912,1000,3,2,309.6666666666667,0,0,1,0,1,0.7127604484558105,0.2752823829650879,0.09397745132446289,0.15338540077209473,0.004464387893676758,0.0030281543731689453
844,0,0.49566666666666703,911,1000,1,1,444.0,0,0,1,0,2,0.7157411575317383,0.2768673896789551,0.09482598304748535,0.15374422073364258,0.004490852355957031,0.003040313720703125
845,0,0.49566666666666703,911,1000,3,3,311.6666666666667,0,0,0,0,0,0.7170147895812988,0.2779674530029297,0.09482717514038086,0.15374422073364258,0.0045163631439208984,0.003049135208129883
846,0,0.49566666666666703,911,1000,2,2,246.0,0,0,2,0,2,0.7192106246948242,0.2787647247314453,0.09572744369506836,0.15413117408752441,0.004528522491455078,0.003053426742553711
847,0,0.49566666666666703,911,1000,3,3,313.6666666666667,0,0,2,0,2,0.7217757701873779,0.27976560592651367,0.09670448303222656,0.15449786186218262,0.004553556442260742,0.0030574798583984375
848,0,0.49566666666666703,911,1000,2,2,248.0,0,0,2,0,2,0.7242157459259033,0.2807948589324951,0.09752106666564941,0.15491342544555664,0.0045778751373291016,0.0030629634857177734
849,0,0.49566666666666703,911,1000,3,2,249.0,0,0,2,0,2,0.7262895107269287,0.28170347213745117,0.09827589988708496,0.1551954746246338,0.004598855972290039,0.0030677318572998047
850,0,0.49566666666666703,911,1000,3,3,316.6666666666667,0,0,2,0,2,0.728571891784668,0.2825653553009033,0.09917712211608887,0.15555262565612793,0.004621028900146484,0.003071308135986328
851,0,0.49566666666666703,911,1000,1,1,851.0,0,0,0,1,1,0.7310609817504883,0.28398847579956055,0.10011982917785645,0.15555262565612793,0.004621028900146484,0.003078937530517578
852,0,0.49566666666666703,911,1000,2,2,252.0,0,0,0,0,0,0.7323670387268066,0.28505969047546387,0.10012125968933105,0.15555262565612793,0.004649639129638672,0.003085613250732422
853,0,0.49566666666666703,911,1000,2,2,253.0,0,0,2,0,2,0.7350802421569824,0.28612303733825684,0.10089969635009766,0.1562061309814453,0.004676103591918945,0.0031003952026367188
854,0,0.49566666666666703,911,1000,2,1,54.0,0,0,2,0,2,0.7378697395324707,0.2871432304382324,0.10202336311340332,0.15665888786315918,0.004698991775512695,0.0031058788299560547
855,0,0.49566666666666703,912,1000,3,3,321.6666666666667,0,0,2,0,1,0.740239143371582,0.28800511360168457,0.10289549827575684,0.1570723056793213,0.004725933074951172,0.003111600875854492
856,0,0.49566666666666703,911,1000,2,2,189.33333333333334,0,0,1,0,2,0.7422406673431396,0.288909912109375,0.10364913940429688,0.1572740077972412,0.004746198654174805,0.0031158924102783203
857,0,0.49566666666666703,912,1000,2,2,257.0,0,0,2,0,1,0.7444972991943359,0.2898526191711426,0.10441207885742188,0.15766429901123047,0.00476527214050293,0.003119945526123047
858,0,0.49566666666666703,911,1000,2,2,158.0,0,0,1,0,2,0.7483704090118408,0.2912101745605469,0.10591673851013184,0.15842103958129883,0.004805564880371094,0.0031235218048095703
859,0,0.49566666666666703,911,1000,2,2,192.33333333333334,0,0,2,0,2,0.7508440017700195,0.29223036766052246,0.1067800521850586,0.15883588790893555,0.0048334598541259766,0.003130674362182617
860,0,0.49566666666666703,911,1000,1,1,460.0,0,0,1,0,1,0.7530679702758789,0.293107271194458,0.1076972484588623,0.15910863876342773,0.004851818084716797,0.0031366348266601562
861,0,0.49566666666666703,911,1000,3,3,327.6666666666667,0,0,2,0,2,0.755699872970581,0.29409050941467285,0.10858273506164551,0.15959882736206055,0.004878520965576172,0.0031435489654541016
862,0,0.49566666666666703,912,1000,3,3,362.0,0,0,1,0,0,0.757793664932251,0.2949826717376709,0.10933756828308105,0.15985107421875,0.0049016475677490234,0.003148794174194336
863,0,0.49566666666666703,913,1000,3,3,329.6666666666667,0,0,2,0,1,0.7601213455200195,0.29587674140930176,0.11012983322143555,0.16025424003601074,0.004926204681396484,0.003154277801513672
864,0,0.49566666666666703,914,1000,1,1,64.0,0,0,2,0,1,0.7636103630065918,0.29699015617370605,0.11168503761291504,0.16080498695373535,0.00495600700378418,0.0031588077545166016
865,0,0.49566666666666703,914,1000,1,1,65.0,0,0,2,0,2,0.7662498950958252,0.29812002182006836,0.11254048347473145,0.16125178337097168,0.004986286163330078,0.0031681060791015625
866,0,0.49566666666666703,914,1000,2,2,199.33333333333334,0,0,2,0,2,0.7685306072235107,0.29907703399658203,0.11333942413330078,0.16160249710083008,0.005007743835449219,0.003173828125
867,0,0.49566666666666703,913,1000,1,1,67.0,0,0,1,0,2,0.771003246307373,0.30016350746154785,0.11422848701477051,0.1619102954864502,0.005032539367675781,0.0031790733337402344
868,0,0.49566666666666703,914,1000,2,1,68.0,0,0,1,0,0,0.7732326984405518,0.3011927604675293,0.11498808860778809,0.16213440895080566,0.0050542354583740234,0.0031845569610595703
869,0,0.49566666666666703,914,1000,1,1,69.0,0,0,2,0,2,0.7757163047790527,0.3022134304046631,0.1158759593963623,0.16254186630249023,0.0050737857818603516,0.003190279006958008
870,0,0.49566666666666703,915,1000,1,1,70.0,0,0,2,0,1,0.7784249782562256,0.303328275680542,0.11672163009643555,0.1630868911743164,0.005096435546875,0.0031952857971191406
871,0,0.49566666666666703,914,1000,2,2,171.0,0,0,1,0,2,0.7823233604431152,0.3048985004425049,0.11818718910217285,0.16367220878601074,0.005162477493286133,0.003203153610229492
872,0,0.49566666666666703,914,1000,1,1,72.0,0,0,2,0,2,0.7852010726928711,0.30624818801879883,0.1190497875213623,0.16414189338684082,0.005184173583984375,0.0032203197479248047
873,0,0.49566666666666703,915,1000,3,3,339.6666666666667,0,0,2,0,1,0.7877283096313477,0.30731701850891113,0.1198430061340332,0.16455984115600586,0.005209922790527344,0.0032279491424560547
874,0,0.49566666666666703,915,1000,3,3,340.6666666666667,0,0,2,0,2,0.7901754379272461,0.30832529067993164,0.12066769599914551,0.16501951217651367,0.005232334136962891,0.0032324790954589844
875,0,0.49566666666666703,916,1000,3,3,341.6666666666667,0,0,2,0,1,0.7927370071411133,0.30941081047058105,0.12142825126647949,0.16544151306152344,0.005264997482299805,0.0032379627227783203
876,0,0.49566666666666703,917,1000,3,3,342.6666666666667,0,0,2,0,1,0.7954158782958984,0.3105642795562744,0.12225174903869629,0.16592073440551758,0.005290508270263672,0.0032444000244140625
877,0,0.49566666666666703,917,1000,2,2,210.33333333333334,0,0,0,0,0,0.7970752716064453,0.3120088577270508,0.1222531795501709,0.16592073440551758,0.005328655242919922,0.003255605697631836
878,0,0.49566666666666703,918,1000,3,3,344.6666666666667,0,1,1,0,1,0.800011396408081,0.31331872940063477,0.12318563461303711,0.1663966178894043,0.005350589752197266,0.0032601356506347656
879,0,0.49566666666666703,918,1000,1,1,79.0,0,0,2,0,2,0.8032829761505127,0.31445956230163574,0.12442755699157715,0.16707110404968262,0.0053822994232177734,0.0032663345336914062
880,0,0.49566666666666703,918,1000,3,3,346.6666666666667,0,0,2,0,2,0.8059325218200684,0.3155672550201416,0.12527084350585938,0.1675264835357666,0.005407810211181641,0.00327301025390625
881,0,0.49566666666666703,918,1000,1,1,881.0,0,0,0,1,1,0.807671308517456,0.31670498847961426,0.12578964233398438,0.1675264835357666,0.005407810211181641,0.003277301788330078
882,0,0.49566666666666703,920,1000,2,2,282.0,0,0,2,0,0,0.8103282451629639,0.31780004501342773,0.12662243843078613,0.16804766654968262,0.005438327789306641,0.0032825469970703125
883,0,0.49566666666666703,920,1000,2,2,283.0,0,0,2,0,2,0.8134372234344482,0.31865572929382324,0.12834715843200684,0.16842007637023926,0.0054628849029541016,0.003288745880126953
884,0,0.49566666666666703,920,1000,1,1,84.0,0,0,2,0,2,0.8162047863006592,0.3198683261871338,0.12921810150146484,0.16889381408691406,0.005492210388183594,0.0032968521118164062
885,0,0.49566666666666703,919,1000,3,2,185.0,0,0,1,0,2,0.8187859058380127,0.3210561275482178,0.13008356094360352,0.16922855377197266,0.005518913269042969,0.0033044815063476562
886,0,0.49566666666666703,919,1000,2,2,286.0,0,0,2,0,2,0.8212695121765137,0.3220829963684082,0.1309049129486084,0.1696000099182129,0.0055425167083740234,0.0033299922943115234
887,0,0.49566666666666703,919,1000,3,3,353.6666666666667,0,0,2,0,2,0.8240077495574951,0.32314467430114746,0.13188838958740234,0.1701066493988037,0.005568981170654297,0.0033385753631591797
888,0,0.49566666666666703,919,1000,1,1,88.0,0,0,2,0,2,0.8265483379364014,0.3241589069366455,0.13270258903503418,0.17062640190124512,0.005590915679931641,0.0033440589904785156
889,0,0.49566666666666703,919,1000,2,2,222.33333333333334,0,0,2,0,2,0.8288116455078125,0.3249928951263428,0.13356947898864746,0.1710209846496582,0.005615949630737305,0.003348827362060547
890,0,0.49566666666666703,919,1000,1,1,90.0,0,0,2,0,2,0.8320908546447754,0.32625508308410645,0.1344435214996338,0.17194294929504395,0.0056378841400146484,0.0033550262451171875
891,0,0.49566666666666703,920,1000,3,3,357.6666666666667,0,0,2,0,1,0.834937572479248,0.3275115489959717,0.1352524757385254,0.17252373695373535,0.005665302276611328,0.0033652782440185547
892,0,0.49566666666666703,920,1000,1,1,92.0,0,0,2,0,2,0.8373410701751709,0.32843613624572754,0.13608980178833008,0.17299461364746094,0.005687236785888672,0.003370046615600586
893,0,0.49566666666666703,919,1000,3,2,359.6666666666667,0,0,1,0,2,0.8396003246307373,0.3294494152069092,0.13689494132995605,0.17325830459594727,0.0057108402252197266,0.003376007080078125
894,0,0.49566666666666703,920,1000,1,1,494.0,0,0,2,0,1,0.8420217037200928,0.33033204078674316,0.1378636360168457,0.17365264892578125,0.005732297897338867,0.0033805370330810547
895,0,0.49566666666666703,921,1000,2,2,495.0,0,0,2,0,1,0.8445172309875488,0.33139681816101074,0.1387193202972412,0.17401838302612305,0.0057642459869384766,0.003385782241821289
896,0,0.49566666666666703,922,1000,2,2,296.0,0,0,1,0,1,0.8479411602020264,0.33233642578125,0.14001178741455078,0.17489290237426758,0.005800485610961914,0.0033919811248779297
897,0,0.49566666666666703,922,1000,2,2,497.0,0,0,1,0,1,0.8506383895874023,0.33348631858825684,0.1409151554107666,0.17533397674560547,0.005829811096191406,0.003398418426513672
898,0,0.49566666666666703,922,1000,2,2,231.33333333333334,0,0,1,0,2,0.8534104824066162,0.334613561630249,0.14177560806274414,0.1758735179901123,0.005858182907104492,0.0034034252166748047
899,0,0.49566666666666703,921,1000,1,1,99.0,0,0,1,0,2,0.855513334274292,0.3354225158691406,0.14263463020324707,0.17615008354187012,0.0058786869049072266,0.003408670425415039
900,0,0.49566666666666703,920,1000,2,2,500.0,0,0,1,0,2,0.857835054397583,0.33643198013305664,0.14348936080932617,0.17644214630126953,0.00590062141418457,0.0034127235412597656
901,0,0.49566666666666703,919,1000,2,2,201.0,0,0,1,0,2,0.8599622249603271,0.3374021053314209,0.14426302909851074,0.17665481567382812,0.005923032760620117,0.003419160842895508
902,0,0.49566666666666703,919,1000,2,1,902.0,0,0,0,1,1,0.8614952564239502,0.3383750915527344,0.144744873046875,0.17665481567382812,0.005923032760620117,0.0034241676330566406
903,0,0.49566666666666703,919,1000,1,1,503.0,0,0,2,0,2,0.8673875331878662,0.33951640129089355,0.14572596549987793,0.18012022972106934,0.005949497222900391,0.0034284591674804688
904,0,0.49566666666666703,919,1000,1,1,504.0,0,0,2,0,2,0.8698248863220215,0.34052109718322754,0.1465766429901123,0.1804962158203125,0.0059740543365478516,0.003433704376220703
905,0,0.49566666666666703,919,1000,2,2,238.33333333333334,0,0,2,0,2,0.8720200061798096,0.3413734436035156,0.14745426177978516,0.18079495429992676,0.005994319915771484,0.003438234329223633
906,0,0.49566666666666703,919,1000,2,2,306.0,0,0,2,0,2,0.8767762184143066,0.34265565872192383,0.14827680587768555,0.18319368362426758,0.006025791168212891,0.0034439563751220703
907,0,0.49566666666666703,919,1000,1,1,507.0,0,0,2,0,2,0.8824408054351807,0.34358787536621094,0.14986228942871094,0.18610739707946777,0.0060503482818603516,0.0034494400024414062
908,0,0.49566666666666703,920,1000,1,1,508.0,0,0,2,0,1,0.8847532272338867,0.34459781646728516,0.1506044864654541,0.18648219108581543,0.006074666976928711,0.0034568309783935547
909,0,0.49566666666666703,920,1000,1,1,109.0,0,0,2,0,2,0.8865349292755127,0.3453640937805176,0.15117669105529785,0.18680763244628906,0.006082773208618164,0.0034606456756591797
910,0,0.49566666666666703,920,1000,2,2,310.0,0,0,2,0,2,0.8879127502441406,0.34578371047973633,0.1517622470855713,0.18709874153137207,0.006089925765991211,0.0034618377685546875
911,0,0.49566666666666703,922,1000,3,3,377.6666666666667,0,0,2,0,0,0.8894591331481934,0.34619998931884766,0.15238642692565918,0.18743109703063965,0.006096601486206055,0.003463268280029297
912,0,0.49566666666666703,923,1000,1,1,112.0,0,0,1,0,0,0.8914141654968262,0.34711289405822754,0.15311861038208008,0.18761086463928223,0.006112575531005859,0.003469228744506836
913,0,0.49566666666666703,924,1000,2,2,313.0,0,1,2,0,1,0.8930330276489258,0.3477182388305664,0.15369296073913574,0.1878974437713623,0.0061228275299072266,0.0034723281860351562
914,0,0.49566666666666703,923,1000,3,2,247.33333333333334,0,0,1,0,2,0.8943188190460205,0.348102331161499,0.15433549880981445,0.188063383102417,0.006129741668701172,0.003473997116088867
915,0,0.49566666666666703,923,1000,2,2,248.33333333333334,0,0,1,0,2,0.8958714008331299,0.34856295585632324,0.15501880645751953,0.18836069107055664,0.006136894226074219,0.003475189208984375
916,0,0.49566666666666703,923,1000,2,2,249.33333333333334,0,0,0,0,0,0.8978047370910645,0.350238561630249,0.15502023696899414,0.18836069107055664,0.006173610687255859,0.0034804344177246094
917,0,0.49566666666666703,923,1000,2,2,383.6666666666667,0,0,1,0,1,0.9002625942230225,0.3513331413269043,0.15585875511169434,0.18867921829223633,0.0061991214752197266,0.0034902095794677734
918,0,0.49566666666666703,923,1000,2,2,318.0,0,0,0,0,0,0.9014074802398682,0.3523108959197998,0.15585994720458984,0.18867921829223633,0.006224155426025391,0.003495454788208008
919,0,0.49566666666666703,922,1000,2,2,385.6666666666667,0,0,1,0,2,0.9038791656494141,0.3535163402557373,0.15664458274841309,0.1889786720275879,0.006247043609619141,0.0034987926483154297
920,0,0.49566666666666703,922,1000,2,2,320.0,0,0,1,0,2,0.9057648181915283,0.3541910648345947,0.15736794471740723,0.189300537109375,0.006256818771362305,0.0035021305084228516
921,0,0.49566666666666703,921,1000,2,2,387.6666666666667,0,0,1,0,2,0.9079546928405762,0.3551337718963623,0.15818333625793457,0.18958020210266113,0.006277561187744141,0.0035059452056884766
922,0,0.49566666666666703,922,1000,1,1,522.0,0,0,1,0,0,0.9093661308288574,0.35573720932006836,0.15871620178222656,0.1897752285003662,0.00628352165222168,0.0035104751586914062
923,0,0.49566666666666703,922,1000,2,2,323.0,0,0,1,0,2,0.9140768051147461,0.3561592102050781,0.16070818901062012,0.19188714027404785,0.00629115104675293,0.003512144088745117
924,0,0.49566666666666703,922,1000,2,2,257.3333333333333,0,0,2,0,2,0.9187088012695312,0.35741305351257324,0.1616809368133545,0.19405817985534668,0.006315708160400391,0.0035200119018554688
925,0,0.49566666666666703,922,1000,2,2,258.3333333333333,0,0,2,0,2,0.9208133220672607,0.35837244987487793,0.16230368614196777,0.19437575340270996,0.006333112716674805,0.003525972366333008
926,0,0.49566666666666703,922,1000,2,2,326.0,0,0,2,0,2,0.9228503704071045,0.3591139316558838,0.16316533088684082,0.1946878433227539,0.006352663040161133,0.0035276412963867188
927,0,0.49566666666666703,924,1000,3,3,393.6666666666667,0,0,2,0,0,0.924917459487915,0.36005663871765137,0.16372966766357422,0.19505095481872559,0.006369829177856445,0.003531932830810547
928,0,0.49566666666666703,924,1000,2,2,528.0,0,1,1,0,2,0.9266228675842285,0.3606231212615967,0.16440176963806152,0.1953742504119873,0.006377220153808594,0.003533601760864258
929,0,0.49566666666666703,924,1000,3,3,395.6666666666667,0,1,2,0,2,0.9283864498138428,0.36121582984924316,0.16504836082458496,0.1957259178161621,0.006391286849975586,0.003536224365234375
930,0,0.49566666666666703,924,1000,2,2,330.0,0,0,2,0,2,0.9329559803009033,0.3617424964904785,0.16620302200317383,0.19622254371643066,0.006422758102416992,0.003537893295288086
931,0,0.49566666666666703,923,1000,2,2,397.6666666666667,0,0,1,0,2,0.9360918998718262,0.36313843727111816,0.16728496551513672,0.19665861129760742,0.006458282470703125,0.003544330596923828
932,0,0.49566666666666703,923,1000,1,1,132.0,0,0,2,0,2,0.9385585784912109,0.3642704486846924,0.168074369430542,0.19702649116516113,0.006489992141723633,0.0035505294799804688
933,0,0.49566666666666703,923,1000,2,2,533.0,0,1,2,0,2,0.9405572414398193,0.36507248878479004,0.1687028408050537,0.19738197326660156,0.006507396697998047,0.0035545825958251953
934,0,0.49566666666666703,924,1000,3,3,400.6666666666667,0,1,2,0,1,0.9422049522399902,0.36557507514953613,0.16930341720581055,0.19776344299316406,0.006514310836791992,0.0035567283630371094
935,0,0.49566666666666703,925,1000,3,2,335.0,0,0,2,0,1,0.9438366889953613,0.3661646842956543,0.16991209983825684,0.19806671142578125,0.006526470184326172,0.003559112548828125
936,0,0.49566666666666703,925,1000,2,2,269.3333333333333,0,0,1,0,1,0.9452085494995117,0.36664724349975586,0.1705317497253418,0.1982405185699463,0.00653386116027832,0.0035610198974609375
937,0,0.49566666666666703,925,1000,1,1,937.0,0,0,0,1,1,0.9474432468414307,0.36796140670776367,0.1713566780090332,0.1982405185699463,0.00653386116027832,0.0035653114318847656
938,0,0.49566666666666703,925,1000,3,3,438.0,0,0,1,0,1,0.9496476650238037,0.3689582347869873,0.17210173606872559,0.19851946830749512,0.006556987762451172,0.0035729408264160156
939,0,0.49566666666666703,924,1000,3,3,439.0,0,0,1,0,2,0.9514729976654053,0.3698413372039795,0.17270970344543457,0.19873666763305664,0.006571769714355469,0.0035767555236816406
940,0,0.49566666666666703,924,1000,2,2,340.0,0,0,2,0,2,0.9529805183410645,0.3703479766845703,0.17328715324401855,0.19907569885253906,0.006578922271728516,0.0035796165466308594
941,0,0.49566666666666703,925,1000,2,2,274.3333333333333,0,0,2,0,1,0.9549505710601807,0.3710627555847168,0.17409491539001465,0.19939661026000977,0.00659632682800293,0.0035822391510009766
942,0,0.49566666666666703,925,1000,2,1,942.0,0,0,0,1,1,0.9561786651611328,0.3719463348388672,0.1743781566619873,0.19939661026000977,0.00659632682800293,0.003587007522583008
943,0,0.49566666666666703,925,1000,1,1,143.0,0,0,2,0,2,0.9580078125,0.37259578704833984,0.1750621795654297,0.1997547149658203,0.006613969802856445,0.0035886764526367188
944,0,0.49566666666666703,926,1000,2,2,277.3333333333333,0,0,1,0,1,0.9595868587493896,0.3730738162994385,0.1756751537322998,0.20006489753723145,0.0066225528717041016,0.0035905838012695312
945,0,0.49566666666666703,925,1000,3,3,445.0,0,0,1,0,2,0.9609634876251221,0.3735194206237793,0.17630982398986816,0.20027995109558105,0.006629228591918945,0.003592252731323242
946,0,0.49566666666666703,925,1000,1,1,546.0,0,0,0,0,0,0.9617242813110352,0.37415242195129395,0.17631030082702637,0.20027995109558105,0.006644010543823242,0.003594636917114258
947,0,0.49566666666666703,925,1000,3,3,413.6666666666667,0,0,2,0,2,0.9644491672515869,0.375180721282959,0.17722225189208984,0.20087289810180664,0.006676435470581055,0.0035970211029052734
948,0,0.49566666666666703,925,1000,2,2,348.0,0,0,2,0,2,0.9665257930755615,0.3761172294616699,0.1778559684753418,0.2011890411376953,0.006697177886962891,0.0036025047302246094
949,0,0.49566666666666703,924,1000,1,1,149.0,0,0,1,0,2,0.9681613445281982,0.37678050994873047,0.17850089073181152,0.20139551162719727,0.006709575653076172,0.003604412078857422
950,0,0.49566666666666703,925,1000,2,2,350.0,0,0,2,0,1,0.9700324535369873,0.3773024082183838,0.17933106422424316,0.2017531394958496,0.006718635559082031,0.003606557846069336
951,0,0.49566666666666703,926,1000,3,3,417.6666666666667,0,0,2,0,1,0.9740839004516602,0.37825536727905273,0.18011975288391113,0.2038562297821045,0.006735563278198242,0.0036127567291259766
952,0,0.49566666666666703,926,1000,3,1,952.0,0,0,0,1,1,0.9751815795898438,0.3789987564086914,0.18042325973510742,0.2038562297821045,0.006735563278198242,0.0036163330078125
953,0,0.49566666666666703,926,1000,1,1,953.0,0,0,0,1,1,0.9759457111358643,0.37943053245544434,0.18073225021362305,0.2038562297821045,0.006735563278198242,0.0036182403564453125
954,0,0.49566666666666703,926,1000,2,2,554.0,0,1,2,0,2,0.9776284694671631,0.37985968589782715,0.18141460418701172,0.20424342155456543,0.006751298904418945,0.0036194324493408203
955,0,0.49566666666666703,927,1000,3,3,421.6666666666667,0,0,1,0,1,0.9802424907684326,0.3807859420776367,0.1824350357055664,0.20467185974121094,0.006775856018066406,0.0036249160766601562
956,0,0.49566666666666703,926,1000,2,2,422.6666666666667,0,0,1,0,2,0.9826276302337646,0.3817758560180664,0.18328166007995605,0.2050638198852539,0.006798505783081055,0.003631114959716797
957,0,0.49566666666666703,926,1000,3,3,457.0,0,0,1,0,1,0.984757661819458,0.382779598236084,0.18402862548828125,0.20530486106872559,0.006816387176513672,0.003634929656982422
958,0,0.49566666666666703,926,1000,2,2,558.0,0,0,2,0,2,0.9870040416717529,0.3836369514465332,0.18491625785827637,0.205657958984375,0.0068359375,0.0036382675170898438
959,0,0.49566666666666703,926,1000,1,1,159.0,0,0,1,0,1,0.9888715744018555,0.3845815658569336,0.1855030059814453,0.2058420181274414,0.0068509578704833984,0.0036420822143554688
960,0,0.49566666666666703,926,1000,2,2,293.3333333333333,0,0,2,0,2,0.9919507503509521,0.38501834869384766,0.1860804557800293,0.2078232765197754,0.0068585872650146484,0.0036444664001464844
961,0,0.49566666666666703,926,1000,2,2,361.0,0,0,2,0,2,0.9936347007751465,0.3854501247406006,0.18679046630859375,0.2081916332244873,0.006865739822387695,0.003645658493041992
962,0,0.49566666666666703,926,1000,2,2,362.0,0,0,1,0,2,0.99609375,0.3862617015838623,0.18784213066101074,0.20855975151062012,0.006886005401611328,0.003650188446044922
963,0,0.49566666666666703,926,1000,2,2,563.0,0,0,1,0,1,0.9987471103668213,0.38744282722473145,0.18878650665283203,0.20891046524047852,0.006911039352416992,0.003656625747680664
964,0,0.49566666666666703,925,1000,3,3,464.0,0,0,1,0,2,1.0009689331054688,0.388408899307251,0.18960332870483398,0.20919179916381836,0.006929874420166016,0.0036606788635253906
965,0,0.49566666666666703,925,1000,2,2,298.3333333333333,0,1,0,0,2,1.0035130977630615,0.38948488235473633,0.19042062759399414,0.20960688591003418,0.006956338882446289,0.0036649703979492188
966,0,0.49566666666666703,926,1000,1,1,566.0,0,0,2,0,1,1.0052149295806885,0.39025402069091797,0.19096899032592773,0.20989441871643066,0.006966590881347656,0.003669261932373047
967,0,0.49566666666666703,925,1000,1,1,567.0,0,0,1,0,2,1.0065968036651611,0.3907127380371094,0.19156360626220703,0.21013927459716797,0.006971836090087891,0.003670930862426758
968,0,0.49566666666666703,925,1000,2,2,368.0,0,0,2,0,2,1.0080687999725342,0.39118266105651855,0.19214820861816406,0.21046113967895508,0.0069789886474609375,0.003672361373901367
969,0,0.49566666666666703,925,1000,3,2,369.0,0,0,0,0,0,1.0086588859558105,0.3916189670562744,0.19214868545532227,0.21046113967895508,0.006987333297729492,0.003673553466796875
970,0,0.49566666666666703,924,1000,1,1,170.0,0,0,1,0,2,1.0103318691253662,0.39209794998168945,0.19294214248657227,0.21071577072143555,0.00700068473815918,0.003674745559692383
971,0,0.49566666666666703,923,1000,2,2,437.6666666666667,0,0,2,0,2,1.012251615524292,0.39290571212768555,0.19365549087524414,0.21093130111694336,0.007017374038696289,0.003679513931274414
972,0,0.49566666666666703,923,1000,1,1,572.0,0,0,2,0,2,1.0152180194854736,0.3942997455596924,0.1944746971130371,0.21141910552978516,0.007045745849609375,0.0036864280700683594
973,0,0.49566666666666703,923,1000,1,1,173.0,0,0,1,0,1,1.019148826599121,0.39514851570129395,0.19533324241638184,0.21347856521606445,0.00706171989440918,0.003690004348754883
974,0,0.49566666666666703,923,1000,2,2,374.0,0,0,2,0,2,1.0211005210876465,0.3960146903991699,0.19594621658325195,0.21377277374267578,0.007080078125,0.003694772720336914
975,0,0.49566666666666703,923,1000,3,3,441.6666666666667,0,0,2,0,2,1.0226151943206787,0.3965282440185547,0.19654417037963867,0.21408414840698242,0.007086992263793945,0.0036962032318115234
976,0,0.49566666666666703,923,1000,2,2,376.0,0,0,2,0,2,1.0241625308990479,0.3969902992248535,0.19717073440551758,0.21440434455871582,0.0070934295654296875,0.0036973953247070312
977,0,0.49566666666666703,922,1000,1,1,577.0,0,0,1,0,2,1.0255763530731201,0.3974039554595947,0.19785666465759277,0.2146303653717041,0.007098674774169922,0.0036988258361816406
978,0,0.49566666666666703,921,1000,2,2,444.6666666666667,0,0,1,0,2,1.0274572372436523,0.3981781005859375,0.19854497909545898,0.2149059772491455,0.007117271423339844,0.0037031173706054688
979,0,0.49566666666666703,921,1000,1,1,579.0,0,0,2,0,2,1.0315570831298828,0.3986790180206299,0.19941401481628418,0.21753144264221191,0.007123231887817383,0.0037059783935546875
980,0,0.49566666666666703,921,1000,2,1,180.0,0,0,2,0,2,1.0359725952148438,0.39966678619384766,0.2003462314605713,0.21978497505187988,0.007154226303100586,0.003713846206665039
981,0,0.49566666666666703,920,1000,2,2,314.3333333333333,0,0,1,0,2,1.0381338596343994,0.4005930423736572,0.20117855072021484,0.22002410888671875,0.0071756839752197266,0.0037202835083007812
982,0,0.49566666666666703,920,1000,1,1,182.0,0,0,2,0,2,1.0396735668182373,0.4011545181274414,0.2017498016357422,0.22033381462097168,0.007180929183959961,0.0037240982055664062
983,0,0.49566666666666703,920,1000,3,3,449.6666666666667,0,0,2,0,2,1.043060541152954,0.4016728401184082,0.20251178741455078,0.22234487533569336,0.007188081741333008,0.0037255287170410156
984,0,0.49566666666666703,920,1000,2,2,384.0,0,0,2,0,2,1.047910213470459,0.4024341106414795,0.2038724422454834,0.22485923767089844,0.0072019100189208984,0.0037288665771484375
985,0,0.49566666666666703,920,1000,2,2,385.0,0,0,2,0,2,1.0506131649017334,0.4034891128540039,0.20472455024719238,0.2253577709197998,0.007230520248413086,0.003735065460205078
986,0,0.49566666666666703,920,1000,2,2,386.0,0,0,2,0,2,1.0526020526885986,0.40439414978027344,0.2053067684173584,0.22572922706604004,0.007244110107421875,0.003738880157470703
987,0,0.49566666666666703,920,1000,3,3,453.6666666666667,0,0,2,0,2,1.0541698932647705,0.40489768981933594,0.20592761039733887,0.2260725498199463,0.007250785827636719,0.0037407875061035156
988,0,0.49566666666666703,921,1000,2,2,388.0,0,0,1,0,1,1.0555927753448486,0.4053018093109131,0.2064986228942871,0.2263951301574707,0.007257223129272461,0.0037419795989990234
989,0,0.49566666666666703,921,1000,2,2,389.0,0,0,2,0,2,1.0570757389068604,0.40569615364074707,0.20714378356933594,0.22671866416931152,0.007264137268066406,0.003743410110473633
990,0,0.49566666666666703,921,1000,2,2,323.3333333333333,0,0,2,0,2,1.0591819286346436,0.4064762592315674,0.20789337158203125,0.22713375091552734,0.007289409637451172,0.0037467479705810547
991,0,0.49566666666666703,921,1000,1,1,991.0,0,0,0,1,1,1.060182809829712,0.4071197509765625,0.20821309089660645,0.22713375091552734,0.007289409637451172,0.0037496089935302734
992,0,0.49566666666666703,921,1000,3,3,458.6666666666667,0,0,2,0,2,1.06168794631958,0.40755367279052734,0.20882725715637207,0.22748160362243652,0.007299900054931641,0.0037508010864257812
993,0,0.49566666666666703,921,1000,1,1,593.0,0,0,2,0,2,1.0643458366394043,0.4083878993988037,0.20992708206176758,0.2280287742614746,0.007322072982788086,0.0037539005279541016
994,0,0.49566666666666703,921,1000,1,1,194.0,0,0,2,0,2,1.0670242309570312,0.4094562530517578,0.2108621597290039,0.22849631309509277,0.007346153259277344,0.00376129150390625
995,0,0.49566666666666703,922,1000,3,3,461.6666666666667,0,0,2,0,1,1.0689635276794434,0.41028404235839844,0.21146512031555176,0.22882819175720215,0.007361650466918945,0.0037648677825927734
996,0,0.49566666666666703,921,1000,2,1,196.0,0,0,1,0,2,1.0703403949737549,0.41075634956359863,0.21207714080810547,0.22902655601501465,0.007367372512817383,0.003766775131225586
997,0,0.49566666666666703,921,1000,2,2,397.0,0,0,2,0,2,1.0718834400177002,0.4112365245819092,0.21263504028320312,0.2293846607208252,0.00737452507019043,0.0037682056427001953
998,0,0.49566666666666703,922,1000,2,2,398.0,0,0,2,0,1,1.0734660625457764,0.41168785095214844,0.21330904960632324,0.22969627380371094,0.00738215446472168,0.0037696361541748047
999,0,0.49566666666666703,922,1000,2,2,332.3333333333333,0,0,0,0,0,1.0744035243988037,0.41248035430908203,0.21330976486206055,0.22969627380371094,0.00740361213684082,0.0037736892700195312
1000,0,0.49566666666666703,922,1000,1,1,600.0,0,0,2,0,2,1.076098918914795,0.4129607677459717,0.21406340599060059,0.23006296157836914,0.0074083805084228516,0.003776073455810547
1001,0,0.49566666666666703,923,1000,2,2,601.0,0,1,2,0,1,1.0776617527008057,0.41339612007141113,0.21467041969299316,0.2304248809814453,0.007415056228637695,0.003777742385864258
1002,0,0.49566666666666703,924,1000,2,2,602.0,0,0,2,0,1,1.0797076225280762,0.41389989852905273,0.21566438674926758,0.23078513145446777,0.007424831390380859,0.003779888153076172
1003,0,0.49566666666666703,924,1000,1,1,203.0,0,0,2,0,2,1.0825722217559814,0.41518640518188477,0.21652984619140625,0.23129653930664062,0.0074541568756103516,0.003788471221923828
1004,0,0.49566666666666703,923,1000,2,1,204.0,0,0,1,0,2,1.0847141742706299,0.4161698818206787,0.21731209754943848,0.23149466514587402,0.007473945617675781,0.003795623779296875
1005,0,0.49566666666666703,923,1000,1,1,205.0,0,0,2,0,2,1.0863609313964844,0.4167943000793457,0.2178800106048584,0.2318558692932129,0.00747990608215332,0.0037984848022460938
1006,0,0.49566666666666703,923,1000,2,2,406.0,0,0,2,0,2,1.0878446102142334,0.4172632694244385,0.2184741497039795,0.2321932315826416,0.00748753547668457,0.0038001537322998047
1007,0,0.49566666666666703,923,1000,2,2,607.0,0,0,1,0,2,1.0893733501434326,0.41771960258483887,0.21911382675170898,0.23250269889831543,0.007494449615478516,0.003801584243774414
1008,0,0.49566666666666703,923,1000,1,1,608.0,0,0,2,0,2,1.0914666652679443,0.41849613189697266,0.21990108489990234,0.2328932285308838,0.007508993148803711,0.0038051605224609375
1009,0,0.49566666666666703,923,1000,2,2,609.0,0,0,2,0,2,1.093520164489746,0.41910767555236816,0.22086334228515625,0.23320984840393066,0.007519721984863281,0.0038080215454101562
1010,0,0.49566666666666703,923,1000,2,2,410.0,0,0,1,0,2,1.0957911014556885,0.4200401306152344,0.22160005569458008,0.23361420631408691,0.007542133331298828,0.003814697265625
1011,0,0.49566666666666703,922,1000,2,2,611.0,0,0,1,0,2,1.0985784530639648,0.42119598388671875,0.22252249717712402,0.23409152030944824,0.007570028305053711,0.003819704055786133
1012,0,0.49566666666666703,922,1000,1,1,212.0,0,0,2,0,2,1.1005859375,0.42198681831359863,0.22321844100952148,0.23445343971252441,0.007591724395751953,0.003824472427368164
1013,0,0.49566666666666703,922,1000,1,1,613.0,0,0,2,0,2,1.1024060249328613,0.42275428771972656,0.2237870693206787,0.2348158359527588,0.007602214813232422,0.0038280487060546875
1014,0,0.49566666666666703,922,1000,3,3,480.6666666666667,0,0,2,0,2,1.1039097309112549,0.42323970794677734,0.22434616088867188,0.23512935638427734,0.007609844207763672,0.003829479217529297
1015,0,0.49566666666666703,922,1000,1,1,1015.0,0,0,0,1,1,1.1046674251556396,0.4236421585083008,0.22466683387756348,0.23512935638427734,0.007609844207763672,0.003831148147583008
1016,0,0.49566666666666703,922,1000,1,1,216.0,0,0,2,0,2,1.106579065322876,0.4241523742675781,0.22558379173278809,0.23550081253051758,0.007620573043823242,0.0038323402404785156
1017,0,0.49566666666666703,922,1000,2,2,617.0,0,1,2,0,2,1.1084721088409424,0.42499637603759766,0.22615790367126465,0.23580145835876465,0.0076351165771484375,0.003836393356323242
1018,0,0.49566666666666703,922,1000,1,1,618.0,0,0,2,0,2,1.10996413230896,0.42550015449523926,0.2267770767211914,0.23609304428100586,0.0076410770416259766,0.003838777542114258
1019,0,0.49566666666666703,922,1000,1,1,219.0,0,0,2,0,2,1.1114306449890137,0.42593932151794434,0.22736310958862305,0.23644304275512695,0.007645845413208008,0.0038406848907470703
1020,0,0.49566666666666703,923,1000,1,1,220.0,0,0,2,0,1,1.113206386566162,0.42630791664123535,0.22832226753234863,0.2367861270904541,0.007650613784790039,0.003841876983642578
1021,0,0.49566666666666703,923,1000,1,1,1021.0,0,0,0,1,1,1.1152644157409668,0.42769670486450195,0.22889423370361328,0.2367861270904541,0.007650613784790039,0.0038518905639648438
1022,0,0.49566666666666703,923,1000,2,2,422.0,0,0,2,0,2,1.1175425052642822,0.42858362197875977,0.2296919822692871,0.2371964454650879,0.007680416107177734,0.0038580894470214844
1023,0,0.49566666666666703,923,1000,2,2,423.0,0,0,2,0,2,1.1193361282348633,0.42935657501220703,0.23026609420776367,0.23750519752502441,0.0076940059661865234,0.003874063491821289
1024,0,0.49566666666666703,923,1000,1,1,624.0,0,0,0,0,0,1.119844913482666,0.42978334426879883,0.23026633262634277,0.23750519752502441,0.007699012756347656,0.003875255584716797
1025,0,0.49566666666666703,922,1000,1,1,225.0,0,0,1,0,2,1.121145248413086,0.43021559715270996,0.23087000846862793,0.23766446113586426,0.007703304290771484,0.003876209259033203
1026,0,0.49566666666666703,922,1000,1,1,1026.0,0,0,0,1,1,1.1224992275238037,0.43099212646484375,0.23139309883117676,0.23766446113586426,0.007703304290771484,0.0038793087005615234
1027,0,0.49566666666666703,922,1000,1,1,227.0,0,0,2,0,2,1.124471664428711,0.43175387382507324,0.2320725917816162,0.2380514144897461,0.0077211856842041016,0.003882169723510742
1028,0,0.49566666666666703,922,1000,1,1,628.0,0,0,2,0,2,1.1260712146759033,0.43231987953186035,0.23267602920532227,0.23839449882507324,0.007727384567260742,0.0038847923278808594
1029,0,0.49566666666666703,922,1000,3,2,429.0,0,0,2,0,2,1.1295053958892822,0.43276214599609375,0.2335350513458252,0.24037957191467285,0.007734775543212891,0.0038862228393554688
1030,0,0.49566666666666703,922,1000,2,2,430.0,0,0,1,0,2,1.1324748992919922,0.4341390132904053,0.23440098762512207,0.24086737632751465,0.007761716842651367,0.0038945674896240234
1031,0,0.49566666666666703,922,1000,3,2,431.0,0,0,2,0,2,1.1344196796417236,0.43497133255004883,0.23507452011108398,0.24114656448364258,0.007781267166137695,0.0038988590240478516
1032,0,0.49566666666666703,922,1000,2,2,365.3333333333333,0,0,2,0,2,1.1379616260528564,0.435589075088501,0.23579931259155273,0.2431941032409668,0.007793903350830078,0.003901958465576172
1033,0,0.49566666666666703,922,1000,1,1,633.0,0,0,2,0,2,1.1405308246612549,0.436384916305542,0.23678016662597656,0.2438490390777588,0.007807493209838867,0.0039060115814208984
1034,0,0.49566666666666703,922,1000,1,1,634.0,0,0,2,0,2,1.1429648399353027,0.4373660087585449,0.23761725425720215,0.2442493438720703,0.007831096649169922,0.003912210464477539
1035,0,0.49566666666666703,922,1000,3,3,501.6666666666667,0,0,2,0,2,1.1451692581176758,0.4381725788116455,0.23841071128845215,0.244642972946167,0.007853984832763672,0.003916501998901367
1036,0,0.49566666666666703,921,1000,2,2,502.6666666666667,0,0,1,0,2,1.1480958461761475,0.4393911361694336,0.2394099235534668,0.2451341152191162,0.007886886596679688,0.0039215087890625
1037,0,0.49566666666666703,921,1000,2,2,437.0,0,0,2,0,2,1.150216817855835,0.44028282165527344,0.24004054069519043,0.24550986289978027,0.007907390594482422,0.0039272308349609375
1038,0,0.49566666666666703,921,1000,2,2,438.0,0,0,2,0,2,1.152390956878662,0.4411134719848633,0.2407701015472412,0.24590134620666504,0.007925271987915039,0.003930568695068359
1039,0,0.49566666666666703,920,1000,2,2,372.3333333333333,0,0,1,0,2,1.1543116569519043,0.44176626205444336,0.2416677474975586,0.24613094329833984,0.007943391799926758,0.003933906555175781
1040,0,0.49566666666666703,920,1000,2,2,373.3333333333333,0,0,2,0,2,1.1568772792816162,0.4427492618560791,0.24260878562927246,0.2465529441833496,0.007975339889526367,0.003939390182495117
1041,0,0.49566666666666703,919,1000,1,1,641.0,0,0,1,0,2,1.1586675643920898,0.4435443878173828,0.24323582649230957,0.2467949390411377,0.007990598678588867,0.0039441585540771484
1042,0,0.49566666666666703,919,1000,1,1,1042.0,0,0,0,1,1,1.1594507694244385,0.44400715827941895,0.24352741241455078,0.2467949390411377,0.007990598678588867,0.003945827484130859
1043,0,0.49566666666666703,919,1000,1,1,643.0,0,0,2,0,2,1.1608242988586426,0.4443998336791992,0.2441115379333496,0.24711132049560547,0.007996559143066406,0.003947257995605469
1044,0,0.49566666666666703,919,1000,2,2,444.0,0,0,2,0,2,1.1625328063964844,0.44481444358825684,0.24489498138427734,0.24746394157409668,0.008003711700439453,0.003948688507080078
1045,0,0.49566666666666703,920,1000,2,2,445.0,0,1,2,0,1,1.1656756401062012,0.44620823860168457,0.245802640914917,0.2479870319366455,0.008037567138671875,0.003955841064453125
1046,0,0.49566666666666703,920,1000,3,3,512.6666666666666,0,0,1,0,2,1.1678590774536133,0.44707489013671875,0.2465512752532959,0.24834847450256348,0.00805974006652832,0.003960609436035156
1047,0,0.49566666666666703,921,1000,2,1,247.0,0,0,2,0,1,1.1696045398712158,0.44776391983032227,0.24715471267700195,0.24871087074279785,0.008066177368164062,0.0039637088775634766
1048,0,0.49566666666666703,921,1000,1,1,1048.0,0,0,0,1,1,1.170875072479248,0.44829678535461426,0.2478179931640625,0.24871087074279785,0.008066177368164062,0.003965139389038086
1049,0,0.49566666666666703,921,1000,2,2,449.0,0,0,2,0,2,1.1725256443023682,0.4488348960876465,0.24842000007629395,0.2490859031677246,0.008077621459960938,0.003968715667724609
1050,0,0.49566666666666703,921,1000,2,2,650.0,0,0,2,0,2,1.1740095615386963,0.44930481910705566,0.24900507926940918,0.24941396713256836,0.008084774017333984,0.00397038459777832
1051,0,0.49566666666666703,922,1000,2,2,451.0,0,0,1,0,1,1.1755611896514893,0.44977426528930664,0.24959754943847656,0.24974918365478516,0.008091926574707031,0.003977537155151367
1052,0,0.49566666666666703,923,1000,3,3,518.6666666666666,0,0,2,0,1,1.1769416332244873,0.4501969814300537,0.2501392364501953,0.2500796318054199,0.008098363876342773,0.0039789676666259766
1053,0,0.49566666666666703,922,1000,1,1,653.0,0,0,1,0,2,1.1783301830291748,0.450664758682251,0.2507009506225586,0.25034523010253906,0.008103370666503906,0.003980398178100586
1054,0,0.49566666666666703,923,1000,1,1,654.0,0,0,2,0,1,1.1819713115692139,0.45111083984375,0.251575231552124,0.2525370121002197,0.008109331130981445,0.003981828689575195
1055,0,0.49566666666666703,922,1000,2,1,255.0,0,0,1,0,2,1.1836857795715332,0.45186424255371094,0.2521965503692627,0.2527275085449219,0.008126497268676758,0.0039865970611572266
1056,0,0.49566666666666703,922,1000,1,1,256.0,0,0,2,0,2,1.185575008392334,0.4525115489959717,0.25296473503112793,0.25304460525512695,0.008139610290527344,0.003989219665527344
1057,0,0.49566666666666703,921,1000,1,1,257.0,0,0,1,0,2,1.187657117843628,0.45346927642822266,0.2537214756011963,0.2532615661621094,0.008157730102539062,0.0039937496185302734
1058,0,0.49566666666666703,921,1000,1,1,258.0,0,0,2,0,2,1.189206838607788,0.45397019386291504,0.254335880279541,0.2536122798919678,0.008163213729858398,0.003997087478637695
1059,0,0.49566666666666703,921,1000,1,1,259.0,0,0,1,0,1,1.1904842853546143,0.45440196990966797,0.2549014091491699,0.2538106441497803,0.008168220520019531,0.003998756408691406
1060,0,0.49566666666666703,922,1000,2,2,393.3333333333333,0,0,2,0,1,1.1919925212860107,0.45483946800231934,0.25548648834228516,0.2541489601135254,0.00817561149597168,0.004000186920166016
1061,0,0.49566666666666703,922,1000,3,3,527.6666666666666,0,1,2,0,2,1.1934235095977783,0.4552485942840576,0.25607872009277344,0.25444912910461426,0.008182287216186523,0.004001617431640625
1062,0,0.49566666666666703,922,1000,1,1,662.0,0,0,2,0,2,1.194810152053833,0.45566701889038086,0.2566659450531006,0.2547314167022705,0.008187055587768555,0.004003286361694336
1063,0,0.49566666666666703,922,1000,4,1,1063.0,0,0,0,1,1,1.1957261562347412,0.4561645984649658,0.25703001022338867,0.2547314167022705,0.008187055587768555,0.004004478454589844
1064,0,0.49566666666666703,921,1000,1,1,112.0,0,0,1,0,2,1.1980400085449219,0.45720934867858887,0.2578699588775635,0.25501251220703125,0.00820612907409668,0.004008054733276367
1065,0,0.49566666666666703,920,1000,2,2,398.3333333333333,0,0,1,0,2,1.1999340057373047,0.4580504894256592,0.25855588912963867,0.25524473190307617,0.008224248886108398,0.004013538360595703
1066,0,0.49566666666666703,920,1000,2,2,466.0,0,0,2,0,2,1.2017641067504883,0.45873379707336426,0.25922393798828125,0.25560903549194336,0.008237361907958984,0.004016876220703125
1067,0,0.49566666666666703,921,1000,1,1,1067.0,0,0,0,1,0,1.2026567459106445,0.45929932594299316,0.25951528549194336,0.25560903549194336,0.008237361907958984,0.004019975662231445
1068,0,0.49566666666666703,922,1000,1,1,1068.0,0,0,0,1,0,1.2033824920654297,0.45970678329467773,0.25980424880981445,0.25560903549194336,0.008237361907958984,0.004021167755126953
1069,0,0.49566666666666703,922,1000,1,1,669.0,0,0,1,0,1,1.204730749130249,0.46012115478515625,0.26036858558654785,0.2558729648590088,0.008247137069702148,0.004022121429443359
1070,0,0.49566666666666703,924,1000,2,2,470.0,0,0,1,0,0,1.2061567306518555,0.46053433418273926,0.2609593868255615,0.25617241859436035,0.008254289627075195,0.004024028778076172
1071,0,0.49566666666666703,924,1000,3,3,537.6666666666666,0,0,2,0,2,1.20766019821167,0.46097564697265625,0.26156115531921387,0.2564682960510254,0.00826120376586914,0.00402522087097168
1072,0,0.49566666666666703,924,1000,1,1,672.0,0,0,2,0,2,1.209092617034912,0.4613678455352783,0.26216816902160645,0.25681424140930176,0.008266448974609375,0.004026889801025391
1073,0,0.49566666666666703,924,1000,2,2,473.0,0,1,1,0,2,1.210585117340088,0.46175408363342285,0.2627890110015869,0.2571432590484619,0.008273839950561523,0.0040285587310791016
1074,0,0.49566666666666703,925,1000,1,1,274.0,0,0,1,0,0,1.2140626907348633,0.4621403217315674,0.2638850212097168,0.25903797149658203,0.008278608322143555,0.004029989242553711
1075,0,0.49566666666666703,924,1000,1,1,675.0,0,0,1,0,2,1.2181620597839355,0.4631032943725586,0.26479220390319824,0.26105570793151855,0.008297204971313477,0.004037380218505859
1076,0,0.49566666666666703,924,1000,2,2,476.0,0,0,1,0,2,1.220306158065796,0.4640634059906006,0.2653992176055908,0.2614169120788574,0.00831913948059082,0.004042387008666992
1077,0,0.49566666666666703,924,1000,1,1,677.0,0,0,2,0,2,1.221724033355713,0.46448636054992676,0.2659904956817627,0.26172327995300293,0.008324384689331055,0.004044055938720703
1078,0,0.49566666666666703,924,1000,1,1,278.0,0,0,1,0,1,1.2230546474456787,0.4649341106414795,0.2665867805480957,0.2619314193725586,0.00832986831665039,0.004045724868774414
1079,0,0.49566666666666703,924,1000,1,1,1079.0,0,0,0,1,1,1.2238802909851074,0.4654083251953125,0.2668931484222412,0.2619314193725586,0.00832986831665039,0.004060506820678711
1080,0,0.49566666666666703,924,1000,2,2,480.0,0,0,1,0,2,1.2253825664520264,0.4658472537994385,0.26750612258911133,0.2622530460357666,0.008337020874023438,0.004062175750732422
1081,0,0.49566666666666703,925,1000,2,2,481.0,0,0,2,0,1,1.2269010543823242,0.4663116931915283,0.26810336112976074,0.26258397102355957,0.008344888687133789,0.00406336784362793
1082,0,0.49566666666666703,925,1000,1,1,1082.0,0,0,0,1,1,1.2276840209960938,0.46675801277160645,0.26841306686401367,0.26258397102355957,0.008344888687133789,0.004064798355102539
1083,0,0.49566666666666703,925,1000,1,1,683.0,0,0,2,0,2,1.2292916774749756,0.46718311309814453,0.2691679000854492,0.2629241943359375,0.008350372314453125,0.004065990447998047
1084,0,0.49566666666666703,925,1000,1,1,284.0,0,0,2,0,2,1.2322072982788086,0.46837377548217773,0.27011847496032715,0.2634556293487549,0.008380889892578125,0.004071950912475586
1085,0,0.49566666666666703,925,1000,1,1,685.0,0,0,2,0,2,1.2345890998840332,0.4693150520324707,0.2709798812866211,0.2638704776763916,0.00839853286743164,0.004075050354003906
1086,0,0.49566666666666703,925,1000,2,2,486.0,0,0,2,0,2,1.236527919769287,0.47014784812927246,0.27157115936279297,0.2642531394958496,0.008416175842285156,0.004079103469848633
1087,0,0.49566666666666703,925,1000,1,1,1087.0,0,0,0,1,1,1.2373123168945312,0.47061634063720703,0.2718636989593506,0.2642531394958496,0.008416175842285156,0.00408172607421875
1088,0,0.49566666666666703,925,1000,2,2,488.0,0,0,2,0,2,1.2387375831604004,0.47103285789489746,0.27245426177978516,0.2645847797393799,0.008423805236816406,0.004082918167114258
1089,0,0.49566666666666703,925,1000,1,1,689.0,0,0,2,0,2,1.2401697635650635,0.4714643955230713,0.2730293273925781,0.26492857933044434,0.008429527282714844,0.004084110260009766
1090,0,0.49566666666666703,925,1000,2,2,423.3333333333333,0,0,2,0,2,1.2417118549346924,0.4719240665435791,0.27365779876708984,0.26525425910949707,0.00843954086303711,0.004085540771484375
1091,0,0.49566666666666703,925,1000,1,1,291.0,0,0,2,0,2,1.243290901184082,0.4724569320678711,0.27425408363342285,0.2656137943267822,0.008444786071777344,0.004087209701538086
1092,0,0.49566666666666703,925,1000,2,2,492.0,0,0,1,0,2,1.2448627948760986,0.47292256355285645,0.2748723030090332,0.2659595012664795,0.008451461791992188,0.004088640213012695
1093,0,0.49566666666666703,924,1000,1,1,293.0,0,0,1,0,2,1.2472915649414062,0.47336363792419434,0.27643418312072754,0.26627635955810547,0.008456230163574219,0.004090070724487305
1094,0,0.49566666666666703,924,1000,1,1,294.0,0,0,2,0,2,1.2519629001617432,0.47458553314208984,0.2773120403289795,0.26856327056884766,0.008486747741699219,0.004099607467651367
1095,0,0.49566666666666703,923,1000,2,2,561.6666666666666,0,0,1,0,2,1.2536826133728027,0.47532129287719727,0.27790403366088867,0.2688143253326416,0.008504390716552734,0.0041048526763916016
1096,0,0.49566666666666703,922,1000,1,1,296.0,0,0,1,0,2,1.2550327777862549,0.4757544994354248,0.27852582931518555,0.2690262794494629,0.008509397506713867,0.0041065216064453125
1097,0,0.49566666666666703,922,1000,3,3,563.6666666666666,0,0,1,0,2,1.2565040588378906,0.47617244720458984,0.27909374237060547,0.26935410499572754,0.008517026901245117,0.0041081905364990234
1098,0,0.49566666666666703,922,1000,3,3,564.6666666666666,0,0,2,0,2,1.2582170963287354,0.4766805171966553,0.27980875968933105,0.2697288990020752,0.008531332015991211,0.004109621047973633
1099,0,0.49566666666666703,922,1000,2,2,499.0,0,0,2,0,2,1.259793996810913,0.47723960876464844,0.2804298400878906,0.27004146575927734,0.00853872299194336,0.0041124820709228516
1100,0,0.49566666666666703,923,1000,1,1,300.0,0,0,2,0,1,1.2622432708740234,0.47771191596984863,0.2816445827484131,0.2706940174102783,0.008543729782104492,0.004114389419555664
1101,0,0.49566666666666703,923,1000,1,1,301.0,0,0,2,0,2,1.2648186683654785,0.47885680198669434,0.2825126647949219,0.2711007595062256,0.008564472198486328,0.004120349884033203
1102,0,0.49566666666666703,924,1000,3,3,568.6666666666666,0,0,2,0,1,1.2671313285827637,0.47968602180480957,0.2833883762359619,0.27150893211364746,0.008586406707763672,0.004124641418457031
1103,0,0.49566666666666703,924,1000,2,2,703.0,0,0,2,0,2,1.2689757347106934,0.48043036460876465,0.2839946746826172,0.2718675136566162,0.008601665496826172,0.004128217697143555
1104,0,0.49566666666666703,925,1000,1,1,304.0,0,0,2,0,1,1.2705025672912598,0.4809389114379883,0.2845616340637207,0.27222537994384766,0.008607149124145508,0.004130363464355469
1105,0,0.49566666666666703,925,1000,2,2,505.0,0,0,2,0,2,1.272012710571289,0.48138999938964844,0.28515076637268066,0.27255702018737793,0.008614301681518555,0.0041315555572509766
1106,0,0.49566666666666703,925,1000,1,1,306.0,0,0,2,0,2,1.2734646797180176,0.48179197311401367,0.2857625484466553,0.2729158401489258,0.008618831634521484,0.0041332244873046875
1107,0,0.49566666666666703,925,1000,2,2,507.0,0,0,2,0,2,1.2751827239990234,0.48241424560546875,0.2863781452178955,0.27324724197387695,0.008632183074951172,0.004135608673095703
1108,0,0.49566666666666703,926,1000,2,2,508.0,0,0,2,0,1,1.2766718864440918,0.4828307628631592,0.2870001792907715,0.27360081672668457,0.008643150329589844,0.004137516021728516
1109,0,0.49566666666666703,926,1000,2,2,509.0,0,0,1,0,2,1.2782702445983887,0.48331737518310547,0.28757309913635254,0.27396512031555176,0.008655548095703125,0.004140615463256836
1110,0,0.49566666666666703,926,1000,3,2,710.0,0,1,2,0,2,1.2803025245666504,0.48380279541015625,0.28861117362976074,0.27429676055908203,0.00866556167602539,0.004142284393310547
1111,0,0.49566666666666703,927,1000,1,1,311.0,0,0,2,0,1,1.2828090190887451,0.4849245548248291,0.2894148826599121,0.27469468116760254,0.008685588836669922,0.004149675369262695
1112,0,0.49566666666666703,926,1000,1,1,312.0,0,0,1,0,2,1.2843284606933594,0.48550963401794434,0.2900228500366211,0.27490949630737305,0.008695363998413086,0.004153013229370117
1113,0,0.49566666666666703,927,1000,2,2,713.0,0,0,2,0,1,1.2859787940979004,0.48609232902526855,0.2906308174133301,0.2752525806427002,0.008708000183105469,0.0041561126708984375
1114,0,0.49566666666666703,927,1000,1,1,314.0,0,0,2,0,2,1.2875244617462158,0.4866044521331787,0.29125404357910156,0.27556467056274414,0.008713722229003906,0.0041582584381103516
1115,0,0.49566666666666703,927,1000,1,1,1115.0,0,0,0,1,1,1.2883102893829346,0.487079381942749,0.29153895378112793,0.27556467056274414,0.008713722229003906,0.0041599273681640625
1116,0,0.49566666666666703,926,1000,2,2,582.6666666666666,0,0,1,0,2,1.2897071838378906,0.4875311851501465,0.29213428497314453,0.27582740783691406,0.008721351623535156,0.00416111946105957
1117,0,0.49566666666666703,926,1000,2,2,517.0,0,0,2,0,2,1.2913780212402344,0.48793840408325195,0.292980432510376,0.2761392593383789,0.00872802734375,0.004162311553955078
1118,0,0.49566666666666703,926,1000,3,3,584.6666666666666,0,0,1,0,2,1.2939844131469727,0.4890458583831787,0.29378581047058105,0.2765936851501465,0.00875401496887207,0.00416874885559082
1119,0,0.49566666666666703,926,1000,1,1,319.0,0,0,2,0,2,1.2968993186950684,0.4899122714996338,0.2951061725616455,0.27712535858154297,0.008770227432250977,0.004190206527709961
1120,0,0.49566666666666703,926,1000,2,1,720.0,0,0,2,0,2,1.2994463443756104,0.49104833602905273,0.2959606647491455,0.27750301361083984,0.008791208267211914,0.004197835922241211
1121,0,0.49566666666666703,926,1000,1,1,1087.0,0,0,2,0,2,1.3020191192626953,0.4920961856842041,0.29688477516174316,0.2779414653778076,0.00881505012512207,0.004204273223876953
1122,0,0.49566666666666703,926,1000,1,1,322.0,0,0,2,0,2,1.3057096004486084,0.49295830726623535,0.29750871658325195,0.2800016403198242,0.008825302124023438,0.00420832633972168
1123,0,0.49566666666666703,926,1000,1,1,723.0,0,0,1,0,1,1.30708646774292,0.4933619499206543,0.29814696311950684,0.2802548408508301,0.008830785751342773,0.004209995269775391
1124,0,0.49566666666666703,926,1000,2,2,424.0,0,0,1,0,1,1.308812141418457,0.49402689933776855,0.29881978034973145,0.2805187702178955,0.008846759796142578,0.004212617874145508
1125,0,0.49566666666666703,926,1000,2,2,725.0,0,0,2,0,2,1.3103177547454834,0.494525671005249,0.2993917465209961,0.28085947036743164,0.008855819702148438,0.00421452522277832
1126,0,0.49566666666666703,926,1000,2,2,526.0,0,0,2,0,2,1.3118131160736084,0.49497008323669434,0.30001044273376465,0.28120875358581543,0.008862733840942383,0.004216194152832031
1127,0,0.49566666666666703,927,1000,2,2,527.0,0,0,2,0,1,1.3140974044799805,0.4954710006713867,0.30127859115600586,0.28158116340637207,0.00887918472290039,0.004217624664306641
1128,0,0.49566666666666703,928,1000,1,1,328.0,0,0,2,0,1,1.3162815570831299,0.496462345123291,0.30195045471191406,0.2819480895996094,0.008897781372070312,0.00422358512878418
1129,0,0.49566666666666703,928,1000,1,1,729.0,0,0,2,0,2,1.318345069885254,0.49732208251953125,0.3026552200317383,0.2822995185852051,0.008912086486816406,0.0042269229888916016
1130,0,0.49566666666666703,928,1000,3,3,596.6666666666666,0,0,0,0,0,1.3190295696258545,0.49791955947875977,0.3026554584503174,0.2822995185852051,0.008921146392822266,0.00422978401184082
1131,0,0.49566666666666703,928,1000,2,2,531.0,0,0,2,0,2,1.3205342292785645,0.49840807914733887,0.30324578285217285,0.28259873390197754,0.008927106857299805,0.00423121452331543
1132,0,0.49566666666666703,928,1000,2,2,732.0,0,0,2,0,2,1.324652910232544,0.4988281726837158,0.30448412895202637,0.284930944442749,0.00893402099609375,0.004232645034790039
1133,0,0.49566666666666703,928,1000,3,3,599.6666666666666,0,0,2,0,2,1.3267171382904053,0.49962544441223145,0.3051109313964844,0.2853279113769531,0.008956670761108398,0.004238605499267578
1134,0,0.49566666666666703,928,1000,2,2,534.0,0,0,2,0,2,1.330742597579956,0.5001401901245117,0.30642175674438477,0.2874109745025635,0.008965730667114258,0.0042417049407958984
1135,0,0.49566666666666703,928,1000,2,2,535.0,0,0,2,0,2,1.3329472541809082,0.5011770725250244,0.3070805072784424,0.28774404525756836,0.008988380432128906,0.004249095916748047
1136,0,0.49566666666666703,928,1000,1,1,336.0,0,0,0,0,0,1.3336350917816162,0.5017666816711426,0.3070807456970215,0.28774404525756836,0.008996963500976562,0.004253864288330078
1137,0,0.49566666666666703,928,1000,2,2,737.0,0,1,1,0,2,1.3355176448822021,0.5023527145385742,0.30782508850097656,0.28812336921691895,0.009009361267089844,0.004255533218383789
1138,0,0.49566666666666703,928,1000,2,2,738.0,0,0,1,0,2,1.3371868133544922,0.5029220581054688,0.3084428310394287,0.2884557247161865,0.0090179443359375,0.004258394241333008
1139,0,0.49566666666666703,928,1000,1,1,1139.0,0,0,0,1,1,1.3379192352294922,0.5033347606658936,0.3087301254272461,0.2884557247161865,0.0090179443359375,0.004259586334228516
1140,0,0.49566666666666703,928,1000,1,1,1140.0,0,0,0,1,1,1.338686227798462,0.5037596225738525,0.30904674530029297,0.2884557247161865,0.0090179443359375,0.0042607784271240234
1141,0,0.49566666666666703,928,1000,1,1,1141.0,0,0,0,1,1,1.3395979404449463,0.5042262077331543,0.30945587158203125,0.2884557247161865,0.0090179443359375,0.004261970520019531
1142,0,0.49566666666666703,928,1000,1,1,1142.0,0,0,0,1,1,1.3406813144683838,0.5048892498016357,0.30982494354248047,0.2884557247161865,0.0090179443359375,0.004265308380126953
1143,0,0.49566666666666703,928,1000,2,2,543.0,0,0,2,0,2,1.34393310546875,0.5064210891723633,0.3109700679779053,0.28886914253234863,0.00904393196105957,0.004267215728759766
1144,0,0.49566666666666703,928,1000,1,1,344.0,0,0,2,0,2,1.3469111919403076,0.5074164867401123,0.31244540214538574,0.28921079635620117,0.00906229019165039,0.004272937774658203
1145,0,0.49566666666666703,928,1000,1,1,345.0,0,0,0,0,0,1.348484992980957,0.508800745010376,0.31244659423828125,0.28921079635620117,0.009084224700927734,0.004287004470825195
1146,0,0.49566666666666703,928,1000,2,2,746.0,0,0,2,0,2,1.3506739139556885,0.5095412731170654,0.31331968307495117,0.28963685035705566,0.009093999862670898,0.004291057586669922
1147,0,0.49566666666666703,928,1000,1,1,347.0,0,0,2,0,2,1.3527300357818604,0.5103075504302979,0.3140585422515869,0.29004621505737305,0.009109973907470703,0.004295825958251953
1148,0,0.49566666666666703,929,1000,1,1,1148.0,0,0,0,1,0,1.3544554710388184,0.5112617015838623,0.31475400924682617,0.29004621505737305,0.009109973907470703,0.004300355911254883
1149,0,0.49566666666666703,929,1000,1,1,749.0,0,0,0,0,0,1.3555331230163574,0.5121815204620361,0.3147549629211426,0.29004621505737305,0.009131193161010742,0.004305601119995117
1150,0,0.49566666666666703,928,1000,2,2,483.3333333333333,0,0,1,0,2,1.3573262691497803,0.5127480030059814,0.31563472747802734,0.29030489921569824,0.009140253067016602,0.004308462142944336
1151,0,0.49566666666666703,928,1000,1,1,751.0,0,0,2,0,2,1.358825445175171,0.5132176876068115,0.3162198066711426,0.29065775871276855,0.009145736694335938,0.0043103694915771484
1152,0,0.49566666666666703,928,1000,2,2,485.3333333333333,0,0,2,0,2,1.3602793216705322,0.5136780738830566,0.31681323051452637,0.29097843170166016,0.009152650833129883,0.004311800003051758
1153,0,0.49566666666666703,928,1000,2,2,553.0,0,0,2,0,2,1.362060546875,0.5141551494598389,0.317626953125,0.2913498878479004,0.009159564971923828,0.004313230514526367
1154,0,0.49566666666666703,927,1000,2,1,354.0,0,0,1,0,2,1.3648838996887207,0.5154812335968018,0.31853532791137695,0.2917168140411377,0.00918126106262207,0.004351615905761719
1155,0,0.49566666666666703,926,1000,1,1,355.0,0,0,1,0,2,1.367187738418579,0.5165374279022217,0.3193697929382324,0.2919778823852539,0.009197473526000977,0.004355669021606445
1156,0,0.49566666666666703,927,1000,1,1,356.0,0,0,2,0,1,1.3690638542175293,0.5172708034515381,0.32002997398376465,0.29233717918395996,0.009210586547851562,0.004359722137451172
1157,0,0.49566666666666703,928,1000,2,2,557.0,0,0,2,0,1,1.3713641166687012,0.5180087089538574,0.3208796977996826,0.2928318977355957,0.009233951568603516,0.004363536834716797
1158,0,0.49566666666666703,928,1000,1,1,358.0,0,0,2,0,2,1.373244047164917,0.5188295841217041,0.32147693634033203,0.29318857192993164,0.009244680404663086,0.004368305206298828
1159,0,0.49566666666666703,928,1000,1,1,1159.0,0,0,0,1,1,1.3740487098693848,0.5193228721618652,0.32175636291503906,0.29318857192993164,0.009244680404663086,0.004369974136352539
1160,0,0.49566666666666703,929,1000,2,2,560.0,0,0,2,0,1,1.3754820823669434,0.5197324752807617,0.3223445415496826,0.2935349941253662,0.009252548217773438,0.004371166229248047
1161,0,0.49566666666666703,929,1000,3,3,627.6666666666666,0,0,2,0,2,1.3770885467529297,0.520247220993042,0.3229551315307617,0.2938690185546875,0.009259700775146484,0.004372596740722656
1162,0,0.49566666666666703,929,1000,3,3,628.6666666666666,0,1,1,0,2,1.3814868927001953,0.5206565856933594,0.32430028915405273,0.2963385581970215,0.009266138076782227,0.004374027252197266
1163,0,0.49566666666666703,930,1000,3,3,629.6666666666666,0,0,2,0,1,1.383634328842163,0.5216250419616699,0.32497191429138184,0.29666900634765625,0.009288311004638672,0.004380464553833008
1164,0,0.49566666666666703,931,1000,1,1,764.0,0,0,2,0,1,1.3856606483459473,0.5222933292388916,0.3258070945739746,0.29705142974853516,0.00930333137512207,0.004395246505737305
1165,0,0.49566666666666703,931,1000,2,2,498.3333333333333,0,0,2,0,2,1.3898911476135254,0.5233774185180664,0.3266439437866211,0.299135684967041,0.009325981140136719,0.004402875900268555
1166,0,0.49566666666666703,932,1000,1,1,366.0,0,0,2,0,1,1.3918914794921875,0.5241739749908447,0.3273134231567383,0.2995340824127197,0.00934290885925293,0.004406929016113281
1167,0,0.49566666666666703,932,1000,2,2,767.0,0,0,2,0,2,1.393826961517334,0.5248425006866455,0.32804298400878906,0.29988789558410645,0.009360313415527344,0.004410505294799805
1168,0,0.49566666666666703,931,1000,2,2,634.6666666666666,0,0,1,0,2,1.3955976963043213,0.5255124568939209,0.3287539482116699,0.30013060569763184,0.009380340576171875,0.004413604736328125
1169,0,0.49566666666666703,930,1000,1,1,769.0,0,0,1,0,2,1.3982737064361572,0.5267596244812012,0.32964634895324707,0.3004720211029053,0.009404182434082031,0.004418849945068359
1170,0,0.49566666666666703,929,1000,1,1,370.0,0,0,1,0,2,1.4026365280151367,0.5276739597320557,0.33094239234924316,0.3024439811706543,0.00942230224609375,0.004422664642333984
1171,0,0.49566666666666703,929,1000,1,1,371.0,0,0,2,0,2,1.4051787853240967,0.5287573337554932,0.3317699432373047,0.3028833866119385,0.009449243545532227,0.004430532455444336
1172,0,0.49566666666666703,929,1000,2,2,505.3333333333333,0,0,1,0,1,1.4074859619140625,0.5299022197723389,0.3325316905975342,0.3031280040740967,0.00946950912475586,0.004436016082763672
1173,0,0.49566666666666703,929,1000,2,2,573.0,0,0,2,0,2,1.409416913986206,0.5306668281555176,0.333204984664917,0.30344295501708984,0.009485006332397461,0.004439592361450195
1174,0,0.49566666666666703,929,1000,1,1,774.0,0,0,2,0,2,1.411156415939331,0.531287670135498,0.33382749557495117,0.3038163185119629,0.009494304656982422,0.0044536590576171875
1175,0,0.49566666666666703,929,1000,1,1,1175.0,0,0,0,1,1,1.4124107360839844,0.5319225788116455,0.3343982696533203,0.3038163185119629,0.009494304656982422,0.004456281661987305
1176,0,0.49566666666666703,929,1000,2,2,576.0,0,0,2,0,2,1.4159266948699951,0.533578634262085,0.33544254302978516,0.3043532371520996,0.009522438049316406,0.00446772575378418
1177,0,0.49566666666666703,929,1000,2,2,577.0,0,1,2,0,2,1.4193811416625977,0.5349106788635254,0.33629775047302246,0.3052346706390381,0.009559869766235352,0.0044956207275390625
1178,0,0.49566666666666703,929,1000,1,1,378.0,0,0,1,0,1,1.4214332103729248,0.5358312129974365,0.3370683193206787,0.30546069145202637,0.009577274322509766,0.0045015811920166016
1179,0,0.49566666666666703,929,1000,2,2,512.3333333333334,0,0,1,0,2,1.423363447189331,0.5365965366363525,0.33779025077819824,0.3057570457458496,0.009595155715942383,0.0045053958892822266
1180,0,0.49566666666666703,929,1000,1,1,380.0,0,0,2,0,2,1.4255421161651611,0.5375001430511475,0.3385448455810547,0.3061347007751465,0.00960993766784668,0.00450897216796875
1181,0,0.49566666666666703,929,1000,2,2,514.3333333333334,0,0,1,0,1,1.4273216724395752,0.538217306137085,0.3392477035522461,0.30637145042419434,0.009629487991333008,0.00451350212097168
1182,0,0.49566666666666703,928,1000,1,1,382.0,0,0,1,0,2,1.4294235706329346,0.5388679504394531,0.34011006355285645,0.30684566497802734,0.009639501571655273,0.0045168399810791016
1183,0,0.49566666666666703,929,1000,3,3,649.6666666666666,0,0,2,0,1,1.4347140789031982,0.5402657985687256,0.3413393497467041,0.30920886993408203,0.009668588638305664,0.004523515701293945
1184,0,0.49566666666666703,929,1000,1,1,784.0,0,0,1,0,1,1.4372422695159912,0.541325569152832,0.34221982955932617,0.3096191883087158,0.009693384170532227,0.004530429840087891
1185,0,0.49566666666666703,929,1000,1,1,785.0,0,0,2,0,2,1.4395716190338135,0.5423269271850586,0.342998743057251,0.3099968433380127,0.009712934494018555,0.0045359134674072266
1186,0,0.49566666666666703,928,1000,2,2,786.0,0,0,1,0,2,1.4415090084075928,0.5431923866271973,0.3436586856842041,0.3102872371673584,0.009730100631713867,0.0045392513275146484
1187,0,0.49566666666666703,927,1000,2,2,787.0,0,0,1,0,2,1.4431350231170654,0.5437898635864258,0.3442952632904053,0.31056880950927734,0.00974130630493164,0.004542112350463867
1188,0,0.49566666666666703,927,1000,2,2,588.0,0,0,1,0,2,1.4448871612548828,0.5443618297576904,0.34496617317199707,0.3109169006347656,0.00975346565246582,0.004544496536254883
1189,0,0.49566666666666703,927,1000,2,2,589.0,0,0,2,0,2,1.4475715160369873,0.5449848175048828,0.346250057220459,0.3115050792694092,0.009778499603271484,0.004547119140625
1190,0,0.49566666666666703,927,1000,1,1,390.0,0,0,1,0,1,1.449991226196289,0.546013593673706,0.3471667766571045,0.31178951263427734,0.009799480438232422,0.0045583248138427734
1191,0,0.49566666666666703,927,1000,1,1,1191.0,0,0,0,1,1,1.4511234760284424,0.5467519760131836,0.3475015163421631,0.31178951263427734,0.009799480438232422,0.004562854766845703
1192,0,0.49566666666666703,927,1000,1,1,792.0,0,0,2,0,2,1.452838659286499,0.5473041534423828,0.34815192222595215,0.31216859817504883,0.009814023971557617,0.0045757293701171875
1193,0,0.49566666666666703,927,1000,1,1,393.0,0,0,2,0,2,1.4545090198516846,0.5478825569152832,0.34875988960266113,0.31254148483276367,0.009823799133300781,0.004578828811645508
1194,0,0.49566666666666703,927,1000,2,2,527.3333333333334,0,0,2,0,2,1.4561786651611328,0.5484039783477783,0.3493993282318115,0.3128807544708252,0.009835243225097656,0.004580974578857422
1195,0,0.49566666666666703,927,1000,2,1,395.0,0,0,2,0,2,1.457899570465088,0.5489749908447266,0.35007143020629883,0.3132588863372803,0.009844541549682617,0.0045833587646484375
1196,0,0.49566666666666703,927,1000,1,1,796.0,0,0,1,0,1,1.45949387550354,0.5495703220367432,0.3506925106048584,0.31352972984313965,0.009854555130004883,0.004585981369018555
1197,0,0.49566666666666703,927,1000,1,1,397.0,0,0,2,0,2,1.4610795974731445,0.5501089096069336,0.3513064384460449,0.3138558864593506,0.009863615036010742,0.004588127136230469
1198,0,0.49566666666666703,927,1000,1,1,398.0,0,0,2,0,2,1.4639437198638916,0.5506036281585693,0.3531463146209717,0.31427812576293945,0.009871482849121094,0.004590511322021484
1199,0,0.5009230769230771,927,1000,2,2,599.0,0,0,2,0,2,1.4673991203308105,0.5517134666442871,0.3543570041656494,0.3147926330566406,0.009898662567138672,0.004599332809448242
1200,0,0.5009230769230771,928,1000,2,2,400.0,0,0,2,0,1,1.4701497554779053,0.5526759624481201,0.3554227352142334,0.31528806686401367,0.009926557540893555,0.004899740219116211
1201,0,0.5009230769230771,929,1000,3,3,301.0,0,0,2,0,1,1.472703456878662,0.5535504817962646,0.3564481735229492,0.3157801628112793,0.00994563102722168,0.004904747009277344
1202,0,0.5009230769230771,928,1000,1,1,2.0,0,0,1,0,2,1.4750819206237793,0.5545608997344971,0.3573949337005615,0.3160409927368164,0.009960412979125977,0.00491023063659668
1203,0,0.5009230769230771,928,1000,1,1,403.0,0,0,1,0,1,1.4772076606750488,0.5553908348083496,0.35829758644104004,0.31629419326782227,0.009975433349609375,0.004914045333862305
1204,0,0.5009230769230771,928,1000,2,2,404.0,0,0,1,0,2,1.4817008972167969,0.555957555770874,0.3617265224456787,0.31661295890808105,0.009989738464355469,0.004917621612548828
1205,0,0.5009230769230771,928,1000,3,3,671.6666666666666,0,0,0,0,0,1.48366379737854,0.5575418472290039,0.3617286682128906,0.31661295890808105,0.010027170181274414,0.004929780960083008
1206,0,0.5009230769230771,929,1000,1,1,1206.0,0,0,0,1,0,1.4870061874389648,0.5597155094146729,0.36278295516967773,0.31661295890808105,0.010027170181274414,0.004937171936035156
1207,0,0.5009230769230771,928,1000,1,1,807.0,0,0,1,0,2,1.4899601936340332,0.5611493587493896,0.36370420455932617,0.3170139789581299,0.01005244255065918,0.004944801330566406
1208,0,0.5009230769230771,928,1000,1,1,408.0,0,0,2,0,2,1.4924864768981934,0.5621991157531738,0.3646061420440674,0.31740689277648926,0.010072469711303711,0.004949092864990234
1209,0,0.5009230769230771,928,1000,3,3,542.3333333333334,0,1,2,0,2,1.4971826076507568,0.5630364418029785,0.36603474617004395,0.3195981979370117,0.01009368896484375,0.0049533843994140625
1210,0,0.5009230769230771,929,1000,1,1,10.0,0,0,2,0,1,1.499755620956421,0.5641500949859619,0.36688756942749023,0.3200247287750244,0.010117053985595703,0.004959821701049805
1211,0,0.5009230769230771,929,1000,1,1,1211.0,0,0,0,1,1,1.5011370182037354,0.565093994140625,0.3672664165496826,0.3200247287750244,0.010117053985595703,0.004964351654052734
1212,0,0.5009230769230771,929,1000,1,1,812.0,0,0,2,0,2,1.504714012145996,0.5656459331512451,0.36803340911865234,0.322131872177124,0.010134220123291016,0.004966020584106445
1213,0,0.5009230769230771,929,1000,1,1,13.0,0,0,2,0,2,1.5066461563110352,0.5664699077606201,0.3686861991882324,0.32244348526000977,0.010147809982299805,0.004969358444213867
1214,0,0.5009230769230771,929,1000,3,3,547.3333333333334,0,1,2,0,2,1.508420467376709,0.5670995712280273,0.3693203926086426,0.32278871536254883,0.01015925407409668,0.004972219467163086
1215,0,0.5009230769230771,930,1000,2,2,281.6666666666667,0,0,2,0,1,1.5103144645690918,0.5677182674407959,0.3700745105743408,0.32313084602355957,0.010171175003051758,0.004974842071533203
1216,0,0.5009230769230771,930,1000,2,2,616.0,0,0,2,0,2,1.5126287937164307,0.5685031414031982,0.37105321884155273,0.3234860897064209,0.01019144058227539,0.004978656768798828
1217,0,0.5009230769230771,930,1000,3,3,550.3333333333334,0,1,1,0,2,1.5153496265411377,0.5697386264801025,0.37186646461486816,0.3239290714263916,0.010220050811767578,0.0049877166748046875
1218,0,0.5009230769230771,930,1000,3,3,418.0,0,0,2,0,2,1.5175433158874512,0.5705385208129883,0.37268710136413574,0.3243067264556885,0.010240793228149414,0.004992246627807617
1219,0,0.5009230769230771,930,1000,2,2,285.6666666666667,0,0,1,0,1,1.5192229747772217,0.5712704658508301,0.37329864501953125,0.3245103359222412,0.010257482528686523,0.004996299743652344
1220,0,0.5009230769230771,931,1000,1,1,820.0,0,0,2,0,1,1.5209901332855225,0.5719153881072998,0.37392735481262207,0.3248903751373291,0.010267496109008789,0.004998683929443359
1221,0,0.5009230769230771,931,1000,2,2,621.0,0,0,2,0,2,1.5226216316223145,0.5725076198577881,0.37457704544067383,0.3251821994781494,0.010278940200805664,0.005001544952392578
1222,0,0.5009230769230771,931,1000,1,1,822.0,0,0,2,0,2,1.524263620376587,0.5730760097503662,0.37520289421081543,0.325533390045166,0.010287046432495117,0.005003929138183594
1223,0,0.5009230769230771,930,1000,1,1,823.0,0,0,1,0,2,1.5259907245635986,0.5736596584320068,0.37597179412841797,0.32579708099365234,0.010297060012817383,0.005006313323974609
1224,0,0.5009230769230771,930,1000,3,3,424.0,0,0,2,0,2,1.5279667377471924,0.5744688510894775,0.3766758441925049,0.32611536979675293,0.010318279266357422,0.005012989044189453
1225,0,0.5009230769230771,931,1000,2,2,825.0,0,1,2,0,1,1.530705213546753,0.5750987529754639,0.37807345390319824,0.3265528678894043,0.010336875915527344,0.005015373229980469
1226,0,0.5009230769230771,931,1000,1,1,1226.0,0,0,0,1,1,1.5320074558258057,0.5759627819061279,0.37845325469970703,0.3265528678894043,0.010336875915527344,0.0050220489501953125
1227,0,0.5009230769230771,931,1000,1,1,827.0,0,0,2,0,2,1.5337867736816406,0.5765383243560791,0.3791921138763428,0.32689476013183594,0.010360240936279297,0.005025148391723633
1228,0,0.5009230769230771,930,1000,1,1,828.0,0,0,1,0,2,1.5354721546173096,0.5772578716278076,0.37981343269348145,0.3271305561065674,0.010371685028076172,0.0050280094146728516
1229,0,0.5009230769230771,930,1000,1,1,1229.0,0,0,0,1,1,1.5363826751708984,0.5778071880340576,0.3801395893096924,0.3271305561065674,0.010371685028076172,0.005030155181884766
1230,0,0.5009230769230771,929,1000,1,1,30.0,0,0,1,0,2,1.5377161502838135,0.5782310962677002,0.38074254989624023,0.3273308277130127,0.010383844375610352,0.005032062530517578
1231,0,0.5009230769230771,928,1000,1,1,31.0,0,0,1,0,2,1.5391724109649658,0.5787546634674072,0.3813803195953369,0.32752275466918945,0.010393142700195312,0.005034208297729492
1232,0,0.5009230769230771,927,1000,1,1,32.0,0,0,1,0,2,1.5405006408691406,0.5792388916015625,0.38197898864746094,0.3276846408843994,0.010400533676147461,0.005036354064941406
1233,0,0.5009230769230771,928,1000,1,1,833.0,0,0,2,0,1,1.542757272720337,0.5801231861114502,0.38279271125793457,0.3280923366546631,0.010418415069580078,0.00503849983215332
1234,0,0.5009230769230771,928,1000,3,3,434.0,0,0,2,0,2,1.5445683002471924,0.5808055400848389,0.3834269046783447,0.3284575939178467,0.010434627532958984,0.005042314529418945
1235,0,0.5009230769230771,927,1000,2,2,301.6666666666667,0,0,1,0,2,1.5470514297485352,0.5813915729522705,0.38492751121520996,0.32872915267944336,0.010447263717651367,0.005045175552368164
1236,0,0.5009230769230771,928,1000,1,1,1236.0,0,0,0,1,0,1.5485608577728271,0.5824213027954102,0.38533926010131836,0.32872915267944336,0.010447263717651367,0.005051612854003906
1237,0,0.5009230769230771,929,1000,1,1,437.0,0,0,2,0,1,1.5503695011138916,0.5830695629119873,0.3860292434692383,0.32907557487487793,0.010466814041137695,0.005055427551269531
1238,0,0.5009230769230771,929,1000,3,3,338.0,0,0,2,0,2,1.5521540641784668,0.5836970806121826,0.3866758346557617,0.3294076919555664,0.010481595993041992,0.0050580501556396484
1239,0,0.5009230769230771,929,1000,2,2,439.0,0,1,1,0,2,1.553910493850708,0.5843253135681152,0.38730931282043457,0.32973814010620117,0.010495424270629883,0.0050618648529052734
1240,0,0.5009230769230771,929,1000,1,1,440.0,0,0,2,0,2,1.5555334091186523,0.5849201679229736,0.3879055976867676,0.33005666732788086,0.010505199432373047,0.0050640106201171875
1241,0,0.5009230769230771,929,1000,2,2,841.0,0,0,2,0,2,1.5602633953094482,0.585529088973999,0.3887617588043213,0.3331308364868164,0.010519027709960938,0.0050661563873291016
1242,0,0.5009230769230771,929,1000,2,2,642.0,0,1,1,0,2,1.562347173690796,0.5863416194915771,0.3895423412322998,0.3334488868713379,0.010540008544921875,0.005071401596069336
1243,0,0.5009230769230771,929,1000,1,1,1243.0,0,0,0,1,1,1.5644609928131104,0.5877768993377686,0.39014244079589844,0.3334488868713379,0.010540008544921875,0.005079030990600586
1244,0,0.5009230769230771,929,1000,2,2,644.0,0,0,2,0,2,1.566394567489624,0.5885202884674072,0.3908541202545166,0.3337974548339844,0.010561704635620117,0.005084037780761719
1245,0,0.5009230769230771,929,1000,3,3,311.6666666666667,0,0,1,0,2,1.568547010421753,0.5893256664276123,0.3916051387786865,0.3342006206512451,0.010579586029052734,0.005087375640869141
1246,0,0.5009230769230771,929,1000,2,2,446.0,0,0,2,0,2,1.5703914165496826,0.5900075435638428,0.39224767684936523,0.3345661163330078,0.010593891143798828,0.0050907135009765625
1247,0,0.5009230769230771,929,1000,3,3,313.6666666666667,0,0,2,0,2,1.5746898651123047,0.5906801223754883,0.3931736946105957,0.33707380294799805,0.010607719421386719,0.005095243453979492
1248,0,0.5009230769230771,929,1000,1,1,1248.0,0,0,0,1,1,1.5758705139160156,0.5914840698242188,0.3934965133666992,0.33707380294799805,0.010607719421386719,0.0051004886627197266
1249,0,0.5009230769230771,929,1000,2,2,449.0,0,0,2,0,2,1.577345609664917,0.5919365882873535,0.39409542083740234,0.3373901844024658,0.010625123977661133,0.005104541778564453
1250,0,0.5009230769230771,928,1000,2,2,716.6666666666666,0,0,1,0,2,1.5788815021514893,0.5924694538116455,0.39469408988952637,0.3376750946044922,0.010637998580932617,0.005106925964355469
1251,0,0.5009230769230771,928,1000,1,1,1251.0,0,0,0,1,1,1.5807888507843018,0.5936801433563232,0.39529919624328613,0.3376750946044922,0.010637998580932617,0.0051114559173583984
1252,0,0.5009230769230771,928,1000,1,1,1252.0,0,0,0,1,1,1.582061767578125,0.5945467948913574,0.3956634998321533,0.3376750946044922,0.010637998580932617,0.00511622428894043
1253,0,0.5009230769230771,928,1000,2,2,453.0,0,0,1,0,2,1.5841317176818848,0.5952560901641846,0.39642810821533203,0.33808112144470215,0.010659456253051758,0.0051195621490478516
1254,0,0.5009230769230771,928,1000,1,1,1254.0,0,0,0,1,1,1.5852634906768799,0.595982551574707,0.3967854976654053,0.33808112144470215,0.010659456253051758,0.005123138427734375
1255,0,0.5009230769230771,928,1000,2,2,321.6666666666667,0,0,1,0,1,1.5868232250213623,0.5965054035186768,0.3974313735961914,0.3383488655090332,0.010676145553588867,0.0051250457763671875
1256,0,0.5009230769230771,928,1000,2,2,256.0,0,1,1,0,2,1.588710069656372,0.5971181392669678,0.39818716049194336,0.3386983871459961,0.01069021224975586,0.005128145217895508
1257,0,0.5009230769230771,928,1000,3,3,457.0,0,0,0,0,0,1.5897982120513916,0.5980010032653809,0.39818763732910156,0.3386983871459961,0.01070857048034668,0.005132198333740234
1258,0,0.5009230769230771,928,1000,2,2,458.0,0,0,2,0,2,1.5915255546569824,0.5984761714935303,0.3989450931549072,0.33905506134033203,0.010717153549194336,0.005134105682373047
1259,0,0.5009230769230771,928,1000,2,2,259.0,0,0,2,0,2,1.5932846069335938,0.5991356372833252,0.39957165718078613,0.3394174575805664,0.010730266571044922,0.005137443542480469
1260,0,0.5009230769230771,928,1000,2,2,660.0,0,0,2,0,2,1.5950117111206055,0.5997152328491211,0.40018725395202637,0.3397808074951172,0.010742902755737305,0.005140066146850586
1261,0,0.5009230769230771,928,1000,1,1,1261.0,0,0,0,1,1,1.5965406894683838,0.6004576683044434,0.4009134769439697,0.3397808074951172,0.010742902755737305,0.0051424503326416016
1262,0,0.5009230769230771,928,1000,1,1,462.0,0,0,2,0,2,1.5990757942199707,0.6015558242797852,0.40172338485717773,0.3402271270751953,0.010765552520751953,0.005151033401489258
1263,0,0.5009230769230771,928,1000,4,4,463.0,0,0,2,0,2,1.6011769771575928,0.6023945808410645,0.4024684429168701,0.34058570861816406,0.01078653335571289,0.005155801773071289
1264,0,0.5009230769230771,928,1000,3,3,597.3333333333334,0,1,2,0,2,1.6053431034088135,0.6031410694122314,0.4034733772277832,0.34276509284973145,0.01080179214477539,0.005159616470336914
1265,0,0.5009230769230771,929,1000,2,2,465.0,0,0,2,0,1,1.6075124740600586,0.6040973663330078,0.40411853790283203,0.343127965927124,0.010822057723999023,0.005165576934814453
1266,0,0.5009230769230771,929,1000,2,2,466.0,0,1,1,0,2,1.6112794876098633,0.604729175567627,0.404951810836792,0.3452153205871582,0.010837554931640625,0.005168437957763672
1267,0,0.5009230769230771,929,1000,1,1,67.0,0,0,1,0,1,1.6138346195220947,0.6055619716644287,0.40623927116394043,0.3454921245574951,0.010856151580810547,0.0051724910736083984
1268,0,0.5009230769230771,929,1000,3,2,334.6666666666667,0,1,2,0,2,1.616215705871582,0.6065268516540527,0.407027006149292,0.34588623046875,0.010878324508666992,0.005179882049560547
1269,0,0.5009230769230771,929,1000,1,1,869.0,0,0,2,0,2,1.618330478668213,0.607367992401123,0.40778231620788574,0.34624600410461426,0.010895490646362305,0.005182981491088867
1270,0,0.5009230769230771,929,1000,2,2,470.0,0,1,2,0,2,1.622222661972046,0.6080045700073242,0.40863728523254395,0.348416805267334,0.010909318923950195,0.005186319351196289
1271,0,0.5009230769230771,929,1000,1,1,71.0,0,0,1,0,1,1.6239542961120605,0.6087656021118164,0.4092588424682617,0.348618745803833,0.010925769805908203,0.005190849304199219
1272,0,0.5009230769230771,929,1000,2,2,472.0,0,0,1,0,2,1.6258175373077393,0.6094200611114502,0.4099421501159668,0.34897708892822266,0.010939359664916992,0.005193948745727539
1273,0,0.5009230769230771,929,1000,1,1,873.0,0,0,2,0,2,1.6297004222869873,0.6100490093231201,0.4109659194946289,0.35107994079589844,0.010948896408081055,0.005197286605834961
1274,0,0.5009230769230771,929,1000,1,1,874.0,0,0,1,0,1,1.632232666015625,0.611215353012085,0.41179466247558594,0.35146379470825195,0.010969161987304688,0.0052032470703125
1275,0,0.5009230769230771,929,1000,2,2,275.0,0,0,2,0,2,1.634373426437378,0.6120200157165527,0.41257476806640625,0.35185885429382324,0.01099848747253418,0.0052073001861572266
1276,0,0.5009230769230771,929,1000,1,1,1276.0,0,0,0,1,1,1.6359360218048096,0.6128489971160889,0.413222074508667,0.35185885429382324,0.01099848747253418,0.0052111148834228516
1277,0,0.5009230769230771,929,1000,1,1,77.0,0,0,2,0,2,1.639972448348999,0.6137690544128418,0.4140646457672119,0.3539271354675293,0.011013984680175781,0.005227327346801758
1278,0,0.5009230769230771,929,1000,2,2,278.0,0,0,2,0,2,1.643897533416748,0.6146535873413086,0.41490960121154785,0.3559856414794922,0.01103067398071289,0.005230903625488281
1279,0,0.5009230769230771,929,1000,2,2,879.0,0,1,2,0,2,1.645965337753296,0.6153931617736816,0.415679931640625,0.3563578128814697,0.011046886444091797,0.005235433578491211
1280,0,0.5009230769230771,929,1000,2,2,680.0,0,0,2,0,2,1.6488540172576904,0.6167399883270264,0.41655588150024414,0.3568460941314697,0.011075735092163086,0.005239963531494141
1281,0,0.5009230769230771,930,1000,1,1,881.0,0,0,2,0,1,1.6511139869689941,0.6176722049713135,0.41732311248779297,0.3572704792022705,0.01109004020690918,0.0052449703216552734
1282,0,0.5009230769230771,930,1000,2,2,682.0,0,0,2,0,2,1.6534903049468994,0.6185367107391357,0.41817355155944824,0.3577134609222412,0.011116981506347656,0.0052490234375
1283,0,0.5009230769230771,930,1000,1,1,883.0,0,0,2,0,2,1.6555345058441162,0.6194438934326172,0.41880249977111816,0.35809874534606934,0.011132955551147461,0.0052530765533447266
1284,0,0.5009230769230771,930,1000,2,2,484.0,0,0,1,0,1,1.657036542892456,0.6200120449066162,0.4193558692932129,0.35837316513061523,0.011144161224365234,0.005255460739135742
1285,0,0.5009230769230771,931,1000,1,1,1285.0,0,0,0,1,0,1.6578874588012695,0.6205265522003174,0.41965317726135254,0.35837316513061523,0.011144161224365234,0.005257606506347656
1286,0,0.5009230769230771,932,1000,1,1,1286.0,0,0,0,1,0,1.6586682796478271,0.6210036277770996,0.41993021965026855,0.35837316513061523,0.011144161224365234,0.005259513854980469
1287,0,0.5009230769230771,932,1000,1,1,487.0,0,0,2,0,2,1.6603059768676758,0.6214704513549805,0.420581579208374,0.358778715133667,0.011159181594848633,0.005260944366455078
1288,0,0.5009230769230771,932,1000,2,2,888.0,0,0,2,0,2,1.6646389961242676,0.6220309734344482,0.42189693450927734,0.36108827590942383,0.011172056198120117,0.005263328552246094
1289,0,0.5009230769230771,932,1000,3,3,489.0,0,1,2,0,2,1.6689479351043701,0.6228847503662109,0.4227437973022461,0.36344122886657715,0.011195182800292969,0.00526881217956543
1290,0,0.5009230769230771,932,1000,2,2,890.0,0,0,2,0,2,1.670868158340454,0.6236777305603027,0.42334651947021484,0.3638274669647217,0.011214971542358398,0.005273342132568359
1291,0,0.5009230769230771,932,1000,1,1,491.0,0,0,2,0,2,1.672607660293579,0.6242303848266602,0.42400670051574707,0.364238977432251,0.011224746704101562,0.0052759647369384766
1292,0,0.5009230769230771,932,1000,1,1,892.0,0,0,2,0,2,1.6743497848510742,0.6248657703399658,0.42467212677001953,0.3645823001861572,0.011235475540161133,0.005278825759887695
1293,0,0.5009230769230771,932,1000,1,1,493.0,0,0,2,0,2,1.6761105060577393,0.6254606246948242,0.42534947395324707,0.36494970321655273,0.011246442794799805,0.005281925201416016
1294,0,0.5009230769230771,932,1000,2,2,894.0,0,1,1,0,2,1.6779239177703857,0.6260716915130615,0.4259786605834961,0.36533188819885254,0.011260271072387695,0.005284547805786133
1295,0,0.5009230769230771,931,1000,1,1,895.0,0,0,1,0,2,1.679952621459961,0.6266412734985352,0.4270055294036865,0.3656606674194336,0.011270761489868164,0.005287647247314453
1296,0,0.5009230769230771,932,1000,1,1,96.0,0,0,2,0,1,1.682560682296753,0.627748966217041,0.42786693572998047,0.3661468029022217,0.011295080184936523,0.0052947998046875
1297,0,0.5009230769230771,933,1000,1,1,897.0,0,0,2,0,1,1.6848804950714111,0.6286120414733887,0.42873430252075195,0.36656761169433594,0.011318206787109375,0.005299568176269531
1298,0,0.5009230769230771,933,1000,3,3,631.3333333333334,0,0,2,0,2,1.6872260570526123,0.6294920444488525,0.4295682907104492,0.36698412895202637,0.011342525482177734,0.005305290222167969
1299,0,0.5009230769230771,934,1000,2,2,365.6666666666667,0,0,1,0,1,1.6890106201171875,0.6301252841949463,0.4302074909210205,0.3673362731933594,0.011356592178344727,0.005309104919433594
1300,0,0.5009230769230771,933,1000,1,1,500.0,0,0,1,0,2,1.6905789375305176,0.6307570934295654,0.4307985305786133,0.3675661087036133,0.011366128921508789,0.005312204360961914
1301,0,0.5009230769230771,932,1000,2,2,301.0,0,0,1,0,2,1.692171573638916,0.6313791275024414,0.43144869804382324,0.36777257919311523,0.011378288269042969,0.005313873291015625
1302,0,0.5009230769230771,932,1000,2,1,1302.0,0,0,0,1,1,1.6931195259094238,0.6319580078125,0.4317755699157715,0.36777257919311523,0.011378288269042969,0.005316495895385742
1303,0,0.5009230769230771,932,1000,1,1,503.0,0,0,2,0,2,1.6947569847106934,0.6324074268341064,0.43245863914489746,0.36815667152404785,0.011390447616577148,0.0053179264068603516
1304,0,0.5009230769230771,932,1000,2,2,904.0,0,0,2,0,2,1.6980135440826416,0.6330087184906006,0.43425440788269043,0.3688187599182129,0.011415719985961914,0.005320310592651367
1305,0,0.5009230769230771,932,1000,1,1,1305.0,0,0,0,1,1,1.6996493339538574,0.633979320526123,0.43483805656433105,0.3688187599182129,0.011415719985961914,0.00533747673034668
1306,0,0.5009230769230771,932,1000,2,1,106.0,0,0,2,0,2,1.7024059295654297,0.6349470615386963,0.4359893798828125,0.3692762851715088,0.011438369750976562,0.005342245101928711
1307,0,0.5009230769230771,932,1000,2,1,507.0,0,0,2,0,2,1.7047019004821777,0.6359047889709473,0.4367804527282715,0.3696591854095459,0.011456012725830078,0.0053479671478271484
1308,0,0.5009230769230771,932,1000,3,3,774.6666666666666,0,0,2,0,2,1.7066528797149658,0.6365993022918701,0.4375026226043701,0.37004780769348145,0.011472463607788086,0.005351543426513672
1309,0,0.5009230769230771,932,1000,2,2,509.0,0,0,2,0,2,1.7086381912231445,0.6373286247253418,0.43824219703674316,0.37043237686157227,0.0114898681640625,0.005355119705200195
1310,0,0.5009230769230771,932,1000,3,3,510.0,0,1,0,0,2,1.710439920425415,0.6379866600036621,0.4388916492462158,0.370755672454834,0.011506080627441406,0.005357503890991211
1311,0,0.5009230769230771,932,1000,1,1,111.0,0,0,0,0,0,1.711139440536499,0.6385698318481445,0.4388918876647949,0.370755672454834,0.011516094207763672,0.005359649658203125
1312,0,0.5009230769230771,933,1000,2,2,429.3333333333333,0,0,1,0,1,1.7136924266815186,0.639096736907959,0.4404582977294922,0.37108278274536133,0.011525154113769531,0.005361080169677734
1313,0,0.5009230769230771,933,1000,3,3,513.0,0,1,2,0,2,1.7169153690338135,0.6401815414428711,0.44179630279541016,0.37161850929260254,0.011554718017578125,0.005370140075683594
1314,0,0.5009230769230771,933,1000,1,1,114.0,0,0,2,0,2,1.7192316055297852,0.6411645412445068,0.44256591796875,0.3720088005065918,0.011574268341064453,0.005376338958740234
1315,0,0.5009230769230771,934,1000,2,2,715.0,0,0,2,0,1,1.7214124202728271,0.6420450210571289,0.4432821273803711,0.372424840927124,0.011590957641601562,0.005380392074584961
1316,0,0.5009230769230771,934,1000,1,1,116.0,0,0,2,0,2,1.72340989112854,0.6428399085998535,0.4440040588378906,0.3727841377258301,0.011605024337768555,0.00538325309753418
1317,0,0.5009230769230771,934,1000,1,1,517.0,0,0,2,0,2,1.725219488143921,0.6434898376464844,0.44469189643859863,0.37312793731689453,0.011617183685302734,0.005385637283325195
1318,0,0.5009230769230771,935,1000,1,1,118.0,0,0,2,0,1,1.7269887924194336,0.6441254615783691,0.44533801078796387,0.3734884262084961,0.011628866195678711,0.005389213562011719
1319,0,0.5009230769230771,934,1000,1,1,519.0,0,0,1,0,2,1.7292394638061523,0.6447558403015137,0.4462742805480957,0.3739299774169922,0.011644124984741211,0.005392551422119141
1320,0,0.5009230769230771,934,1000,1,1,920.0,0,0,2,0,2,1.7322680950164795,0.6461119651794434,0.44721555709838867,0.3744618892669678,0.011670112609863281,0.005399227142333984
1321,0,0.5009230769230771,934,1000,2,2,387.6666666666667,0,0,2,0,2,1.7364463806152344,0.6470928192138672,0.4480922222137451,0.3765993118286133,0.011690378189086914,0.0054073333740234375
1322,0,0.5009230769230771,934,1000,2,2,722.0,0,0,0,0,0,1.7373459339141846,0.6478667259216309,0.4480926990509033,0.3765993118286133,0.011710166931152344,0.005411386489868164
1323,0,0.5009230769230771,934,1000,1,1,923.0,0,0,1,0,1,1.740753412246704,0.6483328342437744,0.44890546798706055,0.3786029815673828,0.01171565055847168,0.005413532257080078
1324,0,0.5009230769230771,934,1000,3,2,324.0,0,0,2,0,2,1.742875337600708,0.6491405963897705,0.44971704483032227,0.3789553642272949,0.01173853874206543,0.005418539047241211
1325,0,0.5009230769230771,934,1000,2,2,925.0,0,1,2,0,2,1.7450785636901855,0.6499948501586914,0.4504849910736084,0.3793370723724365,0.011759519577026367,0.005422830581665039
1326,0,0.5009230769230771,934,1000,1,1,926.0,0,0,2,0,2,1.7481648921966553,0.6510205268859863,0.451526403427124,0.3801908493041992,0.011780977249145508,0.005425930023193359
1327,0,0.5009230769230771,934,1000,1,1,927.0,0,0,1,0,1,1.7503643035888672,0.6519775390625,0.45229649543762207,0.3804929256439209,0.011802911758422852,0.00543212890625
1328,0,0.5009230769230771,934,1000,1,1,528.0,0,0,2,0,2,1.7524034976959229,0.6527950763702393,0.4530184268951416,0.3808622360229492,0.011816024780273438,0.0054361820220947266
1329,0,0.5009230769230771,934,1000,1,1,129.0,0,0,1,0,1,1.7560429573059082,0.6535935401916504,0.45377278327941895,0.38279223442077637,0.011830329895019531,0.0054395198822021484
1330,0,0.5009230769230771,934,1000,3,3,663.3333333333334,0,0,2,0,2,1.7579338550567627,0.6542925834655762,0.4544389247894287,0.3831801414489746,0.011847496032714844,0.00544285774230957
1331,0,0.5009230769230771,933,1000,3,2,797.6666666666666,0,0,1,0,2,1.7607367038726807,0.6549556255340576,0.4556117057800293,0.3837122917175293,0.011861562728881836,0.005445957183837891
1332,0,0.5009230769230771,933,1000,3,3,665.3333333333334,0,1,1,0,2,1.7641639709472656,0.6559820175170898,0.4571835994720459,0.3842895030975342,0.011888504028320312,0.005451202392578125
1333,0,0.5009230769230771,933,1000,1,1,933.0,0,0,2,0,2,1.7690415382385254,0.6571626663208008,0.4580988883972168,0.38683438301086426,0.01191091537475586,0.005469560623168945
1334,0,0.5009230769230771,933,1000,2,2,334.0,0,0,2,0,2,1.7713117599487305,0.6581447124481201,0.45877575874328613,0.38722681999206543,0.011931896209716797,0.005475521087646484
1335,0,0.5009230769230771,933,1000,1,1,135.0,0,0,2,0,2,1.7732665538787842,0.6588408946990967,0.45949673652648926,0.38761138916015625,0.011946439743041992,0.005478858947753906
1336,0,0.5009230769230771,933,1000,1,1,536.0,0,0,2,0,2,1.7759220600128174,0.6595251560211182,0.46075916290283203,0.3881998062133789,0.011956930160522461,0.0054819583892822266
1337,0,0.5009230769230771,933,1000,1,1,1337.0,0,0,0,1,1,1.777665138244629,0.6605861186981201,0.4613621234893799,0.3881998062133789,0.011956930160522461,0.005491018295288086
1338,0,0.5009230769230771,932,1000,1,1,938.0,0,0,1,0,2,1.7812728881835938,0.6613762378692627,0.4634671211242676,0.3887295722961426,0.011976480484008789,0.0054950714111328125
1339,0,0.5009230769230771,932,1000,3,3,405.6666666666667,0,0,1,0,2,1.7843694686889648,0.6626582145690918,0.4645395278930664,0.38922595977783203,0.012008190155029297,0.005502939224243164
1340,0,0.5009230769230771,931,1000,2,2,806.6666666666666,0,0,1,0,2,1.7863662242889404,0.663482666015625,0.4652557373046875,0.3895413875579834,0.012025117874145508,0.005507230758666992
1341,0,0.5009230769230771,931,1000,2,2,341.0,0,0,2,0,2,1.7882413864135742,0.6642453670501709,0.4658973217010498,0.38989973068237305,0.012038707733154297,0.005510807037353516
1342,0,0.5009230769230771,931,1000,1,1,1342.0,0,0,0,1,1,1.7891809940338135,0.6648259162902832,0.46621203422546387,0.38989973068237305,0.012038707733154297,0.0055141448974609375
1343,0,0.5009230769230771,931,1000,2,2,409.6666666666667,0,0,1,0,2,1.7916312217712402,0.6653347015380859,0.46750926971435547,0.39037084579467773,0.01205301284790039,0.00551605224609375
1344,0,0.5009230769230771,930,1000,2,2,544.0,0,0,1,0,2,1.7938601970672607,0.6662743091583252,0.4683196544647217,0.39068126678466797,0.012077808380126953,0.005522251129150391
1345,0,0.5009230769230771,930,1000,2,2,411.6666666666667,0,0,1,0,2,1.7960941791534424,0.6669723987579346,0.4693176746368408,0.3910222053527832,0.012092351913452148,0.005526065826416016
1346,0,0.5009230769230771,930,1000,1,1,546.0,0,0,2,0,2,1.7993581295013428,0.6685225963592529,0.4702892303466797,0.3915688991546631,0.012115716934204102,0.005539655685424805
1347,0,0.5009230769230771,930,1000,3,3,547.0,0,1,1,0,2,1.8017613887786865,0.6694579124450684,0.47112488746643066,0.39198946952819824,0.012135505676269531,0.00554656982421875
1348,0,0.5009230769230771,929,1000,1,1,148.0,0,0,1,0,2,1.8036892414093018,0.6702704429626465,0.4719076156616211,0.39220118522644043,0.012150287628173828,0.0055506229400634766
1349,0,0.5009230769230771,929,1000,1,1,149.0,0,0,1,0,1,1.805298089981079,0.6709394454956055,0.4725193977355957,0.39241957664489746,0.0121612548828125,0.005553722381591797
1350,0,0.5009230769230771,930,1000,2,2,550.0,0,1,2,0,1,1.8073155879974365,0.6715071201324463,0.4733603000640869,0.39285826683044434,0.012172937393188477,0.0055561065673828125
1351,0,0.5009230769230771,929,1000,1,1,551.0,0,0,1,0,2,1.8095815181732178,0.6723630428314209,0.4742774963378906,0.3931763172149658,0.012194156646728516,0.0055615901947021484
1352,0,0.5009230769230771,929,1000,1,1,1352.0,0,0,0,1,1,1.8110766410827637,0.6732754707336426,0.47479915618896484,0.3931763172149658,0.012194156646728516,0.0055658817291259766
1353,0,0.5009230769230771,928,1000,1,1,953.0,0,0,1,0,2,1.814284324645996,0.6739528179168701,0.47683095932006836,0.3935565948486328,0.012208938598632812,0.0055696964263916016
1354,0,0.5009230769230771,928,1000,1,1,554.0,0,0,0,0,0,1.8153517246246338,0.6748614311218262,0.47683143615722656,0.3935565948486328,0.01222848892211914,0.005576133728027344
1355,0,0.5009230769230771,928,1000,1,1,555.0,0,0,2,0,2,1.8173255920410156,0.6753733158111572,0.4778308868408203,0.39393138885498047,0.012235641479492188,0.005578041076660156
1356,0,0.5009230769230771,930,1000,2,2,756.0,0,0,2,0,0,1.8193376064300537,0.676140308380127,0.4784867763519287,0.39432644844055176,0.0122528076171875,0.00558161735534668
1357,0,0.5009230769230771,930,1000,1,1,1357.0,0,0,0,1,1,1.8203089237213135,0.6767737865447998,0.4787864685058594,0.39432644844055176,0.0122528076171875,0.005584716796875
1358,0,0.5009230769230771,930,1000,1,1,958.0,0,0,2,0,2,1.822066068649292,0.6772646903991699,0.47953248023986816,0.39472246170043945,0.012266874313354492,0.005586147308349609
1359,0,0.5009230769230771,930,1000,2,2,359.0,0,1,1,0,2,1.8241326808929443,0.6780683994293213,0.48018956184387207,0.3951141834259033,0.01228642463684082,0.005590200424194336
1360,0,0.5009230769230771,929,1000,1,1,160.0,0,0,1,0,2,1.8256797790527344,0.678673267364502,0.48082852363586426,0.3953056335449219,0.012298107147216797,0.005593299865722656
1361,0,0.5009230769230771,929,1000,2,2,961.0,0,1,2,0,2,1.827444076538086,0.6792440414428711,0.4814600944519043,0.39568495750427246,0.012309789657592773,0.0055959224700927734
1362,0,0.5009230769230771,928,1000,3,3,462.0,0,0,1,0,2,1.8293490409851074,0.6798744201660156,0.48239898681640625,0.3958778381347656,0.012323141098022461,0.005610227584838867
1363,0,0.5009230769230771,928,1000,1,1,563.0,0,0,0,0,0,1.830824375152588,0.681107759475708,0.48240041732788086,0.3958778381347656,0.012354135513305664,0.005619049072265625
1364,0,0.5009230769230771,928,1000,1,1,564.0,0,0,2,0,2,1.8331949710845947,0.6820518970489502,0.48328495025634766,0.39628028869628906,0.012363195419311523,0.005625486373901367
1365,0,0.5009230769230771,928,1000,1,1,165.0,0,0,1,0,1,1.8355302810668945,0.6832363605499268,0.48407673835754395,0.39650630950927734,0.012378692626953125,0.005631208419799805
1366,0,0.5009230769230771,928,1000,1,1,966.0,0,0,2,0,2,1.8384191989898682,0.6842403411865234,0.4852578639984131,0.3969902992248535,0.012400388717651367,0.0056915283203125
1367,0,0.5009230769230771,928,1000,2,2,767.0,0,0,2,0,2,1.841172456741333,0.6852490901947021,0.48627161979675293,0.3975348472595215,0.012423515319824219,0.0056972503662109375
1368,0,0.5009230769230771,929,1000,1,1,168.0,0,0,1,0,0,1.8435287475585938,0.6861710548400879,0.48722147941589355,0.397841215133667,0.012444496154785156,0.005701780319213867
1369,0,0.5009230769230771,929,1000,1,1,1369.0,0,0,0,1,1,1.844872236251831,0.6869947910308838,0.48768091201782227,0.397841215133667,0.012444496154785156,0.005705833435058594
1370,0,0.5009230769230771,929,1000,2,2,570.0,0,0,2,0,2,1.8480961322784424,0.6877586841583252,0.4891641139984131,0.39861178398132324,0.012471437454223633,0.005708932876586914
1371,0,0.5009230769230771,928,1000,1,1,571.0,0,0,1,0,2,1.8509740829467773,0.6888985633850098,0.49036097526550293,0.3989722728729248,0.012491941452026367,0.005715847015380859
1372,0,0.5009230769230771,928,1000,1,1,1372.0,0,0,0,1,1,1.852830410003662,0.6901028156280518,0.49094295501708984,0.3989722728729248,0.012491941452026367,0.005721569061279297
1373,0,0.5009230769230771,928,1000,2,1,173.0,0,0,2,0,2,1.855924367904663,0.6911184787750244,0.4922525882720947,0.3995187282562256,0.012513160705566406,0.005726337432861328
1374,0,0.5009230769230771,928,1000,3,3,574.0,0,0,2,0,2,1.8606266975402832,0.6925649642944336,0.49312520027160645,0.4016861915588379,0.012540578842163086,0.005732536315917969
1375,0,0.5009230769230771,928,1000,2,2,575.0,0,0,2,0,2,1.8654389381408691,0.6935055255889893,0.4940321445465088,0.404451847076416,0.012562274932861328,0.005738019943237305
1376,0,0.5009230769230771,927,1000,1,1,976.0,0,0,1,0,2,1.8682758808135986,0.69472336769104,0.4950103759765625,0.4049062728881836,0.01258707046508789,0.005744457244873047
1377,0,0.5009230769230771,927,1000,1,1,577.0,0,0,2,0,2,1.870466947555542,0.6956841945648193,0.4956851005554199,0.40529608726501465,0.012604951858520508,0.005749702453613281
1378,0,0.5009230769230771,927,1000,2,1,178.0,0,0,2,0,2,1.8724510669708252,0.6963536739349365,0.49645042419433594,0.40570640563964844,0.012618303298950195,0.0057528018951416016
1379,0,0.5009230769230771,928,1000,2,1,1379.0,0,0,0,1,0,1.8740761280059814,0.6974127292633057,0.49695467948913574,0.40570640563964844,0.012618303298950195,0.00575709342956543
1380,0,0.5009230769230771,928,1000,2,2,580.0,0,0,1,0,2,1.8760039806365967,0.6980690956115723,0.49764275550842285,0.40608739852905273,0.012636423110961914,0.005761146545410156
1381,0,0.5009230769230771,928,1000,2,2,447.6666666666667,0,0,2,0,2,1.8777244091033936,0.6986010074615479,0.49831509590148926,0.40648388862609863,0.012649297714233398,0.0057637691497802734
1382,0,0.5009230769230771,928,1000,2,2,582.0,0,0,2,0,2,1.8797221183776855,0.6991729736328125,0.49928712844848633,0.40682435035705566,0.01266169548034668,0.005766153335571289
1383,0,0.5009230769230771,928,1000,3,3,583.0,0,0,2,0,2,1.8824150562286377,0.7003705501556396,0.5001449584960938,0.40724635124206543,0.012689590454101562,0.005773067474365234
1384,0,0.5009230769230771,928,1000,1,1,984.0,0,0,2,0,2,1.8853178024291992,0.70155930519104,0.5010807514190674,0.407787561416626,0.012722492218017578,0.0057773590087890625
1385,0,0.5009230769230771,927,1000,1,1,185.0,0,0,1,0,2,1.887524127960205,0.7026262283325195,0.5018372535705566,0.4080164432525635,0.012740135192871094,0.005783796310424805
1386,0,0.5009230769230771,927,1000,2,2,386.0,0,0,2,0,2,1.8893489837646484,0.7032794952392578,0.5025150775909424,0.40839266777038574,0.01275324821472168,0.005786895751953125
1387,0,0.5009230769230771,928,1000,2,2,787.0,0,1,2,0,1,1.891240119934082,0.7039432525634766,0.5031764507293701,0.4087715148925781,0.01276707649230957,0.005789756774902344
1388,0,0.5009230769230771,928,1000,1,1,988.0,0,0,2,0,2,1.894794225692749,0.7045209407806396,0.5039434432983398,0.4108419418334961,0.012777566909790039,0.005793094635009766
1389,0,0.5009230769230771,929,1000,1,1,989.0,0,0,2,0,1,1.897432565689087,0.7052645683288574,0.5052781105041504,0.41126465797424316,0.012796163558959961,0.0057964324951171875
1390,0,0.5009230769230771,929,1000,2,1,190.0,0,0,1,0,1,1.9000897407531738,0.706493616104126,0.506169319152832,0.4116172790527344,0.012815713882446289,0.005802631378173828
1391,0,0.5009230769230771,929,1000,1,1,991.0,0,0,2,0,2,1.9021916389465332,0.7073884010314941,0.5068597793579102,0.41197705268859863,0.012833356857299805,0.005807638168334961
1392,0,0.5009230769230771,930,1000,3,3,592.0,0,0,2,0,1,1.9038960933685303,0.7079522609710693,0.5074789524078369,0.41233396530151367,0.012848138809204102,0.005810737609863281
1393,0,0.5009230769230771,930,1000,2,2,993.0,0,0,2,0,2,1.9060559272766113,0.7084839344024658,0.5082497596740723,0.4129929542541504,0.012859821319580078,0.0058138370513916016
1394,0,0.5009230769230771,930,1000,2,2,994.0,0,0,2,0,2,1.9081625938415527,0.7092738151550293,0.5090336799621582,0.4133760929107666,0.01287984848022461,0.00581812858581543
1395,0,0.5009230769230771,930,1000,2,2,395.0,0,0,2,0,2,1.9102723598480225,0.7099728584289551,0.5098891258239746,0.4137437343597412,0.012894630432128906,0.005821704864501953
1396,0,0.5009230769230771,932,1000,3,2,596.0,0,0,2,0,0,1.9121572971343994,0.7106683254241943,0.5105881690979004,0.41409826278686523,0.01291036605834961,0.005825042724609375
1397,0,0.5009230769230771,932,1000,3,3,797.0,0,0,1,0,1,1.9149887561798096,0.7117574214935303,0.5115039348602295,0.4147019386291504,0.012937307357788086,0.005830049514770508
1398,0,0.5009230769230771,932,1000,3,3,598.0,0,0,2,0,2,1.917456865310669,0.7127127647399902,0.5123834609985352,0.4151477813720703,0.012969017028808594,0.005836009979248047
1399,0,0.5009230769230771,932,1000,1,1,1399.0,0,0,0,1,1,1.918694019317627,0.7135372161865234,0.5127336978912354,0.4151477813720703,0.012969017028808594,0.0058405399322509766
1400,0,0.5009230769230771,932,1000,2,2,1000.0,0,0,2,0,2,1.9203581809997559,0.7140471935272217,0.5133776664733887,0.41552162170410156,0.012985944747924805,0.005843400955200195
1401,0,0.5009230769230771,932,1000,1,1,601.0,0,0,2,0,2,1.9221031665802002,0.7145915031433105,0.5140738487243652,0.4159054756164551,0.012996673583984375,0.0058460235595703125
1402,0,0.5009230769230771,932,1000,2,2,802.0,0,0,2,0,2,1.9237964153289795,0.7152252197265625,0.5146870613098145,0.41623592376708984,0.013007640838623047,0.005848407745361328
1403,0,0.5009230769230771,932,1000,2,2,603.0,0,0,2,0,2,1.9254326820373535,0.7157320976257324,0.5153422355651855,0.41661620140075684,0.013017892837524414,0.005850791931152344
1404,0,0.5009230769230771,932,1000,1,1,204.0,0,0,0,0,0,1.926192283630371,0.7163810729980469,0.5153429508209229,0.41661620140075684,0.013028383255004883,0.0058536529541015625
1405,0,0.5009230769230771,931,1000,2,2,1005.0,0,0,1,0,2,1.927682638168335,0.7167918682098389,0.5160493850708008,0.416903018951416,0.01303553581237793,0.005855083465576172
1406,0,0.5009230769230771,931,1000,2,2,1006.0,0,0,2,0,2,1.930565357208252,0.717329740524292,0.5178587436676025,0.41733217239379883,0.013046026229858398,0.0058574676513671875
1407,0,0.5009230769230771,932,1000,2,2,1007.0,0,0,2,0,1,1.9332516193389893,0.7184829711914062,0.5187466144561768,0.4177591800689697,0.01307225227355957,0.005866289138793945
1408,0,0.5009230769230771,931,1000,1,1,608.0,0,0,1,0,2,1.9354653358459473,0.7194633483886719,0.519566535949707,0.41802263259887695,0.013088703155517578,0.005873203277587891
1409,0,0.5009230769230771,931,1000,1,1,1409.0,0,0,0,1,1,1.9367170333862305,0.7203755378723145,0.5198554992675781,0.41802263259887695,0.013088703155517578,0.005876779556274414
1410,0,0.5009230769230771,931,1000,1,1,210.0,0,0,2,0,2,1.9383349418640137,0.7208905220031738,0.5204746723175049,0.4183919429779053,0.013101339340209961,0.0058782100677490234
1411,0,0.5009230769230771,931,1000,2,2,860.5,0,0,2,0,2,1.9398736953735352,0.7213892936706543,0.5210998058319092,0.41870617866516113,0.013127803802490234,0.0058803558349609375
1412,0,0.5009230769230771,932,1000,2,2,1012.0,0,0,2,0,1,1.9415969848632812,0.7219836711883545,0.521723747253418,0.41904711723327637,0.013138055801391602,0.005883216857910156
1413,0,0.5009230769230771,932,1000,2,2,813.0,0,1,1,0,2,1.9433517456054688,0.7225441932678223,0.5223789215087891,0.4194142818450928,0.01314997673034668,0.005885601043701172
1414,0,0.5009230769230771,932,1000,2,2,1014.0,0,1,1,0,2,1.945133924484253,0.7231309413909912,0.5230960845947266,0.4197394847869873,0.013161420822143555,0.005888462066650391
1415,0,0.5009230769230771,933,1000,1,1,1015.0,0,0,2,0,1,1.9482965469360352,0.7244160175323486,0.5241825580596924,0.420290470123291,0.013190031051635742,0.005893230438232422
1416,0,0.5009230769230771,933,1000,1,1,1016.0,0,0,1,0,1,1.9509141445159912,0.725468635559082,0.5249888896942139,0.4208641052246094,0.013213396072387695,0.005899906158447266
1417,0,0.5009230769230771,933,1000,1,1,1417.0,0,0,0,1,1,1.9520699977874756,0.7262663841247559,0.525299072265625,0.4208641052246094,0.013213396072387695,0.005906343460083008
1418,0,0.5009230769230771,933,1000,2,2,818.0,0,0,1,0,2,1.953658103942871,0.7267570495605469,0.5259273052215576,0.4211845397949219,0.01323080062866211,0.0059092044830322266
1419,0,0.5009230769230771,933,1000,2,2,619.0,0,0,2,0,2,1.9555420875549316,0.7273797988891602,0.5266509056091309,0.4215407371520996,0.013245344161987305,0.005911827087402344
1420,0,0.5009230769230771,934,1000,2,2,620.0,0,0,2,0,1,1.9592461585998535,0.7279806137084961,0.5274484157562256,0.423691987991333,0.013258934020996094,0.005915164947509766
1421,0,0.5009230769230771,934,1000,1,1,1421.0,0,0,0,1,1,1.960559606552124,0.7288243770599365,0.5278635025024414,0.423691987991333,0.013258934020996094,0.005919694900512695
1422,0,0.5009230769230771,934,1000,1,1,1422.0,0,0,0,1,1,1.9629032611846924,0.7303483486175537,0.5285964012145996,0.423691987991333,0.013258934020996094,0.0059239864349365234
1423,0,0.5009230769230771,933,1000,3,3,723.0,0,0,1,0,2,1.965446949005127,0.731553316116333,0.529426097869873,0.4240119457244873,0.013283729553222656,0.005930185317993164
1424,0,0.5009230769230771,933,1000,1,1,1424.0,0,0,0,1,1,1.9670484066009521,0.7324557304382324,0.5300455093383789,0.4240119457244873,0.013283729553222656,0.005934238433837891
1425,0,0.5009230769230771,933,1000,1,1,1025.0,0,0,2,0,2,1.9691195487976074,0.7332413196563721,0.5308144092559814,0.424365758895874,0.013299703598022461,0.005938529968261719
1426,0,0.5009230769230771,933,1000,1,1,1426.0,0,0,0,1,1,1.9701836109161377,0.733924388885498,0.5311501026153564,0.424365758895874,0.013299703598022461,0.005941867828369141
1427,0,0.5009230769230771,934,1000,1,1,1027.0,0,0,2,0,1,1.9717323780059814,0.7344000339508057,0.5317575931549072,0.4247119426727295,0.013311147689819336,0.005943775177001953
1428,0,0.5009230769230771,936,1000,2,2,828.0,0,0,2,0,0,1.9734790325164795,0.7350080013275146,0.5323951244354248,0.4250469207763672,0.013326406478881836,0.0059468746185302734
1429,0,0.5009230769230771,936,1000,2,2,429.0,0,0,2,0,2,1.9756085872650146,0.7356104850769043,0.5334212779998779,0.4253809452056885,0.013339757919311523,0.005949974060058594
1430,0,0.5009230769230771,936,1000,1,1,1030.0,0,0,0,0,0,1.9765496253967285,0.7364237308502197,0.5334217548370361,0.4253809452056885,0.01335597038269043,0.005956172943115234
1431,0,0.5009230769230771,936,1000,3,2,1031.0,0,0,0,0,0,1.9771513938903809,0.7369561195373535,0.5334224700927734,0.4253809452056885,0.013364791870117188,0.005957603454589844
1432,0,0.5009230769230771,937,1000,1,1,1432.0,0,0,0,1,0,1.9780552387237549,0.7373569011688232,0.5338928699493408,0.4253809452056885,0.013364791870117188,0.005959272384643555
1433,0,0.5009230769230771,938,1000,1,1,633.0,0,0,2,0,1,1.9806334972381592,0.7380669116973877,0.5350241661071777,0.4259343147277832,0.013400554656982422,0.005960702896118164
1434,0,0.5009230769230771,938,1000,2,2,834.0,0,0,2,0,2,1.9834306240081787,0.7390472888946533,0.536123514175415,0.42641425132751465,0.01342320442199707,0.005967378616333008
1435,0,0.5009230769230771,939,1000,1,1,1435.0,0,0,0,1,0,1.9846229553222656,0.7398438453674316,0.5364692211151123,0.42641425132751465,0.01342320442199707,0.005972862243652344
1436,0,0.5009230769230771,939,1000,1,1,1436.0,0,0,0,1,1,1.9854590892791748,0.7403163909912109,0.5368008613586426,0.42641425132751465,0.01342320442199707,0.005975246429443359
1437,0,0.5009230769230771,938,1000,1,1,1037.0,0,0,1,0,2,1.9870009422302246,0.7407522201538086,0.5374767780303955,0.42671632766723633,0.013438940048217773,0.00597691535949707
1438,0,0.5009230769230771,939,1000,1,1,238.0,0,0,2,0,1,1.9891915321350098,0.7413573265075684,0.5386006832122803,0.4270467758178711,0.013450145721435547,0.0059795379638671875
1439,0,0.5009230769230771,939,1000,2,2,639.0,0,1,2,0,2,1.99129319190979,0.7420761585235596,0.5393822193145752,0.42742323875427246,0.013483047485351562,0.005983829498291016
1440,0,0.5009230769230771,939,1000,2,2,640.0,0,0,2,0,2,1.9933054447174072,0.7428839206695557,0.5400533676147461,0.42780494689941406,0.013503551483154297,0.00598907470703125
1441,0,0.5009230769230771,939,1000,3,3,1031.0,0,0,2,0,2,1.994992971420288,0.7435073852539062,0.5406873226165771,0.4281189441680908,0.013517379760742188,0.005991935729980469
1442,0,0.5009230769230771,940,1000,1,1,1442.0,0,0,0,1,0,1.996781826019287,0.7442498207092285,0.5416533946990967,0.4281189441680908,0.013517379760742188,0.005994319915771484
1443,0,0.5009230769230771,940,1000,1,1,643.0,0,0,2,0,2,1.999288558959961,0.7452833652496338,0.542510986328125,0.4285242557525635,0.013543367385864258,0.006006002426147461
1444,0,0.5009230769230771,940,1000,4,4,744.0,0,1,2,0,2,2.00146484375,0.7461168766021729,0.5432629585266113,0.4289109706878662,0.013565778732299805,0.006009578704833984
1445,0,0.5009230769230771,939,1000,3,3,945.0,0,0,1,0,2,2.0032060146331787,0.7468283176422119,0.543921947479248,0.4291665554046631,0.013581514358520508,0.006013154983520508
1446,0,0.5009230769230771,938,1000,1,1,1046.0,0,0,1,0,2,2.0048842430114746,0.7474043369293213,0.5446295738220215,0.42944955825805664,0.013593435287475586,0.00601649284362793
1447,0,0.5009230769230771,939,1000,3,2,647.0,0,0,2,0,1,2.0070157051086426,0.7481639385223389,0.5453939437866211,0.4299352169036865,0.013608455657958984,0.00601959228515625
1448,0,0.5009230769230771,938,1000,1,1,1048.0,0,0,1,0,2,2.0088517665863037,0.7488906383514404,0.546088695526123,0.43021368980407715,0.013623714447021484,0.00602412223815918
1449,0,0.5009230769230771,939,1000,1,1,1049.0,0,0,2,0,1,2.010524034500122,0.7494447231292725,0.5467283725738525,0.43058252334594727,0.013631105422973633,0.0060272216796875
1450,0,0.5009230769230771,940,1000,3,3,783.3333333333334,0,0,2,0,1,2.012268543243408,0.7499558925628662,0.5474164485931396,0.43093276023864746,0.013640403747558594,0.006029367446899414
1451,0,0.5009230769230771,940,1000,2,2,651.0,0,1,1,0,2,2.0157480239868164,0.7511353492736816,0.5486083030700684,0.4316411018371582,0.013677120208740234,0.006033420562744141
1452,0,0.5009230769230771,940,1000,3,3,518.6666666666666,0,0,2,0,2,2.01883602142334,0.7522459030151367,0.5498039722442627,0.43216395378112793,0.013703107833862305,0.0060389041900634766
1453,0,0.5009230769230771,939,1000,2,2,919.6666666666666,0,0,1,0,2,2.021867036819458,0.7534456253051758,0.5506720542907715,0.43286824226379395,0.013734817504882812,0.006043910980224609
1454,0,0.5009230769230771,939,1000,2,2,854.0,0,0,2,0,2,2.023859977722168,0.7542903423309326,0.5513489246368408,0.4331820011138916,0.013753652572631836,0.006049394607543945
1455,0,0.5009230769230771,939,1000,2,1,1455.0,0,0,0,1,1,2.0247690677642822,0.7548537254333496,0.5516514778137207,0.4331820011138916,0.013753652572631836,0.006051778793334961
1456,0,0.5009230769230771,939,1000,1,1,256.0,0,0,2,0,2,2.0264205932617188,0.7553937435150146,0.5523123741149902,0.4335157871246338,0.01376485824584961,0.0060536861419677734
1457,0,0.5009230769230771,939,1000,1,1,1457.0,0,0,0,1,1,2.0273220539093018,0.7559490203857422,0.5526161193847656,0.4335157871246338,0.01376485824584961,0.006056785583496094
1458,0,0.5009230769230771,940,1000,1,1,1058.0,0,0,2,0,1,2.0304503440856934,0.7566571235656738,0.5545070171356201,0.43390417098999023,0.01378178596496582,0.006058454513549805
1459,0,0.5009230769230771,940,1000,2,2,525.6666666666666,0,0,2,0,2,2.034858226776123,0.7581071853637695,0.556483268737793,0.4345531463623047,0.013815641403198242,0.0060694217681884766
1460,0,0.5009230769230771,941,1000,1,1,1060.0,0,0,2,0,1,2.0409278869628906,0.7594995498657227,0.5578153133392334,0.4375729560852051,0.013846874237060547,0.006083250045776367
1461,0,0.5009230769230771,941,1000,1,1,1061.0,0,0,2,0,2,2.0433125495910645,0.7604992389678955,0.5586369037628174,0.43797993659973145,0.01386880874633789,0.006089687347412109
1462,0,0.5009230769230771,941,1000,3,3,928.6666666666666,0,1,2,0,2,2.0475587844848633,0.761580228805542,0.5610988140106201,0.43840527534484863,0.013893365859985352,0.006094694137573242
1463,0,0.5009230769230771,941,1000,1,1,1463.0,0,0,0,1,1,2.049668788909912,0.7628822326660156,0.5618267059326172,0.43840527534484863,0.013893365859985352,0.006103038787841797
1464,0,0.5009230769230771,940,1000,1,1,112.0,0,0,1,0,2,2.052302837371826,0.764035701751709,0.5629026889801025,0.4386415481567383,0.013917684555053711,0.0061070919036865234
1465,0,0.5009230769230771,939,1000,1,1,265.0,0,0,1,0,2,2.0556323528289795,0.765636682510376,0.5638284683227539,0.4391450881958008,0.013949871063232422,0.006114482879638672
1466,0,0.5009230769230771,940,1000,3,3,666.0,0,0,2,0,1,2.0583724975585938,0.7667531967163086,0.5648548603057861,0.43956756591796875,0.013974905014038086,0.006121158599853516
1467,0,0.5009230769230771,940,1000,1,1,1467.0,0,0,0,1,1,2.060232162475586,0.7678637504577637,0.5655372142791748,0.43956756591796875,0.013974905014038086,0.00612640380859375
1468,0,0.5009230769230771,940,1000,1,1,1068.0,0,0,2,0,2,2.064070701599121,0.7691919803619385,0.5668637752532959,0.4404942989349365,0.014003276824951172,0.006134033203125
1469,0,0.5009230769230771,940,1000,1,1,669.0,0,0,2,0,2,2.06676983833313,0.770160436630249,0.5679750442504883,0.44092631340026855,0.01402592658996582,0.006140708923339844
1470,0,0.5009230769230771,940,1000,2,2,870.0,0,0,2,0,2,2.07055401802063,0.7714083194732666,0.5694723129272461,0.4416971206665039,0.014062881469726562,0.006147623062133789
1471,0,0.5009230769230771,939,1000,1,1,1071.0,0,0,1,0,2,2.073214530944824,0.7725350856781006,0.5704460144042969,0.4420340061187744,0.01410675048828125,0.006155252456665039
1472,0,0.5009230769230771,939,1000,1,1,1472.0,0,0,0,1,1,2.0753252506256104,0.7736701965332031,0.571331262588501,0.4420340061187744,0.01410675048828125,0.006160736083984375
1473,0,0.5009230769230771,939,1000,1,1,1073.0,0,0,0,0,0,2.0767598152160645,0.7749359607696533,0.5713326930999756,0.4420340061187744,0.014127254486083984,0.006168842315673828
1474,0,0.5009230769230771,938,1000,2,1,274.0,0,0,1,0,2,2.079216957092285,0.7758457660675049,0.5725340843200684,0.44224095344543457,0.014139175415039062,0.006172895431518555
1475,0,0.5009230769230771,938,1000,2,1,675.0,0,0,2,0,2,2.0831003189086914,0.7775716781616211,0.5735018253326416,0.44298458099365234,0.014165878295898438,0.006193399429321289
1476,0,0.5009230769230771,938,1000,2,2,876.0,0,0,2,0,2,2.086167097091675,0.7786304950714111,0.5747416019439697,0.4434826374053955,0.014191150665283203,0.00619959831237793
1477,0,0.5009230769230771,938,1000,1,1,677.0,0,0,2,0,2,2.0896430015563965,0.7800014019012451,0.5758275985717773,0.44422435760498047,0.01422262191772461,0.006207704544067383
1478,0,0.5009230769230771,939,1000,2,2,544.6666666666666,0,0,2,0,1,2.0949137210845947,0.7810921669006348,0.577423095703125,0.4465816020965576,0.014246940612792969,0.006213665008544922
1479,0,0.5009230769230771,938,1000,1,1,1079.0,0,0,1,0,2,2.0981638431549072,0.7826097011566162,0.5784447193145752,0.4470820426940918,0.01427149772644043,0.006221294403076172
1480,0,0.5009230769230771,938,1000,3,1,1080.0,0,0,2,0,2,2.103782892227173,0.7836794853210449,0.5796170234680176,0.45010900497436523,0.01430368423461914,0.006226062774658203
1481,0,0.5009230769230771,939,1000,1,1,1081.0,0,0,2,0,1,2.1064260005950928,0.7848024368286133,0.5805182456970215,0.4505345821380615,0.014325618743896484,0.006232738494873047
1482,0,0.5009230769230771,939,1000,1,1,1482.0,0,0,0,1,1,2.1089775562286377,0.7863180637359619,0.581456184387207,0.4505345821380615,0.014325618743896484,0.006238222122192383
1483,0,0.5009230769230771,938,1000,4,4,1068.6,0,0,1,0,2,2.1114683151245117,0.7873775959014893,0.5823724269866943,0.45087170600891113,0.01435089111328125,0.00624394416809082
1484,0,0.5009230769230771,938,1000,2,2,1084.0,0,0,2,0,2,2.1172399520874023,0.7887425422668457,0.5834202766418457,0.4538743495941162,0.014387845993041992,0.0062487125396728516
1485,0,0.5009230769230771,938,1000,3,3,951.6666666666666,0,0,2,0,2,2.1210360527038574,0.7899801731109619,0.5851240158081055,0.45444798469543457,0.01442098617553711,0.0062558650970458984
1486,0,0.5009230769230771,939,1000,2,2,486.0,0,0,2,0,1,2.123685836791992,0.7911152839660645,0.5859935283660889,0.4549093246459961,0.014446258544921875,0.006262540817260742
1487,0,0.5009230769230771,939,1000,2,2,1121.0,0,0,2,0,2,2.1270413398742676,0.79219651222229,0.5876874923706055,0.45533037185668945,0.014470338821411133,0.00626826286315918
1488,0,0.5009230769230771,939,1000,2,2,888.0,0,0,2,0,2,2.1307461261749268,0.7932369709014893,0.5897819995880127,0.4557373523712158,0.014492988586425781,0.0062749385833740234
1489,0,0.5009230769230771,939,1000,3,3,955.6666666666666,0,0,2,0,2,2.136200189590454,0.7946112155914307,0.5908482074737549,0.4583292007446289,0.014549016952514648,0.006284475326538086
1490,0,0.5009230769230771,940,1000,2,2,890.0,0,0,2,0,1,2.1397149562835693,0.7957766056060791,0.5925838947296143,0.45876359939575195,0.014577627182006836,0.0062906742095947266
1491,0,0.5009230769230771,939,1000,2,2,1091.0,0,0,1,0,2,2.1423990726470947,0.796893835067749,0.5935876369476318,0.4591529369354248,0.014602899551391602,0.0062978267669677734
1492,0,0.5009230769230771,939,1000,2,2,692.0,0,0,1,0,2,2.14620304107666,0.7978518009185791,0.5955572128295898,0.45978760719299316,0.014622926712036133,0.0063021183013916016
1493,0,0.5009230769230771,938,1000,1,1,293.0,0,0,1,0,2,2.1492257118225098,0.7992470264434814,0.5965766906738281,0.46018052101135254,0.014647960662841797,0.006310224533081055
1494,0,0.5009230769230771,938,1000,2,1,1094.0,0,0,2,0,2,2.1525423526763916,0.8003883361816406,0.5977263450622559,0.46093249320983887,0.014671802520751953,0.0063169002532958984
1495,0,0.5009230769230771,939,1000,2,2,695.0,0,0,1,0,1,2.15570330619812,0.8016684055328369,0.5987446308135986,0.46150636672973633,0.014700174331665039,0.006323099136352539
1496,0,0.5009230769230771,939,1000,2,2,562.6666666666666,0,0,2,0,2,2.1590049266815186,0.8032164573669434,0.599719762802124,0.4620335102081299,0.014729738235473633,0.006328582763671875
1497,0,0.5009230769230771,939,1000,3,3,963.6666666666666,0,1,2,0,2,2.16206431388855,0.8042700290679932,0.6010606288909912,0.46248316764831543,0.014756202697753906,0.006333589553833008
1498,0,0.5009230769230771,939,1000,1,1,298.0,0,0,2,0,2,2.165417194366455,0.805877685546875,0.6019597053527832,0.463106632232666,0.014783620834350586,0.006345272064208984
1499,0,0.5009230769230771,939,1000,2,2,899.0,0,0,2,0,2,2.1686439514160156,0.806891918182373,0.6035325527191162,0.46353697776794434,0.014809846878051758,0.006351470947265625
1500,0,0.5009230769230771,939,1000,2,2,700.0,0,0,1,0,2,2.1712875366210938,0.8078651428222656,0.6044712066650391,0.46401166915893555,0.014833688735961914,0.006358146667480469
1501,0,0.5009230769230771,939,1000,2,2,701.0,0,0,2,0,2,2.1740407943725586,0.8089494705200195,0.6055223941802979,0.46446967124938965,0.014856100082397461,0.0063631534576416016
1502,0,0.5009230769230771,938,1000,2,2,435.3333333333333,0,0,1,0,2,2.178372621536255,0.8099348545074463,0.6064968109130859,0.4665944576263428,0.01488351821899414,0.006367683410644531
1503,0,0.5009230769230771,938,1000,1,1,1503.0,0,0,0,1,1,2.180811643600464,0.8111824989318848,0.6075778007507324,0.4665944576263428,0.01488351821899414,0.006372928619384766
1504,0,0.5009230769230771,938,1000,2,2,704.0,0,0,1,0,2,2.183568000793457,0.8122704029083252,0.6085493564605713,0.4670388698577881,0.01491236686706543,0.006382465362548828
1505,0,0.5009230769230771,938,1000,1,1,1105.0,0,0,2,0,2,2.18601655960083,0.8132882118225098,0.6094107627868652,0.467449426651001,0.01492762565612793,0.006391763687133789
1506,0,0.5009230769230771,938,1000,2,2,706.0,0,0,2,0,2,2.187882423400879,0.8140101432800293,0.6100397109985352,0.4678058624267578,0.01493978500366211,0.006395578384399414
1507,0,0.5009230769230771,939,1000,1,1,307.0,0,0,2,0,1,2.1894655227661133,0.8145496845245361,0.6106524467468262,0.4681396484375,0.014946937561035156,0.00639796257019043
1508,0,0.5009230769230771,939,1000,4,4,808.0,0,0,2,0,2,2.1910572052001953,0.8149807453155518,0.6113035678863525,0.46849775314331055,0.014955520629882812,0.006399393081665039
1509,0,0.5009230769230771,939,1000,2,2,709.0,0,0,2,0,2,2.1926255226135254,0.8154561519622803,0.6119039058685303,0.4688882827758789,0.014965534210205078,0.006402015686035156
1510,0,0.5009230769230771,939,1000,6,3,1210.3333333333333,0,0,2,0,2,2.194155693054199,0.8159670829772949,0.6125209331512451,0.46921205520629883,0.014972209930419922,0.006403684616088867
1511,0,0.5009230769230771,938,1000,2,2,577.6666666666666,0,0,1,0,2,2.1955695152282715,0.8164713382720947,0.613149881362915,0.46939849853515625,0.014979124069213867,0.0064051151275634766
1512,0,0.5009230769230771,938,1000,2,2,712.0,0,0,2,0,2,2.1983513832092285,0.8173658847808838,0.6141395568847656,0.4700436592102051,0.015043973922729492,0.006408214569091797
1513,0,0.5009230769230771,939,1000,2,2,1113.0,0,0,2,0,1,2.20062518119812,0.8183231353759766,0.6148486137390137,0.4704282283782959,0.015066146850585938,0.006414651870727539
1514,0,0.5009230769230771,939,1000,3,3,847.3333333333334,0,0,2,0,2,2.2024612426757812,0.8190145492553711,0.6154682636260986,0.47078657150268555,0.01507568359375,0.0064182281494140625
1515,0,0.5009230769230771,940,1000,1,1,1515.0,0,0,0,1,0,2.203282356262207,0.8195173740386963,0.6157560348510742,0.47078657150268555,0.01507568359375,0.006420135498046875
1516,0,0.5009230769230771,941,1000,1,1,716.0,0,0,2,0,1,2.204794406890869,0.8199870586395264,0.6163473129272461,0.47115278244018555,0.015081167221069336,0.006421566009521484
1517,0,0.5009230769230771,941,1000,4,4,998.0,0,0,1,0,2,2.2064027786254883,0.8204262256622314,0.6170055866241455,0.4714949131011963,0.015089750289916992,0.006422996520996094
1518,0,0.5009230769230771,941,1000,2,2,518.0,0,0,1,0,2,2.2082126140594482,0.8210253715515137,0.6176576614379883,0.4718747138977051,0.015103816986083984,0.006426095962524414
1519,0,0.5009230769230771,942,1000,1,1,1119.0,0,0,2,0,1,2.209731340408325,0.8215200901031494,0.6182334423065186,0.4722301959991455,0.015109777450561523,0.00642848014831543
1520,0,0.5009230769230771,941,1000,1,1,1120.0,0,0,1,0,2,2.2112081050872803,0.8220155239105225,0.6188473701477051,0.47251009941101074,0.015115022659301758,0.0064296722412109375
1521,0,0.5009230769230771,940,1000,4,4,1267.4,0,0,1,0,2,2.2125895023345947,0.8224458694458008,0.6195089817047119,0.47272348403930664,0.015123128890991211,0.006431102752685547
1522,0,0.5009230769230771,940,1000,2,1,322.0,0,0,2,0,2,2.215376853942871,0.8236703872680664,0.6204190254211426,0.4731905460357666,0.015143632888793945,0.006435871124267578
1523,0,0.5009230769230771,940,1000,1,1,1123.0,0,0,2,0,2,2.2171311378479004,0.8243205547332764,0.6210463047027588,0.47356462478637695,0.015151500701904297,0.006439685821533203
1524,0,0.5009230769230771,940,1000,2,2,724.0,0,1,2,0,2,2.21915864944458,0.8250463008880615,0.6217575073242188,0.47397303581237793,0.015167713165283203,0.00644230842590332
1525,0,0.5009230769230771,940,1000,2,2,725.0,0,1,2,0,2,2.2206971645355225,0.825524091720581,0.6223468780517578,0.4743077754974365,0.015175342559814453,0.006444454193115234
1526,0,0.5009230769230771,941,1000,1,1,326.0,0,0,2,0,1,2.2226357460021973,0.8259711265563965,0.6234235763549805,0.47463369369506836,0.01518106460571289,0.006446123123168945
1527,0,0.5009230769230771,941,1000,2,2,527.0,0,0,0,0,0,2.2238028049468994,0.8269236087799072,0.6234238147735596,0.47463369369506836,0.01520228385925293,0.006453752517700195
1528,0,0.5009230769230771,941,1000,2,2,728.0,0,0,2,0,2,2.2254116535186768,0.8273816108703613,0.6240906715393066,0.4750187397003174,0.015208244323730469,0.006455898284912109
1529,0,0.5009230769230771,943,1000,1,1,729.0,0,0,2,0,0,2.2268991470336914,0.8278419971466064,0.6246705055236816,0.4753744602203369,0.015213966369628906,0.006457805633544922
1530,0,0.5009230769230771,943,1000,1,1,1530.0,0,0,0,1,1,2.2277097702026367,0.828303337097168,0.6249949932098389,0.4753744602203369,0.015213966369628906,0.006459236145019531
1531,0,0.5009230769230771,943,1000,1,1,1531.0,0,0,0,1,1,2.2285282611846924,0.8287701606750488,0.6253190040588379,0.4753744602203369,0.015213966369628906,0.006460666656494141
1532,0,0.5009230769230771,943,1000,3,3,865.3333333333334,0,0,2,0,2,2.2309517860412598,0.8293511867523193,0.6263480186462402,0.4759707450866699,0.015235424041748047,0.00646209716796875
1533,0,0.5009230769230771,943,1000,4,4,733.0,0,0,2,0,2,2.233262538909912,0.8303720951080322,0.6269917488098145,0.47635626792907715,0.015256643295288086,0.006468772888183594
1534,0,0.5009230769230771,943,1000,2,1,334.0,0,0,2,0,2,2.235170841217041,0.8310108184814453,0.6277484893798828,0.4767313003540039,0.015270471572875977,0.0064716339111328125
1535,0,0.5009230769230771,943,1000,2,2,535.0,0,0,2,0,2,2.236758232116699,0.8316113948822021,0.6283409595489502,0.4770393371582031,0.015278339385986328,0.006474733352661133
1536,0,0.5009230769230771,943,1000,1,1,336.0,0,0,2,0,2,2.2387824058532715,0.8323299884796143,0.6291072368621826,0.4774470329284668,0.015290498733520508,0.006476163864135742
1537,0,0.5009230769230771,943,1000,3,3,1003.6666666666666,0,1,2,0,2,2.2405595779418945,0.832974910736084,0.6297149658203125,0.47780299186706543,0.015299558639526367,0.006485700607299805
1538,0,0.5009230769230771,943,1000,1,1,1138.0,0,0,2,0,2,2.2420947551727295,0.8334741592407227,0.6303389072418213,0.4781332015991211,0.0153045654296875,0.006487131118774414
1539,0,0.5009230769230771,944,1000,1,1,1139.0,0,0,2,0,1,2.243504047393799,0.833881139755249,0.6309239864349365,0.47844934463500977,0.015309572219848633,0.006488323211669922
1540,0,0.5009230769230771,943,1000,1,1,1140.0,0,0,1,0,2,2.244962692260742,0.8343062400817871,0.6316134929656982,0.47870421409606934,0.015314579010009766,0.006489753723144531
1541,0,0.5009230769230771,943,1000,1,1,1141.0,0,0,2,0,2,2.2479941844940186,0.8355014324188232,0.6326382160186768,0.4793217182159424,0.015340805053710938,0.006493091583251953
1542,0,0.5009230769230771,943,1000,1,1,1542.0,0,0,0,1,1,2.2492928504943848,0.8364310264587402,0.6329545974731445,0.4793217182159424,0.015340805053710938,0.006498098373413086
1543,0,0.5009230769230771,943,1000,2,2,743.0,0,1,1,0,2,2.2511086463928223,0.837083101272583,0.6336004734039307,0.47966670989990234,0.015359878540039062,0.006500959396362305
1544,0,0.5009230769230771,943,1000,1,1,1144.0,0,0,2,0,2,2.2527589797973633,0.8376107215881348,0.6342201232910156,0.48007702827453613,0.015366315841674805,0.006503105163574219
1545,0,0.5009230769230771,944,1000,1,1,345.0,0,0,2,0,1,2.2543864250183105,0.8382010459899902,0.6347942352294922,0.4804251194000244,0.015376091003417969,0.0065059661865234375
1546,0,0.5009230769230771,945,1000,1,1,1146.0,0,0,2,0,1,2.2559099197387695,0.83868408203125,0.6353940963745117,0.48078274726867676,0.015381574630737305,0.006507396697998047
1547,0,0.5009230769230771,945,1000,2,2,747.0,0,0,2,0,2,2.2573771476745605,0.8391144275665283,0.6359875202178955,0.48113346099853516,0.01538848876953125,0.006508827209472656
1548,0,0.5009230769230771,945,1000,1,1,1548.0,0,0,0,1,1,2.2581920623779297,0.8395669460296631,0.6363182067871094,0.48113346099853516,0.01538848876953125,0.006510496139526367
1549,0,0.5009230769230771,945,1000,1,1,749.0,0,0,2,0,2,2.2596657276153564,0.8400044441223145,0.6369149684906006,0.48148584365844727,0.015393972396850586,0.006511688232421875
1550,0,0.5009230769230771,945,1000,3,3,650.0,0,0,2,0,2,2.261178731918335,0.8404529094696045,0.6375579833984375,0.4818251132965088,0.015401601791381836,0.006513118743896484
1551,0,0.5009230769230771,945,1000,2,2,951.0,0,0,2,0,2,2.263035774230957,0.8408825397491455,0.6384804248809814,0.48218464851379395,0.015408039093017578,0.006514787673950195
1552,0,0.5009230769230771,946,1000,3,3,652.0,0,0,2,0,1,2.267416477203369,0.8420078754425049,0.6393709182739258,0.48430418968200684,0.015432357788085938,0.006520748138427734
1553,0,0.5009230769230771,946,1000,2,1,1553.0,0,0,0,1,1,2.268847942352295,0.8429710865020752,0.6397743225097656,0.48430418968200684,0.015432357788085938,0.0065250396728515625
1554,0,0.5009230769230771,945,1000,1,1,1154.0,0,0,1,0,2,2.2704708576202393,0.8435583114624023,0.6403892040252686,0.4846065044403076,0.015447378158569336,0.0065288543701171875
1555,0,0.5009230769230771,946,1000,2,2,621.6666666666666,0,0,2,0,1,2.2719483375549316,0.8440098762512207,0.6409742832183838,0.484954833984375,0.015454530715942383,0.006530284881591797
1556,0,0.5009230769230771,947,1000,3,3,889.3333333333334,0,0,2,0,1,2.2733871936798096,0.8444528579711914,0.6415300369262695,0.4853060245513916,0.015461444854736328,0.006532192230224609
1557,0,0.5009230769230771,947,1000,2,2,557.0,0,0,0,0,0,2.2739334106445312,0.8448770046234131,0.6415305137634277,0.4853060245513916,0.015468597412109375,0.006533384323120117
1558,0,0.5009230769230771,947,1000,3,3,891.3333333333334,0,1,2,0,2,2.2754669189453125,0.8452901840209961,0.6421704292297363,0.4856541156768799,0.015474796295166016,0.0065348148345947266
1559,0,0.5009230769230771,947,1000,1,1,1159.0,0,0,2,0,2,2.2770168781280518,0.8457322120666504,0.6427879333496094,0.48604559898376465,0.015479326248168945,0.006550788879394531
1560,0,0.5009230769230771,947,1000,2,2,1160.0,0,0,0,0,0,2.2775180339813232,0.8461534976959229,0.6427881717681885,0.48604559898376465,0.015486001968383789,0.006552219390869141
1561,0,0.5009230769230771,947,1000,2,2,894.3333333333334,0,0,1,0,1,2.2814788818359375,0.8466176986694336,0.6439332962036133,0.4882993698120117,0.01549220085144043,0.0065534114837646484
1562,0,0.5009230769230771,946,1000,3,3,662.0,0,0,1,0,2,2.284137010574341,0.8475537300109863,0.6452710628509521,0.48849916458129883,0.015517711639404297,0.006558895111083984
1563,0,0.5009230769230771,946,1000,3,3,763.0,0,0,1,0,1,2.2859878540039062,0.8484008312225342,0.6458916664123535,0.4887237548828125,0.015538692474365234,0.006566524505615234
1564,0,0.5009230769230771,946,1000,1,1,1164.0,0,0,2,0,2,2.2892796993255615,0.8488624095916748,0.6465096473693848,0.49082517623901367,0.015544414520263672,0.00656890869140625
1565,0,0.5009230769230771,946,1000,2,2,565.0,0,0,2,0,2,2.2908706665039062,0.8493654727935791,0.6471221446990967,0.4911937713623047,0.015563488006591797,0.006570339202880859
1566,0,0.5009230769230771,948,1000,3,3,899.3333333333334,0,0,2,0,0,2.2924537658691406,0.8498802185058594,0.6476757526397705,0.4915657043457031,0.015571117401123047,0.00657200813293457
1567,0,0.5009230769230771,948,1000,1,1,767.0,0,0,2,0,2,2.2939701080322266,0.8503329753875732,0.6482651233673096,0.49195194244384766,0.015575885772705078,0.006574153900146484
1568,0,0.5009230769230771,948,1000,3,3,768.0,0,0,2,0,2,2.2983882427215576,0.8507955074310303,0.6493663787841797,0.4946906566619873,0.015582561492919922,0.006575584411621094
1569,0,0.5009230769230771,948,1000,2,2,902.3333333333334,0,0,2,0,2,2.3015785217285156,0.8520495891571045,0.6504263877868652,0.4952688217163086,0.015610218048095703,0.0065844058990478516
1570,0,0.5009230769230771,947,1000,2,1,370.0,0,0,1,0,2,2.303657293319702,0.8531575202941895,0.6510450839996338,0.49547791481018066,0.015627384185791016,0.006590366363525391
1571,0,0.5009230769230771,947,1000,2,2,1171.0,0,0,2,0,2,2.305159091949463,0.8536286354064941,0.6516423225402832,0.4958326816558838,0.01563429832458496,0.0065920352935791016
1572,0,0.5009230769230771,947,1000,3,3,772.0,0,1,2,0,2,2.306765556335449,0.8541347980499268,0.6522901058197021,0.49614882469177246,0.015641212463378906,0.006593227386474609
1573,0,0.5009230769230771,947,1000,4,4,873.0,0,1,1,0,2,2.308302640914917,0.8546197414398193,0.6529049873352051,0.4964587688446045,0.015651226043701172,0.006594657897949219
1574,0,0.5009230769230771,947,1000,1,1,1174.0,0,0,2,0,2,2.309757947921753,0.8550786972045898,0.6534638404846191,0.4968070983886719,0.015656232833862305,0.00659632682800293
1575,0,0.5009230769230771,947,1000,2,2,1308.0,0,0,2,0,2,2.313950538635254,0.8555717468261719,0.655003547668457,0.498873233795166,0.01566290855407715,0.006597757339477539
1576,0,0.5009230769230771,947,1000,4,4,876.0,0,0,2,0,2,2.318486213684082,0.8566875457763672,0.6558997631072998,0.5011677742004395,0.015689611434936523,0.006605863571166992
1577,0,0.5009230769230771,947,1000,1,1,1177.0,0,0,2,0,2,2.320598840713501,0.8576836585998535,0.6565356254577637,0.5015301704406738,0.015703439712524414,0.0066106319427490234
1578,0,0.5009230769230771,947,1000,1,1,1178.0,0,0,2,0,2,2.3238563537597656,0.858126163482666,0.6571390628814697,0.5036487579345703,0.015708446502685547,0.006612539291381836
1579,0,0.5009230769230771,946,1000,1,1,379.0,0,0,1,0,2,2.3252129554748535,0.8586368560791016,0.6577339172363281,0.5038261413574219,0.01571512222290039,0.006614208221435547
1580,0,0.5009230769230771,945,1000,2,2,580.0,0,0,1,0,2,2.3266043663024902,0.8591358661651611,0.6583175659179688,0.5040407180786133,0.015721797943115234,0.006615877151489258
1581,0,0.5009230769230771,945,1000,2,2,981.0,0,1,2,0,2,2.3281102180480957,0.8595528602600098,0.6589386463165283,0.5043849945068359,0.015728473663330078,0.006617546081542969
1582,0,0.5009230769230771,945,1000,2,2,782.0,0,0,2,0,2,2.330655097961426,0.8601195812225342,0.6600799560546875,0.5050783157348633,0.015745878219604492,0.00661921501159668
1583,0,0.5009230769230771,945,1000,1,1,1583.0,0,0,0,1,1,2.331991672515869,0.8610377311706543,0.6604435443878174,0.5050783157348633,0.015745878219604492,0.006625175476074219
1584,0,0.5009230769230771,945,1000,1,1,784.0,0,0,2,0,2,2.3336610794067383,0.8614892959594727,0.6611182689666748,0.5054960250854492,0.0157625675201416,0.00662684440612793
1585,0,0.5009230769230771,946,1000,2,2,985.0,0,0,2,0,1,2.337228298187256,0.8620188236236572,0.6618747711181641,0.5076146125793457,0.015778303146362305,0.006628513336181641
1586,0,0.5009230769230771,946,1000,1,1,786.0,0,0,1,0,1,2.338710308074951,0.8625698089599609,0.6624412536621094,0.507866621017456,0.015785694122314453,0.006631135940551758
1587,0,0.5009230769230771,946,1000,3,3,887.0,0,0,1,0,2,2.3403306007385254,0.863025426864624,0.6630747318267822,0.5082464218139648,0.015792369842529297,0.006632328033447266
1588,0,0.5009230769230771,946,1000,2,2,788.0,0,0,2,0,2,2.3417837619781494,0.863455057144165,0.6636927127838135,0.5085761547088623,0.015799760818481445,0.006634235382080078
1589,0,0.5009230769230771,946,1000,2,2,589.0,0,0,2,0,2,2.3433837890625,0.8639142513275146,0.6643533706665039,0.508913516998291,0.01580667495727539,0.0066356658935546875
1590,0,0.5009230769230771,946,1000,2,2,790.0,0,0,2,0,2,2.345254898071289,0.8644928932189941,0.6651110649108887,0.5093193054199219,0.015820980072021484,0.0066378116607666016
1591,0,0.5009230769230771,946,1000,1,1,1191.0,0,0,2,0,2,2.3478105068206787,0.8651137351989746,0.6660671234130859,0.5101091861724854,0.015845298767089844,0.006640434265136719
1592,0,0.5009230769230771,945,1000,1,1,792.0,0,0,1,0,2,2.350023031234741,0.866168737411499,0.6668086051940918,0.5103685855865479,0.015864133834838867,0.006645679473876953
1593,0,0.5009230769230771,944,1000,3,3,993.0,0,0,1,0,2,2.351856231689453,0.8669178485870361,0.6674981117248535,0.510648250579834,0.015876293182373047,0.0066492557525634766
1594,0,0.5009230769230771,943,1000,1,1,1194.0,0,0,1,0,2,2.3532679080963135,0.8673813343048096,0.668126106262207,0.510892391204834,0.015881776809692383,0.006651639938354492
1595,0,0.5009230769230771,942,1000,1,1,1195.0,0,0,1,0,2,2.356440782546997,0.867840051651001,0.6687567234039307,0.5128817558288574,0.015886306762695312,0.0066530704498291016
1596,0,0.5009230769230771,942,1000,1,1,796.0,0,0,2,0,2,2.357974052429199,0.8682999610900879,0.6694009304046631,0.5132246017456055,0.015891075134277344,0.0066547393798828125
1597,0,0.5009230769230771,942,1000,1,1,1197.0,0,0,2,0,2,2.359713077545166,0.8687708377838135,0.6701908111572266,0.5135908126831055,0.015898704528808594,0.00665593147277832
1598,0,0.5009230769230771,942,1000,1,1,398.0,0,0,1,0,1,2.361250162124634,0.8694405555725098,0.6707642078399658,0.5137858390808105,0.015904664993286133,0.006659269332885742
1599,0,0.507025641025641,942,1000,2,2,799.0,0,0,2,0,2,2.3655850887298584,0.8699169158935547,0.6717162132263184,0.51633620262146,0.01591181755065918,0.006661176681518555
1600,0,0.507025641025641,942,1000,2,2,600.0,0,0,2,0,2,2.3677852153778076,0.8707454204559326,0.672539234161377,0.5167226791381836,0.01593184471130371,0.0069005489349365234
1601,0,0.507025641025641,943,1000,4,4,701.0,0,0,2,0,1,2.369821548461914,0.8715779781341553,0.6731786727905273,0.5171020030975342,0.015950441360473633,0.00690460205078125
1602,0,0.507025641025641,943,1000,1,1,2.0,0,0,2,0,2,2.3713936805725098,0.8720839023590088,0.6738195419311523,0.5174341201782227,0.015955448150634766,0.0069065093994140625
1603,0,0.507025641025641,943,1000,1,1,1603.0,0,0,0,1,1,2.3721566200256348,0.8725218772888184,0.6741173267364502,0.5174341201782227,0.015955448150634766,0.006908416748046875
1604,0,0.507025641025641,943,1000,2,2,1004.0,0,0,2,0,2,2.373591184616089,0.8729114532470703,0.6747071743011475,0.5177638530731201,0.015963315963745117,0.006909370422363281
1605,0,0.507025641025641,943,1000,1,1,1605.0,0,0,0,1,1,2.374711513519287,0.8735058307647705,0.6751770973205566,0.5177638530731201,0.015963315963745117,0.006911039352416992
1606,0,0.507025641025641,943,1000,1,1,1206.0,0,0,0,0,0,2.375509023666382,0.8741707801818848,0.6751775741577148,0.5177638530731201,0.01597905158996582,0.0069158077239990234
1607,0,0.507025641025641,942,1000,2,2,907.0,0,0,1,0,2,2.3770089149475098,0.8746559619903564,0.6758391857147217,0.5180244445800781,0.015985965728759766,0.006916999816894531
1608,0,0.507025641025641,942,1000,1,1,1608.0,0,0,0,1,1,2.377805233001709,0.8750829696655273,0.6761789321899414,0.5180244445800781,0.015985965728759766,0.006918430328369141
1609,0,0.507025641025641,942,1000,1,1,1609.0,0,0,0,1,1,2.37858510017395,0.8755106925964355,0.676506519317627,0.5180244445800781,0.015985965728759766,0.006919384002685547
1610,0,0.507025641025641,943,1000,2,2,610.0,0,0,2,0,1,2.3811957836151123,0.8761696815490723,0.6775386333465576,0.5187389850616455,0.016013622283935547,0.006920576095581055
1611,0,0.507025641025641,943,1000,1,1,1211.0,0,0,2,0,2,2.3833799362182617,0.877208948135376,0.6781833171844482,0.5190796852111816,0.016030073165893555,0.006926298141479492
1612,0,0.507025641025641,943,1000,2,2,1012.0,0,0,2,0,2,2.3852150440216064,0.877737283706665,0.678929328918457,0.5194921493530273,0.01604008674621582,0.006929159164428711
1613,0,0.507025641025641,943,1000,2,2,613.0,0,0,2,0,2,2.386975049972534,0.8784637451171875,0.6795010566711426,0.5198252201080322,0.016050100326538086,0.006931781768798828
1614,0,0.507025641025641,943,1000,1,1,814.0,0,0,2,0,2,2.3885881900787354,0.8789689540863037,0.6801376342773438,0.5202007293701172,0.01605534553527832,0.006933450698852539
1615,0,0.507025641025641,943,1000,2,2,615.0,0,0,1,0,2,2.3929240703582764,0.879429817199707,0.6809666156768799,0.523064136505127,0.016062021255493164,0.0069353580474853516
1616,0,0.507025641025641,943,1000,2,2,616.0,0,0,0,0,0,2.3938140869140625,0.8801488876342773,0.680966854095459,0.523064136505127,0.016078472137451172,0.00693964958190918
1617,0,0.507025641025641,943,1000,1,1,1217.0,0,0,2,0,2,2.395479440689087,0.8805654048919678,0.6817378997802734,0.523456335067749,0.016083240509033203,0.006941318511962891
1618,0,0.507025641025641,943,1000,2,2,418.0,0,0,2,0,2,2.3982279300689697,0.8815603256225586,0.6827073097229004,0.5240042209625244,0.01611328125,0.0069446563720703125
1619,0,0.507025641025641,942,1000,1,1,19.0,0,0,1,0,2,2.4004571437835693,0.8824706077575684,0.6834583282470703,0.5242676734924316,0.01613450050354004,0.00695037841796875
1620,0,0.507025641025641,942,1000,1,1,1220.0,0,0,1,0,1,2.4039807319641113,0.8832802772521973,0.6840593814849854,0.526259183883667,0.016144752502441406,0.0069544315338134766
1621,0,0.507025641025641,943,1000,1,1,821.0,0,0,2,0,1,2.405508279800415,0.8838057518005371,0.6846656799316406,0.5265767574310303,0.01614999771118164,0.0069561004638671875
1622,0,0.507025641025641,944,1000,3,3,1088.6666666666667,0,0,2,0,1,2.4073193073272705,0.8842978477478027,0.6854004859924316,0.5269906520843506,0.01616072654724121,0.006957292556762695
1623,0,0.507025641025641,942,1000,2,2,983.0,0,0,1,0,2,2.408881425857544,0.885028600692749,0.685992956161499,0.5271258354187012,0.01616978645324707,0.006961345672607422
1624,0,0.507025641025641,943,1000,2,2,824.0,0,1,2,0,1,2.410419464111328,0.8854920864105225,0.6865801811218262,0.5274679660797119,0.016176462173461914,0.006962776184082031
1625,0,0.507025641025641,943,1000,1,1,825.0,0,0,2,0,2,2.412146806716919,0.8859713077545166,0.6873538494110107,0.527843713760376,0.016181468963623047,0.006963968276977539
1626,0,0.507025641025641,943,1000,1,1,1626.0,0,0,0,1,1,2.4139418601989746,0.8869979381561279,0.6880447864532471,0.527843713760376,0.016181468963623047,0.006968498229980469
1627,0,0.507025641025641,943,1000,3,3,1093.6666666666667,0,0,2,0,2,2.4161243438720703,0.8878872394561768,0.6888434886932373,0.5282135009765625,0.016201496124267578,0.006972789764404297
1628,0,0.507025641025641,943,1000,1,1,828.0,0,0,2,0,2,2.4185330867767334,0.8889455795288086,0.6896369457244873,0.5286295413970947,0.0162200927734375,0.006976127624511719
1629,0,0.507025641025641,943,1000,1,1,1229.0,0,0,2,0,2,2.420454502105713,0.8897449970245361,0.690302848815918,0.5289807319641113,0.016232013702392578,0.006980419158935547
1630,0,0.507025641025641,943,1000,1,1,30.0,0,0,2,0,2,2.4232897758483887,0.8905930519104004,0.6913082599639893,0.5297043323516846,0.016258716583251953,0.006983041763305664
1631,0,0.507025641025641,942,1000,2,2,331.0,0,0,1,0,2,2.427525281906128,0.8915212154388428,0.6922717094421387,0.5317978858947754,0.0162813663482666,0.006987571716308594
1632,0,0.507025641025641,942,1000,2,2,432.0,0,0,2,0,2,2.4320082664489746,0.8924670219421387,0.6932282447814941,0.5342462062835693,0.016299009323120117,0.0069925785064697266
1633,0,0.507025641025641,942,1000,2,2,1033.0,0,0,0,0,0,2.4332573413848877,0.8935744762420654,0.6932284832000732,0.5342462062835693,0.01632094383239746,0.006999015808105469
1634,0,0.507025641025641,942,1000,2,2,634.0,0,0,0,0,0,2.43392276763916,0.8940973281860352,0.6932289600372314,0.5342462062835693,0.016327381134033203,0.007000446319580078
1635,0,0.507025641025641,942,1000,1,1,35.0,0,0,0,0,0,2.4345052242279053,0.8945941925048828,0.6932291984558105,0.5342462062835693,0.016332626342773438,0.007001638412475586
1636,0,0.507025641025641,942,1000,1,1,1236.0,0,0,2,0,2,2.4363479614257812,0.8950684070587158,0.69407057762146,0.5346839427947998,0.016337156295776367,0.007002830505371094
1637,0,0.507025641025641,942,1000,1,1,437.0,0,0,2,0,2,2.4387898445129395,0.8958029747009277,0.6952078342437744,0.5351047515869141,0.016355514526367188,0.007006406784057617
1638,0,0.507025641025641,942,1000,1,1,438.0,0,0,2,0,2,2.4414479732513428,0.8968384265899658,0.6961908340454102,0.5355749130249023,0.016376256942749023,0.007011890411376953
1639,0,0.507025641025641,942,1000,1,1,1239.0,0,0,2,0,2,2.443542718887329,0.8978579044342041,0.696800708770752,0.5359153747558594,0.01639080047607422,0.007016897201538086
1640,0,0.507025641025641,942,1000,1,1,440.0,0,0,2,0,2,2.445096254348755,0.8983469009399414,0.6974289417266846,0.5362517833709717,0.01639580726623535,0.007018566131591797
1641,0,0.507025641025641,942,1000,2,2,1041.0,0,0,1,0,2,2.4474475383758545,0.8989555835723877,0.6984710693359375,0.5367629528045654,0.01641559600830078,0.007020235061645508
1642,0,0.507025641025641,942,1000,2,2,642.0,0,0,2,0,2,2.449587821960449,0.8998796939849854,0.6992001533508301,0.53713059425354,0.0164337158203125,0.007025718688964844
1643,0,0.507025641025641,942,1000,1,1,1643.0,0,0,0,1,1,2.4507389068603516,0.9006507396697998,0.6995315551757812,0.53713059425354,0.0164337158203125,0.007029056549072266
1644,0,0.507025641025641,942,1000,2,2,844.0,0,0,2,0,2,2.4523725509643555,0.9011111259460449,0.7001831531524658,0.5375182628631592,0.016448497772216797,0.00704646110534668
1645,0,0.507025641025641,942,1000,1,1,445.0,0,0,2,0,2,2.4540584087371826,0.9016664028167725,0.7007801532745361,0.5379307270050049,0.016461849212646484,0.0070493221282958984
1646,0,0.507025641025641,943,1000,2,1,46.0,0,0,2,0,1,2.455641984939575,0.9021701812744141,0.7013893127441406,0.5383167266845703,0.01646733283996582,0.007051229476928711
1647,0,0.507025641025641,943,1000,2,1,1647.0,0,0,0,1,1,2.4564929008483887,0.9026908874511719,0.7016851902008057,0.5383167266845703,0.01646733283996582,0.007052898406982422
1648,0,0.507025641025641,943,1000,1,1,1248.0,0,0,2,0,2,2.4580347537994385,0.903134822845459,0.7023098468780518,0.5386884212493896,0.016474246978759766,0.007054567337036133
1649,0,0.507025641025641,943,1000,3,3,715.6666666666666,0,0,1,0,2,2.4595541954040527,0.9035744667053223,0.7029507160186768,0.5390124320983887,0.016481876373291016,0.007056236267089844
1650,0,0.507025641025641,942,1000,2,2,650.0,0,0,1,0,2,2.4608967304229736,0.9040396213531494,0.7035386562347412,0.5392069816589355,0.01648879051208496,0.007058143615722656
1651,0,0.507025641025641,943,1000,1,1,1251.0,0,0,2,0,1,2.4623873233795166,0.9044549465179443,0.7041702270507812,0.5395529270172119,0.016493797302246094,0.007059574127197266
1652,0,0.507025641025641,943,1000,1,1,1252.0,0,0,0,0,0,2.4637770652770996,0.9056837558746338,0.704171895980835,0.5395529270172119,0.01651906967163086,0.0070629119873046875
1653,0,0.507025641025641,943,1000,2,2,1053.0,0,0,2,0,2,2.4660887718200684,0.9066324234008789,0.7050557136535645,0.5399377346038818,0.016528606414794922,0.007068634033203125
1654,0,0.507025641025641,943,1000,2,2,1414.5,0,0,2,0,2,2.471569538116455,0.9072844982147217,0.7059860229492188,0.5437285900115967,0.01654362678527832,0.007071495056152344
1655,0,0.507025641025641,944,1000,2,2,455.0,0,0,2,0,1,2.475510835647583,0.908353328704834,0.706580400466919,0.5458405017852783,0.01656198501586914,0.007076740264892578
1656,0,0.507025641025641,944,1000,2,2,256.0,0,1,2,0,2,2.4770917892456055,0.9088530540466309,0.7071709632873535,0.5461862087249756,0.016569852828979492,0.007079362869262695
1657,0,0.507025641025641,944,1000,1,1,57.0,0,0,2,0,2,2.4786598682403564,0.9093308448791504,0.7077898979187012,0.5465621948242188,0.016575098037719727,0.007080793380737305
1658,0,0.507025641025641,944,1000,1,1,1258.0,0,0,2,0,2,2.4812164306640625,0.90999436378479,0.7087926864624023,0.5472564697265625,0.01659703254699707,0.007082223892211914
1659,0,0.507025641025641,945,1000,3,3,592.3333333333334,0,0,2,0,1,2.4846136569976807,0.9110400676727295,0.7105202674865723,0.547675609588623,0.0166170597076416,0.007088184356689453
1660,0,0.507025641025641,945,1000,3,3,993.3333333333334,0,0,0,0,0,2.4866411685943604,0.9125382900238037,0.710521936416626,0.547675609588623,0.016644716262817383,0.007112026214599609
1661,0,0.507025641025641,945,1000,1,1,1661.0,0,0,0,1,1,2.488802194595337,0.9139358997344971,0.7112255096435547,0.547675609588623,0.016644716262817383,0.00711822509765625
1662,0,0.507025641025641,944,1000,1,1,462.0,0,0,1,0,2,2.4912548065185547,0.9148256778717041,0.7123339176177979,0.5479660034179688,0.016661882400512695,0.0071222782135009766
1663,0,0.507025641025641,944,1000,1,1,63.0,0,0,2,0,2,2.493584632873535,0.9158191680908203,0.7131073474884033,0.5483758449554443,0.016678810119628906,0.007128000259399414
1664,0,0.507025641025641,944,1000,1,1,1664.0,0,0,0,1,1,2.4948790073394775,0.9165976047515869,0.713573694229126,0.5483758449554443,0.016678810119628906,0.007130861282348633
1665,0,0.507025641025641,944,1000,4,4,865.0,0,0,2,0,2,2.4977951049804688,0.9175369739532471,0.7146062850952148,0.549107551574707,0.016715526580810547,0.0071353912353515625
1666,0,0.507025641025641,944,1000,2,1,66.0,0,0,2,0,2,2.500519275665283,0.9187123775482178,0.7155420780181885,0.5495262145996094,0.01673722267150879,0.007141590118408203
1667,0,0.507025641025641,944,1000,2,2,367.0,0,0,2,0,2,2.5028581619262695,0.9198830127716064,0.7161469459533691,0.5499362945556641,0.016756534576416016,0.007146120071411133
1668,0,0.507025641025641,944,1000,2,1,68.0,0,0,2,0,2,2.5044455528259277,0.9203982353210449,0.7167613506317139,0.5502965450286865,0.01676177978515625,0.007147789001464844
1669,0,0.507025641025641,944,1000,3,3,1135.6666666666667,0,0,2,0,2,2.5059852600097656,0.9208660125732422,0.7173793315887451,0.550661563873291,0.016768217086791992,0.007149219512939453
1670,0,0.507025641025641,944,1000,1,1,1670.0,0,0,0,1,1,2.506730318069458,0.9212627410888672,0.7176954746246338,0.550661563873291,0.016768217086791992,0.0071506500244140625
1671,0,0.507025641025641,944,1000,2,2,671.0,0,0,2,0,2,2.5082590579986572,0.9217104911804199,0.7183258533477783,0.5510051250457764,0.016775131225585938,0.00715184211730957
1672,0,0.507025641025641,944,1000,2,2,1272.0,0,0,2,0,2,2.5097827911376953,0.922187089920044,0.7189345359802246,0.5513651371002197,0.01678156852722168,0.007153034210205078
1673,0,0.507025641025641,943,1000,2,1,873.0,0,0,2,0,2,2.511371374130249,0.9227516651153564,0.7194995880126953,0.5517411231994629,0.01678776741027832,0.007154226303100586
1674,0,0.507025641025641,943,1000,1,1,1274.0,0,0,2,0,2,2.513197898864746,0.9232039451599121,0.7204413414001465,0.5520882606506348,0.01679253578186035,0.007155895233154297
1675,0,0.507025641025641,942,1000,4,4,635.0,0,0,1,0,2,2.5159592628479004,0.9245591163635254,0.7213582992553711,0.5523743629455566,0.016819000244140625,0.007162332534790039
1676,0,0.507025641025641,942,1000,1,1,1676.0,0,0,0,1,1,2.5171396732330322,0.9252943992614746,0.7217540740966797,0.5523743629455566,0.016819000244140625,0.007166862487792969
1677,0,0.507025641025641,942,1000,3,2,677.0,0,0,2,0,2,2.518845319747925,0.9258980751037598,0.722367525100708,0.552725076675415,0.01683497428894043,0.0071697235107421875
1678,0,0.507025641025641,942,1000,1,1,1278.0,0,0,2,0,2,2.5203990936279297,0.9263796806335449,0.7229766845703125,0.5531034469604492,0.016840219497680664,0.0071713924407958984
1679,0,0.507025641025641,942,1000,3,3,1145.6666666666667,0,1,1,0,2,2.521937131881714,0.926807165145874,0.7236084938049316,0.5534515380859375,0.016846895217895508,0.007172584533691406
1680,0,0.507025641025641,943,1000,1,1,1280.0,0,0,2,0,1,2.5234601497650146,0.927276611328125,0.724219560623169,0.5538144111633301,0.016852378845214844,0.007174015045166016
1681,0,0.507025641025641,942,1000,3,3,1081.0,0,0,1,0,2,2.5248889923095703,0.9277265071868896,0.7248575687408447,0.5540578365325928,0.016858816146850586,0.0071752071380615234
1682,0,0.507025641025641,942,1000,5,2,1015.3333333333334,0,0,1,0,1,2.5262935161590576,0.9281973838806152,0.7254612445831299,0.5542874336242676,0.01686573028564453,0.007176876068115234
1683,0,0.507025641025641,941,1000,2,2,1283.0,0,0,1,0,2,2.5277047157287598,0.9286627769470215,0.726055383682251,0.5545575618743896,0.016871929168701172,0.007178068161010742
1684,0,0.507025641025641,941,1000,2,2,484.0,0,0,2,0,2,2.529247999191284,0.9291031360626221,0.7267169952392578,0.5549092292785645,0.016878604888916016,0.0071794986724853516
1685,0,0.507025641025641,940,1000,1,1,1285.0,0,0,1,0,2,2.5322303771972656,0.9304859638214111,0.7276408672332764,0.5553803443908691,0.016900300979614258,0.007184505462646484
1686,0,0.507025641025641,940,1000,1,1,1286.0,0,0,2,0,2,2.5344772338867188,0.931431770324707,0.7284040451049805,0.5557944774627686,0.016913175582885742,0.0071887969970703125
1687,0,0.507025641025641,940,1000,2,2,887.0,0,0,2,0,2,2.536210536956787,0.9320886135101318,0.7289948463439941,0.5561785697937012,0.016923189163208008,0.007192134857177734
1688,0,0.507025641025641,939,1000,2,2,1021.3333333333334,0,0,1,0,2,2.537569046020508,0.9325478076934814,0.7295958995819092,0.5563845634460449,0.01692986488342285,0.007193565368652344
1689,0,0.507025641025641,940,1000,1,1,1689.0,0,0,0,1,0,2.538323402404785,0.9329726696014404,0.7298898696899414,0.5563845634460449,0.01692986488342285,0.0071947574615478516
1690,0,0.507025641025641,940,1000,1,1,1290.0,0,0,2,0,2,2.539780378341675,0.9334020614624023,0.7304797172546387,0.5567400455474854,0.01693582534790039,0.007195949554443359
1691,0,0.507025641025641,940,1000,2,2,1291.0,0,1,2,0,2,2.541360855102539,0.9338335990905762,0.7310986518859863,0.5571258068084717,0.016942739486694336,0.007197141647338867
1692,0,0.507025641025641,940,1000,1,1,1292.0,0,0,2,0,2,2.5428099632263184,0.9342844486236572,0.731694221496582,0.5574550628662109,0.016947507858276367,0.007198333740234375
1693,0,0.507025641025641,939,1000,2,2,1293.0,0,0,1,0,2,2.5441906452178955,0.9347269535064697,0.7322738170623779,0.5577242374420166,0.01695394515991211,0.007199764251708984
1694,0,0.507025641025641,939,1000,1,1,894.0,0,0,2,0,2,2.5457253456115723,0.9351716041564941,0.7329466342926025,0.5580494403839111,0.016959190368652344,0.007200956344604492
1695,0,0.507025641025641,938,1000,1,1,895.0,0,0,1,0,2,2.548597812652588,0.9365270137786865,0.7339496612548828,0.5584011077880859,0.01698017120361328,0.007205009460449219
1696,0,0.507025641025641,938,1000,2,2,696.0,0,1,2,0,2,2.550832748413086,0.9374735355377197,0.7346823215484619,0.5587522983551025,0.016995906829833984,0.007209300994873047
1697,0,0.507025641025641,938,1000,2,2,1097.0,0,0,2,0,2,2.5523910522460938,0.9379725456237793,0.7352790832519531,0.5590918064117432,0.01700448989868164,0.007212162017822266
1698,0,0.507025641025641,938,1000,1,1,98.0,0,0,2,0,2,2.5539207458496094,0.9384210109710693,0.7358968257904053,0.559464693069458,0.017009496688842773,0.007213592529296875
1699,0,0.507025641025641,938,1000,3,3,699.0,0,0,2,0,2,2.555424928665161,0.9388139247894287,0.736558198928833,0.5598294734954834,0.017015933990478516,0.007214784622192383
1700,0,0.507025641025641,939,1000,1,1,500.0,0,0,2,0,1,2.5569303035736084,0.9392886161804199,0.7371392250061035,0.5601859092712402,0.01702094078063965,0.007215976715087891
1701,0,0.507025641025641,939,1000,2,2,301.0,0,0,2,0,2,2.5584328174591064,0.939749002456665,0.7377431392669678,0.5605244636535645,0.01702737808227539,0.007220029830932617
1702,0,0.507025641025641,940,1000,1,1,1702.0,0,0,0,1,0,2.5591726303100586,0.9401679039001465,0.7380342483520508,0.5605244636535645,0.01702737808227539,0.0072214603424072266
1703,0,0.507025641025641,940,1000,1,1,1303.0,0,0,2,0,2,2.560645580291748,0.9405791759490967,0.7386512756347656,0.5608851909637451,0.017032861709594727,0.007222890853881836
1704,0,0.507025641025641,940,1000,2,2,1104.0,0,0,1,0,2,2.562326669692993,0.9410722255706787,0.7393379211425781,0.5612356662750244,0.017040014266967773,0.007224082946777344
1705,0,0.507025641025641,940,1000,1,1,1305.0,0,0,2,0,2,2.564990997314453,0.9420554637908936,0.7402205467224121,0.5618336200714111,0.01707148551940918,0.00722813606262207
1706,0,0.507025641025641,940,1000,3,3,906.0,0,0,2,0,2,2.567007541656494,0.9428718090057373,0.7408928871154785,0.5621852874755859,0.0170896053314209,0.007231950759887695
1707,0,0.507025641025641,940,1000,3,3,1040.3333333333333,0,0,2,0,2,2.5690159797668457,0.9436800479888916,0.741593599319458,0.5625550746917725,0.01710677146911621,0.007235050201416016
1708,0,0.507025641025641,940,1000,1,1,1708.0,0,0,0,1,1,2.569901943206787,0.9442059993743896,0.7419235706329346,0.5625550746917725,0.01710677146911621,0.007237672805786133
1709,0,0.507025641025641,939,1000,2,2,1175.6666666666667,0,0,1,0,2,2.5713651180267334,0.9446573257446289,0.7425625324249268,0.562828540802002,0.01711750030517578,0.007239341735839844
1710,0,0.507025641025641,939,1000,2,2,910.0,0,1,1,0,2,2.5728681087493896,0.9450836181640625,0.7432217597961426,0.5631332397460938,0.017124414443969727,0.0072405338287353516
1711,0,0.507025641025641,938,1000,1,1,111.0,0,0,1,0,2,2.5742528438568115,0.9455792903900146,0.743830680847168,0.5633037090301514,0.017131805419921875,0.007242441177368164
1712,0,0.507025641025641,938,1000,1,1,112.0,0,0,2,0,2,2.575716495513916,0.9460616111755371,0.7444169521331787,0.5636234283447266,0.017136812210083008,0.0072443485260009766
1713,0,0.507025641025641,939,1000,2,2,713.0,0,0,2,0,1,2.5799221992492676,0.9465484619140625,0.7457749843597412,0.5658750534057617,0.017143964767456055,0.007245779037475586
1714,0,0.507025641025641,939,1000,1,1,114.0,0,0,2,0,2,2.5825750827789307,0.947620153427124,0.7466917037963867,0.5663502216339111,0.017166852951049805,0.007254600524902344
1715,0,0.507025641025641,939,1000,2,2,715.0,0,0,2,0,2,2.5846502780914307,0.9484131336212158,0.7474141120910645,0.5667555332183838,0.01718592643737793,0.007258415222167969
1716,0,0.507025641025641,939,1000,1,1,1316.0,0,0,0,0,0,2.585439682006836,0.9490973949432373,0.7474145889282227,0.5667555332183838,0.017197608947753906,0.007262468338012695
1717,0,0.507025641025641,940,1000,1,1,517.0,0,0,2,0,1,2.587022542953491,0.9495141506195068,0.7480700016021729,0.5671675205230713,0.017201900482177734,0.0072634220123291016
1718,0,0.507025641025641,941,1000,1,1,1718.0,0,0,0,1,0,2.5878045558929443,0.949965238571167,0.7483694553375244,0.5671675205230713,0.017201900482177734,0.007264852523803711
1719,0,0.507025641025641,940,1000,1,1,1319.0,0,0,1,0,2,2.5892653465270996,0.950430154800415,0.7489776611328125,0.5674436092376709,0.017207860946655273,0.00726628303527832
1720,0,0.507025641025641,939,1000,2,2,1320.0,0,0,1,0,2,2.590660572052002,0.950871467590332,0.7495636940002441,0.567725658416748,0.017215251922607422,0.007267475128173828
1721,0,0.507025641025641,939,1000,3,2,721.0,0,0,2,0,2,2.5922539234161377,0.9513607025146484,0.7501916885375977,0.5681030750274658,0.017223119735717773,0.0072689056396484375
1722,0,0.507025641025641,938,1000,1,1,522.0,0,0,1,0,2,2.593693971633911,0.9518604278564453,0.7508540153503418,0.5683012008666992,0.017229080200195312,0.0072710514068603516
1723,0,0.507025641025641,937,1000,2,1,923.0,0,0,1,0,2,2.5950467586517334,0.9522936344146729,0.7514739036560059,0.5685076713562012,0.017235517501831055,0.0072727203369140625
1724,0,0.507025641025641,937,1000,2,2,724.0,0,0,2,0,2,2.5974230766296387,0.9527997970581055,0.7528057098388672,0.5689232349395752,0.01725029945373535,0.0072743892669677734
1725,0,0.507025641025641,937,1000,1,1,1325.0,0,0,2,0,2,2.5998499393463135,0.9539048671722412,0.7536003589630127,0.5693094730377197,0.01726984977722168,0.007281064987182617
1726,0,0.507025641025641,938,1000,2,2,1126.0,0,0,2,0,1,2.601698875427246,0.9546983242034912,0.754213809967041,0.569643497467041,0.01728367805480957,0.0072841644287109375
1727,0,0.507025641025641,938,1000,2,2,1127.0,0,0,2,0,2,2.603257417678833,0.9551632404327393,0.7548422813415527,0.5699942111968994,0.017290830612182617,0.007285594940185547
1728,0,0.507025641025641,938,1000,2,2,928.0,0,0,2,0,2,2.604834794998169,0.9557065963745117,0.7554523944854736,0.57033371925354,0.017297983169555664,0.007287025451660156
1729,0,0.507025641025641,938,1000,2,1,129.0,0,0,1,0,1,2.606196641921997,0.9561865329742432,0.7560627460479736,0.5705158710479736,0.0173037052154541,0.007288694381713867
1730,0,0.507025641025641,938,1000,4,4,957.75,0,0,2,0,2,2.6076676845550537,0.9565932750701904,0.7566938400268555,0.570857048034668,0.01731252670288086,0.00729060173034668
1731,0,0.507025641025641,938,1000,1,1,931.0,0,0,2,0,2,2.6101207733154297,0.9572944641113281,0.7575497627258301,0.5715115070343018,0.017333507537841797,0.007292270660400391
1732,0,0.507025641025641,938,1000,2,2,532.0,0,0,2,0,2,2.611933708190918,0.9580509662628174,0.758134126663208,0.5718300342559814,0.017346858978271484,0.00729680061340332
1733,0,0.507025641025641,938,1000,2,2,1133.0,0,0,1,0,2,2.6147913932800293,0.9590983390808105,0.7590570449829102,0.5724582672119141,0.0173797607421875,0.00729823112487793
1734,0,0.507025641025641,939,1000,3,3,1067.3333333333333,0,0,2,0,1,2.616710901260376,0.9599099159240723,0.759674072265625,0.5728192329406738,0.01739668846130371,0.007302761077880859
1735,0,0.507025641025641,939,1000,1,1,1735.0,0,0,0,1,1,2.6182422637939453,0.960759162902832,0.7602951526641846,0.5728192329406738,0.01739668846130371,0.007305622100830078
1736,0,0.507025641025641,940,1000,1,1,1336.0,0,0,2,0,1,2.6201865673065186,0.9615497589111328,0.7609221935272217,0.5732054710388184,0.01741313934326172,0.007310152053833008
1737,0,0.507025641025641,940,1000,1,1,1337.0,0,0,2,0,2,2.621730089187622,0.9620327949523926,0.761502742767334,0.573591947555542,0.017418861389160156,0.007312297821044922
1738,0,0.507025641025641,941,1000,1,1,938.0,0,0,2,0,1,2.6232879161834717,0.9624979496002197,0.7621386051177979,0.5739560127258301,0.017424821853637695,0.007314205169677734
1739,0,0.507025641025641,941,1000,2,2,339.0,0,0,2,0,2,2.6251182556152344,0.9631726741790771,0.7628276348114014,0.574282169342041,0.017438888549804688,0.007317304611206055
1740,0,0.507025641025641,941,1000,3,3,940.0,0,0,2,0,2,2.6267025470733643,0.9636802673339844,0.7634403705596924,0.5746569633483887,0.017445802688598633,0.007319450378417969
1741,0,0.507025641025641,940,1000,6,5,1137.8333333333333,0,0,1,0,2,2.6323583126068115,0.9641914367675781,0.7645609378814697,0.5785834789276123,0.017454147338867188,0.00732111930847168
1742,0,0.507025641025641,940,1000,1,1,1742.0,0,0,0,1,1,2.6337339878082275,0.9651813507080078,0.7648830413818359,0.5785834789276123,0.017454147338867188,0.007326841354370117
1743,0,0.507025641025641,940,1000,2,2,743.0,0,0,2,0,2,2.6357271671295166,0.9658169746398926,0.765692949295044,0.5789968967437744,0.017476320266723633,0.007329463958740234
1744,0,0.507025641025641,940,1000,1,1,144.0,0,0,2,0,2,2.6373424530029297,0.9664008617401123,0.7662882804870605,0.5793275833129883,0.017482519149780273,0.0073320865631103516
1745,0,0.507025641025641,940,1000,1,1,1745.0,0,0,0,1,1,2.6382081508636475,0.9668717384338379,0.7666499614715576,0.5793275833129883,0.017482519149780273,0.007333517074584961
1746,0,0.507025641025641,941,1000,3,3,1079.3333333333333,0,0,1,0,1,2.6398417949676514,0.9673738479614258,0.7672574520111084,0.5796785354614258,0.017496585845947266,0.00733637809753418
1747,0,0.507025641025641,940,1000,2,2,813.6666666666666,0,0,1,0,2,2.641275405883789,0.967848539352417,0.767911434173584,0.5798912048339844,0.017504215240478516,0.007338047027587891
1748,0,0.507025641025641,941,1000,1,1,148.0,0,0,2,0,1,2.643495559692383,0.96866774559021,0.7687516212463379,0.5803055763244629,0.017524242401123047,0.00734257698059082
1749,0,0.507025641025641,941,1000,2,2,749.0,0,0,2,0,2,2.645303726196289,0.9693841934204102,0.7693912982940674,0.580655574798584,0.017534494400024414,0.007345914840698242
1750,0,0.507025641025641,941,1000,1,1,950.0,0,0,2,0,2,2.6483964920043945,0.9704761505126953,0.7705385684967041,0.5812962055206299,0.01756453514099121,0.007347822189331055
1751,0,0.507025641025641,941,1000,1,1,551.0,0,0,2,0,2,2.650946617126465,0.9715311527252197,0.7714149951934814,0.5817210674285889,0.017591476440429688,0.007353782653808594
1752,0,0.507025641025641,941,1000,1,1,1752.0,0,0,0,1,1,2.652472496032715,0.9724147319793701,0.771996021270752,0.5817210674285889,0.017591476440429688,0.007357358932495117
1753,0,0.507025641025641,940,1000,2,2,1153.0,0,0,1,0,2,2.654951333999634,0.9734785556793213,0.7729792594909668,0.582012414932251,0.017612218856811523,0.007361650466918945
1754,0,0.507025641025641,941,1000,1,1,554.0,0,0,2,0,1,2.656846761703491,0.974285364151001,0.773547887802124,0.5823848247528076,0.017627716064453125,0.007366180419921875
1755,0,0.507025641025641,942,1000,2,2,955.0,0,0,2,0,1,2.6583619117736816,0.9747958183288574,0.7741577625274658,0.5826997756958008,0.017634868621826172,0.0073680877685546875
1756,0,0.507025641025641,942,1000,2,2,956.0,0,1,1,0,2,2.6599009037017822,0.9752635955810547,0.7747437953948975,0.5830366611480713,0.01764225959777832,0.0073697566986083984
1757,0,0.507025641025641,942,1000,1,1,1357.0,0,0,2,0,2,2.6614208221435547,0.9757320880889893,0.7753682136535645,0.5833821296691895,0.017647266387939453,0.007370948791503906
1758,0,0.507025641025641,942,1000,2,2,1158.0,0,0,2,0,2,2.6636362075805664,0.9762051105499268,0.776634931564331,0.583747386932373,0.017653942108154297,0.007372140884399414
1759,0,0.507025641025641,942,1000,1,1,159.0,0,0,2,0,2,2.6666831970214844,0.977388858795166,0.7778129577636719,0.5842278003692627,0.01767563819885254,0.007381439208984375
1760,0,0.507025641025641,942,1000,2,2,560.0,0,0,2,0,2,2.6689326763153076,0.9784796237945557,0.7784609794616699,0.5845968723297119,0.017695903778076172,0.00738978385925293
1761,0,0.507025641025641,942,1000,1,1,1761.0,0,0,0,1,1,2.6697590351104736,0.978959321975708,0.7787768840789795,0.5845968723297119,0.017695903778076172,0.007392168045043945
1762,0,0.507025641025641,942,1000,3,3,562.0,0,0,2,0,2,2.6719377040863037,0.979698657989502,0.7796289920806885,0.5850086212158203,0.017717838287353516,0.007393360137939453
1763,0,0.507025641025641,942,1000,1,1,1763.0,0,0,0,1,1,2.67294979095459,0.9803433418273926,0.7799623012542725,0.5850086212158203,0.017717838287353516,0.00739741325378418
1764,0,0.507025641025641,942,1000,1,1,1364.0,0,0,2,0,2,2.6744894981384277,0.9807703495025635,0.7806029319763184,0.585376501083374,0.01772928237915039,0.0073986053466796875
1765,0,0.507025641025641,942,1000,2,2,765.0,0,0,1,0,2,2.676100969314575,0.9812815189361572,0.7812244892120361,0.5857174396514893,0.017737627029418945,0.0074002742767333984
1766,0,0.507025641025641,942,1000,1,1,1366.0,0,0,2,0,2,2.677572011947632,0.9817616939544678,0.7818567752838135,0.586010217666626,0.01774287223815918,0.007402181625366211
1767,0,0.507025641025641,941,1000,1,1,967.0,0,0,1,0,2,2.6791837215423584,0.9822306632995605,0.7826759815216064,0.586237907409668,0.017748355865478516,0.00740361213684082
1768,0,0.507025641025641,941,1000,2,2,768.0,0,0,1,0,1,2.6821160316467285,0.9835615158081055,0.7836401462554932,0.5866339206695557,0.017775535583496094,0.00741267204284668
1769,0,0.507025641025641,941,1000,1,1,1369.0,0,0,2,0,2,2.68416690826416,0.9844992160797119,0.7842767238616943,0.5869789123535156,0.017787456512451172,0.00741887092590332
1770,0,0.507025641025641,940,1000,3,3,970.0,0,0,1,0,2,2.6857333183288574,0.9849848747253418,0.7849721908569336,0.58725905418396,0.01779651641845703,0.007421255111694336
1771,0,0.507025641025641,940,1000,2,2,837.6666666666666,0,0,2,0,2,2.6875510215759277,0.985623836517334,0.7856693267822266,0.5875821113586426,0.017812013626098633,0.0074253082275390625
1772,0,0.507025641025641,940,1000,1,1,1772.0,0,0,0,1,1,2.6884164810180664,0.9861633777618408,0.7859635353088379,0.5875821113586426,0.017812013626098633,0.007427692413330078
1773,0,0.507025641025641,941,1000,1,1,173.0,0,0,2,0,1,2.6899335384368896,0.9866032600402832,0.7865972518920898,0.5879359245300293,0.017818450927734375,0.007428884506225586
1774,0,0.507025641025641,942,1000,4,3,707.3333333333334,0,0,2,0,1,2.6914820671081543,0.987074613571167,0.7872233390808105,0.588292121887207,0.01782512664794922,0.007430076599121094
1775,0,0.507025641025641,942,1000,2,2,775.0,0,1,0,0,2,2.6932857036590576,0.9875595569610596,0.7880220413208008,0.5886631011962891,0.017832040786743164,0.007431507110595703
1776,0,0.507025641025641,942,1000,2,2,1109.3333333333333,0,0,2,0,2,2.698016405105591,0.9883508682250977,0.7892799377441406,0.5912163257598877,0.017843961715698242,0.007434368133544922
1777,0,0.507025641025641,942,1000,3,3,1197.6666666666667,0,0,2,0,2,2.7005319595336914,0.9893743991851807,0.79010009765625,0.5916476249694824,0.0178682804107666,0.007441043853759766
1778,0,0.507025641025641,942,1000,6,4,1344.6,0,0,2,0,2,2.704848051071167,0.9905726909637451,0.7909586429595947,0.5937302112579346,0.017891645431518555,0.007445096969604492
1779,0,0.507025641025641,942,1000,2,1,1779.0,0,0,0,1,1,2.7060184478759766,0.9913411140441895,0.7913036346435547,0.5937302112579346,0.017891645431518555,0.007449626922607422
1780,0,0.507025641025641,941,1000,1,1,180.0,0,0,1,0,2,2.7074763774871826,0.9918482303619385,0.7919378280639648,0.5939233303070068,0.01790618896484375,0.007452487945556641
1781,0,0.507025641025641,941,1000,1,1,1781.0,0,0,0,1,1,2.7082228660583496,0.992232084274292,0.7922682762145996,0.5939233303070068,0.01790618896484375,0.007454395294189453
1782,0,0.507025641025641,941,1000,2,2,782.0,0,0,2,0,2,2.709690809249878,0.9926707744598389,0.7928857803344727,0.5942459106445312,0.0179140567779541,0.007456064224243164
1783,0,0.507025641025641,941,1000,3,3,1206.6666666666667,0,0,2,0,2,2.7112720012664795,0.9931790828704834,0.7934703826904297,0.5946009159088135,0.01792144775390625,0.007457733154296875
1784,0,0.507025641025641,941,1000,2,2,1384.0,0,1,1,0,2,2.713391065597534,0.9936418533325195,0.7945988178253174,0.594965934753418,0.017928361892700195,0.007459163665771484
1785,0,0.507025641025641,940,1000,2,2,985.0,0,0,1,0,2,2.716261625289917,0.994983434677124,0.7955870628356934,0.5953018665313721,0.017954349517822266,0.007491350173950195
1786,0,0.507025641025641,940,1000,1,1,1386.0,0,0,1,0,2,2.7186403274536133,0.9959673881530762,0.7963452339172363,0.5957033634185791,0.01797771453857422,0.00749659538269043
1787,0,0.507025641025641,939,1000,2,2,720.3333333333334,0,0,1,0,2,2.7201364040374756,0.9965684413909912,0.7969160079956055,0.5959241390228271,0.017984867095947266,0.007500171661376953
1788,0,0.507025641025641,939,1000,1,1,988.0,0,0,2,0,2,2.721740245819092,0.9970064163208008,0.7976510524749756,0.5962789058685303,0.0179898738861084,0.0075016021728515625
1789,0,0.507025641025641,938,1000,3,3,1289.0,0,0,1,0,2,2.723236083984375,0.9975426197052002,0.7982687950134277,0.5965390205383301,0.017999887466430664,0.007503509521484375
1790,0,0.507025641025641,938,1000,3,2,790.0,0,0,2,0,2,2.7248687744140625,0.9980640411376953,0.7989122867584229,0.5969138145446777,0.018007278442382812,0.007504701614379883
1791,0,0.507025641025641,939,1000,2,2,1391.0,0,0,2,0,1,2.7264091968536377,0.9985291957855225,0.7995309829711914,0.5972719192504883,0.018013715744018555,0.007506370544433594
1792,0,0.507025641025641,940,1000,1,1,1792.0,0,0,0,1,0,2.727113723754883,0.9989101886749268,0.7998256683349609,0.5972719192504883,0.018013715744018555,0.007507801055908203
1793,0,0.507025641025641,940,1000,1,1,1793.0,0,0,0,1,1,2.7278428077697754,0.9993252754211426,0.8001136779785156,0.5972719192504883,0.018013715744018555,0.007508993148803711
1794,0,0.507025641025641,940,1000,3,3,1260.6666666666667,0,0,2,0,2,2.7300944328308105,0.9997992515563965,0.8013617992401123,0.597632884979248,0.018021345138549805,0.007510185241699219
1795,0,0.507025641025641,940,1000,1,1,1395.0,0,0,2,0,2,2.7336127758026123,1.0013644695281982,0.8024969100952148,0.598228931427002,0.018055200576782227,0.0075185298919677734
1796,0,0.507025641025641,940,1000,3,3,862.6666666666666,0,0,0,0,0,2.734938144683838,1.0025451183319092,0.802497386932373,0.598228931427002,0.018075942993164062,0.007526397705078125
1797,0,0.507025641025641,940,1000,1,1,1797.0,0,0,0,1,1,2.7358810901641846,1.0030913352966309,0.8028595447540283,0.598228931427002,0.018075942993164062,0.007527828216552734
1798,0,0.507025641025641,940,1000,2,2,798.0,0,0,2,0,2,2.737488269805908,1.0035696029663086,0.803499698638916,0.598628044128418,0.018082618713378906,0.007529258728027344
1799,0,0.507025641025641,940,1000,1,1,1399.0,0,0,2,0,2,2.7389867305755615,1.0040206909179688,0.8041460514068604,0.5989441871643066,0.01808786392211914,0.007531166076660156
1800,0,0.507025641025641,940,1000,2,2,1200.0,0,0,2,0,2,2.740473985671997,1.0044748783111572,0.8047463893890381,0.5992839336395264,0.018094778060913086,0.007532358169555664
1801,0,0.507025641025641,941,1000,1,1,601.0,0,0,2,0,1,2.7420122623443604,1.0049498081207275,0.8053727149963379,0.5996272563934326,0.018100500106811523,0.0075337886810302734
1802,0,0.507025641025641,941,1000,3,3,1002.0,0,0,2,0,2,2.743520736694336,1.0054221153259277,0.8059921264648438,0.5999460220336914,0.01810741424560547,0.007535457611083984
1803,0,0.507025641025641,940,1000,3,3,1303.0,0,0,1,0,2,2.744917869567871,1.0058424472808838,0.8066182136535645,0.6002094745635986,0.018114089965820312,0.007536888122558594
1804,0,0.507025641025641,940,1000,1,1,1804.0,0,0,0,1,1,2.745915651321411,1.0063104629516602,0.8071122169494629,0.6002094745635986,0.018114089965820312,0.007538318634033203
1805,0,0.507025641025641,940,1000,2,2,1005.0,0,0,2,0,2,2.7491023540496826,1.0076072216033936,0.8081996440887451,0.6008002758026123,0.0181429386138916,0.007544755935668945
1806,0,0.507025641025641,940,1000,4,4,1206.0,0,0,2,0,2,2.753840446472168,1.008833885192871,0.8091561794281006,0.60308837890625,0.01817035675048828,0.0075531005859375
1807,0,0.507025641025641,940,1000,2,2,1273.6666666666667,0,0,1,0,1,2.755758285522461,1.0097506046295166,0.8098189830780029,0.6033186912536621,0.01818537712097168,0.007557392120361328
1808,0,0.507025641025641,940,1000,1,1,608.0,0,0,2,0,2,2.757240056991577,1.0102026462554932,0.8103992938995361,0.6036796569824219,0.018190622329711914,0.007559537887573242
1809,0,0.507025641025641,940,1000,1,1,1409.0,0,0,2,0,2,2.7588846683502197,1.0107173919677734,0.8110506534576416,0.6040654182434082,0.01819610595703125,0.0075609683990478516
1810,0,0.507025641025641,940,1000,2,2,810.0,0,1,2,0,2,2.760491371154785,1.0112085342407227,0.8116614818572998,0.604417085647583,0.018203020095825195,0.007562398910522461
1811,0,0.507025641025641,940,1000,2,2,777.3333333333334,0,0,1,0,1,2.761881113052368,1.0116395950317383,0.8123214244842529,0.6046147346496582,0.01820993423461914,0.007564067840576172
1812,0,0.507025641025641,940,1000,3,3,1278.6666666666667,0,1,2,0,2,2.7648515701293945,1.0121691226959229,0.813861608505249,0.6052050590515137,0.018227338790893555,0.007565975189208984
1813,0,0.507025641025641,940,1000,3,3,1279.6666666666667,0,0,2,0,2,2.767489433288574,1.0132160186767578,0.8147678375244141,0.6056375503540039,0.01825881004333496,0.0075719356536865234
1814,0,0.507025641025641,939,1000,1,1,1414.0,0,0,1,0,2,2.7692654132843018,1.0139670372009277,0.8154003620147705,0.60591721534729,0.018270254135131836,0.007576942443847656
1815,0,0.507025641025641,938,1000,3,3,1315.0,0,0,1,0,2,2.7707197666168213,1.0144078731536865,0.8160560131072998,0.6061670780181885,0.018276453018188477,0.007578372955322266
1816,0,0.507025641025641,939,1000,2,2,1216.0,0,1,2,0,1,2.772266387939453,1.0148956775665283,0.8166594505310059,0.6064879894256592,0.018284320831298828,0.007579803466796875
1817,0,0.507025641025641,939,1000,1,1,1417.0,0,0,2,0,2,2.773740291595459,1.0153679847717285,0.8172359466552734,0.6068267822265625,0.01828932762145996,0.007581233978271484
1818,0,0.507025641025641,939,1000,4,4,1118.0,0,0,2,0,2,2.7751917839050293,1.015808343887329,0.8178420066833496,0.6071233749389648,0.01829695701599121,0.007582664489746094
1819,0,0.507025641025641,940,1000,4,4,1019.0,0,1,2,0,1,2.776963949203491,1.016258716583252,0.8186781406402588,0.6074740886688232,0.018304824829101562,0.0075838565826416016
1820,0,0.507025641025641,940,1000,3,2,820.0,0,0,2,0,2,2.7786247730255127,1.0167148113250732,0.8194401264190674,0.6078038215637207,0.01831531524658203,0.007585763931274414
1821,0,0.507025641025641,941,1000,1,1,1421.0,0,0,2,0,1,2.781486749649048,1.0178663730621338,0.820389986038208,0.6083378791809082,0.0183413028717041,0.007590770721435547
1822,0,0.507025641025641,940,1000,1,1,1422.0,0,0,1,0,2,2.7837398052215576,1.0188825130462646,0.8211121559143066,0.6086676120758057,0.0183565616607666,0.007594585418701172
1823,0,0.507025641025641,940,1000,2,2,623.0,0,0,2,0,2,2.7856063842773438,1.0196828842163086,0.8217263221740723,0.6089897155761719,0.01837015151977539,0.007598400115966797
1824,0,0.507025641025641,940,1000,1,1,1424.0,0,0,2,0,2,2.7871177196502686,1.0201194286346436,0.8223299980163574,0.6093056201934814,0.018428802490234375,0.007599830627441406
1825,0,0.507025641025641,940,1000,2,2,1225.0,0,0,2,0,2,2.7885985374450684,1.0205814838409424,0.8229494094848633,0.6095964908599854,0.018435239791870117,0.007601499557495117
1826,0,0.507025641025641,939,1000,1,1,1426.0,0,0,1,0,2,2.7901031970977783,1.0210890769958496,0.8235852718353271,0.6098740100860596,0.018439769744873047,0.0076029300689697266
1827,0,0.507025641025641,939,1000,3,3,1293.6666666666667,0,0,2,0,2,2.791624069213867,1.0215554237365723,0.8242053985595703,0.6102116107940674,0.018446683883666992,0.007604122161865234
1828,0,0.507025641025641,939,1000,3,3,1028.0,0,0,2,0,2,2.7931368350982666,1.0220167636871338,0.8247675895690918,0.6105706691741943,0.018453121185302734,0.007605552673339844
1829,0,0.507025641025641,939,1000,4,4,929.0,0,1,2,0,2,2.7947628498077393,1.0224568843841553,0.8255190849304199,0.6108849048614502,0.018461227416992188,0.007606983184814453
1830,0,0.507025641025641,939,1000,1,1,1830.0,0,0,0,1,1,2.7972328662872314,1.0235464572906494,0.8267970085144043,0.6108849048614502,0.018461227416992188,0.007612466812133789
1831,0,0.507025641025641,939,1000,1,1,1831.0,0,0,0,1,1,2.7988522052764893,1.0245230197906494,0.8273701667785645,0.6108849048614502,0.018461227416992188,0.007619619369506836
1832,0,0.507025641025641,939,1000,1,1,1432.0,0,0,2,0,2,2.801426410675049,1.0253312587738037,0.8284397125244141,0.6113967895507812,0.018491744995117188,0.007623195648193359
1833,0,0.507025641025641,939,1000,2,2,1033.0,0,0,2,0,2,2.80369234085083,1.0264112949371338,0.829087495803833,0.6117818355560303,0.018511533737182617,0.007628679275512695
1834,0,0.507025641025641,938,1000,3,3,1034.0,0,0,1,0,2,2.805074691772461,1.0269153118133545,0.8296549320220947,0.6119863986968994,0.018518924713134766,0.007630348205566406
1835,0,0.507025641025641,939,1000,1,1,1435.0,0,0,2,0,1,2.8065435886383057,1.027350902557373,0.8302483558654785,0.612339973449707,0.018524169921875,0.007631778717041016
1836,0,0.507025641025641,939,1000,1,1,1436.0,0,0,0,0,0,2.8070404529571533,1.0277621746063232,0.8302485942840576,0.612339973449707,0.018529176712036133,0.0076329708099365234
1837,0,0.507025641025641,938,1000,2,2,1303.6666666666667,0,0,1,0,2,2.8084404468536377,1.0281832218170166,0.8308799266815186,0.6125984191894531,0.018535852432250977,0.007634162902832031
1838,0,0.507025641025641,939,1000,2,2,838.0,0,0,2,0,1,2.8100085258483887,1.0286586284637451,0.8314657211303711,0.6129255294799805,0.018543004989624023,0.007635593414306641
1839,0,0.507025641025641,939,1000,1,1,1439.0,0,0,2,0,2,2.8143019676208496,1.0293948650360107,0.8325748443603516,0.6152348518371582,0.01855611801147461,0.00763702392578125
1840,0,0.507025641025641,939,1000,2,2,840.0,0,0,2,0,2,2.816544771194458,1.0304021835327148,0.8332383632659912,0.6155924797058105,0.01857733726501465,0.007642507553100586
1841,0,0.507025641025641,939,1000,3,3,1174.3333333333333,0,1,2,0,2,2.81868577003479,1.0313432216644287,0.8339371681213379,0.6159255504608154,0.018594741821289062,0.007645606994628906
1842,0,0.507025641025641,939,1000,1,1,1842.0,0,0,0,1,1,2.819611072540283,1.0319228172302246,0.834247350692749,0.6159255504608154,0.018594741821289062,0.0076487064361572266
1843,0,0.507025641025641,939,1000,1,1,1443.0,0,0,1,0,1,2.8209660053253174,1.0323631763458252,0.8348348140716553,0.6161699295043945,0.018601417541503906,0.007649898529052734
1844,0,0.507025641025641,939,1000,3,3,1009.5,0,1,2,0,2,2.824195146560669,1.032822847366333,0.8354120254516602,0.6182143688201904,0.018609046936035156,0.007651567459106445
1845,0,0.507025641025641,940,1000,1,1,1045.0,0,0,2,0,1,2.8258352279663086,1.0332756042480469,0.8360817432403564,0.6186385154724121,0.018614530563354492,0.007652997970581055
1846,0,0.507025641025641,940,1000,2,2,1179.3333333333333,0,0,2,0,2,2.828272581100464,1.0341243743896484,0.837022066116333,0.6190733909606934,0.01863861083984375,0.0076580047607421875
1847,0,0.507025641025641,940,1000,3,2,1247.0,0,0,2,0,2,2.8317441940307617,1.0357110500335693,0.8380653858184814,0.6196258068084717,0.018671274185180664,0.007662296295166016
1848,0,0.507025641025641,940,1000,2,2,1248.0,0,0,1,0,2,2.8339502811431885,1.0366413593292236,0.8387975692749023,0.619978666305542,0.018688678741455078,0.007667064666748047
1849,0,0.507025641025641,940,1000,1,1,1849.0,0,0,0,1,1,2.8348934650421143,1.0372540950775146,0.8390927314758301,0.619978666305542,0.018688678741455078,0.007670402526855469
1850,0,0.507025641025641,939,1000,1,1,650.0,0,0,1,0,2,2.836297035217285,1.037714958190918,0.8397269248962402,0.6201808452606201,0.018697023391723633,0.00767207145690918
1851,0,0.507025641025641,939,1000,2,2,651.0,0,0,1,0,1,2.8376054763793945,1.0381715297698975,0.8403065204620361,0.620358943939209,0.018704652786254883,0.007673501968383789
1852,0,0.507025641025641,940,1000,2,2,452.0,0,0,1,0,1,2.840834856033325,1.0386009216308594,0.8408784866333008,0.6224348545074463,0.018710851669311523,0.0076751708984375
1853,0,0.507025641025641,940,1000,1,1,1853.0,0,0,0,1,1,2.84224271774292,1.0393693447113037,0.841458797454834,0.6224348545074463,0.018710851669311523,0.007676839828491211
1854,0,0.507025641025641,940,1000,3,3,1187.3333333333333,0,1,2,0,2,2.8442487716674805,1.0400657653808594,0.8421351909637451,0.6228623390197754,0.018728017807006836,0.007680654525756836
1855,0,0.507025641025641,940,1000,1,1,1855.0,0,0,0,1,1,2.845003366470337,1.0405023097991943,0.8424270153045654,0.6228623390197754,0.018728017807006836,0.007682323455810547
1856,0,0.507025641025641,942,1000,3,3,1056.0,0,0,2,0,0,2.8475592136383057,1.0411014556884766,0.8433589935302734,0.6235976219177246,0.01875591278076172,0.007683992385864258
1857,0,0.507025641025641,942,1000,1,1,1457.0,0,0,2,0,2,2.8516242504119873,1.042161464691162,0.8441212177276611,0.6256375312805176,0.018775463104248047,0.007689714431762695
1858,0,0.507025641025641,942,1000,2,2,1458.0,0,0,2,0,2,2.8551528453826904,1.042837142944336,0.8447380065917969,0.6277573108673096,0.018786191940307617,0.007693052291870117
1859,0,0.507025641025641,941,1000,1,1,1459.0,0,0,1,0,2,2.856586456298828,1.0433197021484375,0.8453783988952637,0.6279947757720947,0.018791913986206055,0.007694721221923828
1860,0,0.507025641025641,941,1000,2,1,1860.0,0,0,0,1,1,2.8576974868774414,1.0437822341918945,0.8458471298217773,0.6279947757720947,0.018791913986206055,0.0076961517333984375
1861,0,0.507025641025641,940,1000,1,1,1461.0,0,0,1,0,2,2.8594412803649902,1.0444717407226562,0.8464710712432861,0.6283044815063477,0.01880645751953125,0.007699489593505859
1862,0,0.507025641025641,940,1000,4,4,1062.0,0,0,2,0,2,2.8610055446624756,1.0449504852294922,0.8471100330352783,0.6286501884460449,0.018814802169799805,0.0077016353607177734
1863,0,0.507025641025641,940,1000,1,1,1863.0,0,0,0,1,1,2.86191987991333,1.0455222129821777,0.8474195003509521,0.6286501884460449,0.018814802169799805,0.007702827453613281
1864,0,0.507025641025641,940,1000,1,1,112.0,0,0,2,0,2,2.8642561435699463,1.045985460281372,0.8485145568847656,0.6292839050292969,0.018831968307495117,0.007704257965087891
1865,0,0.507025641025641,940,1000,2,2,665.0,0,0,2,0,2,2.868366003036499,1.0469870567321777,0.8492977619171143,0.6314237117767334,0.018854141235351562,0.007710456848144531
1866,0,0.507025641025641,941,1000,3,3,666.0,0,1,2,0,1,2.870281457901001,1.0477495193481445,0.8499095439910889,0.6317822933197021,0.018870115280151367,0.007714271545410156
1867,0,0.507025641025641,941,1000,1,1,1467.0,0,0,2,0,2,2.876051664352417,1.0482351779937744,0.8508045673370361,0.6360740661621094,0.018876075744628906,0.007715702056884766
1868,0,0.507025641025641,941,1000,1,1,1468.0,0,0,2,0,2,2.8781087398529053,1.0491571426391602,0.8514013290405273,0.6364643573760986,0.018890380859375,0.007720232009887695
1869,0,0.507025641025641,941,1000,1,1,669.0,0,0,2,0,2,2.882138729095459,1.049630880355835,0.8523907661437988,0.638899564743042,0.01889634132385254,0.007721900939941406
1870,0,0.507025641025641,941,1000,2,2,1270.0,0,0,2,0,2,2.8842055797576904,1.0505015850067139,0.8530709743499756,0.6392776966094971,0.01891636848449707,0.007727622985839844
1871,0,0.507025641025641,941,1000,1,1,1071.0,0,0,2,0,2,2.8862390518188477,1.0513148307800293,0.85378098487854,0.6396450996398926,0.018930912017822266,0.0077304840087890625
1872,0,0.507025641025641,940,1000,1,1,1472.0,0,0,1,0,2,2.8877062797546387,1.0518009662628174,0.8543787002563477,0.6399340629577637,0.018936872482299805,0.007732868194580078
1873,0,0.507025641025641,939,1000,1,1,1073.0,0,0,1,0,2,2.889134645462036,1.0522103309631348,0.8550858497619629,0.640162467956543,0.018941879272460938,0.007734537124633789
1874,0,0.507025641025641,938,1000,1,1,1474.0,0,0,1,0,2,2.8907668590545654,1.0527887344360352,0.8557617664337158,0.6404266357421875,0.018954992294311523,0.007737159729003906
1875,0,0.507025641025641,938,1000,2,2,1075.0,0,0,2,0,2,2.8924620151519775,1.0533175468444824,0.8563852310180664,0.6408107280731201,0.018964529037475586,0.007739067077636719
1876,0,0.507025641025641,937,1000,1,1,1476.0,0,0,1,0,2,2.8939106464385986,1.0537855625152588,0.8569989204406738,0.6411025524139404,0.018970251083374023,0.007740497589111328
1877,0,0.507025641025641,938,1000,3,3,1210.3333333333333,0,0,2,0,1,2.8954343795776367,1.054213285446167,0.8575515747070312,0.6414892673492432,0.01897716522216797,0.0077419281005859375
1878,0,0.507025641025641,938,1000,1,1,278.0,0,0,1,0,1,2.8977503776550293,1.0549185276031494,0.8584697246551514,0.6419994831085205,0.018999814987182617,0.00774383544921875
1879,0,0.507025641025641,938,1000,2,2,1279.0,0,0,2,0,2,2.9001615047454834,1.055999517440796,0.8592431545257568,0.6423912048339844,0.01902174949645996,0.007749319076538086
1880,0,0.507025641025641,938,1000,2,1,1880.0,0,0,0,1,1,2.9012274742126465,1.0567350387573242,0.8595244884490967,0.6423912048339844,0.01902174949645996,0.007752656936645508
1881,0,0.507025641025641,938,1000,3,3,1347.6666666666667,0,1,2,0,2,2.9028520584106445,1.0572164058685303,0.860145092010498,0.6427578926086426,0.019034862518310547,0.007754325866699219
1882,0,0.507025641025641,938,1000,1,1,1882.0,0,0,0,1,1,2.903611898422241,1.0576539039611816,0.8604414463043213,0.6427578926086426,0.019034862518310547,0.00775599479675293
1883,0,0.507025641025641,937,1000,1,1,683.0,0,0,1,0,2,2.9050631523132324,1.0580708980560303,0.8611714839935303,0.6429824829101562,0.019040346145629883,0.0077571868896484375
1884,0,0.507025641025641,937,1000,2,2,1084.0,0,0,2,0,2,2.907027244567871,1.058868169784546,0.8618061542510986,0.643378496170044,0.019057273864746094,0.007761240005493164
1885,0,0.507025641025641,937,1000,1,1,685.0,0,0,2,0,2,2.9085915088653564,1.0594143867492676,0.8623769283294678,0.6437382698059082,0.019063711166381836,0.007763385772705078
1886,0,0.507025641025641,937,1000,3,3,819.3333333333334,0,1,1,0,2,2.9118402004241943,1.0598945617675781,0.8629741668701172,0.6457529067993164,0.01907205581665039,0.007765293121337891
1887,0,0.507025641025641,937,1000,1,1,1887.0,0,0,0,1,1,2.9130663871765137,1.0603997707366943,0.8636398315429688,0.6457529067993164,0.01907205581665039,0.0077667236328125
1888,0,0.507025641025641,938,1000,2,2,888.0,0,0,2,0,1,2.915917158126831,1.0616519451141357,0.8645105361938477,0.6462838649749756,0.019098520278930664,0.007775068283081055
1889,0,0.507025641025641,937,1000,2,1,1089.0,0,0,1,0,2,2.9178171157836914,1.0624451637268066,0.8652534484863281,0.6465184688568115,0.019110679626464844,0.007780313491821289
1890,0,0.507025641025641,938,1000,2,2,1290.0,0,0,1,0,1,2.9196858406066895,1.0632274150848389,0.8658485412597656,0.6468508243560791,0.019121885299682617,0.0077838897705078125
1891,0,0.507025641025641,939,1000,1,1,1491.0,0,0,2,0,1,2.9214203357696533,1.0636944770812988,0.8665950298309326,0.6472787857055664,0.01912689208984375,0.007785320281982422
1892,0,0.507025641025641,939,1000,2,2,692.0,0,0,2,0,2,2.9235498905181885,1.064666748046875,0.8672068119049072,0.6476826667785645,0.019144535064697266,0.007790088653564453
1893,0,0.507025641025641,939,1000,2,2,893.0,0,0,2,0,2,2.9268078804016113,1.0651664733886719,0.8678348064422607,0.6497128009796143,0.019151687622070312,0.007792472839355469
1894,0,0.507025641025641,939,1000,1,1,1094.0,0,0,1,0,1,2.928154230117798,1.0656187534332275,0.8683991432189941,0.6499533653259277,0.01915740966796875,0.007793903350830078
1895,0,0.507025641025641,939,1000,2,2,1295.0,0,0,2,0,2,2.9304144382476807,1.0660758018493652,0.8696901798248291,0.6503458023071289,0.0191648006439209,0.0077953338623046875
1896,0,0.507025641025641,938,1000,1,1,296.0,0,0,1,0,2,2.932553768157959,1.0671217441558838,0.8703842163085938,0.650592565536499,0.01918315887451172,0.0078012943267822266
1897,0,0.507025641025641,938,1000,1,1,1497.0,0,0,2,0,2,2.9344332218170166,1.0677382946014404,0.8711898326873779,0.6509485244750977,0.01919269561767578,0.007805585861206055
1898,0,0.507025641025641,938,1000,2,2,898.0,0,0,2,0,2,2.936267852783203,1.068471908569336,0.8718020915985107,0.6513381004333496,0.019202709197998047,0.007808208465576172
1899,0,0.507025641025641,939,1000,2,2,1299.0,0,0,2,0,1,2.942154884338379,1.0689668655395508,0.876082181930542,0.652254581451416,0.019219636917114258,0.007809877395629883
1900,0,0.507025641025641,938,1000,2,2,700.0,0,0,1,0,2,2.948376178741455,1.0711779594421387,0.8789989948272705,0.653005838394165,0.01926875114440918,0.007826805114746094
1901,0,0.507025641025641,938,1000,1,1,301.0,0,0,2,0,2,2.951108455657959,1.072284460067749,0.880011796951294,0.6534535884857178,0.01929187774658203,0.007834196090698242
1902,0,0.507025641025641,938,1000,2,1,302.0,0,0,1,0,1,2.953486204147339,1.0734190940856934,0.880871057510376,0.6536800861358643,0.019310474395751953,0.007839202880859375
1903,0,0.507025641025641,937,1000,1,1,1503.0,0,0,1,0,2,2.955317974090576,1.0742545127868652,0.8814775943756104,0.6539452075958252,0.019320964813232422,0.007843494415283203
1904,0,0.507025641025641,938,1000,3,3,1104.0,0,1,1,0,1,2.9570133686065674,1.0748112201690674,0.8821008205413818,0.6543073654174805,0.019328832626342773,0.007844686508178711
1905,0,0.507025641025641,937,1000,2,2,1238.3333333333333,0,0,1,0,2,2.9583659172058105,1.0752627849578857,0.8826704025268555,0.6545519828796387,0.019335508346557617,0.007846593856811523
1906,0,0.507025641025641,938,1000,1,1,1906.0,0,0,0,1,0,2.9591166973114014,1.0756866931915283,0.8829667568206787,0.6545519828796387,0.019335508346557617,0.007848024368286133
1907,0,0.507025641025641,938,1000,2,2,1507.0,0,1,2,0,2,2.960674285888672,1.0761525630950928,0.883577823638916,0.6549150943756104,0.019342422485351562,0.00784921646118164
1908,0,0.507025641025641,938,1000,4,4,1208.0,0,1,2,0,2,2.964517116546631,1.0765810012817383,0.8844785690307617,0.6572604179382324,0.019350767135620117,0.00785064697265625
1909,0,0.507025641025641,938,1000,2,2,1509.0,0,1,2,0,2,2.966592788696289,1.0774378776550293,0.885108470916748,0.6576483249664307,0.01937079429626465,0.007855892181396484
1910,0,0.507025641025641,938,1000,1,1,1910.0,0,0,0,1,1,2.9683706760406494,1.0785131454467773,0.8857407569885254,0.6576483249664307,0.01937079429626465,0.007861137390136719
1911,0,0.507025641025641,939,1000,1,1,1111.0,0,0,2,0,1,2.9701168537139893,1.0791044235229492,0.8863241672515869,0.6580641269683838,0.01938652992248535,0.007864952087402344
1912,0,0.507025641025641,939,1000,2,2,712.0,0,0,2,0,2,2.9716250896453857,1.0795047283172607,0.8869533538818359,0.6584522724151611,0.0193939208984375,0.007867097854614258
1913,0,0.507025641025641,939,1000,3,3,1246.3333333333333,0,1,2,0,2,2.973248243331909,1.07993483543396,0.8876016139984131,0.65883469581604,0.01940178871154785,0.007868766784667969
1914,0,0.507025641025641,939,1000,3,3,980.6666666666666,0,0,0,0,0,2.973790407180786,1.0803894996643066,0.8876018524169922,0.65883469581604,0.0194089412689209,0.007869958877563477
1915,0,0.507025641025641,939,1000,1,1,1515.0,0,0,2,0,2,2.9770820140838623,1.0808734893798828,0.8882343769073486,0.660912275314331,0.01941394805908203,0.007871150970458984
1916,0,0.507025641025641,939,1000,3,3,1249.3333333333333,0,0,2,0,2,2.9786956310272217,1.0813593864440918,0.8888874053955078,0.6612911224365234,0.01942133903503418,0.007872819900512695
1917,0,0.507025641025641,940,1000,1,1,1441.0,0,0,2,0,1,2.9810101985931396,1.0819768905639648,0.8899402618408203,0.6617946624755859,0.0194399356842041,0.007874250411987305
1918,0,0.507025641025641,940,1000,2,2,1518.0,0,1,2,0,2,2.983981132507324,1.083047866821289,0.8909237384796143,0.6623713970184326,0.019515275955200195,0.007880449295043945
1919,0,0.507025641025641,940,1000,2,2,1519.0,0,0,2,0,2,2.9860310554504395,1.0839035511016846,0.8915255069732666,0.6627764701843262,0.019532203674316406,0.007886171340942383
1920,0,0.507025641025641,939,1000,2,2,1220.0,0,0,1,0,2,2.9875035285949707,1.0844519138336182,0.892103910446167,0.6630256175994873,0.01954030990600586,0.007888078689575195
1921,0,0.507025641025641,939,1000,1,1,1921.0,0,0,0,1,1,2.9882473945617676,1.0848770141601562,0.8923947811126709,0.6630256175994873,0.01954030990600586,0.007889509201049805
1922,0,0.507025641025641,939,1000,2,1,1922.0,0,0,0,1,1,2.9890244007110596,1.0853288173675537,0.8926920890808105,0.6630256175994873,0.01954030990600586,0.007890939712524414
1923,0,0.507025641025641,939,1000,1,1,1923.0,0,0,0,1,1,2.9897186756134033,1.0857188701629639,0.8929688930511475,0.6630256175994873,0.01954030990600586,0.00789189338684082
1924,0,0.507025641025641,938,1000,1,1,1524.0,0,0,1,0,2,2.991121292114258,1.0861701965332031,0.8935821056365967,0.6632874011993408,0.019547462463378906,0.00789332389831543
1925,0,0.507025641025641,938,1000,4,4,1125.0,0,0,1,0,2,2.9926259517669678,1.0865981578826904,0.8941950798034668,0.663630485534668,0.01955580711364746,0.00789499282836914
1926,0,0.507025641025641,938,1000,3,3,1126.0,0,1,2,0,2,2.9941530227661133,1.0870234966278076,0.8947999477386475,0.6639697551727295,0.019564151763916016,0.00789642333984375
1927,0,0.507025641025641,938,1000,1,1,727.0,0,0,2,0,2,2.997976064682007,1.0874266624450684,0.8957545757293701,0.6663258075714111,0.01956939697265625,0.007898092269897461
1928,0,0.507025641025641,938,1000,2,2,1328.0,0,0,0,0,0,2.9993441104888916,1.088622808456421,0.8957555294036865,0.6663258075714111,0.019594192504882812,0.007903575897216797
1929,0,0.507025641025641,938,1000,1,1,1529.0,0,0,2,0,2,3.0013694763183594,1.089287519454956,0.89658522605896,0.6667501926422119,0.01960134506225586,0.007907629013061523
1930,0,0.507025641025641,938,1000,1,1,1930.0,0,0,0,1,1,3.0022530555725098,1.0898311138153076,0.8968873023986816,0.6667501926422119,0.01960134506225586,0.007910728454589844
1931,0,0.507025641025641,939,1000,1,1,1931.0,0,0,0,1,0,3.003011703491211,1.0902884006500244,0.8971643447875977,0.6667501926422119,0.01960134506225586,0.007911920547485352
1932,0,0.507025641025641,938,1000,1,1,732.0,0,0,1,0,2,3.004345655441284,1.0906953811645508,0.8977599143981934,0.6669812202453613,0.01960921287536621,0.007913351058959961
1933,0,0.507025641025641,938,1000,1,1,1933.0,0,0,0,1,1,3.005077362060547,1.0911071300506592,0.8980522155761719,0.6669812202453613,0.01960921287536621,0.007915019989013672
1934,0,0.507025641025641,939,1000,2,2,934.0,0,0,1,0,1,3.006638288497925,1.0915610790252686,0.8986334800720215,0.6673629283905029,0.01961684226989746,0.007916450500488281
1935,0,0.507025641025641,939,1000,1,1,1935.0,0,0,0,1,1,3.00736403465271,1.0919535160064697,0.8989436626434326,0.6673629283905029,0.01961684226989746,0.00791788101196289
1936,0,0.507025641025641,939,1000,2,2,936.0,0,0,2,0,2,3.008894920349121,1.092355489730835,0.8995919227600098,0.6677553653717041,0.019623517990112305,0.007919073104858398
1937,0,0.507025641025641,939,1000,1,1,1537.0,0,0,2,0,2,3.0104527473449707,1.0928208827972412,0.9002046585083008,0.6681458950042725,0.01962876319885254,0.007920265197753906
1938,0,0.507025641025641,938,1000,2,2,1404.6666666666667,0,0,1,0,2,3.0120012760162354,1.0932707786560059,0.9009056091308594,0.6684582233428955,0.019635677337646484,0.007921695709228516
1939,0,0.507025641025641,939,1000,2,2,1539.0,0,0,2,0,1,3.014491558074951,1.0938363075256348,0.9020085334777832,0.6691091060638428,0.019655466079711914,0.007923364639282227
1940,0,0.507025641025641,939,1000,1,1,1940.0,0,0,0,1,1,3.015754461288452,1.094719648361206,0.9023330211639404,0.6691091060638428,0.019655466079711914,0.00792837142944336
1941,0,0.507025641025641,939,1000,1,1,1941.0,0,0,0,1,1,3.01662278175354,1.0952348709106445,0.9026544094085693,0.6691091060638428,0.019655466079711914,0.00793004035949707
1942,0,0.507025641025641,939,1000,1,1,1542.0,0,0,2,0,2,3.018597364425659,1.0958821773529053,0.90338134765625,0.6695666313171387,0.01967310905456543,0.007932424545288086
1943,0,0.507025641025641,939,1000,4,4,1143.0,0,0,2,0,2,3.0203638076782227,1.096501350402832,0.9040029048919678,0.6699481010437012,0.019684553146362305,0.007935523986816406
1944,0,0.507025641025641,939,1000,3,3,1444.0,0,0,1,0,1,3.021793842315674,1.0969910621643066,0.9045650959014893,0.6702351570129395,0.01969170570373535,0.007937431335449219
1945,0,0.507025641025641,939,1000,3,3,1145.0,0,0,2,0,2,3.023408889770508,1.0974540710449219,0.905181884765625,0.6706104278564453,0.019698381423950195,0.00793910026550293
1946,0,0.507025641025641,939,1000,3,3,1412.6666666666667,0,0,2,0,2,3.024998188018799,1.0979344844818115,0.9057984352111816,0.6709897518157959,0.01970529556274414,0.007940292358398438
1947,0,0.507025641025641,938,1000,3,3,1147.0,0,0,1,0,2,3.0266876220703125,1.0985615253448486,0.9064698219299316,0.6712775230407715,0.01971268653869629,0.007941722869873047
1948,0,0.507025641025641,938,1000,1,1,1548.0,0,0,2,0,2,3.0282044410705566,1.0990056991577148,0.9070718288421631,0.6716513633728027,0.019718170166015625,0.007943391799926758
1949,0,0.507025641025641,938,1000,2,2,1149.0,0,0,2,0,2,3.03035044670105,1.0995118618011475,0.9082076549530029,0.6720578670501709,0.019727230072021484,0.007944583892822266
1950,0,0.507025641025641,938,1000,3,3,750.0,0,0,1,0,2,3.0329036712646484,1.1005587577819824,0.9090747833251953,0.6724908351898193,0.01974940299987793,0.007950544357299805
1951,0,0.507025641025641,938,1000,3,3,1284.3333333333333,0,0,2,0,2,3.0350871086120605,1.101426601409912,0.9098155498504639,0.6729142665863037,0.019768476486206055,0.007954597473144531
1952,0,0.507025641025641,938,1000,2,2,952.0,0,0,2,0,2,3.0367753505706787,1.1020207405090332,0.9103989601135254,0.6732816696166992,0.019777536392211914,0.007958173751831055
1953,0,0.507025641025641,938,1000,2,1,1953.0,0,0,0,1,1,3.0376017093658447,1.102515697479248,0.9106988906860352,0.6732816696166992,0.019777536392211914,0.007960081100463867
1954,0,0.507025641025641,938,1000,1,1,1154.0,0,0,2,0,2,3.0391054153442383,1.1029837131500244,0.911280632019043,0.6736383438110352,0.019782543182373047,0.007961511611938477
1955,0,0.507025641025641,937,1000,1,1,1555.0,0,0,1,0,2,3.0405008792877197,1.103407859802246,0.9118764400482178,0.6739270687103271,0.01978778839111328,0.007962942123413086
1956,0,0.507025641025641,937,1000,1,1,1956.0,0,0,0,1,1,3.0412797927856445,1.1038382053375244,0.9121956825256348,0.6739270687103271,0.01978778839111328,0.007964611053466797
1957,0,0.507025641025641,937,1000,1,1,1957.0,0,0,0,1,1,3.0420119762420654,1.1042473316192627,0.9124982357025146,0.6739270687103271,0.01978778839111328,0.007966041564941406
1958,0,0.507025641025641,938,1000,2,2,758.0,0,0,2,0,1,3.043490171432495,1.1046473979949951,0.9131186008453369,0.6742980480194092,0.019796133041381836,0.007967472076416016
1959,0,0.507025641025641,938,1000,3,3,1459.0,0,0,1,0,1,3.0448622703552246,1.1050748825073242,0.9136908054351807,0.6745843887329102,0.019802570343017578,0.007969141006469727
1960,0,0.507025641025641,938,1000,1,1,1960.0,0,0,0,1,1,3.045682668685913,1.105520486831665,0.9140362739562988,0.6745843887329102,0.019802570343017578,0.007970571517944336
1961,0,0.507025641025641,938,1000,3,2,761.0,0,1,2,0,2,3.0487122535705566,1.1067571640014648,0.9150028228759766,0.6751008033752441,0.019826650619506836,0.00797414779663086
1962,0,0.507025641025641,938,1000,1,1,362.0,0,0,2,0,2,3.050783395767212,1.1076509952545166,0.9156656265258789,0.6754896640777588,0.019838809967041016,0.007978200912475586
1963,0,0.507025641025641,937,1000,1,1,363.0,0,0,1,0,2,3.052276611328125,1.1082158088684082,0.9163076877593994,0.6756737232208252,0.019845008850097656,0.007980585098266602
1964,0,0.507025641025641,936,1000,2,2,1430.6666666666667,0,0,1,0,2,3.05368709564209,1.108659267425537,0.9168963432312012,0.6759636402130127,0.019852876663208008,0.007982015609741211
1965,0,0.507025641025641,936,1000,1,1,1965.0,0,0,0,1,1,3.0545201301574707,1.1091439723968506,0.9172096252441406,0.6759636402130127,0.019852876663208008,0.007983684539794922
1966,0,0.507025641025641,935,1000,3,3,1066.0,0,0,1,0,2,3.055964708328247,1.1096177101135254,0.9178342819213867,0.6762151718139648,0.019860029220581055,0.007985115051269531
1967,0,0.507025641025641,935,1000,3,3,1571.0,0,0,1,0,2,3.0575318336486816,1.1101090908050537,0.9184169769287109,0.6765611171722412,0.019867897033691406,0.00798654556274414
1968,0,0.507025641025641,935,1000,1,1,1568.0,0,0,2,0,2,3.0590097904205322,1.1105444431304932,0.9190011024475098,0.6769258975982666,0.019872665405273438,0.007987737655639648
1969,0,0.507025641025641,935,1000,1,1,1969.0,0,0,0,1,1,3.0598058700561523,1.1109883785247803,0.9193234443664551,0.6769258975982666,0.019872665405273438,0.007989168167114258
1970,0,0.507025641025641,935,1000,2,1,370.0,0,0,0,0,0,3.0603389739990234,1.1114485263824463,0.9193239212036133,0.6769258975982666,0.019878625869750977,0.007990360260009766
1971,0,0.507025641025641,935,1000,2,2,1571.0,0,0,2,0,2,3.0618326663970947,1.1118566989898682,0.9199416637420654,0.6773169040679932,0.019884824752807617,0.007991313934326172
1972,0,0.507025641025641,935,1000,3,3,905.3333333333334,0,0,0,0,0,3.0630288124084473,1.1128928661346436,0.91994309425354,0.6773169040679932,0.019909381866455078,0.00799250602722168
1973,0,0.507025641025641,935,1000,2,2,773.0,0,0,1,0,2,3.0660996437072754,1.1143710613250732,0.9208719730377197,0.6777679920196533,0.019935131072998047,0.00799703598022461
1974,0,0.507025641025641,934,1000,1,1,1174.0,0,0,1,0,2,3.0680315494537354,1.1151320934295654,0.9216327667236328,0.6780521869659424,0.01994609832763672,0.008001565933227539
1975,0,0.507025641025641,934,1000,2,1,1175.0,0,0,1,0,1,3.069786787033081,1.1159589290618896,0.9222266674041748,0.6782827377319336,0.01995539665222168,0.00800466537475586
1976,0,0.507025641025641,934,1000,2,1,776.0,0,0,2,0,2,3.0713934898376465,1.1164782047271729,0.9228804111480713,0.6786191463470459,0.019960641860961914,0.00800633430480957
1977,0,0.507025641025641,934,1000,3,3,1443.6666666666667,0,0,2,0,2,3.072977304458618,1.1169428825378418,0.9235007762908936,0.6790051460266113,0.019968032836914062,0.008008003234863281
1978,0,0.507025641025641,933,1000,2,1,1178.0,0,0,1,0,2,3.0744359493255615,1.1173996925354004,0.9241824150085449,0.6792442798614502,0.0199739933013916,0.008009672164916992
1979,0,0.507025641025641,932,1000,2,2,779.0,0,0,1,0,2,3.0774481296539307,1.1179041862487793,0.9247827529907227,0.6810665130615234,0.01998138427734375,0.008011102676391602
1980,0,0.507025641025641,932,1000,1,1,380.0,0,0,2,0,2,3.0804131031036377,1.1188335418701172,0.9260919094085693,0.6816534996032715,0.019995927810668945,0.008012533187866211
1981,0,0.507025641025641,931,1000,2,2,1047.6666666666667,0,0,1,0,2,3.082491874694824,1.1198084354400635,0.9267785549163818,0.6819324493408203,0.020018577575683594,0.008019447326660156
1982,0,0.507025641025641,931,1000,3,3,1048.6666666666667,0,1,1,0,2,3.084522247314453,1.1204438209533691,0.9275979995727539,0.6823339462280273,0.020031452178955078,0.008024215698242188
1983,0,0.507025641025641,931,1000,1,1,1983.0,0,0,0,1,1,3.0856828689575195,1.1212000846862793,0.9279599189758301,0.6823339462280273,0.020031452178955078,0.008027315139770508
1984,0,0.507025641025641,931,1000,1,1,1584.0,0,0,2,0,2,3.087228298187256,1.1216449737548828,0.9285538196563721,0.6827244758605957,0.020042896270751953,0.008028507232666016
1985,0,0.507025641025641,931,1000,1,1,1985.0,0,0,0,1,1,3.087972640991211,1.1220672130584717,0.9288489818572998,0.6827244758605957,0.020042896270751953,0.008029937744140625
1986,0,0.507025641025641,931,1000,1,1,786.0,0,0,2,0,2,3.0895822048187256,1.1225690841674805,0.9294769763946533,0.683112621307373,0.020048856735229492,0.008031368255615234
1987,0,0.507025641025641,931,1000,1,1,1987.0,0,0,0,1,1,3.0903520584106445,1.1229960918426514,0.9297921657562256,0.683112621307373,0.020048856735229492,0.008033037185668945
1988,0,0.507025641025641,932,1000,1,1,1988.0,0,0,0,1,0,3.091057538986206,1.1234025955200195,0.9300684928894043,0.683112621307373,0.020048856735229492,0.008034229278564453
1989,0,0.507025641025641,932,1000,3,3,1189.0,0,1,2,0,2,3.0926120281219482,1.1238572597503662,0.9306819438934326,0.6834604740142822,0.020056724548339844,0.008035421371459961
1990,0,0.507025641025641,932,1000,3,3,1456.6666666666667,0,0,0,0,0,3.093165636062622,1.124312162399292,0.9306821823120117,0.6834604740142822,0.02006387710571289,0.008036613464355469
1991,0,0.507025641025641,932,1000,2,2,1391.0,0,0,1,0,2,3.0951335430145264,1.1246967315673828,0.9314465522766113,0.6840028762817383,0.02006983757019043,0.008037805557250977
1992,0,0.507025641025641,932,1000,2,2,1058.6666666666667,0,0,2,0,2,3.0996172428131104,1.1255292892456055,0.9324309825897217,0.6864628791809082,0.020095109939575195,0.008040904998779297
1993,0,0.507025641025641,932,1000,2,2,1193.0,0,1,2,0,2,3.101729393005371,1.1263999938964844,0.93304443359375,0.6868560314178467,0.02011561393737793,0.008046150207519531
1994,0,0.507025641025641,932,1000,1,1,1994.0,0,0,0,1,1,3.1025662422180176,1.1268999576568604,0.9333467483520508,0.6868560314178467,0.02011561393737793,0.008048772811889648
1995,0,0.507025641025641,932,1000,1,1,1195.0,0,0,2,0,2,3.1042068004608154,1.1273677349090576,0.9339492321014404,0.6872529983520508,0.02012467384338379,0.008133649826049805
1996,0,0.507025641025641,932,1000,1,1,1996.0,0,0,0,1,1,3.104971408843994,1.1278278827667236,0.9342234134674072,0.6872529983520508,0.02012467384338379,0.008135080337524414
1997,0,0.507025641025641,931,1000,3,3,1497.0,0,0,1,0,2,3.106387138366699,1.128272533416748,0.9348239898681641,0.6875338554382324,0.02013230323791504,0.008136272430419922
1998,0,0.507025641025641,932,1000,2,2,798.0,0,0,2,0,1,3.1078712940216064,1.1287078857421875,0.9354205131530762,0.6878993511199951,0.020139455795288086,0.00813746452331543
1999,0,0.5063589743589747,932,1000,3,2,799.0,0,0,2,0,2,3.109649181365967,1.1291513442993164,0.936028242111206,0.68827223777771,0.02014636993408203,0.00813913345336914
2000,0,0.5063589743589747,932,1000,3,3,933.3333333333334,0,0,2,0,2,3.112027168273926,1.1300246715545654,0.9369368553161621,0.6886835098266602,0.02016592025756836,0.008346796035766602
2001,0,0.5063589743589747,932,1000,1,1,2001.0,0,0,0,1,1,3.114128351211548,1.1309611797332764,0.9379751682281494,0.6886835098266602,0.02016592025756836,0.008351325988769531
2002,0,0.5063589743589747,932,1000,1,1,2002.0,0,0,0,1,1,3.115610361099243,1.1319591999053955,0.9384012222290039,0.6886835098266602,0.02016592025756836,0.00835728645324707
2003,0,0.5063589743589747,932,1000,1,1,1603.0,0,0,2,0,2,3.1173079013824463,1.1323909759521484,0.9391524791717529,0.689082145690918,0.020183801651000977,0.008359193801879883
2004,0,0.5063589743589747,933,1000,2,2,1604.0,0,0,1,0,1,3.11916446685791,1.1330766677856445,0.9398031234741211,0.6894536018371582,0.02019953727722168,0.008362531661987305
2005,0,0.5063589743589747,932,1000,1,1,1605.0,0,0,1,0,2,3.1206166744232178,1.1335504055023193,0.9403843879699707,0.689744234085083,0.020204782485961914,0.008363962173461914
2006,0,0.5063589743589747,933,1000,1,1,1206.0,0,0,2,0,1,3.122108221054077,1.1339879035949707,0.9410145282745361,0.6900713443756104,0.020209312438964844,0.008365154266357422
2007,0,0.5063589743589747,933,1000,1,1,807.0,0,0,2,0,2,3.1236627101898193,1.1344594955444336,0.9416337013244629,0.6904439926147461,0.020214557647705078,0.008366823196411133
2008,0,0.5063589743589747,933,1000,1,1,1608.0,0,0,2,0,2,3.1270620822906494,1.1348824501037598,0.9424200057983398,0.6925241947174072,0.02021932601928711,0.008368492126464844
2009,0,0.5063589743589747,933,1000,1,1,1609.0,0,0,2,0,2,3.128885269165039,1.1355795860290527,0.9430475234985352,0.6928896903991699,0.020233154296875,0.008372783660888672
2010,0,0.5063589743589747,933,1000,1,1,1610.0,0,0,2,0,2,3.131908655166626,1.1368746757507324,0.9439725875854492,0.6935150623321533,0.020254850387573242,0.008376836776733398
2011,0,0.5063589743589747,933,1000,1,1,1611.0,0,0,0,0,0,3.132957696914673,1.1377778053283691,0.9439730644226074,0.6935150623321533,0.020266056060791016,0.00839686393737793
2012,0,0.5063589743589747,933,1000,2,2,1012.0,0,0,2,0,2,3.134805679321289,1.13826584815979,0.9447648525238037,0.6939208507537842,0.02027606964111328,0.00839853286743164
2013,0,0.5063589743589747,932,1000,1,1,13.0,0,0,2,0,2,3.1363022327423096,1.1387512683868408,0.9453275203704834,0.6942627429962158,0.02028179168701172,0.008401155471801758
2014,0,0.5063589743589747,932,1000,3,3,1414.0,0,0,1,0,1,3.137742042541504,1.1392452716827393,0.9458999633789062,0.6945476531982422,0.020289182662963867,0.008402824401855469
2015,0,0.5063589743589747,932,1000,4,3,948.3333333333334,0,0,2,0,2,3.139317750930786,1.1397080421447754,0.9464826583862305,0.694915771484375,0.020296335220336914,0.00840449333190918
2016,0,0.5063589743589747,933,1000,1,1,2016.0,0,0,0,1,0,3.140047788619995,1.140139102935791,0.9467563629150391,0.694915771484375,0.020296335220336914,0.008405685424804688
2017,0,0.5063589743589747,933,1000,3,3,1483.6666666666667,0,0,2,0,2,3.1418042182922363,1.1405479907989502,0.9475066661834717,0.6954286098480225,0.02030348777770996,0.008406877517700195
2018,0,0.5063589743589747,933,1000,1,1,1618.0,0,0,2,0,2,3.1434803009033203,1.1411399841308594,0.9481081962585449,0.6958067417144775,0.020314455032348633,0.008409976959228516
2019,0,0.5063589743589747,933,1000,2,2,819.0,0,0,1,0,2,3.144989252090454,1.1415822505950928,0.9487266540527344,0.6961297988891602,0.02032184600830078,0.008411407470703125
2020,0,0.5063589743589747,934,1000,2,1,1220.0,0,0,2,0,1,3.1472208499908447,1.1420438289642334,0.9499316215515137,0.696596622467041,0.020328044891357422,0.008412837982177734
2021,0,0.5063589743589747,934,1000,1,1,2021.0,0,0,0,1,1,3.148670196533203,1.1430284976959229,0.9503347873687744,0.696596622467041,0.020328044891357422,0.008419990539550781
2022,0,0.5063589743589747,934,1000,1,1,822.0,0,0,2,0,2,3.150682210922241,1.1436896324157715,0.9510989189147949,0.6970436573028564,0.02034473419189453,0.008423089981079102
2023,0,0.5063589743589747,934,1000,1,1,823.0,0,0,1,0,1,3.152214288711548,1.1443307399749756,0.9516572952270508,0.6972720623016357,0.02035355567932129,0.008426427841186523
2024,0,0.5063589743589747,934,1000,1,1,1624.0,0,0,2,0,2,3.1537094116210938,1.144803524017334,0.9522299766540527,0.6976394653320312,0.020358562469482422,0.008427858352661133
2025,0,0.5063589743589747,933,1000,2,2,1358.3333333333333,0,0,1,0,2,3.1568644046783447,1.145251989364624,0.9528753757476807,0.699587345123291,0.020365476608276367,0.008429527282714844
2026,0,0.5063589743589747,934,1000,1,1,1626.0,0,0,2,0,1,3.158449411392212,1.1457245349884033,0.9534792900085449,0.7000019550323486,0.020372867584228516,0.008431673049926758
2027,0,0.5063589743589747,934,1000,1,1,1627.0,0,0,2,0,2,3.1599085330963135,1.1461644172668457,0.9540708065032959,0.7003521919250488,0.02037835121154785,0.008433103561401367
2028,0,0.5063589743589747,934,1000,1,1,1628.0,0,0,2,0,2,3.1613376140594482,1.1465904712677002,0.9546413421630859,0.7007112503051758,0.020383358001708984,0.008434295654296875
2029,0,0.5063589743589747,934,1000,1,1,1229.0,0,0,2,0,2,3.1631555557250977,1.1469902992248535,0.9556152820587158,0.7010669708251953,0.020389080047607422,0.008435726165771484
2030,0,0.5063589743589747,935,1000,1,1,30.0,0,0,2,0,1,3.1657819747924805,1.1481258869171143,0.9564769268035889,0.7015159130096436,0.020412921905517578,0.008445501327514648
2031,0,0.5063589743589747,936,1000,2,1,31.0,0,0,2,0,1,3.1679744720458984,1.148890495300293,0.9573385715484619,0.7019379138946533,0.02042865753173828,0.008449792861938477
2032,0,0.5063589743589747,935,1000,3,2,1098.6666666666667,0,0,1,0,2,3.1696908473968506,1.1495940685272217,0.9579453468322754,0.7021856307983398,0.02044200897216797,0.008454084396362305
2033,0,0.5063589743589747,935,1000,1,1,1233.0,0,0,2,0,2,3.17130446434021,1.1501188278198242,0.9585661888122559,0.7025704383850098,0.020447731018066406,0.008455753326416016
2034,0,0.5063589743589747,937,1000,1,1,34.0,0,0,2,0,0,3.172921895980835,1.150557041168213,0.9592416286468506,0.7029821872711182,0.02045273780822754,0.008457183837890625
2035,0,0.5063589743589747,937,1000,1,1,2035.0,0,0,0,1,1,3.173995018005371,1.1512935161590576,0.9595410823822021,0.7029821872711182,0.02045273780822754,0.00846099853515625
2036,0,0.5063589743589747,937,1000,3,3,1502.6666666666667,0,0,2,0,2,3.175628185272217,1.1517786979675293,0.9601716995239258,0.703380823135376,0.020467519760131836,0.008462190628051758
2037,0,0.5063589743589747,937,1000,2,2,1037.0,0,0,2,0,2,3.1771576404571533,1.1522250175476074,0.9608168601989746,0.7036936283111572,0.0204770565032959,0.008463859558105469
2038,0,0.5063589743589747,937,1000,1,1,2038.0,0,0,0,1,1,3.1778812408447266,1.1526172161102295,0.9611239433288574,0.7036936283111572,0.0204770565032959,0.008465290069580078
2039,0,0.5063589743589747,936,1000,1,1,1239.0,0,0,1,0,2,3.1792476177215576,1.1530678272247314,0.9617750644683838,0.7038893699645996,0.020482778549194336,0.008466720581054688
2040,0,0.5063589743589747,936,1000,1,1,440.0,0,0,2,0,2,3.183990478515625,1.1542136669158936,0.9628589153289795,0.706146240234375,0.02050638198852539,0.008486270904541016
2041,0,0.5063589743589747,936,1000,2,2,1441.0,0,0,2,0,2,3.186005115509033,1.1551017761230469,0.9634823799133301,0.706519365310669,0.020525455474853516,0.008491277694702148
2042,0,0.5063589743589747,936,1000,3,3,842.0,0,0,1,0,1,3.187516689300537,1.1556940078735352,0.9640882015228271,0.7067327499389648,0.020537376403808594,0.008493661880493164
2043,0,0.5063589743589747,936,1000,1,1,1643.0,0,0,2,0,2,3.1891515254974365,1.1561603546142578,0.9647567272186279,0.7071328163146973,0.020543336868286133,0.008495330810546875
2044,0,0.5063589743589747,936,1000,1,1,2044.0,0,0,0,1,1,3.190035820007324,1.1566898822784424,0.9650712013244629,0.7071328163146973,0.020543336868286133,0.0084991455078125
2045,0,0.5063589743589747,936,1000,3,3,1245.0,0,0,2,0,2,3.191746234893799,1.1571743488311768,0.9657440185546875,0.7075235843658447,0.02055668830871582,0.008500814437866211
2046,0,0.5063589743589747,936,1000,2,1,1646.0,0,0,2,0,2,3.193351984024048,1.1576886177062988,0.9663724899291992,0.7078945636749268,0.020563602447509766,0.008503198623657227
2047,0,0.5063589743589747,936,1000,1,1,1647.0,0,0,2,0,2,3.1949429512023926,1.158168077468872,0.9670171737670898,0.7082762718200684,0.0205686092376709,0.008505105972290039
2048,0,0.5063589743589747,936,1000,1,1,1648.0,0,0,2,0,2,3.1973156929016113,1.1586542129516602,0.9683539867401123,0.7087080478668213,0.020579814910888672,0.008506536483764648
2049,0,0.5063589743589747,937,1000,1,1,49.0,0,0,2,0,1,3.199592113494873,1.1597094535827637,0.969048261642456,0.7090961933135986,0.020604610443115234,0.008513212203979492
2050,0,0.5063589743589747,937,1000,1,1,2050.0,0,0,0,1,1,3.20076847076416,1.1605329513549805,0.9693584442138672,0.7090961933135986,0.020604610443115234,0.008516550064086914
2051,0,0.5063589743589747,936,1000,1,1,1651.0,0,0,1,0,2,3.2023122310638428,1.1610240936279297,0.969980001449585,0.7094030380249023,0.02061748504638672,0.008517980575561523
2052,0,0.5063589743589747,936,1000,1,1,1252.0,0,0,2,0,2,3.2037978172302246,1.161484956741333,0.9705841541290283,0.7097494602203369,0.020623445510864258,0.008519649505615234
2053,0,0.5063589743589747,936,1000,2,2,1253.0,0,0,2,0,2,3.2056076526641846,1.1620001792907715,0.9713528156280518,0.7101278305053711,0.02063465118408203,0.008521318435668945
2054,0,0.5063589743589747,936,1000,2,2,1414.5,0,0,1,0,1,3.208893060684204,1.1626932621002197,0.9719665050506592,0.7120068073272705,0.02064347267150879,0.008523941040039062
2055,0,0.5063589743589747,936,1000,1,1,855.0,0,0,2,0,2,3.210505962371826,1.1632359027862549,0.9725675582885742,0.712390661239624,0.020649194717407227,0.008526086807250977
2056,0,0.5063589743589747,936,1000,1,1,1656.0,0,0,2,0,2,3.21203351020813,1.1637110710144043,0.9732019901275635,0.7127339839935303,0.02065420150756836,0.008527517318725586
2057,0,0.5063589743589747,936,1000,1,1,2057.0,0,0,0,1,1,3.2140285968780518,1.1647937297821045,0.9740195274353027,0.7127339839935303,0.02065420150756836,0.008528947830200195
2058,0,0.5063589743589747,938,1000,1,1,1258.0,0,0,2,0,0,3.216296672821045,1.1658294200897217,0.9746963977813721,0.713146448135376,0.020676612854003906,0.008534908294677734
2059,0,0.5063589743589747,938,1000,1,1,2059.0,0,0,0,1,1,3.2175486087799072,1.1665773391723633,0.9751496315002441,0.713146448135376,0.020676612854003906,0.008537054061889648
2060,0,0.5063589743589747,937,1000,1,1,460.0,0,0,1,0,2,3.2190468311309814,1.1671168804168701,0.9757359027862549,0.713390588760376,0.020693063735961914,0.008539915084838867
2061,0,0.5063589743589747,936,1000,1,1,1661.0,0,0,1,0,2,3.220515489578247,1.167553186416626,0.9764206409454346,0.7136542797088623,0.02069830894470215,0.00854182243347168
2062,0,0.5063589743589747,937,1000,1,1,462.0,0,0,2,0,1,3.2223687171936035,1.1682355403900146,0.977104902267456,0.7140200138092041,0.02071380615234375,0.008548736572265625
2063,0,0.5063589743589747,938,1000,2,2,863.0,0,0,1,0,1,3.2240850925445557,1.1687564849853516,0.977731466293335,0.7144231796264648,0.02072286605834961,0.008550882339477539
2064,0,0.5063589743589747,939,1000,1,1,1664.0,0,0,2,0,1,3.225612163543701,1.1692748069763184,0.9782998561859131,0.714780330657959,0.020728588104248047,0.008553743362426758
2065,0,0.5063589743589747,939,1000,3,3,1131.6666666666667,0,0,1,0,2,3.2271528244018555,1.1697521209716797,0.9789254665374756,0.7151083946228027,0.020735502243041992,0.008555412292480469
2066,0,0.5063589743589747,939,1000,3,2,866.0,0,0,2,0,2,3.228640556335449,1.1701910495758057,0.9795334339141846,0.7154464721679688,0.02074265480041504,0.008556842803955078
2067,0,0.5063589743589747,940,1000,1,1,1667.0,0,0,2,0,1,3.231261730194092,1.1708731651306152,0.9805338382720947,0.7162227630615234,0.020760536193847656,0.008558511734008789
2068,0,0.5063589743589747,939,1000,3,2,601.3333333333334,0,0,1,0,2,3.2337045669555664,1.171987533569336,0.9814658164978027,0.7164170742034912,0.020787715911865234,0.008581399917602539
2069,0,0.5063589743589747,939,1000,1,1,2069.0,0,0,0,1,1,3.234801769256592,1.1727099418640137,0.9817893505096436,0.7164170742034912,0.020787715911865234,0.008584976196289062
2070,0,0.5063589743589747,938,1000,1,1,1670.0,0,0,1,0,2,3.236520767211914,1.1731071472167969,0.9826853275299072,0.7167270183563232,0.020801067352294922,0.008586645126342773
2071,0,0.5063589743589747,938,1000,3,3,1004.3333333333334,0,0,1,0,2,3.2386960983276367,1.1739325523376465,0.9834532737731934,0.7171072959899902,0.020821332931518555,0.008591651916503906
2072,0,0.5063589743589747,938,1000,1,1,1272.0,0,0,2,0,2,3.2403228282928467,1.174483299255371,0.9840834140777588,0.7174708843231201,0.020827054977416992,0.008594512939453125
2073,0,0.5063589743589747,938,1000,3,2,1273.0,0,0,2,0,2,3.2419018745422363,1.1749598979949951,0.9847006797790527,0.717827320098877,0.02083444595336914,0.008595705032348633
2074,0,0.5063589743589747,938,1000,3,3,1574.0,0,0,1,0,1,3.2432985305786133,1.1754283905029297,0.9852781295776367,0.7180936336517334,0.020841360092163086,0.008597373962402344
2075,0,0.5063589743589747,938,1000,1,1,1675.0,0,0,2,0,2,3.2448644638061523,1.1759111881256104,0.985910177230835,0.7184619903564453,0.020846128463745117,0.008598566055297852
2076,0,0.5063589743589747,937,1000,1,1,1676.0,0,0,1,0,2,3.2468197345733643,1.1764094829559326,0.9869601726531982,0.7187786102294922,0.020852088928222656,0.00859975814819336
2077,0,0.5063589743589747,937,1000,4,3,1010.3333333333334,0,0,2,0,2,3.2499606609344482,1.1777682304382324,0.9879910945892334,0.719292402267456,0.020885229110717773,0.008607864379882812
2078,0,0.5063589743589747,937,1000,2,2,1678.0,0,0,2,0,2,3.2520081996917725,1.1785755157470703,0.9886510372161865,0.7197012901306152,0.02090167999267578,0.008612632751464844
2079,0,0.5063589743589747,937,1000,3,3,1412.3333333333333,0,1,1,0,2,3.254378080368042,1.1795518398284912,0.9894669055938721,0.7200927734375,0.02092266082763672,0.008614540100097656
2080,0,0.5063589743589747,938,1000,2,2,1480.0,0,0,2,0,1,3.2560441493988037,1.1801345348358154,0.9900481700897217,0.7204558849334717,0.020931243896484375,0.00861811637878418
2081,0,0.5063589743589747,938,1000,1,1,881.0,0,0,1,0,1,3.2573699951171875,1.1805825233459473,0.9906282424926758,0.7206676006317139,0.02093648910522461,0.008619546890258789
2082,0,0.5063589743589747,938,1000,2,1,882.0,0,0,2,0,2,3.2589242458343506,1.181053638458252,0.9912433624267578,0.7210342884063721,0.02094125747680664,0.008620977401733398
2083,0,0.5063589743589747,937,1000,3,3,1383.0,0,0,1,0,2,3.2603158950805664,1.1815330982208252,0.9918558597564697,0.7212529182434082,0.020948410034179688,0.008622169494628906
2084,0,0.5063589743589747,937,1000,4,4,964.0,0,0,2,0,2,3.2619614601135254,1.1819767951965332,0.9926083087921143,0.7215757369995117,0.020956754684448242,0.008623361587524414
2085,0,0.5063589743589747,938,1000,2,2,1485.0,0,0,2,0,1,3.2665517330169678,1.182769536972046,0.9936525821685791,0.7239794731140137,0.020982742309570312,0.008625030517578125
2086,0,0.5063589743589747,938,1000,2,2,1486.0,0,0,2,0,2,3.2693405151367188,1.1839733123779297,0.9945774078369141,0.7244787216186523,0.02100229263305664,0.008632183074951172
2087,0,0.5063589743589747,938,1000,1,1,1687.0,0,0,0,0,0,3.2702763080596924,1.1847867965698242,0.9945778846740723,0.7244787216186523,0.02101588249206543,0.008636713027954102
2088,0,0.5063589743589747,938,1000,1,1,888.0,0,0,2,0,2,3.2735235691070557,1.1852610111236572,0.9951748847961426,0.7265543937683105,0.02102041244506836,0.00863790512084961
2089,0,0.5063589743589747,937,1000,1,1,1689.0,0,0,1,0,2,3.2749407291412354,1.1857011318206787,0.9958071708679199,0.7267980575561523,0.021025419235229492,0.008639335632324219
2090,0,0.5063589743589747,937,1000,2,2,1690.0,0,0,2,0,2,3.2764298915863037,1.1861321926116943,0.9964113235473633,0.727165699005127,0.021032094955444336,0.008640527725219727
2091,0,0.5063589743589747,937,1000,2,2,1491.0,0,0,2,0,2,3.277916669845581,1.186554193496704,0.9970250129699707,0.7275338172912598,0.021038055419921875,0.008641958236694336
2092,0,0.5063589743589747,937,1000,2,2,1692.0,0,0,2,0,2,3.2804346084594727,1.1869966983795166,0.9984941482543945,0.7280576229095459,0.021044015884399414,0.008643388748168945
2093,0,0.5063589743589747,938,1000,2,2,1493.0,0,0,2,0,1,3.2833123207092285,1.188201904296875,0.9994735717773438,0.7285127639770508,0.02106761932373047,0.008650779724121094
2094,0,0.5063589743589747,938,1000,3,3,1427.3333333333333,0,0,2,0,2,3.2854201793670654,1.1890413761138916,1.000138282775879,0.7288990020751953,0.0210874080657959,0.008655309677124023
2095,0,0.5063589743589747,938,1000,1,1,895.0,0,0,2,0,2,3.286968469619751,1.1895480155944824,1.0007398128509521,0.7292463779449463,0.02109384536743164,0.00865793228149414
2096,0,0.5063589743589747,938,1000,2,2,696.0,0,1,2,0,2,3.288471221923828,1.1899471282958984,1.001356601715088,0.7296018600463867,0.021100521087646484,0.008659601211547852
2097,0,0.5063589743589747,937,1000,1,1,897.0,0,0,1,0,2,3.2897613048553467,1.1903250217437744,1.001990556716919,0.7298052310943604,0.021105289459228516,0.00866079330444336
2098,0,0.5063589743589747,937,1000,3,3,1164.6666666666667,0,0,2,0,2,3.291262149810791,1.190765380859375,1.002601146697998,0.7301623821258545,0.021111488342285156,0.008662223815917969
2099,0,0.5063589743589747,936,1000,1,1,99.0,0,0,1,0,2,3.292487621307373,1.1911516189575195,1.0031819343566895,0.7303426265716553,0.02111649513244629,0.008663654327392578
2100,0,0.5063589743589747,935,1000,1,1,1700.0,0,0,1,0,2,3.2938923835754395,1.1916358470916748,1.0037431716918945,0.7306132316589355,0.021121501922607422,0.008665084838867188
2101,0,0.5063589743589747,935,1000,1,1,2101.0,0,0,0,1,1,3.2946863174438477,1.1920831203460693,1.0040614604949951,0.7306132316589355,0.021121501922607422,0.008666276931762695
2102,0,0.5063589743589747,936,1000,1,1,1702.0,0,0,2,0,1,3.2970707416534424,1.1924903392791748,1.0053794384002686,0.7310407161712646,0.021126508712768555,0.008667707443237305
2103,0,0.5063589743589747,935,1000,2,2,1569.6666666666667,0,0,1,0,2,3.3006765842437744,1.1937050819396973,1.0064892768859863,0.7321422100067139,0.021151065826416016,0.008676767349243164
2104,0,0.5063589743589747,935,1000,2,2,1704.0,0,1,2,0,2,3.303253650665283,1.194852352142334,1.0072927474975586,0.7325401306152344,0.021175622940063477,0.008683919906616211
2105,0,0.5063589743589747,935,1000,2,2,1505.0,0,0,0,0,0,3.303882122039795,1.1953866481781006,1.0072932243347168,0.7325401306152344,0.021183252334594727,0.008687019348144531
2106,0,0.5063589743589747,935,1000,1,1,1306.0,0,0,2,0,2,3.3053767681121826,1.1958563327789307,1.0078837871551514,0.7328987121582031,0.021188020706176758,0.008688211441040039
2107,0,0.5063589743589747,935,1000,1,1,1307.0,0,0,2,0,2,3.3068299293518066,1.1963248252868652,1.0084412097930908,0.733245849609375,0.02119278907775879,0.008689641952514648
2108,0,0.5063589743589747,937,1000,1,1,1708.0,0,0,2,0,0,3.3082332611083984,1.1967592239379883,1.0090217590332031,0.7335577011108398,0.021197795867919922,0.00869131088256836
2109,0,0.5063589743589747,938,1000,2,2,1109.0,0,1,2,0,1,3.309792995452881,1.1972205638885498,1.0096259117126465,0.7339093685150146,0.021204710006713867,0.008692741394042969
2110,0,0.5063589743589747,938,1000,1,1,1710.0,0,0,2,0,2,3.311236619949341,1.1976227760314941,1.0102839469909668,0.7342238426208496,0.0212094783782959,0.008693933486938477
2111,0,0.5063589743589747,937,1000,2,2,511.0,0,0,1,0,2,3.3125481605529785,1.1980302333831787,1.0109162330627441,0.7343902587890625,0.021216392517089844,0.008695363998413086
2112,0,0.5063589743589747,937,1000,2,2,696.0,0,0,2,0,2,3.3154797554016113,1.1993274688720703,1.0118849277496338,0.7348511219024658,0.02124333381652832,0.008699893951416016
2113,0,0.5063589743589747,937,1000,4,3,1046.3333333333333,0,0,2,0,2,3.317561149597168,1.2001183032989502,1.0126688480377197,0.735224723815918,0.021256685256958008,0.008703947067260742
2114,0,0.5063589743589747,936,1000,1,1,114.0,0,0,1,0,2,3.3191888332366943,1.2007980346679688,1.0133097171783447,0.735419511795044,0.02126622200012207,0.008707284927368164
2115,0,0.5063589743589747,937,1000,3,3,1448.3333333333333,0,0,2,0,1,3.3207762241363525,1.2013068199157715,1.0138866901397705,0.7357823848724365,0.02127385139465332,0.008708953857421875
2116,0,0.5063589743589747,937,1000,1,1,1316.0,0,0,1,0,1,3.32374906539917,1.201728343963623,1.0144445896148682,0.737687349319458,0.021279096603393555,0.008710145950317383
2117,0,0.5063589743589747,937,1000,2,2,1717.0,0,0,2,0,2,3.3251852989196777,1.2021446228027344,1.0150084495544434,0.7380514144897461,0.0212860107421875,0.00871133804321289
2118,0,0.5063589743589747,937,1000,1,1,1718.0,0,0,1,0,1,3.3266243934631348,1.2026326656341553,1.015596628189087,0.7383270263671875,0.021291017532348633,0.008712530136108398
2119,0,0.5063589743589747,937,1000,1,1,1319.0,0,0,2,0,2,3.3307299613952637,1.2031259536743164,1.017029047012329,0.7403953075408936,0.021296262741088867,0.00871419906616211
2120,0,0.5063589743589747,938,1000,2,2,1453.3333333333333,0,0,2,0,1,3.3331570625305176,1.2042181491851807,1.0177721977233887,0.7408387660980225,0.02132105827331543,0.008721113204956055
2121,0,0.5063589743589747,938,1000,2,2,921.0,0,0,2,0,2,3.336812734603882,1.2050845623016357,1.018350601196289,0.7428977489471436,0.021336078643798828,0.00872492790222168
2122,0,0.5063589743589747,938,1000,1,1,522.0,0,0,2,0,2,3.3383402824401855,1.2055776119232178,1.0189695358276367,0.7432384490966797,0.021341323852539062,0.008726358413696289
2123,0,0.5063589743589747,938,1000,2,1,2123.0,0,0,0,1,1,3.3391013145446777,1.2059779167175293,1.0192949771881104,0.7432384490966797,0.021341323852539062,0.008727550506591797
2124,0,0.5063589743589747,938,1000,1,1,1724.0,0,0,2,0,2,3.342329263687134,1.2064166069030762,1.0198974609375,0.74532151222229,0.021346330642700195,0.008736371994018555
2125,0,0.5063589743589747,938,1000,3,3,1591.6666666666667,0,0,2,0,2,3.3438494205474854,1.2069082260131836,1.0204849243164062,0.7456812858581543,0.021353721618652344,0.008737564086914062
2126,0,0.5063589743589747,937,1000,3,3,1226.0,0,0,1,0,2,3.345623731613159,1.207380771636963,1.021503210067749,0.7458779811859131,0.021360158920288086,0.00873875617980957
2127,0,0.5063589743589747,938,1000,3,3,1593.6666666666667,0,0,2,0,1,3.3507988452911377,1.2088062763214111,1.0225229263305664,0.7482976913452148,0.02138996124267578,0.008748292922973633
2128,0,0.5063589743589747,937,1000,2,2,928.0,0,0,1,0,2,3.352947235107422,1.2099573612213135,1.0231211185455322,0.7485411167144775,0.021410465240478516,0.00875401496887207
2129,0,0.5063589743589747,937,1000,2,1,1729.0,0,0,2,0,2,3.3545825481414795,1.2104911804199219,1.023754596710205,0.7489213943481445,0.02141547203063965,0.008755683898925781
2130,0,0.5063589743589747,937,1000,3,3,1125.6666666666667,0,1,1,0,2,3.356102466583252,1.2109076976776123,1.0243873596191406,0.749251127243042,0.021422147750854492,0.008756875991821289
2131,0,0.5063589743589747,938,1000,2,2,1731.0,0,0,2,0,1,3.357637405395508,1.2113659381866455,1.0249781608581543,0.7496483325958252,0.021429777145385742,0.008758544921875
2132,0,0.5063589743589747,939,1000,1,1,932.0,0,0,2,0,1,3.3591716289520264,1.211879014968872,1.025554895401001,0.7500104904174805,0.021434783935546875,0.00875997543334961
2133,0,0.5063589743589747,938,1000,1,1,1333.0,0,0,1,0,2,3.360633134841919,1.2123289108276367,1.026202917098999,0.7502691745758057,0.021439075469970703,0.00876164436340332
2134,0,0.5063589743589747,937,1000,2,2,934.0,0,0,1,0,2,3.3645362854003906,1.2129111289978027,1.0274336338043213,0.7522199153900146,0.02144765853881836,0.008764028549194336
2135,0,0.5063589743589747,937,1000,1,1,1735.0,0,0,2,0,2,3.3685474395751953,1.2139294147491455,1.0282235145568848,0.7542526721954346,0.02146458625793457,0.008769989013671875
2136,0,0.5063589743589747,936,1000,1,1,1736.0,0,0,1,0,2,3.37031626701355,1.2146763801574707,1.0288383960723877,0.7545442581176758,0.021477222442626953,0.008773565292358398
2137,0,0.5063589743589747,937,1000,2,2,1537.0,0,0,2,0,1,3.371898651123047,1.2151861190795898,1.0294404029846191,0.754920482635498,0.021485567092895508,0.00877523422241211
2138,0,0.5063589743589747,937,1000,2,2,1204.6666666666667,0,0,2,0,2,3.373469352722168,1.2156667709350586,1.030036211013794,0.7552773952484131,0.021492481231689453,0.008776664733886719
2139,0,0.5063589743589747,938,1000,2,2,339.0,0,0,2,0,1,3.3749098777770996,1.2161219120025635,1.0306227207183838,0.7556066513061523,0.0214996337890625,0.008778095245361328
2140,0,0.5063589743589747,938,1000,1,1,2140.0,0,0,0,1,1,3.376061201095581,1.2166922092437744,1.0311455726623535,0.7556066513061523,0.0214996337890625,0.00878000259399414
2141,0,0.5063589743589747,938,1000,3,2,1058.0,0,1,1,0,2,3.380155086517334,1.217531442642212,1.0322189331054688,0.7576065063476562,0.021518230438232422,0.008784294128417969
2142,0,0.5063589743589747,938,1000,1,1,2142.0,0,0,0,1,1,3.3820130825042725,1.2187221050262451,1.0327956676483154,0.7576065063476562,0.021518230438232422,0.00880885124206543
2143,0,0.5063589743589747,938,1000,1,1,2143.0,0,0,0,1,1,3.3828537464141846,1.2192416191101074,1.0330889225006104,0.7576065063476562,0.021518230438232422,0.008812189102172852
2144,0,0.5063589743589747,938,1000,2,2,944.0,0,0,2,0,2,3.386444330215454,1.2196903228759766,1.0339481830596924,0.7596869468688965,0.02153778076171875,0.008813619613647461
2145,0,0.5063589743589747,938,1000,1,1,1745.0,0,0,2,0,2,3.3883056640625,1.2204692363739014,1.0345466136932373,0.7600405216217041,0.02155160903930664,0.008817911148071289
2146,0,0.5063589743589747,938,1000,2,2,1746.0,0,1,1,0,2,3.392101526260376,1.2209346294403076,1.0355851650238037,0.7621870040893555,0.02155923843383789,0.008819103240966797
2147,0,0.5063589743589747,937,1000,2,2,813.6666666666666,0,0,1,0,2,3.3941500186920166,1.2220077514648438,1.0361809730529785,0.7624292373657227,0.02157902717590332,0.008824825286865234
2148,0,0.5063589743589747,937,1000,2,2,681.3333333333334,0,0,2,0,2,3.3956141471862793,1.2224669456481934,1.0367333889007568,0.7628018856048584,0.021585702896118164,0.00882720947265625
2149,0,0.5063589743589747,938,1000,1,1,1749.0,0,0,2,0,1,3.3979878425598145,1.2231576442718506,1.0376472473144531,0.7634098529815674,0.02160501480102539,0.008828878402709961
2150,0,0.5063589743589747,938,1000,2,2,1350.0,0,0,2,0,2,3.4003331661224365,1.2241933345794678,1.0383987426757812,0.7638223171234131,0.021622419357299805,0.00883340835571289
2151,0,0.5063589743589747,938,1000,1,1,551.0,0,0,2,0,2,3.4022409915924072,1.2249054908752441,1.03904390335083,0.7642049789428711,0.021631479263305664,0.008837223052978516
2152,0,0.5063589743589747,938,1000,1,1,2152.0,0,0,0,1,1,3.403097629547119,1.2254128456115723,1.0393617153167725,0.7642049789428711,0.021631479263305664,0.008838653564453125
2153,0,0.5063589743589747,938,1000,1,1,953.0,0,0,2,0,2,3.404632806777954,1.225836992263794,1.0399935245513916,0.7645776271820068,0.021637678146362305,0.008868694305419922
2154,0,0.5063589743589747,938,1000,3,3,1354.0,0,0,1,0,2,3.4064555168151855,1.226273536682129,1.0407469272613525,0.7650067806243896,0.02164459228515625,0.00886988639831543
2155,0,0.5063589743589747,937,1000,1,1,1755.0,0,0,1,0,2,3.4081668853759766,1.2269937992095947,1.041365623474121,0.7652773857116699,0.021654844284057617,0.008873224258422852
2156,0,0.5063589743589747,936,1000,2,2,1756.0,0,0,1,0,2,3.409578561782837,1.2274787425994873,1.0419416427612305,0.7655494213104248,0.021661758422851562,0.008874654769897461
2157,0,0.5063589743589747,936,1000,2,2,1557.0,0,0,2,0,2,3.411098003387451,1.2279484272003174,1.042529821395874,0.7659275531768799,0.021668672561645508,0.008876323699951172
2158,0,0.5063589743589747,935,1000,3,3,1658.0,0,0,1,0,2,3.412564992904663,1.228423833847046,1.043154239654541,0.7661998271942139,0.02167534828186035,0.008877754211425781
2159,0,0.5063589743589747,935,1000,1,1,2159.0,0,0,0,1,1,3.4145314693450928,1.2296178340911865,1.0438482761383057,0.7661998271942139,0.02167534828186035,0.00888204574584961
2160,0,0.5063589743589747,935,1000,1,1,2160.0,0,0,0,1,1,3.4157190322875977,1.2304623126983643,1.0441594123840332,0.7661998271942139,0.02167534828186035,0.008888006210327148
2161,0,0.5063589743589747,934,1000,1,1,1761.0,0,0,1,0,2,3.4176108837127686,1.2309188842773438,1.0450396537780762,0.7665588855743408,0.021743297576904297,0.008890151977539062
2162,0,0.5063589743589747,933,1000,3,3,1122.0,0,0,1,0,2,3.4199695587158203,1.23203706741333,1.0457844734191895,0.7668676376342773,0.02176380157470703,0.008894205093383789
2163,0,0.5063589743589747,932,1000,1,1,1763.0,0,0,1,0,2,3.4223999977111816,1.2330741882324219,1.0466618537902832,0.7672176361083984,0.021783828735351562,0.008898496627807617
2164,0,0.5063589743589747,932,1000,2,2,1564.0,0,0,2,0,2,3.4243502616882324,1.2338314056396484,1.0473103523254395,0.7676186561584473,0.02180790901184082,0.008903264999389648
2165,0,0.5063589743589747,932,1000,1,1,165.0,0,0,2,0,2,3.4279961585998535,1.2344920635223389,1.0481057167053223,0.769688606262207,0.021817922592163086,0.008905649185180664
2166,0,0.5063589743589747,932,1000,3,3,1632.6666666666667,0,0,2,0,2,3.430595636367798,1.235337495803833,1.0492031574249268,0.7701733112335205,0.02183985710144043,0.00890970230102539
2167,0,0.5063589743589747,932,1000,2,2,1367.0,0,0,2,0,2,3.432912826538086,1.2363431453704834,1.0499155521392822,0.7705628871917725,0.021862030029296875,0.008916616439819336
2168,0,0.5063589743589747,931,1000,1,1,168.0,0,0,1,0,2,3.4347779750823975,1.2371180057525635,1.0506560802459717,0.7707862854003906,0.021874427795410156,0.008919239044189453
2169,0,0.5063589743589747,931,1000,3,3,1635.6666666666667,0,0,2,0,2,3.436516046524048,1.2376635074615479,1.0513226985931396,0.7711770534515381,0.021891117095947266,0.008921623229980469
2170,0,0.5063589743589747,931,1000,1,1,1770.0,0,0,2,0,2,3.4398460388183594,1.2381927967071533,1.0519487857818604,0.7732160091400146,0.02189803123474121,0.00892496109008789
2171,0,0.5063589743589747,931,1000,3,3,1371.0,0,0,2,0,2,3.441328763961792,1.2386505603790283,1.0525641441345215,0.7735488414764404,0.021906614303588867,0.008926630020141602
2172,0,0.5063589743589747,930,1000,1,1,1772.0,0,0,1,0,2,3.4427812099456787,1.2391307353973389,1.053157091140747,0.7738399505615234,0.0219113826751709,0.008928298950195312
2173,0,0.5063589743589747,930,1000,3,3,1239.6666666666667,0,0,0,0,0,3.443370819091797,1.2395832538604736,1.0531575679779053,0.7738399505615234,0.021918296813964844,0.00892949104309082
2174,0,0.5063589743589747,929,1000,2,2,1640.6666666666667,0,0,1,0,2,3.4447407722473145,1.2400014400482178,1.0537526607513428,0.7741174697875977,0.021924495697021484,0.008930683135986328
2175,0,0.5063589743589747,929,1000,1,1,175.0,0,0,2,0,2,3.4469542503356934,1.240454912185669,1.055041790008545,0.774498701095581,0.021929502487182617,0.008932113647460938
2176,0,0.5063589743589747,929,1000,1,1,1776.0,0,0,0,0,0,3.4481987953186035,1.2415590286254883,1.055042028427124,0.774498701095581,0.02194952964782715,0.008937835693359375
2177,0,0.5063589743589747,929,1000,1,1,1777.0,0,0,2,0,2,3.449981689453125,1.2419955730438232,1.0558786392211914,0.7749226093292236,0.02195453643798828,0.008939504623413086
2178,0,0.5063589743589747,928,1000,2,2,643.6666666666666,0,0,1,0,2,3.4527134895324707,1.2430336475372314,1.0569982528686523,0.7752792835235596,0.021981477737426758,0.008942127227783203
2179,0,0.5063589743589747,929,1000,1,1,2179.0,0,0,0,1,0,3.4545910358428955,1.2441134452819824,1.0577268600463867,0.7752792835235596,0.021981477737426758,0.008948326110839844
2180,0,0.5063589743589747,930,1000,1,1,180.0,0,0,2,0,1,3.457301139831543,1.2452049255371094,1.058725357055664,0.7757337093353271,0.022002696990966797,0.008953094482421875
2181,0,0.5063589743589747,930,1000,1,1,1781.0,0,0,2,0,2,3.459160327911377,1.2459726333618164,1.0593225955963135,0.7761118412017822,0.022010087966918945,0.008956670761108398
2182,0,0.5063589743589747,931,1000,2,2,782.0,0,0,2,0,1,3.46067214012146,1.2464320659637451,1.0599172115325928,0.7764370441436768,0.022017955780029297,0.00895833969116211
2183,0,0.5063589743589747,931,1000,2,2,1583.0,0,1,1,0,2,3.4624109268188477,1.247032880783081,1.060603380203247,0.7767746448516846,0.022025346755981445,0.00896000862121582
2184,0,0.5063589743589747,931,1000,1,1,1384.0,0,0,2,0,2,3.46540904045105,1.2481446266174316,1.0617139339447021,0.7773382663726807,0.02205348014831543,0.008965730667114258
2185,0,0.5063589743589747,930,1000,1,1,185.0,0,0,1,0,2,3.467658042907715,1.2492103576660156,1.062507152557373,0.777576208114624,0.02207207679748535,0.008971214294433594
2186,0,0.5063589743589747,930,1000,1,1,2186.0,0,0,0,1,1,3.4687888622283936,1.2500028610229492,1.0628018379211426,0.777576208114624,0.02207207679748535,0.008974790573120117
2187,0,0.5063589743589747,931,1000,1,1,987.0,0,0,2,0,1,3.4703989028930664,1.2505548000335693,1.0633842945098877,0.7779407501220703,0.022081851959228516,0.008976221084594727
2188,0,0.5063589743589747,930,1000,2,2,1254.6666666666667,0,0,1,0,2,3.4717462062835693,1.2510056495666504,1.0640041828155518,0.77813720703125,0.022089004516601562,0.008977651596069336
2189,0,0.5063589743589747,930,1000,1,1,989.0,0,0,2,0,2,3.4731931686401367,1.2514255046844482,1.0646209716796875,0.7784764766693115,0.0220944881439209,0.008978843688964844
2190,0,0.5063589743589747,930,1000,3,3,1123.3333333333333,0,0,1,0,2,3.4748291969299316,1.2519304752349854,1.0652732849121094,0.7788231372833252,0.022101402282714844,0.008980274200439453
2191,0,0.5063589743589747,931,1000,2,2,1591.0,0,0,2,0,1,3.476322889328003,1.2524020671844482,1.0658652782440186,0.7791504859924316,0.02210831642150879,0.008981943130493164
2192,0,0.5063589743589747,931,1000,1,1,1792.0,0,0,2,0,2,3.477778911590576,1.2527875900268555,1.0664727687835693,0.7795364856719971,0.022113561630249023,0.008983612060546875
2193,0,0.5063589743589747,930,1000,1,1,1793.0,0,0,1,0,2,3.4791793823242188,1.2532083988189697,1.0670907497406006,0.7798051834106445,0.022118806838989258,0.008985042572021484
2194,0,0.5063589743589747,930,1000,1,1,1394.0,0,0,2,0,2,3.482326030731201,1.2544333934783936,1.0679874420166016,0.7805836200714111,0.02214837074279785,0.008989810943603516
2195,0,0.5063589743589747,930,1000,3,3,1661.6666666666667,0,0,2,0,2,3.4844164848327637,1.2552947998046875,1.0686557292938232,0.7809867858886719,0.022169828414916992,0.008995532989501953
2196,0,0.5063589743589747,930,1000,1,1,1396.0,0,0,2,0,2,3.4863359928131104,1.256068229675293,1.06929349899292,0.781360387802124,0.02218174934387207,0.009000301361083984
2197,0,0.5063589743589747,930,1000,1,1,2197.0,0,0,0,1,1,3.487177610397339,1.2565906047821045,1.0695788860321045,0.781360387802124,0.02218174934387207,0.009002208709716797
2198,0,0.5063589743589747,930,1000,1,1,2198.0,0,0,0,1,1,3.48799729347229,1.2570672035217285,1.0698976516723633,0.781360387802124,0.02218174934387207,0.009003877639770508
2199,0,0.5063589743589747,929,1000,1,1,1399.0,0,0,1,0,2,3.4893276691436768,1.2575099468231201,1.0704960823059082,0.7815744876861572,0.022188186645507812,0.009005069732666016
2200,0,0.5063589743589747,931,1000,2,2,1600.0,0,0,2,0,0,3.490790605545044,1.2579364776611328,1.0710937976837158,0.7819216251373291,0.022195100784301758,0.009006261825561523
2201,0,0.5063589743589747,931,1000,2,2,1801.0,0,1,1,0,2,3.492410659790039,1.258408784866333,1.0717120170593262,0.7822859287261963,0.022202491760253906,0.009007453918457031
2202,0,0.5063589743589747,930,1000,1,1,1002.0,0,0,1,0,2,3.4937403202056885,1.2588787078857422,1.0722894668579102,0.782468318939209,0.022208213806152344,0.00900888442993164
2203,0,0.5063589743589747,931,1000,4,2,1603.0,0,0,2,0,1,3.495310068130493,1.2593274116516113,1.0729625225067139,0.7828173637390137,0.02221536636352539,0.009010076522827148
2204,0,0.5063589743589747,931,1000,1,1,1804.0,0,0,1,0,1,3.497875690460205,1.2601094245910645,1.0740208625793457,0.7833502292633057,0.02223515510559082,0.00901341438293457
2205,0,0.5063589743589747,931,1000,1,1,1805.0,0,0,2,0,2,3.5001583099365234,1.2610976696014404,1.0747623443603516,0.7837483882904053,0.022251367568969727,0.00901937484741211
2206,0,0.5063589743589747,931,1000,1,1,1006.0,0,0,2,0,2,3.5019848346710205,1.2618048191070557,1.0753815174102783,0.7841367721557617,0.022263288497924805,0.00902247428894043
2207,0,0.5063589743589747,930,1000,2,2,1307.0,0,0,1,0,2,3.503303050994873,1.262277603149414,1.0759494304656982,0.7843339443206787,0.022272825241088867,0.00902414321899414
2208,0,0.5063589743589747,930,1000,3,3,1408.0,0,0,2,0,2,3.5048117637634277,1.262681484222412,1.076582431793213,0.7846662998199463,0.022280216217041016,0.009025812149047852
2209,0,0.5063589743589747,930,1000,1,1,1809.0,0,0,2,0,2,3.5063860416412354,1.2631385326385498,1.0772395133972168,0.7850344181060791,0.022284984588623047,0.009027481079101562
2210,0,0.5063589743589747,930,1000,2,2,1010.0,0,1,1,0,2,3.5079782009124756,1.2636334896087646,1.0778234004974365,0.7854053974151611,0.022292613983154297,0.009029150009155273
2211,0,0.5063589743589747,930,1000,1,1,2211.0,0,0,0,1,1,3.5087482929229736,1.2640624046325684,1.0781383514404297,0.7854053974151611,0.022292613983154297,0.009030818939208984
2212,0,0.5063589743589747,930,1000,1,1,2212.0,0,0,0,1,1,3.509516716003418,1.2644903659820557,1.0784542560577393,0.7854053974151611,0.022292613983154297,0.009032011032104492
2213,0,0.5063589743589747,931,1000,3,3,1413.0,0,1,1,0,1,3.511077880859375,1.2649095058441162,1.0790481567382812,0.7858147621154785,0.02230048179626465,0.009033203125
2214,0,0.5063589743589747,931,1000,1,1,1414.0,0,0,2,0,2,3.5133392810821533,1.2654390335083008,1.0803189277648926,0.7861661911010742,0.022310256958007812,0.009035348892211914
2215,0,0.5063589743589747,930,1000,2,2,1281.6666666666667,0,0,1,0,2,3.51560115814209,1.266416072845459,1.0811796188354492,0.7864017486572266,0.022336721420288086,0.00904226303100586
2216,0,0.5063589743589747,930,1000,1,1,1816.0,0,0,2,0,2,3.5174458026885986,1.2670226097106934,1.0819265842437744,0.7867858409881592,0.022347211837768555,0.009045124053955078
2217,0,0.5063589743589747,930,1000,1,1,2217.0,0,0,0,1,1,3.518491744995117,1.2677340507507324,1.0822200775146484,0.7867858409881592,0.022347211837768555,0.009048700332641602
2218,0,0.5063589743589747,931,1000,3,3,1151.3333333333333,0,0,2,0,1,3.5199785232543945,1.2682209014892578,1.0827887058258057,0.7871158123016357,0.022362232208251953,0.009050130844116211
2219,0,0.5063589743589747,931,1000,3,3,1552.3333333333333,0,0,2,0,2,3.521599292755127,1.2686972618103027,1.083465337753296,0.7874839305877686,0.022368907928466797,0.00905156135559082
2220,0,0.5063589743589747,931,1000,1,1,1820.0,0,0,2,0,2,3.5230634212493896,1.2690908908843994,1.0840716361999512,0.7878477573394775,0.022374868392944336,0.009052753448486328
2221,0,0.5063589743589747,931,1000,3,3,1687.6666666666667,0,0,1,0,2,3.524610757827759,1.2695667743682861,1.084693431854248,0.7881560325622559,0.02238178253173828,0.009054422378540039
2222,0,0.5063589743589747,931,1000,2,2,1622.0,0,0,2,0,2,3.526432752609253,1.2700629234313965,1.0854518413543701,0.7885584831237793,0.022388458251953125,0.009055852890014648
2223,0,0.5063589743589747,931,1000,1,1,223.0,0,0,1,0,1,3.528020143508911,1.270744800567627,1.0860471725463867,0.7887377738952637,0.022401094436645508,0.009059667587280273
2224,0,0.5063589743589747,932,1000,1,1,1824.0,0,0,2,0,1,3.530045986175537,1.2711784839630127,1.0871636867523193,0.7891035079956055,0.02240610122680664,0.009061098098754883
2225,0,0.5063589743589747,931,1000,2,2,1291.6666666666667,0,0,2,0,2,3.5324769020080566,1.2722656726837158,1.0880749225616455,0.7893404960632324,0.02243208885192871,0.00906825065612793
2226,0,0.5063589743589747,931,1000,2,2,1559.3333333333333,0,0,2,0,2,3.5343098640441895,1.2729225158691406,1.088733434677124,0.7896966934204102,0.022444963455200195,0.009071826934814453
2227,0,0.5063589743589747,931,1000,3,3,1427.0,0,0,2,0,2,3.536287784576416,1.273665428161621,1.0894505977630615,0.7900826930999756,0.02245926856994629,0.00907444953918457
2228,0,0.5063589743589747,931,1000,4,4,1328.0,0,1,2,0,2,3.5379297733306885,1.2742061614990234,1.0900638103485107,0.7904291152954102,0.022468090057373047,0.009078025817871094
2229,0,0.5063589743589747,931,1000,3,3,895.6666666666666,0,1,0,0,2,3.5393967628479004,1.2746517658233643,1.0906593799591064,0.7907476425170898,0.022475242614746094,0.009079933166503906
2230,0,0.5063589743589747,931,1000,1,1,1830.0,0,0,2,0,2,3.541079521179199,1.2750792503356934,1.091444969177246,0.7911195755004883,0.02248072624206543,0.009081363677978516
2231,0,0.5063589743589747,931,1000,1,1,1831.0,0,0,1,0,1,3.5428566932678223,1.2758169174194336,1.092059850692749,0.7914121150970459,0.022495746612548828,0.00908517837524414
2232,0,0.5063589743589747,932,1000,3,3,1698.6666666666667,0,0,1,0,1,3.544325351715088,1.2762525081634521,1.092602252960205,0.7917675971984863,0.022502899169921875,0.009086847305297852
2233,0,0.5063589743589747,932,1000,2,2,1233.0,0,1,1,0,2,3.546039342880249,1.276742935180664,1.093336820602417,0.7921056747436523,0.022509098052978516,0.00908803939819336
2234,0,0.5063589743589747,932,1000,4,4,1234.0,0,1,2,0,2,3.5490880012512207,1.2781121730804443,1.0942609310150146,0.7925820350646973,0.022538423538208008,0.009093761444091797
2235,0,0.5063589743589747,932,1000,1,1,1435.0,0,0,1,0,1,3.551037549972534,1.2789928913116455,1.0949525833129883,0.7928352355957031,0.0225522518157959,0.009097814559936523
2236,0,0.5063589743589747,931,1000,1,1,1436.0,0,0,1,0,2,3.552518844604492,1.2795319557189941,1.095571517944336,0.7930684089660645,0.02255868911743164,0.009100198745727539
2237,0,0.5063589743589747,931,1000,2,2,1237.0,0,0,2,0,2,3.5540387630462646,1.2799756526947021,1.096146583557129,0.7934186458587646,0.022566556930541992,0.009101629257202148
2238,0,0.5063589743589747,932,1000,2,2,1038.0,0,1,2,0,1,3.555875539779663,1.280500888824463,1.0969467163085938,0.7937707901000977,0.02257370948791504,0.009103059768676758
2239,0,0.5063589743589747,932,1000,2,2,1639.0,0,0,2,0,2,3.5579071044921875,1.2813339233398438,1.0976133346557617,0.7941741943359375,0.022593021392822266,0.00910806655883789
2240,0,0.5063589743589747,932,1000,2,2,840.0,0,0,2,0,2,3.5611276626586914,1.281815767288208,1.0982317924499512,0.796177864074707,0.022600650787353516,0.009110689163208008
2241,0,0.5063589743589747,932,1000,3,3,1707.6666666666667,0,1,2,0,2,3.5627734661102295,1.2822902202606201,1.0989420413970947,0.7965052127838135,0.022608041763305664,0.009112358093261719
2242,0,0.5063589743589747,932,1000,1,1,2242.0,0,0,0,1,1,3.5649545192718506,1.2836971282958984,1.0996301174163818,0.7965052127838135,0.022608041763305664,0.00911855697631836
2243,0,0.5063589743589747,932,1000,1,1,1843.0,0,0,2,0,2,3.566835880279541,1.2843458652496338,1.1003525257110596,0.7968864440917969,0.022623538970947266,0.009123802185058594
2244,0,0.5063589743589747,932,1000,2,2,1664.6666666666667,0,0,1,0,1,3.57094407081604,1.2850518226623535,1.1011817455291748,0.7993416786193848,0.022641658782958984,0.009127378463745117
2245,0,0.5063589743589747,932,1000,2,2,1445.0,0,1,2,0,2,3.572856903076172,1.2858247756958008,1.101764440536499,0.799715518951416,0.02265334129333496,0.009131669998168945
2246,0,0.5063589743589747,933,1000,3,3,1446.0,0,0,2,0,1,3.5743184089660645,1.2862863540649414,1.102330207824707,0.8000631332397461,0.022660493850708008,0.009134292602539062
2247,0,0.5063589743589747,933,1000,2,2,1447.0,0,0,2,0,2,3.5759005546569824,1.2868106365203857,1.1029365062713623,0.8004233837127686,0.02266716957092285,0.009135961532592773
2248,0,0.5063589743589747,935,1000,2,2,1648.0,0,1,2,0,0,3.5773510932922363,1.2872612476348877,1.1034908294677734,0.8007416725158691,0.022673845291137695,0.009137630462646484
2249,0,0.5063589743589747,936,1000,1,1,1849.0,0,0,2,0,1,3.578831672668457,1.2876899242401123,1.1041059494018555,0.8010938167572021,0.022678613662719727,0.009138822555541992
2250,0,0.5063589743589747,936,1000,1,1,650.0,0,0,2,0,2,3.5815651416778564,1.2886080741882324,1.10512113571167,0.8017010688781738,0.02270197868347168,0.009140253067016602
2251,0,0.5063589743589747,936,1000,1,1,251.0,0,0,2,0,2,3.5835232734680176,1.2895066738128662,1.1056938171386719,0.8020462989807129,0.022716760635375977,0.009144783020019531
2252,0,0.5063589743589747,936,1000,2,1,2252.0,0,0,0,1,1,3.584447145462036,1.2900655269622803,1.1060163974761963,0.8020462989807129,0.022716760635375977,0.009148120880126953
2253,0,0.5063589743589747,936,1000,1,1,1853.0,0,0,0,0,0,3.5853517055511475,1.2908170223236084,1.106017827987671,0.8020462989807129,0.022736310958862305,0.00915074348449707
2254,0,0.5063589743589747,936,1000,1,1,2254.0,0,0,0,1,1,3.587200880050659,1.2918446063995361,1.1067814826965332,0.8020462989807129,0.022736310958862305,0.009154796600341797
2255,0,0.5063589743589747,936,1000,1,1,1855.0,0,0,2,0,2,3.5891642570495605,1.292649745941162,1.1074209213256836,0.802433967590332,0.0227510929107666,0.009161233901977539
2256,0,0.5063589743589747,936,1000,3,3,1189.3333333333333,0,1,2,0,2,3.590878486633301,1.2932071685791016,1.108048677444458,0.8028020858764648,0.022759199142456055,0.009162425994873047
2257,0,0.5063589743589747,935,1000,2,2,1723.6666666666667,0,0,1,0,2,3.592327356338501,1.2937047481536865,1.108647346496582,0.8030450344085693,0.02276611328125,0.009163856506347656
2258,0,0.5063589743589747,935,1000,1,1,2258.0,0,0,0,1,1,3.593085289001465,1.2941484451293945,1.1089255809783936,0.8030450344085693,0.02276611328125,0.009165287017822266
2259,0,0.5063589743589747,936,1000,2,2,1592.3333333333333,0,0,2,0,1,3.5945069789886475,1.2945756912231445,1.109513521194458,0.8033785820007324,0.022773027420043945,0.009166717529296875
2260,0,0.5063589743589747,936,1000,2,1,2260.0,0,0,0,1,1,3.5952742099761963,1.295020580291748,1.1098036766052246,0.8033785820007324,0.022773027420043945,0.009167909622192383
2261,0,0.5063589743589747,936,1000,2,2,1594.3333333333333,0,0,1,0,2,3.598024606704712,1.2954928874969482,1.111215353012085,0.8040273189544678,0.022791147232055664,0.00916910171508789
2262,0,0.5063589743589747,936,1000,1,1,2262.0,0,0,0,1,1,3.59976863861084,1.296555519104004,1.1118178367614746,0.8040273189544678,0.022791147232055664,0.009177684783935547
2263,0,0.5063589743589747,936,1000,1,1,2263.0,0,0,0,1,1,3.6009466648101807,1.297386646270752,1.1121304035186768,0.8040273189544678,0.022791147232055664,0.00918126106262207
2264,0,0.5063589743589747,937,1000,3,3,1112.0,0,1,1,0,1,3.602541923522949,1.2978436946868896,1.1127400398254395,0.8043961524963379,0.02281045913696289,0.009182453155517578
2265,0,0.5063589743589747,937,1000,1,1,2265.0,0,0,0,1,1,3.6034138202667236,1.2983663082122803,1.1130571365356445,0.8043961524963379,0.02281045913696289,0.009185075759887695
2266,0,0.5063589743589747,938,1000,1,1,1866.0,0,0,2,0,1,3.6065738201141357,1.2987971305847168,1.113626480102539,0.8064353466033936,0.02282094955444336,0.009187936782836914
2267,0,0.5063589743589747,938,1000,1,1,2267.0,0,0,0,1,1,3.6073453426361084,1.2992539405822754,1.1139147281646729,0.8064353466033936,0.02282094955444336,0.009189367294311523
2268,0,0.5063589743589747,938,1000,2,2,1668.0,0,0,2,0,2,3.6088931560516357,1.299712896347046,1.1145257949829102,0.8068058490753174,0.022829055786132812,0.009190559387207031
2269,0,0.5063589743589747,937,1000,2,1,1869.0,0,0,1,0,2,3.610323667526245,1.3001751899719238,1.1151347160339355,0.8070759773254395,0.022834062576293945,0.00919198989868164
2270,0,0.5063589743589747,937,1000,3,3,1470.0,0,0,2,0,2,3.611834764480591,1.3006658554077148,1.115715503692627,0.8073954582214355,0.022841215133666992,0.009193181991577148
2271,0,0.5063589743589747,937,1000,1,1,1071.0,0,0,1,0,1,3.615795850753784,1.3012020587921143,1.1166672706604004,0.8096489906311035,0.022857666015625,0.00919485092163086
2272,0,0.5063589743589747,937,1000,2,2,1605.3333333333333,0,0,2,0,2,3.61873459815979,1.3022198677062988,1.117901086807251,0.8101518154144287,0.022885799407958984,0.009200096130371094
2273,0,0.5063589743589747,937,1000,2,2,1339.6666666666667,0,0,1,0,2,3.621184825897217,1.3033010959625244,1.1186604499816895,0.8105456829071045,0.02290511131286621,0.009207487106323242
2274,0,0.5063589743589747,937,1000,2,2,1674.0,0,0,1,0,2,3.6227474212646484,1.303809642791748,1.1192924976348877,0.8108477592468262,0.022912979125976562,0.009209871292114258
2275,0,0.5063589743589747,938,1000,2,2,1275.0,0,0,2,0,1,3.6243011951446533,1.30433988571167,1.1198832988739014,0.811187744140625,0.022919416427612305,0.009211301803588867
2276,0,0.5063589743589747,938,1000,2,2,1609.3333333333333,0,0,2,0,2,3.625826358795166,1.3047754764556885,1.12052583694458,0.8115572929382324,0.02292609214782715,0.009212732315063477
2277,0,0.5063589743589747,938,1000,2,2,1277.0,0,0,2,0,2,3.6273515224456787,1.3052010536193848,1.1211328506469727,0.8118939399719238,0.02293229103088379,0.009214401245117188
2278,0,0.5063589743589747,938,1000,1,1,278.0,0,0,2,0,2,3.628816843032837,1.3056316375732422,1.1217372417449951,0.8122382164001465,0.02293705940246582,0.009215593338012695
2279,0,0.5063589743589747,938,1000,2,2,1279.0,0,0,2,0,2,3.631948947906494,1.3065271377563477,1.1228368282318115,0.8130495548248291,0.022975444793701172,0.009217023849487305
2280,0,0.5063589743589747,938,1000,1,1,2280.0,0,0,0,1,1,3.633331775665283,1.3075063228607178,1.1231820583343506,0.8130495548248291,0.022975444793701172,0.009222030639648438
2281,0,0.5063589743589747,938,1000,3,3,1614.3333333333333,0,1,2,0,2,3.6352994441986084,1.3081960678100586,1.1238539218902588,0.8134520053863525,0.02300429344177246,0.009225130081176758
2282,0,0.5063589743589747,938,1000,1,1,1882.0,0,0,0,0,0,3.635972738265991,1.308772325515747,1.123854398727417,0.8134520053863525,0.02301168441772461,0.009227514266967773
2283,0,0.5063589743589747,937,1000,1,1,683.0,0,0,1,0,2,3.637281894683838,1.309197187423706,1.124459981918335,0.813650369644165,0.023015975952148438,0.009228944778442383
2284,0,0.5063589743589747,937,1000,1,1,1884.0,0,0,1,0,1,3.6387152671813965,1.3096923828125,1.1250331401824951,0.813929557800293,0.023020505905151367,0.009230375289916992
2285,0,0.5063589743589747,936,1000,2,2,1085.0,0,0,1,0,2,3.6401121616363525,1.3101918697357178,1.1256446838378906,0.8141298294067383,0.02302718162536621,0.009231805801391602
2286,0,0.5063589743589747,936,1000,2,2,486.0,0,0,1,0,2,3.6416776180267334,1.3106427192687988,1.1262285709381104,0.8145191669464111,0.023033618927001953,0.009233236312866211
2287,0,0.5063589743589747,936,1000,1,1,1887.0,0,0,1,0,1,3.6430933475494385,1.3111133575439453,1.1268243789672852,0.8147850036621094,0.02303910255432129,0.009234428405761719
2288,0,0.5063589743589747,936,1000,4,4,1388.0,0,1,1,0,2,3.644618272781372,1.31154465675354,1.127431869506836,0.8151302337646484,0.023047208786010742,0.009235858917236328
2289,0,0.5063589743589747,935,1000,2,1,1089.0,0,0,1,0,2,3.646228790283203,1.311979055404663,1.1283013820648193,0.8153364658355713,0.023052692413330078,0.009237289428710938
2290,0,0.5063589743589747,935,1000,1,1,2290.0,0,0,0,1,1,3.648563861846924,1.3133318424224854,1.1291923522949219,0.8153364658355713,0.023052692413330078,0.009247064590454102
2291,0,0.5063589743589747,936,1000,2,2,1691.0,0,0,2,0,1,3.6522486209869385,1.3142950534820557,1.1304662227630615,0.8161749839782715,0.02308058738708496,0.009255647659301758
2292,0,0.5063589743589747,936,1000,1,1,1892.0,0,0,1,0,1,3.655059337615967,1.315565586090088,1.13144850730896,0.8165311813354492,0.023103713989257812,0.009263753890991211
2293,0,0.5063589743589747,936,1000,2,2,893.0,0,0,2,0,2,3.6577744483947754,1.3168487548828125,1.1323134899139404,0.8169171810150146,0.02312636375427246,0.009270668029785156
2294,0,0.5063589743589747,936,1000,1,1,1094.0,0,0,1,0,1,3.6596477031707764,1.3175857067108154,1.1330671310424805,0.817152738571167,0.02314305305480957,0.009282350540161133
2295,0,0.5063589743589747,936,1000,1,1,2295.0,0,0,0,1,1,3.6609292030334473,1.3183708190917969,1.1335108280181885,0.817152738571167,0.02314305305480957,0.009286642074584961
2296,0,0.5063589743589747,935,1000,1,1,296.0,0,0,1,0,2,3.6629343032836914,1.3189964294433594,1.134530782699585,0.817385196685791,0.023155689239501953,0.009291648864746094
2297,0,0.5063589743589747,936,1000,3,3,1763.6666666666667,0,0,2,0,1,3.66599178314209,1.3204283714294434,1.135472297668457,0.8178591728210449,0.023181676864624023,0.009299993515014648
2298,0,0.5063589743589747,936,1000,2,2,1898.0,0,1,2,0,2,3.668126106262207,1.3213181495666504,1.1361794471740723,0.8182141780853271,0.02320241928100586,0.009304523468017578
2299,0,0.5063589743589747,936,1000,1,1,1899.0,0,0,2,0,2,3.6700520515441895,1.322138786315918,1.136817216873169,0.8185596466064453,0.02321314811706543,0.009307861328125
2300,0,0.5063589743589747,936,1000,2,2,900.0,0,1,2,0,2,3.671776294708252,1.3226821422576904,1.1374552249908447,0.8189053535461426,0.023220539093017578,0.00930929183959961
2301,0,0.5063589743589747,936,1000,2,2,1901.0,0,0,1,0,1,3.6732072830200195,1.3231422901153564,1.138068437576294,0.8191854953765869,0.023227453231811523,0.009310483932495117
2302,0,0.5063589743589747,936,1000,3,2,835.3333333333334,0,0,2,0,2,3.674748659133911,1.3235900402069092,1.1387085914611816,0.8195443153381348,0.023234128952026367,0.009312152862548828
2303,0,0.5063589743589747,935,1000,1,1,1503.0,0,0,1,0,2,3.6778252124786377,1.3240118026733398,1.139333724975586,0.8214638233184814,0.023240327835083008,0.009313344955444336
2304,0,0.5063589743589747,934,1000,1,1,1904.0,0,0,1,0,2,3.679708480834961,1.3244826793670654,1.1404149532318115,0.8217089176177979,0.02324509620666504,0.009314775466918945
2305,0,0.5063589743589747,934,1000,3,3,1505.0,0,1,2,0,2,3.6825649738311768,1.3256702423095703,1.141364574432373,0.8221428394317627,0.023273944854736328,0.009327411651611328
2306,0,0.5063589743589747,934,1000,1,1,1906.0,0,0,2,0,2,3.6842916011810303,1.3262872695922852,1.142012596130371,0.8225030899047852,0.023281097412109375,0.009331226348876953
2307,0,0.5063589743589747,935,1000,2,2,1707.0,0,0,2,0,1,3.6862707138061523,1.3269076347351074,1.1427841186523438,0.8228650093078613,0.023299694061279297,0.009334087371826172
2308,0,0.5063589743589747,935,1000,1,1,1908.0,0,0,2,0,2,3.688075065612793,1.3276264667510986,1.143402338027954,0.8232176303863525,0.02330756187438965,0.009338617324829102
2309,0,0.5063589743589747,935,1000,3,3,1775.6666666666667,0,0,2,0,2,3.6895840167999268,1.328059196472168,1.1440308094024658,0.823573112487793,0.023314476013183594,0.009340047836303711
2310,0,0.5063589743589747,935,1000,1,1,2310.0,0,0,0,1,1,3.6904027462005615,1.3285648822784424,1.1443145275115967,0.823573112487793,0.023314476013183594,0.00934147834777832
2311,0,0.5063589743589747,935,1000,2,2,1511.0,0,0,1,0,2,3.6920249462127686,1.3290612697601318,1.144927740097046,0.8239288330078125,0.023321151733398438,0.009342670440673828
2312,0,0.5063589743589747,935,1000,3,3,1378.6666666666667,0,0,2,0,2,3.6934614181518555,1.3294594287872314,1.1455333232879639,0.824275016784668,0.02332782745361328,0.009344339370727539
2313,0,0.5063589743589747,936,1000,2,2,1313.0,0,1,2,0,1,3.6950292587280273,1.3298652172088623,1.1461803913116455,0.8246555328369141,0.023334264755249023,0.009345769882202148
2314,0,0.5063589743589747,935,1000,1,1,1114.0,0,0,1,0,2,3.6984922885894775,1.3309624195098877,1.1479673385620117,0.825037956237793,0.023364543914794922,0.009349346160888672
2315,0,0.5063589743589747,936,1000,3,2,1715.0,0,0,2,0,1,3.701263427734375,1.332251787185669,1.1488425731658936,0.8254549503326416,0.023386478424072266,0.009356498718261719
2316,0,0.5063589743589747,936,1000,1,1,716.0,0,0,2,0,2,3.70491623878479,1.333122968673706,1.1494264602661133,0.8275268077850342,0.023395776748657227,0.009360074996948242
2317,0,0.5063589743589747,936,1000,1,1,2317.0,0,0,0,1,1,3.705740213394165,1.3335926532745361,1.1497511863708496,0.8275268077850342,0.023395776748657227,0.00936126708984375
2318,0,0.5063589743589747,936,1000,3,3,1784.6666666666667,0,1,2,0,2,3.7072784900665283,1.3340539932250977,1.1503472328186035,0.8278632164001465,0.02340412139892578,0.009362459182739258
2319,0,0.5063589743589747,935,1000,1,1,1519.0,0,0,1,0,2,3.7086381912231445,1.3344953060150146,1.1509425640106201,0.8280973434448242,0.023409605026245117,0.009364128112792969
2320,0,0.5063589743589747,936,1000,2,2,1320.0,0,0,2,0,1,3.7102479934692383,1.3349971771240234,1.1515705585479736,0.8284957408905029,0.02341628074645996,0.009365320205688477
2321,0,0.5063589743589747,936,1000,1,1,1921.0,0,0,2,0,2,3.7118935585021973,1.3355722427368164,1.1521720886230469,0.828862190246582,0.023425579071044922,0.009368658065795898
2322,0,0.5063589743589747,936,1000,1,1,1922.0,0,0,2,0,2,3.7149040699005127,1.3363690376281738,1.1532559394836426,0.8297901153564453,0.023452043533325195,0.009371042251586914
2323,0,0.5063589743589747,936,1000,1,1,1923.0,0,0,2,0,2,3.718132257461548,1.3372790813446045,1.1543385982513428,0.8307008743286133,0.02359294891357422,0.009376287460327148
2324,0,0.5063589743589747,936,1000,2,2,1724.0,0,0,0,0,0,3.719360589981079,1.338376760482788,1.15433931350708,0.8307008743286133,0.023612499237060547,0.009381532669067383
2325,0,0.5063589743589747,936,1000,1,1,2325.0,0,0,0,1,1,3.72019100189209,1.3388497829437256,1.1546616554260254,0.8307008743286133,0.023612499237060547,0.009382963180541992
2326,0,0.5063589743589747,935,1000,2,2,1659.3333333333333,0,0,1,0,2,3.721763849258423,1.3392748832702637,1.1554079055786133,0.8309407234191895,0.02361917495727539,0.0093841552734375
2327,0,0.5063589743589747,935,1000,3,2,1327.0,0,0,0,0,0,3.7229268550872803,1.3402259349822998,1.1554090976715088,0.8309407234191895,0.023641347885131836,0.00938868522644043
2328,0,0.5063589743589747,935,1000,2,2,1261.3333333333333,0,0,1,0,1,3.7249298095703125,1.3408148288726807,1.1564838886260986,0.8311748504638672,0.023647308349609375,0.009391307830810547
2329,0,0.5063589743589747,934,1000,2,2,1662.3333333333333,0,0,1,0,2,3.7289087772369385,1.341618299484253,1.1574342250823975,0.8332004547119141,0.023667335510253906,0.00939631462097168
2330,0,0.5063589743589747,934,1000,1,1,1930.0,0,0,0,0,0,3.7303378582000732,1.342829942703247,1.1574358940124512,0.8332004547119141,0.023691177368164062,0.009403705596923828
2331,0,0.5063589743589747,934,1000,1,1,1931.0,0,0,2,0,2,3.7352328300476074,1.3440148830413818,1.158456563949585,0.8356835842132568,0.023710250854492188,0.009410619735717773
2332,0,0.5063589743589747,934,1000,1,1,732.0,0,0,2,0,2,3.737347364425659,1.3449394702911377,1.159123182296753,0.8360536098480225,0.0237276554107666,0.00941610336303711
2333,0,0.5063589743589747,934,1000,1,1,2333.0,0,0,0,1,1,3.738903760910034,1.3458149433135986,1.15972900390625,0.8360536098480225,0.0237276554107666,0.009421110153198242
2334,0,0.5063589743589747,934,1000,3,3,1800.6666666666667,0,0,2,0,2,3.741323471069336,1.3467755317687988,1.160581111907959,0.836461067199707,0.02375173568725586,0.009424686431884766
2335,0,0.5063589743589747,933,1000,1,1,1935.0,0,0,1,0,2,3.7428128719329834,1.3473286628723145,1.1611461639404297,0.8367388248443604,0.023758888244628906,0.009428739547729492
2336,0,0.5063589743589747,933,1000,1,1,336.0,0,0,2,0,2,3.7442469596862793,1.3477287292480469,1.161750316619873,0.837085485458374,0.02376389503479004,0.009429931640625
2337,0,0.5063589743589747,934,1000,1,1,1537.0,0,0,1,0,0,3.7457473278045654,1.3482422828674316,1.1624009609222412,0.8373317718505859,0.02376866340637207,0.009431123733520508
2338,0,0.5063589743589747,934,1000,3,3,1538.0,0,1,1,0,2,3.7488372325897217,1.3494915962219238,1.1634082794189453,0.8379006385803223,0.02379918098449707,0.009434938430786133
2339,0,0.5063589743589747,934,1000,1,1,1939.0,0,0,2,0,2,3.7511825561523438,1.3504581451416016,1.1641902923583984,0.8383076190948486,0.02382206916809082,0.009440898895263672
2340,0,0.5063589743589747,934,1000,1,1,2340.0,0,0,0,1,1,3.75222110748291,1.3511734008789062,1.1644763946533203,0.8383076190948486,0.02382206916809082,0.009444236755371094
2341,0,0.5063589743589747,934,1000,1,1,2341.0,0,0,0,1,1,3.7530341148376465,1.351640224456787,1.1647932529449463,0.8383076190948486,0.02382206916809082,0.009445667266845703
2342,0,0.5063589743589747,934,1000,2,2,1742.0,0,0,1,0,2,3.755300521850586,1.3523354530334473,1.1657202243804932,0.8387510776519775,0.023844242095947266,0.009447574615478516
2343,0,0.5063589743589747,933,1000,3,3,1743.0,0,0,1,0,2,3.757373094558716,1.353409767150879,1.1663243770599365,0.8390209674835205,0.023862361907958984,0.009452104568481445
2344,0,0.5063589743589747,933,1000,2,2,1344.0,0,0,1,0,2,3.7589609622955322,1.3539319038391113,1.16693115234375,0.8393428325653076,0.023869037628173828,0.009453296661376953
2345,0,0.5063589743589747,934,1000,1,1,1545.0,0,0,2,0,1,3.7623040676116943,1.3543992042541504,1.1675996780395508,0.8414428234100342,0.02387404441833496,0.009454965591430664
2346,0,0.5063589743589747,934,1000,1,1,2346.0,0,0,0,1,1,3.764292001724243,1.3554174900054932,1.168485164642334,0.8414428234100342,0.02387404441833496,0.009457826614379883
2347,0,0.5063589743589747,933,1000,1,1,347.0,0,0,1,0,2,3.7668068408966064,1.3564674854278564,1.1695034503936768,0.8417239189147949,0.023894786834716797,0.009464263916015625
2348,0,0.5063589743589747,934,1000,3,3,1814.6666666666667,0,0,2,0,1,3.7689507007598877,1.3573083877563477,1.170173168182373,0.8421370983123779,0.023914575576782227,0.009470224380493164
2349,0,0.5063589743589747,933,1000,4,4,1629.0,0,0,1,0,2,3.771040678024292,1.3579773902893066,1.1710996627807617,0.8424835205078125,0.023940563201904297,0.00947260856628418
2350,0,0.5063589743589747,934,1000,1,1,1950.0,0,0,2,0,1,3.7728662490844727,1.3587307929992676,1.1717002391815186,0.8428514003753662,0.023948192596435547,0.009485006332397461
2351,0,0.5063589743589747,934,1000,3,3,1417.6666666666667,0,0,2,0,2,3.7745473384857178,1.3592462539672852,1.1723530292510986,0.843212366104126,0.023955583572387695,0.00948643684387207
2352,0,0.5063589743589747,934,1000,1,1,352.0,0,0,2,0,2,3.7760794162750244,1.3597328662872314,1.1729693412780762,0.8435609340667725,0.02396106719970703,0.009488105773925781
2353,0,0.5063589743589747,935,1000,1,1,1953.0,0,0,2,0,1,3.7778255939483643,1.3602149486541748,1.1737048625946045,0.8439922332763672,0.023965835571289062,0.009489774703979492
2354,0,0.5063589743589747,935,1000,1,1,1954.0,0,0,2,0,2,3.781026601791382,1.3615047931671143,1.1747214794158936,0.8446989059448242,0.023989200592041016,0.00949549674987793
2355,0,0.5063589743589747,935,1000,2,2,1755.0,0,0,1,0,1,3.78402042388916,1.3625774383544922,1.1761085987091064,0.8450500965118408,0.024014949798583984,0.00950169563293457
2356,0,0.5063589743589747,935,1000,1,1,2356.0,0,0,0,1,1,3.7860891819000244,1.36375093460083,1.176910638809204,0.8450500965118408,0.024014949798583984,0.009507179260253906
2357,0,0.5063589743589747,935,1000,1,1,2357.0,0,0,0,1,1,3.7876577377319336,1.364797592163086,1.1773741245269775,0.8450500965118408,0.024014949798583984,0.009513139724731445
2358,0,0.5063589743589747,935,1000,2,2,1158.0,0,0,1,0,2,3.7893588542938232,1.365283727645874,1.1780126094818115,0.8454375267028809,0.024035930633544922,0.009515047073364258
2359,0,0.5063589743589747,935,1000,2,2,1559.0,0,0,2,0,2,3.790889024734497,1.3657445907592773,1.178633451461792,0.8457973003387451,0.02404308319091797,0.009516477584838867
2360,0,0.5063589743589747,935,1000,1,1,1960.0,0,0,2,0,2,3.7923574447631836,1.3661549091339111,1.1792490482330322,0.8461511135101318,0.0240480899810791,0.009518146514892578
2361,0,0.5063589743589747,934,1000,1,1,361.0,0,0,1,0,2,3.793862819671631,1.3666224479675293,1.1800034046173096,0.8463425636291504,0.024053335189819336,0.009519577026367188
2362,0,0.5063589743589747,934,1000,3,3,1428.6666666666667,0,0,1,0,2,3.7966110706329346,1.3674578666687012,1.1813058853149414,0.8467292785644531,0.02407383918762207,0.009524106979370117
2363,0,0.5063589743589747,934,1000,1,1,363.0,0,0,2,0,2,3.799334764480591,1.3686270713806152,1.1822757720947266,0.8471252918243408,0.02409529685974121,0.009530305862426758
2364,0,0.5063589743589747,934,1000,1,1,2364.0,0,0,0,1,1,3.800673007965088,1.3695578575134277,1.1826374530792236,0.8471252918243408,0.02409529685974121,0.009535789489746094
2365,0,0.5063589743589747,934,1000,1,1,2365.0,0,0,0,1,1,3.80263614654541,1.3707592487335205,1.1833224296569824,0.8471252918243408,0.02409529685974121,0.009538888931274414
2366,0,0.5063589743589747,935,1000,2,2,766.0,0,0,2,0,1,3.8048412799835205,1.3716940879821777,1.1840100288391113,0.8475155830383301,0.024116992950439453,0.009543418884277344
2367,0,0.5063589743589747,936,1000,3,3,1795.3333333333333,0,0,2,0,1,3.8097951412200928,1.372208595275879,1.1846287250518799,0.8512477874755859,0.024125099182128906,0.009545564651489258
2368,0,0.5063589743589747,937,1000,2,2,1768.0,0,0,2,0,1,3.8115181922912598,1.3727858066558838,1.1852142810821533,0.8516237735748291,0.024134397506713867,0.009547948837280273
2369,0,0.5063589743589747,937,1000,1,1,1969.0,0,0,2,0,2,3.8135201930999756,1.373232364654541,1.1862943172454834,0.8519928455352783,0.024139881134033203,0.009549379348754883
2370,0,0.5063589743589747,937,1000,2,1,2370.0,0,0,0,1,1,3.815659761428833,1.3746025562286377,1.186964511871338,0.8519928455352783,0.024139881134033203,0.009560346603393555
2371,0,0.5063589743589747,936,1000,2,2,1704.3333333333333,0,0,1,0,2,3.818237066268921,1.3757281303405762,1.1878750324249268,0.8523592948913574,0.024167537689208984,0.009566307067871094
2372,0,0.5063589743589747,936,1000,1,1,372.0,0,0,1,0,1,3.8201100826263428,1.3767120838165283,1.188462257385254,0.8525509834289551,0.024179458618164062,0.009569644927978516
2373,0,0.5063589743589747,935,1000,3,3,1173.0,0,0,1,0,2,3.8214406967163086,1.3771862983703613,1.1890361309051514,0.8527624607086182,0.024186372756958008,0.009571075439453125
2374,0,0.5063589743589747,935,1000,1,1,2374.0,0,0,0,1,1,3.8222389221191406,1.3776347637176514,1.1893572807312012,0.8527624607086182,0.024186372756958008,0.009572267532348633
2375,0,0.5063589743589747,935,1000,4,2,1575.0,0,0,2,0,2,3.8238327503204346,1.3781299591064453,1.1899702548980713,0.8531091213226318,0.02419424057006836,0.009574174880981445
2376,0,0.5063589743589747,935,1000,2,2,1976.0,0,0,2,0,2,3.827619791030884,1.3785910606384277,1.1908783912658691,0.8553571701049805,0.024200916290283203,0.009575605392456055
2377,0,0.5063589743589747,935,1000,2,2,1377.0,0,0,2,0,2,3.8304431438446045,1.3794341087341309,1.1923370361328125,0.8557333946228027,0.02421736717224121,0.00957942008972168
2378,0,0.5063589743589747,934,1000,1,1,1978.0,0,0,1,0,2,3.833561897277832,1.3806421756744385,1.1936421394348145,0.8561787605285645,0.024237871170043945,0.009588241577148438
2379,0,0.5063589743589747,934,1000,2,1,2379.0,0,0,0,1,1,3.8348515033721924,1.3815233707427979,1.1939857006072998,0.8561787605285645,0.024237871170043945,0.009593963623046875
2380,0,0.5063589743589747,933,1000,1,1,380.0,0,0,1,0,2,3.836299419403076,1.3820102214813232,1.1946303844451904,0.8563766479492188,0.024251937866210938,0.009595870971679688
2381,0,0.5063589743589747,932,1000,1,1,781.0,0,0,1,0,2,3.8376095294952393,1.3824236392974854,1.195251226425171,0.8565754890441895,0.024257898330688477,0.009597063064575195
2382,0,0.5063589743589747,932,1000,1,1,382.0,0,0,0,0,0,3.838101625442505,1.3828344345092773,1.19525146484375,0.8565754890441895,0.024264812469482422,0.009598493576049805
2383,0,0.5063589743589747,932,1000,1,1,1983.0,0,0,2,0,2,3.8395590782165527,1.3832600116729736,1.1958527565002441,0.8569209575653076,0.02426910400390625,0.009599685668945312
2384,0,0.5063589743589747,932,1000,2,2,1984.0,0,0,1,0,2,3.842829942703247,1.3836774826049805,1.1964797973632812,0.8589911460876465,0.024275779724121094,0.009601354598999023
2385,0,0.5063589743589747,932,1000,1,1,1985.0,0,0,2,0,2,3.844322443008423,1.3840978145599365,1.1970973014831543,0.8593547344207764,0.024280786514282227,0.009603023529052734
2386,0,0.5063589743589747,933,1000,3,3,1386.0,0,0,2,0,1,3.8460733890533447,1.384561538696289,1.1977849006652832,0.859856128692627,0.024287939071655273,0.009604692459106445
2387,0,0.5063589743589747,933,1000,1,1,1987.0,0,0,2,0,2,3.8492591381073,1.3858754634857178,1.1990280151367188,0.8602948188781738,0.024309635162353516,0.009610652923583984
2388,0,0.5063589743589747,932,1000,1,1,1988.0,0,0,1,0,2,3.8516197204589844,1.3869848251342773,1.1997954845428467,0.8606371879577637,0.02432537078857422,0.009615182876586914
2389,0,0.5063589743589747,932,1000,2,2,1189.0,0,0,2,0,2,3.853332042694092,1.387617588043213,1.2004101276397705,0.8610000610351562,0.024337053298950195,0.009618520736694336
2390,0,0.5063589743589747,931,1000,1,1,1590.0,0,0,1,0,2,3.8547112941741943,1.3880865573883057,1.2009868621826172,0.8612396717071533,0.024342060089111328,0.009619951248168945
2391,0,0.5063589743589747,932,1000,1,1,2391.0,0,0,0,1,0,3.8554155826568604,1.3884687423706055,1.2012782096862793,0.8612396717071533,0.024342060089111328,0.009621143341064453
2392,0,0.5063589743589747,933,1000,2,2,1392.0,0,1,2,0,1,3.856954336166382,1.3889331817626953,1.2018578052520752,0.8615849018096924,0.024348974227905273,0.00962209701538086
2393,0,0.5063589743589747,932,1000,3,3,1393.0,0,0,1,0,2,3.8583226203918457,1.3893933296203613,1.2024765014648438,0.8617880344390869,0.02435588836669922,0.009623527526855469
2394,0,0.5063589743589747,932,1000,1,1,2394.0,0,0,0,1,1,3.859044075012207,1.3898029327392578,1.2027666568756104,0.8617880344390869,0.02435588836669922,0.009624719619750977
2395,0,0.5063589743589747,932,1000,3,3,1728.3333333333333,0,1,2,0,2,3.8605754375457764,1.3902595043182373,1.2033741474151611,0.8621253967285156,0.024363040924072266,0.009625911712646484
2396,0,0.5063589743589747,932,1000,1,1,1996.0,0,0,2,0,2,3.863234281539917,1.3906762599945068,1.2051670551300049,0.8624768257141113,0.024367809295654297,0.009627342224121094
2397,0,0.5063589743589747,932,1000,1,1,1197.0,0,0,1,0,1,3.866276264190674,1.3920197486877441,1.2063353061676025,0.8628029823303223,0.024393796920776367,0.009636163711547852
2398,0,0.5063589743589747,932,1000,2,2,1798.0,0,0,2,0,2,3.870966911315918,1.3934617042541504,1.207240104675293,0.8649148941040039,0.024417638778686523,0.009645223617553711
2399,0,0.5108717948717952,931,1000,1,1,1999.0,0,0,1,0,2,3.8727076053619385,1.394071340560913,1.2078421115875244,0.8651981353759766,0.024424076080322266,0.009648799896240234
2400,0,0.5108717948717952,933,1000,3,3,1866.6666666666667,0,0,1,0,0,3.8743386268615723,1.394615888595581,1.208418607711792,0.8655457496643066,0.024431705474853516,0.009799003601074219
2401,0,0.5108717948717952,932,1000,1,1,2001.0,0,0,1,0,2,3.8761980533599854,1.3954033851623535,1.2090489864349365,0.8658318519592285,0.02444911003112793,0.009800434112548828
2402,0,0.5108717948717952,932,1000,1,1,2002.0,0,0,2,0,2,3.877788782119751,1.3958666324615479,1.2097418308258057,0.8661715984344482,0.02445507049560547,0.009802818298339844
2403,0,0.5108717948717952,931,1000,1,1,2003.0,0,0,1,0,2,3.879971504211426,1.3963799476623535,1.2110300064086914,0.8664507865905762,0.02446460723876953,0.009805440902709961
2404,0,0.5108717948717952,931,1000,1,1,2404.0,0,0,0,1,1,3.8814475536346436,1.397294282913208,1.2115318775177002,0.8664507865905762,0.02446460723876953,0.009814739227294922
2405,0,0.5108717948717952,931,1000,2,2,1738.3333333333333,0,1,1,0,2,3.883201837539673,1.3977763652801514,1.2121679782867432,0.866879940032959,0.024485349655151367,0.009816884994506836
2406,0,0.5108717948717952,930,1000,1,1,1206.0,0,0,1,0,2,3.884887456893921,1.398435115814209,1.2128775119781494,0.8670685291290283,0.02449774742126465,0.009819746017456055
2407,0,0.5108717948717952,929,1000,2,2,1607.0,0,0,1,0,2,3.88641357421875,1.3989500999450684,1.2134952545166016,0.8673508167266846,0.0245058536529541,0.009836196899414062
2408,0,0.5108717948717952,928,1000,2,2,1741.3333333333333,0,0,1,0,2,3.88777232170105,1.3993918895721436,1.2141063213348389,0.8675589561462402,0.024512290954589844,0.00983738899230957
2409,0,0.5108717948717952,928,1000,1,1,1609.0,0,0,2,0,2,3.8892784118652344,1.399815559387207,1.2147212028503418,0.8679294586181641,0.024517536163330078,0.009839057922363281
2410,0,0.5108717948717952,927,1000,3,3,1810.0,0,0,1,0,2,3.8907413482666016,1.4003095626831055,1.2153511047363281,0.8681747913360596,0.024524211883544922,0.009840250015258789
2411,0,0.5108717948717952,927,1000,1,1,2411.0,0,0,0,1,1,3.8915176391601562,1.4007360935211182,1.2156727313995361,0.8681747913360596,0.024524211883544922,0.0098419189453125
2412,0,0.5108717948717952,927,1000,2,2,1612.0,0,0,2,0,2,3.893190622329712,1.4011712074279785,1.2163960933685303,0.8686008453369141,0.024532079696655273,0.00984334945678711
2413,0,0.5108717948717952,926,1000,1,1,13.0,0,0,1,0,2,3.8947553634643555,1.4018268585205078,1.2170112133026123,0.8687655925750732,0.02454233169555664,0.00984644889831543
2414,0,0.5108717948717952,927,1000,1,1,814.0,0,0,2,0,1,3.8970961570739746,1.4023511409759521,1.218360185623169,0.8691246509552002,0.024547576904296875,0.009847879409790039
2415,0,0.5108717948717952,927,1000,2,2,1015.0,0,0,2,0,2,3.899601697921753,1.4034221172332764,1.2192037105560303,0.8695237636566162,0.02457141876220703,0.009854793548583984
2416,0,0.5108717948717952,926,1000,1,1,2016.0,0,0,1,0,2,3.901376962661743,1.4041664600372314,1.219851016998291,0.869800329208374,0.024584531784057617,0.009858131408691406
2417,0,0.5108717948717952,925,1000,2,2,1883.6666666666667,0,0,1,0,2,3.9027559757232666,1.4046177864074707,1.2204222679138184,0.8700723648071289,0.024592876434326172,0.009859800338745117
2418,0,0.5108717948717952,925,1000,2,2,1818.0,0,1,2,0,2,3.9061224460601807,1.4051024913787842,1.2210888862609863,0.8721227645874023,0.02460169792175293,0.009861230850219727
2419,0,0.5108717948717952,926,1000,2,2,1019.0,0,0,2,0,1,3.9077484607696533,1.4055671691894531,1.2218267917633057,0.8724563121795654,0.02460932731628418,0.009862661361694336
2420,0,0.5108717948717952,926,1000,1,1,2420.0,0,0,0,1,1,3.908848762512207,1.4062719345092773,1.2221770286560059,0.8724563121795654,0.02460932731628418,0.009866714477539062
2421,0,0.5108717948717952,925,1000,1,1,2021.0,0,0,1,0,2,3.9103403091430664,1.4067463874816895,1.2227976322174072,0.8727445602416992,0.024623870849609375,0.009868383407592773
2422,0,0.5108717948717952,925,1000,1,1,822.0,0,0,2,0,2,3.91188907623291,1.4071853160858154,1.2234480381011963,0.8731200695037842,0.024629831314086914,0.009869575500488281
2423,0,0.5108717948717952,926,1000,1,1,2423.0,0,0,0,1,0,3.9133460521698,1.4077038764953613,1.2243270874023438,0.8731200695037842,0.024629831314086914,0.009870767593383789
2424,0,0.5108717948717952,927,1000,1,1,2024.0,0,0,2,0,1,3.917696237564087,1.4088640213012695,1.2252120971679688,0.8752114772796631,0.02464890480041504,0.00988006591796875
2425,0,0.5108717948717952,927,1000,2,1,2425.0,0,0,0,1,1,3.9189813137054443,1.409790277481079,1.225520372390747,0.8752114772796631,0.02464890480041504,0.009883880615234375
2426,0,0.5108717948717952,927,1000,1,1,2026.0,0,0,2,0,2,3.920520067214966,1.4102649688720703,1.2261204719543457,0.8755581378936768,0.024661779403686523,0.009885311126708984
2427,0,0.5108717948717952,929,1000,1,1,2027.0,0,0,2,0,0,3.9219186305999756,1.4106664657592773,1.2267084121704102,0.8758938312530518,0.024666547775268555,0.009886741638183594
2428,0,0.5108717948717952,931,1000,3,3,1894.6666666666667,0,0,2,0,0,3.923529863357544,1.4111008644104004,1.2273955345153809,0.876218318939209,0.024677038192749023,0.009887933731079102
2429,0,0.5108717948717952,931,1000,3,3,1762.3333333333333,0,0,2,0,2,3.9251935482025146,1.4116706848144531,1.2280035018920898,0.8765602111816406,0.024687767028808594,0.009890317916870117
2430,0,0.5108717948717952,931,1000,2,2,1030.0,0,0,1,0,2,3.9266860485076904,1.4120759963989258,1.2286195755004883,0.8768935203552246,0.02469468116760254,0.009891748428344727
2431,0,0.5108717948717952,931,1000,2,1,2431.0,0,0,0,1,1,3.927549123764038,1.4125871658325195,1.2289342880249023,0.8768935203552246,0.02469468116760254,0.009893417358398438
2432,0,0.5108717948717952,932,1000,3,3,1232.0,0,1,1,0,1,3.928908109664917,1.4129931926727295,1.2294955253601074,0.8771896362304688,0.024702072143554688,0.009894609451293945
2433,0,0.5108717948717952,932,1000,3,3,1766.3333333333333,0,1,1,0,2,3.9318459033966064,1.4141368865966797,1.2304632663726807,0.8777618408203125,0.02472996711730957,0.009896039962768555
2434,0,0.5108717948717952,932,1000,1,1,34.0,0,0,1,0,1,3.9354875087738037,1.4149258136749268,1.2312688827514648,0.879664421081543,0.024743080139160156,0.009900331497192383
2435,0,0.5108717948717952,932,1000,1,1,2435.0,0,0,0,1,1,3.9368038177490234,1.4158587455749512,1.2315940856933594,0.879664421081543,0.024743080139160156,0.009905576705932617
2436,0,0.5108717948717952,931,1000,2,2,2036.0,0,0,1,0,2,3.938368320465088,1.4163262844085693,1.2322320938110352,0.8799772262573242,0.024759531021118164,0.009907007217407227
2437,0,0.5108717948717952,931,1000,2,2,1837.0,0,0,2,0,2,3.94001841545105,1.4169158935546875,1.2328698635101318,0.8803043365478516,0.02477407455444336,0.009910345077514648
2438,0,0.5108717948717952,932,1000,1,1,2438.0,0,0,0,1,0,3.9407260417938232,1.4173145294189453,1.2331478595733643,0.8803043365478516,0.02477407455444336,0.00991201400756836
2439,0,0.5108717948717952,932,1000,1,1,1239.0,0,0,1,0,1,3.942058563232422,1.4177732467651367,1.2337443828582764,0.8805115222930908,0.024779319763183594,0.009913206100463867
2440,0,0.5108717948717952,932,1000,1,1,440.0,0,0,2,0,2,3.943532705307007,1.4182462692260742,1.2343215942382812,0.8808431625366211,0.02478504180908203,0.009914636611938477
2441,0,0.5108717948717952,933,1000,1,1,2041.0,0,0,2,0,1,3.9449543952941895,1.418686866760254,1.234879970550537,0.8811917304992676,0.02479100227355957,0.009916305541992188
2442,0,0.5108717948717952,933,1000,3,3,975.3333333333334,0,0,2,0,2,3.947068691253662,1.419128656387329,1.2361412048339844,0.8815264701843262,0.024797916412353516,0.009917497634887695
2443,0,0.5108717948717952,932,1000,1,1,1643.0,0,0,1,0,2,3.9493091106414795,1.4200878143310547,1.2369511127471924,0.881826639175415,0.024819374084472656,0.00992441177368164
2444,0,0.5108717948717952,932,1000,1,1,2444.0,0,0,0,1,1,3.950417995452881,1.420832633972168,1.237269401550293,0.881826639175415,0.024819374084472656,0.009928226470947266
2445,0,0.5108717948717952,932,1000,1,1,2445.0,0,0,0,1,1,3.95124888420105,1.4213061332702637,1.2375943660736084,0.881826639175415,0.024819374084472656,0.009930133819580078
2446,0,0.5108717948717952,932,1000,2,2,1846.0,0,0,1,0,2,3.9530105590820312,1.4217948913574219,1.2383506298065186,0.8821976184844971,0.02483367919921875,0.009931325912475586
2447,0,0.5108717948717952,932,1000,1,1,1647.0,0,0,2,0,2,3.9551515579223633,1.4227502346038818,1.2389955520629883,0.8826005458831787,0.024851083755493164,0.009935379028320312
2448,0,0.5108717948717952,932,1000,2,2,1848.0,0,0,1,0,2,3.9567761421203613,1.4232292175292969,1.2396423816680908,0.882962703704834,0.024859189987182617,0.009936809539794922
2449,0,0.5108717948717952,932,1000,1,1,49.0,0,0,2,0,2,3.958240032196045,1.4236812591552734,1.2402775287628174,0.8832752704620361,0.02486443519592285,0.009938240051269531
2450,0,0.5108717948717952,933,1000,1,1,2450.0,0,0,0,1,0,3.959007501602173,1.4241445064544678,1.240548849105835,0.8832752704620361,0.02486443519592285,0.009939432144165039
2451,0,0.5108717948717952,933,1000,2,2,1784.3333333333333,0,0,2,0,2,3.96048903465271,1.424574613571167,1.2411658763885498,0.883612871170044,0.024871349334716797,0.009940624237060547
2452,0,0.5108717948717952,933,1000,1,1,1252.0,0,0,2,0,2,3.9618773460388184,1.4250123500823975,1.2417428493499756,0.8839187622070312,0.024876117706298828,0.009942293167114258
2453,0,0.5108717948717952,933,1000,3,3,1519.6666666666667,0,1,2,0,2,3.9643754959106445,1.425536870956421,1.2427668571472168,0.8846406936645508,0.02489781379699707,0.009943723678588867
2454,0,0.5108717948717952,932,1000,2,2,1414.5,0,0,1,0,2,3.9667916297912598,1.4265074729919434,1.2434265613555908,0.8852787017822266,0.024917125701904297,0.009949207305908203
2455,0,0.5108717948717952,933,1000,3,3,1655.0,0,0,2,0,1,3.9691638946533203,1.427396297454834,1.2443358898162842,0.8857028484344482,0.02493906021118164,0.009952068328857422
2456,0,0.5108717948717952,934,1000,3,3,1922.6666666666667,0,0,2,0,1,3.9717512130737305,1.428403615951538,1.2453243732452393,0.8860988616943359,0.02496027946472168,0.009957313537597656
2457,0,0.5108717948717952,934,1000,1,1,2057.0,0,0,2,0,2,3.973886728286743,1.4294624328613281,1.2459020614624023,0.8864738941192627,0.024972915649414062,0.009961605072021484
2458,0,0.5108717948717952,934,1000,2,2,2058.0,0,1,1,0,2,3.9754674434661865,1.4299368858337402,1.2465360164642334,0.8868131637573242,0.02498006820678711,0.009963274002075195
2459,0,0.5108717948717952,934,1000,1,1,2059.0,0,0,1,0,1,3.9768733978271484,1.4304277896881104,1.247098684310913,0.8870844841003418,0.02498483657836914,0.009964704513549805
2460,0,0.5108717948717952,934,1000,1,1,460.0,0,0,2,0,2,3.97835111618042,1.4308772087097168,1.2476868629455566,0.8874366283416748,0.02498936653137207,0.009965896606445312
2461,0,0.5108717948717952,934,1000,2,2,1794.3333333333333,0,0,2,0,2,3.9806079864501953,1.4313178062438965,1.2488911151885986,0.8879010677337646,0.02500295639038086,0.00996708869934082
2462,0,0.5108717948717952,934,1000,1,1,462.0,0,0,2,0,2,3.9831223487854004,1.4323010444641113,1.2499265670776367,0.888253927230835,0.025020599365234375,0.009972810745239258
2463,0,0.5108717948717952,934,1000,3,3,1963.0,0,0,1,0,1,3.985990047454834,1.4337964057922363,1.2508015632629395,0.8885879516601562,0.025045394897460938,0.009984016418457031
2464,0,0.5108717948717952,934,1000,1,1,2064.0,0,0,2,0,2,3.987800359725952,1.4345893859863281,1.251352071762085,0.888941764831543,0.025052309036254883,0.009989261627197266
2465,0,0.5108717948717952,934,1000,2,2,865.0,0,1,2,0,2,3.9893460273742676,1.435082197189331,1.2519359588623047,0.8892652988433838,0.025059223175048828,0.009990692138671875
2466,0,0.5108717948717952,935,1000,3,3,1266.0,0,0,1,0,1,3.990845203399658,1.4355082511901855,1.2524938583374023,0.8896274566650391,0.025066375732421875,0.009992122650146484
2467,0,0.5108717948717952,936,1000,2,2,1867.0,0,0,2,0,1,3.9923698902130127,1.436000108718872,1.2530746459960938,0.8899850845336914,0.02507305145263672,0.009993553161621094
2468,0,0.5108717948717952,936,1000,2,1,2468.0,0,0,0,1,1,3.9931366443634033,1.4364359378814697,1.253368854522705,0.8899850845336914,0.02507305145263672,0.009994983673095703
2469,0,0.5108717948717952,936,1000,1,1,2069.0,0,0,2,0,2,3.994601249694824,1.4368762969970703,1.2539854049682617,0.8902938365936279,0.02507805824279785,0.009996175765991211
2470,0,0.5108717948717952,936,1000,2,2,1803.3333333333333,0,0,1,0,1,3.996135711669922,1.4372854232788086,1.2547359466552734,0.8905766010284424,0.025084495544433594,0.009997367858886719
2471,0,0.5108717948717952,937,1000,3,3,1271.0,0,0,2,0,1,3.999023914337158,1.438513994216919,1.2557625770568848,0.8910176753997803,0.025110960006713867,0.010006189346313477
2472,0,0.5108717948717952,936,1000,2,2,1805.3333333333333,0,0,1,0,2,4.003028869628906,1.439537763595581,1.256547451019287,0.8930299282073975,0.0251312255859375,0.010013341903686523
2473,0,0.5108717948717952,937,1000,2,1,2073.0,0,0,2,0,1,4.004762172698975,1.4401941299438477,1.2571585178375244,0.89339280128479,0.02513861656188965,0.010016202926635742
2474,0,0.5108717948717952,936,1000,2,2,1940.6666666666667,0,0,1,0,2,4.006321907043457,1.4407505989074707,1.2577829360961914,0.8936629295349121,0.02514815330505371,0.010018110275268555
2475,0,0.5108717948717952,935,1000,2,2,1808.3333333333333,0,0,1,0,2,4.0078125,1.4413096904754639,1.2583913803100586,0.8938982486724854,0.02515578269958496,0.010019779205322266
2476,0,0.5108717948717952,935,1000,2,2,1876.0,0,0,1,0,2,4.00931978225708,1.4417548179626465,1.2589807510375977,0.8942453861236572,0.025162458419799805,0.010021209716796875
2477,0,0.5108717948717952,934,1000,2,2,1543.6666666666667,0,0,1,0,2,4.010648965835571,1.4422154426574707,1.2595763206481934,0.8944301605224609,0.02516913414001465,0.010022640228271484
2478,0,0.5108717948717952,934,1000,1,1,2078.0,0,0,2,0,2,4.0121846199035645,1.4426624774932861,1.2602500915527344,0.8947725296020508,0.02517390251159668,0.010024070739746094
2479,0,0.5108717948717952,933,1000,1,1,1679.0,0,0,1,0,2,4.014685869216919,1.443697214126587,1.261169672012329,0.895164966583252,0.02519702911376953,0.010027170181274414
2480,0,0.5108717948717952,933,1000,1,1,1280.0,0,0,1,0,1,4.016928434371948,1.4446430206298828,1.262010097503662,0.8954920768737793,0.025213003158569336,0.010031700134277344
2481,0,0.5108717948717952,932,1000,1,1,881.0,0,0,1,0,2,4.018856048583984,1.4454705715179443,1.262746810913086,0.8957161903381348,0.025229692459106445,0.010037422180175781
2482,0,0.5108717948717952,931,1000,3,2,1682.0,0,0,1,0,2,4.020398855209351,1.4460248947143555,1.2633616924285889,0.8959879875183105,0.0252377986907959,0.010040521621704102
2483,0,0.5108717948717952,931,1000,3,3,1683.0,0,1,2,0,2,4.021985054016113,1.4465136528015137,1.263962745666504,0.8963460922241211,0.02524399757385254,0.010041952133178711
2484,0,0.5108717948717952,931,1000,3,3,1817.3333333333333,0,1,0,0,2,4.023489475250244,1.4469714164733887,1.264582633972168,0.8966529369354248,0.025255680084228516,0.010043144226074219
2485,0,0.5108717948717952,931,1000,3,3,1913.3333333333333,0,1,2,0,2,4.02501106262207,1.4473695755004883,1.2652223110198975,0.8970003128051758,0.025261878967285156,0.010044336318969727
2486,0,0.5108717948717952,931,1000,2,2,1686.0,0,1,2,0,2,4.026550531387329,1.4478175640106201,1.2658259868621826,0.8973534107208252,0.0252685546875,0.010045766830444336
2487,0,0.5108717948717952,931,1000,1,1,1687.0,0,0,2,0,2,4.02796745300293,1.4482293128967285,1.2664074897766113,0.8976953029632568,0.025273799896240234,0.010046958923339844
2488,0,0.5108717948717952,931,1000,1,1,2488.0,0,0,0,1,1,4.028827667236328,1.448646068572998,1.2668156623840332,0.8976953029632568,0.025273799896240234,0.010048151016235352
2489,0,0.5108717948717952,933,1000,2,2,1822.3333333333333,0,0,2,0,0,4.031527996063232,1.44964599609375,1.2678287029266357,0.8981773853302002,0.02530193328857422,0.010051727294921875
2490,0,0.5108717948717952,933,1000,1,1,2090.0,0,0,2,0,2,4.033989191055298,1.4505717754364014,1.2687225341796875,0.8986301422119141,0.02534031867980957,0.01005697250366211
2491,0,0.5108717948717952,933,1000,2,2,2091.0,0,0,2,0,2,4.035938739776611,1.4514036178588867,1.269313097000122,0.8989887237548828,0.02535700798034668,0.010060787200927734
2492,0,0.5108717948717952,934,1000,2,2,1692.0,0,0,1,0,1,4.037449836730957,1.4519026279449463,1.2699029445648193,0.8992903232574463,0.02536463737487793,0.010062932968139648
2493,0,0.5108717948717952,934,1000,2,2,2093.0,0,1,2,0,2,4.038997650146484,1.4523675441741943,1.2704813480377197,0.8996508121490479,0.02537083625793457,0.01006460189819336
2494,0,0.5108717948717952,934,1000,2,2,2094.0,0,0,2,0,2,4.040399551391602,1.4528121948242188,1.2710487842559814,0.899954080581665,0.025377273559570312,0.010066032409667969
2495,0,0.5108717948717952,934,1000,1,1,2095.0,0,0,2,0,2,4.041829824447632,1.453240156173706,1.271653652191162,0.9002764225006104,0.025382041931152344,0.010067224502563477
2496,0,0.5108717948717952,934,1000,3,3,1829.3333333333333,0,0,0,0,0,4.04230809211731,1.4536418914794922,1.2716541290283203,0.9002764225006104,0.025388240814208984,0.010068416595458984
2497,0,0.5108717948717952,934,1000,1,1,2497.0,0,0,0,1,1,4.042985916137695,1.4540116786956787,1.271937370300293,0.9002764225006104,0.025388240814208984,0.01006937026977539
2498,0,0.5108717948717952,934,1000,2,1,2098.0,0,0,2,0,2,4.04441237449646,1.4544239044189453,1.2725412845611572,0.90059494972229,0.025392770767211914,0.01007080078125
2499,0,0.5108717948717952,934,1000,2,2,1099.0,0,0,2,0,2,4.048345565795898,1.4547970294952393,1.273700475692749,0.9028980731964111,0.025399446487426758,0.010071992874145508
2500,0,0.5108717948717952,934,1000,2,2,1833.3333333333333,0,0,2,0,2,4.050977468490601,1.4558145999908447,1.274601697921753,0.9033310413360596,0.025425195693969727,0.010078668594360352
2501,0,0.5108717948717952,933,1000,1,1,2101.0,0,0,1,0,2,4.052879810333252,1.4566547870635986,1.2752389907836914,0.9036216735839844,0.0254364013671875,0.010082721710205078
2502,0,0.5108717948717952,933,1000,2,2,1902.0,0,0,2,0,2,4.054596424102783,1.4572358131408691,1.2758610248565674,0.9039742946624756,0.025448322296142578,0.010085582733154297
2503,0,0.5108717948717952,934,1000,3,3,1703.0,0,1,2,0,1,4.056113958358765,1.4576797485351562,1.2764346599578857,0.9043333530426025,0.025455236434936523,0.01008749008178711
2504,0,0.5108717948717952,934,1000,2,2,1904.0,0,0,2,0,2,4.057572841644287,1.4581434726715088,1.2770016193389893,0.9046797752380371,0.025461912155151367,0.010088920593261719
2505,0,0.5108717948717952,935,1000,1,1,1305.0,0,0,2,0,1,4.059027910232544,1.4585812091827393,1.2775821685791016,0.9050338268280029,0.025466442108154297,0.010090112686157227
2506,0,0.5108717948717952,935,1000,2,2,2118.0,0,1,1,0,2,4.060525894165039,1.4590544700622559,1.2781615257263184,0.9053535461425781,0.02547287940979004,0.010091304779052734
2507,0,0.5108717948717952,935,1000,2,2,1707.0,0,0,0,0,0,4.061127662658691,1.4595355987548828,1.2781617641448975,0.9053535461425781,0.025479793548583984,0.010092735290527344
2508,0,0.5108717948717952,934,1000,2,2,1974.6666666666667,0,0,1,0,2,4.062624931335449,1.459961175918579,1.2788748741149902,0.905634880065918,0.02548527717590332,0.010093927383422852
2509,0,0.5108717948717952,935,1000,2,2,1109.0,0,0,2,0,1,4.065576076507568,1.4612610340118408,1.2798213958740234,0.9061481952667236,0.025513172149658203,0.010099411010742188
2510,0,0.5108717948717952,935,1000,3,3,1976.6666666666667,0,0,2,0,2,4.0675740242004395,1.462022066116333,1.2806050777435303,0.906466007232666,0.02553415298461914,0.010103702545166016
2511,0,0.5108717948717952,935,1000,1,1,111.0,0,0,2,0,2,4.069369316101074,1.4627065658569336,1.2812178134918213,0.9068105220794678,0.02554607391357422,0.010107755661010742
2512,0,0.5108717948717952,935,1000,1,1,2512.0,0,0,0,1,1,4.070181131362915,1.4631989002227783,1.2815015316009521,0.9068105220794678,0.02554607391357422,0.010109663009643555
2513,0,0.5108717948717952,935,1000,3,3,1179.6666666666667,0,0,2,0,2,4.073552846908569,1.4636638164520264,1.2821767330169678,0.9088799953460693,0.025554895401000977,0.010110855102539062
2514,0,0.5108717948717952,934,1000,1,1,114.0,0,0,1,0,2,4.0754311084747314,1.4645180702209473,1.2828125953674316,0.9091143608093262,0.025572776794433594,0.010115623474121094
2515,0,0.5108717948717952,934,1000,2,2,1915.0,0,0,2,0,2,4.077017545700073,1.4650189876556396,1.2834265232086182,0.9095075130462646,0.025580167770385742,0.010117053985595703
2516,0,0.5108717948717952,933,1000,1,1,1316.0,0,0,1,0,2,4.078294038772583,1.465439796447754,1.2839927673339844,0.909717321395874,0.025585651397705078,0.010118722915649414
2517,0,0.5108717948717952,933,1000,2,2,1917.0,0,0,0,0,0,4.079027414321899,1.466022253036499,1.2839939594268799,0.909717321395874,0.025608539581298828,0.010120153427124023
2518,0,0.5108717948717952,933,1000,2,2,1918.0,0,0,1,0,2,4.0818562507629395,1.4671638011932373,1.2849326133728027,0.9102153778076172,0.025629043579101562,0.01012420654296875
2519,0,0.5108717948717952,932,1000,2,2,1585.6666666666667,0,0,1,0,2,4.08390474319458,1.4680461883544922,1.2857165336608887,0.9104382991790771,0.025650501251220703,0.010129928588867188
2520,0,0.5108717948717952,932,1000,1,1,2520.0,0,0,0,1,1,4.0849738121032715,1.4687635898590088,1.2860136032104492,0.9104382991790771,0.025650501251220703,0.010147333145141602
2521,0,0.5108717948717952,932,1000,2,1,2521.0,0,0,0,1,1,4.0857837200164795,1.4692480564117432,1.2863097190856934,0.9104382991790771,0.025650501251220703,0.010149002075195312
2522,0,0.5108717948717952,933,1000,2,2,1322.0,0,0,2,0,1,4.087231874465942,1.4696919918060303,1.2868766784667969,0.9107639789581299,0.02567291259765625,0.010149955749511719
2523,0,0.5108717948717952,933,1000,2,1,2523.0,0,0,0,1,1,4.087966203689575,1.4701025485992432,1.28717041015625,0.9107639789581299,0.02567291259765625,0.010151386260986328
2524,0,0.5108717948717952,935,1000,2,2,1924.0,0,0,2,0,0,4.089492321014404,1.4705393314361572,1.287757158279419,0.9111297130584717,0.025679588317871094,0.010152578353881836
2525,0,0.5108717948717952,935,1000,1,1,1725.0,0,0,2,0,2,4.091242790222168,1.4711949825286865,1.2883577346801758,0.9115204811096191,0.025690078735351562,0.010155677795410156
2526,0,0.5108717948717952,935,1000,1,1,2526.0,0,0,0,1,1,4.092104911804199,1.4717097282409668,1.288677453994751,0.9115204811096191,0.025690078735351562,0.010156869888305664
2527,0,0.5108717948717952,934,1000,2,1,1327.0,0,0,1,0,2,4.093548536300659,1.4721620082855225,1.2893519401550293,0.911740779876709,0.025696516036987305,0.010158061981201172
2528,0,0.5108717948717952,934,1000,2,2,1328.0,0,0,0,0,0,4.094481945037842,1.4729490280151367,1.2893524169921875,0.911740779876709,0.025715351104736328,0.010160684585571289
2529,0,0.5108717948717952,934,1000,2,1,2529.0,0,0,0,1,1,4.095597743988037,1.4734532833099365,1.289926528930664,0.911740779876709,0.025715351104736328,0.010162115097045898
2530,0,0.5108717948717952,934,1000,1,1,2130.0,0,0,0,0,0,4.096439361572266,1.474257469177246,1.289928674697876,0.911740779876709,0.025715351104736328,0.010164022445678711
2531,0,0.5108717948717952,934,1000,1,1,2531.0,0,0,0,1,1,4.098358631134033,1.4753875732421875,1.2906453609466553,0.911740779876709,0.025715351104736328,0.010174036026000977
2532,0,0.5108717948717952,933,1000,2,2,2132.0,0,0,1,0,2,4.100413084030151,1.476125955581665,1.291471242904663,0.9120938777923584,0.025736093521118164,0.0101776123046875
2533,0,0.5108717948717952,932,1000,1,1,1333.0,0,0,1,0,2,4.102108478546143,1.476858139038086,1.292072057723999,0.912327766418457,0.025750160217285156,0.010181427001953125
2534,0,0.5108717948717952,933,1000,1,1,534.0,0,0,2,0,1,4.103649854660034,1.477367639541626,1.2926535606384277,0.9126753807067871,0.025755643844604492,0.010183572769165039
2535,0,0.5108717948717952,935,1000,2,1,2135.0,0,0,2,0,0,4.105157852172852,1.477842092514038,1.293241024017334,0.9130356311798096,0.025760650634765625,0.01018524169921875
2536,0,0.5108717948717952,935,1000,2,2,1936.0,0,0,2,0,2,4.1074059009552,1.4785566329956055,1.2941749095916748,0.913499116897583,0.025780439376831055,0.01018667221069336
2537,0,0.5108717948717952,934,1000,1,1,1737.0,0,0,1,0,2,4.109896183013916,1.4797649383544922,1.2949888706207275,0.9137973785400391,0.02579951286315918,0.010190963745117188
2538,0,0.5108717948717952,934,1000,2,2,1938.0,0,0,2,0,2,4.111674070358276,1.480492353439331,1.2955787181854248,0.9141521453857422,0.025809049606323242,0.010194540023803711
2539,0,0.5108717948717952,934,1000,2,2,1339.0,0,1,2,0,2,4.11422324180603,1.4811513423919678,1.2967987060546875,0.9146485328674316,0.025829553604125977,0.01019597053527832
2540,0,0.5108717948717952,933,1000,1,1,2140.0,0,0,1,0,2,4.116642236709595,1.4821693897247314,1.2977147102355957,0.9149651527404785,0.025852203369140625,0.010203361511230469
2541,0,0.5108717948717952,933,1000,3,3,1458.0,0,1,1,0,2,4.120593309402466,1.4831645488739014,1.2984752655029297,0.9169864654541016,0.02587270736694336,0.010207414627075195
2542,0,0.5108717948717952,933,1000,1,1,2142.0,0,0,2,0,2,4.122967958450317,1.483976125717163,1.2994356155395508,0.917410135269165,0.02589130401611328,0.010210990905761719
2543,0,0.5108717948717952,933,1000,1,1,2143.0,0,0,0,0,0,4.124117374420166,1.4850056171417236,1.2994368076324463,0.917410135269165,0.02590465545654297,0.010215044021606445
2544,0,0.5108717948717952,933,1000,1,1,2544.0,0,0,0,1,1,4.12495493888855,1.4854586124420166,1.299774169921875,0.917410135269165,0.02590465545654297,0.010216712951660156
2545,0,0.5108717948717952,933,1000,3,3,2011.6666666666667,0,0,2,0,2,4.1265435218811035,1.4859569072723389,1.3003828525543213,0.9177889823913574,0.02591252326965332,0.010217905044555664
2546,0,0.5108717948717952,932,1000,2,1,2146.0,0,0,1,0,2,4.127975225448608,1.486405611038208,1.300990104675293,0.9180722236633301,0.025917530059814453,0.010219097137451172
2547,0,0.5108717948717952,932,1000,1,1,2147.0,0,0,1,0,1,4.13171648979187,1.486825942993164,1.3019840717315674,0.9202947616577148,0.025922775268554688,0.010220527648925781
2548,0,0.5108717948717952,931,1000,4,4,1081.3333333333333,0,0,1,0,2,4.133933782577515,1.4878478050231934,1.3028035163879395,0.9204981327056885,0.02595043182373047,0.010225296020507812
2549,0,0.5108717948717952,930,1000,3,3,2049.0,0,0,1,0,2,4.135833024978638,1.488710641860962,1.3033852577209473,0.9208199977874756,0.025967121124267578,0.010229349136352539
2550,0,0.5108717948717952,930,1000,2,2,1950.0,0,0,2,0,2,4.137508153915405,1.4892423152923584,1.304039478302002,0.9212174415588379,0.025974273681640625,0.01023101806640625
2551,0,0.5108717948717952,930,1000,1,1,2151.0,0,0,2,0,2,4.139836311340332,1.490004301071167,1.3049616813659668,0.9216551780700684,0.025985240936279297,0.01023411750793457
2552,0,0.5108717948717952,930,1000,1,1,2152.0,0,0,2,0,2,4.141908884048462,1.4909982681274414,1.3055675029754639,0.9219880104064941,0.026000499725341797,0.010238170623779297
2553,0,0.5108717948717952,931,1000,2,2,1353.0,0,1,1,0,1,4.143452405929565,1.4915006160736084,1.3061485290527344,0.9223215579986572,0.026009082794189453,0.01024007797241211
2554,0,0.5108717948717952,931,1000,2,2,1954.0,0,0,2,0,2,4.144909620285034,1.4919335842132568,1.306741714477539,0.9226560592651367,0.0260159969329834,0.010241508483886719
2555,0,0.5108717948717952,931,1000,2,2,1955.0,0,0,2,0,2,4.148131370544434,1.4928226470947266,1.3078813552856445,0.9236259460449219,0.0260469913482666,0.01024317741394043
2556,0,0.5108717948717952,931,1000,1,1,1756.0,0,0,1,0,1,4.152146100997925,1.4938783645629883,1.308701992034912,0.9255905151367188,0.026064157485961914,0.010248899459838867
2557,0,0.5108717948717952,931,1000,3,3,1890.3333333333333,0,0,2,0,2,4.154644727706909,1.4947483539581299,1.309657335281372,0.926072359085083,0.026082754135131836,0.010252237319946289
2558,0,0.5108717948717952,931,1000,3,3,1758.0,0,0,2,0,2,4.15713095664978,1.4959664344787598,1.3102786540985107,0.9264862537384033,0.026103734970092773,0.01025843620300293
2559,0,0.5108717948717952,931,1000,1,1,2159.0,0,0,2,0,2,4.158707141876221,1.4964818954467773,1.3108930587768555,0.926835298538208,0.02610921859741211,0.010259866714477539
2560,0,0.5108717948717952,931,1000,1,1,2160.0,0,0,2,0,2,4.160132884979248,1.4969031810760498,1.3114995956420898,0.9271585941314697,0.026114225387573242,0.010261058807373047
2561,0,0.5108717948717952,931,1000,1,1,1761.0,0,0,2,0,2,4.161674737930298,1.4973444938659668,1.312201738357544,0.927473783493042,0.026119232177734375,0.010262250900268555
2562,0,0.5108717948717952,930,1000,1,1,2162.0,0,0,1,0,2,4.16474175453186,1.4985761642456055,1.3132719993591309,0.9280226230621338,0.026144027709960938,0.010265827178955078
2563,0,0.5108717948717952,930,1000,2,2,1896.3333333333333,0,1,2,0,2,4.166992902755737,1.4995348453521729,1.3139376640319824,0.9284520149230957,0.026164531707763672,0.010271310806274414
2564,0,0.5108717948717952,931,1000,4,4,1864.0,0,0,2,0,1,4.169102668762207,1.5003619194030762,1.3146555423736572,0.9288771152496338,0.026181459426879883,0.010274887084960938
2565,0,0.5108717948717952,932,1000,2,2,1165.0,0,0,2,0,1,4.171159267425537,1.5013039112091064,1.315230369567871,0.9292387962341309,0.0261993408203125,0.010279178619384766
2566,0,0.5108717948717952,932,1000,3,3,2032.6666666666667,0,0,2,0,2,4.172729253768921,1.5018386840820312,1.3158714771270752,0.9295461177825928,0.02621769905090332,0.010280847549438477
2567,0,0.5108717948717952,931,1000,1,1,1767.0,0,0,1,0,2,4.175878286361694,1.502309799194336,1.3164961338043213,0.9314858913421631,0.026222944259643555,0.010282278060913086
2568,0,0.5108717948717952,932,1000,2,2,834.6666666666666,0,1,2,0,1,4.177474737167358,1.5028059482574463,1.3170998096466064,0.9318339824676514,0.026231050491333008,0.010284185409545898
2569,0,0.5108717948717952,933,1000,2,2,1769.0,0,0,1,0,1,4.179163455963135,1.5032408237457275,1.317833662033081,0.932197093963623,0.026237964630126953,0.010285377502441406
2570,0,0.5108717948717952,933,1000,3,2,1970.0,0,0,2,0,2,4.182221174240112,1.504643440246582,1.318784236907959,0.9326181411743164,0.026265382766723633,0.010292530059814453
2571,0,0.5108717948717952,933,1000,2,2,1971.0,0,1,2,0,2,4.184570789337158,1.5055804252624512,1.319685459136963,0.9329729080200195,0.026279926300048828,0.010297298431396484
2572,0,0.5108717948717952,933,1000,2,2,1972.0,0,0,2,0,2,4.18663763999939,1.5064523220062256,1.3203065395355225,0.933361291885376,0.02629685401916504,0.010301828384399414
2573,0,0.5108717948717952,933,1000,1,1,173.0,0,0,2,0,2,4.188174486160278,1.5069215297698975,1.320915937423706,0.9337329864501953,0.02630305290222168,0.010303735733032227
2574,0,0.5108717948717952,934,1000,1,1,2574.0,0,0,0,1,0,4.188952207565308,1.5073816776275635,1.321204423904419,0.9337329864501953,0.02630305290222168,0.010304927825927734
2575,0,0.5108717948717952,935,1000,2,2,1175.0,0,0,2,0,1,4.190497398376465,1.5078423023223877,1.3217864036560059,0.934093713760376,0.026310443878173828,0.010307550430297852
2576,0,0.5108717948717952,934,1000,1,1,1776.0,0,0,1,0,2,4.1918511390686035,1.5083000659942627,1.3223540782928467,0.9343302249908447,0.026316165924072266,0.01031947135925293
2577,0,0.5108717948717952,934,1000,2,2,1977.0,0,0,2,0,2,4.193353891372681,1.5087323188781738,1.3229701519012451,0.9346988201141357,0.026322603225708008,0.010320901870727539
2578,0,0.5108717948717952,934,1000,2,2,1876.5,0,0,2,0,2,4.196000099182129,1.509685754776001,1.3240737915039062,0.9351205825805664,0.02634429931640625,0.010324239730834961
2579,0,0.5108717948717952,934,1000,1,1,2179.0,0,0,1,0,1,4.198888063430786,1.5109550952911377,1.3250651359558105,0.9355640411376953,0.026369571685791016,0.010329961776733398
2580,0,0.5108717948717952,934,1000,2,2,1180.0,0,0,2,0,2,4.201338529586792,1.51194167137146,1.32590651512146,0.9359574317932129,0.02639031410217285,0.010333776473999023
2581,0,0.5108717948717952,934,1000,2,2,2181.0,0,0,2,0,2,4.203138828277588,1.5126380920410156,1.3265314102172852,0.9363224506378174,0.0263979434967041,0.010337114334106445
2582,0,0.5108717948717952,933,1000,1,1,2182.0,0,0,1,0,2,4.206259250640869,1.5131003856658936,1.3271362781524658,0.938284158706665,0.026402950286865234,0.010338306427001953
2583,0,0.5108717948717952,934,1000,2,2,1983.0,0,0,2,0,1,4.2077977657318115,1.5136544704437256,1.3277137279510498,0.9386084079742432,0.02641010284423828,0.010339736938476562
2584,0,0.5108717948717952,934,1000,2,2,1784.0,0,0,1,0,2,4.209407329559326,1.5141136646270752,1.3283624649047852,0.938971996307373,0.026417016983032227,0.01034092903137207
2585,0,0.5108717948717952,934,1000,1,1,185.0,0,0,0,0,0,4.209944248199463,1.5145618915557861,1.3283629417419434,0.938971996307373,0.026421785354614258,0.010342597961425781
2586,0,0.5108717948717952,933,1000,1,1,2186.0,0,0,1,0,2,4.213726997375488,1.5149743556976318,1.3296177387237549,0.9409911632537842,0.026426076889038086,0.010343790054321289
2587,0,0.5108717948717952,933,1000,1,1,987.0,0,0,2,0,2,4.216165065765381,1.5159516334533691,1.3305273056030273,0.9413750171661377,0.0264432430267334,0.010349273681640625
2588,0,0.5108717948717952,933,1000,3,3,1654.6666666666667,0,0,2,0,2,4.219161033630371,1.5171010494232178,1.331629753112793,0.9419417381286621,0.0264737606048584,0.010357379913330078
2589,0,0.5108717948717952,932,1000,3,3,1889.0,0,0,1,0,2,4.221147060394287,1.5179498195648193,1.3323497772216797,0.9422242641448975,0.02649664878845215,0.010363340377807617
2590,0,0.5108717948717952,931,1000,2,2,723.3333333333334,0,0,1,0,2,4.222834587097168,1.5186445713043213,1.333024024963379,0.9424302577972412,0.026509523391723633,0.010365962982177734
2591,0,0.5108717948717952,931,1000,3,3,1791.0,0,0,2,0,2,4.224488258361816,1.51920747756958,1.3336577415466309,0.9427628517150879,0.026518821716308594,0.010368585586547852
2592,0,0.5108717948717952,930,1000,3,3,2092.0,0,0,1,0,2,4.226063013076782,1.5196926593780518,1.3343353271484375,0.9430444240570068,0.02652740478515625,0.010370969772338867
2593,0,0.5108717948717952,931,1000,1,1,1793.0,0,0,2,0,1,4.227572917938232,1.5201761722564697,1.334932804107666,0.9433693885803223,0.026533842086791992,0.010372638702392578
2594,0,0.5108717948717952,930,1000,1,1,1394.0,0,0,1,0,2,4.22916579246521,1.5207300186157227,1.3356482982635498,0.9435832500457764,0.026542186737060547,0.010374069213867188
2595,0,0.5108717948717952,930,1000,3,3,1795.0,0,0,2,0,2,4.232544422149658,1.5220904350280762,1.3366432189941406,0.9444129467010498,0.026568889617919922,0.010379552841186523
2596,0,0.5108717948717952,930,1000,1,1,1396.0,0,0,2,0,2,4.235448837280273,1.5233771800994873,1.337590217590332,0.9448971748352051,0.026592254638671875,0.010386466979980469
2597,0,0.5108717948717952,930,1000,1,1,2197.0,0,0,2,0,2,4.237775564193726,1.5244910717010498,1.338263988494873,0.9452714920043945,0.026607513427734375,0.010390996932983398
2598,0,0.5108717948717952,930,1000,1,1,2198.0,0,0,0,0,0,4.238433837890625,1.52506685256958,1.3382642269134521,0.9452714920043945,0.026613235473632812,0.010393142700195312
2599,0,0.5108717948717952,930,1000,2,2,1665.6666666666667,0,0,2,0,2,4.239911794662476,1.5255162715911865,1.3389015197753906,0.9455890655517578,0.026619911193847656,0.010394573211669922
2600,0,0.5108717948717952,929,1000,3,3,2000.0,0,0,1,0,2,4.241347074508667,1.5259716510772705,1.3395233154296875,0.9458503723144531,0.026627063751220703,0.010396242141723633
2601,0,0.5108717948717952,929,1000,2,2,2001.0,0,1,1,0,2,4.24323034286499,1.526606798171997,1.340193271636963,0.9462370872497559,0.026640653610229492,0.010398387908935547
2602,0,0.5108717948717952,929,1000,2,2,1602.0,0,0,2,0,2,4.244844198226929,1.5271832942962646,1.3408186435699463,0.9465405941009521,0.026648998260498047,0.010400772094726562
2603,0,0.5108717948717952,929,1000,1,1,2603.0,0,0,0,1,1,4.245587587356567,1.5275921821594238,1.34112548828125,0.9465405941009521,0.026648998260498047,0.01040196418762207
2604,0,0.5108717948717952,929,1000,2,2,2004.0,0,0,2,0,2,4.248254060745239,1.528210163116455,1.3423209190368652,0.9472222328186035,0.0266726016998291,0.01040339469909668
2605,0,0.5108717948717952,929,1000,2,2,2005.0,0,0,1,0,2,4.251115083694458,1.5293381214141846,1.3432648181915283,0.9477267265319824,0.02670454978942871,0.010429143905639648
2606,0,0.5108717948717952,929,1000,1,1,2606.0,0,0,0,1,1,4.252469778060913,1.5303089618682861,1.343595027923584,0.9477267265319824,0.02670454978942871,0.010433435440063477
2607,0,0.5108717948717952,929,1000,1,1,2607.0,0,0,0,1,1,4.25327467918396,1.5308005809783936,1.3438820838928223,0.9477267265319824,0.02670454978942871,0.010434627532958984
2608,0,0.5108717948717952,930,1000,2,2,1408.0,0,0,2,0,1,4.2547595500946045,1.5312166213989258,1.3444809913635254,0.9480867385864258,0.026720762252807617,0.010436058044433594
2609,0,0.5108717948717952,930,1000,2,2,2009.0,0,0,2,0,2,4.256388902664185,1.5316896438598633,1.3451790809631348,0.9484481811523438,0.026730060577392578,0.010437726974487305
2610,0,0.5108717948717952,930,1000,2,2,2010.0,0,0,2,0,2,4.258197069168091,1.5322229862213135,1.345954418182373,0.9488370418548584,0.026738882064819336,0.010439634323120117
2611,0,0.5108717948717952,930,1000,1,1,2211.0,0,0,2,0,2,4.259945392608643,1.532959222793579,1.3465614318847656,0.9491467475891113,0.026749372482299805,0.010442733764648438
2612,0,0.5108717948717952,930,1000,1,1,2212.0,0,0,1,0,1,4.261417388916016,1.533468246459961,1.3471426963806152,0.9494373798370361,0.026755571365356445,0.01044464111328125
2613,0,0.5108717948717952,930,1000,2,2,1413.0,0,0,0,0,0,4.2621541023254395,1.53397798538208,1.3471438884735107,0.9494373798370361,0.026768922805786133,0.010445833206176758
2614,0,0.5108717948717952,931,1000,2,2,1814.0,0,0,2,0,1,4.265385150909424,1.5353257656097412,1.3482165336608887,0.9500536918640137,0.026798009872436523,0.010451078414916992
2615,0,0.5108717948717952,931,1000,2,2,1215.0,0,0,2,0,2,4.268031358718872,1.5364091396331787,1.349147081375122,0.9504756927490234,0.026824474334716797,0.010457515716552734
2616,0,0.5108717948717952,931,1000,3,3,2082.6666666666665,0,0,2,0,2,4.271815538406372,1.5373919010162354,1.3497707843780518,0.9525167942047119,0.02684187889099121,0.010462045669555664
2617,0,0.5108717948717952,931,1000,1,1,2217.0,0,0,2,0,2,4.273507833480835,1.5379366874694824,1.350433588027954,0.9528961181640625,0.026853084564208984,0.010463714599609375
2618,0,0.5108717948717952,931,1000,2,2,1618.0,0,0,2,0,2,4.275018930435181,1.5384209156036377,1.3510503768920898,0.9531898498535156,0.026860713958740234,0.010465383529663086
2619,0,0.5108717948717952,931,1000,3,3,2085.6666666666665,0,0,2,0,2,4.276587724685669,1.5388898849487305,1.3516387939453125,0.9535496234893799,0.02686762809753418,0.010467052459716797
2620,0,0.5108717948717952,931,1000,3,3,2086.6666666666665,0,0,1,0,2,4.278363466262817,1.5393097400665283,1.3524017333984375,0.9539930820465088,0.026874780654907227,0.010468482971191406
2621,0,0.5108717948717952,930,1000,3,3,2021.0,0,0,1,0,2,4.2812042236328125,1.5401580333709717,1.3537561893463135,0.9544305801391602,0.026902198791503906,0.010471820831298828
2622,0,0.5108717948717952,931,1000,2,2,2222.0,0,0,2,0,1,4.283553600311279,1.541219711303711,1.3544414043426514,0.9548566341400146,0.026935815811157227,0.010477304458618164
2623,0,0.5108717948717952,931,1000,2,2,1223.0,0,0,2,0,2,4.285404205322266,1.541973352432251,1.355060338973999,0.9551911354064941,0.026952266693115234,0.010480880737304688
2624,0,0.5108717948717952,931,1000,2,2,2024.0,0,1,1,0,2,4.287091970443726,1.5424482822418213,1.3556945323944092,0.9556019306182861,0.02695918083190918,0.010483026504516602
2625,0,0.5108717948717952,931,1000,1,1,1025.0,0,0,2,0,2,4.288567066192627,1.5429389476776123,1.3562772274017334,0.9558966159820557,0.026964902877807617,0.010484457015991211
2626,0,0.5108717948717952,930,1000,3,3,2026.0,0,0,1,0,2,4.289956092834473,1.5434491634368896,1.3568389415740967,0.9561433792114258,0.026972293853759766,0.01048588752746582
2627,0,0.5108717948717952,930,1000,1,1,2627.0,0,0,0,1,1,4.290828227996826,1.5439772605895996,1.3571498394012451,0.9561433792114258,0.026972293853759766,0.01048731803894043
2628,0,0.5108717948717952,930,1000,3,3,1294.6666666666667,0,0,2,0,2,4.292481184005737,1.5444731712341309,1.3577954769134521,0.9565165042877197,0.026979684829711914,0.010488510131835938
2629,0,0.5108717948717952,930,1000,2,2,1429.0,0,0,0,0,0,4.293117046356201,1.545020580291748,1.3577959537506104,0.9565165042877197,0.026991605758666992,0.010490179061889648
2630,0,0.5108717948717952,930,1000,3,3,2096.6666666666665,0,0,2,0,2,4.294779300689697,1.5454821586608887,1.3584809303283691,0.9568755626678467,0.02700948715209961,0.010491371154785156
2631,0,0.5108717948717952,930,1000,2,2,2031.0,0,1,1,0,2,4.297653913497925,1.5459375381469727,1.3601398468017578,0.9574484825134277,0.027016162872314453,0.010492563247680664
2632,0,0.5108717948717952,931,1000,3,3,2098.6666666666665,0,0,2,0,1,4.3002564907073975,1.547006368637085,1.361055612564087,0.9578964710235596,0.02703857421875,0.010499238967895508
2633,0,0.5108717948717952,932,1000,1,1,2633.0,0,0,0,1,0,4.302098274230957,1.5481412410736084,1.3616881370544434,0.9578964710235596,0.02703857421875,0.010504961013793945
2634,0,0.5108717948717952,932,1000,2,2,1634.0,0,1,2,0,2,4.304037570953369,1.5488395690917969,1.3623344898223877,0.9582951068878174,0.027057409286499023,0.010509490966796875
2635,0,0.5108717948717952,932,1000,2,2,1701.6666666666667,0,0,2,0,2,4.305640935897827,1.5492949485778809,1.3630070686340332,0.9586384296417236,0.027065277099609375,0.010511159896850586
2636,0,0.5108717948717952,932,1000,1,1,1436.0,0,0,0,0,0,4.306352853775024,1.549896478652954,1.3630075454711914,0.9586384296417236,0.02707386016845703,0.010514259338378906
2637,0,0.5108717948717952,932,1000,1,1,1037.0,0,0,2,0,2,4.307859659194946,1.5503180027008057,1.3636646270751953,0.9589753150939941,0.02707815170288086,0.010515928268432617
2638,0,0.5108717948717952,932,1000,3,3,2104.6666666666665,0,1,2,0,2,4.309569835662842,1.5508878231048584,1.3642749786376953,0.9593429565429688,0.02708911895751953,0.010518312454223633
2639,0,0.5108717948717952,932,1000,3,3,1839.0,0,0,2,0,2,4.311136722564697,1.5513863563537598,1.3648648262023926,0.9597063064575195,0.027096986770629883,0.010520219802856445
2640,0,0.5108717948717952,931,1000,2,2,1973.3333333333333,0,0,1,0,2,4.3125901222229,1.5518348217010498,1.3655266761779785,0.9599525928497314,0.027103662490844727,0.010521411895751953
2641,0,0.5108717948717952,931,1000,2,2,1641.0,0,0,2,0,2,4.316144227981567,1.5532877445220947,1.3665859699249268,0.9607701301574707,0.027136564254760742,0.010526180267333984
2642,0,0.5108717948717952,931,1000,1,1,2642.0,0,0,0,1,1,4.317696809768677,1.5544157028198242,1.3669450283050537,0.9607701301574707,0.027136564254760742,0.01053166389465332
2643,0,0.5108717948717952,931,1000,2,2,2043.0,0,0,2,0,2,4.319334268569946,1.5549001693725586,1.367577314376831,0.9611082077026367,0.027155399322509766,0.010533809661865234
2644,0,0.5108717948717952,931,1000,2,2,1709.5,0,1,2,0,2,4.3252832889556885,1.5553836822509766,1.3686473369598389,0.9653596878051758,0.027163028717041016,0.010535478591918945
2645,0,0.5108717948717952,930,1000,1,1,1045.0,0,0,1,0,2,4.327324628829956,1.556434154510498,1.3692595958709717,0.9655869007110596,0.02718067169189453,0.010540485382080078
2646,0,0.5108717948717952,930,1000,2,2,2246.0,0,0,1,0,2,4.328892469406128,1.556877613067627,1.3699257373809814,0.9659144878387451,0.027187824249267578,0.010541915893554688
2647,0,0.5108717948717952,930,1000,2,2,1647.0,0,0,2,0,2,4.332088470458984,1.5582547187805176,1.370959758758545,0.9664833545684814,0.027219295501708984,0.010546684265136719
2648,0,0.5108717948717952,930,1000,1,1,2648.0,0,0,0,1,1,4.333822965621948,1.559251308441162,1.3716249465942383,0.9664833545684814,0.027219295501708984,0.01055145263671875
2649,0,0.5108717948717952,930,1000,2,2,2049.0,0,0,2,0,2,4.335872650146484,1.5601284503936768,1.3722422122955322,0.9668989181518555,0.027235984802246094,0.010556459426879883
2650,0,0.5108717948717952,930,1000,2,2,1183.3333333333333,0,0,2,0,2,4.337500095367432,1.5606441497802734,1.3729064464569092,0.9672412872314453,0.02724289894104004,0.010558366775512695
2651,0,0.5108717948717952,930,1000,3,3,1584.3333333333333,0,0,2,0,2,4.340318202972412,1.561838150024414,1.37386155128479,0.9677095413208008,0.0272676944732666,0.010565042495727539
2652,0,0.5108717948717952,930,1000,1,1,2652.0,0,0,0,1,1,4.341568946838379,1.5627319812774658,1.3741741180419922,0.9677095413208008,0.0272676944732666,0.010569334030151367
2653,0,0.5108717948717952,930,1000,1,1,1853.0,0,0,1,0,1,4.342993259429932,1.563241720199585,1.374746322631836,0.967949390411377,0.027277469635009766,0.010570526123046875
2654,0,0.5108717948717952,930,1000,1,1,2254.0,0,0,2,0,2,4.344424247741699,1.5636978149414062,1.3753125667572021,0.9682884216308594,0.0272824764251709,0.010571956634521484
2655,0,0.5108717948717952,931,1000,3,3,2121.6666666666665,0,0,2,0,1,4.348430633544922,1.5641348361968994,1.3763654232025146,0.9707016944885254,0.027289152145385742,0.010573625564575195
2656,0,0.5108717948717952,931,1000,1,1,2656.0,0,0,0,1,1,4.349833726882935,1.5651264190673828,1.3767075538635254,0.9707016944885254,0.027289152145385742,0.01057887077331543
2657,0,0.5108717948717952,931,1000,1,1,2257.0,0,0,2,0,2,4.351588010787964,1.5658020973205566,1.3773090839385986,0.9710290431976318,0.027304887771606445,0.010582447052001953
2658,0,0.5108717948717952,932,1000,1,1,2258.0,0,0,2,0,1,4.354920148849487,1.5662727355957031,1.3779680728912354,0.9731283187866211,0.027309656143188477,0.010583877563476562
2659,0,0.5108717948717952,932,1000,1,1,2259.0,0,0,1,0,1,4.356419086456299,1.5668327808380127,1.3785710334777832,0.9733726978302002,0.027318954467773438,0.010586738586425781
2660,0,0.5108717948717952,932,1000,1,1,2660.0,0,0,0,1,1,4.357239484786987,1.5673012733459473,1.3788917064666748,0.9733726978302002,0.027318954467773438,0.01058816909790039
2661,0,0.5108717948717952,933,1000,1,1,1461.0,0,0,2,0,1,4.358696937561035,1.567720890045166,1.3794684410095215,0.9737350940704346,0.027326107025146484,0.010601282119750977
2662,0,0.5108717948717952,933,1000,1,1,2262.0,0,0,2,0,2,4.360208034515381,1.5681662559509277,1.3800954818725586,0.9740803241729736,0.02733159065246582,0.010602712631225586
2663,0,0.5108717948717952,933,1000,1,1,2263.0,0,0,2,0,2,4.36175537109375,1.5686960220336914,1.3807127475738525,0.974409818649292,0.027336835861206055,0.010604381561279297
2664,0,0.5108717948717952,934,1000,1,1,2664.0,0,0,0,1,0,4.362757921218872,1.5691380500793457,1.3812401294708252,0.974409818649292,0.027336835861206055,0.010605812072753906
2665,0,0.5108717948717952,934,1000,1,1,2265.0,0,0,2,0,2,4.365646839141846,1.5704128742218018,1.3821759223937988,0.9749054908752441,0.027359724044799805,0.010612010955810547
2666,0,0.5108717948717952,935,1000,1,1,1866.0,0,0,2,0,1,4.3675501346588135,1.5711102485656738,1.3828721046447754,0.9752652645111084,0.027385711669921875,0.010616064071655273
2667,0,0.5108717948717952,935,1000,1,1,2267.0,0,0,2,0,2,4.370001554489136,1.5720546245574951,1.3837838172912598,0.9756989479064941,0.02740478515625,0.010620355606079102
2668,0,0.5108717948717952,935,1000,1,1,1468.0,0,0,2,0,2,4.372477769851685,1.5731306076049805,1.3846325874328613,0.9760949611663818,0.027420520782470703,0.010624885559082031
2669,0,0.5108717948717952,935,1000,2,2,2002.3333333333333,0,0,2,0,2,4.374407052993774,1.5738749504089355,1.3853113651275635,0.9764761924743652,0.027434825897216797,0.010628700256347656
2670,0,0.5108717948717952,934,1000,1,1,2270.0,0,0,1,0,2,4.375850200653076,1.5743765830993652,1.3859450817108154,0.9767086505889893,0.027440547943115234,0.01063084602355957
2671,0,0.5108717948717952,934,1000,2,1,1071.0,0,0,0,0,0,4.376462459564209,1.5748882293701172,1.3859453201293945,0.9767086505889893,0.02744579315185547,0.01063227653503418
2672,0,0.5108717948717952,933,1000,1,1,1472.0,0,0,1,0,2,4.377802848815918,1.5752983093261719,1.3865795135498047,0.9769237041473389,0.0274503231048584,0.010633707046508789
2673,0,0.5108717948717952,933,1000,3,3,1739.6666666666667,0,1,2,0,2,4.379868745803833,1.575695514678955,1.387742519378662,0.9772834777832031,0.02745819091796875,0.010635137557983398
2674,0,0.5108717948717952,933,1000,2,2,2074.0,0,0,2,0,2,4.382294178009033,1.5767476558685303,1.388592004776001,0.9776496887207031,0.027482032775878906,0.010643482208251953
2675,0,0.5108717948717952,933,1000,3,3,1741.6666666666667,0,0,1,0,2,4.384706735610962,1.5776216983795166,1.389474630355835,0.9781019687652588,0.027500391006469727,0.01064753532409668
2676,0,0.5108717948717952,932,1000,1,1,1476.0,0,0,1,0,2,4.386415243148804,1.5783932209014893,1.3901011943817139,0.9783198833465576,0.027507781982421875,0.010651111602783203
2677,0,0.5108717948717952,932,1000,2,2,1277.0,0,0,2,0,2,4.387845039367676,1.5788254737854004,1.3906793594360352,0.9786436557769775,0.027514219284057617,0.010652780532836914
2678,0,0.5108717948717952,932,1000,1,1,278.0,0,0,2,0,2,4.389312267303467,1.5792875289916992,1.391239881515503,0.9789948463439941,0.02751946449279785,0.010653972625732422
2679,0,0.5108717948717952,932,1000,1,1,2279.0,0,0,2,0,2,4.390850782394409,1.5797603130340576,1.3918805122375488,0.979334831237793,0.027524948120117188,0.010655403137207031
2680,0,0.5108717948717952,932,1000,1,1,2680.0,0,0,0,1,1,4.3916685581207275,1.5802485942840576,1.3921761512756348,0.979334831237793,0.027524948120117188,0.010656595230102539
2681,0,0.5108717948717952,932,1000,1,1,2681.0,0,0,0,1,1,4.392430543899536,1.5806901454925537,1.392465591430664,0.979334831237793,0.027524948120117188,0.010658025741577148
2682,0,0.5108717948717952,932,1000,1,1,1882.0,0,0,2,0,2,4.393893480300903,1.5811362266540527,1.393068552017212,0.9796590805053711,0.027531147003173828,0.010659456253051758
2683,0,0.5108717948717952,933,1000,1,1,683.0,0,0,2,0,1,4.395334005355835,1.581554651260376,1.3936362266540527,0.9800207614898682,0.02753591537475586,0.010660886764526367
2684,0,0.5108717948717952,933,1000,1,1,2284.0,0,0,1,0,1,4.397953271865845,1.5823948383331299,1.394608497619629,0.9805381298065186,0.02756643295288086,0.010662555694580078
2685,0,0.5108717948717952,933,1000,1,1,685.0,0,0,2,0,2,4.4007933139801025,1.5836069583892822,1.395650863647461,0.9809534549713135,0.027587413787841797,0.010667085647583008
2686,0,0.5108717948717952,933,1000,1,1,286.0,0,0,2,0,2,4.403275728225708,1.5845935344696045,1.3965651988983154,0.9813745021820068,0.027606725692749023,0.01067209243774414
2687,0,0.5108717948717952,933,1000,1,1,1887.0,0,0,2,0,2,4.405214071273804,1.585423231124878,1.3971891403198242,0.9817342758178711,0.027618885040283203,0.010677099227905273
2688,0,0.5108717948717952,933,1000,3,3,1888.0,0,1,2,0,2,4.406869173049927,1.5859026908874512,1.3978519439697266,0.9820683002471924,0.02762603759765625,0.010679244995117188
2689,0,0.5108717948717952,933,1000,1,1,2689.0,0,0,0,1,1,4.407696008682251,1.586388111114502,1.3981611728668213,0.9820683002471924,0.02762603759765625,0.010680675506591797
2690,0,0.5108717948717952,933,1000,1,1,2290.0,0,0,2,0,2,4.4092113971710205,1.5868470668792725,1.3987712860107422,0.9824223518371582,0.0276336669921875,0.010682106018066406
2691,0,0.5108717948717952,932,1000,2,2,1757.6666666666667,0,0,1,0,2,4.4105799198150635,1.5873193740844727,1.3993713855743408,0.9826328754425049,0.02764105796813965,0.010683536529541016
2692,0,0.5108717948717952,931,1000,1,1,1892.0,0,0,1,0,2,4.411955833435059,1.5878117084503174,1.399947166442871,0.9828481674194336,0.02764606475830078,0.010684967041015625
2693,0,0.5108717948717952,932,1000,3,3,1626.3333333333333,0,0,2,0,1,4.416879653930664,1.5884158611297607,1.4010200500488281,0.9858381748199463,0.02767324447631836,0.010686397552490234
2694,0,0.5108717948717952,932,1000,1,1,1094.0,0,0,2,0,2,4.419111728668213,1.5893442630767822,1.4018054008483887,0.9861867427825928,0.02769327163696289,0.010692119598388672
2695,0,0.5108717948717952,932,1000,1,1,2295.0,0,0,2,0,2,4.420987367630005,1.590076208114624,1.4024643898010254,0.9865467548370361,0.02770543098449707,0.010695934295654297
2696,0,0.5108717948717952,932,1000,2,2,1096.0,0,0,1,0,1,4.42263650894165,1.5907001495361328,1.4030828475952148,0.9868242740631104,0.027720928192138672,0.010699272155761719
2697,0,0.5108717948717952,931,1000,2,2,1897.0,0,0,1,0,2,4.42419958114624,1.591299057006836,1.403724193572998,0.9870450496673584,0.02773427963256836,0.010703325271606445
2698,0,0.5108717948717952,931,1000,2,2,2298.0,0,1,2,0,2,4.425915718078613,1.591923475265503,1.4043264389038086,0.9873895645141602,0.027747631072998047,0.010705947875976562
2699,0,0.5108717948717952,931,1000,1,1,2299.0,0,0,2,0,2,4.427428722381592,1.5924036502838135,1.4049251079559326,0.9877340793609619,0.027753829956054688,0.010707855224609375
2700,0,0.5108717948717952,932,1000,3,3,1633.3333333333333,0,1,2,0,1,4.429014444351196,1.592886209487915,1.405536413192749,0.9880805015563965,0.027760982513427734,0.010709524154663086
2701,0,0.5108717948717952,932,1000,2,2,1901.0,0,0,2,0,2,4.4320361614227295,1.594167947769165,1.4065308570861816,0.9886066913604736,0.027785778045654297,0.010713577270507812
2702,0,0.5108717948717952,931,1000,1,1,302.0,0,0,1,0,2,4.433861017227173,1.5950393676757812,1.4071991443634033,0.9887878894805908,0.027794599533081055,0.010717630386352539
2703,0,0.5108717948717952,931,1000,2,1,1503.0,0,0,2,0,2,4.437387466430664,1.5957555770874023,1.407806396484375,0.9908547401428223,0.02780461311340332,0.010721206665039062
2704,0,0.5108717948717952,931,1000,2,2,2104.0,0,0,2,0,2,4.438960075378418,1.5962896347045898,1.4084258079528809,0.9911508560180664,0.027812480926513672,0.010722875595092773
2705,0,0.5108717948717952,931,1000,4,4,1805.0,0,0,2,0,2,4.4404706954956055,1.5967483520507812,1.4090120792388916,0.99147629737854,0.027821063995361328,0.010724306106567383
2706,0,0.5108717948717952,931,1000,1,1,1906.0,0,0,2,0,2,4.441951274871826,1.5971720218658447,1.4096238613128662,0.9918315410614014,0.02782607078552246,0.010725736618041992
2707,0,0.5108717948717952,931,1000,1,1,2307.0,0,0,2,0,2,4.443390607833862,1.5976204872131348,1.4102399349212646,0.9921350479125977,0.027831077575683594,0.010727167129516602
2708,0,0.5108717948717952,931,1000,1,1,2308.0,0,0,2,0,2,4.44482421875,1.5980401039123535,1.410820722579956,0.9924788475036621,0.027836084365844727,0.010728597640991211
2709,0,0.5108717948717952,930,1000,1,1,1909.0,0,0,1,0,2,4.446723699569702,1.5984675884246826,1.4119725227355957,0.9927146434783936,0.027840852737426758,0.010729789733886719
2710,0,0.5108717948717952,930,1000,1,1,2710.0,0,0,0,1,1,4.449208974838257,1.6002068519592285,1.4126238822937012,0.9927146434783936,0.027840852737426758,0.010745763778686523
2711,0,0.5108717948717952,930,1000,2,2,2111.0,0,0,2,0,2,4.451458215713501,1.6011312007904053,1.413421630859375,0.9930815696716309,0.02786111831665039,0.010752201080322266
2712,0,0.5108717948717952,929,1000,2,2,1378.6666666666667,0,0,1,0,2,4.45292067527771,1.601651906967163,1.4140255451202393,0.9933168888092041,0.027869701385498047,0.010755062103271484
2713,0,0.5108717948717952,930,1000,1,1,2313.0,0,0,2,0,1,4.454387426376343,1.602051019668579,1.4146361351013184,0.9936907291412354,0.02787494659423828,0.010756492614746094
2714,0,0.5108717948717952,930,1000,1,1,2314.0,0,0,2,0,2,4.455884218215942,1.6024904251098633,1.4152576923370361,0.9940354824066162,0.027879953384399414,0.010757923126220703
2715,0,0.5108717948717952,929,1000,2,2,2048.3333333333335,0,0,1,0,2,4.457306861877441,1.6029865741729736,1.415867805480957,0.994255542755127,0.027887582778930664,0.010759592056274414
2716,0,0.5108717948717952,929,1000,2,1,2716.0,0,0,0,1,1,4.458128929138184,1.6034550666809082,1.4161896705627441,0.994255542755127,0.027887582778930664,0.010761022567749023
2717,0,0.5108717948717952,929,1000,1,1,2717.0,0,0,0,1,1,4.458885908126831,1.6038696765899658,1.4165105819702148,0.994255542755127,0.027887582778930664,0.010762453079223633
2718,0,0.5108717948717952,929,1000,3,3,2184.6666666666665,0,1,2,0,2,4.462305307388306,1.6043217182159424,1.4173016548156738,0.9962782859802246,0.027895212173461914,0.010776042938232422
2719,0,0.5108717948717952,928,1000,1,1,1519.0,0,0,1,0,2,4.465466022491455,1.6059019565582275,1.418248176574707,0.9966955184936523,0.027929067611694336,0.01078343391418457
2720,0,0.5108717948717952,927,1000,2,2,1520.0,0,0,1,0,2,4.468196630477905,1.607090711593628,1.4192473888397217,0.99704909324646,0.027951955795288086,0.010788679122924805
2721,0,0.5108717948717952,927,1000,2,2,2121.0,0,0,2,0,2,4.471952438354492,1.6080307960510254,1.419809341430664,0.9990935325622559,0.027968168258666992,0.010793447494506836
2722,0,0.5108717948717952,927,1000,1,1,2322.0,0,0,0,0,0,4.472526788711548,1.6085221767425537,1.4198095798492432,0.9990935325622559,0.02797389030456543,0.01079559326171875
2723,0,0.5108717948717952,927,1000,3,3,2189.6666666666665,0,0,2,0,2,4.4739930629730225,1.6089386940002441,1.4204294681549072,0.9994137287139893,0.027980566024780273,0.010796546936035156
2724,0,0.5108717948717952,927,1000,1,1,1924.0,0,0,2,0,2,4.475532054901123,1.6094415187835693,1.4210474491119385,0.9997615814208984,0.027985811233520508,0.010798215866088867
2725,0,0.5108717948717952,927,1000,1,1,2325.0,0,0,2,0,2,4.477009057998657,1.6098601818084717,1.4216690063476562,1.000105619430542,0.027991294860839844,0.010799646377563477
2726,0,0.5108717948717952,927,1000,1,1,2726.0,0,0,0,1,1,4.47774076461792,1.6102747917175293,1.4219582080841064,1.000105619430542,0.027991294860839844,0.010801315307617188
2727,0,0.5108717948717952,928,1000,1,1,1927.0,0,0,2,0,1,4.480968475341797,1.6112632751464844,1.4234495162963867,1.0006377696990967,0.028018951416015625,0.010802507400512695
2728,0,0.5108717948717952,928,1000,3,3,1528.0,0,1,2,0,2,4.484026908874512,1.6124675273895264,1.4244637489318848,1.0012061595916748,0.02804875373840332,0.01080942153930664
2729,0,0.5108717948717952,928,1000,2,1,1929.0,0,0,2,0,2,4.486092805862427,1.6133618354797363,1.4251267910003662,1.0015788078308105,0.0280611515045166,0.01081395149230957
2730,0,0.5108717948717952,928,1000,1,1,1930.0,0,0,2,0,2,4.487612724304199,1.6138803958892822,1.4257090091705322,1.001906394958496,0.028066396713256836,0.010815858840942383
2731,0,0.5108717948717952,928,1000,2,2,2131.0,0,0,2,0,2,4.489199161529541,1.6143457889556885,1.4263310432434082,1.0022621154785156,0.028074026107788086,0.010866165161132812
2732,0,0.5108717948717952,928,1000,1,1,2732.0,0,0,0,1,1,4.490194320678711,1.6149935722351074,1.4266343116760254,1.0022621154785156,0.028074026107788086,0.010869026184082031
2733,0,0.5108717948717952,928,1000,1,1,2333.0,0,0,2,0,2,4.4917192459106445,1.6154415607452393,1.4272286891937256,1.0026307106018066,0.02808403968811035,0.01087045669555664
2734,0,0.5108717948717952,927,1000,1,1,1934.0,0,0,1,0,2,4.493122100830078,1.6159439086914062,1.4278383255004883,1.0028479099273682,0.02808976173400879,0.01087188720703125
2735,0,0.5108717948717952,928,1000,2,2,2135.0,0,0,2,0,1,4.494991064071655,1.6163702011108398,1.4285962581634521,1.0034494400024414,0.028096675872802734,0.010873556137084961
2736,0,0.5108717948717952,928,1000,1,1,2336.0,0,0,2,0,2,4.497828483581543,1.6170458793640137,1.4300501346588135,1.0039138793945312,0.028118133544921875,0.010876655578613281
2737,0,0.5108717948717952,928,1000,2,2,1937.0,0,0,2,0,2,4.500569105148315,1.618276596069336,1.4309625625610352,1.0043249130249023,0.028142929077148438,0.010887861251831055
2738,0,0.5108717948717952,929,1000,1,1,2338.0,0,0,2,0,1,4.502598524093628,1.6191067695617676,1.431656837463379,1.0046942234039307,0.028156757354736328,0.010891437530517578
2739,0,0.5108717948717952,929,1000,3,3,2205.6666666666665,0,0,2,0,2,4.504309415817261,1.6196677684783936,1.4322738647460938,1.0050506591796875,0.028165817260742188,0.010894775390625
2740,0,0.5108717948717952,928,1000,1,1,2340.0,0,0,1,0,2,4.505894184112549,1.6200954914093018,1.433058738708496,1.0053203105926514,0.028172016143798828,0.01089620590209961
2741,0,0.5108717948717952,928,1000,1,1,2341.0,0,0,1,0,1,4.508068323135376,1.6210172176361084,1.4338698387145996,1.0056135654449463,0.028187274932861328,0.010900497436523438
2742,0,0.5108717948717952,929,1000,3,3,1942.0,0,0,2,0,1,4.5097596645355225,1.621642827987671,1.434443473815918,1.0059552192687988,0.028198957443237305,0.010904788970947266
2743,0,0.5108717948717952,929,1000,1,1,1943.0,0,0,2,0,2,4.512118816375732,1.6225640773773193,1.43532133102417,1.0063471794128418,0.02821516990661621,0.010906696319580078
2744,0,0.5108717948717952,930,1000,1,1,2344.0,0,0,2,0,1,4.51537561416626,1.6237938404083252,1.4363939762115479,1.0069804191589355,0.028244495391845703,0.01091313362121582
2745,0,0.5108717948717952,930,1000,1,1,2345.0,0,0,2,0,2,4.517564535140991,1.6247036457061768,1.4371168613433838,1.0073680877685547,0.028269052505493164,0.010918617248535156
2746,0,0.5108717948717952,931,1000,1,1,2346.0,0,0,2,0,1,4.519566774368286,1.6255536079406738,1.4377334117889404,1.007744312286377,0.028284549713134766,0.010933876037597656
2747,0,0.5108717948717952,932,1000,1,1,2747.0,0,0,0,1,0,4.520355463027954,1.6260173320770264,1.4380249977111816,1.007744312286377,0.028284549713134766,0.010936260223388672
2748,0,0.5108717948717952,932,1000,1,1,1548.0,0,0,2,0,2,4.5218422412872314,1.626464605331421,1.4386160373687744,1.0080809593200684,0.02829146385192871,0.010937690734863281
2749,0,0.5108717948717952,932,1000,1,1,1949.0,0,0,2,0,2,4.523313760757446,1.626922369003296,1.439208745956421,1.0084056854248047,0.028296709060668945,0.010939359664916992
2750,0,0.5108717948717952,933,1000,1,1,2350.0,0,0,2,0,1,4.527532577514648,1.6273643970489502,1.4404287338256836,1.0108599662780762,0.02830195426940918,0.010940790176391602
2751,0,0.5108717948717952,933,1000,2,2,1151.0,0,0,2,0,2,4.532011985778809,1.62821626663208,1.441389799118042,1.0133569240570068,0.028321504592895508,0.010946035385131836
2752,0,0.5108717948717952,933,1000,1,1,2352.0,0,0,1,0,1,4.534172534942627,1.6292400360107422,1.4420936107635498,1.0136497020721436,0.028339624404907227,0.010950803756713867
2753,0,0.5108717948717952,933,1000,2,2,2153.0,0,0,2,0,2,4.535989046096802,1.6300008296966553,1.442699909210205,1.0139689445495605,0.02835369110107422,0.010956048965454102
2754,0,0.5108717948717952,933,1000,2,2,2354.0,0,1,0,0,2,4.537545680999756,1.6304867267608643,1.4433305263519287,1.0142755508422852,0.028360605239868164,0.010958671569824219
2755,0,0.5108717948717952,932,1000,3,3,1955.0,0,0,1,0,2,4.53887939453125,1.630922794342041,1.4438982009887695,1.0145153999328613,0.02836751937866211,0.010960102081298828
2756,0,0.5108717948717952,932,1000,1,1,2356.0,0,0,2,0,2,4.5403361320495605,1.6313416957855225,1.4445021152496338,1.0148568153381348,0.02837228775024414,0.010961771011352539
2757,0,0.5108717948717952,932,1000,1,1,2757.0,0,0,0,1,1,4.541103363037109,1.631744384765625,1.4448387622833252,1.0148568153381348,0.02837228775024414,0.010962963104248047
2758,0,0.5108717948717952,932,1000,1,1,2358.0,0,0,1,0,1,4.542819023132324,1.6321654319763184,1.4456946849822998,1.0152254104614258,0.02837848663330078,0.010964155197143555
2759,0,0.5108717948717952,932,1000,1,1,1559.0,0,0,2,0,2,4.544599771499634,1.632842779159546,1.446305513381958,1.015589714050293,0.028391361236572266,0.010967731475830078
2760,0,0.5108717948717952,932,1000,2,2,2160.0,0,0,2,0,2,4.548631906509399,1.6333112716674805,1.4473307132720947,1.017961025238037,0.028399229049682617,0.010969400405883789
2761,0,0.5108717948717952,931,1000,2,2,1027.6666666666667,0,0,1,0,2,4.550750494003296,1.6343302726745605,1.448042869567871,1.018174409866333,0.02842235565185547,0.010974645614624023
2762,0,0.5108717948717952,930,1000,3,3,2162.0,0,0,1,0,2,4.552229642868042,1.6348748207092285,1.44864821434021,1.0183987617492676,0.02843022346496582,0.010977983474731445
2763,0,0.5108717948717952,930,1000,1,1,2363.0,0,0,1,0,1,4.553622245788574,1.635343313217163,1.4492247104644775,1.0186474323272705,0.028435707092285156,0.010979413986206055
2764,0,0.5108717948717952,930,1000,1,1,2764.0,0,0,0,1,1,4.554406404495239,1.6357841491699219,1.449540138244629,1.0186474323272705,0.028435707092285156,0.010980844497680664
2765,0,0.5108717948717952,930,1000,1,1,2365.0,0,0,2,0,2,4.5559165477752686,1.6362428665161133,1.450178861618042,1.0189614295959473,0.02844095230102539,0.010982036590576172
2766,0,0.5108717948717952,929,1000,1,1,1166.0,0,0,1,0,2,4.557290315628052,1.6367065906524658,1.4508192539215088,1.0191445350646973,0.028446674346923828,0.01098322868347168
2767,0,0.5108717948717952,928,1000,2,2,2100.3333333333335,0,0,1,0,2,4.559873819351196,1.637155532836914,1.4515976905822754,1.0203337669372559,0.028456687927246094,0.010984659194946289
2768,0,0.5108717948717952,928,1000,2,2,1768.0,0,0,2,0,2,4.564055681228638,1.6379046440124512,1.4527559280395508,1.0224108695983887,0.028468847274780273,0.010987997055053711
2769,0,0.5108717948717952,927,1000,3,3,2269.0,0,0,1,0,2,4.566215753555298,1.6389703750610352,1.4534037113189697,1.0227108001708984,0.028489351272583008,0.01099395751953125
2770,0,0.5108717948717952,927,1000,1,1,2770.0,0,0,0,1,1,4.567195415496826,1.6395599842071533,1.4537570476531982,1.0227108001708984,0.028489351272583008,0.010996103286743164
2771,0,0.5108717948717952,927,1000,2,2,1771.0,0,0,2,0,2,4.568975925445557,1.640169382095337,1.4544267654418945,1.0230834484100342,0.028504133224487305,0.010998964309692383
2772,0,0.5108717948717952,927,1000,1,1,372.0,0,0,2,0,2,4.5705647468566895,1.6407067775726318,1.4550423622131348,1.0234379768371582,0.02850961685180664,0.011001110076904297
2773,0,0.5108717948717952,928,1000,1,1,1173.0,0,0,2,0,1,4.571995973587036,1.641183853149414,1.4556257724761963,1.023737907409668,0.028514862060546875,0.011002779006958008
2774,0,0.5108717948717952,928,1000,1,1,2374.0,0,0,1,0,1,4.573426961898804,1.6416540145874023,1.456263780593872,1.0239872932434082,0.028519868850708008,0.011004209518432617
2775,0,0.5108717948717952,928,1000,1,1,2375.0,0,0,2,0,2,4.574999809265137,1.6421778202056885,1.4568746089935303,1.024341344833374,0.028526782989501953,0.011005878448486328
2776,0,0.5108717948717952,928,1000,2,1,2776.0,0,0,0,1,1,4.575795650482178,1.642648458480835,1.4571642875671387,1.024341344833374,0.028526782989501953,0.011007070541381836
2777,0,0.5108717948717952,928,1000,1,1,1577.0,0,0,2,0,2,4.577243328094482,1.643080234527588,1.4577455520629883,1.0246942043304443,0.02853226661682129,0.011008262634277344
2778,0,0.5108717948717952,927,1000,2,2,2178.0,0,0,1,0,2,4.578617095947266,1.6434926986694336,1.4583489894866943,1.024967908859253,0.028539419174194336,0.011009693145751953
2779,0,0.5108717948717952,927,1000,2,1,2779.0,0,0,0,1,1,4.580238580703735,1.6440081596374512,1.4593889713287354,1.024967908859253,0.028539419174194336,0.011010885238647461
2780,0,0.5108717948717952,927,1000,1,1,380.0,0,0,0,0,0,4.581762790679932,1.645350456237793,1.4593899250030518,1.024967908859253,0.028561115264892578,0.011023521423339844
2781,0,0.5108717948717952,927,1000,1,1,781.0,0,0,2,0,2,4.585379123687744,1.645796298980713,1.4603619575500488,1.0270299911499023,0.028565645217895508,0.01102757453918457
2782,0,0.5108717948717952,927,1000,1,1,382.0,0,0,2,0,2,4.587186098098755,1.6464662551879883,1.4609832763671875,1.0274405479431152,0.028574466705322266,0.011031150817871094
2783,0,0.5108717948717952,926,1000,2,2,2383.0,0,0,1,0,2,4.589040040969849,1.6469206809997559,1.4620423316955566,1.0276844501495361,0.028581857681274414,0.011032342910766602
2784,0,0.5108717948717952,927,1000,3,2,1984.0,0,0,2,0,1,4.590996503829956,1.6477301120758057,1.4626781940460205,1.0280578136444092,0.028597116470336914,0.011037826538085938
2785,0,0.5108717948717952,927,1000,1,1,2385.0,0,0,2,0,2,4.592505216598511,1.6481976509094238,1.463268518447876,1.0284111499786377,0.028603315353393555,0.011039257049560547
2786,0,0.5108717948717952,927,1000,1,1,786.0,0,0,2,0,2,4.594044208526611,1.6486968994140625,1.4638524055480957,1.0287716388702393,0.02860879898071289,0.011040925979614258
2787,0,0.5108717948717952,928,1000,2,2,2387.0,0,0,2,0,1,4.595534086227417,1.6491568088531494,1.4644358158111572,1.029120683670044,0.028615474700927734,0.011042594909667969
2788,0,0.5108717948717952,928,1000,2,2,2188.0,0,0,2,0,2,4.597912311553955,1.6497783660888672,1.465470552444458,1.0296525955200195,0.028635740280151367,0.011043787002563477
2789,0,0.5108717948717952,928,1000,2,2,2389.0,0,1,2,0,2,4.60028862953186,1.6508421897888184,1.466216802597046,1.0300242900848389,0.028656005859375,0.01105046272277832
2790,0,0.5108717948717952,927,1000,1,1,1590.0,0,0,1,0,2,4.601987838745117,1.6515696048736572,1.4668173789978027,1.0302765369415283,0.028664588928222656,0.011053800582885742
2791,0,0.5108717948717952,927,1000,1,1,2391.0,0,0,2,0,2,4.603705883026123,1.651989459991455,1.4676687717437744,1.030613899230957,0.028670549392700195,0.011055231094360352
2792,0,0.5108717948717952,927,1000,2,2,1392.0,0,0,2,0,2,4.605773210525513,1.6528139114379883,1.4683735370635986,1.0310065746307373,0.028689146041870117,0.011059045791625977
2793,0,0.5108717948717952,928,1000,1,1,1193.0,0,0,2,0,1,4.607245922088623,1.6533119678497314,1.4689304828643799,1.0313293933868408,0.02869415283203125,0.011060714721679688
2794,0,0.5108717948717952,928,1000,1,1,2394.0,0,0,2,0,2,4.6086814403533936,1.6537444591522217,1.469515085220337,1.0316722393035889,0.028699398040771484,0.011062383651733398
2795,0,0.5108717948717952,928,1000,1,1,1995.0,0,0,2,0,2,4.611890077590942,1.6542139053344727,1.4701149463653564,1.0337166786193848,0.02870464324951172,0.011063575744628906
2796,0,0.5108717948717952,929,1000,1,1,2396.0,0,0,2,0,1,4.614237070083618,1.654761552810669,1.4713428020477295,1.0341460704803467,0.028719663619995117,0.011064767837524414
2797,0,0.5108717948717952,929,1000,1,1,2797.0,0,0,0,1,1,4.615500211715698,1.6556696891784668,1.4716389179229736,1.0341460704803467,0.028719663619995117,0.011070966720581055
2798,0,0.5108717948717952,929,1000,1,1,1598.0,0,0,2,0,2,4.6171181201934814,1.6560800075531006,1.4722847938537598,1.0345759391784668,0.028736114501953125,0.011072874069213867
2799,0,0.5051538461538461,930,1000,2,2,2199.0,0,1,2,0,1,4.6195690631866455,1.656872272491455,1.4731221199035645,1.0350069999694824,0.02875351905822754,0.011076688766479492
2800,0,0.5051538461538461,930,1000,1,1,2000.0,0,0,1,0,1,4.621289253234863,1.6576032638549805,1.4737417697906494,1.0352427959442139,0.02876567840576172,0.011280059814453125
2801,0,0.5051538461538461,930,1000,2,2,2201.0,0,1,2,0,2,4.624594211578369,1.6580941677093506,1.4743568897247314,1.037268877029419,0.028774023056030273,0.011282205581665039
2802,0,0.5051538461538461,930,1000,2,2,2202.0,0,0,2,0,2,4.6261632442474365,1.6585819721221924,1.4749670028686523,1.0376298427581787,0.02878117561340332,0.011294841766357422
2803,0,0.5051538461538461,931,1000,1,1,2403.0,0,0,2,0,1,4.627601385116577,1.6590242385864258,1.4755384922027588,1.0379765033721924,0.028786420822143555,0.011296510696411133
2804,0,0.5051538461538461,931,1000,1,1,2804.0,0,0,0,1,1,4.628339052200317,1.6594057083129883,1.4758639335632324,1.0379765033721924,0.028786420822143555,0.01129770278930664
2805,0,0.5051538461538461,931,1000,2,2,2205.0,0,0,2,0,2,4.630969047546387,1.659832239151001,1.4775986671447754,1.0383427143096924,0.028793811798095703,0.01129913330078125
2806,0,0.5051538461538461,932,1000,1,1,1206.0,0,0,2,0,1,4.63327956199646,1.6609160900115967,1.4782967567443848,1.0386836528778076,0.028826475143432617,0.011305809020996094
2807,0,0.5051538461538461,931,1000,3,3,1907.0,0,0,1,0,2,4.635374307632446,1.6618123054504395,1.4790244102478027,1.0389978885650635,0.02884650230407715,0.011310100555419922
2808,0,0.5051538461538461,931,1000,1,1,2408.0,0,0,2,0,2,4.63698410987854,1.6623427867889404,1.479651689529419,1.0393335819244385,0.02885293960571289,0.011313438415527344
2809,0,0.5051538461538461,930,1000,1,1,2409.0,0,0,1,0,2,4.638401746749878,1.6627845764160156,1.4802563190460205,1.0396099090576172,0.028857707977294922,0.011315107345581055
2810,0,0.5051538461538461,930,1000,2,2,1810.0,0,0,0,0,0,4.6390321254730225,1.6632747650146484,1.4802565574645996,1.0396099090576172,0.02886486053466797,0.011316299438476562
2811,0,0.5051538461538461,930,1000,1,1,2411.0,0,0,2,0,2,4.64052152633667,1.6637187004089355,1.4808764457702637,1.0399518013000488,0.028869152069091797,0.01131749153137207
2812,0,0.5051538461538461,930,1000,1,1,2812.0,0,0,0,1,1,4.6412858963012695,1.6641595363616943,1.4811687469482422,1.0399518013000488,0.028869152069091797,0.011319160461425781
2813,0,0.5051538461538461,930,1000,1,1,13.0,0,0,2,0,2,4.642724990844727,1.664592981338501,1.481774091720581,1.0402519702911377,0.02887439727783203,0.011320352554321289
2814,0,0.5051538461538461,930,1000,1,1,2814.0,0,0,0,1,1,4.643498659133911,1.6650314331054688,1.482081413269043,1.0402519702911377,0.02887439727783203,0.011321783065795898
2815,0,0.5051538461538461,929,1000,2,2,815.0,0,0,1,0,2,4.644783020019531,1.6654791831970215,1.482649326324463,1.0404250621795654,0.028881311416625977,0.011322975158691406
2816,0,0.5051538461538461,929,1000,2,2,2149.3333333333335,0,0,2,0,2,4.6468665599823,1.665900468826294,1.483851671218872,1.0407636165618896,0.02888774871826172,0.011324167251586914
2817,0,0.5051538461538461,928,1000,1,1,2017.0,0,0,1,0,2,4.649441480636597,1.6669957637786865,1.4848556518554688,1.041081190109253,0.028908491134643555,0.011332273483276367
2818,0,0.5051538461538461,929,1000,2,1,2818.0,0,0,0,1,0,4.6508049964904785,1.6679961681365967,1.4851558208465576,1.041081190109253,0.028908491134643555,0.011338233947753906
2819,0,0.5051538461538461,929,1000,4,4,1719.0,0,1,2,0,2,4.652361154556274,1.668450117111206,1.485771656036377,1.0413944721221924,0.028926849365234375,0.011340141296386719
2820,0,0.5051538461538461,929,1000,1,1,2820.0,0,0,0,1,1,4.6531455516815186,1.6688921451568604,1.4860882759094238,1.0413944721221924,0.028926849365234375,0.011341571807861328
2821,0,0.5051538461538461,930,1000,2,2,2154.3333333333335,0,0,2,0,1,4.654668807983398,1.669348955154419,1.4866831302642822,1.0417473316192627,0.028934001922607422,0.011343002319335938
2822,0,0.5051538461538461,930,1000,2,2,2422.0,0,0,1,0,1,4.6560752391815186,1.6697876453399658,1.4872777462005615,1.0420341491699219,0.028940439224243164,0.011344194412231445
2823,0,0.5051538461538461,931,1000,1,1,2823.0,0,0,0,1,0,4.65685248374939,1.6702427864074707,1.4875702857971191,1.0420341491699219,0.028940439224243164,0.011345386505126953
2824,0,0.5051538461538461,932,1000,3,2,2224.0,0,0,2,0,1,4.658313512802124,1.6706750392913818,1.4881396293640137,1.042395830154419,0.028947114944458008,0.011346817016601562
2825,0,0.5051538461538461,932,1000,1,1,2825.0,0,0,0,1,1,4.659093856811523,1.6711094379425049,1.4884629249572754,1.042395830154419,0.028947114944458008,0.01134800910949707
2826,0,0.5051538461538461,931,1000,1,1,2426.0,0,0,1,0,2,4.6621668338775635,1.671527624130249,1.489065170288086,1.0443434715270996,0.028952360153198242,0.01134943962097168
2827,0,0.5051538461538461,931,1000,3,3,2293.6666666666665,0,0,0,0,0,4.6633384227752686,1.672516107559204,1.4890670776367188,1.0443434715270996,0.02897930145263672,0.01135110855102539
2828,0,0.5051538461538461,931,1000,1,1,2028.0,0,0,2,0,2,4.665798187255859,1.6736092567443848,1.489952564239502,1.0447022914886475,0.028992891311645508,0.011358022689819336
2829,0,0.5051538461538461,931,1000,1,1,2429.0,0,0,0,0,0,4.666442155838013,1.6741411685943604,1.4899532794952393,1.0447022914886475,0.029001474380493164,0.011361122131347656
2830,0,0.5051538461538461,931,1000,2,2,2230.0,0,1,2,0,2,4.668209552764893,1.674555778503418,1.4907758235931396,1.0450701713562012,0.029009342193603516,0.011363029479980469
2831,0,0.5051538461538461,931,1000,2,1,2831.0,0,0,0,1,1,4.669215679168701,1.6752209663391113,1.491072654724121,1.0450701713562012,0.029009342193603516,0.011366128921508789
2832,0,0.5051538461538461,931,1000,2,2,1032.0,0,0,2,0,2,4.670578718185425,1.6756539344787598,1.4916324615478516,1.0453681945800781,0.029019594192504883,0.011367321014404297
2833,0,0.5051538461538461,931,1000,1,1,2033.0,0,0,2,0,2,4.672089576721191,1.6761093139648438,1.492227554321289,1.045745849609375,0.029024362564086914,0.011368513107299805
2834,0,0.5051538461538461,932,1000,1,1,34.0,0,0,2,0,1,4.673541069030762,1.6765434741973877,1.4928159713745117,1.0460925102233887,0.029029130935668945,0.011369705200195312
2835,0,0.5051538461538461,932,1000,1,1,2435.0,0,0,2,0,2,4.6750264167785645,1.6769874095916748,1.493410587310791,1.046457052230835,0.029034137725830078,0.01137089729309082
2836,0,0.5051538461538461,933,1000,3,3,2169.3333333333335,0,0,1,0,1,4.6766345500946045,1.6774566173553467,1.4940025806427002,1.0468511581420898,0.029041051864624023,0.01137232780456543
2837,0,0.5051538461538461,932,1000,1,1,1637.0,0,0,1,0,2,4.677897214889526,1.6778781414031982,1.4945933818817139,1.047034740447998,0.029046058654785156,0.011374235153198242
2838,0,0.5051538461538461,932,1000,1,1,2438.0,0,0,1,0,1,4.679731607437134,1.6782636642456055,1.4956953525543213,1.0472848415374756,0.029050588607788086,0.01137542724609375
2839,0,0.5051538461538461,933,1000,1,1,1239.0,0,0,2,0,1,4.682580471038818,1.6795861721038818,1.4966785907745361,1.047656536102295,0.029073476791381836,0.011385202407836914
2840,0,0.5051538461538461,933,1000,2,2,2440.0,0,0,2,0,2,4.685094833374023,1.6806273460388184,1.4974889755249023,1.048086166381836,0.029095172882080078,0.011391162872314453
2841,0,0.5051538461538461,933,1000,2,2,2241.0,0,0,2,0,2,4.686858177185059,1.6813476085662842,1.49810791015625,1.0484249591827393,0.02910327911376953,0.011395454406738281
2842,0,0.5051538461538461,933,1000,1,1,2842.0,0,0,0,1,1,4.687608480453491,1.6817669868469238,1.498410701751709,1.0484249591827393,0.02910327911376953,0.01139688491821289
2843,0,0.5051538461538461,935,1000,1,1,2443.0,0,0,2,0,0,4.689067125320435,1.6822223663330078,1.4989771842956543,1.0487537384033203,0.029122591018676758,0.011398553848266602
2844,0,0.5051538461538461,935,1000,1,1,2444.0,0,0,1,0,1,4.6921820640563965,1.6826863288879395,1.4995665550231934,1.050722599029541,0.029127120971679688,0.011399984359741211
2845,0,0.5051538461538461,934,1000,1,1,2445.0,0,0,1,0,2,4.693585634231567,1.6831614971160889,1.5001678466796875,1.050950527191162,0.02913212776184082,0.011401653289794922
2846,0,0.5051538461538461,934,1000,3,3,2312.6666666666665,0,1,0,0,2,4.695446729660034,1.6836459636688232,1.501101016998291,1.051274299621582,0.029139041900634766,0.01140284538269043
2847,0,0.5051538461538461,934,1000,2,2,2447.0,0,0,1,0,1,4.698379039764404,1.6848914623260498,1.502152681350708,1.051724910736084,0.029167652130126953,0.01141047477722168
2848,0,0.5051538461538461,934,1000,4,4,2148.0,0,0,2,0,2,4.700910568237305,1.685795545578003,1.5029892921447754,1.0521905422210693,0.02918553352355957,0.011414766311645508
2849,0,0.5051538461538461,934,1000,2,2,2449.0,0,1,1,0,2,4.7028632164001465,1.6866943836212158,1.5035967826843262,1.052495002746582,0.029200077056884766,0.01141810417175293
2850,0,0.5051538461538461,933,1000,1,1,2450.0,0,0,1,0,2,4.704277515411377,1.6871733665466309,1.5041894912719727,1.0527369976043701,0.029210805892944336,0.01141977310180664
2851,0,0.5051538461538461,932,1000,1,1,1651.0,0,0,1,0,2,4.705570936203003,1.6876146793365479,1.5047597885131836,1.0529274940490723,0.02921581268310547,0.01142120361328125
2852,0,0.5051538461538461,931,1000,3,3,2152.0,0,0,1,0,2,4.707002401351929,1.6881048679351807,1.505368709564209,1.0531830787658691,0.029222488403320312,0.01142263412475586
2853,0,0.5051538461538461,931,1000,1,1,2853.0,0,0,0,1,1,4.707807302474976,1.6885578632354736,1.505690336227417,1.0531830787658691,0.029222488403320312,0.011423826217651367
2854,0,0.5051538461538461,931,1000,2,2,1654.0,0,0,2,0,2,4.709275960922241,1.6889972686767578,1.5062808990478516,1.0535297393798828,0.029230117797851562,0.011425256729125977
2855,0,0.5051538461538461,932,1000,1,1,2855.0,0,0,0,1,0,4.710549354553223,1.6899168491363525,1.5065782070159912,1.0535297393798828,0.029230117797851562,0.011426687240600586
2856,0,0.5051538461538461,932,1000,3,3,2056.0,0,1,2,0,2,4.712366580963135,1.6903917789459229,1.5074119567871094,1.053858757019043,0.02924656867980957,0.011428594589233398
2857,0,0.5051538461538461,932,1000,1,1,2057.0,0,0,2,0,2,4.715359687805176,1.6917459964752197,1.508382797241211,1.0543453693389893,0.02926802635192871,0.011434555053710938
2858,0,0.5051538461538461,933,1000,4,4,2258.0,0,1,2,0,1,4.717289924621582,1.6924998760223389,1.5090487003326416,1.0546925067901611,0.029282093048095703,0.011438608169555664
2859,0,0.5051538461538461,932,1000,1,1,2059.0,0,0,1,0,2,4.71903657913208,1.6932671070098877,1.509678840637207,1.0549230575561523,0.029294729232788086,0.01144266128540039
2860,0,0.5051538461538461,931,1000,1,1,460.0,0,0,1,0,2,4.720382452011108,1.69376540184021,1.5102596282958984,1.0551021099090576,0.029300212860107422,0.011444807052612305
2861,0,0.5051538461538461,931,1000,2,2,2061.0,0,0,2,0,2,4.7235894203186035,1.6942284107208252,1.5109117031097412,1.0570993423461914,0.029307126998901367,0.011446237564086914
2862,0,0.5051538461538461,931,1000,2,2,1128.6666666666667,0,0,1,0,1,4.725007057189941,1.6947576999664307,1.5115151405334473,1.0572619438171387,0.02931666374206543,0.011448383331298828
2863,0,0.5051538461538461,931,1000,1,1,2063.0,0,0,1,0,1,4.726332902908325,1.6952226161956787,1.512084722518921,1.0574800968170166,0.029321908950805664,0.011449813842773438
2864,0,0.5051538461538461,931,1000,3,3,2330.6666666666665,0,1,1,0,2,4.728274345397949,1.6957097053527832,1.5128974914550781,1.0578711032867432,0.029381752014160156,0.011451005935668945
2865,0,0.5051538461538461,931,1000,1,1,2865.0,0,0,0,1,1,4.730330467224121,1.6966166496276855,1.5139579772949219,1.0578711032867432,0.029381752014160156,0.011454582214355469
2866,0,0.5051538461538461,931,1000,3,3,1532.6666666666667,0,1,2,0,2,4.732977867126465,1.6977484226226807,1.514845609664917,1.0582661628723145,0.029404401779174805,0.011461973190307617
2867,0,0.5051538461538461,930,1000,1,1,1667.0,0,0,1,0,2,4.73503303527832,1.6986207962036133,1.5156457424163818,1.0585095882415771,0.029420137405395508,0.011465072631835938
2868,0,0.5051538461538461,930,1000,1,1,2868.0,0,0,0,1,1,4.7359583377838135,1.699157476425171,1.5159938335418701,1.0585095882415771,0.029420137405395508,0.01146841049194336
2869,0,0.5051538461538461,931,1000,2,2,2469.0,0,0,2,0,1,4.737435817718506,1.6996409893035889,1.5165784358978271,1.0588150024414062,0.029428720474243164,0.01147007942199707
2870,0,0.5051538461538461,932,1000,2,2,1936.6666666666667,0,0,2,0,1,4.738834619522095,1.700042963027954,1.5171477794647217,1.0591480731964111,0.029435396194458008,0.01147150993347168
2871,0,0.5051538461538461,932,1000,1,1,1671.0,0,0,2,0,2,4.7403504848480225,1.7005236148834229,1.5177726745605469,1.0594713687896729,0.02944040298461914,0.011472702026367188
2872,0,0.5051538461538461,932,1000,3,2,1805.3333333333333,0,0,1,0,2,4.74186372756958,1.7010092735290527,1.518359899520874,1.0597891807556152,0.029447317123413086,0.011474132537841797
2873,0,0.5051538461538461,932,1000,2,1,2073.0,0,0,2,0,2,4.743503570556641,1.7014877796173096,1.5190718173980713,1.0601513385772705,0.02945256233215332,0.011475801467895508
2874,0,0.5051538461538461,932,1000,1,1,2074.0,0,0,2,0,2,4.745669603347778,1.7021968364715576,1.5199766159057617,1.0605568885803223,0.029468536376953125,0.011479377746582031
2875,0,0.5051538461538461,931,1000,1,1,2475.0,0,0,1,0,2,4.748622894287109,1.7035930156707764,1.5209462642669678,1.0609567165374756,0.029491186141967773,0.011487007141113281
2876,0,0.5051538461538461,931,1000,2,2,2076.0,0,1,2,0,2,4.750673532485962,1.704399824142456,1.521704912185669,1.0612821578979492,0.029505014419555664,0.011491060256958008
2877,0,0.5051538461538461,930,1000,2,2,1677.0,0,0,1,0,2,4.752488136291504,1.705270767211914,1.5223140716552734,1.06148099899292,0.02951812744140625,0.011506795883178711
2878,0,0.5051538461538461,929,1000,1,1,2078.0,0,0,1,0,2,4.75382661819458,1.7057902812957764,1.5228722095489502,1.0616717338562012,0.029523372650146484,0.011508464813232422
2879,0,0.5051538461538461,930,1000,1,1,1679.0,0,0,1,0,0,4.755075693130493,1.706218957901001,1.5234363079071045,1.0618560314178467,0.029528141021728516,0.011510372161865234
2880,0,0.5051538461538461,931,1000,2,2,1680.0,0,0,2,0,1,4.756615161895752,1.7066905498504639,1.524038314819336,1.062196969985962,0.02953481674194336,0.011511802673339844
2881,0,0.5051538461538461,931,1000,1,1,881.0,0,0,2,0,2,4.758328199386597,1.707124948501587,1.5248827934265137,1.0625419616699219,0.02953958511352539,0.011512994766235352
2882,0,0.5051538461538461,930,1000,1,1,882.0,0,0,1,0,2,4.760410785675049,1.7080764770507812,1.5256273746490479,1.0627765655517578,0.02955913543701172,0.011517763137817383
2883,0,0.5051538461538461,930,1000,3,3,1949.6666666666667,0,0,0,0,0,4.761076927185059,1.7086496353149414,1.525627613067627,1.0627765655517578,0.029569149017333984,0.011520147323608398
2884,0,0.5051538461538461,932,1000,1,1,2484.0,0,0,2,0,0,4.7628374099731445,1.709092617034912,1.5265705585479736,1.063072681427002,0.029573678970336914,0.011521577835083008
2885,0,0.5051538461538461,932,1000,2,2,1885.0,0,1,2,0,2,4.765610456466675,1.7102503776550293,1.5274372100830078,1.0635576248168945,0.029600858688354492,0.011530160903930664
2886,0,0.5051538461538461,932,1000,2,2,1886.0,0,0,2,0,2,4.76786208152771,1.711181640625,1.5282535552978516,1.0639359951019287,0.029616117477416992,0.011533737182617188
2887,0,0.5051538461538461,932,1000,1,1,1687.0,0,0,2,0,2,4.769741058349609,1.7119626998901367,1.5288832187652588,1.0642883777618408,0.029626846313476562,0.011537551879882812
2888,0,0.5051538461538461,932,1000,1,1,2888.0,0,0,0,1,1,4.770535945892334,1.7124230861663818,1.5291857719421387,1.0642883777618408,0.029626846313476562,0.011538982391357422
2889,0,0.5051538461538461,932,1000,3,3,2222.3333333333335,0,0,2,0,2,4.772009372711182,1.7128551006317139,1.5298147201538086,1.0645911693572998,0.029633760452270508,0.01154017448425293
2890,0,0.5051538461538461,932,1000,2,2,2290.0,0,0,2,0,2,4.773523569107056,1.7132928371429443,1.5304338932037354,1.0649499893188477,0.029640674591064453,0.011541604995727539
2891,0,0.5051538461538461,932,1000,3,3,2357.6666666666665,0,1,2,0,2,4.775498390197754,1.7139256000518799,1.5312354564666748,1.065319538116455,0.029656648635864258,0.01154470443725586
2892,0,0.5051538461538461,931,1000,1,1,2492.0,0,0,1,0,2,4.776970386505127,1.7144556045532227,1.5318808555603027,1.065542221069336,0.029663801193237305,0.011546611785888672
2893,0,0.5051538461538461,931,1000,1,1,2093.0,0,0,2,0,2,4.778489589691162,1.7149124145507812,1.5325157642364502,1.065882921218872,0.029668807983398438,0.011548280715942383
2894,0,0.5051538461538461,931,1000,2,2,2294.0,0,0,2,0,2,4.7809247970581055,1.7153944969177246,1.5337746143341064,1.0664277076721191,0.029683589935302734,0.01154947280883789
2895,0,0.5051538461538461,930,1000,3,3,2295.0,0,0,1,0,2,4.783013105392456,1.7164134979248047,1.5344569683074951,1.0666704177856445,0.029704809188842773,0.011556625366210938
2896,0,0.5051538461538461,931,1000,1,1,1296.0,0,0,2,0,1,4.784631729125977,1.7169415950775146,1.5350816249847412,1.0670325756072998,0.029713153839111328,0.01155853271484375
2897,0,0.5051538461538461,931,1000,1,1,2497.0,0,0,2,0,2,4.786257266998291,1.7175238132476807,1.535710096359253,1.0673503875732422,0.0297243595123291,0.011561870574951172
2898,0,0.5051538461538461,931,1000,2,2,2298.0,0,0,2,0,2,4.7877960205078125,1.718008041381836,1.5363256931304932,1.0676889419555664,0.02973151206970215,0.011563777923583984
2899,0,0.5051538461538461,932,1000,3,2,1299.0,0,0,2,0,1,4.789460897445679,1.7184176445007324,1.5370450019836426,1.0680732727050781,0.029738187789916992,0.011564970016479492
2900,0,0.5051538461538461,933,1000,2,2,2100.0,0,1,1,0,1,4.794781923294067,1.7200374603271484,1.538175344467163,1.0703701972961426,0.029763460159301758,0.011568784713745117
2901,0,0.5051538461538461,933,1000,1,1,2101.0,0,0,1,0,1,4.7980287075042725,1.7213330268859863,1.5392704010009766,1.0709810256958008,0.02979135513305664,0.011573553085327148
2902,0,0.5051538461538461,932,1000,2,2,1968.6666666666667,0,0,1,0,2,4.800726890563965,1.7224454879760742,1.5403409004211426,1.0713095664978027,0.029818296432495117,0.011580944061279297
2903,0,0.5051538461538461,932,1000,1,1,2503.0,0,0,2,0,2,4.805507659912109,1.7238070964813232,1.5412464141845703,1.0735766887664795,0.029843568801879883,0.01158905029296875
2904,0,0.5051538461538461,933,1000,3,3,2370.6666666666665,0,1,1,0,1,4.807718753814697,1.724693775177002,1.5419566631317139,1.073988676071167,0.02986454963684082,0.011594533920288086
2905,0,0.5051538461538461,932,1000,1,1,2505.0,0,0,1,0,2,4.809283018112183,1.725285291671753,1.5425524711608887,1.0742578506469727,0.02987217903137207,0.011597871780395508
2906,0,0.5051538461538461,932,1000,1,1,2906.0,0,0,0,1,1,4.810155630111694,1.7258081436157227,1.542867660522461,1.0742578506469727,0.02987217903137207,0.011599540710449219
2907,0,0.5051538461538461,933,1000,1,1,1307.0,0,0,2,0,1,4.811716794967651,1.7263026237487793,1.543487310409546,1.0746159553527832,0.029879093170166016,0.011600971221923828
2908,0,0.5051538461538461,934,1000,1,1,2108.0,0,0,2,0,1,4.814506769180298,1.7268571853637695,1.5448215007781982,1.0753421783447266,0.029903173446655273,0.011602640151977539
2909,0,0.5051538461538461,934,1000,3,3,1975.6666666666667,0,0,2,0,2,4.816704511642456,1.7277958393096924,1.5455255508422852,1.0757405757904053,0.029925823211669922,0.011609077453613281
2910,0,0.5051538461538461,934,1000,1,1,1710.0,0,0,2,0,2,4.818526268005371,1.728438138961792,1.5462837219238281,1.0760562419891357,0.0299379825592041,0.011611700057983398
2911,0,0.5051538461538461,933,1000,2,2,1711.0,0,0,1,0,2,4.8206398487091064,1.729335069656372,1.5470666885375977,1.0763301849365234,0.02995896339416504,0.011617422103881836
2912,0,0.5051538461538461,933,1000,1,1,2512.0,0,0,1,0,1,4.822174072265625,1.7299373149871826,1.547633409500122,1.0765917301177979,0.029966354370117188,0.011621236801147461
2913,0,0.5051538461538461,933,1000,1,1,2913.0,0,0,0,1,1,4.8229687213897705,1.730393886566162,1.5479402542114258,1.0765917301177979,0.029966354370117188,0.01162266731262207
2914,0,0.5051538461538461,933,1000,2,2,1314.0,0,0,2,0,2,4.824437856674194,1.7307887077331543,1.5485312938690186,1.0769343376159668,0.02997422218322754,0.011624336242675781
2915,0,0.5051538461538461,932,1000,2,2,2515.0,0,0,1,0,2,4.825929164886475,1.731295108795166,1.5491487979888916,1.0772056579589844,0.0299835205078125,0.011636018753051758
2916,0,0.5051538461538461,932,1000,1,1,2516.0,0,0,2,0,2,4.827494382858276,1.7317912578582764,1.5497758388519287,1.0775601863861084,0.029989957809448242,0.011637687683105469
2917,0,0.5051538461538461,932,1000,1,1,1717.0,0,0,1,0,1,4.828820466995239,1.7322266101837158,1.5503733158111572,1.077765703201294,0.029994964599609375,0.011639118194580078
2918,0,0.5051538461538461,931,1000,1,1,2518.0,0,0,1,0,2,4.83155083656311,1.7331931591033936,1.551452875137329,1.0782701969146729,0.030018091201782227,0.011640548706054688
2919,0,0.5051538461538461,931,1000,2,2,1719.0,0,0,2,0,2,4.834235668182373,1.7342994213104248,1.5524992942810059,1.078644037246704,0.030034303665161133,0.011645078659057617
2920,0,0.5051538461538461,930,1000,1,1,2520.0,0,0,1,0,2,4.836901426315308,1.7355382442474365,1.5534570217132568,1.078951358795166,0.030057430267333984,0.011652231216430664
2921,0,0.5051538461538461,930,1000,2,1,2521.0,0,0,2,0,2,4.83909010887146,1.7364044189453125,1.5543196201324463,1.0792713165283203,0.03007221221923828,0.01165628433227539
2922,0,0.5051538461538461,930,1000,1,1,2922.0,0,0,0,1,1,4.840450048446655,1.7372467517852783,1.5547833442687988,1.0792713165283203,0.03007221221923828,0.011659860610961914
2923,0,0.5051538461538461,930,1000,1,1,2923.0,0,0,0,1,1,4.842218399047852,1.7382028102874756,1.5555145740509033,1.0792713165283203,0.03007221221923828,0.011664628982543945
2924,0,0.5051538461538461,930,1000,1,1,2524.0,0,0,2,0,2,4.844856262207031,1.7392542362213135,1.5565264225006104,1.0796823501586914,0.030093669891357422,0.011670589447021484
2925,0,0.5051538461538461,930,1000,1,1,2925.0,0,0,0,1,1,4.847688674926758,1.7406880855560303,1.5578136444091797,1.0796823501586914,0.030093669891357422,0.011676788330078125
2926,0,0.5051538461538461,930,1000,1,1,2926.0,0,0,0,1,1,4.850369691848755,1.7422866821289062,1.5588023662567139,1.0796823501586914,0.030093669891357422,0.011686563491821289
2927,0,0.5051538461538461,929,1000,1,1,1327.0,0,0,1,0,2,4.852878570556641,1.743455410003662,1.5596940517425537,1.0799620151519775,0.030115127563476562,0.011693954467773438
2928,0,0.5051538461538461,930,1000,1,1,528.0,0,0,2,0,1,4.855374097824097,1.744537353515625,1.5605723857879639,1.0803380012512207,0.03013014793395996,0.011714458465576172
2929,0,0.5051538461538461,930,1000,2,1,2929.0,0,0,0,1,1,4.85685396194458,1.7454700469970703,1.5610196590423584,1.0803380012512207,0.03013014793395996,0.01171875
2930,0,0.5051538461538461,930,1000,1,1,2930.0,0,0,0,1,1,4.858131170272827,1.7462403774261475,1.561476230621338,1.0803380012512207,0.03013014793395996,0.011721611022949219
2931,0,0.5051538461538461,930,1000,1,1,2931.0,0,0,0,1,1,4.858997106552124,1.7467687129974365,1.561781406402588,1.0803380012512207,0.03013014793395996,0.011723518371582031
2932,0,0.5051538461538461,931,1000,2,2,2332.0,0,0,2,0,1,4.860588073730469,1.7472550868988037,1.5623791217803955,1.0806806087493896,0.03014683723449707,0.01172494888305664
2933,0,0.5051538461538461,931,1000,1,1,1333.0,0,0,2,0,2,4.862099647521973,1.7477092742919922,1.5629937648773193,1.081028938293457,0.03015279769897461,0.01172637939453125
2934,0,0.5051538461538461,931,1000,1,1,2534.0,0,0,2,0,2,4.865228652954102,1.748962163925171,1.5640287399291992,1.0816326141357422,0.030185222625732422,0.011729240417480469
2935,0,0.5051538461538461,931,1000,3,2,2335.0,0,1,2,0,2,4.867317199707031,1.7498350143432617,1.5647315979003906,1.0819480419158936,0.030205965042114258,0.011734724044799805
2936,0,0.5051538461538461,932,1000,3,3,2136.0,0,0,1,0,1,4.869293689727783,1.7506022453308105,1.565415859222412,1.0822968482971191,0.030221939086914062,0.011737585067749023
2937,0,0.5051538461538461,931,1000,1,1,1737.0,0,0,1,0,2,4.870788812637329,1.7511489391326904,1.5660591125488281,1.0825061798095703,0.0302276611328125,0.011739969253540039
2938,0,0.5051538461538461,931,1000,1,1,2138.0,0,0,2,0,2,4.872311592102051,1.7516224384307861,1.566636323928833,1.082855224609375,0.03023242950439453,0.011741399765014648
2939,0,0.5051538461538461,932,1000,1,1,539.0,0,0,2,0,1,4.873780965805054,1.7521071434020996,1.5672392845153809,1.0831663608551025,0.030237674713134766,0.011742830276489258
2940,0,0.5051538461538461,931,1000,2,2,2340.0,0,0,1,0,2,4.875191926956177,1.7525675296783447,1.5678246021270752,1.0834293365478516,0.030244827270507812,0.011744499206542969
2941,0,0.5051538461538461,931,1000,2,2,2341.0,0,1,2,0,2,4.878417730331421,1.7530577182769775,1.568432092666626,1.0854263305664062,0.03025197982788086,0.01174616813659668
2942,0,0.5051538461538461,931,1000,3,3,2408.6666666666665,0,0,2,0,2,4.8818511962890625,1.7536230087280273,1.5701985359191895,1.0862021446228027,0.03028702735900879,0.011747598648071289
2943,0,0.5051538461538461,931,1000,1,1,2943.0,0,0,0,1,1,4.88374137878418,1.7547297477722168,1.5709073543548584,1.0862021446228027,0.03028702735900879,0.011754512786865234
2944,0,0.5051538461538461,931,1000,1,1,2544.0,0,0,1,0,1,4.886348009109497,1.7558093070983887,1.5719175338745117,1.0865318775177002,0.03030848503112793,0.011771678924560547
2945,0,0.5051538461538461,931,1000,3,3,2145.0,0,0,2,0,2,4.888262033462524,1.7565481662750244,1.572549819946289,1.0869035720825195,0.030320405960083008,0.011775493621826172
2946,0,0.5051538461538461,931,1000,2,2,2346.0,0,0,2,0,2,4.889803647994995,1.7570075988769531,1.573180913925171,1.087263584136963,0.030327796936035156,0.011776924133300781
2947,0,0.5051538461538461,932,1000,1,1,2147.0,0,0,2,0,1,4.891280651092529,1.7574853897094727,1.5737500190734863,1.0876097679138184,0.030333995819091797,0.01177835464477539
2948,0,0.5051538461538461,932,1000,2,2,948.0,0,0,2,0,2,4.892757177352905,1.7579166889190674,1.5743491649627686,1.087935447692871,0.030341386795043945,0.011779546737670898
2949,0,0.5051538461538461,932,1000,2,2,2149.0,0,0,2,0,2,4.894237518310547,1.7583694458007812,1.5749659538269043,1.0882630348205566,0.030348539352416992,0.011780977249145508
2950,0,0.5051538461538461,933,1000,3,3,2150.0,0,0,2,0,1,4.896019697189331,1.7588167190551758,1.5757806301116943,1.0886831283569336,0.030355453491210938,0.011782646179199219
2951,0,0.5051538461538461,933,1000,2,2,2551.0,0,0,0,0,0,4.897540330886841,1.7601416110992432,1.5757815837860107,1.0886831283569336,0.03038334846496582,0.011788368225097656
2952,0,0.5051538461538461,934,1000,2,2,2352.0,0,0,2,0,1,4.899789094924927,1.7609541416168213,1.5767059326171875,1.0890858173370361,0.030390501022338867,0.011792182922363281
2953,0,0.5051538461538461,934,1000,3,3,1753.0,0,1,2,0,2,4.901773691177368,1.7617549896240234,1.5773365497589111,1.0894813537597656,0.030403614044189453,0.011795282363891602
2954,0,0.5051538461538461,933,1000,3,3,2354.0,0,0,1,0,2,4.9032371044158936,1.762263536453247,1.5779263973236084,1.0897436141967773,0.0304110050201416,0.011796712875366211
2955,0,0.5051538461538461,933,1000,2,2,1955.0,0,0,2,0,2,4.9065539836883545,1.7627534866333008,1.5785748958587646,1.0917809009552002,0.030417680740356445,0.011797904968261719
2956,0,0.5051538461538461,933,1000,1,1,2956.0,0,0,0,1,1,4.907330274581909,1.7632029056549072,1.578876256942749,1.0917809009552002,0.030417680740356445,0.01179957389831543
2957,0,0.5051538461538461,933,1000,2,2,2357.0,0,1,1,0,2,4.9088475704193115,1.7636549472808838,1.5794963836669922,1.0920958518981934,0.030425071716308594,0.011800765991210938
2958,0,0.5051538461538461,933,1000,2,2,1758.0,0,0,2,0,2,4.910448312759399,1.7641451358795166,1.5801551342010498,1.0924506187438965,0.030432462692260742,0.011802196502685547
2959,0,0.5051538461538461,933,1000,3,3,2425.6666666666665,0,0,2,0,2,4.913933038711548,1.7649550437927246,1.5815870761871338,1.093172550201416,0.030463457107543945,0.011803627014160156
2960,0,0.5051538461538461,932,1000,2,2,2426.6666666666665,0,0,1,0,2,4.915952682495117,1.765880823135376,1.5822508335113525,1.0934655666351318,0.03048539161682129,0.011810064315795898
2961,0,0.5051538461538461,932,1000,3,3,2361.0,0,0,1,0,1,4.91761040687561,1.7664716243743896,1.5829463005065918,1.0937368869781494,0.03049755096435547,0.011812448501586914
2962,0,0.5051538461538461,933,1000,2,2,2362.0,0,0,2,0,1,4.919553518295288,1.7672879695892334,1.5835645198822021,1.0941033363342285,0.030511856079101562,0.011815547943115234
2963,0,0.5051538461538461,933,1000,1,1,2963.0,0,0,0,1,1,4.920377969741821,1.7677710056304932,1.5838744640350342,1.0941033363342285,0.030511856079101562,0.011817455291748047
2964,0,0.5051538461538461,933,1000,1,1,2164.0,0,0,0,0,0,4.920887231826782,1.7681794166564941,1.5838747024536133,1.0941033363342285,0.0305178165435791,0.011819124221801758
2965,0,0.5051538461538461,934,1000,2,2,1365.0,0,0,2,0,1,4.922724485397339,1.768738031387329,1.5846645832061768,1.0944592952728271,0.030527591705322266,0.011820077896118164
2966,0,0.5051538461538461,934,1000,1,1,2566.0,0,0,2,0,2,4.924313545227051,1.769338846206665,1.5852479934692383,1.0947775840759277,0.030534744262695312,0.011821985244750977
2967,0,0.5051538461538461,935,1000,1,1,1767.0,0,0,2,0,1,4.925839424133301,1.769798755645752,1.585843801498413,1.0951488018035889,0.030539751052856445,0.011823654174804688
2968,0,0.5051538461538461,935,1000,2,2,1368.0,0,1,2,0,2,4.927533388137817,1.7702879905700684,1.5865871906280518,1.095484972000122,0.030547380447387695,0.011825084686279297
2969,0,0.5051538461538461,936,1000,2,2,1969.0,0,1,2,0,1,4.9320433139801025,1.7709720134735107,1.5875070095062256,1.0981662273406982,0.030564308166503906,0.011828422546386719
2970,0,0.5051538461538461,936,1000,1,1,2170.0,0,0,2,0,2,4.9343297481536865,1.771914005279541,1.5883185863494873,1.0985379219055176,0.03058147430419922,0.011833906173706055
2971,0,0.5051538461538461,937,1000,1,1,2171.0,0,0,1,0,0,4.936090469360352,1.7727937698364258,1.5888731479644775,1.0987603664398193,0.03059220314025879,0.011837959289550781
2972,0,0.5051538461538461,937,1000,3,3,2172.0,0,0,0,0,0,4.936723709106445,1.7733197212219238,1.5888733863830566,1.0987603664398193,0.030599355697631836,0.01185297966003418
2973,0,0.5051538461538461,936,1000,2,2,2573.0,0,0,1,0,2,4.9381818771362305,1.773775339126587,1.5895063877105713,1.099045991897583,0.030608415603637695,0.011854171752929688
2974,0,0.5051538461538461,935,1000,1,1,2574.0,0,0,1,0,2,4.939656734466553,1.7742531299591064,1.59012770652771,1.0993402004241943,0.030613422393798828,0.011855602264404297
2975,0,0.5051538461538461,934,1000,3,3,2375.0,0,0,1,0,2,4.942755937576294,1.7747321128845215,1.5907440185546875,1.1012518405914307,0.030620336532592773,0.011856794357299805
2976,0,0.5051538461538461,934,1000,1,1,1776.0,0,0,2,0,2,4.94462513923645,1.7753572463989258,1.591482400894165,1.101649284362793,0.030632734298706055,0.011858463287353516
2977,0,0.5051538461538461,934,1000,3,3,2443.6666666666665,0,1,1,0,2,4.9469616413116455,1.7758851051330566,1.5927579402923584,1.1020300388336182,0.03064131736755371,0.011861085891723633
2978,0,0.5051538461538461,934,1000,1,1,2178.0,0,0,2,0,2,4.949495792388916,1.776925802230835,1.593665361404419,1.1024503707885742,0.030661582946777344,0.011867761611938477
2979,0,0.5051538461538461,935,1000,2,2,2379.0,0,0,2,0,1,4.951491355895996,1.7777469158172607,1.5942986011505127,1.102830410003662,0.03067946434020996,0.011871337890625
2980,0,0.5051538461538461,935,1000,2,2,1380.0,0,0,2,0,2,4.954848766326904,1.7782857418060303,1.594939947128296,1.1048834323883057,0.03068852424621582,0.011874198913574219
2981,0,0.5051538461538461,935,1000,1,1,2181.0,0,0,2,0,2,4.9563281536102295,1.7787139415740967,1.5955207347869873,1.1052510738372803,0.030694246292114258,0.01187586784362793
2982,0,0.5051538461538461,935,1000,2,1,2182.0,0,0,2,0,2,4.957785606384277,1.7791516780853271,1.596097707748413,1.105604887008667,0.030699491500854492,0.011877298355102539
2983,0,0.5051538461538461,935,1000,3,3,2183.0,0,0,2,0,2,4.959944009780884,1.779989242553711,1.5969133377075195,1.1059865951538086,0.03071737289428711,0.011878728866577148
2984,0,0.5051538461538461,935,1000,2,2,2584.0,0,0,2,0,2,4.961638689041138,1.7805731296539307,1.5975377559661865,1.1063745021820068,0.030725955963134766,0.011882543563842773
2985,0,0.5051538461538461,935,1000,1,1,185.0,0,0,2,0,2,4.964007139205933,1.781076192855835,1.5988976955413818,1.1067605018615723,0.030733823776245117,0.011883974075317383
2986,0,0.5051538461538461,935,1000,1,1,2986.0,0,0,0,1,1,4.965524435043335,1.7821681499481201,1.5992660522460938,1.1067605018615723,0.030733823776245117,0.01189279556274414
2987,0,0.5051538461538461,935,1000,2,2,1787.0,0,0,2,0,2,4.967399597167969,1.7827024459838867,1.5999996662139893,1.1071608066558838,0.03075242042541504,0.011894464492797852
2988,0,0.5051538461538461,934,1000,2,2,1521.3333333333333,0,0,1,0,2,4.969183921813965,1.7835466861724854,1.6005966663360596,1.107381820678711,0.03076958656311035,0.011898279190063477
2989,0,0.5051538461538461,935,1000,2,2,1389.0,0,0,1,0,0,4.9705188274383545,1.7839877605438232,1.601191759109497,1.1075656414031982,0.0307769775390625,0.011899709701538086
2990,0,0.5051538461538461,935,1000,1,1,190.0,0,0,2,0,2,4.9720728397369385,1.7845160961151123,1.6017694473266602,1.1079261302947998,0.030782222747802734,0.011901140213012695
2991,0,0.5051538461538461,935,1000,2,2,1791.0,0,0,2,0,2,4.973769187927246,1.785003900527954,1.6025588512420654,1.108236312866211,0.030788660049438477,0.011902570724487305
2992,0,0.5051538461538461,935,1000,1,1,1792.0,0,0,2,0,2,4.975812911987305,1.7857534885406494,1.603308916091919,1.1086485385894775,0.030806779861450195,0.011906862258911133
2993,0,0.5051538461538461,935,1000,2,2,2593.0,0,0,2,0,2,4.977402210235596,1.7862281799316406,1.6039471626281738,1.1089909076690674,0.030814409255981445,0.011908769607543945
2994,0,0.5051538461538461,936,1000,2,2,1794.0,0,0,2,0,1,4.979030132293701,1.7867560386657715,1.6045405864715576,1.1093404293060303,0.030821561813354492,0.011910200119018555
2995,0,0.5051538461538461,936,1000,3,3,1928.3333333333333,0,0,2,0,2,4.983807802200317,1.7878859043121338,1.6055517196655273,1.111691951751709,0.03085160255432129,0.011913299560546875
2996,0,0.5051538461538461,936,1000,1,1,2596.0,0,0,2,0,2,4.985954284667969,1.7888195514678955,1.6062169075012207,1.1120944023132324,0.030866622924804688,0.011918783187866211
2997,0,0.5051538461538461,935,1000,2,2,2330.3333333333335,0,0,1,0,2,4.987497091293335,1.7893831729888916,1.6068553924560547,1.112339735031128,0.030874013900756836,0.011920928955078125
2998,0,0.5051538461538461,935,1000,1,1,2998.0,0,0,0,1,1,4.988310813903809,1.7898647785186768,1.6071581840515137,1.112339735031128,0.030874013900756836,0.011922359466552734
2999,0,0.5051538461538461,934,1000,1,1,1399.0,0,0,1,0,2,4.9903950691223145,1.7906410694122314,1.6080920696258545,1.1125991344451904,0.030888795852661133,0.011923551559448242
3000,0,0.5051538461538461,935,1000,2,2,2400.0,0,0,2,0,1,4.992908000946045,1.7915468215942383,1.6090235710144043,1.1130397319793701,0.030963659286499023,0.01193380355834961
3001,0,0.5051538461538461,935,1000,2,2,2401.0,0,0,2,0,2,4.994969129562378,1.7924368381500244,1.6096625328063965,1.1134371757507324,0.030979633331298828,0.011938333511352539
3002,0,0.5051538461538461,935,1000,2,2,2402.0,0,0,2,0,2,4.998077869415283,1.7930994033813477,1.611140489578247,1.1141793727874756,0.031009674072265625,0.011940240859985352
3003,0,0.5051538461538461,935,1000,1,1,2603.0,0,0,1,0,1,5.000256538391113,1.7941386699676514,1.6117956638336182,1.1145191192626953,0.03102707862854004,0.011945724487304688
3004,0,0.5051538461538461,935,1000,1,1,2604.0,0,0,0,0,0,5.000969171524048,1.7947454452514648,1.6117959022521973,1.1145191192626953,0.031035900115966797,0.011947870254516602
3005,0,0.5051538461538461,935,1000,2,2,2405.0,0,1,2,0,2,5.002758979797363,1.7952067852020264,1.6125714778900146,1.1149206161499023,0.031043052673339844,0.011949539184570312
3006,0,0.5051538461538461,935,1000,1,1,2606.0,0,0,1,0,1,5.004412651062012,1.7957050800323486,1.6132628917694092,1.115243673324585,0.03104877471923828,0.011951208114624023
3007,0,0.5051538461538461,935,1000,1,1,2607.0,0,0,2,0,2,5.006170988082886,1.7962942123413086,1.6139171123504639,1.1156487464904785,0.03105902671813965,0.011954069137573242
3008,0,0.5051538461538461,934,1000,1,1,608.0,0,0,1,0,2,5.00759220123291,1.7967877388000488,1.6145596504211426,1.1158459186553955,0.031064271926879883,0.011955738067626953
3009,0,0.5051538461538461,934,1000,1,1,2209.0,0,0,2,0,2,5.009185314178467,1.7972996234893799,1.6151444911956787,1.1161906719207764,0.031071186065673828,0.011957168579101562
3010,0,0.5051538461538461,934,1000,1,1,2610.0,0,0,2,0,2,5.010735750198364,1.7978081703186035,1.6157350540161133,1.1165571212768555,0.031076431274414062,0.011958599090576172
3011,0,0.5051538461538461,934,1000,1,1,3011.0,0,0,0,1,1,5.011484384536743,1.7982196807861328,1.6160454750061035,1.1165571212768555,0.031076431274414062,0.011960268020629883
3012,0,0.5051538461538461,934,1000,1,1,2212.0,0,0,2,0,2,5.013442754745483,1.7986459732055664,1.6170661449432373,1.1169681549072266,0.031081676483154297,0.01196146011352539
3013,0,0.5051538461538461,934,1000,1,1,1813.0,0,0,2,0,2,5.015864849090576,1.7996954917907715,1.617896318435669,1.1173689365386963,0.03109884262084961,0.011967182159423828
3014,0,0.5051538461538461,934,1000,4,4,2214.0,0,0,2,0,2,5.017773389816284,1.8003051280975342,1.618669033050537,1.1177191734313965,0.031114578247070312,0.011970281600952148
3015,0,0.5051538461538461,934,1000,2,2,1215.0,0,0,2,0,2,5.020122766494751,1.8012440204620361,1.6195013523101807,1.1181161403656006,0.03113579750061035,0.011973857879638672
3016,0,0.5051538461538461,934,1000,2,1,3016.0,0,0,0,1,1,5.021258115768433,1.8020386695861816,1.6197991371154785,1.1181161403656006,0.03113579750061035,0.011977672576904297
3017,0,0.5051538461538461,933,1000,3,3,2517.0,0,0,1,0,2,5.0227813720703125,1.80257248878479,1.620408535003662,1.1183984279632568,0.031147241592407227,0.011979103088378906
3018,0,0.5051538461538461,933,1000,2,2,2418.0,0,1,2,0,2,5.024250268936157,1.8030059337615967,1.6210236549377441,1.1187107563018799,0.031154155731201172,0.011980295181274414
3019,0,0.5051538461538461,933,1000,1,1,2219.0,0,0,2,0,2,5.02577805519104,1.803468942642212,1.6216304302215576,1.1190733909606934,0.03116297721862793,0.011981964111328125
3020,0,0.5051538461538461,933,1000,2,2,2420.0,0,0,2,0,2,5.0272417068481445,1.8038668632507324,1.6222398281097412,1.1194329261779785,0.031169652938842773,0.011983394622802734
3021,0,0.5051538461538461,933,1000,1,1,1821.0,0,0,2,0,2,5.033115863800049,1.8043279647827148,1.6231179237365723,1.11983060836792,0.031174659729003906,0.011984825134277344
3022,0,0.5051538461538461,933,1000,3,3,2488.6666666666665,0,0,0,0,0,5.034618854522705,1.8056347370147705,1.6231191158294678,1.11983060836792,0.031204938888549805,0.01198887825012207
3023,0,0.5051538461538461,933,1000,2,2,2623.0,0,0,0,0,0,5.035910367965698,1.806795597076416,1.623119831085205,1.11983060836792,0.031218528747558594,0.011994361877441406
3024,0,0.5051538461538461,935,1000,1,1,1824.0,0,0,2,0,0,5.037930488586426,1.807401180267334,1.6240105628967285,1.1202387809753418,0.03122544288635254,0.011997222900390625
3025,0,0.5051538461538461,934,1000,1,1,2625.0,0,0,1,0,2,5.04026460647583,1.8084213733673096,1.6248574256896973,1.1205389499664307,0.031241178512573242,0.012001752853393555
3026,0,0.5051538461538461,934,1000,2,2,1826.0,0,0,2,0,2,5.042462348937988,1.8093106746673584,1.6256756782531738,1.1209073066711426,0.031260013580322266,0.012005329132080078
3027,0,0.5051538461538461,933,1000,1,1,2627.0,0,0,1,0,2,5.044796466827393,1.8103015422821045,1.6265642642974854,1.1212151050567627,0.03127646446228027,0.012008905410766602
3028,0,0.5051538461538461,933,1000,3,3,1428.0,0,1,2,0,2,5.047720670700073,1.8113012313842773,1.6276524066925049,1.1218206882476807,0.03129982948303223,0.012018203735351562
3029,0,0.5051538461538461,933,1000,1,1,2229.0,0,0,2,0,2,5.05051326751709,1.8125486373901367,1.6285533905029297,1.1222951412200928,0.03132438659667969,0.012025594711303711
3030,0,0.5051538461538461,933,1000,1,1,3030.0,0,0,0,1,1,5.051823616027832,1.8134832382202148,1.6288790702819824,1.1222951412200928,0.03132438659667969,0.012029647827148438
3031,0,0.5051538461538461,932,1000,2,2,1964.3333333333333,0,0,1,0,2,5.053263425827026,1.813974142074585,1.6294841766357422,1.1225225925445557,0.03133869171142578,0.012031078338623047
3032,0,0.5051538461538461,933,1000,3,3,2498.6666666666665,0,0,2,0,1,5.05469012260437,1.814394235610962,1.6300699710845947,1.1228621006011963,0.03134560585021973,0.012032747268676758
3033,0,0.5051538461538461,933,1000,1,1,2633.0,0,0,1,0,1,5.056126832962036,1.814880132675171,1.630661964416504,1.1231322288513184,0.03135061264038086,0.012034416198730469
3034,0,0.5051538461538461,934,1000,2,2,1834.0,0,0,2,0,1,5.057642459869385,1.815359354019165,1.6312625408172607,1.1234655380249023,0.031357765197753906,0.012035846710205078
3035,0,0.5051538461538461,934,1000,3,3,2155.0,0,0,1,0,1,5.058945417404175,1.8157742023468018,1.6318259239196777,1.1237149238586426,0.03136467933654785,0.012037038803100586
3036,0,0.5051538461538461,934,1000,1,1,1436.0,0,0,2,0,2,5.060880899429321,1.8161816596984863,1.632857084274292,1.1241178512573242,0.03136944770812988,0.012038707733154297
3037,0,0.5051538461538461,934,1000,2,2,2637.0,0,0,1,0,2,5.063648223876953,1.8170223236083984,1.634157419204712,1.124537706375122,0.03138923645019531,0.01204371452331543
3038,0,0.5051538461538461,934,1000,3,3,2238.0,0,0,0,0,0,5.064959287643433,1.8181769847869873,1.6341581344604492,1.124537706375122,0.03141140937805176,0.012050628662109375
3039,0,0.5051538461538461,936,1000,4,4,2039.0,0,0,2,0,0,5.066784620285034,1.8186874389648438,1.6349895000457764,1.1249370574951172,0.031418800354003906,0.012052059173583984
3040,0,0.5051538461538461,936,1000,2,2,1840.0,0,0,2,0,2,5.068634033203125,1.8192925453186035,1.6357274055480957,1.1253118515014648,0.031435251235961914,0.012054443359375
3041,0,0.5051538461538461,937,1000,1,1,1841.0,0,0,1,0,0,5.070091009140015,1.8198621273040771,1.6363167762756348,1.1255145072937012,0.031442880630493164,0.01205754280090332
3042,0,0.5051538461538461,937,1000,1,1,2642.0,0,0,2,0,2,5.071606397628784,1.8203461170196533,1.6369142532348633,1.125859260559082,0.031447649002075195,0.012059450149536133
3043,0,0.5051538461538461,937,1000,2,2,2243.0,0,0,0,0,0,5.072160243988037,1.820775032043457,1.6369147300720215,1.125859260559082,0.031455039978027344,0.012061119079589844
3044,0,0.5051538461538461,938,1000,2,2,2244.0,0,0,2,0,1,5.077053070068359,1.8212196826934814,1.6375110149383545,1.1295750141143799,0.031461238861083984,0.012062311172485352
3045,0,0.5051538461538461,938,1000,2,2,1845.0,0,0,2,0,2,5.0785369873046875,1.8216698169708252,1.6380887031555176,1.1299340724945068,0.03146815299987793,0.012063980102539062
3046,0,0.5051538461538461,938,1000,2,2,2446.0,0,0,2,0,2,5.081536769866943,1.8223621845245361,1.6392109394073486,1.1307799816131592,0.031499624252319336,0.01206517219543457
3047,0,0.5051538461538461,938,1000,3,3,1980.3333333333333,0,0,2,0,2,5.083850622177124,1.8234198093414307,1.6398873329162598,1.131197452545166,0.03151965141296387,0.012070894241333008
3048,0,0.5051538461538461,938,1000,1,1,2648.0,0,0,1,0,1,5.0857093334198,1.8240745067596436,1.6406474113464355,1.1314880847930908,0.03153657913208008,0.012076854705810547
3049,0,0.5051538461538461,938,1000,2,2,2249.0,0,0,0,0,0,5.086453914642334,1.8247156143188477,1.6406478881835938,1.1314880847930908,0.03154730796813965,0.01208043098449707
3050,0,0.5051538461538461,937,1000,1,1,650.0,0,0,1,0,2,5.089622974395752,1.825268268585205,1.6412427425384521,1.1334011554718018,0.03155255317687988,0.012081623077392578
3051,0,0.5051538461538461,937,1000,1,1,3051.0,0,0,0,1,1,5.090423107147217,1.8257420063018799,1.6415367126464844,1.1334011554718018,0.03155255317687988,0.012083053588867188
3052,0,0.5051538461538461,937,1000,1,1,3052.0,0,0,0,1,1,5.091188430786133,1.8261961936950684,1.6418240070343018,1.1334011554718018,0.03155255317687988,0.012084484100341797
3053,0,0.5051538461538461,936,1000,2,2,2253.0,0,0,1,0,2,5.0926513671875,1.8266797065734863,1.6424272060394287,1.1336746215820312,0.03156137466430664,0.012085676193237305
3054,0,0.5051538461538461,936,1000,1,1,2654.0,0,0,1,0,1,5.094466209411621,1.8271539211273193,1.643423080444336,1.1339340209960938,0.03156685829162598,0.012087106704711914
3055,0,0.5051538461538461,936,1000,2,2,2255.0,0,0,1,0,1,5.096978187561035,1.8280327320098877,1.6445510387420654,1.1342723369598389,0.031604766845703125,0.012094497680664062
3056,0,0.5051538461538461,936,1000,1,1,2656.0,0,0,2,0,2,5.099795818328857,1.829185962677002,1.6455821990966797,1.134758472442627,0.03162240982055664,0.012100934982299805
3057,0,0.5051538461538461,936,1000,2,2,2657.0,0,0,2,0,2,5.102051496505737,1.830228567123413,1.646275281906128,1.135110855102539,0.03164172172546387,0.01210474967956543
3058,0,0.5051538461538461,936,1000,3,2,2458.0,0,0,1,0,2,5.103646516799927,1.8307418823242188,1.6468582153320312,1.1354594230651855,0.03164935111999512,0.01210784912109375
3059,0,0.5051538461538461,935,1000,2,2,2392.3333333333335,0,0,1,0,2,5.105008363723755,1.8312172889709473,1.647458553314209,1.1356685161590576,0.03165578842163086,0.012109518051147461
3060,0,0.5051538461538461,935,1000,1,1,2660.0,0,0,2,0,2,5.106515884399414,1.8316681385040283,1.648073434829712,1.1360280513763428,0.03166031837463379,0.01211094856262207
3061,0,0.5051538461538461,935,1000,1,1,2661.0,0,0,2,0,2,5.107975721359253,1.832087755203247,1.6486570835113525,1.1363987922668457,0.03166508674621582,0.01211237907409668
3062,0,0.5051538461538461,935,1000,2,2,2662.0,0,0,2,0,2,5.109622478485107,1.8325371742248535,1.649324655532837,1.1367669105529785,0.03167152404785156,0.012113809585571289
3063,0,0.5051538461538461,935,1000,1,1,2663.0,0,0,2,0,2,5.111491441726685,1.8332710266113281,1.6499881744384766,1.137129306793213,0.03168439865112305,0.01211690902709961
3064,0,0.5051538461538461,935,1000,1,1,2664.0,0,0,2,0,2,5.113792419433594,1.8339178562164307,1.6511282920837402,1.1375393867492676,0.0316929817199707,0.01211857795715332
3065,0,0.5051538461538461,935,1000,3,3,2531.6666666666665,0,0,1,0,2,5.116290807723999,1.834998369216919,1.65195631980896,1.137923240661621,0.03171539306640625,0.012125015258789062
3066,0,0.5051538461538461,935,1000,3,3,2399.3333333333335,0,0,1,0,2,5.118503093719482,1.8358511924743652,1.6527397632598877,1.1382989883422852,0.03173565864562988,0.012126922607421875
3067,0,0.5051538461538461,935,1000,3,3,2533.6666666666665,0,0,2,0,2,5.120286464691162,1.8365838527679443,1.653327465057373,1.1386587619781494,0.03174471855163574,0.012130498886108398
3068,0,0.5051538461538461,934,1000,1,1,1468.0,0,0,1,0,2,5.12166428565979,1.83705472946167,1.6539349555969238,1.138861894607544,0.031749725341796875,0.012131690979003906
3069,0,0.5051538461538461,934,1000,1,1,3069.0,0,0,0,1,1,5.122445344924927,1.837507963180542,1.6542372703552246,1.138861894607544,0.031749725341796875,0.012133121490478516
3070,0,0.5051538461538461,933,1000,1,1,2270.0,0,0,1,0,2,5.123713254928589,1.8379395008087158,1.6548070907592773,1.1390628814697266,0.03175497055053711,0.012134552001953125
3071,0,0.5051538461538461,932,1000,1,1,1071.0,0,0,1,0,2,5.1254212856292725,1.8384931087493896,1.6555960178375244,1.1392982006072998,0.031766653060913086,0.012135982513427734
3072,0,0.5051538461538461,932,1000,1,1,1472.0,0,0,2,0,2,5.127153396606445,1.839139699935913,1.6562204360961914,1.1396565437316895,0.03177356719970703,0.012139320373535156
3073,0,0.5051538461538461,933,1000,1,1,2673.0,0,0,2,0,1,5.12867283821106,1.839538812637329,1.6569199562072754,1.1400022506713867,0.031778812408447266,0.012140989303588867
3074,0,0.5051538461538461,934,1000,2,2,2274.0,0,0,2,0,1,5.133082151412964,1.8401179313659668,1.6578798294067383,1.1426751613616943,0.03180074691772461,0.012142658233642578
3075,0,0.5051538461538461,934,1000,3,3,1875.0,0,1,2,0,2,5.135391712188721,1.8410837650299072,1.6586346626281738,1.14304780960083,0.031823158264160156,0.012148380279541016
3076,0,0.5051538461538461,935,1000,2,2,2076.0,0,0,1,0,1,5.136994123458862,1.8416242599487305,1.6592230796813965,1.1433913707733154,0.03183150291442871,0.012151241302490234
3077,0,0.5051538461538461,935,1000,3,3,2410.3333333333335,0,0,2,0,2,5.138437986373901,1.8420655727386475,1.6597998142242432,1.1437273025512695,0.03183770179748535,0.012152671813964844
3078,0,0.5051538461538461,935,1000,2,2,1478.0,0,0,2,0,2,5.140023469924927,1.8425078392028809,1.6604833602905273,1.1440887451171875,0.031844139099121094,0.012154340744018555
3079,0,0.5051538461538461,935,1000,3,3,2545.6666666666665,0,0,0,0,0,5.1406919956207275,1.843076229095459,1.6604835987091064,1.1440887451171875,0.031853437423706055,0.01215672492980957
3080,0,0.5051538461538461,935,1000,1,1,2680.0,0,0,1,0,1,5.143893241882324,1.8435990810394287,1.661073923110962,1.146069049835205,0.03185892105102539,0.012157917022705078
3081,0,0.5051538461538461,934,1000,1,1,2681.0,0,0,1,0,2,5.145362615585327,1.8440728187561035,1.661712646484375,1.1463344097137451,0.031864166259765625,0.012159347534179688
3082,0,0.5051538461538461,935,1000,2,2,2282.0,0,0,2,0,1,5.148245096206665,1.8451461791992188,1.662667989730835,1.1469330787658691,0.03189277648925781,0.0121612548828125
3083,0,0.5051538461538461,935,1000,2,2,1683.0,0,0,2,0,2,5.150407552719116,1.8460097312927246,1.6634242534637451,1.147329330444336,0.031909942626953125,0.012165546417236328
3084,0,0.5051538461538461,936,1000,1,1,3084.0,0,0,0,1,0,5.151494979858398,1.8467674255371094,1.6637144088745117,1.147329330444336,0.031909942626953125,0.01216888427734375
3085,0,0.5051538461538461,936,1000,1,1,2685.0,0,0,2,0,2,5.153014183044434,1.8472576141357422,1.6643049716949463,1.147648811340332,0.0319211483001709,0.01217031478881836
3086,0,0.5051538461538461,935,1000,2,2,1086.0,0,0,1,0,2,5.1543800830841064,1.8477306365966797,1.6649119853973389,1.1478471755981445,0.031928300857543945,0.012171745300292969
3087,0,0.5051538461538461,934,1000,2,2,2153.6666666666665,0,0,1,0,2,5.156156539916992,1.8482141494750977,1.6658384799957275,1.1481096744537354,0.03193497657775879,0.012173175811767578
3088,0,0.5051538461538461,934,1000,1,1,1088.0,0,0,2,0,2,5.158743619918823,1.8491864204406738,1.666839838027954,1.1485655307769775,0.03195476531982422,0.01217961311340332
3089,0,0.5051538461538461,934,1000,1,1,2689.0,0,0,2,0,2,5.161584377288818,1.8501904010772705,1.6681013107299805,1.148977279663086,0.03197193145751953,0.012184619903564453
3090,0,0.5051538461538461,935,1000,3,3,2556.6666666666665,0,0,2,0,1,5.166313886642456,1.8523600101470947,1.6695244312286377,1.149752140045166,0.032006025314331055,0.012191057205200195
3091,0,0.5051538461538461,935,1000,2,2,2291.0,0,0,2,0,2,5.171139478683472,1.8538076877593994,1.6719284057617188,1.1504125595092773,0.03205156326293945,0.012198209762573242
3092,0,0.5051538461538461,934,1000,2,2,2292.0,0,0,1,0,2,5.174752712249756,1.85540771484375,1.673210620880127,1.1509027481079102,0.032088279724121094,0.012205362319946289
3093,0,0.5051538461538461,934,1000,2,1,2693.0,0,0,2,0,2,5.178066730499268,1.8568506240844727,1.6743085384368896,1.1514427661895752,0.03211259841918945,0.012216567993164062
3094,0,0.5051538461538461,934,1000,2,2,2694.0,0,0,2,0,2,5.180997133255005,1.8578081130981445,1.675468921661377,1.1520533561706543,0.03213930130004883,0.012220144271850586
3095,0,0.5051538461538461,934,1000,2,2,2561.6666666666665,0,0,1,0,1,5.18332576751709,1.8589513301849365,1.6761300563812256,1.152411699295044,0.03216075897216797,0.012226581573486328
3096,0,0.5051538461538461,934,1000,2,2,2429.3333333333335,0,0,2,0,2,5.18718147277832,1.859511137008667,1.6770424842834473,1.1545991897583008,0.032172203063964844,0.012228965759277344
3097,0,0.5051538461538461,934,1000,2,2,1897.0,0,0,2,0,2,5.189183950424194,1.8603935241699219,1.6776680946350098,1.1549642086029053,0.03219032287597656,0.012233972549438477
3098,0,0.5051538461538461,934,1000,2,2,2564.6666666666665,0,0,1,0,1,5.190688371658325,1.8609588146209717,1.6782944202423096,1.155203104019165,0.032196760177612305,0.012235641479492188
3099,0,0.5051538461538461,934,1000,2,2,2699.0,0,1,1,0,2,5.192221403121948,1.861388921737671,1.6789262294769287,1.1555397510528564,0.032202959060668945,0.012237310409545898
3100,0,0.5051538461538461,933,1000,4,4,1580.0,0,0,1,0,2,5.1935999393463135,1.8618781566619873,1.6795258522033691,1.1557321548461914,0.0322108268737793,0.012238502502441406
3101,0,0.5051538461538461,933,1000,1,1,3101.0,0,0,0,1,1,5.194336175918579,1.8623073101043701,1.6798031330108643,1.1557321548461914,0.0322108268737793,0.012239694595336914
3102,0,0.5051538461538461,933,1000,1,1,302.0,0,0,1,0,1,5.195662498474121,1.8627221584320068,1.6804320812225342,1.1559271812438965,0.03221631050109863,0.012241125106811523
3103,0,0.5051538461538461,933,1000,1,1,3103.0,0,0,0,1,1,5.1975319385528564,1.8636138439178467,1.6813287734985352,1.1559271812438965,0.03221631050109863,0.012243509292602539
3104,0,0.5051538461538461,933,1000,2,2,2104.0,0,0,0,0,0,5.198862552642822,1.864790678024292,1.6813294887542725,1.1559271812438965,0.03223824501037598,0.012250661849975586
3105,0,0.5051538461538461,933,1000,1,1,3105.0,0,0,0,1,1,5.199944972991943,1.8652563095092773,1.6819119453430176,1.1559271812438965,0.03223824501037598,0.012252569198608398
3106,0,0.5051538461538461,934,1000,1,1,2706.0,0,0,2,0,1,5.201884031295776,1.8658804893493652,1.6826491355895996,1.1563677787780762,0.03225302696228027,0.012255191802978516
3107,0,0.5051538461538461,933,1000,1,1,2307.0,0,0,1,0,2,5.203503608703613,1.8665525913238525,1.6832513809204102,1.156606912612915,0.032265424728393555,0.012258768081665039
3108,0,0.5051538461538461,933,1000,1,1,2708.0,0,0,1,0,1,5.204896688461304,1.8669962882995605,1.683838129043579,1.1568844318389893,0.03227043151855469,0.01226043701171875
3109,0,0.5051538461538461,933,1000,1,1,1909.0,0,0,2,0,2,5.206374645233154,1.8674280643463135,1.6844470500946045,1.1572306156158447,0.03227543830871582,0.01226186752319336
3110,0,0.5051538461538461,934,1000,1,1,3110.0,0,0,0,1,0,5.207192420959473,1.8679192066192627,1.6847412586212158,1.1572306156158447,0.03227543830871582,0.012263298034667969
3111,0,0.5051538461538461,934,1000,2,2,2444.3333333333335,0,0,1,0,1,5.208643913269043,1.8684396743774414,1.685342788696289,1.1574625968933105,0.03228306770324707,0.012264728546142578
3112,0,0.5051538461538461,934,1000,2,2,2312.0,0,0,1,0,2,5.2101428508758545,1.8688416481018066,1.6859593391418457,1.1578056812286377,0.032289743423461914,0.012266397476196289
3113,0,0.5051538461538461,934,1000,3,3,2579.6666666666665,0,0,1,0,2,5.211671829223633,1.869248867034912,1.6865732669830322,1.1581802368164062,0.032296180725097656,0.01227259635925293
3114,0,0.5051538461538461,935,1000,1,1,2714.0,0,0,2,0,1,5.213913202285767,1.869757890701294,1.687821865081787,1.158559799194336,0.032302141189575195,0.012273788452148438
3115,0,0.5051538461538461,935,1000,2,2,2115.0,0,0,1,0,2,5.21629524230957,1.8707859516143799,1.6885454654693604,1.1589829921722412,0.03232169151306152,0.012280702590942383
3116,0,0.5051538461538461,935,1000,1,1,3116.0,0,0,0,1,1,5.217851400375366,1.871729850769043,1.6890928745269775,1.1589829921722412,0.03232169151306152,0.012283563613891602
3117,0,0.5051538461538461,935,1000,1,1,2717.0,0,0,2,0,2,5.219553709030151,1.8723692893981934,1.6896874904632568,1.1593377590179443,0.032340049743652344,0.012288093566894531
3118,0,0.5051538461538461,935,1000,2,1,3118.0,0,0,0,1,1,5.220372200012207,1.8728432655334473,1.6899988651275635,1.1593377590179443,0.032340049743652344,0.012290000915527344
3119,0,0.5051538461538461,936,1000,2,2,1819.0,0,0,2,0,1,5.22186803817749,1.873288869857788,1.6905853748321533,1.159712314605713,0.0323481559753418,0.012291431427001953
3120,0,0.5051538461538461,936,1000,2,2,1920.0,0,0,2,0,2,5.223395347595215,1.8737678527832031,1.6911561489105225,1.1600422859191895,0.03235459327697754,0.012292861938476562
3121,0,0.5051538461538461,937,1000,2,2,2321.0,0,0,1,0,1,5.224833250045776,1.8742022514343262,1.6917250156402588,1.1603562831878662,0.032361507415771484,0.01229405403137207
3122,0,0.5051538461538461,936,1000,1,1,2322.0,0,0,1,0,2,5.2262372970581055,1.8746552467346191,1.6923632621765137,1.160585880279541,0.03236675262451172,0.012295246124267578
3123,0,0.5051538461538461,937,1000,2,2,2123.0,0,0,2,0,1,5.229776859283447,1.875063419342041,1.693220853805542,1.1626865863800049,0.032373666763305664,0.012296915054321289
3124,0,0.5051538461538461,937,1000,2,2,2324.0,0,0,2,0,2,5.232696056365967,1.8763422966003418,1.6942119598388672,1.1631388664245605,0.03240060806274414,0.01230764389038086
3125,0,0.5051538461538461,937,1000,1,1,2725.0,0,0,0,0,0,5.2338972091674805,1.8773746490478516,1.6942131519317627,1.1631388664245605,0.032418251037597656,0.012313127517700195
3126,0,0.5051538461538461,936,1000,1,1,2726.0,0,0,1,0,2,5.23589015007019,1.8780837059020996,1.6950829029083252,1.1634585857391357,0.032425642013549805,0.012319326400756836
3127,0,0.5051538461538461,937,1000,3,3,2460.3333333333335,0,0,2,0,1,5.2392237186431885,1.8785605430603027,1.6957151889801025,1.165520191192627,0.03243446350097656,0.012321710586547852
3128,0,0.5051538461538461,937,1000,3,3,1528.0,0,0,2,0,2,5.240833282470703,1.8790473937988281,1.696335792541504,1.1658718585968018,0.03244209289550781,0.012323379516601562
3129,0,0.5051538461538461,936,1000,1,1,2729.0,0,0,1,0,2,5.242245197296143,1.8794963359832764,1.6969542503356934,1.1661326885223389,0.032447099685668945,0.012324810028076172
3130,0,0.5051538461538461,936,1000,1,1,1930.0,0,0,2,0,2,5.2437639236450195,1.8799920082092285,1.6975641250610352,1.1664581298828125,0.03245210647583008,0.012326478958129883
3131,0,0.5051538461538461,936,1000,3,3,2331.0,0,0,2,0,2,5.245403051376343,1.8804430961608887,1.6982498168945312,1.166818380355835,0.032459259033203125,0.012327909469604492
3132,0,0.5051538461538461,936,1000,1,1,3132.0,0,0,0,1,1,5.247206449508667,1.881103754043579,1.6993255615234375,1.166818380355835,0.032459259033203125,0.012329339981079102
3133,0,0.5051538461538461,937,1000,2,2,2733.0,0,0,2,0,1,5.250036001205444,1.8822779655456543,1.7004024982452393,1.1672086715698242,0.03248310089111328,0.012337446212768555
3134,0,0.5051538461538461,937,1000,2,2,2334.0,0,0,1,0,2,5.252084016799927,1.8831524848937988,1.7010514736175537,1.1675703525543213,0.0325014591217041,0.012341737747192383
3135,0,0.5051538461538461,938,1000,1,1,1935.0,0,0,2,0,1,5.253622531890869,1.8836851119995117,1.7016355991363525,1.1679041385650635,0.03250765800476074,0.012343883514404297
3136,0,0.5051538461538461,938,1000,1,1,2336.0,0,0,2,0,2,5.255094051361084,1.8840982913970947,1.702244520187378,1.1682689189910889,0.03251242637634277,0.012345314025878906
3137,0,0.5051538461538461,938,1000,2,2,2337.0,0,0,1,0,1,5.256524324417114,1.88460111618042,1.7028014659881592,1.1685428619384766,0.03251957893371582,0.012346744537353516
3138,0,0.5051538461538461,938,1000,2,2,2738.0,0,0,2,0,2,5.258039474487305,1.8850672245025635,1.7034103870391846,1.168893814086914,0.03252601623535156,0.012348175048828125
3139,0,0.5051538461538461,939,1000,3,3,2472.3333333333335,0,0,2,0,1,5.259768009185791,1.8854937553405762,1.7042715549468994,1.1692264080047607,0.0325319766998291,0.012349367141723633
3140,0,0.5051538461538461,939,1000,2,2,2540.0,0,0,2,0,2,5.263930797576904,1.8865511417388916,1.706571102142334,1.1697850227355957,0.0325617790222168,0.012354135513305664
3141,0,0.5051538461538461,939,1000,2,2,2474.3333333333335,0,1,2,0,2,5.266448974609375,1.8876464366912842,1.7073419094085693,1.170198917388916,0.03258323669433594,0.012361764907836914
3142,0,0.5051538461538461,939,1000,3,3,2075.3333333333335,0,1,2,0,2,5.2686614990234375,1.888516902923584,1.7080943584442139,1.1706018447875977,0.03260350227355957,0.012364625930786133
3143,0,0.5051538461538461,939,1000,2,2,2343.0,0,0,2,0,2,5.27038836479187,1.889173984527588,1.7087132930755615,1.1709280014038086,0.03261303901672363,0.012367486953735352
3144,0,0.5051538461538461,939,1000,2,2,2544.0,0,0,2,0,2,5.271886110305786,1.8896548748016357,1.7092928886413574,1.171281337738037,0.03261995315551758,0.012369394302368164
3145,0,0.5051538461538461,938,1000,1,1,2745.0,0,0,1,0,2,5.273319959640503,1.8901174068450928,1.7099182605743408,1.1715266704559326,0.03262591361999512,0.012371063232421875
3146,0,0.5051538461538461,937,1000,2,2,2746.0,0,0,1,0,2,5.274818181991577,1.890596866607666,1.7105398178100586,1.1718165874481201,0.032633066177368164,0.012372255325317383
3147,0,0.5051538461538461,936,1000,1,1,2747.0,0,0,1,0,2,5.276255130767822,1.89101243019104,1.7111916542053223,1.1720871925354004,0.0326387882232666,0.012373924255371094
3148,0,0.5051538461538461,936,1000,2,2,2148.0,0,0,2,0,2,5.27805757522583,1.891451120376587,1.712007761001587,1.1725356578826904,0.03264617919921875,0.012375593185424805
3149,0,0.5051538461538461,936,1000,1,1,3149.0,0,0,0,1,1,5.280283689498901,1.8925318717956543,1.7130753993988037,1.1725356578826904,0.03264617919921875,0.012379646301269531
3150,0,0.5051538461538461,938,1000,3,2,2550.0,0,0,2,0,0,5.284830331802368,1.893585205078125,1.7139410972595215,1.1749544143676758,0.0326690673828125,0.012385845184326172
3151,0,0.5051538461538461,939,1000,1,1,3151.0,0,0,0,1,0,5.285930871963501,1.894340991973877,1.7142345905303955,1.1749544143676758,0.0326690673828125,0.012390375137329102
3152,0,0.5051538461538461,939,1000,2,2,2485.3333333333335,0,0,2,0,2,5.28753662109375,1.8948099613189697,1.7148709297180176,1.1753175258636475,0.03269815444946289,0.012392044067382812
3153,0,0.5051538461538461,939,1000,1,1,1953.0,0,0,2,0,2,5.289112567901611,1.8953185081481934,1.7155025005340576,1.1756622791290283,0.032703399658203125,0.012393474578857422
3154,0,0.5051538461538461,939,1000,1,1,2354.0,0,0,2,0,2,5.29063081741333,1.8957912921905518,1.7161080837249756,1.1760210990905762,0.03270912170410156,0.01239466667175293
3155,0,0.5051538461538461,939,1000,1,1,1955.0,0,0,2,0,2,5.292221307754517,1.8962602615356445,1.716782808303833,1.176379919052124,0.0327146053314209,0.01239633560180664
3156,0,0.5051538461538461,938,1000,2,2,2622.6666666666665,0,0,1,0,2,5.294459819793701,1.8974132537841797,1.717458724975586,1.1766574382781982,0.032729387283325195,0.012399673461914062
3157,0,0.5051538461538461,938,1000,1,1,2757.0,0,0,2,0,2,5.296529293060303,1.8978724479675293,1.7186405658721924,1.176985263824463,0.03273582458496094,0.012402534484863281
3158,0,0.5051538461538461,938,1000,2,2,2558.0,0,0,2,0,2,5.299329042434692,1.8990521430969238,1.7196412086486816,1.177419662475586,0.03276634216308594,0.012409210205078125
3159,0,0.5051538461538461,938,1000,1,1,3159.0,0,0,0,1,1,5.301285266876221,1.900115728378296,1.7204704284667969,1.177419662475586,0.03276634216308594,0.012413978576660156
3160,0,0.5051538461538461,938,1000,1,1,1960.0,0,0,2,0,2,5.30366849899292,1.9012207984924316,1.7211499214172363,1.1778500080108643,0.032785654067993164,0.012421369552612305
3161,0,0.5051538461538461,938,1000,3,3,1827.6666666666667,0,0,2,0,2,5.305301904678345,1.901745080947876,1.7217357158660889,1.178220272064209,0.03279447555541992,0.012423515319824219
3162,0,0.5051538461538461,938,1000,1,1,1962.0,0,0,2,0,2,5.3067967891693115,1.9021763801574707,1.722334384918213,1.1785898208618164,0.032799482345581055,0.01242518424987793
3163,0,0.5051538461538461,939,1000,1,1,2763.0,0,0,2,0,1,5.308376789093018,1.9026603698730469,1.7229971885681152,1.178917646408081,0.03280496597290039,0.012426376342773438
3164,0,0.5051538461538461,940,1000,1,1,3164.0,0,0,0,1,0,5.309372186660767,1.9033169746398926,1.723296880722046,1.178917646408081,0.03280496597290039,0.012430191040039062
3165,0,0.5051538461538461,939,1000,1,1,2765.0,0,0,1,0,2,5.310853481292725,1.903801679611206,1.7239069938659668,1.1791715621948242,0.03281807899475098,0.012431621551513672
3166,0,0.5051538461538461,939,1000,1,1,1166.0,0,0,2,0,2,5.312488079071045,1.9042904376983643,1.7246012687683105,1.1795284748077393,0.032824039459228516,0.012433290481567383
3167,0,0.5051538461538461,939,1000,1,1,1567.0,0,0,2,0,2,5.315719366073608,1.9057769775390625,1.7255620956420898,1.1801044940948486,0.0328519344329834,0.01243901252746582
3168,0,0.5051538461538461,939,1000,2,1,1968.0,0,0,2,0,2,5.317964792251587,1.9066438674926758,1.7264060974121094,1.180457592010498,0.03287029266357422,0.012443304061889648
3169,0,0.5051538461538461,939,1000,1,1,2369.0,0,0,2,0,2,5.319880962371826,1.9073238372802734,1.7271711826324463,1.1808133125305176,0.03287959098815918,0.01244664192199707
3170,0,0.5051538461538461,940,1000,1,1,2770.0,0,0,2,0,1,5.321765422821045,1.9080727100372314,1.727799892425537,1.1811988353729248,0.03288841247558594,0.012450218200683594
3171,0,0.5051538461538461,940,1000,2,2,2371.0,0,0,1,0,1,5.323338747024536,1.9085679054260254,1.7284917831420898,1.1814768314361572,0.032896995544433594,0.012452363967895508
3172,0,0.5051538461538461,940,1000,3,3,1972.0,0,0,2,0,2,5.325213432312012,1.9092721939086914,1.7291224002838135,1.18184494972229,0.03291058540344238,0.012458086013793945
3173,0,0.5051538461538461,941,1000,1,1,2773.0,0,0,2,0,1,5.326651334762573,1.909731149673462,1.7297234535217285,1.1821496486663818,0.03291606903076172,0.012459754943847656
3174,0,0.5051538461538461,941,1000,1,1,2374.0,0,0,2,0,2,5.328166723251343,1.9102153778076172,1.7303268909454346,1.1825008392333984,0.03292107582092285,0.012460947036743164
3175,0,0.5051538461538461,941,1000,2,2,2575.0,0,0,2,0,2,5.330660343170166,1.9107131958007812,1.7316720485687256,1.1830031871795654,0.032928466796875,0.012462615966796875
3176,0,0.5051538461538461,941,1000,2,1,3176.0,0,0,0,1,1,5.3321380615234375,1.9117846488952637,1.732011079788208,1.1830031871795654,0.032928466796875,0.01246953010559082
3177,0,0.5051538461538461,942,1000,2,2,2777.0,0,0,2,0,1,5.333867788314819,1.9122657775878906,1.732753038406372,1.1833701133728027,0.03294706344604492,0.012472391128540039
3178,0,0.5051538461538461,942,1000,2,2,2378.0,0,1,2,0,2,5.335675954818726,1.912926435470581,1.733381986618042,1.1837167739868164,0.03296804428100586,0.012475252151489258
3179,0,0.5051538461538461,942,1000,1,1,2779.0,0,0,2,0,2,5.337256193161011,1.9134411811828613,1.7339956760406494,1.1840713024139404,0.032973527908325195,0.012476921081542969
3180,0,0.5051538461538461,942,1000,1,1,380.0,0,0,0,0,0,5.337896347045898,1.913991928100586,1.7339961528778076,1.1840713024139404,0.032979726791381836,0.012479066848754883
3181,0,0.5051538461538461,942,1000,2,1,3181.0,0,0,0,1,1,5.339253664016724,1.9146528244018555,1.734635829925537,1.1840713024139404,0.032979726791381836,0.012480497360229492
3182,0,0.5051538461538461,942,1000,1,1,2782.0,0,0,2,0,2,5.341738224029541,1.9156394004821777,1.7355034351348877,1.1845426559448242,0.03300118446350098,0.012485980987548828
3183,0,0.5051538461538461,942,1000,2,2,2583.0,0,0,2,0,2,5.34350848197937,1.9163293838500977,1.7360939979553223,1.1848783493041992,0.03301286697387695,0.012489557266235352
3184,0,0.5051538461538461,941,1000,2,2,2250.6666666666665,0,0,1,0,2,5.3448779582977295,1.9167747497558594,1.7367045879364014,1.1851015090942383,0.0330197811126709,0.012491464614868164
3185,0,0.5051538461538461,940,1000,2,2,2518.3333333333335,0,0,1,0,2,5.347184658050537,1.917198896408081,1.738102674484253,1.1854629516601562,0.033026695251464844,0.012493133544921875
3186,0,0.5051538461538461,939,1000,1,1,786.0,0,0,1,0,2,5.349329710006714,1.918278694152832,1.7387890815734863,1.185683012008667,0.03304910659790039,0.012500524520874023
3187,0,0.5051538461538461,939,1000,1,1,2387.0,0,0,2,0,2,5.3512961864471436,1.9190335273742676,1.7394983768463135,1.1860570907592773,0.03306174278259277,0.012503623962402344
3188,0,0.5051538461538461,939,1000,1,1,2788.0,0,0,1,0,1,5.352730989456177,1.9195520877838135,1.740077257156372,1.1863033771514893,0.03306937217712402,0.012506484985351562
3189,0,0.5051538461538461,940,1000,2,2,2789.0,0,0,2,0,1,5.354302644729614,1.9200401306152344,1.740743637084961,1.1866340637207031,0.03307795524597168,0.012508153915405273
3190,0,0.5051538461538461,940,1000,1,1,1590.0,0,0,2,0,2,5.356187105178833,1.920727252960205,1.7414169311523438,1.1870267391204834,0.033090829849243164,0.012511730194091797
3191,0,0.5051538461538461,940,1000,3,3,2657.6666666666665,0,1,2,0,2,5.357762575149536,1.9211680889129639,1.7420203685760498,1.1873817443847656,0.03309917449951172,0.01251363754272461
3192,0,0.5051538461538461,939,1000,1,1,2792.0,0,0,1,0,2,5.359202861785889,1.9216499328613281,1.742645025253296,1.1876294612884521,0.03310441970825195,0.012515068054199219
3193,0,0.5051538461538461,939,1000,2,1,2793.0,0,0,2,0,2,5.360694885253906,1.9221105575561523,1.7432634830474854,1.1879355907440186,0.03310966491699219,0.01251673698425293
3194,0,0.5051538461538461,939,1000,1,1,3194.0,0,0,0,1,1,5.361440658569336,1.9225327968597412,1.743556022644043,1.1879355907440186,0.03310966491699219,0.01251840591430664
3195,0,0.5051538461538461,940,1000,2,2,2395.0,0,0,2,0,1,5.363675832748413,1.9229974746704102,1.7448580265045166,1.1883118152618408,0.033117055892944336,0.01251983642578125
3196,0,0.5051538461538461,939,1000,2,2,2662.6666666666665,0,0,1,0,2,5.366081237792969,1.9241077899932861,1.7456517219543457,1.1886303424835205,0.03313946723937988,0.012527704238891602
3197,0,0.5051538461538461,938,1000,1,1,2797.0,0,0,1,0,2,5.3679399490356445,1.924773931503296,1.7464349269866943,1.1889238357543945,0.033150434494018555,0.01253056526184082
3198,0,0.5051538461538461,938,1000,1,1,2798.0,0,0,2,0,2,5.369739770889282,1.925490379333496,1.7470347881317139,1.1892900466918945,0.033161163330078125,0.012534856796264648
3199,0,0.5072051282051285,938,1000,3,3,2665.6666666666665,0,1,2,0,2,5.37204647064209,1.926210641860962,1.7477986812591553,1.1897058486938477,0.03318333625793457,0.012536287307739258
3200,0,0.5072051282051285,938,1000,1,1,2000.0,0,0,2,0,2,5.373757839202881,1.9268534183502197,1.7484207153320312,1.190047264099121,0.03318977355957031,0.012711524963378906
3201,0,0.5072051282051285,938,1000,2,1,2401.0,0,0,2,0,2,5.375335931777954,1.9273345470428467,1.749056100845337,1.1904125213623047,0.03319525718688965,0.012712955474853516
3202,0,0.5072051282051285,939,1000,2,2,2402.0,0,1,2,0,1,5.376960515975952,1.9278430938720703,1.7496654987335205,1.1907639503479004,0.033202409744262695,0.012714147567749023
3203,0,0.5072051282051285,938,1000,1,1,2803.0,0,0,1,0,2,5.378376245498657,1.9282968044281006,1.75026535987854,1.1910479068756104,0.03320717811584473,0.012715339660644531
3204,0,0.5072051282051285,938,1000,1,1,2804.0,0,0,2,0,2,5.382641315460205,1.928696870803833,1.7513608932495117,1.1937012672424316,0.03321194648742676,0.01271677017211914
3205,0,0.5072051282051285,938,1000,2,2,2605.0,0,0,2,0,2,5.3851354122161865,1.929778814315796,1.7521693706512451,1.194087266921997,0.03323483467102051,0.012727737426757812
3206,0,0.5072051282051285,938,1000,2,2,2806.0,0,1,1,0,2,5.387425661087036,1.9304533004760742,1.7531256675720215,1.194526195526123,0.03325319290161133,0.012731313705444336
3207,0,0.5072051282051285,937,1000,1,1,2007.0,0,0,1,0,2,5.390024423599243,1.9315121173858643,1.754173755645752,1.1948518753051758,0.03327441215515137,0.01273655891418457
3208,0,0.5072051282051285,936,1000,1,1,2808.0,0,0,1,0,2,5.391911745071411,1.932387113571167,1.7547900676727295,1.1951031684875488,0.033286333084106445,0.012741327285766602
3209,0,0.5072051282051285,936,1000,1,1,2809.0,0,0,2,0,2,5.39519476890564,1.9328739643096924,1.7554161548614502,1.1971619129180908,0.03329205513000488,0.01274418830871582
3210,0,0.5072051282051285,936,1000,1,1,1610.0,0,0,2,0,2,5.398054599761963,1.9336962699890137,1.7564411163330078,1.1979918479919434,0.033313751220703125,0.012745857238769531
3211,0,0.5072051282051285,936,1000,2,2,2811.0,0,0,2,0,2,5.40024209022522,1.9347074031829834,1.7570934295654297,1.1983695030212402,0.03333473205566406,0.012751340866088867
3212,0,0.5072051282051285,936,1000,1,1,3212.0,0,0,0,1,1,5.401606798171997,1.9355928897857666,1.7575123310089111,1.1983695030212402,0.03333473205566406,0.01275491714477539
3213,0,0.5072051282051285,936,1000,2,2,1413.0,0,0,2,0,2,5.403282880783081,1.9361894130706787,1.75809907913208,1.1987130641937256,0.03335404396057129,0.012758493423461914
3214,0,0.5072051282051285,936,1000,1,1,2814.0,0,0,2,0,2,5.404837131500244,1.9367048740386963,1.7586820125579834,1.1990668773651123,0.03335928916931152,0.012759923934936523
3215,0,0.5072051282051285,936,1000,1,1,2415.0,0,0,2,0,2,5.4063720703125,1.9371705055236816,1.7593014240264893,1.199418544769287,0.033364057540893555,0.012761116027832031
3216,0,0.5072051282051285,936,1000,1,1,2016.0,0,0,2,0,2,5.407860279083252,1.9376258850097656,1.7599186897277832,1.1997566223144531,0.03336930274963379,0.01276254653930664
3217,0,0.5072051282051285,937,1000,2,2,2417.0,0,0,2,0,1,5.40931510925293,1.9380481243133545,1.7605359554290771,1.2000906467437744,0.03337669372558594,0.01276397705078125
3218,0,0.5072051282051285,937,1000,1,1,3218.0,0,0,0,1,1,5.4101011753082275,1.9385006427764893,1.7608413696289062,1.2000906467437744,0.03337669372558594,0.012765169143676758
3219,0,0.5072051282051285,938,1000,2,2,2419.0,0,1,2,0,1,5.411622047424316,1.9389209747314453,1.7614493370056152,1.200413465499878,0.033384084701538086,0.012766361236572266
3220,0,0.5072051282051285,938,1000,1,1,2820.0,0,0,2,0,2,5.414112567901611,1.9393935203552246,1.7629241943359375,1.200869083404541,0.03338932991027832,0.012767791748046875
3221,0,0.5072051282051285,938,1000,2,2,2621.0,0,0,2,0,2,5.4171364307403564,1.9405467510223389,1.7640600204467773,1.2014131546020508,0.033417701721191406,0.012774467468261719
3222,0,0.5072051282051285,938,1000,3,3,2555.3333333333335,0,0,2,0,2,5.419916868209839,1.9418156147003174,1.7649316787719727,1.2018256187438965,0.033443450927734375,0.012782096862792969
3223,0,0.5072051282051285,938,1000,1,1,3223.0,0,0,0,1,1,5.421208381652832,1.942732334136963,1.7652556896209717,1.2018256187438965,0.033443450927734375,0.012787103652954102
3224,0,0.5072051282051285,937,1000,3,3,2424.0,0,0,1,0,2,5.422771215438843,1.943242073059082,1.7658939361572266,1.2021045684814453,0.03347158432006836,0.012789249420166016
3225,0,0.5072051282051285,937,1000,1,1,3225.0,0,0,0,1,1,5.423638582229614,1.9437570571899414,1.766211748123169,1.2021045684814453,0.03347158432006836,0.012790918350219727
3226,0,0.5072051282051285,938,1000,2,1,2426.0,0,0,2,0,1,5.425384044647217,1.9443154335021973,1.766864538192749,1.2024965286254883,0.033486366271972656,0.012792825698852539
3227,0,0.5072051282051285,938,1000,2,2,2427.0,0,0,2,0,2,5.427094221115112,1.944861650466919,1.7675397396087646,1.2028374671936035,0.033498525619506836,0.012794971466064453
3228,0,0.5072051282051285,938,1000,1,1,2828.0,0,0,2,0,2,5.428636789321899,1.9453980922698975,1.7681431770324707,1.2031588554382324,0.03350496292114258,0.012797117233276367
3229,0,0.5072051282051285,938,1000,1,1,2429.0,0,0,1,0,1,5.431240081787109,1.9462647438049316,1.7692089080810547,1.2036395072937012,0.033533334732055664,0.012798547744750977
3230,0,0.5072051282051285,938,1000,4,4,2530.0,0,0,2,0,2,5.433752536773682,1.947364091873169,1.7700567245483398,1.2040247917175293,0.03355836868286133,0.01280355453491211
3231,0,0.5072051282051285,937,1000,2,1,2831.0,0,0,1,0,2,5.435584783554077,1.94818115234375,1.770681619644165,1.2042832374572754,0.03357076644897461,0.012807846069335938
3232,0,0.5072051282051285,937,1000,2,2,1432.0,0,0,2,0,2,5.436968564987183,1.9486308097839355,1.771249532699585,1.2045769691467285,0.03357958793640137,0.01280975341796875
3233,0,0.5072051282051285,937,1000,1,1,2833.0,0,0,2,0,2,5.438498258590698,1.9491016864776611,1.7718777656555176,1.204923391342163,0.0335843563079834,0.01281118392944336
3234,0,0.5072051282051285,937,1000,2,2,1434.0,0,0,1,0,2,5.44010066986084,1.9495737552642822,1.7725510597229004,1.2052435874938965,0.03359174728393555,0.012812376022338867
3235,0,0.5072051282051285,937,1000,3,3,2701.6666666666665,0,0,2,0,2,5.443414211273193,1.9500925540924072,1.7731661796569824,1.2073137760162354,0.0335996150970459,0.012813806533813477
3236,0,0.5072051282051285,937,1000,1,1,2436.0,0,0,0,0,0,5.443990230560303,1.9505763053894043,1.7731666564941406,1.2073137760162354,0.033605098724365234,0.012815237045288086
3237,0,0.5072051282051285,937,1000,2,2,1937.0,0,0,1,0,1,5.445284605026245,1.95102858543396,1.7737736701965332,1.2074801921844482,0.03361153602600098,0.012816429138183594
3238,0,0.5072051282051285,939,1000,2,2,2638.0,0,0,2,0,0,5.447822093963623,1.951456069946289,1.7751305103302002,1.2080411911010742,0.03361821174621582,0.012817621231079102
3239,0,0.5072051282051285,938,1000,2,2,1772.3333333333333,0,0,1,0,2,5.450232028961182,1.9525866508483887,1.7759771347045898,1.2083101272583008,0.03364157676696777,0.01282501220703125
3240,0,0.5072051282051285,939,1000,3,3,2573.3333333333335,0,0,2,0,1,5.452182054519653,1.9533681869506836,1.7765765190124512,1.2086842060089111,0.03365588188171387,0.012828826904296875
3241,0,0.5072051282051285,939,1000,1,1,2841.0,0,0,1,0,1,5.4535605907440186,1.9538650512695312,1.7771406173706055,1.2089293003082275,0.033661603927612305,0.01283121109008789
3242,0,0.5072051282051285,940,1000,1,1,2842.0,0,0,2,0,1,5.455054998397827,1.9543004035949707,1.777757167816162,1.2092883586883545,0.033666372299194336,0.0128326416015625
3243,0,0.5072051282051285,941,1000,1,1,2843.0,0,0,2,0,1,5.459231853485107,1.954768180847168,1.7789201736450195,1.2116940021514893,0.03367161750793457,0.012834310531616211
3244,0,0.5072051282051285,942,1000,1,1,2444.0,0,0,2,0,1,5.461572885513306,1.9556999206542969,1.7797679901123047,1.2121150493621826,0.033689022064208984,0.012840509414672852
3245,0,0.5072051282051285,942,1000,2,2,2645.0,0,0,2,0,2,5.4647438526153564,1.9565610885620117,1.780907154083252,1.2130613327026367,0.03371286392211914,0.012843608856201172
3246,0,0.5072051282051285,942,1000,2,2,2446.0,0,0,0,0,0,5.466140270233154,1.9577841758728027,1.7809085845947266,1.2130613327026367,0.03374505043029785,0.012850522994995117
3247,0,0.5072051282051285,942,1000,1,1,2447.0,0,0,2,0,2,5.469207763671875,1.959160327911377,1.7819323539733887,1.2135703563690186,0.03376650810241699,0.01285552978515625
3248,0,0.5072051282051285,942,1000,1,1,2448.0,0,0,2,0,2,5.471152305603027,1.9600090980529785,1.782566785812378,1.2139408588409424,0.03377413749694824,0.012858867645263672
3249,0,0.5072051282051285,942,1000,1,1,2849.0,0,0,2,0,2,5.472613334655762,1.9604666233062744,1.783174753189087,1.214263677597046,0.03377938270568848,0.01286005973815918
3250,0,0.5072051282051285,941,1000,1,1,2450.0,0,0,1,0,2,5.4740495681762695,1.960970163345337,1.783799171447754,1.214477777481079,0.03378415107727051,0.012861490249633789
3251,0,0.5072051282051285,940,1000,1,1,1651.0,0,0,1,0,2,5.475381374359131,1.9614200592041016,1.7843892574310303,1.2146742343902588,0.03378915786743164,0.012862920761108398
3252,0,0.5072051282051285,940,1000,1,1,3252.0,0,0,0,1,1,5.476193428039551,1.9618806838989258,1.7847113609313965,1.2146742343902588,0.03378915786743164,0.012864351272583008
3253,0,0.5072051282051285,940,1000,1,1,2853.0,0,0,2,0,2,5.478250026702881,1.9623286724090576,1.7858867645263672,1.2150144577026367,0.03379464149475098,0.012865781784057617
3254,0,0.5072051282051285,940,1000,1,1,2854.0,0,0,2,0,2,5.4815685749053955,1.9638326168060303,1.7868690490722656,1.2156362533569336,0.033821821212768555,0.012870550155639648
3255,0,0.5072051282051285,939,1000,1,1,2855.0,0,0,1,0,2,5.48406457901001,1.9648962020874023,1.787837028503418,1.2159435749053955,0.03383994102478027,0.012875556945800781
3256,0,0.5072051282051285,939,1000,2,2,2256.0,0,1,1,0,2,5.485989332199097,1.9656825065612793,1.7884881496429443,1.21626877784729,0.03385758399963379,0.012879610061645508
3257,0,0.5072051282051285,939,1000,1,1,3257.0,0,0,0,1,1,5.486797571182251,1.9661784172058105,1.7887694835662842,1.21626877784729,0.03385758399963379,0.012881994247436523
3258,0,0.5072051282051285,939,1000,1,1,2858.0,0,0,2,0,2,5.488263845443726,1.966606855392456,1.789384365081787,1.2166075706481934,0.03386497497558594,0.01288294792175293
3259,0,0.5072051282051285,939,1000,1,1,2059.0,0,0,1,0,1,5.490289926528931,1.9676117897033691,1.7900333404541016,1.2168469429016113,0.03388094902038574,0.012884140014648438
3260,0,0.5072051282051285,939,1000,2,2,1260.0,0,0,1,0,2,5.49193000793457,1.9681158065795898,1.7906534671783447,1.2172174453735352,0.0338895320892334,0.012886762619018555
3261,0,0.5072051282051285,938,1000,1,1,2861.0,0,0,1,0,2,5.493556499481201,1.9685637950897217,1.7914371490478516,1.2175273895263672,0.03389453887939453,0.012888431549072266
3262,0,0.5072051282051285,938,1000,1,1,3262.0,0,0,0,1,1,5.494641542434692,1.9692933559417725,1.791745662689209,1.2175273895263672,0.03389453887939453,0.012892007827758789
3263,0,0.5072051282051285,938,1000,1,1,2863.0,0,0,2,0,2,5.497217178344727,1.9697742462158203,1.793306589126587,1.217956781387329,0.033905982971191406,0.0128936767578125
3264,0,0.5072051282051285,938,1000,2,2,2664.0,0,0,2,0,2,5.499642848968506,1.9709112644195557,1.7940316200256348,1.2183539867401123,0.03392982482910156,0.012899398803710938
3265,0,0.5072051282051285,938,1000,1,1,2865.0,0,0,2,0,2,5.50166916847229,1.971766710281372,1.7946643829345703,1.218736171722412,0.03394174575805664,0.012903213500976562
3266,0,0.5072051282051285,939,1000,1,1,2066.0,0,0,2,0,1,5.5031960010528564,1.9722588062286377,1.7952516078948975,1.2190701961517334,0.03394818305969238,0.012906074523925781
3267,0,0.5072051282051285,940,1000,1,1,3267.0,0,0,0,1,0,5.504011392593384,1.9727575778961182,1.7955358028411865,1.2190701961517334,0.03394818305969238,0.012907743453979492
3268,0,0.5072051282051285,940,1000,1,1,2868.0,0,0,2,0,2,5.505460977554321,1.9732098579406738,1.79612135887146,1.2193872928619385,0.03395342826843262,0.012909173965454102
3269,0,0.5072051282051285,940,1000,3,3,2735.6666666666665,0,0,2,0,2,5.5070130825042725,1.9736955165863037,1.7967455387115479,1.2197306156158447,0.033960580825805664,0.012910604476928711
3270,0,0.5072051282051285,939,1000,2,2,2870.0,0,0,1,0,2,5.508873701095581,1.9741065502166748,1.7977557182312012,1.2200753688812256,0.03396725654602051,0.012911796569824219
3271,0,0.5072051282051285,940,1000,2,2,2271.0,0,0,2,0,1,5.511337518692017,1.9750323295593262,1.7986524105072021,1.2204842567443848,0.03399085998535156,0.012917518615722656
3272,0,0.5072051282051285,939,1000,1,1,2872.0,0,0,1,0,2,5.514304161071777,1.9761574268341064,1.7997095584869385,1.2210819721221924,0.03401637077331543,0.012922048568725586
3273,0,0.5072051282051285,940,1000,1,1,3273.0,0,0,0,1,0,5.516028881072998,1.9773032665252686,1.8002221584320068,1.2210819721221924,0.03401637077331543,0.01292729377746582
3274,0,0.5072051282051285,940,1000,2,2,2474.0,0,0,2,0,2,5.5180983543396,1.9781403541564941,1.8008801937103271,1.2214605808258057,0.03403496742248535,0.012931108474731445
3275,0,0.5072051282051285,940,1000,2,2,2675.0,0,0,2,0,2,5.519753932952881,1.9786701202392578,1.8015446662902832,1.2217841148376465,0.0340423583984375,0.01293325424194336
3276,0,0.5072051282051285,939,1000,3,3,2476.0,0,0,1,0,2,5.521165609359741,1.9791347980499268,1.8021788597106934,1.2220261096954346,0.03404998779296875,0.012934684753417969
3277,0,0.5072051282051285,940,1000,3,3,1977.0,0,1,1,0,1,5.522917032241821,1.9796433448791504,1.8029088973999023,1.2223784923553467,0.0340571403503418,0.012936115264892578
3278,0,0.5072051282051285,940,1000,1,1,2878.0,0,0,2,0,2,5.525524377822876,1.9806499481201172,1.8038368225097656,1.2228777408599854,0.03408098220825195,0.012940168380737305
3279,0,0.5072051282051285,940,1000,2,2,2279.0,0,0,1,0,2,5.527340412139893,1.981391429901123,1.804457187652588,1.2231903076171875,0.034094810485839844,0.012944459915161133
3280,0,0.5072051282051285,939,1000,1,1,2480.0,0,0,1,0,2,5.5290398597717285,1.9820842742919922,1.805147647857666,1.2234158515930176,0.03410172462463379,0.012946128845214844
3281,0,0.5072051282051285,939,1000,1,1,3281.0,0,0,0,1,1,5.531134128570557,1.983177661895752,1.8060646057128906,1.2234158515930176,0.03410172462463379,0.012949943542480469
3282,0,0.5072051282051285,938,1000,1,1,882.0,0,0,1,0,2,5.533389329910278,1.9841887950897217,1.806915044784546,1.2236480712890625,0.03412175178527832,0.01295614242553711
3283,0,0.5072051282051285,938,1000,1,1,3283.0,0,0,0,1,1,5.534406423568726,1.9848277568817139,1.807241439819336,1.2236480712890625,0.03412175178527832,0.012972593307495117
3284,0,0.5072051282051285,939,1000,2,2,2684.0,0,0,2,0,1,5.536286115646362,1.9855058193206787,1.8079783916473389,1.2239923477172852,0.03414106369018555,0.012974977493286133
3285,0,0.5072051282051285,939,1000,3,3,2351.6666666666665,0,1,1,0,2,5.537924766540527,1.9859983921051025,1.808579683303833,1.224358081817627,0.03415346145629883,0.012977838516235352
3286,0,0.5072051282051285,939,1000,2,2,2686.0,0,0,2,0,2,5.539971351623535,1.9864702224731445,1.8093180656433105,1.2251098155975342,0.034160614013671875,0.012979507446289062
3287,0,0.5072051282051285,938,1000,2,2,2487.0,0,0,1,0,2,5.541718244552612,1.9871740341186523,1.8099579811096191,1.225386381149292,0.03417563438415527,0.012982368469238281
3288,0,0.5072051282051285,939,1000,1,1,2888.0,0,0,2,0,1,5.543442964553833,1.987818717956543,1.8105683326721191,1.2257375717163086,0.03418445587158203,0.012984752655029297
3289,0,0.5072051282051285,939,1000,1,1,2889.0,0,0,0,0,0,5.544002056121826,1.9882762432098389,1.8105685710906982,1.2257375717163086,0.034189701080322266,0.012986183166503906
3290,0,0.5072051282051285,939,1000,3,3,2490.0,0,0,2,0,2,5.545589447021484,1.9887309074401855,1.8112046718597412,1.2260870933532715,0.034197092056274414,0.012987136840820312
3291,0,0.5072051282051285,939,1000,2,2,2691.0,0,0,2,0,2,5.551817417144775,1.9896528720855713,1.8121752738952637,1.23012113571167,0.03423166275024414,0.012989521026611328
3292,0,0.5072051282051285,939,1000,2,2,2625.3333333333335,0,0,2,0,2,5.553932189941406,1.9906954765319824,1.8127987384796143,1.2304441928863525,0.034250497817993164,0.012995243072509766
3293,0,0.5072051282051285,939,1000,3,3,2626.3333333333335,0,0,2,0,2,5.555708885192871,1.991194486618042,1.8135428428649902,1.2308781147003174,0.034258365631103516,0.012997150421142578
3294,0,0.5072051282051285,940,1000,1,1,2894.0,0,0,2,0,1,5.5575103759765625,1.9919118881225586,1.8141446113586426,1.2312231063842773,0.03427243232727051,0.013001680374145508
3295,0,0.5072051282051285,940,1000,3,3,2495.0,0,0,1,0,2,5.559116840362549,1.9924132823944092,1.8147590160369873,1.2315728664398193,0.03428053855895996,0.01300358772277832
3296,0,0.5072051282051285,940,1000,1,1,2896.0,0,0,2,0,2,5.560637474060059,1.9928531646728516,1.8153982162475586,1.231921911239624,0.0342860221862793,0.01300501823425293
3297,0,0.5072051282051285,941,1000,3,3,2763.6666666666665,0,0,2,0,1,5.56207537651062,1.9932599067687988,1.816030502319336,1.2322428226470947,0.03429365158081055,0.013006448745727539
3298,0,0.5072051282051285,941,1000,3,3,2631.3333333333335,0,0,2,0,2,5.566506624221802,1.9939672946929932,1.8170340061187744,1.2346785068511963,0.03431892395019531,0.013007879257202148
3299,0,0.5072051282051285,941,1000,4,3,1965.6666666666667,0,1,0,0,2,5.568769931793213,1.9949235916137695,1.817809820175171,1.2350201606750488,0.03433966636657715,0.013015985488891602
3300,0,0.5072051282051285,940,1000,1,1,2900.0,0,0,1,0,2,5.570421934127808,1.995591402053833,1.8184123039245605,1.2352945804595947,0.03434634208679199,0.013019800186157227
3301,0,0.5072051282051285,939,1000,2,2,2501.0,0,0,1,0,2,5.572373390197754,1.996295690536499,1.8192138671875,1.2356045246124268,0.03436279296875,0.013021230697631836
3302,0,0.5072051282051285,939,1000,1,1,2102.0,0,0,2,0,2,5.574122667312622,1.996980905532837,1.8198256492614746,1.2359588146209717,0.03437018394470215,0.013024091720581055
3303,0,0.5072051282051285,939,1000,3,2,2769.6666666666665,0,0,1,0,1,5.575550317764282,1.9974772930145264,1.8204092979431152,1.2362210750579834,0.0343782901763916,0.013025522232055664
3304,0,0.5072051282051285,939,1000,1,1,3304.0,0,0,0,1,1,5.576406955718994,1.997974157333374,1.820737600326538,1.2362210750579834,0.0343782901763916,0.013026952743530273
3305,0,0.5072051282051285,939,1000,2,2,2638.3333333333335,0,0,2,0,2,5.577992677688599,1.9984235763549805,1.8213582038879395,1.236577033996582,0.034387826919555664,0.013028144836425781
3306,0,0.5072051282051285,938,1000,1,1,2906.0,0,0,1,0,2,5.579646348953247,1.9988939762115479,1.822150468826294,1.2368664741516113,0.03439927101135254,0.013029336929321289
3307,0,0.5072051282051285,938,1000,1,1,2907.0,0,0,2,0,2,5.582959413528442,2.000617027282715,1.8230772018432617,1.2373394966125488,0.0344233512878418,0.01303553581237793
3308,0,0.5072051282051285,939,1000,2,2,2908.0,0,0,2,0,1,5.585016965866089,2.0014383792877197,1.8238255977630615,1.2376909255981445,0.034441232681274414,0.013042449951171875
3309,0,0.5072051282051285,941,1000,1,1,909.0,0,0,2,0,0,5.58676815032959,2.0020599365234375,1.824474811553955,1.2380690574645996,0.03444838523864746,0.0130462646484375
3310,0,0.5072051282051285,942,1000,3,3,2510.0,0,0,1,0,1,5.588387966156006,2.0026376247406006,1.825075626373291,1.2383718490600586,0.03446173667907715,0.013049125671386719
3311,0,0.5072051282051285,942,1000,1,1,2511.0,0,0,1,0,1,5.589781999588013,2.00311541557312,1.8256802558898926,1.2385590076446533,0.034467220306396484,0.013065814971923828
3312,0,0.5072051282051285,942,1000,2,2,2645.3333333333335,0,1,2,0,2,5.591431617736816,2.003594398498535,1.8263516426086426,1.2388997077941895,0.03447413444519043,0.013067245483398438
3313,0,0.5072051282051285,942,1000,1,1,2913.0,0,0,2,0,2,5.5929601192474365,2.004084825515747,1.8269684314727783,1.2392337322235107,0.034479618072509766,0.013068675994873047
3314,0,0.5072051282051285,943,1000,3,3,1847.3333333333333,0,0,2,0,1,5.594401836395264,2.0045006275177,1.8275706768035889,1.2395782470703125,0.03448629379272461,0.013070106506347656
3315,0,0.5072051282051285,943,1000,2,2,2715.0,0,0,2,0,2,5.595949172973633,2.004988431930542,1.8282029628753662,1.2399163246154785,0.034493207931518555,0.013071537017822266
3316,0,0.5072051282051285,944,1000,2,2,2716.0,0,0,2,0,1,5.598687410354614,2.0061020851135254,1.8291468620300293,1.2403783798217773,0.03451848030090332,0.013075828552246094
3317,0,0.5072051282051285,944,1000,2,2,2317.0,0,0,2,0,2,5.600905656814575,2.0070552825927734,1.8298628330230713,1.2407279014587402,0.03453564643859863,0.013079643249511719
3318,0,0.5072051282051285,944,1000,1,1,2518.0,0,0,2,0,2,5.602620840072632,2.0076558589935303,1.830503225326538,1.2411093711853027,0.03454303741455078,0.013082504272460938
3319,0,0.5072051282051285,944,1000,3,3,2019.0,0,0,2,0,2,5.6043007373809814,2.0082147121429443,1.8311100006103516,1.2414462566375732,0.03455615043640137,0.013084888458251953
3320,0,0.5072051282051285,944,1000,1,1,2520.0,0,0,2,0,2,5.605806112289429,2.008692979812622,1.8317573070526123,1.241750955581665,0.0345613956451416,0.013086318969726562
3321,0,0.5072051282051285,944,1000,1,1,3321.0,0,0,0,1,1,5.6066367626190186,2.009185314178467,1.8320631980895996,1.241750955581665,0.0345613956451416,0.01308751106262207
3322,0,0.5072051282051285,943,1000,1,1,2922.0,0,0,1,0,2,5.607993125915527,2.0096025466918945,1.8326561450958252,1.2420055866241455,0.034568071365356445,0.013088703155517578
3323,0,0.5072051282051285,943,1000,1,1,2923.0,0,0,2,0,2,5.609426736831665,2.0099964141845703,1.8332855701446533,1.2423219680786133,0.03457283973693848,0.013090133666992188
3324,0,0.5072051282051285,942,1000,2,2,2924.0,0,0,1,0,2,5.6107823848724365,2.0104472637176514,1.8338603973388672,1.2425711154937744,0.03457975387573242,0.013091325759887695
3325,0,0.5072051282051285,941,1000,1,1,2925.0,0,0,1,0,2,5.6121320724487305,2.010891914367676,1.8344321250915527,1.2428207397460938,0.03458523750305176,0.013092517852783203
3326,0,0.5072051282051285,941,1000,1,1,3326.0,0,0,0,1,1,5.6135663986206055,2.0115106105804443,1.8351895809173584,1.2428207397460938,0.03458523750305176,0.013093709945678711
3327,0,0.5072051282051285,941,1000,2,2,2127.0,0,0,1,0,2,5.6160900592803955,2.012648105621338,1.8360345363616943,1.2431666851043701,0.0346071720123291,0.013100147247314453
3328,0,0.5072051282051285,941,1000,1,1,2928.0,0,0,2,0,2,5.618093252182007,2.013273000717163,1.836907148361206,1.2435564994812012,0.034616947174072266,0.013102531433105469
3329,0,0.5072051282051285,940,1000,1,1,2929.0,0,0,1,0,2,5.619932174682617,2.0141146183013916,1.8375053405761719,1.2438273429870605,0.03463125228881836,0.013106822967529297
3330,0,0.5072051282051285,940,1000,1,1,2930.0,0,0,2,0,2,5.621437311172485,2.0145370960235596,1.8381567001342773,1.2441532611846924,0.03463602066040039,0.013108491897583008
3331,0,0.5072051282051285,941,1000,1,1,2931.0,0,0,2,0,1,5.622905969619751,2.015016555786133,1.8387339115142822,1.2444729804992676,0.034641265869140625,0.013110160827636719
3332,0,0.5072051282051285,941,1000,2,2,2332.0,0,0,2,0,2,5.624383449554443,2.0155203342437744,1.8393030166625977,1.2447948455810547,0.03464841842651367,0.013111591339111328
3333,0,0.5072051282051285,941,1000,3,3,2399.6666666666665,0,0,2,0,2,5.625914096832275,2.0159573554992676,1.8399088382720947,1.2451331615447998,0.03465557098388672,0.013112783432006836
3334,0,0.5072051282051285,940,1000,1,1,2534.0,0,0,1,0,2,5.627267360687256,2.0164411067962646,1.8404746055603027,1.2453465461730957,0.03466057777404785,0.013113975524902344
3335,0,0.5072051282051285,940,1000,1,1,2935.0,0,0,2,0,2,5.628699779510498,2.016906499862671,1.8411033153533936,1.2456166744232178,0.034665822982788086,0.013115167617797852
3336,0,0.5072051282051285,940,1000,1,1,3336.0,0,0,0,1,1,5.629892826080322,2.017401695251465,1.8417468070983887,1.2456166744232178,0.034665822982788086,0.013116598129272461
3337,0,0.5072051282051285,940,1000,2,2,2337.0,0,0,2,0,2,5.632769823074341,2.018747091293335,1.842655897140503,1.2460172176361084,0.034691572189331055,0.013126134872436523
3338,0,0.5072051282051285,940,1000,3,3,2671.3333333333335,0,1,2,0,2,5.6353654861450195,2.019754409790039,1.8435776233673096,1.2464087009429932,0.03471684455871582,0.013130664825439453
3339,0,0.5072051282051285,940,1000,2,2,1739.0,0,0,2,0,2,5.639100074768066,2.0206711292266846,1.8442013263702393,1.248429536819458,0.03473305702209473,0.013134479522705078
3340,0,0.5072051282051285,940,1000,1,1,2540.0,0,0,0,0,0,5.639710187911987,2.0211853981018066,1.8442018032073975,1.248429536819458,0.03473925590515137,0.01313638687133789
3341,0,0.5072051282051285,941,1000,2,1,2541.0,0,0,2,0,1,5.641182899475098,2.021678924560547,1.8448009490966797,1.248730182647705,0.0347437858581543,0.013137578964233398
3342,0,0.5072051282051285,941,1000,1,1,2142.0,0,0,1,0,1,5.644249677658081,2.02213454246521,1.8453876972198486,1.2506523132324219,0.03474879264831543,0.013139009475708008
3343,0,0.5072051282051285,941,1000,1,1,3343.0,0,0,0,1,1,5.645079612731934,2.022615432739258,1.8457069396972656,1.2506523132324219,0.03474879264831543,0.013140678405761719
3344,0,0.5072051282051285,942,1000,2,2,2744.0,0,0,1,0,1,5.647502183914185,2.023113965988159,1.8469786643981934,1.2511022090911865,0.03476715087890625,0.013142108917236328
3345,0,0.5072051282051285,942,1000,2,2,2345.0,0,0,2,0,2,5.650084018707275,2.0241353511810303,1.8479201793670654,1.2515394687652588,0.03479313850402832,0.013147592544555664
3346,0,0.5072051282051285,942,1000,3,3,2546.0,0,0,1,0,2,5.6523871421813965,2.025050163269043,1.8487133979797363,1.2519421577453613,0.034811973571777344,0.013150930404663086
3347,0,0.5072051282051285,942,1000,3,3,2680.3333333333335,0,0,2,0,2,5.654154062271118,2.025674343109131,1.8493704795837402,1.2522921562194824,0.0348200798034668,0.013153791427612305
3348,0,0.5072051282051285,943,1000,2,2,2348.0,0,0,2,0,1,5.656250238418579,2.0265419483184814,1.8500986099243164,1.2526254653930664,0.03483772277832031,0.013157367706298828
3349,0,0.5072051282051285,943,1000,2,2,2349.0,0,0,2,0,2,5.657867908477783,2.027106761932373,1.850705623626709,1.2529346942901611,0.034845590591430664,0.013159751892089844
3350,0,0.5072051282051285,943,1000,2,2,2350.0,0,0,2,0,2,5.659423351287842,2.027587890625,1.8513550758361816,1.2532734870910645,0.03485250473022461,0.013161182403564453
3351,0,0.5072051282051285,943,1000,1,1,2551.0,0,0,2,0,2,5.660921573638916,2.0280895233154297,1.8519542217254639,1.253577709197998,0.03485727310180664,0.013162612915039062
3352,0,0.5072051282051285,942,1000,4,4,2712.0,0,0,1,0,2,5.662384748458862,2.028583526611328,1.8525688648223877,1.253833532333374,0.034865379333496094,0.01316380500793457
3353,0,0.5072051282051285,942,1000,1,1,2953.0,0,0,2,0,2,5.665403366088867,2.030017375946045,1.8535237312316895,1.2543058395385742,0.03488516807556152,0.013167619705200195
3354,0,0.5072051282051285,943,1000,1,1,1754.0,0,0,2,0,1,5.667273283004761,2.030820369720459,1.854142427444458,1.2546155452728271,0.034896135330200195,0.013171672821044922
3355,0,0.5072051282051285,943,1000,2,1,2155.0,0,0,2,0,2,5.669183969497681,2.0316426753997803,1.8547790050506592,1.2549443244934082,0.03490757942199707,0.013175725936889648
3356,0,0.5072051282051285,943,1000,1,1,2956.0,0,0,2,0,2,5.670719146728516,2.0321455001831055,1.8553965091705322,1.2552812099456787,0.03491330146789551,0.01317739486694336
3357,0,0.5072051282051285,943,1000,2,2,2357.0,0,0,2,0,2,5.672131061553955,2.03261137008667,1.8559610843658447,1.2555842399597168,0.034920692443847656,0.013178586959838867
3358,0,0.5072051282051285,943,1000,2,2,2424.6666666666665,0,0,1,0,1,5.673484802246094,2.03308367729187,1.8565552234649658,1.2557787895202637,0.0349273681640625,0.013179779052734375
3359,0,0.5072051282051285,943,1000,1,1,2959.0,0,0,2,0,2,5.674958229064941,2.033543586730957,1.8571534156799316,1.2561047077178955,0.034932613372802734,0.013180971145629883
3360,0,0.5072051282051285,944,1000,3,3,2560.0,0,0,2,0,1,5.676397323608398,2.033975601196289,1.8577570915222168,1.2563953399658203,0.03493952751159668,0.013182640075683594
3361,0,0.5072051282051285,944,1000,2,2,2761.0,0,0,2,0,2,5.677898406982422,2.0344173908233643,1.8583717346191406,1.2567191123962402,0.03494596481323242,0.013183832168579102
3362,0,0.5072051282051285,944,1000,2,2,2562.0,0,0,2,0,2,5.68078351020813,2.0348873138427734,1.8597910404205322,1.2574946880340576,0.034952640533447266,0.013185262680053711
3363,0,0.5072051282051285,943,1000,1,1,2963.0,0,0,1,0,2,5.682893753051758,2.0358669757843018,1.8604683876037598,1.2578065395355225,0.03497123718261719,0.01319122314453125
3364,0,0.5072051282051285,944,1000,1,1,3364.0,0,0,0,1,0,5.683930158615112,2.036457061767578,1.860870122909546,1.2578065395355225,0.03497123718261719,0.013193845748901367
3365,0,0.5072051282051285,945,1000,3,3,2831.6666666666665,0,0,2,0,1,5.685589551925659,2.03707218170166,1.8614652156829834,1.258143663406372,0.03498673439025879,0.013196945190429688
3366,0,0.5072051282051285,945,1000,2,2,2766.0,0,0,2,0,2,5.687159538269043,2.0375704765319824,1.8621478080749512,1.258451223373413,0.034993648529052734,0.013198137283325195
3367,0,0.5072051282051285,946,1000,2,2,2167.0,0,0,2,0,1,5.689226150512695,2.0384442806243896,1.86281418800354,1.2588403224945068,0.03501081466674805,0.013209104537963867
3368,0,0.5072051282051285,947,1000,3,3,2034.6666666666667,0,1,2,0,1,5.690882921218872,2.0390002727508545,1.8634445667266846,1.2591629028320312,0.0350184440612793,0.01321101188659668
3369,0,0.5072051282051285,947,1000,3,2,1969.0,0,1,1,0,2,5.69240665435791,2.0394668579101562,1.8640334606170654,1.2594759464263916,0.03502535820007324,0.01321268081665039
3370,0,0.5072051282051285,947,1000,3,3,2703.3333333333335,0,0,2,0,2,5.694086790084839,2.0399129390716553,1.8648722171783447,1.2597591876983643,0.03503155708312988,0.013214349746704102
3371,0,0.5072051282051285,946,1000,1,1,2171.0,0,0,1,0,2,5.696290731430054,2.0406765937805176,1.865950584411621,1.2599928379058838,0.03504633903503418,0.013217926025390625
3372,0,0.5072051282051285,946,1000,3,3,2172.0,0,1,2,0,2,5.699307203292847,2.041994094848633,1.8668675422668457,1.2605128288269043,0.03507208824157715,0.013227462768554688
3373,0,0.5072051282051285,946,1000,2,2,2573.0,0,0,2,0,2,5.701785087585449,2.042999029159546,1.8676247596740723,1.260878562927246,0.03509068489074707,0.013231992721557617
3374,0,0.5072051282051285,946,1000,2,2,2774.0,0,0,2,0,2,5.703438997268677,2.0435991287231445,1.868220567703247,1.2611970901489258,0.03509926795959473,0.01323556900024414
3375,0,0.5072051282051285,945,1000,2,2,2441.6666666666665,0,0,1,0,2,5.7048046588897705,2.0440914630889893,1.868804931640625,1.2614049911499023,0.03510546684265137,0.013237237930297852
3376,0,0.5072051282051285,944,1000,2,2,2176.0,0,0,1,0,2,5.706108808517456,2.0445616245269775,1.8693745136260986,1.2615861892700195,0.03511190414428711,0.013238668441772461
3377,0,0.5072051282051285,944,1000,1,1,2977.0,0,0,2,0,2,5.707536697387695,2.0449955463409424,1.86995530128479,1.2619142532348633,0.035117149353027344,0.013240337371826172
3378,0,0.5072051282051285,944,1000,1,1,3378.0,0,0,0,1,1,5.70833683013916,2.0454421043395996,1.8702800273895264,1.2619142532348633,0.035117149353027344,0.013242006301879883
3379,0,0.5072051282051285,944,1000,1,1,2979.0,0,0,2,0,2,5.710871458053589,2.046549081802368,1.871182918548584,1.2623016834259033,0.03513455390930176,0.01324319839477539
3380,0,0.5072051282051285,944,1000,1,1,180.0,0,0,2,0,2,5.71294093132019,2.0471839904785156,1.8721864223480225,1.2626099586486816,0.03514385223388672,0.013247013092041016
3381,0,0.5072051282051285,944,1000,1,1,2181.0,0,0,2,0,2,5.715633869171143,2.04832124710083,1.8730943202972412,1.2630584239959717,0.03516650199890137,0.013254404067993164
3382,0,0.5072051282051285,945,1000,1,1,2182.0,0,0,2,0,1,5.717472553253174,2.049022674560547,1.8737983703613281,1.2633740901947021,0.035176992416381836,0.013257741928100586
3383,0,0.5072051282051285,945,1000,2,2,2583.0,0,1,1,0,2,5.71936559677124,2.0498054027557373,1.8744585514068604,1.2636761665344238,0.03519248962402344,0.01326131820678711
3384,0,0.5072051282051285,945,1000,3,3,2850.6666666666665,0,0,2,0,2,5.720896244049072,2.050318956375122,1.8750598430633545,1.2639968395233154,0.035201311111450195,0.01326298713684082
3385,0,0.5072051282051285,945,1000,3,3,2285.0,0,0,1,0,1,5.722334384918213,2.050778865814209,1.875678300857544,1.2642490863800049,0.03521728515625,0.01326441764831543
3386,0,0.5072051282051285,944,1000,1,1,2986.0,0,0,1,0,2,5.7237818241119385,2.0512256622314453,1.8763504028320312,1.264500617980957,0.03522205352783203,0.013266324996948242
3387,0,0.5072051282051285,943,1000,1,1,2987.0,0,0,1,0,2,5.725600957870483,2.051802158355713,1.8771836757659912,1.2647943496704102,0.035231828689575195,0.013269186019897461
3388,0,0.5072051282051285,943,1000,2,2,1988.0,0,0,2,0,2,5.730411767959595,2.052745819091797,1.8787775039672852,1.266892433166504,0.03525114059448242,0.013273477554321289
3389,0,0.5072051282051285,943,1000,1,1,3389.0,0,0,0,1,1,5.73180079460144,2.053722858428955,1.8791344165802002,1.266892433166504,0.03525114059448242,0.013280391693115234
3390,0,0.5072051282051285,943,1000,1,1,3390.0,0,0,0,1,1,5.732726335525513,2.054274797439575,1.8794772624969482,1.266892433166504,0.03525114059448242,0.013282060623168945
3391,0,0.5072051282051285,943,1000,1,1,2191.0,0,0,2,0,2,5.734419107437134,2.0547378063201904,1.8802268505096436,1.267228603363037,0.035268306732177734,0.013283491134643555
3392,0,0.5072051282051285,943,1000,1,1,2992.0,0,0,2,0,2,5.736133575439453,2.0554327964782715,1.8808238506317139,1.2675535678863525,0.035277605056762695,0.013287067413330078
3393,0,0.5072051282051285,943,1000,1,1,2593.0,0,0,2,0,2,5.7375452518463135,2.055881977081299,1.8814055919647217,1.2678298950195312,0.03528285026550293,0.013288497924804688
3394,0,0.5072051282051285,944,1000,1,1,1394.0,0,0,2,0,1,5.739118337631226,2.056398868560791,1.882019281387329,1.268176794052124,0.03528785705566406,0.013289928436279297
3395,0,0.5072051282051285,945,1000,1,1,2595.0,0,0,2,0,1,5.740793704986572,2.056962251663208,1.882674217224121,1.2685294151306152,0.03529644012451172,0.01329183578491211
3396,0,0.5072051282051285,944,1000,3,3,2896.0,0,0,1,0,2,5.742279529571533,2.057467460632324,1.8832886219024658,1.2687880992889404,0.035306453704833984,0.013294458389282227
3397,0,0.5072051282051285,944,1000,2,2,2397.0,0,0,2,0,2,5.74388861656189,2.057983160018921,1.8839216232299805,1.2691068649291992,0.03531360626220703,0.013296365737915039
3398,0,0.5072051282051285,944,1000,1,1,3398.0,0,0,0,1,1,5.744713544845581,2.0584537982940674,1.8842523097991943,1.2691068649291992,0.03531360626220703,0.013297557830810547
3399,0,0.5072051282051285,944,1000,1,1,1399.0,0,0,2,0,2,5.746923923492432,2.058898687362671,1.885638952255249,1.2694082260131836,0.035318613052368164,0.013298988342285156
3400,0,0.5072051282051285,944,1000,1,1,3000.0,0,0,2,0,2,5.749604940414429,2.0598623752593994,1.8867242336273193,1.2698369026184082,0.03533816337585449,0.013305425643920898
3401,0,0.5072051282051285,944,1000,3,3,2601.0,0,0,2,0,2,5.751750707626343,2.0608255863189697,1.8874006271362305,1.2701961994171143,0.03535938262939453,0.013309955596923828
3402,0,0.5072051282051285,943,1000,1,1,3002.0,0,0,1,0,2,5.753237724304199,2.0613720417022705,1.8880252838134766,1.270409345626831,0.03536486625671387,0.013312101364135742
3403,0,0.5072051282051285,942,1000,2,2,2736.3333333333335,0,0,1,0,2,5.755153656005859,2.0619559288024902,1.8888986110687256,1.2706990242004395,0.0353851318359375,0.013313531875610352
3404,0,0.5072051282051285,942,1000,1,1,3404.0,0,0,0,1,1,5.756456613540649,2.062821388244629,1.8892872333526611,1.2706990242004395,0.0353851318359375,0.01331782341003418
3405,0,0.5072051282051285,942,1000,1,1,2205.0,0,0,2,0,2,5.760035991668701,2.063502073287964,1.8899734020233154,1.2727432250976562,0.0354001522064209,0.013321638107299805
3406,0,0.5072051282051285,941,1000,2,2,2739.3333333333335,0,0,1,0,2,5.761407375335693,2.0640127658843994,1.8905348777770996,1.2729532718658447,0.03540849685668945,0.013324499130249023
3407,0,0.5072051282051285,940,1000,2,2,3007.0,0,0,1,0,2,5.763599157333374,2.064650535583496,1.891662359237671,1.2732608318328857,0.035417795181274414,0.013326168060302734
3408,0,0.5072051282051285,940,1000,2,2,1808.0,0,0,2,0,2,5.765961170196533,2.0656394958496094,1.8924620151519775,1.2736258506774902,0.03544187545776367,0.013333797454833984
3409,0,0.5072051282051285,941,1000,1,1,3009.0,0,0,2,0,1,5.770290374755859,2.0663933753967285,1.89345383644104,1.2760837078094482,0.03545212745666504,0.013336658477783203
3410,0,0.5072051282051285,941,1000,1,1,3010.0,0,0,2,0,2,5.772528648376465,2.0674664974212646,1.894108533859253,1.2764451503753662,0.035475730895996094,0.013341426849365234
3411,0,0.5072051282051285,941,1000,1,1,3411.0,0,0,0,1,1,5.773422002792358,2.068011999130249,1.8944244384765625,1.2764451503753662,0.035475730895996094,0.013343572616577148
3412,0,0.5072051282051285,941,1000,1,1,2212.0,0,0,2,0,2,5.77492618560791,2.0684707164764404,1.895017147064209,1.2767932415008545,0.03548264503479004,0.013344764709472656
3413,0,0.5072051282051285,941,1000,1,1,1813.0,0,0,2,0,2,5.778142929077148,2.068930149078369,1.8956098556518555,1.2788565158843994,0.03548789024353027,0.013346433639526367
3414,0,0.5072051282051285,941,1000,1,1,3014.0,0,0,2,0,2,5.780287981033325,2.06939435005188,1.896801471710205,1.2792551517486572,0.03549313545227051,0.013347625732421875
3415,0,0.5072051282051285,940,1000,1,1,1015.0,0,0,1,0,2,5.782718896865845,2.070561170578003,1.8976686000823975,1.279468059539795,0.03551340103149414,0.01335453987121582
3416,0,0.5072051282051285,940,1000,1,1,3016.0,0,0,2,0,2,5.784974575042725,2.071331262588501,1.898566722869873,1.2799227237701416,0.03552508354187012,0.013358354568481445
3417,0,0.5072051282051285,940,1000,1,1,2617.0,0,0,2,0,2,5.786868333816528,2.072160005569458,1.899125099182129,1.2802801132202148,0.0355372428894043,0.013362407684326172
3418,0,0.5072051282051285,940,1000,3,3,2618.0,0,0,2,0,2,5.788360834121704,2.0726394653320312,1.8997561931610107,1.2805533409118652,0.035544633865356445,0.013364076614379883
3419,0,0.5072051282051285,941,1000,1,1,3019.0,0,0,2,0,1,5.789806604385376,2.0731046199798584,1.9003148078918457,1.2808799743652344,0.03554987907409668,0.013365745544433594
3420,0,0.5072051282051285,941,1000,2,2,2420.0,0,0,2,0,2,5.791252851486206,2.073532819747925,1.9009222984313965,1.281198501586914,0.03555750846862793,0.013366937637329102
3421,0,0.5072051282051285,940,1000,1,1,3021.0,0,0,1,0,2,5.792628526687622,2.0740087032318115,1.9014782905578613,1.2814552783966064,0.03556251525878906,0.013368606567382812
3422,0,0.5072051282051285,941,1000,1,1,2622.0,0,0,2,0,1,5.795856714248657,2.074475049972534,1.902099609375,1.2834999561309814,0.035567522048950195,0.01336979866027832
3423,0,0.5072051282051285,942,1000,1,1,2623.0,0,0,2,0,1,5.79882550239563,2.0756120681762695,1.903162956237793,1.2840628623962402,0.035593271255493164,0.013373613357543945
3424,0,0.5072051282051285,942,1000,1,1,1824.0,0,0,2,0,2,5.803526878356934,2.076674222946167,1.9041097164154053,1.2864224910736084,0.03562521934509277,0.013378620147705078
3425,0,0.5072051282051285,942,1000,2,2,2825.0,0,0,0,0,0,5.804602146148682,2.0775458812713623,1.9041099548339844,1.2864224910736084,0.0356442928314209,0.01338338851928711
3426,0,0.5072051282051285,943,1000,2,2,2226.0,0,0,2,0,1,5.807955741882324,2.0780587196350098,1.9047636985778809,1.288499116897583,0.03565073013305664,0.013384580612182617
3427,0,0.5072051282051285,944,1000,2,2,2827.0,0,0,2,0,1,5.809503078460693,2.078547477722168,1.905322790145874,1.2888517379760742,0.0356595516204834,0.013386011123657227
3428,0,0.5072051282051285,945,1000,3,3,2361.3333333333335,0,0,2,0,1,5.81282377243042,2.079033851623535,1.9059698581695557,1.290937900543213,0.035666704177856445,0.013387441635131836
3429,0,0.5072051282051285,944,1000,1,1,3029.0,0,0,1,0,2,5.81581711769104,2.0805654525756836,1.906888723373413,1.2913198471069336,0.03568863868713379,0.013392448425292969
3430,0,0.5072051282051285,944,1000,1,1,3430.0,0,0,0,1,1,5.817480564117432,2.081512689590454,1.907531499862671,1.2913198471069336,0.03568863868713379,0.013396739959716797
3431,0,0.5072051282051285,944,1000,2,2,2431.0,0,1,2,0,2,5.819462776184082,2.082244634628296,1.9081754684448242,1.2917325496673584,0.03570675849914551,0.013401269912719727
3432,0,0.5072051282051285,944,1000,2,2,2432.0,0,0,2,0,2,5.82094407081604,2.082674264907837,1.9087610244750977,1.2921099662780762,0.035713911056518555,0.013403177261352539
3433,0,0.5072051282051285,943,1000,1,1,2633.0,0,0,1,0,2,5.822391033172607,2.083174228668213,1.9094018936157227,1.2923226356506348,0.03571915626525879,0.013404607772827148
3434,0,0.5072051282051285,942,1000,2,2,1700.6666666666667,0,0,1,0,2,5.823750019073486,2.0836739540100098,1.90999436378479,1.2924904823303223,0.03572583198547363,0.013405799865722656
3435,0,0.5072051282051285,941,1000,1,1,1435.0,0,0,1,0,2,5.82503604888916,2.0840868949890137,1.9106063842773438,1.292670726776123,0.035730838775634766,0.013407468795776367
3436,0,0.5072051282051285,941,1000,2,2,2236.0,0,0,2,0,2,5.826498508453369,2.0845112800598145,1.911221981048584,1.2930073738098145,0.03573727607727051,0.013408660888671875
3437,0,0.5072051282051285,941,1000,1,1,3437.0,0,0,0,1,1,5.827237606048584,2.084918975830078,1.9115207195281982,1.2930073738098145,0.03573727607727051,0.013409852981567383
3438,0,0.5072051282051285,940,1000,2,2,2504.6666666666665,0,0,1,0,2,5.828616380691528,2.0854012966156006,1.912104606628418,1.2932310104370117,0.03574490547180176,0.013411283493041992
3439,0,0.5072051282051285,940,1000,1,1,1839.0,0,0,2,0,2,5.831269264221191,2.085982322692871,1.913313865661621,1.2939324378967285,0.03576517105102539,0.013412714004516602
3440,0,0.5072051282051285,940,1000,3,3,2240.0,0,1,2,0,2,5.834434986114502,2.0872011184692383,1.9144675731658936,1.2944321632385254,0.03580617904663086,0.01342010498046875
3441,0,0.5072051282051285,940,1000,1,1,3441.0,0,0,0,1,1,5.836332082748413,2.088381052017212,1.9151134490966797,1.2944321632385254,0.03580617904663086,0.013425350189208984
3442,0,0.5072051282051285,940,1000,2,2,2842.0,0,0,2,0,2,5.83840537071228,2.0891308784484863,1.9158837795257568,1.294792890548706,0.035826683044433594,0.013428688049316406
3443,0,0.5072051282051285,940,1000,1,1,1843.0,0,0,0,0,0,5.839250326156616,2.089860200881958,1.915884256362915,1.294792890548706,0.035842180252075195,0.013431787490844727
3444,0,0.5072051282051285,941,1000,4,4,2644.0,0,0,1,0,1,5.844527006149292,2.09037184715271,1.9168062210083008,1.2985079288482666,0.03585195541381836,0.013433694839477539
3445,0,0.5072051282051285,941,1000,2,2,2845.0,0,0,2,0,2,5.849835395812988,2.091475486755371,1.9194140434265137,1.2997770309448242,0.03588366508483887,0.013437747955322266
3446,0,0.5072051282051285,940,1000,1,1,2246.0,0,0,1,0,2,5.852097749710083,2.0925440788269043,1.92022705078125,1.3000106811523438,0.0359036922454834,0.013444662094116211
3447,0,0.5072051282051285,940,1000,2,2,2647.0,0,0,2,0,2,5.853820085525513,2.093198537826538,1.9208557605743408,1.3003489971160889,0.03591418266296387,0.013448238372802734
3448,0,0.5072051282051285,940,1000,1,1,2648.0,0,0,0,0,0,5.854373931884766,2.0936529636383057,1.92085599899292,1.3003489971160889,0.0359196662902832,0.013449668884277344
3449,0,0.5072051282051285,940,1000,1,1,1849.0,0,0,2,0,2,5.85581111907959,2.0940747261047363,1.9214327335357666,1.30069899559021,0.03592395782470703,0.013450860977172852
3450,0,0.5072051282051285,940,1000,1,1,3450.0,0,0,0,1,1,5.85660457611084,2.0945253372192383,1.9217417240142822,1.30069899559021,0.03592395782470703,0.01345205307006836
3451,0,0.5072051282051285,940,1000,1,1,3051.0,0,0,2,0,2,5.859769105911255,2.0949676036834717,1.9223628044128418,1.302722692489624,0.03592967987060547,0.013453245162963867
3452,0,0.5072051282051285,940,1000,1,1,3052.0,0,0,2,0,2,5.861248016357422,2.0954058170318604,1.9230012893676758,1.3030471801757812,0.0359346866607666,0.013454914093017578
3453,0,0.5072051282051285,939,1000,1,1,1853.0,0,0,1,0,2,5.86348295211792,2.095881938934326,1.9244298934936523,1.3032793998718262,0.035939693450927734,0.013456106185913086
3454,0,0.5072051282051285,940,1000,2,2,2787.3333333333335,0,0,2,0,1,5.8659703731536865,2.0970194339752197,1.9252381324768066,1.3036682605743408,0.035962820053100586,0.013463735580444336
3455,0,0.5072051282051285,939,1000,1,1,2255.0,0,0,1,0,2,5.867499113082886,2.097527503967285,1.9259281158447266,1.3038859367370605,0.03597235679626465,0.013466358184814453
3456,0,0.5072051282051285,939,1000,2,2,3056.0,0,0,2,0,2,5.8694634437561035,2.0983338356018066,1.926572561264038,1.3042752742767334,0.03598618507385254,0.013470172882080078
3457,0,0.5072051282051285,938,1000,4,4,2817.0,0,0,1,0,2,5.870911121368408,2.098867416381836,1.9271845817565918,1.304462194442749,0.0359950065612793,0.01347208023071289
3458,0,0.5072051282051285,938,1000,1,1,3458.0,0,0,0,1,1,5.8717241287231445,2.099324941635132,1.9275038242340088,1.304462194442749,0.0359950065612793,0.013473987579345703
3459,0,0.5072051282051285,938,1000,1,1,2659.0,0,0,2,0,2,5.873170852661133,2.099766254425049,1.9281189441680908,1.3047776222229004,0.036000967025756836,0.013475418090820312
3460,0,0.5072051282051285,938,1000,3,3,2926.6666666666665,0,0,2,0,2,5.874689817428589,2.1002252101898193,1.9287264347076416,1.3050999641418457,0.03600788116455078,0.013476848602294922
3461,0,0.5072051282051285,938,1000,3,3,2927.6666666666665,0,0,0,0,0,5.875221252441406,2.100670576095581,1.9287266731262207,1.3050999641418457,0.03601503372192383,0.013478279113769531
3462,0,0.5072051282051285,938,1000,1,1,3062.0,0,0,2,0,2,5.8767101764678955,2.10117244720459,1.929309368133545,1.3054256439208984,0.03601980209350586,0.013479471206665039
3463,0,0.5072051282051285,938,1000,2,2,2863.0,0,0,2,0,2,5.878909349441528,2.1016845703125,1.9303107261657715,1.306030511856079,0.036026716232299805,0.013480663299560547
3464,0,0.5072051282051285,939,1000,1,1,2664.0,0,0,2,0,1,5.883646011352539,2.102959156036377,1.9313104152679443,1.3082735538482666,0.036048173904418945,0.013486146926879883
3465,0,0.5072051282051285,940,1000,2,2,2865.0,0,0,2,0,1,5.88565993309021,2.1038713455200195,1.9319276809692383,1.308626413345337,0.03606700897216797,0.013491153717041016
3466,0,0.5072051282051285,939,1000,1,1,1866.0,0,0,1,0,2,5.886995315551758,2.104327440261841,1.932539939880371,1.3088083267211914,0.036072731018066406,0.013493537902832031
3467,0,0.5072051282051285,939,1000,2,2,2467.0,0,1,1,0,2,5.888575553894043,2.10482120513916,1.9331698417663574,1.3091247081756592,0.036080360412597656,0.013495206832885742
3468,0,0.5072051282051285,940,1000,1,1,1468.0,0,0,2,0,1,5.890062570571899,2.105262279510498,1.9337680339813232,1.309478759765625,0.03608536720275879,0.013496875762939453
3469,0,0.5072051282051285,940,1000,1,1,3069.0,0,0,2,0,2,5.891571521759033,2.105750560760498,1.9343938827514648,1.3097970485687256,0.03609108924865723,0.013498067855834961
3470,0,0.5072051282051285,940,1000,2,2,2536.6666666666665,0,0,2,0,2,5.893300533294678,2.106192111968994,1.9352848529815674,1.3101165294647217,0.036098480224609375,0.013499736785888672
3471,0,0.5072051282051285,940,1000,1,1,1071.0,0,0,2,0,2,5.896594762802124,2.1072161197662354,1.9369251728057861,1.3105285167694092,0.036123037338256836,0.013505220413208008
3472,0,0.5072051282051285,939,1000,2,2,1872.0,0,0,1,0,2,5.899497032165527,2.1085665225982666,1.9379239082336426,1.310863733291626,0.0361480712890625,0.013516902923583984
3473,0,0.5072051282051285,940,1000,1,1,3073.0,0,0,2,0,1,5.901523113250732,2.1094753742218018,1.9385592937469482,1.3112258911132812,0.03616070747375488,0.013521671295166016
3474,0,0.5072051282051285,941,1000,3,2,2474.0,0,0,2,0,1,5.903006076812744,2.1099729537963867,1.9391391277313232,1.3115346431732178,0.03616786003112793,0.013524055480957031
3475,0,0.5072051282051285,941,1000,1,1,3075.0,0,0,2,0,2,5.904541730880737,2.110452890396118,1.9397542476654053,1.311885118484497,0.03617286682128906,0.01352548599243164
3476,0,0.5072051282051285,941,1000,2,2,2076.0,0,0,2,0,2,5.906038522720337,2.1109089851379395,1.9403798580169678,1.3122177124023438,0.03618001937866211,0.013526678085327148
3477,0,0.5072051282051285,941,1000,1,1,3477.0,0,0,0,1,1,5.906841039657593,2.1113717555999756,1.940687894821167,1.3122177124023438,0.03618001937866211,0.013528108596801758
3478,0,0.5072051282051285,940,1000,1,1,2678.0,0,0,1,0,2,5.908244371414185,2.1118202209472656,1.941331386566162,1.3124427795410156,0.03618621826171875,0.013529539108276367
3479,0,0.5072051282051285,940,1000,1,1,3479.0,0,0,0,1,1,5.909051179885864,2.1122915744781494,1.9416368007659912,1.3124427795410156,0.03618621826171875,0.01353144645690918
3480,0,0.5072051282051285,940,1000,1,1,2680.0,0,0,2,0,2,5.910568952560425,2.1127665042877197,1.9422218799591064,1.3127927780151367,0.036194562911987305,0.01353311538696289
3481,0,0.5072051282051285,939,1000,1,1,2681.0,0,0,1,0,2,5.911929607391357,2.113238573074341,1.9428164958953857,1.3129944801330566,0.03619956970214844,0.0135345458984375
3482,0,0.5072051282051285,938,1000,1,1,3082.0,0,0,1,0,2,5.914114713668823,2.113718271255493,1.9441046714782715,1.3132939338684082,0.036208152770996094,0.013535737991333008
3483,0,0.5072051282051285,938,1000,4,4,2383.0,0,0,2,0,2,5.916449546813965,2.114763021469116,1.9448034763336182,1.3136811256408691,0.03622865676879883,0.013541698455810547
3484,0,0.5072051282051285,938,1000,1,1,3084.0,0,0,2,0,2,5.918240308761597,2.1154000759124756,1.9455292224884033,1.31400728225708,0.03623771667480469,0.013544559478759766
3485,0,0.5072051282051285,938,1000,1,1,3085.0,0,0,2,0,2,5.920050859451294,2.116152048110962,1.9461534023284912,1.3143095970153809,0.036248207092285156,0.013549566268920898
3486,0,0.5072051282051285,937,1000,2,2,2152.6666666666665,0,0,1,0,2,5.921992063522339,2.116971015930176,1.946857213973999,1.314589500427246,0.03626537322998047,0.013552665710449219
3487,0,0.5072051282051285,937,1000,2,2,2287.0,0,0,1,0,2,5.9245076179504395,2.1178834438323975,1.94767165184021,1.3150250911712646,0.03629302978515625,0.013555526733398438
3488,0,0.5072051282051285,937,1000,3,3,2421.3333333333335,0,1,1,0,2,5.926345586776733,2.1185896396636963,1.9483013153076172,1.3153793811798096,0.03630256652832031,0.013559103012084961
3489,0,0.5072051282051285,936,1000,2,2,2822.3333333333335,0,0,1,0,2,5.927770137786865,2.119072914123535,1.9489409923553467,1.3155815601348877,0.03630995750427246,0.013561010360717773
3490,0,0.5072051282051285,935,1000,4,4,2979.0,0,0,1,0,2,5.929227590560913,2.1195454597473145,1.9495816230773926,1.3158397674560547,0.03631854057312012,0.013562440872192383
3491,0,0.5072051282051285,936,1000,1,1,3091.0,0,0,2,0,1,5.933940410614014,2.120868444442749,1.95051908493042,1.318070888519287,0.036339759826660156,0.013566732406616211
3492,0,0.5072051282051285,935,1000,1,1,1892.0,0,0,1,0,2,5.935771942138672,2.1217494010925293,1.951129674911499,1.318268060684204,0.03635454177856445,0.013571739196777344
3493,0,0.5072051282051285,935,1000,3,2,3093.0,0,1,2,0,2,5.937364101409912,2.1222434043884277,1.9517099857330322,1.318631649017334,0.0363621711730957,0.013573646545410156
3494,0,0.5072051282051285,935,1000,1,1,2694.0,0,0,2,0,2,5.939111232757568,2.122788190841675,1.9524564743041992,1.3189716339111328,0.03637099266052246,0.013575315475463867
3495,0,0.5072051282051285,935,1000,1,1,3495.0,0,0,0,1,1,5.939945220947266,2.1232893466949463,1.9527511596679688,1.3189716339111328,0.03637099266052246,0.013578653335571289
3496,0,0.5072051282051285,935,1000,1,1,3496.0,0,0,0,1,1,5.940712928771973,2.123734712600708,1.9530470371246338,1.3189716339111328,0.03637099266052246,0.013579845428466797
3497,0,0.5072051282051285,935,1000,1,1,3497.0,0,0,0,1,1,5.941481113433838,2.1241557598114014,1.9533700942993164,1.3189716339111328,0.03637099266052246,0.013581037521362305
3498,0,0.5072051282051285,936,1000,2,2,2898.0,0,0,2,0,1,5.942902088165283,2.1246259212493896,1.9539475440979004,1.3192644119262695,0.03637981414794922,0.013582229614257812
3499,0,0.5072051282051285,936,1000,2,2,3099.0,0,0,0,0,0,5.943378210067749,2.125030279159546,1.9539477825164795,1.3192644119262695,0.036386728286743164,0.013583660125732422
3500,0,0.5072051282051285,936,1000,1,1,300.0,0,0,2,0,2,5.944914102554321,2.1254990100860596,1.9546070098876953,1.3195745944976807,0.036391258239746094,0.013585090637207031
3501,0,0.5072051282051285,935,1000,1,1,3101.0,0,0,1,0,2,5.947610139846802,2.1259233951568604,1.956434965133667,1.3199059963226318,0.03639626502990723,0.01358652114868164
3502,0,0.5072051282051285,935,1000,1,1,302.0,0,0,1,0,1,5.949964284896851,2.1270174980163574,1.9573030471801758,1.320145606994629,0.03641510009765625,0.013595104217529297
3503,0,0.5072051282051285,935,1000,1,1,3503.0,0,0,0,1,1,5.951123237609863,2.1277735233306885,1.9576568603515625,1.320145606994629,0.03641510009765625,0.013599395751953125
3504,0,0.5072051282051285,935,1000,1,1,2304.0,0,0,2,0,2,5.955755949020386,2.12835431098938,1.959463357925415,1.3222343921661377,0.036429405212402344,0.01360177993774414
3505,0,0.5072051282051285,935,1000,1,1,3105.0,0,0,2,0,2,5.958584547042847,2.129560708999634,1.9604685306549072,1.3226807117462158,0.03645157814025879,0.013612985610961914
3506,0,0.5072051282051285,935,1000,3,3,2972.6666666666665,0,0,2,0,2,5.961176633834839,2.1305558681488037,1.9614109992980957,1.3230936527252197,0.03647565841674805,0.013618946075439453
3507,0,0.5072051282051285,935,1000,2,2,2707.0,0,0,1,0,2,5.964269161224365,2.1313960552215576,1.9627254009246826,1.3237848281860352,0.03652000427246094,0.01362299919128418
3508,0,0.5072051282051285,935,1000,2,2,2908.0,0,0,2,0,2,5.968635082244873,2.1322927474975586,1.9637303352355957,1.326030969619751,0.03654336929321289,0.013628959655761719
3509,0,0.5072051282051285,935,1000,1,1,3509.0,0,0,0,1,1,5.970031499862671,2.1332924365997314,1.9640707969665527,1.326030969619751,0.03654336929321289,0.013633966445922852
3510,0,0.5072051282051285,934,1000,1,1,3110.0,0,0,1,0,2,5.971527099609375,2.1337902545928955,1.9646501541137695,1.326322317123413,0.036559343338012695,0.013635396957397461
3511,0,0.5072051282051285,934,1000,1,1,3111.0,0,0,2,0,2,5.973108530044556,2.1343119144439697,1.9652602672576904,1.3266828060150146,0.03656411170959473,0.013636589050292969
3512,0,0.5072051282051285,934,1000,3,3,2578.6666666666665,0,0,2,0,2,5.974576711654663,2.1347250938415527,1.9658730030059814,1.3270254135131836,0.03657126426696777,0.01363825798034668
3513,0,0.5072051282051285,934,1000,3,3,2713.0,0,1,1,0,2,5.9761061668396,2.1351470947265625,1.9664781093597412,1.3273863792419434,0.03657817840576172,0.013640165328979492
3514,0,0.5072051282051285,934,1000,2,2,3114.0,0,0,2,0,2,5.979678392410278,2.135606050491333,1.9674172401428223,1.3294475078582764,0.03658461570739746,0.013641595840454102
3515,0,0.5072051282051285,934,1000,3,3,2848.3333333333335,0,0,2,0,2,5.982399225234985,2.1367595195770264,1.9682939052581787,1.329869270324707,0.03660893440246582,0.013649225234985352
3516,0,0.5072051282051285,934,1000,1,1,3116.0,0,0,2,0,2,5.985597610473633,2.138174057006836,1.9692049026489258,1.3304469585418701,0.03663754463195801,0.01365351676940918
3517,0,0.5072051282051285,934,1000,2,2,2917.0,0,0,2,0,2,5.987410545349121,2.1389708518981934,1.969803810119629,1.330772876739502,0.03664731979370117,0.013657808303833008
3518,0,0.5072051282051285,933,1000,2,1,3118.0,0,0,1,0,2,5.988877058029175,2.139460563659668,1.9704511165618896,1.3310167789459229,0.03665304183959961,0.013659477233886719
3519,0,0.5072051282051285,933,1000,1,1,3119.0,0,0,2,0,2,5.990399360656738,2.139932870864868,1.97104811668396,1.3313794136047363,0.03665757179260254,0.013660907745361328
3520,0,0.5072051282051285,933,1000,3,3,2320.0,0,1,2,0,2,5.991968154907227,2.140425682067871,1.971682071685791,1.3316950798034668,0.036664485931396484,0.013662576675415039
3521,0,0.5072051282051285,933,1000,2,2,2521.0,0,0,2,0,2,5.9934937953948975,2.140862464904785,1.9723033905029297,1.332038402557373,0.03667140007019043,0.013664007186889648
3522,0,0.5072051282051285,933,1000,2,2,2588.6666666666665,0,1,2,0,2,5.995061159133911,2.1413230895996094,1.9729297161102295,1.3323898315429688,0.03667807579040527,0.013665437698364258
3523,0,0.5072051282051285,934,1000,2,2,2723.0,0,0,2,0,1,5.997650384902954,2.1419899463653564,1.973991870880127,1.3330817222595215,0.036699533462524414,0.013666868209838867
3524,0,0.5072051282051285,933,1000,4,4,2564.0,0,1,1,0,2,6.000116348266602,2.1430230140686035,1.974982738494873,1.3333361148834229,0.03672361373901367,0.01367330551147461
3525,0,0.5072051282051285,933,1000,1,1,3525.0,0,0,0,1,1,6.001624345779419,2.1439387798309326,1.9755115509033203,1.3333361148834229,0.03672361373901367,0.013679027557373047
3526,0,0.5072051282051285,933,1000,1,1,3526.0,0,0,0,1,1,6.00314736366272,2.144812822341919,1.9761080741882324,1.3333361148834229,0.03672361373901367,0.013683319091796875
3527,0,0.5072051282051285,933,1000,1,1,3127.0,0,0,2,0,2,6.0051350593566895,2.1456143856048584,1.9767541885375977,1.3337318897247314,0.036741018295288086,0.013687610626220703
3528,0,0.5072051282051285,933,1000,3,3,1928.0,0,0,2,0,2,6.008651494979858,2.146223783493042,1.9774057865142822,1.3357980251312256,0.03675127029418945,0.013690710067749023
3529,0,0.5072051282051285,934,1000,1,1,3129.0,0,0,2,0,1,6.010164022445679,2.1467220783233643,1.9779949188232422,1.3361320495605469,0.036757469177246094,0.013692378997802734
3530,0,0.5072051282051285,934,1000,3,3,2730.0,0,0,1,0,2,6.011823892593384,2.1472692489624023,1.9786036014556885,1.3364877700805664,0.03676462173461914,0.013694047927856445
3531,0,0.5072051282051285,934,1000,1,1,3131.0,0,0,2,0,2,6.014139175415039,2.1477415561676025,1.9797508716583252,1.337045431137085,0.03677535057067871,0.013695478439331055
3532,0,0.5072051282051285,934,1000,1,1,3132.0,0,0,2,0,2,6.0167622566223145,2.1487982273101807,1.9806997776031494,1.3374640941619873,0.03679656982421875,0.013701915740966797
3533,0,0.5072051282051285,934,1000,1,1,2733.0,0,0,1,0,1,6.018916606903076,2.149718999862671,1.9815139770507812,1.3377249240875244,0.03681206703186035,0.013706445693969727
3534,0,0.5072051282051285,934,1000,2,2,2934.0,0,0,2,0,2,6.020568132400513,2.1503560543060303,1.982105016708374,1.3380606174468994,0.036820173263549805,0.01371002197265625
3535,0,0.5072051282051285,934,1000,3,3,2735.0,0,1,2,0,2,6.022098064422607,2.1508076190948486,1.9827499389648438,1.338355541229248,0.03682708740234375,0.013711690902709961
3536,0,0.5072051282051285,934,1000,2,2,2736.0,0,0,2,0,2,6.023584842681885,2.1512398719787598,1.983344316482544,1.338688850402832,0.036834001541137695,0.013713359832763672
3537,0,0.5072051282051285,935,1000,1,1,1537.0,0,0,2,0,1,6.025111436843872,2.1517202854156494,1.9839279651641846,1.339036464691162,0.03683972358703613,0.013735294342041016
3538,0,0.5072051282051285,935,1000,1,1,3138.0,0,0,2,0,2,6.026675462722778,2.152198076248169,1.9845240116119385,1.3394370079040527,0.03684520721435547,0.013737201690673828
3539,0,0.5072051282051285,935,1000,3,3,2739.0,0,0,1,0,2,6.0282158851623535,2.1526436805725098,1.9850916862487793,1.33980393409729,0.03685307502746582,0.013738632202148438
3540,0,0.5072051282051285,935,1000,1,1,2740.0,0,0,2,0,2,6.030193328857422,2.153052806854248,1.9862127304077148,1.3401546478271484,0.036858320236206055,0.013740062713623047
3541,0,0.5072051282051285,934,1000,2,2,2607.6666666666665,0,0,1,0,2,6.032647132873535,2.1542153358459473,1.9870645999908447,1.3404128551483154,0.03688335418701172,0.013747930526733398
3542,0,0.5072051282051285,935,1000,4,4,2642.0,0,0,2,0,1,6.034855604171753,2.1550638675689697,1.9878649711608887,1.3407812118530273,0.03690314292907715,0.013753414154052734
3543,0,0.5072051282051285,935,1000,3,3,2609.6666666666665,0,1,1,0,2,6.036660671234131,2.1558690071105957,1.9884586334228516,1.3410725593566895,0.03691387176513672,0.013756990432739258
3544,0,0.5072051282051285,935,1000,3,3,2877.3333333333335,0,0,1,0,2,6.038176774978638,2.1563775539398193,1.9890532493591309,1.341355323791504,0.03692150115966797,0.013758659362792969
3545,0,0.5072051282051285,934,1000,1,1,2745.0,0,0,1,0,2,6.039599657058716,2.1568639278411865,1.9896907806396484,1.3415565490722656,0.0369265079498291,0.013759851455688477
3546,0,0.5072051282051285,934,1000,1,1,2746.0,0,0,2,0,2,6.041121006011963,2.1573455333709717,1.9903132915496826,1.3418927192687988,0.036931753158569336,0.013761043548583984
3547,0,0.5072051282051285,934,1000,2,2,2947.0,0,0,2,0,2,6.044311761856079,2.157773733139038,1.990912914276123,1.3439459800720215,0.036939144134521484,0.013762474060058594
3548,0,0.5072051282051285,933,1000,2,2,3014.6666666666665,0,0,1,0,2,6.045720815658569,2.1582138538360596,1.9915101528167725,1.3442192077636719,0.036946773529052734,0.013763904571533203
3549,0,0.5072051282051285,934,1000,1,1,3149.0,0,0,2,0,1,6.050429105758667,2.1593852043151855,1.9925122261047363,1.346482276916504,0.036969900131225586,0.013767004013061523
3550,0,0.5072051282051285,935,1000,1,1,2350.0,0,0,2,0,1,6.0541698932647705,2.160269260406494,1.9931604862213135,1.3485429286956787,0.0369868278503418,0.013771772384643555
3551,0,0.5072051282051285,934,1000,1,1,3151.0,0,0,1,0,2,6.055758953094482,2.16084885597229,1.9937982559204102,1.3488011360168457,0.03699469566345215,0.013774633407592773
3552,0,0.5072051282051285,934,1000,2,2,2552.0,0,0,2,0,2,6.0573365688323975,2.161360025405884,1.9944064617156982,1.3491694927215576,0.0370020866394043,0.013776063919067383
3553,0,0.5072051282051285,935,1000,3,3,2753.0,0,0,2,0,1,6.058896780014038,2.1618614196777344,1.9950122833251953,1.3495292663574219,0.037009239196777344,0.01377725601196289
3554,0,0.5072051282051285,935,1000,1,1,3154.0,0,0,2,0,2,6.060447454452515,2.1623425483703613,1.995640754699707,1.3498866558074951,0.03701496124267578,0.013778924942016602
3555,0,0.5072051282051285,935,1000,1,1,3555.0,0,0,0,1,1,6.061206817626953,2.162766456604004,1.9959487915039062,1.3498866558074951,0.03701496124267578,0.013780355453491211
3556,0,0.5072051282051285,935,1000,1,1,2356.0,0,0,2,0,2,6.063328742980957,2.1631972789764404,1.997007131576538,1.3504183292388916,0.037020206451416016,0.01378178596496582
3557,0,0.5072051282051285,934,1000,1,1,2757.0,0,0,1,0,2,6.065792798995972,2.1643645763397217,1.9978704452514648,1.3506824970245361,0.03704118728637695,0.013789892196655273
3558,0,0.5072051282051285,935,1000,2,2,2758.0,0,0,1,0,1,6.067581415176392,2.1650166511535645,1.998544454574585,1.351008653640747,0.03705430030822754,0.013793706893920898
3559,0,0.5072051282051285,935,1000,1,1,3159.0,0,0,1,0,1,6.069340705871582,2.1657776832580566,1.9991517066955566,1.3512852191925049,0.037065982818603516,0.013797283172607422
3560,0,0.5072051282051285,935,1000,1,1,1960.0,0,0,2,0,2,6.070899724960327,2.166240692138672,1.9997968673706055,1.3516488075256348,0.03707146644592285,0.013799190521240234
3561,0,0.5072051282051285,935,1000,2,2,1761.0,0,0,2,0,2,6.072612524032593,2.1668293476104736,2.0004589557647705,1.352006196975708,0.03708052635192871,0.013800621032714844
3562,0,0.5072051282051285,935,1000,1,1,3562.0,0,0,0,1,1,6.073348522186279,2.167246103286743,2.000746250152588,1.352006196975708,0.03708052635192871,0.013802051544189453
3563,0,0.5072051282051285,936,1000,3,3,3029.6666666666665,0,0,2,0,1,6.074909687042236,2.1677684783935547,2.00136661529541,1.3523128032684326,0.037088632583618164,0.013803243637084961
3564,0,0.5072051282051285,936,1000,1,1,3564.0,0,0,0,1,1,6.0757105350494385,2.168217420578003,2.001690626144409,1.3523128032684326,0.037088632583618164,0.013804435729980469
3565,0,0.5072051282051285,936,1000,2,2,2965.0,0,0,2,0,2,6.0772881507873535,2.1686906814575195,2.0022871494293213,1.3526415824890137,0.037096261978149414,0.01380777359008789
3566,0,0.5072051282051285,936,1000,1,1,3566.0,0,0,0,1,1,6.078509569168091,2.169337749481201,2.002822160720825,1.3526415824890137,0.037096261978149414,0.0138092041015625
3567,0,0.5072051282051285,935,1000,1,1,3167.0,0,0,1,0,2,6.081098794937134,2.170156955718994,2.003859758377075,1.3531460762023926,0.03712916374206543,0.013812541961669922
3568,0,0.5072051282051285,934,1000,1,1,1968.0,0,0,1,0,2,6.083142280578613,2.1711204051971436,2.0045559406280518,1.3533751964569092,0.03714919090270996,0.01381826400756836
3569,0,0.5072051282051285,933,1000,1,1,3169.0,0,0,1,0,2,6.084978103637695,2.171813488006592,2.005289077758789,1.353663444519043,0.037161827087402344,0.01382136344909668
3570,0,0.5072051282051285,932,1000,3,3,3070.0,0,0,1,0,2,6.086653709411621,2.17248272895813,2.0059258937835693,1.3539209365844727,0.03717327117919922,0.013824224472045898
3571,0,0.5072051282051285,933,1000,2,2,2371.0,0,0,2,0,1,6.08812141418457,2.1729390621185303,2.006523847579956,1.3542509078979492,0.037180423736572266,0.013825654983520508
3572,0,0.5072051282051285,933,1000,2,2,1772.0,0,1,2,0,2,6.089680194854736,2.1734280586242676,2.0071353912353516,1.3545773029327393,0.037187814712524414,0.013827323913574219
3573,0,0.5072051282051285,933,1000,2,2,3173.0,0,0,2,0,2,6.091163158416748,2.1738688945770264,2.0077574253082275,1.354891061782837,0.03719449043273926,0.013828754425048828
3574,0,0.5072051282051285,933,1000,2,2,2774.0,0,0,2,0,2,6.092676639556885,2.174314022064209,2.0084078311920166,1.3552227020263672,0.03720211982727051,0.013830184936523438
3575,0,0.5072051282051285,933,1000,3,3,3041.6666666666665,0,0,2,0,2,6.094330549240112,2.1748452186584473,2.0090794563293457,1.3555774688720703,0.03721213340759277,0.013832330703735352
3576,0,0.5072051282051285,933,1000,1,1,3176.0,0,0,2,0,2,6.096118211746216,2.1753175258636475,2.009965658187866,1.3559072017669678,0.03721809387207031,0.013834238052368164
3577,0,0.5072051282051285,933,1000,3,3,2910.3333333333335,0,1,2,0,2,6.099600315093994,2.177149534225464,2.010922908782959,1.356351375579834,0.037245988845825195,0.013841629028320312
3578,0,0.5072051282051285,933,1000,2,2,2578.0,0,0,2,0,2,6.101715564727783,2.178004741668701,2.0116305351257324,1.3567090034484863,0.037262916564941406,0.013846397399902344
3579,0,0.5072051282051285,933,1000,3,3,3045.6666666666665,0,0,2,0,2,6.103395938873291,2.1785523891448975,2.0122523307800293,1.3570685386657715,0.037270545959472656,0.013849258422851562
3580,0,0.5072051282051285,933,1000,1,1,380.0,0,0,2,0,2,6.104971408843994,2.179058313369751,2.012887477874756,1.3574163913726807,0.037276268005371094,0.013850927352905273
3581,0,0.5072051282051285,932,1000,2,1,3181.0,0,0,1,0,2,6.106322765350342,2.1794795989990234,2.013516664505005,1.3576314449310303,0.03728175163269043,0.013852357864379883
3582,0,0.5072051282051285,932,1000,3,3,3048.6666666666665,0,0,2,0,2,6.107869386672974,2.1799099445343018,2.0142006874084473,1.3579840660095215,0.03728842735290527,0.013854026794433594
3583,0,0.5072051282051285,932,1000,1,1,3583.0,0,0,0,1,1,6.108972787857056,2.1805925369262695,2.0145792961120605,1.3579840660095215,0.03728842735290527,0.013857603073120117
3584,0,0.5072051282051285,932,1000,2,2,2384.0,0,0,2,0,2,6.11057448387146,2.181028127670288,2.015211582183838,1.3583478927612305,0.03730487823486328,0.013859033584594727
3585,0,0.5072051282051285,932,1000,2,2,2651.6666666666665,0,0,0,0,0,6.111104488372803,2.181459426879883,2.015211820602417,1.3583478927612305,0.03731250762939453,0.013860702514648438
3586,0,0.5072051282051285,932,1000,2,2,1986.0,0,0,2,0,2,6.112911939620972,2.1819193363189697,2.0160865783691406,1.3586759567260742,0.03731846809387207,0.013861894607543945
3587,0,0.5072051282051285,932,1000,1,1,3587.0,0,0,0,1,1,6.114962100982666,2.183232307434082,2.0167441368103027,1.3586759567260742,0.03731846809387207,0.0138702392578125
3588,0,0.5072051282051285,933,1000,2,2,2921.3333333333335,0,0,2,0,1,6.116783618927002,2.183912754058838,2.017390489578247,1.3590447902679443,0.037336111068725586,0.01387476921081543
3589,0,0.5072051282051285,933,1000,1,1,2789.0,0,0,2,0,2,6.11864972114563,2.1845967769622803,2.0181124210357666,1.3593854904174805,0.03735041618347168,0.013877391815185547
3590,0,0.5072051282051285,933,1000,3,3,2656.6666666666665,0,0,0,0,0,6.119369745254517,2.185149908065796,2.018112897872925,1.3593854904174805,0.03735923767089844,0.01388096809387207
3591,0,0.5072051282051285,933,1000,1,1,3591.0,0,0,0,1,1,6.120087623596191,2.185551881790161,2.018397569656372,1.3593854904174805,0.03735923767089844,0.013881921768188477
3592,0,0.5072051282051285,933,1000,1,1,2792.0,0,0,2,0,2,6.121645212173462,2.186018466949463,2.019037961959839,1.3597412109375,0.03736376762390137,0.013883352279663086
3593,0,0.5072051282051285,933,1000,4,2,2993.0,0,0,2,0,2,6.1232123374938965,2.1864516735076904,2.0197548866271973,1.360044002532959,0.037370920181274414,0.013884544372558594
3594,0,0.5072051282051285,932,1000,1,1,3194.0,0,0,1,0,2,6.124844312667847,2.1870744228363037,2.0203773975372314,1.3603079319000244,0.037383317947387695,0.013887643814086914
3595,0,0.5072051282051285,932,1000,1,1,3595.0,0,0,0,1,1,6.125682830810547,2.1876001358032227,2.020657777786255,1.3603079319000244,0.037383317947387695,0.013889312744140625
3596,0,0.5072051282051285,932,1000,3,3,2796.0,0,0,2,0,2,6.127215623855591,2.1880712509155273,2.0212857723236084,1.3606438636779785,0.037394046783447266,0.013890504837036133
3597,0,0.5072051282051285,932,1000,2,2,2930.3333333333335,0,0,2,0,2,6.128748416900635,2.188490390777588,2.0218968391418457,1.3609979152679443,0.03740072250366211,0.013891935348510742
3598,0,0.5072051282051285,934,1000,3,3,3064.6666666666665,0,0,2,0,0,6.131299018859863,2.1891276836395264,2.02288556098938,1.3616182804107666,0.037430524826049805,0.013893604278564453
3599,0,0.5084358974358979,934,1000,1,1,3599.0,0,0,0,1,1,6.1327409744262695,2.1900436878204346,2.023212432861328,1.3616182804107666,0.037430524826049805,0.013898611068725586
3600,0,0.5084358974358979,933,1000,2,2,3200.0,0,0,1,0,2,6.134481906890869,2.1906206607818604,2.023974895477295,1.3618779182434082,0.03744840621948242,0.014040946960449219
3601,0,0.5084358974358979,933,1000,1,1,2401.0,0,0,2,0,2,6.136291742324829,2.191350221633911,2.0245933532714844,1.3622283935546875,0.037458181381225586,0.014044046401977539
3602,0,0.5084358974358979,933,1000,1,1,3202.0,0,0,2,0,2,6.1379923820495605,2.191861152648926,2.0253570079803467,1.3625664710998535,0.03746390342712402,0.014045953750610352
3603,0,0.5084358974358979,934,1000,2,2,2936.3333333333335,0,0,2,0,1,6.140060186386108,2.1926770210266113,2.0260579586029053,1.3629350662231445,0.03748464584350586,0.014051437377929688
3604,0,0.5084358974358979,934,1000,1,1,3604.0,0,0,0,1,1,6.140847206115723,2.1931135654449463,2.0263781547546387,1.3629350662231445,0.03748464584350586,0.0140533447265625
3605,0,0.5084358974358979,934,1000,1,1,3205.0,0,0,1,0,1,6.142240762710571,2.1935489177703857,2.026991128921509,1.3631868362426758,0.03749346733093262,0.01405477523803711
3606,0,0.5084358974358979,934,1000,3,3,3072.6666666666665,0,0,1,0,2,6.143795967102051,2.194005250930786,2.0275895595550537,1.363518238067627,0.03750109672546387,0.014056205749511719
3607,0,0.5084358974358979,933,1000,1,1,2007.0,0,0,1,0,2,6.145129442214966,2.1944687366485596,2.0281999111175537,1.3636891841888428,0.037506818771362305,0.014057397842407227
3608,0,0.5084358974358979,933,1000,2,2,3008.0,0,0,2,0,2,6.147510290145874,2.194913387298584,2.0295417308807373,1.3641409873962402,0.03751325607299805,0.014058589935302734
3609,0,0.5084358974358979,934,1000,1,1,3209.0,0,0,2,0,1,6.14976167678833,2.1959469318389893,2.0301880836486816,1.3645503520965576,0.03753304481506348,0.014065027236938477
3610,0,0.5084358974358979,934,1000,1,1,3210.0,0,0,1,0,1,6.151653289794922,2.19681978225708,2.0308151245117188,1.3648245334625244,0.037544965744018555,0.014068126678466797
3611,0,0.5084358974358979,933,1000,1,1,2811.0,0,0,1,0,2,6.153205156326294,2.197361469268799,2.031517505645752,1.3650434017181396,0.03754997253417969,0.014070272445678711
3612,0,0.5084358974358979,933,1000,1,1,3612.0,0,0,0,1,1,6.1547887325286865,2.1983258724212646,2.0320777893066406,1.3650434017181396,0.03754997253417969,0.014075279235839844
3613,0,0.5084358974358979,933,1000,2,2,3013.0,0,0,2,0,2,6.156696557998657,2.199057102203369,2.0327608585357666,1.3653738498687744,0.037569522857666016,0.014078378677368164
3614,0,0.5084358974358979,932,1000,3,3,3114.0,0,0,1,0,2,6.158297538757324,2.199678421020508,2.0333526134490967,1.3656463623046875,0.03757882118225098,0.01408076286315918
3615,0,0.5084358974358979,931,1000,1,1,2415.0,0,0,1,0,2,6.159682273864746,2.2001709938049316,2.033968210220337,1.3658173084259033,0.03758430480957031,0.01408243179321289
3616,0,0.5084358974358979,931,1000,3,3,2816.0,0,0,2,0,2,6.161198139190674,2.200608491897583,2.034590721130371,1.3661916255950928,0.03759121894836426,0.014083623886108398
3617,0,0.5084358974358979,931,1000,1,1,3217.0,0,0,2,0,2,6.162857294082642,2.2010133266448975,2.035435199737549,1.36651611328125,0.037596702575683594,0.01408529281616211
3618,0,0.5084358974358979,933,1000,1,1,3218.0,0,0,2,0,0,6.1656434535980225,2.2022783756256104,2.036334276199341,1.366955280303955,0.03762030601501465,0.014093399047851562
3619,0,0.5084358974358979,932,1000,2,2,3219.0,0,0,1,0,2,6.16733717918396,2.2029335498809814,2.036984443664551,1.367225170135498,0.03763222694396973,0.014097452163696289
3620,0,0.5084358974358979,932,1000,2,2,3020.0,0,0,2,0,2,6.169614315032959,2.2038490772247314,2.037813425064087,1.3675968647003174,0.03765273094177246,0.014101028442382812
3621,0,0.5084358974358979,932,1000,1,1,3621.0,0,0,0,1,1,6.170534133911133,2.2044427394866943,2.0381064414978027,1.3675968647003174,0.03765273094177246,0.014103889465332031
3622,0,0.5084358974358979,932,1000,3,3,2822.0,0,0,2,0,2,6.172073125839233,2.2049224376678467,2.038724422454834,1.3679451942443848,0.03766298294067383,0.014105081558227539
3623,0,0.5084358974358979,932,1000,1,1,3223.0,0,0,2,0,2,6.173560380935669,2.205402135848999,2.0393030643463135,1.368288278579712,0.037668704986572266,0.01410675048828125
3624,0,0.5084358974358979,932,1000,2,2,2624.0,0,1,0,0,2,6.175053358078003,2.205836296081543,2.039919376373291,1.3685941696166992,0.03767538070678711,0.01410818099975586
3625,0,0.5084358974358979,931,1000,1,1,3225.0,0,0,1,0,2,6.176473140716553,2.2062835693359375,2.0405638217926025,1.3688349723815918,0.037680625915527344,0.014109373092651367
3626,0,0.5084358974358979,931,1000,1,1,3626.0,0,0,0,1,1,6.177225828170776,2.206698417663574,2.0408759117126465,1.3688349723815918,0.037680625915527344,0.014110565185546875
3627,0,0.5084358974358979,931,1000,1,1,2427.0,0,0,2,0,2,6.178568124771118,2.2070963382720947,2.04142427444458,1.3691520690917969,0.03768587112426758,0.014111995697021484
3628,0,0.5084358974358979,931,1000,2,2,3028.0,0,0,2,0,2,6.180815935134888,2.2075514793395996,2.0427637100219727,1.369490623474121,0.03769946098327637,0.014113187789916992
3629,0,0.5084358974358979,932,1000,1,1,2429.0,0,0,2,0,1,6.182994604110718,2.2085225582122803,2.043456792831421,1.3698627948760986,0.037717342376708984,0.014119625091552734
3630,0,0.5084358974358979,932,1000,2,2,2630.0,0,0,2,0,2,6.185327053070068,2.2093148231506348,2.044358730316162,1.370288372039795,0.03774118423461914,0.01412200927734375
3631,0,0.5084358974358979,932,1000,2,2,3097.6666666666665,0,0,1,0,1,6.186977863311768,2.210052728652954,2.0449109077453613,1.370527982711792,0.03775286674499512,0.014125823974609375
3632,0,0.5084358974358979,932,1000,1,1,3232.0,0,0,2,0,2,6.18831992149353,2.2104692459106445,2.0454940795898438,1.3708055019378662,0.03775835037231445,0.014134407043457031
3633,0,0.5084358974358979,933,1000,2,2,3233.0,0,0,2,0,1,6.189856052398682,2.2109642028808594,2.0460851192474365,1.3711609840393066,0.0377657413482666,0.014135599136352539
3634,0,0.5084358974358979,932,1000,1,1,3234.0,0,0,1,0,2,6.1912007331848145,2.211421489715576,2.046704053878784,1.371363878250122,0.037770986557006836,0.01413726806640625
3635,0,0.5084358974358979,933,1000,2,2,3035.0,0,1,2,0,1,6.192701101303101,2.21189284324646,2.047274589538574,1.371683120727539,0.03777813911437988,0.01413869857788086
3636,0,0.5084358974358979,932,1000,1,1,2436.0,0,0,1,0,2,6.194061517715454,2.212343692779541,2.0479061603546143,1.3718702793121338,0.03778338432312012,0.01414036750793457
3637,0,0.5084358974358979,932,1000,1,1,3237.0,0,0,1,0,1,6.195332050323486,2.2127685546875,2.048490285873413,1.3720695972442627,0.03778791427612305,0.014141559600830078
3638,0,0.5084358974358979,932,1000,2,2,2838.0,0,0,2,0,2,6.197761297225952,2.213261604309082,2.049565553665161,1.3727407455444336,0.03780984878540039,0.014142990112304688
3639,0,0.5084358974358979,932,1000,2,2,2039.0,0,0,2,0,2,6.200140714645386,2.214289426803589,2.050415277481079,1.3730988502502441,0.03783130645751953,0.01414942741394043
3640,0,0.5084358974358979,931,1000,2,2,2440.0,0,0,1,0,2,6.202097654342651,2.215270519256592,2.051043748855591,1.3733031749725342,0.03784942626953125,0.014154195785522461
3641,0,0.5084358974358979,931,1000,1,1,3241.0,0,0,2,0,2,6.203587532043457,2.2157676219940186,2.0516698360443115,1.3735966682434082,0.03785514831542969,0.01415562629699707
3642,0,0.5084358974358979,931,1000,3,3,3108.6666666666665,0,0,2,0,2,6.205077648162842,2.2162206172943115,2.052273750305176,1.3739385604858398,0.03786325454711914,0.014157295227050781
3643,0,0.5084358974358979,930,1000,3,2,2976.3333333333335,0,0,1,0,2,6.20649266242981,2.2166860103607178,2.0529115200042725,1.374159336090088,0.03787040710449219,0.014158964157104492
3644,0,0.5084358974358979,930,1000,3,3,2977.3333333333335,0,0,2,0,2,6.207967519760132,2.217144012451172,2.053493022918701,1.3744611740112305,0.037877798080444336,0.014160394668579102
3645,0,0.5084358974358979,930,1000,2,2,2845.0,0,0,2,0,2,6.209400177001953,2.21761155128479,2.054081916809082,1.374732494354248,0.03788423538208008,0.01416158676147461
3646,0,0.5084358974358979,930,1000,1,1,2046.0,0,0,2,0,2,6.210874080657959,2.2180840969085693,2.0546910762786865,1.3750481605529785,0.03788924217224121,0.014163017272949219
3647,0,0.5084358974358979,931,1000,1,1,2447.0,0,0,2,0,1,6.212334394454956,2.2185447216033936,2.0552918910980225,1.375368356704712,0.03789401054382324,0.014164209365844727
3648,0,0.5084358974358979,931,1000,2,2,2848.0,0,0,2,0,2,6.215134859085083,2.2197225093841553,2.0562047958374023,1.3758995532989502,0.037921905517578125,0.014167070388793945
3649,0,0.5084358974358979,931,1000,2,2,3049.0,0,0,2,0,2,6.21711802482605,2.2205820083618164,2.0568854808807373,1.3762142658233643,0.037941694259643555,0.014171838760375977
3650,0,0.5084358974358979,931,1000,2,2,2716.6666666666665,0,0,1,0,2,6.219152927398682,2.2213833332061768,2.0575973987579346,1.3765525817871094,0.03795742988586426,0.0141754150390625
3651,0,0.5084358974358979,931,1000,1,1,1651.0,0,0,2,0,2,6.222437143325806,2.2218987941741943,2.058206796646118,1.3786005973815918,0.037962913513183594,0.014178037643432617
3652,0,0.5084358974358979,931,1000,1,1,3252.0,0,0,2,0,2,6.2239580154418945,2.222385883331299,2.058819055557251,1.3789303302764893,0.03796887397766113,0.014179706573486328
3653,0,0.5084358974358979,930,1000,3,3,3053.0,0,0,1,0,2,6.225324869155884,2.22285532951355,2.0594284534454346,1.3791241645812988,0.03797602653503418,0.014181137084960938
3654,0,0.5084358974358979,930,1000,2,2,3254.0,0,0,2,0,2,6.226763963699341,2.2233028411865234,2.0600075721740723,1.3794476985931396,0.03798317909240723,0.014182567596435547
3655,0,0.5084358974358979,930,1000,2,2,2988.3333333333335,0,0,0,0,0,6.227332353591919,2.2237815856933594,2.0600078105926514,1.3794476985931396,0.03798985481262207,0.014183998107910156
3656,0,0.5084358974358979,930,1000,3,3,3122.6666666666665,0,1,2,0,2,6.228752374649048,2.2242326736450195,2.06060791015625,1.3797211647033691,0.03799605369567871,0.014184951782226562
3657,0,0.5084358974358979,930,1000,1,1,3657.0,0,0,0,1,1,6.230746030807495,2.2250168323516846,2.061715602874756,1.3797211647033691,0.03799605369567871,0.014186382293701172
3658,0,0.5084358974358979,931,1000,2,2,3058.0,0,0,2,0,1,6.233089208602905,2.2260782718658447,2.062462091445923,1.380068063735962,0.03801751136779785,0.01419210433959961
3659,0,0.5084358974358979,931,1000,1,1,2059.0,0,0,1,0,1,6.234890460968018,2.2268476486206055,2.0631699562072754,1.3802738189697266,0.038030147552490234,0.014194488525390625
3660,0,0.5084358974358979,930,1000,1,1,460.0,0,0,1,0,2,6.236368417739868,2.227414846420288,2.0637917518615723,1.3804616928100586,0.03803753852844238,0.014197587966918945
3661,0,0.5084358974358979,930,1000,2,2,3061.0,0,0,2,0,2,6.237816095352173,2.2278406620025635,2.064396381378174,1.3807563781738281,0.038045644760131836,0.014199256896972656
3662,0,0.5084358974358979,930,1000,1,1,3662.0,0,0,0,1,1,6.238569021224976,2.228281259536743,2.0646779537200928,1.3807563781738281,0.038045644760131836,0.014200448989868164
3663,0,0.5084358974358979,930,1000,3,3,3129.6666666666665,0,0,1,0,2,6.240055322647095,2.228726387023926,2.0652709007263184,1.3810853958129883,0.03805279731750488,0.014201641082763672
3664,0,0.5084358974358979,930,1000,3,3,2864.0,0,1,1,0,2,6.241606950759888,2.22920823097229,2.065904140472412,1.3813848495483398,0.038059234619140625,0.014203071594238281
3665,0,0.5084358974358979,930,1000,2,2,3065.0,0,0,2,0,2,6.243093729019165,2.22967267036438,2.0665054321289062,1.3817148208618164,0.03806567192077637,0.014204263687133789
3666,0,0.5084358974358979,931,1000,3,3,2866.0,0,0,1,0,1,6.244580984115601,2.2301013469696045,2.067089796066284,1.3820321559906006,0.03807234764099121,0.014205694198608398
3667,0,0.5084358974358979,932,1000,1,1,3267.0,0,0,2,0,1,6.248720169067383,2.2305850982666016,2.068185806274414,1.384493112564087,0.03807687759399414,0.014207124710083008
3668,0,0.5084358974358979,932,1000,2,2,3268.0,0,0,2,0,2,6.251016616821289,2.2316672801971436,2.06890606880188,1.3848237991333008,0.03809833526611328,0.01421213150024414
3669,0,0.5084358974358979,932,1000,1,1,3269.0,0,0,2,0,2,6.252690553665161,2.232334613800049,2.0695035457611084,1.3851265907287598,0.03810524940490723,0.01421499252319336
3670,0,0.5084358974358979,932,1000,1,1,3670.0,0,0,0,1,1,6.253396272659302,2.2327229976654053,2.0697920322418213,1.3851265907287598,0.03810524940490723,0.014216423034667969
3671,0,0.5084358974358979,932,1000,1,1,1671.0,0,0,2,0,2,6.254899978637695,2.2332162857055664,2.070403814315796,1.385441780090332,0.03811049461364746,0.01421809196472168
3672,0,0.5084358974358979,933,1000,1,1,2872.0,0,0,2,0,1,6.256309509277344,2.2336983680725098,2.0709588527679443,1.3857362270355225,0.038115501403808594,0.014219284057617188
3673,0,0.5084358974358979,933,1000,1,1,3273.0,0,0,2,0,2,6.259558916091919,2.2341558933258057,2.0716097354888916,1.3877713680267334,0.03812003135681152,0.014220476150512695
3674,0,0.5084358974358979,932,1000,2,2,2874.0,0,0,1,0,2,6.261052846908569,2.234712839126587,2.0722062587738037,1.3880200386047363,0.03813052177429199,0.014222145080566406
3675,0,0.5084358974358979,932,1000,2,2,2741.6666666666665,0,0,1,0,1,6.262501955032349,2.2352097034454346,2.0728578567504883,1.388228416442871,0.038137197494506836,0.014223575592041016
3676,0,0.5084358974358979,932,1000,1,1,3676.0,0,0,0,1,1,6.264580488204956,2.236478805541992,2.0735888481140137,1.388228416442871,0.038137197494506836,0.014228582382202148
3677,0,0.5084358974358979,932,1000,1,1,3677.0,0,0,0,1,1,6.2658774852752686,2.237452268600464,2.0738775730133057,1.388228416442871,0.038137197494506836,0.014233112335205078
3678,0,0.5084358974358979,932,1000,3,3,3144.6666666666665,0,0,2,0,2,6.2676990032196045,2.2380073070526123,2.0746066570281982,1.38858962059021,0.03815579414367676,0.014246940612792969
3679,0,0.5084358974358979,932,1000,3,3,2612.3333333333335,0,0,2,0,2,6.269508361816406,2.238734483718872,2.0752367973327637,1.3889269828796387,0.038172245025634766,0.014249801635742188
3680,0,0.5084358974358979,932,1000,2,2,3520.6666666666665,0,0,1,0,1,6.270975112915039,2.2392375469207764,2.075828790664673,1.3892199993133545,0.038179874420166016,0.014251470565795898
3681,0,0.5084358974358979,932,1000,1,1,3681.0,0,0,0,1,1,6.271792411804199,2.239694595336914,2.0761559009552,1.3892199993133545,0.038179874420166016,0.01425313949584961
3682,0,0.5084358974358979,932,1000,1,1,3682.0,0,0,0,1,1,6.2725958824157715,2.240161895751953,2.076464891433716,1.3892199993133545,0.038179874420166016,0.014254331588745117
3683,0,0.5084358974358979,932,1000,1,1,3683.0,0,0,0,1,1,6.273382186889648,2.240621328353882,2.076765775680542,1.3892199993133545,0.038179874420166016,0.014255523681640625
3684,0,0.5084358974358979,932,1000,2,2,3084.0,0,0,2,0,2,6.274802923202515,2.2410616874694824,2.077380895614624,1.3895049095153809,0.03818869590759277,0.014256715774536133
3685,0,0.5084358974358979,932,1000,2,2,3085.0,0,1,1,0,2,6.276251316070557,2.2414588928222656,2.077955484390259,1.3898301124572754,0.03819632530212402,0.01425790786743164
3686,0,0.5084358974358979,932,1000,1,1,2486.0,0,0,2,0,2,6.277824640274048,2.241901159286499,2.078655958175659,1.3901751041412354,0.038201332092285156,0.014259576797485352
3687,0,0.5084358974358979,933,1000,2,2,2487.0,0,0,2,0,1,6.280889511108398,2.2428295612335205,2.0797224044799805,1.391021966934204,0.03823971748352051,0.014263153076171875
3688,0,0.5084358974358979,933,1000,3,3,3154.6666666666665,0,0,2,0,2,6.283198118209839,2.243880271911621,2.08044695854187,1.3913886547088623,0.038260698318481445,0.014269351959228516
3689,0,0.5084358974358979,933,1000,1,1,3689.0,0,0,0,1,1,6.284487724304199,2.244689464569092,2.0808777809143066,1.3913886547088623,0.038260698318481445,0.014272212982177734
3690,0,0.5084358974358979,933,1000,1,1,2090.0,0,0,2,0,2,6.286075830459595,2.2451653480529785,2.0814995765686035,1.3917515277862549,0.038274288177490234,0.014275550842285156
3691,0,0.5084358974358979,933,1000,2,1,3691.0,0,0,0,1,1,6.286894798278809,2.245623826980591,2.081822395324707,1.3917515277862549,0.038274288177490234,0.014276981353759766
3692,0,0.5084358974358979,933,1000,1,1,3292.0,0,0,2,0,2,6.288315773010254,2.2461061477661133,2.082397937774658,1.392040491104126,0.03827977180480957,0.014278173446655273
3693,0,0.5084358974358979,932,1000,3,3,3093.0,0,0,1,0,2,6.289783239364624,2.2466042041778564,2.083005905151367,1.3923051357269287,0.03828716278076172,0.014280080795288086
3694,0,0.5084358974358979,931,1000,2,2,3094.0,0,0,2,0,2,6.295232772827148,2.2470829486846924,2.0838968753814697,1.3962733745574951,0.03829383850097656,0.014281749725341797
3695,0,0.5084358974358979,931,1000,4,4,2695.0,0,1,1,0,2,6.2990546226501465,2.2484934329986572,2.085259199142456,1.3970201015472412,0.0383303165435791,0.014286518096923828
3696,0,0.5084358974358979,933,1000,1,1,3296.0,0,0,2,0,0,6.302428722381592,2.250061511993408,2.0863428115844727,1.397531270980835,0.03835606575012207,0.01429295539855957
3697,0,0.5084358974358979,933,1000,3,3,2897.0,0,0,2,0,2,6.30437159538269,2.251004695892334,2.0869157314300537,1.3978288173675537,0.0383763313293457,0.014298439025878906
3698,0,0.5084358974358979,934,1000,1,1,3298.0,0,0,2,0,1,6.3058435916900635,2.2514986991882324,2.0874922275543213,1.3981454372406006,0.038381338119506836,0.014300107955932617
3699,0,0.5084358974358979,934,1000,1,1,3699.0,0,0,0,1,1,6.306588649749756,2.2518935203552246,2.0878121852874756,1.3981454372406006,0.038381338119506836,0.014301776885986328
3700,0,0.5084358974358979,934,1000,1,1,2900.0,0,0,2,0,2,6.308106899261475,2.2523865699768066,2.088406562805176,1.3984832763671875,0.03838658332824707,0.014302968978881836
3701,0,0.5084358974358979,934,1000,2,2,2701.0,0,0,2,0,2,6.309813976287842,2.252861261367798,2.089202642440796,1.3988242149353027,0.03839373588562012,0.014304399490356445
3702,0,0.5084358974358979,934,1000,3,3,2902.0,0,0,2,0,2,6.312126874923706,2.253871202468872,2.0899598598480225,1.3991811275482178,0.03841090202331543,0.014310359954833984
3703,0,0.5084358974358979,934,1000,3,2,2903.0,0,0,2,0,2,6.316587448120117,2.2548303604125977,2.090890645980835,1.4014978408813477,0.03843808174133301,0.014313459396362305
3704,0,0.5084358974358979,934,1000,1,1,3304.0,0,0,0,0,0,6.317873954772949,2.2559733390808105,2.0908913612365723,1.4014978408813477,0.03845548629760742,0.01432037353515625
3705,0,0.5084358974358979,935,1000,1,1,3705.0,0,0,0,1,0,6.318810701370239,2.2564644813537598,2.091301202774048,1.4014978408813477,0.03845548629760742,0.014322042465209961
3706,0,0.5084358974358979,935,1000,2,2,3106.0,0,0,2,0,2,6.320399045944214,2.2569503784179688,2.091919422149658,1.4018731117248535,0.03846287727355957,0.01433706283569336
3707,0,0.5084358974358979,935,1000,2,2,3307.0,0,0,2,0,2,6.321936368942261,2.2574403285980225,2.0925047397613525,1.4021916389465332,0.03847026824951172,0.014338493347167969
3708,0,0.5084358974358979,935,1000,2,2,3108.0,0,0,1,0,2,6.323388576507568,2.257873773574829,2.093104362487793,1.4024994373321533,0.038477182388305664,0.014339923858642578
3709,0,0.5084358974358979,935,1000,1,1,3309.0,0,0,2,0,2,6.324854850769043,2.2583534717559814,2.093684673309326,1.4028170108795166,0.0384824275970459,0.014341115951538086
3710,0,0.5084358974358979,935,1000,1,1,3310.0,0,0,2,0,2,6.326617479324341,2.258775472640991,2.094566822052002,1.4032156467437744,0.03848719596862793,0.014342784881591797
3711,0,0.5084358974358979,935,1000,1,1,2511.0,0,0,0,0,0,6.327784299850464,2.2597618103027344,2.0945680141448975,1.4032156467437744,0.03850913047790527,0.014348745346069336
3712,0,0.5084358974358979,935,1000,1,1,3712.0,0,0,0,1,1,6.329952716827393,2.260863780975342,2.095550060272217,1.4032156467437744,0.03850913047790527,0.014352560043334961
3713,0,0.5084358974358979,935,1000,3,3,3179.6666666666665,0,0,2,0,2,6.333342790603638,2.2623131275177,2.0967068672180176,1.4037699699401855,0.03853583335876465,0.014359235763549805
3714,0,0.5084358974358979,936,1000,4,4,2314.0,0,1,2,0,1,6.3370890617370605,2.2636780738830566,2.098094940185547,1.4043989181518555,0.03857612609863281,0.01436471939086914
3715,0,0.5084358974358979,937,1000,1,1,2915.0,0,0,2,0,1,6.34016489982605,2.2652394771575928,2.09889817237854,1.404881238937378,0.03860664367675781,0.01437234878540039
3716,0,0.5084358974358979,937,1000,1,1,3716.0,0,0,0,1,1,6.3413214683532715,2.266017198562622,2.099231481552124,1.404881238937378,0.03860664367675781,0.014376163482666016
3717,0,0.5084358974358979,937,1000,2,2,3317.0,0,0,2,0,2,6.3437340259552,2.266793727874756,2.100193500518799,1.4053456783294678,0.03862810134887695,0.014378070831298828
3718,0,0.5084358974358979,937,1000,2,2,2918.0,0,0,2,0,2,6.345865964889526,2.2677161693573,2.100861072540283,1.4057087898254395,0.038645267486572266,0.014382600784301758
3719,0,0.5084358974358979,937,1000,3,3,2319.0,0,0,2,0,2,6.348919630050659,2.269030809402466,2.101846218109131,1.406221628189087,0.03867077827453613,0.014387369155883789
3720,0,0.5084358974358979,936,1000,1,1,2520.0,0,0,1,0,2,6.350897312164307,2.269958019256592,2.1025586128234863,1.4064395427703857,0.038684844970703125,0.014391660690307617
3721,0,0.5084358974358979,935,1000,1,1,3321.0,0,0,1,0,2,6.352570533752441,2.2706291675567627,2.103203535079956,1.4066967964172363,0.03869271278381348,0.014394998550415039
3722,0,0.5084358974358979,934,1000,1,1,2922.0,0,0,1,0,2,6.353920936584473,2.271092653274536,2.103811025619507,1.4068841934204102,0.03869795799255371,0.014396905899047852
3723,0,0.5084358974358979,934,1000,3,3,3189.6666666666665,0,1,1,0,2,6.355443239212036,2.2715017795562744,2.104423761367798,1.4072299003601074,0.03870558738708496,0.01439809799194336
3724,0,0.5084358974358979,936,1000,2,2,3124.0,0,0,2,0,0,6.356929302215576,2.272005796432495,2.1050069332122803,1.4075472354888916,0.038712263107299805,0.014399528503417969
3725,0,0.5084358974358979,936,1000,2,2,3125.0,0,1,1,0,2,6.358654499053955,2.27248215675354,2.105696439743042,1.4079220294952393,0.03871917724609375,0.014400720596313477
3726,0,0.5084358974358979,936,1000,1,1,3326.0,0,0,2,0,2,6.360411882400513,2.2731401920318604,2.10632586479187,1.4082744121551514,0.038728952407836914,0.014403820037841797
3727,0,0.5084358974358979,936,1000,1,1,1327.0,0,0,1,0,1,6.361732006072998,2.273594856262207,2.106917142868042,1.4084665775299072,0.03873395919799805,0.014405250549316406
3728,0,0.5084358974358979,936,1000,2,2,3128.0,0,1,2,0,2,6.364194631576538,2.274099349975586,2.108292579650879,1.408876895904541,0.03874373435974121,0.014406919479370117
3729,0,0.5084358974358979,936,1000,1,1,3329.0,0,0,2,0,2,6.366462707519531,2.2751505374908447,2.1089601516723633,1.4092676639556885,0.03876209259033203,0.01441335678100586
3730,0,0.5084358974358979,936,1000,3,3,3196.6666666666665,0,0,1,0,2,6.368603944778442,2.2758023738861084,2.1098203659057617,1.409684181213379,0.03878164291381836,0.014418601989746094
3731,0,0.5084358974358979,936,1000,3,3,3197.6666666666665,0,0,2,0,2,6.370493173599243,2.276566505432129,2.1104488372802734,1.4100124835968018,0.03879237174987793,0.014421939849853516
3732,0,0.5084358974358979,936,1000,2,2,2932.0,0,0,1,0,2,6.37213921546936,2.2771310806274414,2.1110668182373047,1.4103381633758545,0.03880047798156738,0.014423370361328125
3733,0,0.5084358974358979,936,1000,1,1,2933.0,0,0,2,0,2,6.373765707015991,2.27761173248291,2.111758232116699,1.4106931686401367,0.03880572319030762,0.014425039291381836
3734,0,0.5084358974358979,937,1000,2,2,2934.0,0,0,2,0,1,6.376017093658447,2.2784717082977295,2.1125869750976562,1.4111008644104004,0.038826704025268555,0.01442861557006836
3735,0,0.5084358974358979,937,1000,1,1,3335.0,0,0,2,0,2,6.377611398696899,2.279043197631836,2.1132099628448486,1.4114024639129639,0.0388333797454834,0.014444828033447266
3736,0,0.5084358974358979,936,1000,1,1,3336.0,0,0,1,0,2,6.3790342807769775,2.279514789581299,2.1138288974761963,1.4116463661193848,0.038839101791381836,0.01444697380065918
3737,0,0.5084358974358979,935,1000,3,3,2937.0,0,0,1,0,2,6.381908178329468,2.280749797821045,2.1148085594177246,1.412104845046997,0.03886699676513672,0.014450550079345703
3738,0,0.5084358974358979,935,1000,1,1,2938.0,0,0,2,0,2,6.38420295715332,2.2816615104675293,2.1156604290008545,1.4124855995178223,0.038887739181518555,0.01445460319519043
3739,0,0.5084358974358979,935,1000,1,1,539.0,0,0,2,0,2,6.386101007461548,2.2824673652648926,2.116316556930542,1.4128165245056152,0.03890180587768555,0.01445913314819336
3740,0,0.5084358974358979,935,1000,1,1,2540.0,0,0,0,0,0,6.386758089065552,2.283027410507202,2.116316795349121,1.4128165245056152,0.038907527923583984,0.014461040496826172
3741,0,0.5084358974358979,935,1000,2,1,2541.0,0,0,2,0,2,6.388247013092041,2.283506155014038,2.1169519424438477,1.4131066799163818,0.03891181945800781,0.01446223258972168
3742,0,0.5084358974358979,934,1000,1,1,2142.0,0,0,1,0,2,6.38956880569458,2.283966064453125,2.117527484893799,1.413301944732666,0.03891706466674805,0.014463663101196289
3743,0,0.5084358974358979,934,1000,1,1,3343.0,0,0,2,0,2,6.391209602355957,2.2844955921173096,2.1182174682617188,1.41363525390625,0.0389246940612793,0.014464855194091797
3744,0,0.5084358974358979,934,1000,2,2,2744.0,0,0,2,0,2,6.3927624225616455,2.284996509552002,2.1188344955444336,1.4139649868011475,0.038933515548706055,0.014467716217041016
3745,0,0.5084358974358979,934,1000,2,2,3145.0,0,0,2,0,2,6.394248723983765,2.2854487895965576,2.1194467544555664,1.4143028259277344,0.0389404296875,0.014469385147094727
3746,0,0.5084358974358979,934,1000,1,1,3746.0,0,0,0,1,1,6.39500880241394,2.285857677459717,2.1197683811187744,1.4143028259277344,0.0389404296875,0.014470815658569336
3747,0,0.5084358974358979,934,1000,2,2,2747.0,0,0,2,0,2,6.397411823272705,2.2863757610321045,2.1211752891540527,1.4146795272827148,0.038949012756347656,0.014472007751464844
3748,0,0.5084358974358979,933,1000,1,1,1748.0,0,0,1,0,2,6.399522542953491,2.2874748706817627,2.1218385696411133,1.4148845672607422,0.03896927833557129,0.01447916030883789
3749,0,0.5084358974358979,934,1000,1,1,3749.0,0,0,0,1,0,6.40073037147522,2.2882680892944336,2.122208833694458,1.4148845672607422,0.03896927833557129,0.014481544494628906
3750,0,0.5084358974358979,935,1000,2,2,2350.0,0,0,2,0,1,6.402272701263428,2.2887511253356934,2.1227939128875732,1.4152369499206543,0.038984060287475586,0.014483451843261719
3751,0,0.5084358974358979,936,1000,2,2,2951.0,0,0,1,0,1,6.403901815414429,2.28926682472229,2.1233842372894287,1.4155917167663574,0.038991451263427734,0.014484882354736328
3752,0,0.5084358974358979,936,1000,2,2,2752.0,0,0,0,0,0,6.40454888343811,2.2897605895996094,2.123384475708008,1.4155917167663574,0.03899884223937988,0.014486551284790039
3753,0,0.5084358974358979,937,1000,2,2,3153.0,0,0,2,0,1,6.406793117523193,2.290407419204712,2.124423027038574,1.415982723236084,0.039018869400024414,0.014487743377685547
3754,0,0.5084358974358979,937,1000,1,1,3354.0,0,0,0,0,0,6.40795636177063,2.291405200958252,2.1244239807128906,1.415982723236084,0.03903627395629883,0.014491558074951172
3755,0,0.5084358974358979,936,1000,2,1,3355.0,0,0,1,0,2,6.4102091789245605,2.2923967838287354,2.125281810760498,1.416250467300415,0.039048194885253906,0.014495134353637695
3756,0,0.5084358974358979,936,1000,2,2,3156.0,0,1,1,0,2,6.4119651317596436,2.293105125427246,2.125873565673828,1.4165687561035156,0.039058685302734375,0.01449894905090332
3757,0,0.5084358974358979,936,1000,2,2,2957.0,0,0,2,0,2,6.414698123931885,2.2941441535949707,2.12683367729187,1.4171271324157715,0.03908562660217285,0.01450037956237793
3758,0,0.5084358974358979,936,1000,3,3,2658.0,0,0,2,0,2,6.417323112487793,2.2953474521636963,2.1277053356170654,1.4174926280975342,0.039108991622924805,0.014505624771118164
3759,0,0.5084358974358979,936,1000,3,3,3159.0,0,0,1,0,1,6.419735431671143,2.2965338230133057,2.1285171508789062,1.417743444442749,0.03913092613220215,0.014511823654174805
3760,0,0.5084358974358979,937,1000,4,4,2960.0,0,1,2,0,1,6.422323703765869,2.297211170196533,2.1294209957122803,1.4185919761657715,0.039144039154052734,0.014515161514282227
3761,0,0.5084358974358979,937,1000,1,1,2561.0,0,0,2,0,2,6.424466848373413,2.2982537746429443,2.130049467086792,1.4189088344573975,0.03916358947753906,0.01452016830444336
3762,0,0.5084358974358979,938,1000,2,2,2762.0,0,0,2,0,1,6.426347732543945,2.298896074295044,2.1307358741760254,1.4192543029785156,0.039182424545288086,0.014523029327392578
3763,0,0.5084358974358979,937,1000,1,1,2963.0,0,0,1,0,2,6.427819728851318,2.299453020095825,2.1313276290893555,1.4194788932800293,0.03918886184692383,0.014536380767822266
3764,0,0.5084358974358979,938,1000,1,1,3364.0,0,0,2,0,1,6.429564714431763,2.299870729446411,2.1320343017578125,1.4200060367584229,0.03919410705566406,0.014537811279296875
3765,0,0.5084358974358979,938,1000,2,2,2965.0,0,0,2,0,2,6.432530641555786,2.3011314868927,2.1331212520599365,1.4204440116882324,0.039221763610839844,0.014544248580932617
3766,0,0.5084358974358979,939,1000,2,2,3166.0,0,0,2,0,1,6.435068607330322,2.302440643310547,2.1338555812835693,1.4208054542541504,0.03924226760864258,0.014549970626831055
3767,0,0.5084358974358979,939,1000,2,2,2567.0,0,0,2,0,2,6.436875820159912,2.3031389713287354,2.1345365047454834,1.4211342334747314,0.03925132751464844,0.01455378532409668
3768,0,0.5084358974358979,939,1000,4,4,2648.0,0,0,1,0,1,6.438706159591675,2.303903818130493,2.135223388671875,1.4213991165161133,0.03926658630371094,0.014557361602783203
3769,0,0.5084358974358979,939,1000,1,1,2569.0,0,0,2,0,2,6.440184593200684,2.30438232421875,2.1358234882354736,1.4217023849487305,0.03927206993103027,0.014559030532836914
3770,0,0.5084358974358979,939,1000,1,1,2970.0,0,0,2,0,2,6.441619873046875,2.3048131465911865,2.13643479347229,1.421992540359497,0.039276838302612305,0.014560461044311523
3771,0,0.5084358974358979,939,1000,1,1,2171.0,0,0,2,0,2,6.4430389404296875,2.305272340774536,2.1370108127593994,1.4223036766052246,0.039281606674194336,0.014561891555786133
3772,0,0.5084358974358979,940,1000,1,1,2172.0,0,0,2,0,1,6.444530248641968,2.305756092071533,2.1376192569732666,1.4226150512695312,0.03928661346435547,0.014563322067260742
3773,0,0.5084358974358979,940,1000,1,1,2573.0,0,0,2,0,2,6.446347713470459,2.3061935901641846,2.1383862495422363,1.4231290817260742,0.03929615020751953,0.014564752578735352
3774,0,0.5084358974358979,940,1000,2,2,2974.0,0,1,2,0,2,6.449321269989014,2.307525396347046,2.139394998550415,1.4235405921936035,0.0393218994140625,0.014569759368896484
3775,0,0.5084358974358979,941,1000,1,1,3375.0,0,0,2,0,1,6.455248117446899,2.3086369037628174,2.140815496444702,1.4267542362213135,0.0393373966217041,0.01457357406616211
3776,0,0.5084358974358979,941,1000,1,1,1776.0,0,0,0,0,0,6.457033157348633,2.3102200031280518,2.1408169269561768,1.4267542362213135,0.03936433792114258,0.01458120346069336
3777,0,0.5084358974358979,941,1000,1,1,3377.0,0,0,2,0,2,6.460063457489014,2.3114986419677734,2.1419639587402344,1.4272029399871826,0.039383888244628906,0.014586925506591797
3778,0,0.5084358974358979,941,1000,1,1,3778.0,0,0,0,1,1,6.4618425369262695,2.312641143798828,2.1425318717956543,1.4272029399871826,0.039383888244628906,0.014592647552490234
3779,0,0.5084358974358979,941,1000,2,2,3179.0,0,0,2,0,2,6.4647839069366455,2.3137288093566895,2.14355206489563,1.4278414249420166,0.039412498474121094,0.014595746994018555
3780,0,0.5084358974358979,941,1000,1,1,3380.0,0,0,1,0,1,6.466951847076416,2.3147246837615967,2.1442928314208984,1.4281001091003418,0.03943157196044922,0.01460123062133789
3781,0,0.5084358974358979,941,1000,1,1,3781.0,0,0,0,1,1,6.46802020072937,2.3154420852661133,2.1446030139923096,1.4281001091003418,0.03943157196044922,0.014604568481445312
3782,0,0.5084358974358979,940,1000,1,1,2182.0,0,0,1,0,2,6.469410419464111,2.3159258365631104,2.145238161087036,1.4282822608947754,0.03944134712219238,0.01460576057434082
3783,0,0.5084358974358979,940,1000,3,3,3249.6666666666665,0,0,2,0,2,6.470860004425049,2.316429376602173,2.1458499431610107,1.4285509586334229,0.03944849967956543,0.01460719108581543
3784,0,0.5084358974358979,941,1000,1,1,3784.0,0,0,0,1,0,6.4716551303863525,2.316905975341797,2.1461434364318848,1.4285509586334229,0.03944849967956543,0.014608621597290039
3785,0,0.5084358974358979,941,1000,2,2,1585.0,0,0,2,0,2,6.473259449005127,2.3173952102661133,2.1468095779418945,1.4288997650146484,0.039455413818359375,0.014609813690185547
3786,0,0.5084358974358979,941,1000,2,2,3119.3333333333335,0,0,2,0,2,6.4747490882873535,2.317843437194824,2.147404193878174,1.4292290210723877,0.03946232795715332,0.014611482620239258
3787,0,0.5084358974358979,941,1000,1,1,2987.0,0,0,2,0,2,6.476369142532349,2.3183319568634033,2.1480655670166016,1.4296085834503174,0.03946733474731445,0.014613151550292969
3788,0,0.5084358974358979,941,1000,2,1,2988.0,0,0,2,0,2,6.4778547286987305,2.3187685012817383,2.1487197875976562,1.4299159049987793,0.039472341537475586,0.014614343643188477
3789,0,0.5084358974358979,941,1000,1,1,3789.0,0,0,0,1,1,6.4785850048065186,2.3191771507263184,2.149014711380005,1.4299159049987793,0.039472341537475586,0.014615774154663086
3790,0,0.5084358974358979,942,1000,1,1,3390.0,0,0,2,0,1,6.483021974563599,2.3197457790374756,2.150139093399048,1.4323973655700684,0.03949332237243652,0.014616966247558594
3791,0,0.5084358974358979,941,1000,2,2,2591.0,0,0,1,0,2,6.485755920410156,2.3210337162017822,2.1510672569274902,1.432668924331665,0.0395200252532959,0.014646053314208984
3792,0,0.5084358974358979,941,1000,3,3,3258.6666666666665,0,0,2,0,2,6.488420724868774,2.322085380554199,2.1521284580230713,1.433067798614502,0.039540767669677734,0.01465153694152832
3793,0,0.5084358974358979,941,1000,1,1,3393.0,0,0,2,0,2,6.491042613983154,2.3231780529022217,2.153096914291382,1.4334263801574707,0.03956174850463867,0.014655828475952148
3794,0,0.5084358974358979,941,1000,1,1,3794.0,0,0,0,1,1,6.492272853851318,2.3240556716918945,2.1533987522125244,1.4334263801574707,0.03956174850463867,0.014659643173217773
3795,0,0.5084358974358979,941,1000,1,1,3395.0,0,0,2,0,2,6.493814706802368,2.3245344161987305,2.154021739959717,1.4337573051452637,0.03957486152648926,0.014660835266113281
3796,0,0.5084358974358979,941,1000,1,1,3396.0,0,0,2,0,2,6.4953272342681885,2.3249852657318115,2.154676675796509,1.434072732925415,0.03958010673522949,0.014662027359008789
3797,0,0.5084358974358979,942,1000,2,2,2997.0,0,0,1,0,1,6.498569488525391,2.325990676879883,2.1557698249816895,1.4349408149719238,0.039608001708984375,0.014663934707641602
3798,0,0.5084358974358979,942,1000,1,1,3398.0,0,0,1,0,1,6.501274585723877,2.327298402786255,2.1567184925079346,1.4352381229400635,0.03963136672973633,0.014672040939331055
3799,0,0.5084358974358979,943,1000,1,1,3799.0,0,0,0,1,0,6.50230860710144,2.3280155658721924,2.1569983959198,1.4352381229400635,0.03963136672973633,0.014676094055175781
3800,0,0.5084358974358979,943,1000,2,2,3133.3333333333335,0,0,1,0,1,6.5036516189575195,2.328451156616211,2.1575798988342285,1.4354498386383057,0.0396418571472168,0.01467752456665039
3801,0,0.5084358974358979,943,1000,2,2,2801.0,0,0,2,0,2,6.505270004272461,2.328899621963501,2.158240556716919,1.4357988834381104,0.039649248123168945,0.014678955078125
3802,0,0.5084358974358979,943,1000,1,1,3002.0,0,0,0,0,0,6.5064709186553955,2.3299267292022705,2.1582417488098145,1.4357988834381104,0.03966546058654785,0.014682292938232422
3803,0,0.5084358974358979,943,1000,1,1,3003.0,0,0,2,0,2,6.508296012878418,2.330451488494873,2.159065008163452,1.436187744140625,0.03966999053955078,0.01468515396118164
3804,0,0.5084358974358979,943,1000,1,1,3404.0,0,0,2,0,2,6.509816646575928,2.330937385559082,2.1596691608428955,1.4365293979644775,0.039674997329711914,0.014686822891235352
3805,0,0.5084358974358979,943,1000,1,1,2205.0,0,0,2,0,2,6.5112597942352295,2.331350564956665,2.160273313522339,1.4368679523468018,0.03968000411987305,0.014688253402709961
3806,0,0.5084358974358979,942,1000,2,2,2872.6666666666665,0,0,1,0,2,6.5126793384552,2.33182692527771,2.160936117172241,1.4370527267456055,0.03968691825866699,0.014689922332763672
3807,0,0.5084358974358979,942,1000,1,1,3007.0,0,0,2,0,2,6.516135215759277,2.3331737518310547,2.1621971130371094,1.4377012252807617,0.03971290588378906,0.014694690704345703
3808,0,0.5084358974358979,942,1000,3,3,2474.6666666666665,0,1,2,0,2,6.519110441207886,2.3343238830566406,2.163316011428833,1.4381823539733887,0.039737701416015625,0.014701128005981445
3809,0,0.5084358974358979,941,1000,2,1,3409.0,0,0,1,0,2,6.521505832672119,2.3353209495544434,2.1643283367156982,1.438429594039917,0.039754390716552734,0.01470637321472168
3810,0,0.5084358974358979,942,1000,2,2,3210.0,0,0,2,0,1,6.525224924087524,2.3366222381591797,2.1659598350524902,1.4389793872833252,0.03979372978210449,0.014713287353515625
3811,0,0.5084358974358979,942,1000,1,1,3411.0,0,0,2,0,2,6.5281617641448975,2.337845802307129,2.1669771671295166,1.4394757747650146,0.039826393127441406,0.014719486236572266
3812,0,0.5084358974358979,942,1000,1,1,2212.0,0,0,2,0,2,6.535590410232544,2.339263439178467,2.1681172847747803,1.4440574645996094,0.039870262145996094,0.0147247314453125
3813,0,0.5084358974358979,941,1000,2,2,2879.6666666666665,0,0,1,0,2,6.538718938827515,2.3404488563537598,2.1692378520965576,1.4446489810943604,0.03989744186401367,0.014730215072631836
3814,0,0.5084358974358979,940,1000,3,3,3314.0,0,0,1,0,2,6.541468381881714,2.341557502746582,2.1702768802642822,1.445054531097412,0.03992486000061035,0.014736413955688477
3815,0,0.5084358974358979,940,1000,1,1,1015.0,0,0,2,0,2,6.543346643447876,2.3423609733581543,2.170924663543701,1.4453551769256592,0.0399327278137207,0.014740943908691406
3816,0,0.5084358974358979,940,1000,1,1,3816.0,0,0,0,1,1,6.544158935546875,2.3428571224212646,2.171210289001465,1.4453551769256592,0.0399327278137207,0.014742612838745117
3817,0,0.5084358974358979,940,1000,1,1,3417.0,0,0,2,0,2,6.546202659606934,2.3433823585510254,2.1722805500030518,1.445707082748413,0.03993868827819824,0.014744043350219727
3818,0,0.5084358974358979,940,1000,1,1,3818.0,0,0,0,1,1,6.54868483543396,2.344841718673706,2.173196792602539,1.445707082748413,0.03993868827819824,0.01475214958190918
3819,0,0.5084358974358979,941,1000,3,3,3285.6666666666665,0,0,2,0,1,6.55184006690979,2.346259832382202,2.1741931438446045,1.4461889266967773,0.03996610641479492,0.01475977897644043
3820,0,0.5084358974358979,942,1000,2,2,2820.0,0,0,2,0,1,6.55463719367981,2.3473377227783203,2.1752736568450928,1.4466164112091064,0.03998756408691406,0.014764547348022461
3821,0,0.5084358974358979,942,1000,1,1,3021.0,0,0,2,0,2,6.557677984237671,2.348694324493408,2.1762444972991943,1.447150468826294,0.040007591247558594,0.014770030975341797
3822,0,0.5084358974358979,941,1000,3,2,2888.6666666666665,0,0,1,0,2,6.559678077697754,2.3497564792633057,2.1768527030944824,1.44734787940979,0.040024518966674805,0.014774084091186523
3823,0,0.5084358974358979,941,1000,2,2,3023.0,0,0,2,0,2,6.5619165897369385,2.3502418994903564,2.17789363861084,1.4478907585144043,0.04003143310546875,0.014775753021240234
3824,0,0.5084358974358979,941,1000,1,1,3424.0,0,0,2,0,2,6.566167116165161,2.3516781330108643,2.179647922515869,1.4486854076385498,0.04006028175354004,0.014782190322875977
3825,0,0.5084358974358979,941,1000,1,1,3025.0,0,0,2,0,2,6.569498062133789,2.3531620502471924,2.180769920349121,1.449171543121338,0.040084123611450195,0.014792919158935547
3826,0,0.5084358974358979,940,1000,1,1,1426.0,0,0,1,0,2,6.57205867767334,2.35410475730896,2.181903600692749,1.4494609832763672,0.04010295867919922,0.014796733856201172
3827,0,0.5084358974358979,940,1000,4,4,3127.0,0,1,1,0,2,6.574793338775635,2.35532808303833,2.1828224658966064,1.449831485748291,0.04012441635131836,0.014803886413574219
3828,0,0.5084358974358979,940,1000,2,1,3028.0,0,0,2,0,2,6.576811075210571,2.355959892272949,2.183802604675293,1.4501287937164307,0.04013228416442871,0.014806985855102539
3829,0,0.5084358974358979,940,1000,2,2,3162.3333333333335,0,0,2,0,2,6.57999324798584,2.3571252822875977,2.1852850914001465,1.4504578113555908,0.04015684127807617,0.01481318473815918
3830,0,0.5084358974358979,940,1000,1,1,3430.0,0,0,1,0,1,6.583178281784058,2.3586151599884033,2.186352252960205,1.4508845806121826,0.04017972946166992,0.01482248306274414
3831,0,0.5084358974358979,941,1000,2,2,2631.0,0,1,2,0,1,6.585325002670288,2.359586238861084,2.186986207962036,1.4512372016906738,0.04019641876220703,0.014827489852905273
3832,0,0.5084358974358979,941,1000,1,1,3432.0,0,0,2,0,2,6.587368965148926,2.3601176738739014,2.188004970550537,1.4516236782073975,0.040204763412475586,0.014829397201538086
3833,0,0.5084358974358979,942,1000,1,1,2633.0,0,0,2,0,1,6.589905023574829,2.3610904216766357,2.1889917850494385,1.452033281326294,0.0402219295501709,0.01483464241027832
3834,0,0.5084358974358979,942,1000,3,3,2500.6666666666665,0,0,2,0,2,6.592869997024536,2.3621418476104736,2.1900293827056885,1.4525537490844727,0.040242671966552734,0.014838218688964844
3835,0,0.5084358974358979,942,1000,1,1,3835.0,0,0,0,1,1,6.5945069789886475,2.3631720542907715,2.1905739307403564,1.4525537490844727,0.040242671966552734,0.014844179153442383
3836,0,0.5084358974358979,943,1000,4,4,2836.0,0,1,1,0,1,6.597214460372925,2.3636856079101562,2.192180633544922,1.4529247283935547,0.04026079177856445,0.014847278594970703
3837,0,0.5084358974358979,942,1000,1,1,3437.0,0,0,1,0,2,6.600250005722046,2.3649494647979736,2.193284511566162,1.4533460140228271,0.04028606414794922,0.01485753059387207
3838,0,0.5084358974358979,942,1000,1,1,3838.0,0,0,0,1,1,6.602401971817017,2.366269826889038,2.1940293312072754,1.4533460140228271,0.04028606414794922,0.014867305755615234
3839,0,0.5084358974358979,943,1000,1,1,3439.0,0,0,2,0,1,6.605304956436157,2.3674674034118652,2.19504976272583,1.453848123550415,0.04031181335449219,0.01487421989440918
3840,0,0.5084358974358979,943,1000,2,2,2640.0,0,0,2,0,2,6.607592582702637,2.3685600757598877,2.195711374282837,1.454195499420166,0.04034757614135742,0.014878511428833008
3841,0,0.5084358974358979,943,1000,1,1,3841.0,0,0,0,1,1,6.608592748641968,2.369196653366089,2.196039915084839,1.454195499420166,0.04034757614135742,0.014881134033203125
3842,0,0.5084358974358979,943,1000,4,4,3142.0,0,0,2,0,2,6.610447645187378,2.3697493076324463,2.1968038082122803,1.4545423984527588,0.040364980697631836,0.014882802963256836
3843,0,0.5084358974358979,943,1000,1,1,3843.0,0,0,0,1,1,6.611393213272095,2.370323419570923,2.197141170501709,1.4545423984527588,0.040364980697631836,0.014885902404785156
3844,0,0.5084358974358979,943,1000,3,3,2644.0,0,0,2,0,2,6.617953300476074,2.3707926273345947,2.198188066482544,1.4593822956085205,0.04037785530090332,0.014887094497680664
3845,0,0.5084358974358979,943,1000,2,2,3245.0,0,0,2,0,2,6.620829343795776,2.3719141483306885,2.1993391513824463,1.459801197052002,0.04040026664733887,0.014893531799316406
3846,0,0.5084358974358979,943,1000,2,2,2646.0,0,1,2,0,2,6.623865604400635,2.373278856277466,2.200395107269287,1.46018385887146,0.04042649269104004,0.014900922775268555
3847,0,0.5084358974358979,943,1000,3,3,3047.0,0,0,2,0,2,6.625965356826782,2.3741118907928467,2.2012054920196533,1.460522174835205,0.040435791015625,0.014904975891113281
3848,0,0.5084358974358979,942,1000,1,1,2648.0,0,0,1,0,2,6.627967357635498,2.375066041946411,2.2018768787384033,1.4607279300689697,0.04045224189758301,0.014923572540283203
3849,0,0.5084358974358979,942,1000,1,1,3449.0,0,0,2,0,2,6.630748987197876,2.375605344772339,2.2036705017089844,1.4610702991485596,0.04045891761779785,0.014925956726074219
3850,0,0.5084358974358979,942,1000,1,1,3450.0,0,0,2,0,2,6.634679555892944,2.377192974090576,2.205003261566162,1.4618239402770996,0.04048514366149902,0.014938116073608398
3851,0,0.5084358974358979,942,1000,2,2,3251.0,0,0,2,0,2,6.638014078140259,2.3784236907958984,2.2064318656921387,1.4622771739959717,0.040512800216674805,0.014944076538085938
3852,0,0.5084358974358979,943,1000,2,2,3252.0,0,0,2,0,1,6.64096212387085,2.379666805267334,2.2074790000915527,1.4627227783203125,0.040541648864746094,0.014950037002563477
3853,0,0.5084358974358979,943,1000,2,2,2653.0,0,0,2,0,2,6.643533945083618,2.3808279037475586,2.2083728313446045,1.4630794525146484,0.040563344955444336,0.014954090118408203
3854,0,0.5084358974358979,942,1000,2,2,2920.6666666666665,0,0,2,0,2,6.648556470870972,2.3814468383789062,2.210536241531372,1.4651989936828613,0.04057168960571289,0.01495814323425293
3855,0,0.5084358974358979,942,1000,2,2,2855.0,0,0,2,0,2,6.652437925338745,2.382981777191162,2.212000846862793,1.4658281803131104,0.0406031608581543,0.014966964721679688
3856,0,0.5084358974358979,942,1000,2,2,3256.0,0,0,0,0,0,6.653972387313843,2.3842825889587402,2.2120022773742676,1.4658281803131104,0.040633201599121094,0.014973640441894531
3857,0,0.5084358974358979,941,1000,1,1,2657.0,0,0,1,0,2,6.656938552856445,2.385493278503418,2.21313738822937,1.4662513732910156,0.04065370559692383,0.014978647232055664
3858,0,0.5084358974358979,941,1000,1,1,3858.0,0,0,0,1,1,6.658647775650024,2.386564254760742,2.2137110233306885,1.4662513732910156,0.04065370559692383,0.014983892440795898
3859,0,0.5084358974358979,941,1000,1,1,3459.0,0,0,2,0,2,6.660339117050171,2.3871285915374756,2.214357614517212,1.4666099548339844,0.04066753387451172,0.014988422393798828
3860,0,0.5084358974358979,941,1000,1,1,3860.0,0,0,0,1,1,6.661160707473755,2.387593984603882,2.214690685272217,1.4666099548339844,0.04066753387451172,0.01499032974243164
3861,0,0.5084358974358979,941,1000,2,2,2927.6666666666665,0,0,1,0,1,6.662726879119873,2.3880503177642822,2.215480089187622,1.4668262004852295,0.04067587852478027,0.01499176025390625
3862,0,0.5084358974358979,940,1000,3,3,3262.0,0,0,1,0,2,6.667437553405762,2.3895013332366943,2.2180161476135254,1.4673116207122803,0.04070711135864258,0.014998674392700195
3863,0,0.5084358974358979,940,1000,4,4,3163.0,0,0,2,0,2,6.671108722686768,2.3909850120544434,2.219329595565796,1.4678876399993896,0.0407414436340332,0.01500701904296875
3864,0,0.5084358974358979,940,1000,2,2,3064.0,0,0,2,0,2,6.676276922225952,2.3922572135925293,2.2203023433685303,1.4704759120941162,0.04078245162963867,0.01501321792602539
3865,0,0.5084358974358979,940,1000,2,2,3465.0,0,0,1,0,1,6.678263187408447,2.393301486968994,2.220867156982422,1.4707202911376953,0.040802001953125,0.015017986297607422
3866,0,0.5084358974358979,940,1000,1,1,1866.0,0,0,2,0,2,6.681606769561768,2.3940701484680176,2.222744941711426,1.4712440967559814,0.04082155227661133,0.015019893646240234
3867,0,0.5084358974358979,940,1000,2,2,2867.0,0,1,0,0,2,6.684965372085571,2.395639657974243,2.223719596862793,1.4717559814453125,0.04085135459899902,0.015030860900878906
3868,0,0.5084358974358979,939,1000,2,2,2801.3333333333335,0,0,1,0,2,6.687546491622925,2.3965790271759033,2.224806070327759,1.472130537033081,0.04087328910827637,0.015035867691040039
3869,0,0.5084358974358979,938,1000,3,3,3269.0,0,0,1,0,2,6.690134286880493,2.397709369659424,2.2258315086364746,1.4724128246307373,0.04089474678039551,0.01504206657409668
3870,0,0.5084358974358979,938,1000,1,1,3470.0,0,0,2,0,2,6.692134380340576,2.39870023727417,2.2264175415039062,1.4727237224578857,0.0409085750579834,0.01504659652709961
3871,0,0.5084358974358979,937,1000,1,1,1071.0,0,0,1,0,2,6.6953911781311035,2.399266481399536,2.227097749710083,1.474618673324585,0.040914058685302734,0.01504826545715332
3872,0,0.5084358974358979,937,1000,1,1,1472.0,0,0,2,0,2,6.698996543884277,2.400186061859131,2.2286269664764404,1.4755449295043945,0.04093790054321289,0.015050172805786133
3873,0,0.5084358974358979,937,1000,2,2,3273.0,0,0,2,0,2,6.702203273773193,2.4014105796813965,2.22983980178833,1.4760606288909912,0.040967702865600586,0.015059232711791992
3874,0,0.5084358974358979,936,1000,1,1,3474.0,0,0,1,0,2,6.704779148101807,2.402482509613037,2.2308337688446045,1.47640061378479,0.040988922119140625,0.015065670013427734
3875,0,0.5084358974358979,936,1000,3,3,3341.6666666666665,0,0,1,0,2,6.707726955413818,2.4037249088287354,2.231801986694336,1.4768891334533691,0.041014909744262695,0.015070915222167969
3876,0,0.5084358974358979,936,1000,1,1,3476.0,0,0,1,0,1,6.711550235748291,2.404620409011841,2.2341971397399902,1.4772539138793945,0.04103422164916992,0.01508784294128418
3877,0,0.5084358974358979,937,1000,1,1,3477.0,0,0,1,0,0,6.7151947021484375,2.406365394592285,2.235283613204956,1.477797269821167,0.041066646575927734,0.015095233917236328
3878,0,0.5084358974358979,937,1000,2,2,3078.0,0,0,2,0,2,6.718294143676758,2.4076507091522217,2.23637318611145,1.4783098697662354,0.04109692573547363,0.015102148056030273
3879,0,0.5084358974358979,936,1000,1,1,3479.0,0,0,1,0,2,6.720680236816406,2.4086382389068604,2.2373130321502686,1.4786136150360107,0.04111433029174805,0.01510763168334961
3880,0,0.5084358974358979,936,1000,2,2,3080.0,0,0,0,0,0,6.722045660018921,2.409816265106201,2.237314462661743,1.4786136150360107,0.04113960266113281,0.015111684799194336
3881,0,0.5084358974358979,935,1000,2,2,3001.0,0,0,1,0,2,6.724730014801025,2.4107320308685303,2.238678216934204,1.4789011478424072,0.041146278381347656,0.015116214752197266
3882,0,0.5084358974358979,936,1000,2,2,3282.0,0,0,2,0,1,6.728270530700684,2.412398099899292,2.239687442779541,1.4794962406158447,0.04117250442504883,0.015126228332519531
3883,0,0.5084358974358979,936,1000,2,2,3483.0,0,0,2,0,2,6.73184061050415,2.413539409637451,2.2412526607513428,1.480137586593628,0.041202545166015625,0.015131950378417969
3884,0,0.5084358974358979,937,1000,2,2,3284.0,0,0,2,0,1,6.7347731590271,2.4146625995635986,2.242352247238159,1.4805800914764404,0.041239023208618164,0.015139579772949219
3885,0,0.5084358974358979,937,1000,3,3,3351.6666666666665,0,0,2,0,2,6.738118410110474,2.4159867763519287,2.2438178062438965,1.480940580368042,0.04126334190368652,0.015147924423217773
3886,0,0.5084358974358979,936,1000,1,1,3086.0,0,0,1,0,2,6.7411041259765625,2.417329788208008,2.2447965145111084,1.4814159870147705,0.04128623008728027,0.015154600143432617
3887,0,0.5084358974358979,936,1000,1,1,3487.0,0,0,2,0,2,6.746075391769409,2.4184505939483643,2.2478201389312744,1.4820637702941895,0.041307926177978516,0.015160560607910156
3888,0,0.5084358974358979,937,1000,1,1,3088.0,0,0,2,0,1,6.751697301864624,2.4202756881713867,2.250396251678467,1.4830372333526611,0.041335344314575195,0.015170574188232422
3889,0,0.5084358974358979,936,1000,2,2,2822.3333333333335,0,0,1,0,2,6.755279064178467,2.4217891693115234,2.2516655921936035,1.483508586883545,0.0413665771484375,0.015180826187133789
3890,0,0.5084358974358979,935,1000,2,2,3223.3333333333335,0,0,1,0,2,6.758122444152832,2.423166036605835,2.2526092529296875,1.4838390350341797,0.04139399528503418,0.01518702507019043
3891,0,0.5084358974358979,934,1000,1,1,3091.0,0,0,1,0,2,6.76079249382019,2.4241058826446533,2.2539403438568115,1.4840917587280273,0.04141116142272949,0.01519155502319336
3892,0,0.5084358974358979,934,1000,1,1,1892.0,0,0,2,0,2,6.766620635986328,2.4254069328308105,2.25632381439209,1.4859747886657715,0.04143643379211426,0.015197992324829102
3893,0,0.5084358974358979,934,1000,1,1,3493.0,0,0,2,0,2,6.770425081253052,2.4267330169677734,2.2578563690185547,1.486680269241333,0.04146099090576172,0.015208721160888672
3894,0,0.5084358974358979,934,1000,2,2,3094.0,0,0,2,0,2,6.773086071014404,2.4277069568634033,2.258854627609253,1.4871156215667725,0.04148745536804199,0.015215158462524414
3895,0,0.5084358974358979,934,1000,1,1,3495.0,0,0,0,0,0,6.774219036102295,2.4286744594573975,2.2588555812835693,1.4871156215667725,0.04150557518005371,0.015219449996948242
3896,0,0.5084358974358979,933,1000,1,1,3496.0,0,0,1,0,2,6.776446580886841,2.4293503761291504,2.2599713802337646,1.4874389171600342,0.04151010513305664,0.015223026275634766
3897,0,0.5084358974358979,933,1000,1,1,3897.0,0,0,0,1,1,6.780884265899658,2.4310710430145264,2.262515068054199,1.4874389171600342,0.04151010513305664,0.015233993530273438
3898,0,0.5084358974358979,932,1000,2,2,3231.3333333333335,0,0,1,0,2,6.785815477371216,2.4333088397979736,2.2643253803253174,1.4880139827728271,0.0415952205657959,0.015246868133544922
3899,0,0.5084358974358979,932,1000,1,1,3899.0,0,0,0,1,1,6.787897109985352,2.434506416320801,2.265122413635254,1.4880139827728271,0.0415952205657959,0.015253543853759766
3900,0,0.5084358974358979,932,1000,1,1,3900.0,0,0,0,1,1,6.789664268493652,2.435652732849121,2.265681743621826,1.4880139827728271,0.0415952205657959,0.015259504318237305
3901,0,0.5084358974358979,932,1000,1,1,3501.0,0,0,1,0,1,6.793951511383057,2.437183380126953,2.2674622535705566,1.4886565208435059,0.04162335395812988,0.01526641845703125
3902,0,0.5084358974358979,934,1000,1,1,302.0,0,0,2,0,0,6.798146724700928,2.4384396076202393,2.269254446029663,1.4895362854003906,0.04165530204772949,0.015274286270141602
3903,0,0.5084358974358979,934,1000,1,1,3503.0,0,0,2,0,2,6.802506923675537,2.4400010108947754,2.2709333896636963,1.4903590679168701,0.04168844223022461,0.015282154083251953
3904,0,0.5084358974358979,934,1000,2,2,2904.0,0,0,2,0,2,6.806740045547485,2.4413223266601562,2.2730491161346436,1.4909462928771973,0.041718244552612305,0.015290021896362305
3905,0,0.5084358974358979,934,1000,3,3,3371.6666666666665,0,0,2,0,2,6.809916973114014,2.442382574081421,2.2745437622070312,1.4913911819458008,0.04174494743347168,0.015296697616577148
3906,0,0.5084358974358979,934,1000,1,1,3106.0,0,0,2,0,2,6.813319206237793,2.443600654602051,2.2760074138641357,1.4918923377990723,0.04177355766296387,0.015303611755371094
3907,0,0.5084358974358979,933,1000,3,3,3407.0,0,0,1,0,2,6.8176655769348145,2.445159673690796,2.277946710586548,1.4924685955047607,0.0418086051940918,0.01531362533569336
3908,0,0.5084358974358979,933,1000,2,1,3908.0,0,0,0,1,1,6.820396661758423,2.446720838546753,2.2789673805236816,1.4924685955047607,0.0418086051940918,0.015332937240600586
3909,0,0.5084358974358979,932,1000,1,1,3509.0,0,0,1,0,2,6.823428392410278,2.448106050491333,2.280001401901245,1.4928760528564453,0.041831016540527344,0.015341997146606445
3910,0,0.5084358974358979,932,1000,2,2,3310.0,0,0,2,0,2,6.825693130493164,2.449173927307129,2.280726432800293,1.4932215213775635,0.04184317588806152,0.015347003936767578
3911,0,0.5084358974358979,933,1000,3,3,3377.6666666666665,0,1,2,0,1,6.8284759521484375,2.4502761363983154,2.281710147857666,1.4936511516571045,0.041867733001708984,0.015353202819824219
3912,0,0.5084358974358979,933,1000,1,1,3912.0,0,0,0,1,1,6.831845045089722,2.4516658782958984,2.2835726737976074,1.4936511516571045,0.041867733001708984,0.015358924865722656
3913,0,0.5084358974358979,933,1000,1,1,2313.0,0,0,0,0,0,6.833885908126831,2.453474521636963,2.283574104309082,1.4936511516571045,0.04189777374267578,0.015370368957519531
3914,0,0.5084358974358979,933,1000,3,3,3247.3333333333335,0,0,2,0,2,6.83756685256958,2.4552083015441895,2.284709930419922,1.4942069053649902,0.0419309139251709,0.01537775993347168
3915,0,0.5084358974358979,933,1000,3,3,3115.0,0,1,2,0,2,6.84095311164856,2.45661997795105,2.2858777046203613,1.494734764099121,0.04195880889892578,0.015383005142211914
3916,0,0.5084358974358979,934,1000,1,1,3116.0,0,0,2,0,1,6.8439249992370605,2.4579174518585205,2.286890745162964,1.4951624870300293,0.04197978973388672,0.015389680862426758
3917,0,0.5084358974358979,934,1000,3,3,3117.0,0,0,2,0,2,6.848130702972412,2.4588470458984375,2.2895474433898926,1.4956228733062744,0.04200339317321777,0.015395164489746094
3918,0,0.5084358974358979,934,1000,1,1,3118.0,0,0,2,0,2,6.8543970584869385,2.4606945514678955,2.292248249053955,1.4968485832214355,0.04210019111633301,0.015402793884277344
3919,0,0.5084358974358979,934,1000,1,1,3119.0,0,0,2,0,2,6.857840299606323,2.461756467819214,2.2939260005950928,1.497342586517334,0.04212379455566406,0.015412569046020508
3920,0,0.5084358974358979,934,1000,1,1,3920.0,0,0,0,1,1,6.859869956970215,2.4630062580108643,2.2946317195892334,1.497342586517334,0.04212379455566406,0.015418291091918945
3921,0,0.5084358974358979,935,1000,3,3,2854.3333333333335,0,1,2,0,1,6.861682176589966,2.463653326034546,2.2952511310577393,1.4977056980133057,0.0421452522277832,0.015422821044921875
3922,0,0.5084358974358979,936,1000,3,3,3122.0,0,1,2,0,1,6.8650994300842285,2.464160442352295,2.2974143028259277,1.4982223510742188,0.042171478271484375,0.015424489974975586
3923,0,0.5084358974358979,935,1000,3,3,3323.0,0,0,1,0,2,6.868122100830078,2.46555495262146,2.298354387283325,1.498671531677246,0.04220271110534668,0.01543569564819336
3924,0,0.5084358974358979,935,1000,1,1,3124.0,0,0,2,0,2,6.870633602142334,2.466740131378174,2.299151659011841,1.4990513324737549,0.042220115661621094,0.01544189453125
3925,0,0.5084358974358979,935,1000,1,1,3925.0,0,0,0,1,1,6.872296571731567,2.467785358428955,2.299706220626831,1.4990513324737549,0.042220115661621094,0.01544642448425293
3926,0,0.5084358974358979,935,1000,1,1,3526.0,0,0,2,0,2,6.874239921569824,2.4683361053466797,2.3005950450897217,1.4994230270385742,0.042235374450683594,0.015449762344360352
3927,0,0.5084358974358979,935,1000,3,3,3393.6666666666665,0,1,2,0,2,6.876278400421143,2.4692318439483643,2.301248073577881,1.4997484683990479,0.042252302169799805,0.015453577041625977
3928,0,0.5084358974358979,935,1000,4,3,2594.6666666666665,0,1,1,0,2,6.8778393268585205,2.469723701477051,2.3018529415130615,1.5000712871551514,0.04225921630859375,0.015455484390258789
3929,0,0.5084358974358979,934,1000,3,3,3429.0,0,0,1,0,2,6.8832924365997314,2.470182418823242,2.304016351699829,1.5027821063995361,0.0422663688659668,0.015456914901733398
3930,0,0.5084358974358979,934,1000,2,2,2730.0,0,0,2,0,2,6.886170387268066,2.471398115158081,2.305046796798706,1.5032298564910889,0.04229235649108887,0.015462875366210938
3931,0,0.5084358974358979,934,1000,2,2,3531.0,0,0,2,0,2,6.888785123825073,2.4725332260131836,2.3059606552124023,1.5036137104034424,0.04231548309326172,0.015468597412109375
3932,0,0.5084358974358979,934,1000,1,1,3532.0,0,0,2,0,2,6.891933441162109,2.473820924758911,2.3068859577178955,1.504347801208496,0.04233884811401367,0.015474081039428711
3933,0,0.5084358974358979,934,1000,1,1,2733.0,0,0,2,0,2,6.899584054946899,2.4749410152435303,2.312286138534546,1.5052194595336914,0.04236865043640137,0.015479803085327148
3934,0,0.5084358974358979,934,1000,3,3,3267.3333333333335,0,1,2,0,2,6.9071290493011475,2.4772255420684814,2.315650224685669,1.5066990852355957,0.04241323471069336,0.015496492385864258
3935,0,0.5084358974358979,934,1000,1,1,3935.0,0,0,0,1,1,6.909643650054932,2.4783029556274414,2.3169968128204346,1.5066990852355957,0.04241323471069336,0.015503406524658203
3936,0,0.5084358974358979,935,1000,3,3,3136.0,0,1,2,0,1,6.915354251861572,2.479635000228882,2.320427417755127,1.5073378086090088,0.04244208335876465,0.015511274337768555
3937,0,0.5084358974358979,936,1000,2,2,3537.0,0,0,2,0,1,6.92161226272583,2.4816579818725586,2.3216440677642822,1.5100040435791016,0.04247140884399414,0.015523433685302734
3938,0,0.5084358974358979,936,1000,1,1,3538.0,0,0,2,0,2,6.926841497421265,2.482996702194214,2.322669744491577,1.51261568069458,0.042495012283325195,0.015530824661254883
3939,0,0.5084358974358979,936,1000,2,2,2539.0,0,0,2,0,2,6.93223762512207,2.4839675426483154,2.3262500762939453,1.5132520198822021,0.042520761489868164,0.01553654670715332
3940,0,0.5084358974358979,937,1000,2,2,3140.0,0,0,1,0,1,6.939091205596924,2.4857754707336426,2.329770803451538,1.5143530368804932,0.04256081581115723,0.015549182891845703
3941,0,0.5084358974358979,937,1000,2,2,2607.6666666666665,0,0,0,0,0,6.940929651260376,2.4873852729797363,2.3297722339630127,1.5143530368804932,0.04261159896850586,0.015557289123535156
3942,0,0.5084358974358979,936,1000,1,1,3542.0,0,0,1,0,2,6.943921804428101,2.488680839538574,2.330920934677124,1.5147264003753662,0.042634010314941406,0.015562057495117188
3943,0,0.5084358974358979,937,1000,2,2,2543.0,0,0,2,0,1,6.947754859924316,2.4900565147399902,2.332427978515625,1.5154547691345215,0.042670249938964844,0.015567779541015625
3944,0,0.5084358974358979,937,1000,1,1,3944.0,0,0,0,1,1,6.949683666229248,2.491234064102173,2.333099126815796,1.5154547691345215,0.042670249938964844,0.015578031539916992
3945,0,0.5084358974358979,937,1000,2,2,3011.6666666666665,0,0,2,0,2,6.952366590499878,2.4923484325408936,2.334080934524536,1.5158531665802002,0.04269695281982422,0.015583038330078125
3946,0,0.5084358974358979,937,1000,2,2,3546.0,0,0,2,0,2,6.9552624225616455,2.4935638904571533,2.3350019454956055,1.5163581371307373,0.04272317886352539,0.015588521957397461
3947,0,0.5084358974358979,938,1000,3,2,3347.0,0,0,2,0,1,6.9578447341918945,2.4947152137756348,2.3358664512634277,1.5167295932769775,0.04276537895202637,0.015593290328979492
3948,0,0.5084358974358979,938,1000,2,2,3348.0,0,0,2,0,2,6.962621688842773,2.4959239959716797,2.338426351547241,1.5174756050109863,0.042839765548706055,0.01559901237487793
3949,0,0.5084358974358979,938,1000,2,1,3549.0,0,0,2,0,2,6.965603828430176,2.4973208904266357,2.339380979537964,1.5179154872894287,0.042862653732299805,0.015606164932250977
3950,0,0.5084358974358979,938,1000,2,2,2950.0,0,0,1,0,2,6.968714475631714,2.4986960887908936,2.34036922454834,1.518423080444336,0.04289412498474121,0.015611886978149414
3951,0,0.5084358974358979,938,1000,1,1,3151.0,0,0,2,0,2,6.972553730010986,2.500054121017456,2.341825008392334,1.519214391708374,0.04291820526123047,0.015618562698364258
3952,0,0.5084358974358979,938,1000,2,2,3552.0,0,0,2,0,2,6.975349187850952,2.5012381076812744,2.342822313308716,1.5196499824523926,0.04294466972351074,0.015628814697265625
3953,0,0.5084358974358979,938,1000,4,4,2953.0,0,0,2,0,2,6.978856563568115,2.502288818359375,2.344209671020508,1.520526647567749,0.0429685115814209,0.015636444091796875
3954,0,0.5084358974358979,938,1000,2,2,3554.0,0,1,2,0,2,6.986551284790039,2.5040788650512695,2.3467326164245605,1.5235028266906738,0.04300260543823242,0.015648365020751953
3955,0,0.5084358974358979,938,1000,1,1,3955.0,0,0,0,1,1,6.989086389541626,2.5054502487182617,2.347780704498291,1.5235028266906738,0.04300260543823242,0.01565837860107422
3956,0,0.5084358974358979,938,1000,1,1,2356.0,0,0,2,0,2,6.995563268661499,2.5067524909973145,2.350273370742798,1.5258839130401611,0.04304647445678711,0.015665531158447266
3957,0,0.5084358974358979,939,1000,2,2,3023.6666666666665,0,0,1,0,1,7.00126314163208,2.50860595703125,2.352217435836792,1.5274569988250732,0.043089866638183594,0.015675783157348633
3958,0,0.5084358974358979,938,1000,1,1,3558.0,0,0,1,0,2,7.004584074020386,2.5099539756774902,2.3535754680633545,1.5278894901275635,0.04311490058898926,0.015686750411987305
3959,0,0.5084358974358979,937,1000,1,1,3159.0,0,0,1,0,2,7.0081467628479,2.5112624168395996,2.355149507522583,1.5283663272857666,0.04314160346984863,0.015694856643676758
3960,0,0.5084358974358979,937,1000,3,3,3160.0,0,0,1,0,1,7.011487245559692,2.51261568069458,2.356365919113159,1.5289013385772705,0.04317355155944824,0.015703201293945312
3961,0,0.5084358974358979,937,1000,2,2,3361.0,0,0,2,0,2,7.015366792678833,2.5138447284698486,2.3582043647766113,1.5294809341430664,0.04320240020751953,0.015719890594482422
3962,0,0.5084358974358979,937,1000,1,1,3962.0,0,0,0,1,1,7.01758885383606,2.5151827335357666,2.3590049743652344,1.5294809341430664,0.04320240020751953,0.015728473663330078
3963,0,0.5084358974358979,937,1000,3,3,3296.3333333333335,0,0,2,0,2,7.020678281784058,2.516326904296875,2.3602747917175293,1.5298879146575928,0.043229103088378906,0.015734434127807617
3964,0,0.5084358974358979,937,1000,1,1,3564.0,0,0,0,0,0,7.02220344543457,2.517646312713623,2.360275983810425,1.5298879146575928,0.0432744026184082,0.015742063522338867
3965,0,0.5084358974358979,936,1000,1,1,3165.0,0,0,1,0,2,7.026744842529297,2.5190346240997314,2.3628323078155518,1.5302631855010986,0.043300628662109375,0.015746355056762695
3966,0,0.5084358974358979,936,1000,1,1,3966.0,0,0,0,1,1,7.0301713943481445,2.5205113887786865,2.364635944366455,1.5302631855010986,0.043300628662109375,0.015755176544189453
3967,0,0.5084358974358979,937,1000,1,1,3567.0,0,0,2,0,1,7.0337073802948,2.5220096111297607,2.365787982940674,1.530893087387085,0.04332590103149414,0.015763521194458008
3968,0,0.5084358974358979,937,1000,2,2,2768.0,0,0,1,0,2,7.036879539489746,2.523186206817627,2.3670592308044434,1.5313670635223389,0.043349266052246094,0.015769243240356445
3969,0,0.5084358974358979,936,1000,1,1,3169.0,0,0,1,0,2,7.041536569595337,2.524778366088867,2.36919903755188,1.5320110321044922,0.0433804988861084,0.015778064727783203
3970,0,0.5084358974358979,936,1000,1,1,2770.0,0,0,2,0,2,7.04440450668335,2.5259950160980225,2.3701741695404053,1.5324928760528564,0.04340386390686035,0.01578497886657715
3971,0,0.5084358974358979,937,1000,3,3,2904.3333333333335,0,0,1,0,1,7.047636270523071,2.526977777481079,2.3715009689331055,1.5331017971038818,0.0434422492980957,0.015790462493896484
3972,0,0.5084358974358979,937,1000,1,1,3972.0,0,0,0,1,1,7.050943851470947,2.5286214351654053,2.3730626106262207,1.5331017971038818,0.0434422492980957,0.015800952911376953
3973,0,0.5084358974358979,936,1000,1,1,3173.0,0,0,1,0,2,7.054787635803223,2.530245780944824,2.3744001388549805,1.5336549282073975,0.04347825050354004,0.015810728073120117
3974,0,0.5084358974358979,937,1000,3,3,3440.6666666666665,0,1,2,0,1,7.057471990585327,2.5312931537628174,2.3754076957702637,1.5340642929077148,0.04350471496582031,0.015817880630493164
3975,0,0.5084358974358979,937,1000,1,1,3175.0,0,0,2,0,2,7.060078144073486,2.5324556827545166,2.376314878463745,1.5344603061676025,0.04352068901062012,0.015822887420654297
3976,0,0.5084358974358979,937,1000,1,1,3576.0,0,0,2,0,2,7.066711664199829,2.5336360931396484,2.37884259223938,1.5371363162994385,0.04355955123901367,0.01583099365234375
3977,0,0.5084358974358979,938,1000,1,1,2777.0,0,0,2,0,1,7.070131778717041,2.5351223945617676,2.37996506690979,1.5377483367919922,0.04358386993408203,0.015839338302612305
3978,0,0.5084358974358979,938,1000,1,1,3978.0,0,0,0,1,1,7.072080373764038,2.536269426345825,2.38069224357605,1.5377483367919922,0.04358386993408203,0.015845060348510742
3979,0,0.5084358974358979,940,1000,1,1,3579.0,0,0,2,0,0,7.074988603591919,2.537432909011841,2.3817687034606934,1.5382344722747803,0.04360699653625488,0.015849828720092773
3980,0,0.5084358974358979,940,1000,2,2,3580.0,0,0,2,0,2,7.078013896942139,2.538633346557617,2.3829052448272705,1.5386936664581299,0.04362964630126953,0.01585674285888672
3981,0,0.5084358974358979,940,1000,2,2,3381.0,0,0,2,0,2,7.082770824432373,2.5399763584136963,2.3854305744171143,1.5393760204315186,0.043659210205078125,0.015861988067626953
3982,0,0.5084358974358979,940,1000,2,2,2982.0,0,0,0,0,0,7.084707975387573,2.541407346725464,2.3854317665100098,1.5393760204315186,0.0436856746673584,0.015870332717895508
3983,0,0.5084358974358979,940,1000,1,1,3983.0,0,0,0,1,1,7.0867695808410645,2.5426273345947266,2.3862082958221436,1.5393760204315186,0.0436856746673584,0.01587510108947754
3984,0,0.5084358974358979,940,1000,1,1,3584.0,0,0,2,0,2,7.089588642120361,2.5435566902160645,2.387502908706665,1.5398058891296387,0.04370307922363281,0.015880107879638672
3985,0,0.5084358974358979,940,1000,1,1,2385.0,0,0,2,0,2,7.092545509338379,2.5447070598602295,2.3886096477508545,1.5402567386627197,0.043724775314331055,0.01588726043701172
3986,0,0.5084358974358979,939,1000,2,2,3452.6666666666665,0,0,1,0,2,7.098260164260864,2.545980215072632,2.3921878337860107,1.5408885478973389,0.04375123977661133,0.01589369773864746
3987,0,0.5084358974358979,939,1000,1,1,3587.0,0,0,2,0,2,7.104320764541626,2.5487420558929443,2.394181966781616,1.5418825149536133,0.04378247261047363,0.015904664993286133
3988,0,0.5084358974358979,941,1000,3,3,3188.0,0,0,2,0,0,7.107682704925537,2.5499613285064697,2.3953630924224854,1.5425662994384766,0.043819427490234375,0.01591038703918457
3989,0,0.5084358974358979,941,1000,2,2,3589.0,0,0,1,0,1,7.110628604888916,2.551252841949463,2.396397113800049,1.5429813861846924,0.043851613998413086,0.015917539596557617
3990,0,0.5084358974358979,941,1000,3,3,2656.6666666666665,0,0,1,0,2,7.116269111633301,2.552381992340088,2.3996150493621826,1.5438671112060547,0.04389762878417969,0.015923023223876953
3991,0,0.5084358974358979,941,1000,1,1,3591.0,0,0,2,0,2,7.120323181152344,2.5540430545806885,2.4010980129241943,1.5445291996002197,0.04392409324645996,0.01593327522277832
3992,0,0.5084358974358979,941,1000,2,2,3592.0,0,0,2,0,2,7.124234437942505,2.5555131435394287,2.402604341506958,1.5451359748840332,0.043955326080322266,0.015940189361572266
3993,0,0.5084358974358979,941,1000,2,1,3993.0,0,0,0,1,1,7.125901460647583,2.5565342903137207,2.4031805992126465,1.5451359748840332,0.043955326080322266,0.01594853401184082
3994,0,0.5084358974358979,941,1000,2,2,3327.3333333333335,0,0,2,0,2,7.128341913223267,2.557389497756958,2.4041717052459717,1.5455410480499268,0.04397916793823242,0.015952110290527344
3995,0,0.5084358974358979,942,1000,1,1,3995.0,0,0,0,1,0,7.131176233291626,2.5589370727539062,2.4053614139556885,1.5455410480499268,0.04397916793823242,0.015957117080688477
3996,0,0.5084358974358979,942,1000,3,3,3196.0,0,0,1,0,2,7.135775566101074,2.560633420944214,2.407088041305542,1.54636549949646,0.04401874542236328,0.015967369079589844
3997,0,0.5084358974358979,942,1000,4,4,3297.0,0,0,1,0,2,7.140244007110596,2.5622541904449463,2.4090380668640137,1.5469539165496826,0.04405474662780762,0.015975236892700195
3998,0,0.5084358974358979,941,1000,1,1,3598.0,0,0,1,0,2,7.142826557159424,2.5633506774902344,2.4099771976470947,1.547311782836914,0.044078826904296875,0.015982627868652344
3999,0,0.5105897435897436,940,1000,1,1,3599.0,0,0,1,0,2,7.146571397781372,2.564880847930908,2.4113659858703613,1.5476453304290771,0.04410290718078613,0.01598811149597168
4000,0,0.5105897435897436,940,1000,2,2,3333.3333333333335,0,0,1,0,1,7.149728536605835,2.5662331581115723,2.412548542022705,1.5480334758758545,0.04413127899169922,0.016272306442260742
4001,0,0.5105897435897436,939,1000,1,1,2401.0,0,0,1,0,2,7.152497291564941,2.5675482749938965,2.4135589599609375,1.5483040809631348,0.04415154457092285,0.016279220581054688
4002,0,0.5105897435897436,939,1000,1,1,3602.0,0,0,2,0,2,7.156864404678345,2.568767547607422,2.4160525798797607,1.5487854480743408,0.04417085647583008,0.016284465789794922
4003,0,0.5105897435897436,939,1000,1,1,3603.0,0,0,1,0,1,7.2000532150268555,2.570289373397827,2.4433937072753906,1.555675983428955,0.04420280456542969,0.016292095184326172
4004,0,0.5105897435897436,939,1000,1,1,4004.0,0,0,0,1,1,7.203493118286133,2.5724291801452637,2.4445645809173584,1.555675983428955,0.04420280456542969,0.016303539276123047
4005,0,0.5105897435897436,938,1000,1,1,3205.0,0,0,1,0,2,7.216896057128906,2.573970317840576,2.4556045532226562,1.5562326908111572,0.044236183166503906,0.016314983367919922
4006,0,0.5105897435897436,938,1000,1,1,4006.0,0,0,0,1,1,7.220666170120239,2.5760738849639893,2.4571590423583984,1.5562326908111572,0.044236183166503906,0.016324996948242188
4007,0,0.5105897435897436,938,1000,2,2,2807.0,0,0,2,0,2,7.225392818450928,2.577840566635132,2.4590373039245605,1.5570111274719238,0.04427385330200195,0.01633596420288086
4008,0,0.5105897435897436,939,1000,2,2,3208.0,0,0,2,0,1,7.234960317611694,2.5794501304626465,2.461902141571045,1.5617485046386719,0.04430842399597168,0.01634502410888672
4009,0,0.5105897435897436,939,1000,3,3,3475.6666666666665,0,0,2,0,2,7.240864515304565,2.580803632736206,2.462867021560669,1.5650644302368164,0.04433608055114746,0.01635289192199707
4010,0,0.5105897435897436,940,1000,2,2,3410.0,0,0,2,0,1,7.243724346160889,2.5819902420043945,2.4638516902923584,1.5655286312103271,0.04436230659484863,0.016359567642211914
4011,0,0.5105897435897436,939,1000,2,2,3211.0,0,0,1,0,2,7.246882438659668,2.5830588340759277,2.4654319286346436,1.5658652782440186,0.044385433197021484,0.016366243362426758
4012,0,0.5105897435897436,940,1000,1,1,3612.0,0,0,2,0,1,7.25108528137207,2.5844614505767822,2.4667181968688965,1.5670483112335205,0.04443359375,0.016373872756958008
4013,0,0.5105897435897436,940,1000,1,1,4013.0,0,0,0,1,1,7.262004137039185,2.5856027603149414,2.476412057876587,1.5670483112335205,0.04443359375,0.01638054847717285
4014,0,0.5105897435897436,941,1000,2,2,3214.0,0,0,2,0,1,7.266242027282715,2.588005304336548,2.477414846420288,1.567579746246338,0.04446578025817871,0.016391515731811523
4015,0,0.5105897435897436,942,1000,2,2,3015.0,0,0,2,0,1,7.271042346954346,2.5895328521728516,2.4792845249176025,1.5687096118927002,0.04449963569641113,0.01639699935913086
4016,0,0.5105897435897436,942,1000,1,1,2016.0,0,0,2,0,2,7.274232864379883,2.5908267498016357,2.4803755283355713,1.5693244934082031,0.04452681541442871,0.01640462875366211
4017,0,0.5105897435897436,942,1000,2,2,3417.0,0,0,2,0,2,7.276738166809082,2.5918054580688477,2.4813168048858643,1.5697147846221924,0.044550180435180664,0.01641082763671875
4018,0,0.5105897435897436,942,1000,2,2,3418.0,0,1,1,0,2,7.28383994102478,2.5931053161621094,2.4859302043914795,1.570629596710205,0.04457521438598633,0.01641559600830078
4019,0,0.5105897435897436,942,1000,3,3,3352.3333333333335,0,0,2,0,2,7.288344860076904,2.5947532653808594,2.487637996673584,1.571528434753418,0.04461026191711426,0.016426801681518555
4020,0,0.5105897435897436,941,1000,3,3,3220.0,0,0,1,0,2,7.291565895080566,2.5961756706237793,2.4887547492980957,1.5719938278198242,0.044641733169555664,0.01643514633178711
4021,0,0.5105897435897436,940,1000,1,1,3621.0,0,0,1,0,2,7.294092178344727,2.5972633361816406,2.489701509475708,1.5723259449005127,0.044661760330200195,0.01644134521484375
4022,0,0.5105897435897436,940,1000,1,1,3222.0,0,0,2,0,2,7.298139572143555,2.598099946975708,2.491760492324829,1.5732500553131104,0.044686079025268555,0.016445159912109375
4023,0,0.5105897435897436,939,1000,1,1,3623.0,0,0,1,0,2,7.301340341567993,2.5995309352874756,2.492929458618164,1.5736353397369385,0.04471397399902344,0.01645636558532715
4024,0,0.5105897435897436,938,1000,1,1,2424.0,0,0,1,0,2,7.3035712242126465,2.6007609367370605,2.4935545921325684,1.5738589763641357,0.04472923278808594,0.0164642333984375
4025,0,0.5105897435897436,938,1000,1,1,3225.0,0,0,1,0,1,7.304995536804199,2.601266860961914,2.494147539138794,1.5740935802459717,0.04473471641540527,0.01646566390991211
4026,0,0.5105897435897436,938,1000,1,1,4026.0,0,0,0,1,1,7.305892705917358,2.6018123626708984,2.494467258453369,1.5740935802459717,0.04473471641540527,0.01646709442138672
4027,0,0.5105897435897436,938,1000,1,1,4027.0,0,0,0,1,1,7.306680679321289,2.602250337600708,2.4947903156280518,1.5740935802459717,0.04473471641540527,0.01646876335144043
4028,0,0.5105897435897436,939,1000,2,2,3028.0,0,0,2,0,1,7.308156728744507,2.602721691131592,2.495392322540283,1.5744118690490723,0.04474282264709473,0.01647043228149414
4029,0,0.5105897435897436,939,1000,2,2,3029.0,0,0,2,0,2,7.311769723892212,2.6031527519226074,2.49641489982605,1.5764718055725098,0.04474997520446777,0.01647210121154785
4030,0,0.5105897435897436,939,1000,1,1,4030.0,0,0,0,1,1,7.313932180404663,2.604262590408325,2.497354745864868,1.5764718055725098,0.04474997520446777,0.016475677490234375
4031,0,0.5105897435897436,939,1000,1,1,3231.0,0,0,2,0,2,7.316659927368164,2.6054530143737793,2.498253345489502,1.576936960220337,0.044770240783691406,0.016482830047607422
4032,0,0.5105897435897436,939,1000,3,3,3498.6666666666665,0,0,2,0,2,7.318478107452393,2.606215476989746,2.498882293701172,1.5772490501403809,0.044788360595703125,0.01648736000061035
4033,0,0.5105897435897436,938,1000,3,3,3333.0,0,0,1,0,2,7.3199357986450195,2.606750011444092,2.499488115310669,1.5774686336517334,0.04479622840881348,0.016489028930664062
4034,0,0.5105897435897436,938,1000,2,2,3367.3333333333335,0,0,1,0,2,7.321406602859497,2.607213258743286,2.50007700920105,1.5777709484100342,0.044803619384765625,0.016490936279296875
4035,0,0.5105897435897436,938,1000,1,1,2835.0,0,0,2,0,2,7.322953224182129,2.6076712608337402,2.500706434249878,1.5781440734863281,0.04480910301208496,0.016492366790771484
4036,0,0.5105897435897436,937,1000,1,1,2436.0,0,0,1,0,2,7.324282169342041,2.6081085205078125,2.5013315677642822,1.5783190727233887,0.044814109802246094,0.016493797302246094
4037,0,0.5105897435897436,937,1000,2,2,3437.0,0,0,1,0,2,7.325726270675659,2.6085503101348877,2.5019335746765137,1.5786168575286865,0.044821739196777344,0.016495227813720703
4038,0,0.5105897435897436,937,1000,1,1,2438.0,0,0,2,0,2,7.327519416809082,2.608959913253784,2.5028843879699707,1.578953504562378,0.04482674598693848,0.016497373580932617
4039,0,0.5105897435897436,937,1000,1,1,2839.0,0,0,0,0,0,7.328269720077515,2.6096067428588867,2.50288462638855,1.578953504562378,0.04483985900878906,0.01650071144104004
4040,0,0.5105897435897436,937,1000,2,2,2440.0,0,0,2,0,2,7.330894947052002,2.610119104385376,2.5042898654937744,1.5794920921325684,0.04485607147216797,0.01650214195251465
4041,0,0.5105897435897436,937,1000,3,3,3541.0,0,0,1,0,2,7.333270072937012,2.6111936569213867,2.5050408840179443,1.579850196838379,0.044881343841552734,0.01650857925415039
4042,0,0.5105897435897436,936,1000,3,3,3542.0,0,0,1,0,2,7.335323095321655,2.6120681762695312,2.5057997703552246,1.5801427364349365,0.04489922523498535,0.016513347625732422
4043,0,0.5105897435897436,935,1000,2,1,3243.0,0,0,1,0,2,7.336864709854126,2.6126532554626465,2.5064048767089844,1.5803861618041992,0.0449066162109375,0.01651597023010254
4044,0,0.5105897435897436,935,1000,1,1,2444.0,0,0,2,0,2,7.338415145874023,2.6131319999694824,2.5070266723632812,1.5807299613952637,0.04491233825683594,0.01651740074157715
4045,0,0.5105897435897436,935,1000,2,2,2845.0,0,0,1,0,2,7.340039491653442,2.613623857498169,2.5076568126678467,1.5810530185699463,0.04491996765136719,0.01651906967163086
4046,0,0.5105897435897436,934,1000,1,1,2046.0,0,0,1,0,2,7.341456413269043,2.614121437072754,2.508305311203003,1.581244707107544,0.04492545127868652,0.016520977020263672
4047,0,0.5105897435897436,934,1000,2,2,3047.0,0,0,2,0,2,7.343279123306274,2.614595890045166,2.509213447570801,1.5815834999084473,0.04493308067321777,0.01652240753173828
4048,0,0.5105897435897436,933,1000,2,2,3381.3333333333335,0,0,1,0,2,7.347289323806763,2.615888833999634,2.5113556385040283,1.5819613933563232,0.044962406158447266,0.016534090042114258
4049,0,0.5105897435897436,934,1000,2,2,3249.0,0,0,2,0,1,7.349694013595581,2.61696720123291,2.5121216773986816,1.5823698043823242,0.04498481750488281,0.0165407657623291
4050,0,0.5105897435897436,934,1000,2,2,2716.6666666666665,0,0,2,0,2,7.353448867797852,2.6176934242248535,2.5129005908966064,1.5844471454620361,0.04500150680541992,0.01654338836669922
4051,0,0.5105897435897436,935,1000,1,1,1651.0,0,0,2,0,1,7.355034351348877,2.618234634399414,2.5134992599487305,1.584787130355835,0.04500889778137207,0.016546249389648438
4052,0,0.5105897435897436,935,1000,1,1,3252.0,0,0,2,0,2,7.356624603271484,2.618746519088745,2.5141146183013916,1.585158109664917,0.0450139045715332,0.016547679901123047
4053,0,0.5105897435897436,935,1000,1,1,2853.0,0,0,2,0,2,7.360053062438965,2.6192047595977783,2.514845371246338,1.5873003005981445,0.045018911361694336,0.016549110412597656
4054,0,0.5105897435897436,935,1000,3,3,3520.6666666666665,0,1,2,0,2,7.361942291259766,2.619894504547119,2.5154600143432617,1.5876963138580322,0.04503440856933594,0.016552448272705078
4055,0,0.5105897435897436,936,1000,2,2,3055.0,0,1,2,0,1,7.367895841598511,2.620598077774048,2.5164148807525635,1.5916166305541992,0.04506492614746094,0.016553878784179688
4056,0,0.5105897435897436,935,1000,1,1,3656.0,0,0,1,0,2,7.369938611984253,2.621668577194214,2.5170228481292725,1.5918638706207275,0.045081138610839844,0.016560792922973633
4057,0,0.5105897435897436,934,1000,1,1,3657.0,0,0,1,0,2,7.371386766433716,2.6221635341644287,2.5176305770874023,1.5921008586883545,0.04508662223815918,0.016562223434448242
4058,0,0.5105897435897436,935,1000,2,2,3458.0,0,0,2,0,1,7.372851848602295,2.62259578704834,2.5182251930236816,1.5924584865570068,0.04509377479553223,0.01656365394592285
4059,0,0.5105897435897436,935,1000,1,1,2059.0,0,0,2,0,2,7.3749916553497314,2.623382806777954,2.519035577774048,1.5928733348846436,0.04510927200317383,0.01656508445739746
4060,0,0.5105897435897436,935,1000,1,1,460.0,0,0,2,0,2,7.376591682434082,2.6239306926727295,2.519620656967163,1.5932390689849854,0.04511523246765137,0.016569137573242188
4061,0,0.5105897435897436,935,1000,4,4,3361.0,0,1,2,0,2,7.378168821334839,2.624401330947876,2.520254611968994,1.593571424484253,0.04512596130371094,0.0165708065032959
4062,0,0.5105897435897436,934,1000,1,1,3662.0,0,0,1,0,2,7.380421876907349,2.62485671043396,2.5216453075408936,1.593881368637085,0.04513120651245117,0.01657271385192871
4063,0,0.5105897435897436,934,1000,1,1,3663.0,0,0,2,0,2,7.382669925689697,2.6258161067962646,2.5223991870880127,1.5942792892456055,0.0451509952545166,0.016579627990722656
4064,0,0.5105897435897436,934,1000,3,3,3264.0,0,1,2,0,2,7.386510610580444,2.6265459060668945,2.5231919288635254,1.5963759422302246,0.04516434669494629,0.016582965850830078
4065,0,0.5105897435897436,934,1000,2,2,3265.0,0,0,2,0,2,7.3883585929870605,2.6272902488708496,2.523810625076294,1.596738338470459,0.045177459716796875,0.016585826873779297
4066,0,0.5105897435897436,934,1000,2,2,2666.0,0,0,2,0,2,7.390301465988159,2.627941608428955,2.5245938301086426,1.597106695175171,0.04519367218017578,0.016587495803833008
4067,0,0.5105897435897436,934,1000,2,2,3467.0,0,0,1,0,2,7.392152547836304,2.6286261081695557,2.5252528190612793,1.597459316253662,0.045206546783447266,0.01659107208251953
4068,0,0.5105897435897436,935,1000,1,1,3668.0,0,0,2,0,1,7.3936684131622314,2.6291229724884033,2.525836229324341,1.5977976322174072,0.0452115535736084,0.016593217849731445
4069,0,0.5105897435897436,935,1000,2,2,3402.3333333333335,0,0,1,0,1,7.395048379898071,2.629593849182129,2.5264296531677246,1.598013162612915,0.045218706130981445,0.016594886779785156
4070,0,0.5105897435897436,934,1000,1,1,3670.0,0,0,1,0,2,7.397407531738281,2.629995822906494,2.527963876724243,1.5983448028564453,0.04522371292114258,0.016596317291259766
4071,0,0.5105897435897436,934,1000,1,1,1671.0,0,0,2,0,2,7.400975465774536,2.6311087608337402,2.529538154602051,1.5990114212036133,0.04524946212768555,0.016604185104370117
4072,0,0.5105897435897436,935,1000,2,2,3672.0,0,1,2,0,1,7.403244256973267,2.6321117877960205,2.5302042961120605,1.5994174480438232,0.045273780822753906,0.016610383987426758
4073,0,0.5105897435897436,935,1000,2,1,3673.0,0,0,2,0,2,7.405515670776367,2.6329519748687744,2.531080484390259,1.5998022556304932,0.045291900634765625,0.01661205291748047
4074,0,0.5105897435897436,936,1000,1,1,3274.0,0,0,2,0,1,7.407517194747925,2.6338391304016113,2.5316925048828125,1.600184440612793,0.045302391052246094,0.016617774963378906
4075,0,0.5105897435897436,936,1000,2,1,4075.0,0,0,0,1,1,7.4083571434021,2.634352684020996,2.5319836139678955,1.600184440612793,0.045302391052246094,0.016619205474853516
4076,0,0.5105897435897436,936,1000,1,1,3676.0,0,0,2,0,2,7.409910202026367,2.6348116397857666,2.5326054096221924,1.60056734085083,0.04530811309814453,0.016620635986328125
4077,0,0.5105897435897436,937,1000,1,1,3677.0,0,0,2,0,1,7.411440372467041,2.6352791786193848,2.533191442489624,1.6009521484375,0.045313119888305664,0.016621828079223633
4078,0,0.5105897435897436,938,1000,4,4,3278.0,0,0,2,0,1,7.413756370544434,2.635770082473755,2.534541130065918,1.6013290882110596,0.045320987701416016,0.016623258590698242
4079,0,0.5105897435897436,937,1000,2,2,2212.3333333333335,0,0,1,0,2,7.418466091156006,2.636801242828369,2.535825252532959,1.6035070419311523,0.04534745216369629,0.01662921905517578
4080,0,0.5105897435897436,937,1000,2,2,3841.0,0,0,2,0,2,7.422767877578735,2.6385395526885986,2.5373740196228027,1.6043131351470947,0.04537677764892578,0.01663661003112793
4081,0,0.5105897435897436,936,1000,1,1,3681.0,0,0,1,0,2,7.426440715789795,2.6398675441741943,2.5391547679901123,1.604682445526123,0.045400381088256836,0.016644954681396484
4082,0,0.5105897435897436,936,1000,1,1,4082.0,0,0,0,1,1,7.430199146270752,2.641916036605835,2.5407280921936035,1.604682445526123,0.045400381088256836,0.016657114028930664
4083,0,0.5105897435897436,935,1000,1,1,3683.0,0,0,1,0,2,7.436036825180054,2.643705368041992,2.5435900688171387,1.6055591106414795,0.045438528060913086,0.01666879653930664
4084,0,0.5105897435897436,935,1000,1,1,4084.0,0,0,0,1,1,7.4390435218811035,2.6454899311065674,2.5447027683258057,1.6055591106414795,0.045438528060913086,0.01668071746826172
4085,0,0.5105897435897436,935,1000,1,1,3285.0,0,0,2,0,2,7.442293405532837,2.6468772888183594,2.5457842350006104,1.60611891746521,0.04546332359313965,0.016691207885742188
4086,0,0.5105897435897436,935,1000,1,1,4086.0,0,0,0,1,1,7.4441258907318115,2.6479694843292236,2.5464560985565186,1.60611891746521,0.04546332359313965,0.016696691513061523
4087,0,0.5105897435897436,935,1000,1,1,1687.0,0,0,2,0,2,7.447398900985718,2.6490209102630615,2.547950029373169,1.6066803932189941,0.045479774475097656,0.016701459884643555
4088,0,0.5105897435897436,935,1000,2,2,3288.0,0,0,1,0,1,7.4518091678619385,2.6508536338806152,2.5491278171539307,1.607656478881836,0.045526742935180664,0.016711950302124023
4089,0,0.5105897435897436,935,1000,1,1,3689.0,0,0,2,0,2,7.45461106300354,2.6520416736602783,2.550150156021118,1.6080851554870605,0.045546531677246094,0.016719341278076172
4090,0,0.5105897435897436,935,1000,1,1,4090.0,0,0,0,1,1,7.4566490650177,2.653219223022461,2.550935983657837,1.6080851554870605,0.045546531677246094,0.01672649383544922
4091,0,0.5105897435897436,935,1000,2,1,3691.0,0,0,0,0,0,7.458185434341431,2.654573917388916,2.5509374141693115,1.6080851554870605,0.04556584358215332,0.01673150062561035
4092,0,0.5105897435897436,934,1000,1,1,3692.0,0,0,1,0,2,7.4601757526397705,2.655224084854126,2.5519442558288574,1.6083416938781738,0.04557013511657715,0.016735076904296875
4093,0,0.5105897435897436,934,1000,1,1,2893.0,0,0,2,0,2,7.4643714427948,2.656259536743164,2.554456949234009,1.608816385269165,0.045587778091430664,0.0167391300201416
4094,0,0.5105897435897436,934,1000,2,1,3294.0,0,0,2,0,2,7.468368053436279,2.6579997539520264,2.5554747581481934,1.6097214221954346,0.04562497138977051,0.01674938201904297
4095,0,0.5105897435897436,934,1000,1,1,3695.0,0,0,2,0,2,7.473152160644531,2.659170627593994,2.556626558303833,1.6119751930236816,0.04564857482910156,0.01675581932067871
4096,0,0.5105897435897436,933,1000,2,2,3562.6666666666665,0,0,1,0,2,7.476083993911743,2.660362720489502,2.557666540145874,1.6124680042266846,0.04567408561706543,0.016762256622314453
4097,0,0.5105897435897436,933,1000,2,2,3497.0,0,1,1,0,2,7.4780333042144775,2.6611874103546143,2.558271646499634,1.6128218173980713,0.045691728591918945,0.016766786575317383
4098,0,0.5105897435897436,933,1000,3,3,3598.0,0,0,1,0,1,7.481910228729248,2.661747455596924,2.5610475540161133,1.6132245063781738,0.04570889472961426,0.016768932342529297
4099,0,0.5105897435897436,932,1000,1,1,3699.0,0,0,1,0,2,7.485605955123901,2.6632895469665527,2.562159776687622,1.6139650344848633,0.04574751853942871,0.01677989959716797
4100,0,0.5105897435897436,931,1000,2,2,3700.0,0,0,1,0,2,7.488203763961792,2.664382219314575,2.563169479370117,1.614295482635498,0.04577016830444336,0.016786813735961914
4101,0,0.5105897435897436,930,1000,3,3,3301.0,0,0,1,0,2,7.491574287414551,2.6656064987182617,2.564457654953003,1.6149377822875977,0.04579758644104004,0.016791343688964844
4102,0,0.5105897435897436,930,1000,3,3,3435.3333333333335,0,0,2,0,2,7.494294166564941,2.666508197784424,2.5656332969665527,1.6153514385223389,0.04581904411315918,0.016808748245239258
4103,0,0.5105897435897436,929,1000,1,1,2503.0,0,0,1,0,2,7.500735521316528,2.6681909561157227,2.5693650245666504,1.6161363124847412,0.045850515365600586,0.01681685447692871
4104,0,0.5105897435897436,929,1000,1,1,3304.0,0,0,1,0,1,7.503763675689697,2.669424295425415,2.5705182552337646,1.6165761947631836,0.045876264572143555,0.01682591438293457
4105,0,0.5105897435897436,930,1000,1,1,3705.0,0,0,2,0,1,7.506533861160278,2.670475721359253,2.571537733078003,1.6171090602874756,0.045894622802734375,0.01683330535888672
4106,0,0.5105897435897436,930,1000,2,2,3306.0,0,0,1,0,2,7.509740829467773,2.67143177986145,2.5731430053710938,1.617520809173584,0.04591727256774902,0.016839027404785156
4107,0,0.5105897435897436,930,1000,3,3,3440.3333333333335,0,0,2,0,2,7.512115955352783,2.6726343631744385,2.5738086700439453,1.6178910732269287,0.045938730239868164,0.016845703125
4108,0,0.5105897435897436,931,1000,3,3,3308.0,0,0,2,0,1,7.5173585414886475,2.6741864681243896,2.5764594078063965,1.6186997890472412,0.0459742546081543,0.016849994659423828
4109,0,0.5105897435897436,931,1000,2,2,3509.0,0,0,2,0,2,7.520396947860718,2.675438404083252,2.57747483253479,1.6192514896392822,0.04600214958190918,0.01685929298400879
4110,0,0.5105897435897436,931,1000,3,3,3576.6666666666665,0,0,0,0,0,7.521742105484009,2.6766059398651123,2.5774762630462646,1.6192514896392822,0.046027183532714844,0.016865015029907227
4111,0,0.5105897435897436,930,1000,1,1,2511.0,0,0,1,0,2,7.525011301040649,2.677551507949829,2.57942533493042,1.61948823928833,0.046035051345825195,0.016869306564331055
4112,0,0.5105897435897436,930,1000,1,1,3712.0,0,0,1,0,1,7.527552843093872,2.6787402629852295,2.5802717208862305,1.619809865951538,0.04605579376220703,0.016877174377441406
4113,0,0.5105897435897436,930,1000,3,3,3446.3333333333335,0,0,2,0,2,7.529757261276245,2.679302453994751,2.5814146995544434,1.6201977729797363,0.046065330505371094,0.016880512237548828
4114,0,0.5105897435897436,930,1000,1,1,2514.0,0,0,2,0,2,7.5336620807647705,2.680870771408081,2.582867383956909,1.6208467483520508,0.04609274864196777,0.016889572143554688
4115,0,0.5105897435897436,930,1000,2,2,3315.0,0,0,1,0,2,7.5367090702056885,2.6821937561035156,2.5838985443115234,1.6213135719299316,0.04611849784851074,0.01689934730529785
4116,0,0.5105897435897436,931,1000,1,1,3716.0,0,0,2,0,1,7.53974175453186,2.6834053993225098,2.5850634574890137,1.6217873096466064,0.04613924026489258,0.016904592514038086
4117,0,0.5105897435897436,931,1000,1,1,3717.0,0,0,0,0,0,7.541038990020752,2.684509515762329,2.5850648880004883,1.6217873096466064,0.04616189002990723,0.016911029815673828
4118,0,0.5105897435897436,931,1000,1,1,3718.0,0,0,2,0,2,7.544049978256226,2.685915470123291,2.5859580039978027,1.6223320960998535,0.04618334770202637,0.016916990280151367
4119,0,0.5105897435897436,931,1000,2,2,3719.0,0,0,1,0,1,7.546569585800171,2.6866586208343506,2.5873959064483643,1.6225709915161133,0.04619407653808594,0.01692056655883789
4120,0,0.5105897435897436,931,1000,1,1,2520.0,0,0,2,0,2,7.550512790679932,2.687903642654419,2.589313507080078,1.6231613159179688,0.0462183952331543,0.016929149627685547
4121,0,0.5105897435897436,931,1000,2,2,3454.3333333333335,0,0,2,0,2,7.555649280548096,2.6890735626220703,2.5906004905700684,1.6256029605865479,0.04624509811401367,0.01693558692932129
4122,0,0.5105897435897436,931,1000,1,1,2922.0,0,0,2,0,2,7.559210538864136,2.6902055740356445,2.592350959777832,1.6260905265808105,0.04626750946044922,0.016942501068115234
4123,0,0.5105897435897436,931,1000,2,2,3323.0,0,0,2,0,2,7.561598777770996,2.69118070602417,2.59318208694458,1.6264891624450684,0.046288490295410156,0.016948938369750977
4124,0,0.5105897435897436,931,1000,3,3,3590.6666666666665,0,0,2,0,2,7.565147161483765,2.6925082206726074,2.5943593978881836,1.6272146701812744,0.04632306098937988,0.01695394515991211
4125,0,0.5105897435897436,931,1000,1,1,4125.0,0,0,0,1,1,7.567356586456299,2.693819284439087,2.595170259475708,1.6272146701812744,0.04632306098937988,0.01696181297302246
4126,0,0.5105897435897436,931,1000,1,1,3326.0,0,0,2,0,2,7.571139574050903,2.695174217224121,2.596409797668457,1.6282017230987549,0.04634714126586914,0.0169675350189209
4127,0,0.5105897435897436,931,1000,1,1,1327.0,0,0,2,0,2,7.574169635772705,2.6963696479797363,2.5974788665771484,1.6287620067596436,0.0463716983795166,0.016974687576293945
4128,0,0.5105897435897436,931,1000,2,2,3528.0,0,0,2,0,2,7.5784947872161865,2.6975228786468506,2.5998973846435547,1.629307508468628,0.04639387130737305,0.016980409622192383
4129,0,0.5105897435897436,932,1000,3,3,3595.6666666666665,0,1,0,0,1,7.583595037460327,2.6999967098236084,2.6014418601989746,1.6300928592681885,0.04642224311828613,0.01699066162109375
4130,0,0.5105897435897436,932,1000,1,1,3730.0,0,0,0,0,0,7.584924697875977,2.7011475563049316,2.601443290710449,1.6300928592681885,0.04644608497619629,0.0169980525970459
4131,0,0.5105897435897436,931,1000,2,2,3464.3333333333335,0,0,1,0,2,7.587931871414185,2.7026166915893555,2.6024303436279297,1.630443811416626,0.04647350311279297,0.01700305938720703
4132,0,0.5105897435897436,931,1000,2,2,3132.0,0,0,2,0,2,7.590536117553711,2.703711986541748,2.603408098220825,1.6308228969573975,0.0464940071105957,0.017008304595947266
4133,0,0.5105897435897436,931,1000,2,2,3333.0,0,0,2,0,2,7.593041181564331,2.7046685218811035,2.6043379306793213,1.631223440170288,0.046514272689819336,0.017012834548950195
4134,0,0.5105897435897436,933,1000,1,1,3734.0,0,0,2,0,0,7.598125219345093,2.705860137939453,2.606760263442993,1.6324896812438965,0.0465390682220459,0.017017841339111328
4135,0,0.5105897435897436,934,1000,1,1,3735.0,0,0,2,0,1,7.603835821151733,2.707362174987793,2.609923839569092,1.6333181858062744,0.04656672477722168,0.01702594757080078
4136,0,0.5105897435897436,933,1000,2,2,3469.3333333333335,0,0,1,0,2,7.60732626914978,2.708838939666748,2.611304521560669,1.6337528228759766,0.04659438133239746,0.01703929901123047
4137,0,0.5105897435897436,933,1000,1,1,4137.0,0,0,0,1,1,7.609226942062378,2.7099156379699707,2.612055540084839,1.6337528228759766,0.04659438133239746,0.01704573631286621
4138,0,0.5105897435897436,933,1000,1,1,3738.0,0,0,2,0,2,7.6120219230651855,2.7111141681671143,2.613030433654785,1.634202241897583,0.0466151237487793,0.01705193519592285
4139,0,0.5105897435897436,933,1000,2,2,2139.0,0,0,2,0,2,7.618326187133789,2.7130508422851562,2.616136312484741,1.635225772857666,0.04665088653564453,0.0170590877532959
4140,0,0.5105897435897436,933,1000,1,1,4140.0,0,0,0,1,1,7.620705604553223,2.714512825012207,2.6169614791870117,1.635225772857666,0.04665088653564453,0.017073869705200195
4141,0,0.5105897435897436,933,1000,2,1,3741.0,0,0,2,0,2,7.623544931411743,2.7157318592071533,2.6180078983306885,1.6356067657470703,0.04667401313781738,0.017079830169677734
4142,0,0.5105897435897436,934,1000,2,2,2942.0,0,0,2,0,1,7.626416206359863,2.716918468475342,2.6190035343170166,1.6361162662506104,0.04669523239135742,0.017084360122680664
4143,0,0.5105897435897436,934,1000,3,3,3609.6666666666665,0,0,2,0,2,7.630093574523926,2.7178733348846436,2.6211893558502197,1.6364994049072266,0.04671788215637207,0.0170900821685791
4144,0,0.5105897435897436,934,1000,3,3,3077.3333333333335,0,0,2,0,2,7.6349475383758545,2.7193918228149414,2.623316526412964,1.63747239112854,0.046746015548706055,0.017102956771850586
4145,0,0.5105897435897436,933,1000,1,1,3345.0,0,0,1,0,2,7.637551546096802,2.7205586433410645,2.624279737472534,1.6377637386322021,0.0467679500579834,0.017109394073486328
4146,0,0.5105897435897436,933,1000,1,1,3746.0,0,0,2,0,2,7.640033960342407,2.7214839458465576,2.625253438949585,1.6381804943084717,0.046797990798950195,0.01711416244506836
4147,0,0.5105897435897436,933,1000,1,1,2147.0,0,0,2,0,2,7.642707109451294,2.722362756729126,2.6264500617980957,1.6386182308197021,0.04681277275085449,0.017126083374023438
4148,0,0.5105897435897436,934,1000,1,1,1748.0,0,0,2,0,1,7.645312070846558,2.7234370708465576,2.6274077892303467,1.639035701751709,0.04683089256286621,0.017132043838500977
4149,0,0.5105897435897436,935,1000,1,1,3749.0,0,0,2,0,1,7.651516437530518,2.7254364490509033,2.630293130874634,1.6400761604309082,0.046866416931152344,0.017138004302978516
4150,0,0.5105897435897436,935,1000,1,1,3750.0,0,0,2,0,2,7.654671907424927,2.726827621459961,2.6312739849090576,1.6406469345092773,0.046891212463378906,0.017147064208984375
4151,0,0.5105897435897436,934,1000,1,1,3751.0,0,0,1,0,2,7.6570518016815186,2.727802038192749,2.632194757461548,1.6409826278686523,0.04690814018249512,0.017153024673461914
4152,0,0.5105897435897436,934,1000,1,1,4152.0,0,0,0,1,1,7.658804178237915,2.7287395000457764,2.6329445838928223,1.6409826278686523,0.04690814018249512,0.017157316207885742
4153,0,0.5105897435897436,933,1000,2,2,3753.0,0,0,1,0,2,7.661406517028809,2.7298178672790527,2.633953332901001,1.6413357257843018,0.04693412780761719,0.017163991928100586
4154,0,0.5105897435897436,934,1000,1,1,3354.0,0,0,2,0,1,7.66720175743103,2.7310192584991455,2.6373891830444336,1.6422531604766846,0.04695940017700195,0.017169952392578125
4155,0,0.5105897435897436,934,1000,2,1,3355.0,0,0,2,0,2,7.670870780944824,2.7326819896698,2.638485908508301,1.6428966522216797,0.04698467254638672,0.01717829704284668
4156,0,0.5105897435897436,934,1000,2,2,3556.0,0,0,2,0,2,7.6738526821136475,2.733774423599243,2.639814853668213,1.643294095993042,0.047008514404296875,0.017184972763061523
4157,0,0.5105897435897436,935,1000,1,1,3757.0,0,0,2,0,1,7.676787376403809,2.734954595565796,2.640958786010742,1.643749475479126,0.047029972076416016,0.01719188690185547
4158,0,0.5105897435897436,935,1000,1,1,2158.0,0,0,2,0,2,7.686071872711182,2.736093282699585,2.644090414047241,1.648524284362793,0.047051191329956055,0.017197847366333008
4159,0,0.5105897435897436,935,1000,1,1,2959.0,0,0,2,0,2,7.69029426574707,2.737590789794922,2.6459124088287354,1.649167776107788,0.04707789421081543,0.017208576202392578
4160,0,0.5105897435897436,935,1000,1,1,2160.0,0,0,2,0,2,7.693706035614014,2.739043951034546,2.6469757556915283,1.6498408317565918,0.04710531234741211,0.017218351364135742
4161,0,0.5105897435897436,935,1000,3,3,3361.0,0,0,1,0,2,7.697850227355957,2.7400596141815186,2.6493890285491943,1.6503117084503174,0.04713273048400879,0.01722407341003418
4162,0,0.5105897435897436,936,1000,2,2,3562.0,0,1,2,0,1,7.701104402542114,2.7413861751556396,2.6503920555114746,1.6509175300598145,0.04716348648071289,0.01723194122314453
4163,0,0.5105897435897436,936,1000,2,2,3229.6666666666665,0,0,2,0,2,7.703999042510986,2.742515802383423,2.651390314102173,1.6514499187469482,0.04718780517578125,0.01723766326904297
4164,0,0.5105897435897436,936,1000,1,1,3764.0,0,0,2,0,2,7.70649266242981,2.7434160709381104,2.652400255203247,1.651883840560913,0.04720592498779297,0.017243385314941406
4165,0,0.5105897435897436,936,1000,1,1,3765.0,0,0,2,0,2,7.708632707595825,2.7444534301757812,2.653019428253174,1.652238368988037,0.047222137451171875,0.017248153686523438
4166,0,0.5105897435897436,936,1000,1,1,4166.0,0,0,0,1,1,7.70949125289917,2.7449865341186523,2.6533169746398926,1.652238368988037,0.047222137451171875,0.01725029945373535
4167,0,0.5105897435897436,936,1000,4,4,3167.0,0,0,1,0,2,7.71110463142395,2.7454440593719482,2.6539578437805176,1.6525890827178955,0.04724407196044922,0.017251968383789062
4168,0,0.5105897435897436,936,1000,1,1,3368.0,0,0,2,0,2,7.714044094085693,2.746100425720215,2.655756711959839,1.6529529094696045,0.047257184982299805,0.01725459098815918
4169,0,0.5105897435897436,935,1000,1,1,2569.0,0,0,1,0,2,7.717319965362549,2.747567892074585,2.656831741333008,1.6534292697906494,0.04729151725769043,0.017269372940063477
4170,0,0.5105897435897436,935,1000,2,2,3370.0,0,0,2,0,2,7.719858407974243,2.7486114501953125,2.657771587371826,1.653806209564209,0.04731321334838867,0.017275333404541016
4171,0,0.5105897435897436,934,1000,1,1,3771.0,0,0,1,0,2,7.72247314453125,2.7497060298919678,2.6588082313537598,1.6541378498077393,0.04733157157897949,0.017281532287597656
4172,0,0.5105897435897436,934,1000,1,1,4172.0,0,0,0,1,1,7.723938941955566,2.7507894039154053,2.659139394760132,1.6541378498077393,0.04733157157897949,0.01728534698486328
4173,0,0.5105897435897436,933,1000,1,1,3773.0,0,0,1,0,2,7.725458860397339,2.7512617111206055,2.6597752571105957,1.6544387340545654,0.04734492301940918,0.01728677749633789
4174,0,0.5105897435897436,933,1000,3,3,3374.0,0,1,2,0,2,7.727663516998291,2.751771926879883,2.6610043048858643,1.6547715663909912,0.04735302925109863,0.0172882080078125
4175,0,0.5105897435897436,934,1000,2,2,3575.0,0,0,2,0,1,7.731750965118408,2.7527687549591064,2.663296699523926,1.655409812927246,0.04737496376037598,0.017293214797973633
4176,0,0.5105897435897436,934,1000,1,1,1776.0,0,0,2,0,2,7.7353355884552,2.754295587539673,2.6645190715789795,1.6560399532318115,0.04739999771118164,0.01730203628540039
4177,0,0.5105897435897436,935,1000,2,2,3577.0,0,0,2,0,1,7.740131616592407,2.755399703979492,2.6655046939849854,1.6585111618041992,0.04743027687072754,0.017308950424194336
4178,0,0.5105897435897436,935,1000,1,1,3778.0,0,0,0,0,0,7.7412943840026855,2.7563846111297607,2.6655056476593018,1.6585111618041992,0.04745006561279297,0.017315149307250977
4179,0,0.5105897435897436,936,1000,1,1,4179.0,0,0,0,1,0,7.742676019668579,2.7571120262145996,2.6661081314086914,1.6585111618041992,0.04745006561279297,0.0173187255859375
4180,0,0.5105897435897436,936,1000,2,2,3580.0,0,0,2,0,2,7.745614290237427,2.757829427719116,2.667628765106201,1.6589171886444092,0.047471046447753906,0.01732349395751953
4181,0,0.5105897435897436,936,1000,1,1,4181.0,0,0,0,1,1,7.748520851135254,2.759384870529175,2.6688592433929443,1.6589171886444092,0.047471046447753906,0.017335891723632812
4182,0,0.5105897435897436,936,1000,2,2,2982.0,0,0,2,0,2,7.752685785293579,2.7610535621643066,2.6703104972839355,1.6597280502319336,0.047502994537353516,0.017348051071166992
4183,0,0.5105897435897436,936,1000,1,1,4183.0,0,0,0,1,1,7.755117893218994,2.762528419494629,2.6711771488189697,1.6597280502319336,0.047502994537353516,0.01735544204711914
4184,0,0.5105897435897436,936,1000,2,2,3814.0,0,0,2,0,2,7.760864019393921,2.763828754425049,2.6722428798675537,1.6628754138946533,0.04752802848815918,0.017361879348754883
4185,0,0.5105897435897436,936,1000,2,2,1585.0,0,0,0,0,0,7.762145757675171,2.7648978233337402,2.672244071960449,1.6628754138946533,0.04755401611328125,0.017368078231811523
4186,0,0.5105897435897436,936,1000,4,4,3486.0,0,0,2,0,2,7.768323183059692,2.7663052082061768,2.673579454421997,1.6659302711486816,0.04759335517883301,0.017373085021972656
4187,0,0.5105897435897436,936,1000,1,1,4187.0,0,0,0,1,1,7.770171165466309,2.7673850059509277,2.6742749214172363,1.6659302711486816,0.04759335517883301,0.0173797607421875
4188,0,0.5105897435897436,936,1000,3,3,3521.3333333333335,0,1,2,0,2,7.7726216316223145,2.7683002948760986,2.6751625537872314,1.6663668155670166,0.04761791229248047,0.01738429069519043
4189,0,0.5105897435897436,936,1000,1,1,3789.0,0,0,2,0,2,7.775467157363892,2.7695393562316895,2.676128625869751,1.6668407917022705,0.04763936996459961,0.01738905906677246
4190,0,0.5105897435897436,935,1000,2,1,3790.0,0,0,1,0,2,7.777374505996704,2.770418882369995,2.6767656803131104,1.6671206951141357,0.047647714614868164,0.017393112182617188
4191,0,0.5105897435897436,934,1000,3,3,3291.0,0,0,1,0,2,7.780602216720581,2.771303415298462,2.678680419921875,1.667379379272461,0.047666072845458984,0.01739668846130371
4192,0,0.5105897435897436,934,1000,1,1,3792.0,0,0,2,0,2,7.783954858779907,2.7725181579589844,2.6799631118774414,1.6680054664611816,0.047692060470581055,0.01740550994873047
4193,0,0.5105897435897436,934,1000,2,2,3593.0,0,0,2,0,2,7.787338733673096,2.7736287117004395,2.681342840194702,1.668609380722046,0.04773068428039551,0.017412662506103516
4194,0,0.5105897435897436,933,1000,1,1,3794.0,0,0,1,0,2,7.794726371765137,2.775137424468994,2.6839070320129395,1.6716113090515137,0.047757625579833984,0.01741957664489746
4195,0,0.5105897435897436,934,1000,3,3,3661.6666666666665,0,1,1,0,1,7.800058364868164,2.777066707611084,2.6858434677124023,1.6725549697875977,0.04779767990112305,0.017426729202270508
4196,0,0.5105897435897436,934,1000,2,2,3596.0,0,0,2,0,2,7.803391695022583,2.77839732170105,2.686889886856079,1.6732299327850342,0.047826290130615234,0.01743459701538086
4197,0,0.5105897435897436,934,1000,3,3,3663.6666666666665,0,0,0,0,0,7.804678916931152,2.7794668674468994,2.6868906021118164,1.6732299327850342,0.04784965515136719,0.017439842224121094
4198,0,0.5105897435897436,934,1000,1,1,4198.0,0,0,0,1,1,7.807089805603027,2.7810137271881104,2.687653064727783,1.6732299327850342,0.04784965515136719,0.01744389533996582
4199,0,0.5105897435897436,933,1000,1,1,3799.0,0,0,1,0,2,7.809670686721802,2.781939744949341,2.6888389587402344,1.673560619354248,0.04787015914916992,0.01744866371154785
4200,0,0.5105897435897436,933,1000,1,1,3800.0,0,0,2,0,2,7.814560651779175,2.7828564643859863,2.6922008991241455,1.6740000247955322,0.04788947105407715,0.01745462417602539
4201,0,0.5105897435897436,934,1000,3,3,3267.6666666666665,0,0,2,0,1,7.820065975189209,2.7848379611968994,2.6943345069885254,1.6751227378845215,0.047922372817993164,0.01746511459350586
4202,0,0.5105897435897436,934,1000,1,1,3002.0,0,0,2,0,2,7.82290506362915,2.786083698272705,2.6952383518218994,1.6755938529968262,0.0479435920715332,0.017472267150878906
4203,0,0.5105897435897436,934,1000,1,1,3003.0,0,0,2,0,2,7.8254783153533936,2.7869832515716553,2.696350336074829,1.6760098934173584,0.047960519790649414,0.017496585845947266
4204,0,0.5105897435897436,934,1000,2,2,3804.0,0,1,2,0,2,7.828486680984497,2.7882299423217773,2.697319507598877,1.6765413284301758,0.04798698425292969,0.0175020694732666
4205,0,0.5105897435897436,935,1000,3,3,3271.6666666666665,0,0,2,0,1,7.833018064498901,2.7902681827545166,2.6988365650177,1.677189588546753,0.04802751541137695,0.01750779151916504
4206,0,0.5105897435897436,936,1000,2,2,3006.0,0,1,1,0,1,7.837020635604858,2.7921247482299805,2.699970245361328,1.6777982711791992,0.04805922508239746,0.01751708984375
4207,0,0.5105897435897436,936,1000,1,1,4207.0,0,0,0,1,1,7.838882923126221,2.7932324409484863,2.7006473541259766,1.6777982711791992,0.04805922508239746,0.01752448081970215
4208,0,0.5105897435897436,936,1000,2,2,2008.0,0,0,2,0,2,7.841609477996826,2.7942261695861816,2.701779842376709,1.6782383918762207,0.0480804443359375,0.01752948760986328
4209,0,0.5105897435897436,936,1000,1,1,4209.0,0,0,0,1,1,7.843301296234131,2.7952284812927246,2.7024037837982178,1.6782383918762207,0.0480804443359375,0.017534971237182617
4210,0,0.5105897435897436,936,1000,3,3,3543.3333333333335,0,0,2,0,2,7.848846912384033,2.796534776687622,2.7059099674224854,1.6787395477294922,0.04810738563537598,0.017540454864501953
4211,0,0.5105897435897436,936,1000,3,3,3677.6666666666665,0,0,2,0,2,7.854688882827759,2.7984426021575928,2.708254337310791,1.6799860000610352,0.04814410209655762,0.017548799514770508
4212,0,0.5105897435897436,936,1000,2,1,2212.0,0,0,2,0,2,7.858625650405884,2.800017833709717,2.7096993923187256,1.6805989742279053,0.04817390441894531,0.01755690574645996
4213,0,0.5105897435897436,936,1000,1,1,4213.0,0,0,0,1,1,7.860393762588501,2.8010268211364746,2.7103819847106934,1.6805989742279053,0.04817390441894531,0.0175628662109375
4214,0,0.5105897435897436,935,1000,1,1,3414.0,0,0,1,0,2,7.863178730010986,2.8019678592681885,2.7117300033569336,1.6809070110321045,0.04820752143859863,0.01756763458251953
4215,0,0.5105897435897436,934,1000,1,1,3815.0,0,0,1,0,2,7.871989727020264,2.8033998012542725,2.7148544788360596,1.6843388080596924,0.04823780059814453,0.01757502555847168
4216,0,0.5105897435897436,933,1000,1,1,3816.0,0,0,1,0,2,7.875173568725586,2.8048605918884277,2.7158758640289307,1.6848368644714355,0.04826545715332031,0.017585277557373047
4217,0,0.5105897435897436,933,1000,1,1,3817.0,0,0,2,0,2,7.877830982208252,2.805898427963257,2.7168288230895996,1.685335397720337,0.048284053802490234,0.01759052276611328
4218,0,0.5105897435897436,933,1000,1,1,4218.0,0,0,0,1,1,7.880934953689575,2.807004451751709,2.7187211513519287,1.685335397720337,0.048284053802490234,0.017595291137695312
4219,0,0.5105897435897436,933,1000,2,2,3219.0,0,0,2,0,2,7.88494610786438,2.808784246444702,2.7199270725250244,1.6859960556030273,0.04832005500793457,0.01760578155517578
4220,0,0.5105897435897436,933,1000,1,1,3820.0,0,0,2,0,2,7.888025283813477,2.8098995685577393,2.721294641494751,1.6864254474639893,0.048340797424316406,0.017612218856811523
4221,0,0.5105897435897436,933,1000,2,2,3287.6666666666665,0,0,2,0,2,7.891697406768799,2.8113317489624023,2.722747802734375,1.6869821548461914,0.04838418960571289,0.01761913299560547
4222,0,0.5105897435897436,934,1000,2,1,2622.0,0,0,2,0,1,7.899054527282715,2.812992572784424,2.7271134853363037,1.6879756450653076,0.048413991928100586,0.017628908157348633
4223,0,0.5105897435897436,933,1000,2,2,3023.0,0,0,1,0,2,7.9033989906311035,2.815269708633423,2.7284770011901855,1.688436508178711,0.04844474792480469,0.01763772964477539
4224,0,0.5105897435897436,933,1000,2,2,3624.0,0,0,2,0,2,7.906102657318115,2.816328763961792,2.7294063568115234,1.6888940334320068,0.048471689224243164,0.017644166946411133
4225,0,0.5105897435897436,933,1000,1,1,3825.0,0,0,2,0,2,7.909205436706543,2.817786931991577,2.7304368019104004,1.6893091201782227,0.048493385314941406,0.017648935317993164
4226,0,0.5105897435897436,934,1000,1,1,1426.0,0,0,2,0,1,7.911951065063477,2.8189141750335693,2.7314414978027344,1.6897540092468262,0.04851078987121582,0.0176541805267334
4227,0,0.5105897435897436,934,1000,1,1,4227.0,0,0,0,1,1,7.915102958679199,2.820948600769043,2.732430934906006,1.6897540092468262,0.04851078987121582,0.017659425735473633
4228,0,0.5105897435897436,934,1000,2,1,4228.0,0,0,0,1,1,7.917339324951172,2.8223047256469727,2.733213186264038,1.6897540092468262,0.04851078987121582,0.017665624618530273
4229,0,0.5105897435897436,933,1000,1,1,3829.0,0,0,1,0,2,7.919717073440552,2.823254108428955,2.7341957092285156,1.6900622844696045,0.048531532287597656,0.017670631408691406
4230,0,0.5105897435897436,933,1000,1,1,3430.0,0,0,2,0,2,7.923031806945801,2.824364185333252,2.7353618144989014,1.6909027099609375,0.048554182052612305,0.01767444610595703
4231,0,0.5105897435897436,933,1000,1,1,3831.0,0,0,2,0,2,7.925250053405762,2.825340509414673,2.7360599040985107,1.691283941268921,0.04857277870178223,0.017680883407592773
4232,0,0.5105897435897436,933,1000,3,3,3698.6666666666665,0,0,2,0,2,7.926854372024536,2.825800657272339,2.7366554737091064,1.6916732788085938,0.04858136177062988,0.017682790756225586
4233,0,0.5105897435897436,934,1000,2,2,3033.0,0,0,2,0,1,7.928473234176636,2.826296806335449,2.7372820377349854,1.692026138305664,0.04858875274658203,0.017684221267700195
4234,0,0.5105897435897436,934,1000,3,3,3434.0,0,1,2,0,2,7.9318883419036865,2.8269577026367188,2.7385971546173096,1.6931953430175781,0.048616886138916016,0.017686128616333008
4235,0,0.5105897435897436,934,1000,1,1,4235.0,0,0,0,1,1,7.9337849617004395,2.8279311656951904,2.7394394874572754,1.6931953430175781,0.048616886138916016,0.01769280433654785
4236,0,0.5105897435897436,934,1000,1,1,4236.0,0,0,0,1,1,7.935667276382446,2.8290865421295166,2.7400946617126465,1.6931953430175781,0.048616886138916016,0.017701387405395508
4237,0,0.5105897435897436,934,1000,1,1,3437.0,0,0,2,0,2,7.939334392547607,2.830052375793457,2.7414512634277344,1.6942853927612305,0.04864335060119629,0.01770615577697754
4238,0,0.5105897435897436,934,1000,1,1,4238.0,0,0,0,1,1,7.942145824432373,2.831345796585083,2.742847204208374,1.6942853927612305,0.04864335060119629,0.017714262008666992
4239,0,0.5105897435897436,935,1000,3,3,3705.6666666666665,0,0,1,0,1,7.946012735366821,2.8325822353363037,2.744680881500244,1.6948447227478027,0.048673152923583984,0.017720937728881836
4240,0,0.5105897435897436,935,1000,1,1,3840.0,0,0,2,0,2,7.949875831604004,2.8342502117156982,2.7458958625793457,1.6955761909484863,0.04869985580444336,0.017731666564941406
4241,0,0.5105897435897436,936,1000,1,1,3841.0,0,0,2,0,1,7.95300555229187,2.8355906009674072,2.74695086479187,1.6961312294006348,0.048722267150878906,0.01773858070373535
4242,0,0.5105897435897436,936,1000,2,2,2842.0,0,0,1,0,2,7.955738067626953,2.8367226123809814,2.7478761672973633,1.6965875625610352,0.04874420166015625,0.01774430274963379
4243,0,0.5105897435897436,937,1000,1,1,3843.0,0,0,2,0,1,7.95880651473999,2.8378045558929443,2.749300003051758,1.696995735168457,0.048760414123535156,0.017749786376953125
4244,0,0.5105897435897436,938,1000,3,3,3177.3333333333335,0,1,2,0,1,7.966835260391235,2.8391740322113037,2.7508187294006348,1.7018673419952393,0.048784732818603516,0.017756938934326172
4245,0,0.5105897435897436,938,1000,1,1,4245.0,0,0,0,1,1,7.969011306762695,2.840524673461914,2.7515628337860107,1.7018673419952393,0.048784732818603516,0.01776432991027832
4246,0,0.5105897435897436,939,1000,1,1,4246.0,0,0,0,1,0,7.972055673599243,2.8419673442840576,2.7530641555786133,1.7018673419952393,0.048784732818603516,0.01777362823486328
4247,0,0.5105897435897436,939,1000,2,2,3647.0,0,0,2,0,2,7.97546124458313,2.843346357345581,2.7542128562927246,1.7024524211883545,0.04881429672241211,0.01778244972229004
4248,0,0.5105897435897436,940,1000,2,2,3248.0,0,0,2,0,1,7.980195045471191,2.845134973526001,2.7561988830566406,1.7031214237213135,0.04884648323059082,0.01779317855834961
4249,0,0.5105897435897436,940,1000,1,1,3849.0,0,0,2,0,2,7.984031677246094,2.8464713096618652,2.757852792739868,1.7037303447723389,0.0488743782043457,0.01780080795288086
4250,0,0.5105897435897436,940,1000,1,1,3450.0,0,0,2,0,2,7.9872002601623535,2.8477859497070312,2.7589399814605713,1.7042760848999023,0.04890251159667969,0.01780867576599121
4251,0,0.5105897435897436,940,1000,2,2,3451.0,0,0,2,0,2,7.989747524261475,2.848824977874756,2.7599105834960938,1.7046735286712646,0.04892373085021973,0.017815113067626953
4252,0,0.5105897435897436,941,1000,3,3,3452.0,0,0,2,0,1,7.992487192153931,2.8499674797058105,2.7608251571655273,1.7051832675933838,0.048948049545288086,0.017820119857788086
4253,0,0.5105897435897436,941,1000,2,2,2653.0,0,0,2,0,2,7.998782157897949,2.8512661457061768,2.764530897140503,1.7061209678649902,0.0489811897277832,0.01782536506652832
4254,0,0.5105897435897436,942,1000,1,1,4254.0,0,0,0,1,0,8.002549886703491,2.853090524673462,2.7663307189941406,1.7061209678649902,0.0489811897277832,0.01783466339111328
4255,0,0.5105897435897436,942,1000,2,2,3655.0,0,0,2,0,2,8.005831241607666,2.854342460632324,2.7676432132720947,1.7066302299499512,0.04900693893432617,0.01784372329711914
4256,0,0.5105897435897436,943,1000,1,1,3456.0,0,0,2,0,1,8.0088951587677,2.8557870388031006,2.7685859203338623,1.7071197032928467,0.04903125762939453,0.017852783203125
4257,0,0.5105897435897436,942,1000,1,1,2657.0,0,0,1,0,2,8.011599779129028,2.8567521572113037,2.769691228866577,1.7075533866882324,0.04904985427856445,0.017857074737548828
4258,0,0.5105897435897436,941,1000,1,1,3858.0,0,0,1,0,2,8.015285968780518,2.8581433296203613,2.7710275650024414,1.7081899642944336,0.04912877082824707,0.01786351203918457
4259,0,0.5105897435897436,941,1000,3,3,3725.6666666666665,0,0,2,0,2,8.018200397491455,2.859470844268799,2.7719454765319824,1.7086715698242188,0.04915428161621094,0.017871379852294922
4260,0,0.5105897435897436,941,1000,1,1,3860.0,0,0,2,0,2,8.020787000656128,2.8604512214660645,2.7730350494384766,1.7090568542480469,0.04917144775390625,0.01787734031677246
4261,0,0.5105897435897436,940,1000,2,2,3327.6666666666665,0,0,1,0,2,8.0234956741333,2.8616347312927246,2.7740020751953125,1.709428071975708,0.04919719696044922,0.0178835391998291
4262,0,0.5105897435897436,940,1000,2,2,3262.0,0,0,2,0,2,8.025679588317871,2.862532138824463,2.7747490406036377,1.7097864151000977,0.04921221733093262,0.017888784408569336
4263,0,0.5105897435897436,940,1000,1,1,4263.0,0,0,0,1,1,8.027191400527954,2.86358904838562,2.77514910697937,1.7097864151000977,0.04921221733093262,0.01789402961730957
4264,0,0.5105897435897436,940,1000,3,2,3264.0,0,0,2,0,2,8.028925895690918,2.8641369342803955,2.7758092880249023,1.7101364135742188,0.04922795295715332,0.017896175384521484
4265,0,0.5105897435897436,940,1000,2,2,3665.0,0,0,2,0,2,8.03307843208313,2.865483522415161,2.7775895595550537,1.71085524559021,0.04926490783691406,0.01790142059326172
4266,0,0.5105897435897436,940,1000,1,1,3866.0,0,0,2,0,2,8.037342071533203,2.8672187328338623,2.7789151668548584,1.7117984294891357,0.04929161071777344,0.017914295196533203
4267,0,0.5105897435897436,940,1000,2,2,2667.0,0,0,1,0,1,8.042007684707642,2.8684144020080566,2.7816405296325684,1.7123229503631592,0.04932284355163574,0.017920732498168945
4268,0,0.5105897435897436,940,1000,1,1,3468.0,0,0,2,0,2,8.048648595809937,2.869974136352539,2.7852864265441895,1.7134547233581543,0.04935789108276367,0.017931461334228516
4269,0,0.5105897435897436,941,1000,3,3,3469.0,0,0,2,0,1,8.054447412490845,2.8718295097351074,2.7863357067108154,1.7159616947174072,0.04940080642700195,0.017942190170288086
4270,0,0.5105897435897436,941,1000,2,2,3870.0,0,0,2,0,2,8.058818340301514,2.8727872371673584,2.787360429763794,1.7181422710418701,0.04942631721496582,0.017947912216186523
4271,0,0.5105897435897436,940,1000,2,1,1071.0,0,0,1,0,2,8.061161279678345,2.873798131942749,2.7883028984069824,1.7183477878570557,0.049447059631347656,0.017953157424926758
4272,0,0.5105897435897436,940,1000,2,2,2272.0,0,0,0,0,0,8.062360286712646,2.874788284301758,2.788304567337036,1.7183477878570557,0.049483299255371094,0.01795673370361328
4273,0,0.5105897435897436,940,1000,1,1,4273.0,0,0,0,1,1,8.064808130264282,2.8760335445404053,2.7893946170806885,1.7183477878570557,0.049483299255371094,0.017961978912353516
4274,0,0.5105897435897436,940,1000,1,1,3874.0,0,0,1,0,1,8.069207191467285,2.878192186355591,2.7908270359039307,1.7188842296600342,0.04953718185424805,0.017971277236938477
4275,0,0.5105897435897436,940,1000,1,1,3075.0,0,0,2,0,2,8.072062969207764,2.8793580532073975,2.7918646335601807,1.7193448543548584,0.04956173896789551,0.017978191375732422
4276,0,0.5105897435897436,940,1000,2,2,3576.0,0,0,1,0,1,8.075437545776367,2.8808016777038574,2.7930357456207275,1.7198562622070312,0.0495913028717041,0.017983198165893555
4277,0,0.5105897435897436,939,1000,1,1,3477.0,0,0,1,0,2,8.080420017242432,2.882246732711792,2.7958297729492188,1.7203452587127686,0.04961705207824707,0.0179901123046875
4278,0,0.5105897435897436,939,1000,2,2,3278.0,0,0,2,0,2,8.0868558883667,2.8844003677368164,2.798825263977051,1.7212345600128174,0.04966115951538086,0.018001079559326172
4279,0,0.5105897435897436,939,1000,2,2,3612.3333333333335,0,0,1,0,2,8.090137958526611,2.8856024742126465,2.8001890182495117,1.7217092514038086,0.04969072341918945,0.01800847053527832
4280,0,0.5105897435897436,939,1000,2,2,3080.0,0,0,0,0,0,8.09160304069519,2.8867909908294678,2.800189971923828,1.7217092514038086,0.049720048904418945,0.01801466941833496
4281,0,0.5105897435897436,938,1000,1,1,2681.0,0,0,1,0,2,8.09541654586792,2.8879518508911133,2.8017208576202393,1.7220332622528076,0.049733877182006836,0.018019914627075195
4282,0,0.5105897435897436,938,1000,2,2,3682.0,0,1,1,0,2,8.102822542190552,2.891007661819458,2.8040502071380615,1.723099708557129,0.04977273941040039,0.01866292953491211
4283,0,0.5105897435897436,938,1000,1,1,3483.0,0,0,2,0,2,8.10581636428833,2.892216444015503,2.8050804138183594,1.7236316204071045,0.04979872703552246,0.018671512603759766
4284,0,0.5105897435897436,938,1000,3,3,3750.6666666666665,0,1,2,0,2,8.108279466629028,2.8931965827941895,2.8059871196746826,1.724003791809082,0.04982161521911621,0.018677234649658203
4285,0,0.5105897435897436,938,1000,2,2,3885.0,0,0,2,0,2,8.111098527908325,2.894335985183716,2.8070244789123535,1.7244126796722412,0.049840688705444336,0.018681764602661133
4286,0,0.5105897435897436,938,1000,1,1,3886.0,0,0,2,0,2,8.11574935913086,2.895521879196167,2.809152364730835,1.725562334060669,0.04986214637756348,0.01868748664855957
4287,0,0.5105897435897436,939,1000,1,1,3887.0,0,0,2,0,1,8.11918330192566,2.8966894149780273,2.810636043548584,1.7261476516723633,0.049887895584106445,0.018694162368774414
4288,0,0.5105897435897436,940,1000,2,2,3488.0,0,0,1,0,1,8.122434616088867,2.8979859352111816,2.811741352081299,1.7267370223999023,0.04991745948791504,0.018706083297729492
4289,0,0.5105897435897436,940,1000,1,1,2689.0,0,0,1,0,1,8.125133752822876,2.8991096019744873,2.8128108978271484,1.7270255088806152,0.04994988441467285,0.01871323585510254
4290,0,0.5105897435897436,940,1000,2,2,3490.0,0,0,2,0,2,8.127573728561401,2.9003148078918457,2.8134758472442627,1.727449893951416,0.049968719482421875,0.018718719482421875
4291,0,0.5105897435897436,940,1000,2,2,3357.6666666666665,0,0,2,0,2,8.129873037338257,2.900857925415039,2.8147339820861816,1.7278473377227783,0.049978017807006836,0.01872086524963379
4292,0,0.5105897435897436,939,1000,2,2,3225.3333333333335,0,0,1,0,2,8.132924318313599,2.902275800704956,2.8156707286834717,1.7283210754394531,0.05001044273376465,0.018729686737060547
4293,0,0.5105897435897436,939,1000,2,2,3693.0,0,0,1,0,2,8.136266469955444,2.903517484664917,2.816988945007324,1.7288594245910645,0.05003499984741211,0.01873636245727539
4294,0,0.5105897435897436,939,1000,2,2,3694.0,0,1,2,0,2,8.139048099517822,2.904601812362671,2.8179361820220947,1.7293708324432373,0.05006146430969238,0.018743038177490234
4295,0,0.5105897435897436,941,1000,1,1,3495.0,0,0,2,0,0,8.141601085662842,2.905590772628784,2.818925380706787,1.729785680770874,0.0500788688659668,0.01874852180480957
4296,0,0.5105897435897436,941,1000,2,2,3788.0,0,1,2,0,2,8.144886493682861,2.906619071960449,2.820622682571411,1.7301592826843262,0.05009746551513672,0.018753528594970703
4297,0,0.5105897435897436,941,1000,1,1,3897.0,0,0,2,0,2,8.148605108261108,2.907804250717163,2.8222570419311523,1.7308335304260254,0.05012369155883789,0.018759727478027344
4298,0,0.5105897435897436,941,1000,2,2,3298.0,0,0,2,0,2,8.152678728103638,2.9092795848846436,2.823852777481079,1.7316484451293945,0.05015230178833008,0.0187680721282959
4299,0,0.5105897435897436,941,1000,1,1,4299.0,0,0,0,1,1,8.155430793762207,2.9107723236083984,2.8250014781951904,1.7316484451293945,0.05015230178833008,0.018775224685668945
4300,0,0.5105897435897436,941,1000,1,1,3900.0,0,0,2,0,2,8.159385442733765,2.91237211227417,2.8264379501342773,1.7323274612426758,0.05017733573913574,0.018783092498779297
4301,0,0.5105897435897436,942,1000,2,2,3701.0,0,1,2,0,1,8.163366556167603,2.914057970046997,2.827662944793701,1.7331254482269287,0.05020594596862793,0.01878952980041504
4302,0,0.5105897435897436,942,1000,1,1,302.0,0,0,2,0,2,8.167168617248535,2.915379524230957,2.8292460441589355,1.7337870597839355,0.05024242401123047,0.018795013427734375
4303,0,0.5105897435897436,943,1000,1,1,3903.0,0,0,2,0,1,8.170743942260742,2.9167020320892334,2.830291986465454,1.73476243019104,0.050269126892089844,0.01880335807800293
4304,0,0.5105897435897436,943,1000,1,1,3504.0,0,0,2,0,2,8.173616886138916,2.9179840087890625,2.831268548965454,1.7351984977722168,0.050292015075683594,0.018809795379638672
4305,0,0.5105897435897436,944,1000,2,2,3305.0,0,0,2,0,1,8.176207304000854,2.9191129207611084,2.8321852684020996,1.7355937957763672,0.05031466484069824,0.018816709518432617
4306,0,0.5105897435897436,944,1000,1,1,3106.0,0,1,2,0,2,8.17904806137085,2.9201011657714844,2.833256959915161,1.736121416091919,0.05034279823303223,0.018821001052856445
4307,0,0.5105897435897436,943,1000,1,1,3507.0,0,0,1,0,2,8.182386636734009,2.9215304851531982,2.8344533443450928,1.7366304397583008,0.0503697395324707,0.01882791519165039
4308,0,0.5105897435897436,944,1000,2,1,3908.0,0,0,2,0,1,8.186695098876953,2.92289137840271,2.836707830429077,1.7371158599853516,0.05039072036743164,0.018834590911865234
4309,0,0.5105897435897436,945,1000,2,2,3642.3333333333335,0,0,1,0,1,8.189929246902466,2.924259662628174,2.8377368450164795,1.7376465797424316,0.05041956901550293,0.018840551376342773
4310,0,0.5105897435897436,946,1000,2,2,3510.0,0,0,2,0,1,8.193015336990356,2.925593137741089,2.838761806488037,1.7381486892700195,0.05045127868652344,0.01884627342224121
4311,0,0.5105897435897436,946,1000,3,3,3644.3333333333335,0,0,2,0,2,8.195635557174683,2.9266157150268555,2.8397319316864014,1.73860764503479,0.05047249794006348,0.018851518630981445
4312,0,0.5105897435897436,946,1000,1,1,3912.0,0,0,2,0,2,8.199662446975708,2.9277899265289307,2.8417465686798096,1.7392475605010986,0.05049753189086914,0.018857479095458984
4313,0,0.5105897435897436,947,1000,1,1,2313.0,0,0,2,0,1,8.204626560211182,2.9292008876800537,2.843815326690674,1.7404191493988037,0.05053520202636719,0.018865108489990234
4314,0,0.5105897435897436,947,1000,1,1,4314.0,0,0,0,1,1,8.206902742385864,2.930570363998413,2.844639539718628,1.7404191493988037,0.05053520202636719,0.018871545791625977
4315,0,0.5105897435897436,947,1000,5,5,3435.0,0,0,2,0,2,8.209837436676025,2.931633710861206,2.8458545207977295,1.7408995628356934,0.050562381744384766,0.018877267837524414
4316,0,0.5105897435897436,947,1000,2,2,3916.0,0,1,1,0,2,8.213059186935425,2.932821035385132,2.847191572189331,1.7413499355316162,0.05058717727661133,0.018883466720581055
4317,0,0.5105897435897436,947,1000,1,1,2717.0,0,0,2,0,2,8.218730926513672,2.934246301651001,2.850396156311035,1.7421648502349854,0.050617218017578125,0.018890380859375
4318,0,0.5105897435897436,947,1000,2,2,3918.0,0,0,2,0,2,8.222471714019775,2.9357450008392334,2.8515214920043945,1.7428052425384521,0.05065441131591797,0.01890397071838379
4319,0,0.5105897435897436,947,1000,2,2,3519.0,0,0,1,0,2,8.22524356842041,2.936837673187256,2.852558135986328,1.743227243423462,0.050681352615356445,0.018909931182861328
4320,0,0.5105897435897436,947,1000,1,1,3920.0,0,0,1,0,1,8.230532169342041,2.938042640686035,2.854323148727417,1.7453234195709229,0.05069994926452637,0.018915414810180664
4321,0,0.5105897435897436,947,1000,2,2,3521.0,0,1,1,0,2,8.234169006347656,2.939528465270996,2.8555941581726074,1.7459239959716797,0.05073237419128418,0.01892542839050293
4322,0,0.5105897435897436,947,1000,1,1,3922.0,0,0,2,0,2,8.239627361297607,2.940988063812256,2.8568332195281982,1.7484116554260254,0.050757646560668945,0.018931865692138672
4323,0,0.5105897435897436,946,1000,1,1,3923.0,0,0,1,0,2,8.242617845535278,2.942225217819214,2.8579442501068115,1.7488536834716797,0.05078005790710449,0.01894092559814453
4324,0,0.5105897435897436,946,1000,3,3,3657.3333333333335,0,0,1,0,2,8.24526834487915,2.9433364868164062,2.8588786125183105,1.749265432357788,0.050803184509277344,0.018946170806884766
4325,0,0.5105897435897436,946,1000,1,1,3925.0,0,0,2,0,2,8.249002695083618,2.944307565689087,2.860694646835327,1.7500076293945312,0.050821781158447266,0.018950223922729492
4326,0,0.5105897435897436,946,1000,2,2,3926.0,0,0,2,0,2,8.254536867141724,2.9457836151123047,2.8636465072631836,1.7508721351623535,0.050855159759521484,0.018959999084472656
4327,0,0.5105897435897436,946,1000,1,1,3927.0,0,0,2,0,2,8.258816242218018,2.9472076892852783,2.865856885910034,1.7513515949249268,0.05087709426879883,0.018970727920532227
4328,0,0.5105897435897436,947,1000,1,1,1128.0,0,0,2,0,1,8.261743307113647,2.9484193325042725,2.8669118881225586,1.751826286315918,0.05090022087097168,0.018978357315063477
4329,0,0.5105897435897436,947,1000,1,1,3529.0,0,0,2,0,2,8.266911745071411,2.949824333190918,2.8698461055755615,1.7524495124816895,0.05092215538024902,0.018984556198120117
4330,0,0.5105897435897436,947,1000,2,2,2930.0,0,0,1,0,2,8.270804405212402,2.9516079425811768,2.8710436820983887,1.7530674934387207,0.050951480865478516,0.018994808197021484
4331,0,0.5105897435897436,947,1000,1,1,3531.0,0,0,2,0,2,8.273727893829346,2.9528188705444336,2.8721201419830322,1.7535271644592285,0.05097317695617676,0.019001007080078125
4332,0,0.5105897435897436,947,1000,2,2,3732.0,0,0,2,0,2,8.2764892578125,2.9539756774902344,2.8730499744415283,1.7539618015289307,0.05099630355834961,0.01900792121887207
4333,0,0.5105897435897436,947,1000,2,2,3933.0,0,0,1,0,2,8.282429218292236,2.9550039768218994,2.877093553543091,1.7545533180236816,0.051026344299316406,0.019012451171875
4334,0,0.5105897435897436,947,1000,1,1,3534.0,0,0,2,0,2,8.285671472549438,2.9562828540802,2.8783183097839355,1.7550909519195557,0.05104970932006836,0.01901984214782715
4335,0,0.5105897435897436,947,1000,1,1,3935.0,0,0,2,0,2,8.288936853408813,2.957674503326416,2.879453420639038,1.7556405067443848,0.051073312759399414,0.019026517868041992
4336,0,0.5105897435897436,947,1000,3,3,3136.0,0,1,1,0,2,8.291782855987549,2.958789348602295,2.880575180053711,1.756035566329956,0.05109429359436035,0.019031524658203125
4337,0,0.5105897435897436,947,1000,3,2,3737.0,0,0,2,0,2,8.294991970062256,2.960017681121826,2.8820343017578125,1.756396770477295,0.05111503601074219,0.01903676986694336
4338,0,0.5105897435897436,947,1000,2,1,3538.0,0,0,2,0,2,8.300179958343506,2.961799383163452,2.8839097023010254,1.7574641704559326,0.051149606704711914,0.01904582977294922
4339,0,0.5105897435897436,947,1000,2,2,3939.0,0,0,2,0,2,8.30404281616211,2.9630746841430664,2.885141372680664,1.758556604385376,0.051183462142944336,0.019055843353271484
4340,0,0.5105897435897436,946,1000,1,1,3540.0,0,0,1,0,2,8.306631088256836,2.964160442352295,2.8861076831817627,1.7589163780212402,0.05120682716369629,0.019062042236328125
4341,0,0.5105897435897436,946,1000,1,1,2341.0,0,0,2,0,2,8.309116125106812,2.9651572704315186,2.8870091438293457,1.7593448162078857,0.0512239933013916,0.019067049026489258
4342,0,0.5105897435897436,947,1000,1,1,3942.0,0,0,2,0,1,8.316035747528076,2.966376543045044,2.889129638671875,1.7627196311950684,0.05124330520629883,0.01907205581665039
4343,0,0.5105897435897436,946,1000,3,3,2943.0,0,0,1,0,2,8.32078218460083,2.967979669570923,2.8914859294891357,1.7632684707641602,0.05128002166748047,0.01908135414123535
4344,0,0.5105897435897436,946,1000,1,1,4344.0,0,0,0,1,1,8.323551893234253,2.9695932865142822,2.892514705657959,1.7632684707641602,0.05128002166748047,0.01911616325378418
4345,0,0.5105897435897436,945,1000,2,2,3345.0,0,0,1,0,2,8.327196836471558,2.9709949493408203,2.893996000289917,1.7637908458709717,0.05131125450134277,0.019123554229736328
4346,0,0.5105897435897436,945,1000,1,1,3946.0,0,0,2,0,2,8.331321001052856,2.9723072052001953,2.8957972526550293,1.7645602226257324,0.051338911056518555,0.01913166046142578
4347,0,0.5105897435897436,944,1000,2,1,3147.0,0,0,1,0,2,8.334207534790039,2.9735841751098633,2.8967626094818115,1.7649402618408203,0.05136680603027344,0.019141674041748047
4348,0,0.5105897435897436,943,1000,2,2,3281.3333333333335,0,0,1,0,2,8.338312864303589,2.9748594760894775,2.8987860679626465,1.7655394077301025,0.05139613151550293,0.019147396087646484
4349,0,0.5105897435897436,942,1000,3,2,3682.3333333333335,0,0,1,0,2,8.34149980545044,2.976151943206787,2.9000027179718018,1.7659904956817627,0.05143451690673828,0.01915431022644043
4350,0,0.5105897435897436,941,1000,3,3,3850.0,0,0,1,0,2,8.344397068023682,2.9773919582366943,2.9010112285614014,1.7664637565612793,0.051460981369018555,0.01916050910949707
4351,0,0.5105897435897436,941,1000,3,3,3684.3333333333335,0,0,2,0,2,8.347338676452637,2.9783730506896973,2.9021201133728027,1.7671191692352295,0.05148577690124512,0.019165515899658203
4352,0,0.5105897435897436,940,1000,2,2,3818.6666666666665,0,0,1,0,2,8.349989175796509,2.9795429706573486,2.9030356407165527,1.767500400543213,0.05153083801269531,0.01917266845703125
4353,0,0.5105897435897436,941,1000,1,1,3153.0,0,0,2,0,1,8.35395884513855,2.980699300765991,2.904630661010742,1.7684714794158936,0.05155777931213379,0.01917719841003418
4354,0,0.5105897435897436,941,1000,3,2,3554.0,0,1,2,0,2,8.357357740402222,2.982168674468994,2.9057962894439697,1.7689597606658936,0.05158519744873047,0.01918625831604004
4355,0,0.5105897435897436,942,1000,1,1,3955.0,0,0,2,0,1,8.360751867294312,2.9836819171905518,2.9069156646728516,1.7695262432098389,0.051606178283691406,0.019191741943359375
4356,0,0.5105897435897436,942,1000,2,1,3956.0,0,0,2,0,2,8.363955974578857,2.9848101139068604,2.908200740814209,1.770092487335205,0.05162787437438965,0.019214868545532227
4357,0,0.5105897435897436,942,1000,3,3,3423.6666666666665,0,1,2,0,2,8.366669178009033,2.985844850540161,2.9092659950256348,1.7704815864562988,0.0516507625579834,0.019222021102905273
4358,0,0.5105897435897436,942,1000,2,2,3691.3333333333335,0,0,1,0,2,8.370415687561035,2.9869446754455566,2.91121506690979,1.7709248065948486,0.0516810417175293,0.0192263126373291
4359,0,0.5105897435897436,942,1000,1,1,4359.0,0,0,0,1,1,8.372389078140259,2.9882094860076904,2.9118499755859375,1.7709248065948486,0.0516810417175293,0.019236087799072266
4360,0,0.5105897435897436,942,1000,2,2,3560.0,0,1,2,0,2,8.37572455406189,2.9894275665283203,2.913032293319702,1.7715795040130615,0.05171060562133789,0.0192410945892334
4361,0,0.5105897435897436,942,1000,2,2,3694.3333333333335,0,0,1,0,1,8.378053903579712,2.990429639816284,2.913849353790283,1.7719292640686035,0.051733970642089844,0.01924729347229004
4362,0,0.5105897435897436,942,1000,1,1,4362.0,0,0,0,1,1,8.380468368530273,2.991734504699707,2.9148693084716797,1.7719292640686035,0.051733970642089844,0.019252300262451172
4363,0,0.5105897435897436,942,1000,3,3,3429.6666666666665,0,1,2,0,2,8.384207010269165,2.993156671524048,2.9161152839660645,1.7725298404693604,0.05176973342895508,0.019262075424194336
4364,0,0.5105897435897436,942,1000,1,1,4364.0,0,0,0,1,1,8.386407375335693,2.994684934616089,2.9167213439941406,1.7725298404693604,0.05176973342895508,0.01926898956298828
4365,0,0.5105897435897436,942,1000,1,1,3165.0,0,0,2,0,2,8.388993263244629,2.9955453872680664,2.9178287982940674,1.7729666233062744,0.0517885684967041,0.0192720890045166
4366,0,0.5105897435897436,942,1000,1,1,3966.0,0,0,2,0,2,8.393322467803955,2.996764659881592,2.9186108112335205,1.7750747203826904,0.05180644989013672,0.01927924156188965
4367,0,0.5105897435897436,942,1000,3,3,3833.6666666666665,0,0,2,0,2,8.395027875900269,2.997286081314087,2.9192564487457275,1.7754490375518799,0.05181431770324707,0.019281864166259766
4368,0,0.5105897435897436,942,1000,2,2,2768.0,0,0,1,0,2,8.397914409637451,2.998307943344116,2.9203145503997803,1.7760157585144043,0.05183577537536621,0.019283533096313477
4369,0,0.5105897435897436,942,1000,2,2,3435.6666666666665,0,0,2,0,2,8.400382995605469,2.999446392059326,2.9210665225982666,1.7764277458190918,0.05185675621032715,0.019289731979370117
4370,0,0.5105897435897436,942,1000,2,2,3370.0,0,0,2,0,2,8.403085470199585,3.0001611709594727,2.9221808910369873,1.7770557403564453,0.05188345909118652,0.019292831420898438
4371,0,0.5105897435897436,942,1000,2,2,3771.0,0,0,1,0,2,8.406176328659058,3.001699209213257,2.923029899597168,1.7774724960327148,0.05191850662231445,0.01929783821105957
4372,0,0.5105897435897436,942,1000,1,1,3972.0,0,0,2,0,2,8.407907009124756,3.002340316772461,2.9236981868743896,1.7777972221374512,0.051924705505371094,0.0193023681640625
4373,0,0.5105897435897436,942,1000,2,2,3439.6666666666665,0,0,2,0,2,8.409425735473633,3.002814531326294,2.9243223667144775,1.778137445449829,0.051932573318481445,0.01930403709411621
4374,0,0.5105897435897436,942,1000,3,3,3574.0,0,1,2,0,2,8.411086082458496,3.0033552646636963,2.9249777793884277,1.778465747833252,0.0519404411315918,0.019305706024169922
4375,0,0.5105897435897436,942,1000,1,1,3975.0,0,0,2,0,2,8.4128258228302,3.003880262374878,2.9257314205169678,1.7788398265838623,0.051946163177490234,0.01930713653564453
4376,0,0.5105897435897436,942,1000,1,1,3976.0,0,0,1,0,1,8.415567874908447,3.0050582885742188,2.926689386367798,1.7792727947235107,0.051969289779663086,0.019312381744384766
4377,0,0.5105897435897436,941,1000,1,1,2777.0,0,0,1,0,2,8.418297052383423,3.006136655807495,2.9278557300567627,1.7795894145965576,0.05199003219604492,0.019316911697387695
4378,0,0.5105897435897436,940,1000,1,1,3978.0,0,0,1,0,2,8.421188116073608,3.007453203201294,2.9288907051086426,1.7799382209777832,0.052015066146850586,0.01932239532470703
4379,0,0.5105897435897436,942,1000,1,1,3979.0,0,0,2,0,0,8.423394918441772,3.0084965229034424,2.9295170307159424,1.7803237438201904,0.05202674865722656,0.01932692527770996
4380,0,0.5105897435897436,942,1000,2,2,3780.0,0,0,2,0,2,8.425338745117188,3.009204387664795,2.9302213191986084,1.780735731124878,0.05203676223754883,0.019330739974975586
4381,0,0.5105897435897436,942,1000,1,1,3181.0,0,0,2,0,2,8.427049160003662,3.0097782611846924,2.9309329986572266,1.7810606956481934,0.05204653739929199,0.019333839416503906
4382,0,0.5105897435897436,942,1000,2,2,2982.0,0,0,2,0,2,8.42879581451416,3.010357141494751,2.9315643310546875,1.7814459800720215,0.05205678939819336,0.019336462020874023
4383,0,0.5105897435897436,942,1000,1,1,3983.0,0,0,1,0,1,8.431233167648315,3.0111136436462402,2.9326891899108887,1.7818679809570312,0.05207347869873047,0.019338369369506836
4384,0,0.5105897435897436,942,1000,3,3,3850.6666666666665,0,1,1,0,2,8.434157609939575,3.012174367904663,2.933897018432617,1.782287359237671,0.0520937442779541,0.01934504508972168
4385,0,0.5105897435897436,942,1000,2,2,3985.0,0,0,2,0,2,8.436999320983887,3.0135104656219482,2.934816360473633,1.7826926708221436,0.05212044715881348,0.019353628158569336
4386,0,0.5105897435897436,942,1000,1,1,3586.0,0,0,2,0,2,8.438659191131592,3.0141332149505615,2.9354286193847656,1.7830297946929932,0.052126407623291016,0.019356489181518555
4387,0,0.5105897435897436,942,1000,1,1,3987.0,0,0,2,0,2,8.441982746124268,3.014605760574341,2.9360666275024414,1.7851371765136719,0.05213189125061035,0.019357919692993164
4388,0,0.5105897435897436,942,1000,2,2,3188.0,0,1,2,0,2,8.44349980354309,3.0150649547576904,2.9366695880889893,1.785449504852295,0.0521397590637207,0.019359350204467773
4389,0,0.5105897435897436,942,1000,1,1,4389.0,0,0,0,1,1,8.444295406341553,3.0155436992645264,2.93695330619812,1.785449504852295,0.0521397590637207,0.019360780715942383
4390,0,0.5105897435897436,941,1000,2,2,3190.0,0,0,1,0,2,8.445789813995361,3.0159950256347656,2.9376139640808105,1.7857401371002197,0.05214691162109375,0.01936197280883789
4391,0,0.5105897435897436,941,1000,2,2,3791.0,0,0,2,0,2,8.448546171188354,3.016864538192749,2.9387502670288086,1.7863075733184814,0.0521695613861084,0.019365787506103516
4392,0,0.5105897435897436,941,1000,3,3,3858.6666666666665,0,0,2,0,2,8.451571226119995,3.018176555633545,2.9396939277648926,1.7868077754974365,0.05220222473144531,0.01937556266784668
4393,0,0.5105897435897436,941,1000,1,1,4393.0,0,0,0,1,1,8.453107595443726,3.0192387104034424,2.9401118755340576,1.7868077754974365,0.05220222473144531,0.01938033103942871
4394,0,0.5105897435897436,941,1000,1,1,3194.0,0,0,2,0,2,8.455424070358276,3.019913673400879,2.9412076473236084,1.7871923446655273,0.052217960357666016,0.019382476806640625
4395,0,0.5105897435897436,940,1000,1,1,3995.0,0,0,1,0,2,8.458104610443115,3.0211760997772217,2.9421427249908447,1.7875175476074219,0.05223512649536133,0.01938772201538086
4396,0,0.5105897435897436,940,1000,1,1,3996.0,0,0,2,0,2,8.459804773330688,3.021777868270874,2.942775249481201,1.7878882884979248,0.052240610122680664,0.01939105987548828
4397,0,0.5105897435897436,940,1000,1,1,3197.0,0,0,2,0,2,8.461300373077393,3.022238254547119,2.943389892578125,1.7882146835327148,0.0522456169128418,0.019393205642700195
4398,0,0.5105897435897436,941,1000,1,1,3598.0,0,0,2,0,1,8.462811708450317,3.02266001701355,2.9440510272979736,1.7885487079620361,0.05225062370300293,0.019395112991333008
4399,0,0.5080769230769234,942,1000,2,2,3732.3333333333335,0,0,2,0,1,8.466445207595825,3.0240423679351807,2.945128917694092,1.789229393005371,0.052277326583862305,0.019399166107177734
4400,0,0.5080769230769234,942,1000,2,2,3600.0,0,0,2,0,2,8.469578742980957,3.025313138961792,2.946206569671631,1.7897870540618896,0.052306413650512695,0.019660472869873047
4401,0,0.5080769230769234,942,1000,1,1,2401.0,0,0,2,0,2,8.472504138946533,3.026545763015747,2.947209596633911,1.7903046607971191,0.05232524871826172,0.019666194915771484
4402,0,0.5080769230769234,942,1000,3,3,3868.6666666666665,0,0,1,0,2,8.47444772720337,3.0273265838623047,2.947845697402954,1.79067063331604,0.052336931228637695,0.01967024803161621
4403,0,0.5080769230769234,941,1000,2,2,3703.0,0,0,1,0,2,8.47586464881897,3.027822494506836,2.9484591484069824,1.7908644676208496,0.052344560623168945,0.019671916961669922
4404,0,0.5080769230769234,941,1000,1,1,4004.0,0,0,2,0,2,8.47735047340393,3.0282440185546875,2.9490931034088135,1.7911982536315918,0.05234956741333008,0.01967334747314453
4405,0,0.5080769230769234,942,1000,2,2,3471.6666666666665,0,0,1,0,0,8.478718519210815,3.0287113189697266,2.949716567993164,1.7913920879364014,0.05235648155212402,0.01967477798461914
4406,0,0.5080769230769234,942,1000,1,1,4006.0,0,0,2,0,2,8.481330156326294,3.029517412185669,2.950866937637329,1.7918872833251953,0.05237698554992676,0.019676923751831055
4407,0,0.5080769230769234,942,1000,3,3,3207.0,0,0,2,0,2,8.483981609344482,3.030592441558838,2.9518027305603027,1.792285442352295,0.052399396896362305,0.01969122886657715
4408,0,0.5080769230769234,942,1000,3,2,3208.0,0,0,2,0,2,8.486992835998535,3.0318422317504883,2.952824115753174,1.7927474975585938,0.05242443084716797,0.01969599723815918
4409,0,0.5080769230769234,942,1000,3,2,3809.0,0,0,2,0,2,8.489211082458496,3.0329208374023438,2.9534287452697754,1.7931132316589355,0.052437782287597656,0.019699811935424805
4410,0,0.5080769230769234,942,1000,3,3,3743.3333333333335,0,0,1,0,2,8.490908145904541,3.033496618270874,2.9540774822235107,1.793457269668579,0.052445411682128906,0.019701719284057617
4411,0,0.5080769230769234,943,1000,2,2,3211.0,0,0,1,0,1,8.49245548248291,3.0340113639831543,2.954650402069092,1.7937867641448975,0.052451372146606445,0.019703149795532227
4412,0,0.5080769230769234,945,1000,1,1,4012.0,0,0,2,0,0,8.494017124176025,3.0344810485839844,2.9552857875823975,1.7941529750823975,0.05245614051818848,0.019704580307006836
4413,0,0.5080769230769234,945,1000,1,1,4413.0,0,0,0,1,1,8.49497652053833,3.035093069076538,2.9555745124816895,1.7941529750823975,0.05245614051818848,0.01972341537475586
4414,0,0.5080769230769234,945,1000,1,1,3614.0,0,0,2,0,2,8.497168779373169,3.0356316566467285,2.9566588401794434,1.7945878505706787,0.05247044563293457,0.019724369049072266
4415,0,0.5080769230769234,944,1000,1,1,2415.0,0,0,1,0,2,8.499351263046265,3.0368032455444336,2.9573025703430176,1.7948031425476074,0.05248570442199707,0.019729137420654297
4416,0,0.5080769230769234,945,1000,2,2,3016.0,0,0,2,0,1,8.501768112182617,3.0376150608062744,2.958268404006958,1.7952828407287598,0.05250883102416992,0.019733905792236328
4417,0,0.5080769230769234,944,1000,3,3,3517.0,0,0,1,0,2,8.503668546676636,3.0385231971740723,2.9588778018951416,1.7955012321472168,0.05252218246459961,0.01974010467529297
4418,0,0.5080769230769234,944,1000,2,2,3618.0,0,0,2,0,2,8.505373239517212,3.0390853881835938,2.9595510959625244,1.7958803176879883,0.05253124237060547,0.019742250442504883
4419,0,0.5080769230769234,944,1000,2,2,4019.0,0,0,2,0,2,8.507299900054932,3.039721965789795,2.960258722305298,1.7962892055511475,0.05254507064819336,0.0197446346282959
4420,0,0.5080769230769234,944,1000,1,1,3620.0,0,0,2,0,2,8.509013652801514,3.040238857269287,2.9610166549682617,1.796635389328003,0.052550315856933594,0.01974654197692871
4421,0,0.5080769230769234,944,1000,2,2,3754.3333333333335,0,0,2,0,2,8.511666297912598,3.0412673950195312,2.962012529373169,1.7970809936523438,0.05257534980773926,0.01975107192993164
4422,0,0.5080769230769234,943,1000,1,1,3222.0,0,0,1,0,2,8.51500678062439,3.04268479347229,2.963090419769287,1.7976653575897217,0.05260634422302246,0.019755125045776367
4423,0,0.5080769230769234,944,1000,2,2,3756.3333333333335,0,0,2,0,1,8.51745891571045,3.043849468231201,2.9637703895568848,1.7980637550354004,0.05262613296508789,0.019761323928833008
4424,0,0.5080769230769234,944,1000,2,2,3224.0,0,0,2,0,2,8.519089460372925,3.0444040298461914,2.9643898010253906,1.7983829975128174,0.05263352394104004,0.019763469696044922
4425,0,0.5080769230769234,944,1000,1,1,3225.0,0,0,2,0,2,8.522624254226685,3.044889211654663,2.9652585983276367,1.8004534244537354,0.05263853073120117,0.019765138626098633
4426,0,0.5080769230769234,944,1000,1,1,4426.0,0,0,0,1,1,8.524383306503296,3.0458531379699707,2.96596622467041,1.8004534244537354,0.05263853073120117,0.019768953323364258
4427,0,0.5080769230769234,944,1000,1,1,4427.0,0,0,0,1,1,8.525359392166138,3.0464940071105957,2.9662668704986572,1.8004534244537354,0.05263853073120117,0.019774436950683594
4428,0,0.5080769230769234,943,1000,2,2,3761.3333333333335,0,0,1,0,2,8.52682614326477,3.046968936920166,2.966876268386841,1.8007242679595947,0.052655935287475586,0.0197756290435791
4429,0,0.5080769230769234,944,1000,3,2,3029.0,0,0,2,0,1,8.528344631195068,3.047410488128662,2.967494010925293,1.8010475635528564,0.05266308784484863,0.019777297973632812
4430,0,0.5080769230769234,944,1000,1,1,4430.0,0,0,0,1,1,8.529504537582397,3.0478222370147705,2.968188762664795,1.8010475635528564,0.05266308784484863,0.019778966903686523
4431,0,0.5080769230769234,944,1000,1,1,4031.0,0,0,0,0,0,8.531294107437134,3.0494284629821777,2.9681904315948486,1.8010475635528564,0.05268573760986328,0.01978588104248047
4432,0,0.5080769230769234,943,1000,2,2,3898.6666666666665,0,0,1,0,2,8.534136533737183,3.0504767894744873,2.9693446159362793,1.801530122756958,0.05271029472351074,0.0197904109954834
4433,0,0.5080769230769234,944,1000,2,2,3433.0,0,0,2,0,1,8.537125825881958,3.051610231399536,2.9703822135925293,1.8020892143249512,0.052738189697265625,0.01979684829711914
4434,0,0.5080769230769234,944,1000,2,2,3434.0,0,0,1,0,2,8.54028058052063,3.052612781524658,2.9715678691864014,1.8028795719146729,0.052761077880859375,0.019802331924438477
4435,0,0.5080769230769234,944,1000,3,3,3635.0,0,0,2,0,2,8.542859554290771,3.053657054901123,2.9725327491760254,1.803290843963623,0.05278372764587402,0.019808053970336914
4436,0,0.5080769230769234,944,1000,2,2,2969.3333333333335,0,0,2,0,2,8.546661853790283,3.054544448852539,2.97469425201416,1.8037993907928467,0.05280637741088867,0.01981210708618164
4437,0,0.5080769230769234,944,1000,1,1,4437.0,0,0,0,1,1,8.54965877532959,3.05609130859375,2.9760305881500244,1.8037993907928467,0.05280637741088867,0.019824504852294922
4438,0,0.5080769230769234,945,1000,2,2,4038.0,0,0,1,0,1,8.553457260131836,3.057387351989746,2.977459192276001,1.8045666217803955,0.05283713340759277,0.019832372665405273
4439,0,0.5080769230769234,945,1000,1,1,4439.0,0,0,0,1,1,8.555885076522827,3.0587401390075684,2.9783706665039062,1.8045666217803955,0.05283713340759277,0.019899845123291016
4440,0,0.5080769230769234,945,1000,2,2,4040.0,0,1,1,0,2,8.559534311294556,3.060002565383911,2.979767084121704,1.8052985668182373,0.05286359786987305,0.019906044006347656
4441,0,0.5080769230769234,945,1000,3,3,3933.6666666666665,0,0,2,0,2,8.562299489974976,3.0611655712127686,2.9807984828948975,1.805704116821289,0.05288839340209961,0.0199127197265625
4442,0,0.5080769230769234,945,1000,1,1,4442.0,0,0,0,1,1,8.564635038375854,3.0626420974731445,2.9815666675567627,1.805704116821289,0.05288839340209961,0.01992034912109375
4443,0,0.5080769230769234,944,1000,1,1,3243.0,0,0,1,0,2,8.570507287979126,3.064847230911255,2.984095335006714,1.8064682483673096,0.05292534828186035,0.0199277400970459
4444,0,0.5080769230769234,944,1000,2,2,3244.0,0,0,2,0,2,8.573399066925049,3.0659866333007812,2.985135316848755,1.806990146636963,0.05295443534851074,0.019934654235839844
4445,0,0.5080769230769234,944,1000,3,3,3245.0,0,0,2,0,2,8.576156377792358,3.0671756267547607,2.986161947250366,1.8073551654815674,0.05297708511352539,0.01994037628173828
4446,0,0.5080769230769234,943,1000,2,2,3379.3333333333335,0,0,1,0,2,8.578656435012817,3.06820011138916,2.987067222595215,1.8077623844146729,0.05300283432006836,0.019945383071899414
4447,0,0.5080769230769234,944,1000,3,3,3913.6666666666665,0,0,2,0,1,8.586596965789795,3.0698039531707764,2.98979115486145,1.8109967708587646,0.05303478240966797,0.019950389862060547
4448,0,0.5080769230769234,944,1000,1,1,4448.0,0,0,0,1,1,8.588989734649658,3.07120418548584,2.9906551837921143,1.8109967708587646,0.05303478240966797,0.01996016502380371
4449,0,0.5080769230769234,944,1000,2,2,3849.0,0,0,2,0,2,8.59185791015625,3.072450876235962,2.9917240142822266,1.8113868236541748,0.053060293197631836,0.01996922492980957
4450,0,0.5080769230769234,944,1000,2,1,2450.0,0,0,1,0,1,8.59477710723877,3.0734429359436035,2.992979049682617,1.811845064163208,0.05308032035827637,0.019972801208496094
4451,0,0.5080769230769234,944,1000,1,1,4451.0,0,0,0,1,1,8.597797632217407,3.074918746948242,2.9944088459014893,1.811845064163208,0.05308032035827637,0.019982099533081055
4452,0,0.5080769230769234,944,1000,3,3,3785.3333333333335,0,0,2,0,2,8.60293984413147,3.0770325660705566,2.9958393573760986,1.8131282329559326,0.05311226844787598,0.019992828369140625
4453,0,0.5080769230769234,944,1000,3,2,3453.0,0,0,2,0,2,8.605945587158203,3.0782485008239746,2.9968650341033936,1.8136112689971924,0.05314135551452637,0.01999950408935547
4454,0,0.5080769230769234,944,1000,2,2,4054.0,0,0,1,0,1,8.608601093292236,3.079413652420044,2.9978606700897217,1.8139374256134033,0.0531620979309082,0.0200045108795166
4455,0,0.5080769230769234,944,1000,1,1,4455.0,0,0,0,1,1,8.611077547073364,3.081068277359009,2.9986002445220947,1.8139374256134033,0.0531620979309082,0.02001953125
4456,0,0.5080769230769234,944,1000,1,1,3656.0,0,0,2,0,2,8.61392593383789,3.0817718505859375,3.0002307891845703,1.8143236637115479,0.05317831039428711,0.020025014877319336
4457,0,0.5080769230769234,944,1000,2,2,3857.0,0,0,2,0,2,8.61820912361145,3.083543062210083,3.001863956451416,1.8149147033691406,0.05321383476257324,0.020036697387695312
4458,0,0.5080769230769234,944,1000,3,3,3924.6666666666665,0,0,2,0,2,8.621059656143188,3.084698438644409,3.0028414726257324,1.8154006004333496,0.053240299224853516,0.02004408836364746
4459,0,0.5080769230769234,944,1000,3,3,3392.3333333333335,0,0,1,0,2,8.623685836791992,3.0857272148132324,3.0038485527038574,1.815800428390503,0.05326080322265625,0.02004861831665039
4460,0,0.5080769230769234,944,1000,1,1,4460.0,0,0,0,1,1,8.625486135482788,3.0868031978607178,3.0045127868652344,1.815800428390503,0.05326080322265625,0.02005481719970703
4461,0,0.5080769230769234,945,1000,1,1,4461.0,0,0,0,1,0,8.626659870147705,3.087625741958618,3.0048179626464844,1.815800428390503,0.05326080322265625,0.020058870315551758
4462,0,0.5080769230769234,946,1000,2,2,3862.0,0,0,2,0,1,8.628274917602539,3.0881426334381104,3.005406141281128,1.816178798675537,0.05327773094177246,0.020060300827026367
4463,0,0.5080769230769234,946,1000,3,3,3929.6666666666665,0,0,2,0,2,8.631543159484863,3.0886223316192627,3.007528781890869,1.816655158996582,0.053304195404052734,0.020061969757080078
4464,0,0.5080769230769234,946,1000,3,3,3397.3333333333335,0,1,2,0,2,8.635306119918823,3.0900704860687256,3.008652925491333,1.817359447479248,0.053363800048828125,0.02007007598876953
4465,0,0.5080769230769234,945,1000,1,1,2865.0,0,0,1,0,2,8.63798713684082,3.0912978649139404,3.0096356868743896,1.8176274299621582,0.053386688232421875,0.020076751708984375
4466,0,0.5080769230769234,946,1000,2,2,3666.0,0,0,2,0,1,8.64055609703064,3.0922646522521973,3.010556936264038,1.8180372714996338,0.05340909957885742,0.020081520080566406
4467,0,0.5080769230769234,945,1000,2,2,3933.6666666666665,0,0,1,0,2,8.643741130828857,3.0937366485595703,3.0115678310394287,1.8185532093048096,0.05343890190124512,0.02008652687072754
4468,0,0.5080769230769234,944,1000,2,2,3934.6666666666665,0,0,1,0,2,8.645782232284546,3.0947413444519043,3.0122230052948,1.818807601928711,0.053449153900146484,0.020090341567993164
4469,0,0.5080769230769234,944,1000,2,2,3402.3333333333335,0,1,2,0,2,8.651965141296387,3.096146583557129,3.0136232376098633,1.8218042850494385,0.05347871780395508,0.02009749412536621
4470,0,0.5080769230769234,943,1000,1,1,3670.0,0,0,1,0,2,8.654499053955078,3.0972321033477783,3.01460862159729,1.8220887184143066,0.05349993705749512,0.02010369300842285
4471,0,0.5080769230769234,942,1000,1,1,4071.0,0,0,1,0,2,8.65714955329895,3.0983455181121826,3.015704393386841,1.8223872184753418,0.053514957427978516,0.020108461380004883
4472,0,0.5080769230769234,942,1000,3,3,3938.6666666666665,0,0,2,0,2,8.659976243972778,3.0996131896972656,3.0166664123535156,1.8228237628936768,0.05353903770446777,0.020113706588745117
4473,0,0.5080769230769234,942,1000,2,1,4073.0,0,0,2,0,2,8.661823511123657,3.1003921031951904,3.0172595977783203,1.8231854438781738,0.05354642868041992,0.020117759704589844
4474,0,0.5080769230769234,942,1000,2,2,3674.0,0,0,1,0,2,8.666774988174438,3.102177143096924,3.019493818283081,1.823836326599121,0.05357718467712402,0.020119428634643555
4475,0,0.5080769230769234,942,1000,4,1,4075.0,0,0,2,0,2,8.669631481170654,3.1033332347869873,3.020508289337158,1.8243169784545898,0.05360221862792969,0.020128250122070312
4476,0,0.5080769230769234,943,1000,2,2,4076.0,0,0,2,0,1,8.674190759658813,3.1043217182159424,3.021700143814087,1.8264927864074707,0.05362391471862793,0.020133495330810547
4477,0,0.5080769230769234,943,1000,3,3,3943.6666666666665,0,0,1,0,2,8.676976203918457,3.105503797531128,3.022663116455078,1.826906442642212,0.053647518157958984,0.020139217376708984
4478,0,0.5080769230769234,943,1000,1,1,4478.0,0,0,0,1,1,8.677915811538696,3.106072187423706,3.022987127304077,1.826906442642212,0.053647518157958984,0.020142316818237305
4479,0,0.5080769230769234,944,1000,1,1,1679.0,0,0,2,0,1,8.680217027664185,3.1065754890441895,3.0242998600006104,1.8272919654846191,0.053658246994018555,0.020144224166870117
4480,0,0.5080769230769234,945,1000,2,2,4080.0,0,1,1,0,1,8.683799028396606,3.108161687850952,3.0254745483398438,1.8278906345367432,0.053685665130615234,0.020154237747192383
4481,0,0.5080769230769234,944,1000,2,2,3814.3333333333335,0,0,1,0,2,8.68658995628357,3.1094090938568115,3.026456594467163,1.8282568454742432,0.05371236801147461,0.020162582397460938
4482,0,0.5080769230769234,943,1000,1,1,4082.0,0,0,1,0,2,8.689178228378296,3.1105363368988037,3.027393341064453,1.828622579574585,0.05373096466064453,0.020168304443359375
4483,0,0.5080769230769234,943,1000,2,2,3816.3333333333335,0,1,1,0,2,8.692134141921997,3.1117022037506104,3.02838134765625,1.8291900157928467,0.05375313758850098,0.02017354965209961
4484,0,0.5080769230769234,943,1000,1,1,4084.0,0,0,2,0,2,8.6947340965271,3.1128742694854736,3.0292232036590576,1.829617977142334,0.053772926330566406,0.020178556442260742
4485,0,0.5080769230769234,942,1000,1,1,4085.0,0,0,1,0,2,8.697898387908936,3.1134374141693115,3.031343460083008,1.8299775123596191,0.053780317306518555,0.020182132720947266
4486,0,0.5080769230769234,942,1000,1,1,4486.0,0,0,0,1,1,8.700420141220093,3.1149446964263916,3.032268524169922,1.8299775123596191,0.053780317306518555,0.020190000534057617
4487,0,0.5080769230769234,942,1000,1,1,4087.0,0,0,2,0,2,8.703467845916748,3.1162891387939453,3.0332629680633545,1.8305041790008545,0.0538029670715332,0.02019786834716797
4488,0,0.5080769230769234,942,1000,2,2,3688.0,0,0,2,0,2,8.70618987083435,3.1173665523529053,3.0343034267425537,1.8309237957000732,0.05382561683654785,0.020203113555908203
4489,0,0.5080769230769234,942,1000,2,2,4089.0,0,0,2,0,2,8.709381818771362,3.1184792518615723,3.0353236198425293,1.8317320346832275,0.05386495590209961,0.020209789276123047
4490,0,0.5080769230769234,942,1000,1,1,4090.0,0,0,2,0,2,8.711524486541748,3.1194567680358887,3.0359506607055664,1.8321292400360107,0.05388188362121582,0.02021479606628418
4491,0,0.5080769230769234,942,1000,1,1,3691.0,0,0,2,0,2,8.714961290359497,3.1199746131896973,3.038302183151245,1.832559585571289,0.05389046669006348,0.020216703414916992
4492,0,0.5080769230769234,942,1000,2,2,3892.0,0,0,2,0,2,8.718531847000122,3.1215617656707764,3.0395803451538086,1.8330340385437012,0.053922176361083984,0.02022695541381836
4493,0,0.5080769230769234,943,1000,1,1,4093.0,0,0,2,0,1,8.721203088760376,3.1226584911346436,3.0405006408691406,1.833507776260376,0.05394482612609863,0.02023458480834961
4494,0,0.5080769230769234,943,1000,2,2,3694.0,0,0,2,0,2,8.724160432815552,3.123883008956909,3.041499376296997,1.8339650630950928,0.05396771430969238,0.020240306854248047
4495,0,0.5080769230769234,944,1000,1,1,4495.0,0,0,0,1,0,8.72605848312378,3.125062942504883,3.042142629623413,1.8339650630950928,0.05396771430969238,0.020247220993041992
4496,0,0.5080769230769234,944,1000,1,1,3296.0,0,0,1,0,1,8.727674722671509,3.125685453414917,3.0427768230438232,1.8341953754425049,0.05398416519165039,0.020251750946044922
4497,0,0.5080769230769234,943,1000,4,4,3857.0,0,0,1,0,2,8.729167222976685,3.1261143684387207,3.043505907058716,1.8344407081604004,0.05399370193481445,0.02025437355041504
4498,0,0.5080769230769234,944,1000,1,1,3698.0,0,0,2,0,1,8.733633518218994,3.127514600753784,3.045658826828003,1.835099697113037,0.05402421951293945,0.02026081085205078
4499,0,0.5080769230769234,945,1000,1,1,3699.0,0,0,2,0,1,8.736737728118896,3.128871440887451,3.0466339588165283,1.8356804847717285,0.054047584533691406,0.02026963233947754
4500,0,0.5080769230769234,945,1000,2,2,3700.0,0,1,2,0,2,8.739984273910522,3.13022780418396,3.0477490425109863,1.8362202644348145,0.05407285690307617,0.020275354385375977
4501,0,0.5080769230769234,945,1000,1,1,2101.0,0,0,0,0,0,8.741262912750244,3.1313252449035645,3.047750234603882,1.8362202644348145,0.05409526824951172,0.020279645919799805
4502,0,0.5080769230769234,945,1000,1,1,4102.0,0,0,2,0,2,8.743998765945435,3.132413148880005,3.04878306388855,1.836674451828003,0.054114580154418945,0.02028489112854004
4503,0,0.5080769230769234,945,1000,1,1,4503.0,0,0,0,1,1,8.745036840438843,3.1330785751342773,3.0491130352020264,1.836674451828003,0.054114580154418945,0.020288467407226562
4504,0,0.5080769230769234,945,1000,2,2,3704.0,0,0,1,0,2,8.748514890670776,3.134021520614624,3.050652027130127,1.8373878002166748,0.05415034294128418,0.020289897918701172
4505,0,0.5080769230769234,945,1000,2,2,3905.0,0,0,0,0,0,8.750122547149658,3.135429859161377,3.0506539344787598,1.8373878002166748,0.05417919158935547,0.020302772521972656
4506,0,0.5080769230769234,945,1000,3,3,3972.6666666666665,0,1,2,0,2,8.753556966781616,3.136751890182495,3.051980972290039,1.8379199504852295,0.054209232330322266,0.0203094482421875
4507,0,0.5080769230769234,945,1000,2,2,3707.0,0,0,2,0,2,8.756325960159302,3.13786244392395,3.0529770851135254,1.8384020328521729,0.05423569679260254,0.020317554473876953
4508,0,0.5080769230769234,946,1000,3,3,3974.6666666666665,0,0,2,0,1,8.760969400405884,3.1388559341430664,3.0539886951446533,1.84078049659729,0.054265499114990234,0.02032160758972168
4509,0,0.5080769230769234,946,1000,2,2,3709.0,0,0,1,0,2,8.764739751815796,3.1398136615753174,3.056002378463745,1.8413400650024414,0.05428624153137207,0.02032613754272461
4510,0,0.5080769230769234,946,1000,1,1,3310.0,0,0,2,0,2,8.768101453781128,3.1411080360412598,3.0572633743286133,1.8419737815856934,0.05431222915649414,0.020334243774414062
4511,0,0.5080769230769234,946,1000,1,1,2511.0,0,0,2,0,2,8.77274489402771,3.142103910446167,3.0582711696624756,1.844360113143921,0.0543367862701416,0.020340442657470703
4512,0,0.5080769230769234,945,1000,1,1,3712.0,0,0,1,0,2,8.775804042816162,3.143319606781006,3.0592851638793945,1.844935655593872,0.05436539649963379,0.020345687866210938
4513,0,0.5080769230769234,945,1000,3,3,3713.0,0,0,2,0,2,8.778332948684692,3.144402027130127,3.060176372528076,1.8453412055969238,0.054386138916015625,0.02035045623779297
4514,0,0.5080769230769234,945,1000,2,2,3314.0,0,0,2,0,2,8.783026695251465,3.1453895568847656,3.062657117843628,1.846343755722046,0.05441474914550781,0.0203554630279541
4515,0,0.5080769230769234,945,1000,1,1,4115.0,0,0,2,0,2,8.786284685134888,3.1467843055725098,3.0637454986572266,1.8469085693359375,0.05443716049194336,0.020362377166748047
4516,0,0.5080769230769234,945,1000,1,1,3716.0,0,0,2,0,2,8.78887128829956,3.1478586196899414,3.0646586418151855,1.8473453521728516,0.054454803466796875,0.020367860794067383
4517,0,0.5080769230769234,945,1000,1,1,3717.0,0,0,2,0,2,8.791565179824829,3.148893117904663,3.0656931400299072,1.8477973937988281,0.0544741153717041,0.02037215232849121
4518,0,0.5080769230769234,944,1000,1,1,4118.0,0,0,1,0,2,8.793926477432251,3.1500227451324463,3.0664474964141846,1.8481390476226807,0.05449104309082031,0.020377159118652344
4519,0,0.5080769230769234,944,1000,1,1,3719.0,0,0,2,0,2,8.795898675918579,3.1508140563964844,3.0671677589416504,1.8484914302825928,0.05450296401977539,0.020380496978759766
4520,0,0.5080769230769234,945,1000,2,2,3320.0,0,0,2,0,1,8.799603462219238,3.152233123779297,3.06848406791687,1.849165916442871,0.05454516410827637,0.020386457443237305
4521,0,0.5080769230769234,945,1000,1,1,3321.0,0,0,1,0,1,8.802707195281982,3.1536946296691895,3.069518566131592,1.8495755195617676,0.05456948280334473,0.020395994186401367
4522,0,0.5080769230769234,945,1000,3,3,3722.0,0,0,0,0,0,8.803890943527222,3.154740810394287,3.069518804550171,1.8495755195617676,0.05458807945251465,0.0204010009765625
4523,0,0.5080769230769234,945,1000,1,1,4123.0,0,0,2,0,2,8.807295560836792,3.1551854610443115,3.0702359676361084,1.8516902923583984,0.05459237098693848,0.020402193069458008
4524,0,0.5080769230769234,945,1000,5,5,3804.0,0,0,2,0,2,8.810078144073486,3.156202793121338,3.071258783340454,1.852262258529663,0.05461859703063965,0.020405292510986328
4525,0,0.5080769230769234,945,1000,1,1,4525.0,0,0,0,1,1,8.811650276184082,3.1573705673217773,3.071606159210205,1.852262258529663,0.05461859703063965,0.020412206649780273
4526,0,0.5080769230769234,945,1000,2,2,3726.0,0,0,2,0,2,8.815547466278076,3.1578898429870605,3.074214458465576,1.8528668880462646,0.054639577865600586,0.020414352416992188
4527,0,0.5080769230769234,946,1000,3,3,3193.6666666666665,0,1,2,0,1,8.819570541381836,3.159369707107544,3.0756139755249023,1.853670358657837,0.054673194885253906,0.02042531967163086
4528,0,0.5080769230769234,946,1000,2,2,3928.0,0,0,1,0,2,8.823241949081421,3.1606860160827637,3.077059745788574,1.85430908203125,0.054701805114746094,0.020432710647583008
4529,0,0.5080769230769234,946,1000,1,1,3329.0,0,0,2,0,2,8.827068090438843,3.1622672080993652,3.078103542327881,1.8552899360656738,0.05472612380981445,0.02043890953063965
4530,0,0.5080769230769234,946,1000,1,1,4530.0,0,0,0,1,1,8.82835841178894,3.16318678855896,3.0784237384796143,1.8552899360656738,0.05472612380981445,0.020444154739379883
4531,0,0.5080769230769234,946,1000,1,1,4131.0,0,0,1,0,1,8.831689834594727,3.163752794265747,3.0806124210357666,1.855696678161621,0.054746389389038086,0.020445585250854492
4532,0,0.5080769230769234,946,1000,3,3,3465.3333333333335,0,0,2,0,2,8.835390329360962,3.165022134780884,3.082031726837158,1.8564727306365967,0.054787635803222656,0.020452499389648438
4533,0,0.5080769230769234,946,1000,2,2,3533.0,0,0,1,0,2,8.838318586349487,3.1661713123321533,3.083048105239868,1.8569693565368652,0.05481553077697754,0.02045917510986328
4534,0,0.5080769230769234,945,1000,1,1,4134.0,0,0,1,0,2,8.840924978256226,3.1671969890594482,3.084096670150757,1.8573369979858398,0.05483293533325195,0.020464420318603516
4535,0,0.5080769230769234,945,1000,2,2,4135.0,0,1,2,0,2,8.847111463546753,3.1683475971221924,3.0864362716674805,1.8597650527954102,0.05485701560974121,0.020468473434448242
4536,0,0.5080769230769234,945,1000,3,3,3736.0,0,0,0,0,0,8.848817825317383,3.1697568893432617,3.086437940597534,1.8597650527954102,0.05488944053649902,0.020478248596191406
4537,0,0.5080769230769234,945,1000,1,1,4537.0,0,0,0,1,1,8.8515944480896,3.1713154315948486,3.087519645690918,1.8597650527954102,0.05488944053649902,0.020484447479248047
4538,0,0.5080769230769234,944,1000,2,2,3871.3333333333335,0,0,1,0,2,8.854336261749268,3.1725895404815674,3.0884299278259277,1.8601441383361816,0.0549168586730957,0.0204923152923584
4539,0,0.5080769230769234,945,1000,1,1,4139.0,0,0,2,0,1,8.85684609413147,3.1736786365509033,3.089370012283325,1.8605008125305176,0.054933786392211914,0.02049732208251953
4540,0,0.5080769230769234,945,1000,1,1,4540.0,0,0,0,1,1,8.859135389328003,3.1749684810638428,3.090291976928711,1.8605008125305176,0.054933786392211914,0.02050161361694336
4541,0,0.5080769230769234,944,1000,3,2,4007.6666666666665,0,0,1,0,2,8.861374855041504,3.176011562347412,3.091052770614624,1.8607921600341797,0.05495405197143555,0.020506858825683594
4542,0,0.5080769230769234,944,1000,2,2,3942.0,0,0,2,0,2,8.866410732269287,3.1773030757904053,3.093350887298584,1.8619811534881592,0.05499076843261719,0.02050948143005371
4543,0,0.5080769230769234,944,1000,3,3,3876.3333333333335,0,0,2,0,2,8.869633197784424,3.1786866188049316,3.0944182872772217,1.862506628036499,0.05503058433532715,0.020518064498901367
4544,0,0.5080769230769234,945,1000,2,2,3144.0,0,0,2,0,1,8.872216939926147,3.1797564029693604,3.095338821411133,1.862940788269043,0.05505084991455078,0.0205228328704834
4545,0,0.5080769230769234,946,1000,1,1,4145.0,0,0,2,0,1,8.87522578239441,3.180812358856201,3.09647274017334,1.8635709285736084,0.05507183074951172,0.020526885986328125
4546,0,0.5080769230769234,946,1000,1,1,4146.0,0,0,2,0,2,8.877894878387451,3.1819372177124023,3.097395420074463,1.864030122756958,0.055089712142944336,0.020533084869384766
4547,0,0.5080769230769234,947,1000,2,2,3147.0,0,0,2,0,1,8.88222360610962,3.182785987854004,3.1001174449920654,1.8646035194396973,0.05513119697570801,0.020537614822387695
4548,0,0.5080769230769234,947,1000,2,2,3348.0,0,0,1,0,1,8.886090278625488,3.1843173503875732,3.1014962196350098,1.8652539253234863,0.055164337158203125,0.02054738998413086
4549,0,0.5080769230769234,947,1000,2,2,4149.0,0,1,1,0,2,8.889938354492188,3.1856887340545654,3.1029624938964844,1.865950345993042,0.055194854736328125,0.020555973052978516
4550,0,0.5080769230769234,948,1000,2,2,3950.0,0,0,2,0,1,8.893162250518799,3.1866884231567383,3.1041765213012695,1.866701364517212,0.0552220344543457,0.020561933517456055
4551,0,0.5080769230769234,948,1000,2,2,3951.0,0,0,2,0,2,8.895983457565308,3.187755584716797,3.10530424118042,1.8671541213989258,0.05524778366088867,0.02056717872619629
4552,0,0.5080769230769234,948,1000,1,1,4152.0,0,0,2,0,2,8.900890827178955,3.1893277168273926,3.1074092388153076,1.8681366443634033,0.05527639389038086,0.02057337760925293
4553,0,0.5080769230769234,948,1000,3,3,3886.3333333333335,0,0,2,0,2,8.904612064361572,3.190814256668091,3.1088027954101562,1.8687384128570557,0.055310726165771484,0.020582199096679688
4554,0,0.5080769230769234,948,1000,3,3,3887.3333333333335,0,0,2,0,2,8.908677816390991,3.1923582553863525,3.110183000564575,1.8695151805877686,0.0553431510925293,0.02058887481689453
4555,0,0.5080769230769234,948,1000,3,2,4155.0,0,0,1,0,1,8.91462230682373,3.193740129470825,3.1120293140411377,1.8718976974487305,0.05537128448486328,0.02059459686279297
4556,0,0.5080769230769234,948,1000,1,1,4156.0,0,0,1,0,1,8.917999267578125,3.1952452659606934,3.113107204437256,1.8724641799926758,0.05540585517883301,0.020601749420166016
4557,0,0.5080769230769234,947,1000,3,3,4057.0,0,0,1,0,2,8.920706272125244,3.196415424346924,3.1141271591186523,1.872788906097412,0.05543112754821777,0.02060866355895996
4558,0,0.5080769230769234,947,1000,1,1,4158.0,0,0,2,0,2,8.923743963241577,3.1977438926696777,3.1151492595672607,1.8732764720916748,0.05545687675476074,0.02061629295349121
4559,0,0.5080769230769234,946,1000,1,1,4159.0,0,0,1,0,2,8.926472663879395,3.198988676071167,3.116072654724121,1.8736412525177002,0.0554811954498291,0.02062225341796875
4560,0,0.5080769230769234,945,1000,1,1,2160.0,0,0,1,0,2,8.92819595336914,3.1998229026794434,3.1166858673095703,1.873831033706665,0.05548834800720215,0.020626306533813477
4561,0,0.5080769230769234,945,1000,2,2,3961.0,0,0,2,0,2,8.933334827423096,3.200331211090088,3.1183629035949707,1.8766400814056396,0.05550122261047363,0.020627975463867188
4562,0,0.5080769230769234,945,1000,1,1,3762.0,0,0,2,0,2,8.936289072036743,3.2015743255615234,3.11934494972229,1.8771793842315674,0.05552339553833008,0.020636558532714844
4563,0,0.5080769230769234,945,1000,2,2,3363.0,0,1,2,0,2,8.938831329345703,3.202524423599243,3.120277166366577,1.8776276111602783,0.05554604530334473,0.020641326904296875
4564,0,0.5080769230769234,945,1000,2,2,3964.0,0,0,2,0,2,8.941810846328735,3.2035884857177734,3.1213700771331787,1.8782625198364258,0.055570125579833984,0.0206451416015625
4565,0,0.5080769230769234,944,1000,2,2,4165.0,0,0,1,0,2,8.943875551223755,3.2045507431030273,3.122018575668335,1.8785834312438965,0.055591583251953125,0.020650148391723633
4566,0,0.5080769230769234,944,1000,1,1,4166.0,0,0,2,0,2,8.945512056350708,3.2050743103027344,3.1227123737335205,1.878922700881958,0.05559730529785156,0.020651817321777344
4567,0,0.5080769230769234,944,1000,2,2,4167.0,0,1,2,0,2,8.949902534484863,3.206536054611206,3.1244375705718994,1.87977933883667,0.05563616752624512,0.020654678344726562
4568,0,0.5080769230769234,944,1000,2,2,3768.0,0,0,2,0,2,8.953133344650269,3.2080039978027344,3.1254818439483643,1.880319595336914,0.055661916732788086,0.020663738250732422
4569,0,0.5080769230769234,944,1000,1,1,2569.0,0,0,2,0,2,8.955015897750854,3.2088208198547363,3.126060962677002,1.8807079792022705,0.05566883087158203,0.02066826820373535
4570,0,0.5080769230769234,944,1000,2,2,3370.0,0,0,2,0,2,8.956614255905151,3.209251642227173,3.1267006397247314,1.8810629844665527,0.05567598342895508,0.020669937133789062
4571,0,0.5080769230769234,944,1000,2,2,3971.0,0,1,2,0,2,8.958858728408813,3.2098007202148438,3.1278223991394043,1.8814644813537598,0.055692434310913086,0.020671606063842773
4572,0,0.5080769230769234,943,1000,1,1,4172.0,0,0,1,0,2,8.961273670196533,3.210859775543213,3.1286962032318115,1.8817799091339111,0.055711984634399414,0.02067708969116211
4573,0,0.5080769230769234,943,1000,1,1,3773.0,0,0,2,0,2,8.965687274932861,3.211439609527588,3.1299617290496826,1.8842189311981201,0.05571889877319336,0.020680665969848633
4574,0,0.5080769230769234,943,1000,1,1,3774.0,0,1,2,0,2,8.968147993087769,3.212653160095215,3.1306419372558594,1.8845939636230469,0.055741071701049805,0.02068638801574707
4575,0,0.5080769230769234,943,1000,2,2,3975.0,0,1,1,0,2,8.969908952713013,3.2132821083068848,3.1312670707702637,1.8849544525146484,0.05574941635131836,0.02068924903869629
4576,0,0.5080769230769234,942,1000,2,2,3376.0,0,0,1,0,2,8.97140097618103,3.213775157928467,3.1318936347961426,1.8852405548095703,0.055756568908691406,0.02069091796875
4577,0,0.5080769230769234,943,1000,2,2,3577.0,0,0,2,0,1,8.973742723464966,3.2144157886505127,3.132835865020752,1.8858356475830078,0.05577969551086426,0.02069234848022461
4578,0,0.5080769230769234,943,1000,1,1,3778.0,0,0,2,0,2,8.976568460464478,3.215423822402954,3.1337881088256836,1.886521816253662,0.05579662322998047,0.020698070526123047
4579,0,0.5080769230769234,942,1000,1,1,4179.0,0,0,1,0,2,8.97928261756897,3.2164368629455566,3.1349735260009766,1.8868544101715088,0.055817604064941406,0.02070307731628418
4580,0,0.5080769230769234,941,1000,1,1,3380.0,0,0,1,0,2,8.982301712036133,3.2176780700683594,3.1360604763031006,1.8872981071472168,0.055845022201538086,0.02070903778076172
4581,0,0.5080769230769234,941,1000,1,1,4581.0,0,0,0,1,1,8.98448395729065,3.2189178466796875,3.1369247436523438,1.8872981071472168,0.055845022201538086,0.02071547508239746
4582,0,0.5080769230769234,942,1000,1,1,4182.0,0,0,2,0,1,8.989421844482422,3.22019100189209,3.1379826068878174,1.889653205871582,0.05588364601135254,0.0207211971282959
4583,0,0.5080769230769234,942,1000,1,1,4183.0,0,0,2,0,2,8.992730140686035,3.221752882003784,3.138962745666504,1.8902320861816406,0.0559077262878418,0.02072739601135254
4584,0,0.5080769230769234,942,1000,3,2,3814.0,0,0,2,0,2,8.999583005905151,3.22286319732666,3.1401541233062744,1.8946318626403809,0.05592823028564453,0.020731687545776367
4585,0,0.5080769230769234,942,1000,2,2,1585.0,0,0,2,0,2,9.002715110778809,3.224120616912842,3.1413352489471436,1.8950650691986084,0.055956363677978516,0.020737886428833008
4586,0,0.5080769230769234,942,1000,2,1,4586.0,0,0,0,1,1,9.004924535751343,3.2255592346191406,3.1420180797576904,1.8950650691986084,0.055956363677978516,0.02074432373046875
4587,0,0.5080769230769234,942,1000,1,1,4187.0,0,0,2,0,2,9.007653951644897,3.2266123294830322,3.1430768966674805,1.8955106735229492,0.05597400665283203,0.020749568939208984
4588,0,0.5080769230769234,942,1000,1,1,4588.0,0,0,0,1,1,9.009474992752075,3.227638006210327,3.1438076496124268,1.8955106735229492,0.05597400665283203,0.020753860473632812
4589,0,0.5080769230769234,942,1000,2,2,4189.0,0,0,2,0,2,9.01214075088501,3.228710651397705,3.144798994064331,1.8959577083587646,0.05599689483642578,0.020759105682373047
4590,0,0.5080769230769234,942,1000,2,1,4590.0,0,0,0,1,1,9.014552116394043,3.230013847351074,3.145779848098755,1.8959577083587646,0.05599689483642578,0.02076411247253418
4591,0,0.5080769230769234,942,1000,2,2,2991.0,0,0,2,0,2,9.019842863082886,3.231356143951416,3.146825075149536,1.8984253406524658,0.05602836608886719,0.020771503448486328
4592,0,0.5080769230769234,943,1000,2,2,3992.0,0,0,1,0,1,9.022351741790771,3.2322847843170166,3.1477701663970947,1.8988499641418457,0.05605435371398926,0.020777463912963867
4593,0,0.5080769230769234,943,1000,2,2,3793.0,0,0,2,0,2,9.027220249176025,3.233389139175415,3.148878574371338,1.90122652053833,0.05608773231506348,0.020781517028808594
4594,0,0.5080769230769234,943,1000,1,1,3794.0,0,0,2,0,2,9.029778480529785,3.2343497276306152,3.149948835372925,1.9015991687774658,0.056102752685546875,0.020787477493286133
4595,0,0.5080769230769234,943,1000,2,2,3795.0,0,0,2,0,2,9.03389596939087,3.2356717586517334,3.1518523693084717,1.9022669792175293,0.05613064765930176,0.02079486846923828
4596,0,0.5080769230769234,944,1000,1,1,4596.0,0,0,0,1,0,9.036345481872559,3.23711895942688,3.1527493000030518,1.9022669792175293,0.05613064765930176,0.02080392837524414
4597,0,0.5080769230769234,945,1000,2,2,3597.0,0,0,2,0,1,9.04002070426941,3.238492012023926,3.1541459560394287,1.9029524326324463,0.05615949630737305,0.020812034606933594
4598,0,0.5080769230769234,945,1000,1,1,4598.0,0,0,0,1,1,9.042494058609009,3.240061044692993,3.154973268508911,1.9029524326324463,0.05615949630737305,0.02082061767578125
4599,0,0.5080769230769234,944,1000,2,2,3932.3333333333335,0,0,1,0,2,9.04537034034729,3.241299629211426,3.155979633331299,1.9033849239349365,0.05620074272155762,0.020828962326049805
4600,0,0.5080769230769234,945,1000,3,3,4066.6666666666665,0,0,2,0,1,9.051077842712402,3.2427313327789307,3.1571085453033447,1.906247615814209,0.05623006820678711,0.020834684371948242
4601,0,0.5080769230769234,946,1000,1,1,4201.0,0,0,2,0,1,9.055729627609253,3.2437796592712402,3.1581623554229736,1.9085421562194824,0.056253671646118164,0.02084040641784668
4602,0,0.5080769230769234,946,1000,2,2,4202.0,0,0,2,0,2,9.058979511260986,3.2450482845306396,3.1592495441436768,1.9091100692749023,0.05628013610839844,0.020846128463745117
4603,0,0.5080769230769234,946,1000,2,2,3603.0,0,0,2,0,2,9.061591863632202,3.246183156967163,3.1600849628448486,1.9095635414123535,0.056316375732421875,0.02085137367248535
4604,0,0.5080769230769234,947,1000,1,1,4204.0,0,0,2,0,1,9.064959526062012,3.247448444366455,3.1612093448638916,1.9103398323059082,0.056344032287597656,0.020854949951171875
4605,0,0.5080769230769234,947,1000,1,1,4605.0,0,0,0,1,1,9.066990852355957,3.24863338470459,3.1619768142700195,1.9103398323059082,0.056344032287597656,0.02086186408996582
4606,0,0.5080769230769234,948,1000,3,3,3672.6666666666665,0,1,2,0,1,9.069779634475708,3.2497000694274902,3.162954807281494,1.9108409881591797,0.056371212005615234,0.02088141441345215
4607,0,0.5080769230769234,948,1000,1,1,4207.0,0,0,2,0,2,9.072313070297241,3.250673770904541,3.16385555267334,1.911341905593872,0.05638861656188965,0.02088761329650879
4608,0,0.5080769230769234,948,1000,1,1,608.0,0,0,2,0,2,9.077099800109863,3.251675844192505,3.164885997772217,1.9138164520263672,0.05641603469848633,0.020891666412353516
4609,0,0.5080769230769234,947,1000,1,1,4209.0,0,0,1,0,2,9.08180832862854,3.253063917160034,3.167442560195923,1.9143738746643066,0.05644392967224121,0.02089715003967285
4610,0,0.5080769230769234,947,1000,3,3,3543.3333333333335,0,0,0,0,0,9.083609819412231,3.254666328430176,3.1674435138702393,1.9143738746643066,0.056471824645996094,0.020907878875732422
4611,0,0.5080769230769234,947,1000,1,1,3811.0,0,0,0,0,0,9.085061073303223,3.255958318710327,3.1674463748931885,1.9143738746643066,0.0564877986907959,0.020914554595947266
4612,0,0.5080769230769234,947,1000,2,1,2212.0,0,0,2,0,2,9.087891817092896,3.257183790206909,3.1683948040008545,1.9148550033569336,0.0565030574798584,0.02091836929321289
4613,0,0.5080769230769234,946,1000,1,1,4213.0,0,0,1,0,2,9.090686082839966,3.258159637451172,3.1695730686187744,1.9153416156768799,0.056519269943237305,0.020922422409057617
4614,0,0.5080769230769234,946,1000,2,2,3680.6666666666665,0,0,2,0,2,9.09379243850708,3.259477138519287,3.1705706119537354,1.9159159660339355,0.05655312538146973,0.02093052864074707
4615,0,0.5080769230769234,946,1000,2,1,3815.0,0,0,2,0,2,9.0969717502594,3.260598659515381,3.1720423698425293,1.9163155555725098,0.05657148361206055,0.020938634872436523
4616,0,0.5080769230769234,946,1000,2,2,4016.0,0,0,1,0,2,9.100566148757935,3.2622969150543213,3.1730642318725586,1.9169118404388428,0.05660367012023926,0.020949363708496094
4617,0,0.5080769230769234,946,1000,2,2,4017.0,0,0,1,0,2,9.10390019416809,3.2636611461639404,3.174102544784546,1.9175474643707275,0.056640625,0.020959138870239258
4618,0,0.5080769230769234,946,1000,1,1,4218.0,0,0,2,0,2,9.106637954711914,3.264781951904297,3.1749989986419678,1.9180901050567627,0.05665946006774902,0.020964622497558594
4619,0,0.5080769230769234,946,1000,3,3,3819.0,0,0,2,0,2,9.10999083518982,3.2660961151123047,3.1763131618499756,1.9186224937438965,0.056684255599975586,0.020969390869140625
4620,0,0.5080769230769234,948,1000,3,3,4086.6666666666665,0,0,2,0,0,9.113794803619385,3.267303466796875,3.1781115531921387,1.919168472290039,0.05670928955078125,0.0209805965423584
4621,0,0.5080769230769234,948,1000,3,3,4087.6666666666665,0,0,2,0,2,9.117083072662354,3.2685790061950684,3.1792736053466797,1.9197988510131836,0.05673813819885254,0.02099013328552246
4622,0,0.5080769230769234,948,1000,1,1,4222.0,0,0,2,0,2,9.120089530944824,3.269747495651245,3.180323362350464,1.9203848838806152,0.05676102638244629,0.02099776268005371
4623,0,0.5080769230769234,948,1000,1,1,3823.0,0,0,0,0,0,9.12137246131897,3.270841360092163,3.1803243160247803,1.9203848838806152,0.05678105354309082,0.021003246307373047
4624,0,0.5080769230769234,948,1000,1,1,3824.0,0,0,2,0,2,9.12514328956604,3.2721879482269287,3.181908130645752,1.9209845066070557,0.05681920051574707,0.021008968353271484
4625,0,0.5080769230769234,948,1000,2,2,4225.0,0,0,2,0,2,9.1304030418396,3.273925542831421,3.1842572689056396,1.9217743873596191,0.056890010833740234,0.021016359329223633
4626,0,0.5080769230769234,947,1000,1,1,4226.0,0,0,1,0,2,9.134266138076782,3.2755649089813232,3.1857082843780518,1.9223363399505615,0.0569148063659668,0.02102947235107422
4627,0,0.5080769230769234,947,1000,1,1,4227.0,0,0,2,0,2,9.138467788696289,3.2768020629882812,3.1876649856567383,1.9231340885162354,0.05694007873535156,0.02103710174560547
4628,0,0.5080769230769234,947,1000,1,1,4228.0,0,0,2,0,2,9.142237424850464,3.277958869934082,3.1895318031311035,1.9236876964569092,0.05696558952331543,0.021044015884399414
4629,0,0.5080769230769234,947,1000,2,2,4029.0,0,0,2,0,2,9.144941329956055,3.2790801525115967,3.190455436706543,1.9241814613342285,0.05699419975280762,0.021051645278930664
4630,0,0.5080769230769234,948,1000,1,1,4230.0,0,0,2,0,1,9.148821115493774,3.2805986404418945,3.191941976547241,1.9248149394989014,0.05701756477355957,0.021056413650512695
4631,0,0.5080769230769234,948,1000,2,2,4031.0,0,0,2,0,2,9.152600049972534,3.2819387912750244,3.1931965351104736,1.9257726669311523,0.057050466537475586,0.02106332778930664
4632,0,0.5080769230769234,947,1000,1,1,4232.0,0,0,1,0,2,9.157515525817871,3.2833375930786133,3.194251298904419,1.9280023574829102,0.05707120895385742,0.021071195602416992
4633,0,0.5080769230769234,947,1000,2,2,3433.0,0,0,2,0,2,9.160099267959595,3.2843520641326904,3.1951496601104736,1.9285047054290771,0.0570981502532959,0.021078109741210938
4634,0,0.5080769230769234,947,1000,3,3,3700.6666666666665,0,0,2,0,2,9.16589903831482,3.2856175899505615,3.1979291439056396,1.929887056350708,0.05713367462158203,0.021081924438476562
4635,0,0.5080769230769234,947,1000,1,1,4235.0,0,0,2,0,2,9.170801401138306,3.2872493267059326,3.19993257522583,1.9308736324310303,0.05716371536254883,0.021093130111694336
4636,0,0.5080769230769234,947,1000,1,1,4236.0,0,0,2,0,2,9.175650835037231,3.288435935974121,3.200932741165161,1.933314561843872,0.05718541145324707,0.021101951599121094
4637,0,0.5080769230769234,947,1000,1,1,4637.0,0,0,0,1,1,9.177366495132446,3.2893848419189453,3.2016255855560303,1.933314561843872,0.05718541145324707,0.021107912063598633
4638,0,0.5080769230769234,948,1000,1,1,4238.0,0,0,2,0,1,9.18296480178833,3.2904231548309326,3.202840805053711,1.9364111423492432,0.05720686912536621,0.021115779876708984
4639,0,0.5080769230769234,948,1000,2,2,4039.0,0,0,2,0,2,9.186654567718506,3.2920114994049072,3.2038896083831787,1.9371466636657715,0.05724215507507324,0.021167278289794922
4640,0,0.5080769230769234,948,1000,1,1,3840.0,0,0,2,0,2,9.18973708152771,3.293215274810791,3.2049458026885986,1.9377624988555908,0.057265520095825195,0.02117609977722168
4641,0,0.5080769230769234,948,1000,3,3,4107.666666666667,0,0,2,0,2,9.192540884017944,3.2942686080932617,3.2058937549591064,1.9383437633514404,0.05728960037231445,0.02118206024169922
4642,0,0.5080769230769234,948,1000,1,1,4242.0,0,0,2,0,2,9.195445537567139,3.295356273651123,3.2069947719573975,1.9388847351074219,0.05731201171875,0.02118682861328125
4643,0,0.5080769230769234,948,1000,1,1,4243.0,0,0,2,0,2,9.199378252029419,3.296921968460083,3.208237648010254,1.939777135848999,0.05733442306518555,0.02121591567993164
4644,0,0.5080769230769234,948,1000,3,3,4337.333333333333,0,0,2,0,2,9.206836700439453,3.298537492752075,3.2093329429626465,1.9441461563110352,0.05737447738647461,0.021228313446044922
4645,0,0.5080769230769234,948,1000,1,1,4245.0,0,0,2,0,2,9.20953917503357,3.2996768951416016,3.2102625370025635,1.9446234703063965,0.05739402770996094,0.021235227584838867
4646,0,0.5080769230769234,948,1000,1,1,4246.0,0,0,2,0,2,9.21220064163208,3.300541400909424,3.2114007472991943,1.9451031684875488,0.05741262435913086,0.021240234375
4647,0,0.5080769230769234,948,1000,1,1,4647.0,0,0,0,1,1,9.215060949325562,3.3021459579467773,3.2125399112701416,1.9451031684875488,0.05741262435913086,0.021251678466796875
4648,0,0.5080769230769234,948,1000,1,1,3848.0,0,0,2,0,2,9.218223094940186,3.3034658432006836,3.2136425971984863,1.945603847503662,0.05744361877441406,0.02125859260559082
4649,0,0.5080769230769234,949,1000,1,1,3849.0,0,0,2,0,1,9.22122573852539,3.30477237701416,3.214606523513794,1.9461517333984375,0.05746626853942871,0.021267414093017578
4650,0,0.5080769230769234,949,1000,2,2,3850.0,0,0,2,0,2,9.22421407699585,3.305985450744629,3.2156126499176025,1.9466567039489746,0.05749177932739258,0.021273136138916016
4651,0,0.5080769230769234,948,1000,1,1,3051.0,0,0,1,0,2,9.229550838470459,3.3070664405822754,3.219285249710083,1.947094440460205,0.05750846862792969,0.021279096603393555
4652,0,0.5080769230769234,948,1000,2,2,3652.0,0,0,2,0,2,9.234860897064209,3.3095669746398926,3.221177577972412,1.9477171897888184,0.05753684043884277,0.02128887176513672
4653,0,0.5080769230769234,948,1000,1,1,4653.0,0,0,0,1,1,9.23794436454773,3.3113653659820557,3.2223494052886963,1.9477171897888184,0.05753684043884277,0.021299362182617188
4654,0,0.5080769230769234,948,1000,1,1,4254.0,0,0,0,0,0,9.23934555053711,3.3125598430633545,3.2223503589630127,1.9477171897888184,0.05756044387817383,0.021333932876586914
4655,0,0.5080769230769234,948,1000,2,2,4055.0,0,1,1,0,2,9.243717432022095,3.3134453296661377,3.2232723236083984,1.950016736984253,0.05757737159729004,0.02133774757385254
4656,0,0.5080769230769234,949,1000,2,2,3856.0,0,0,2,0,1,9.24736762046814,3.314446449279785,3.2253036499023438,1.950469732284546,0.05759763717651367,0.02134251594543457
4657,0,0.5080769230769234,948,1000,1,1,2657.0,0,0,1,0,2,9.250698804855347,3.315857410430908,3.226513624191284,1.9509332180023193,0.05762791633605957,0.021352767944335938
4658,0,0.5080769230769234,948,1000,1,1,3858.0,0,0,2,0,2,9.253800630569458,3.317075490951538,3.2276663780212402,1.9514670372009277,0.057648658752441406,0.021358966827392578
4659,0,0.5080769230769234,948,1000,2,2,4059.0,0,0,2,0,2,9.256016969680786,3.318042516708374,3.228313446044922,1.9518840312957764,0.057668209075927734,0.02136397361755371
4660,0,0.5080769230769234,947,1000,1,1,4260.0,0,0,1,0,2,9.257531881332397,3.3185617923736572,3.22896409034729,1.9521539211273193,0.05767416954040527,0.021366357803344727
4661,0,0.5080769230769234,948,1000,2,2,4061.0,0,0,2,0,1,9.259196281433105,3.3190393447875977,3.2295801639556885,1.9525718688964844,0.05768275260925293,0.021368026733398438
4662,0,0.5080769230769234,949,1000,1,1,3062.0,0,0,2,0,1,9.260730028152466,3.3195037841796875,3.230177402496338,1.9529600143432617,0.05768847465515137,0.02136969566345215
4663,0,0.5080769230769234,949,1000,1,1,4663.0,0,0,0,1,1,9.262674808502197,3.3203911781311035,3.2311573028564453,1.9529600143432617,0.05768847465515137,0.021372079849243164
4664,0,0.5080769230769234,949,1000,1,1,2664.0,0,0,2,0,2,9.267107486724854,3.3223724365234375,3.2323405742645264,1.9539141654968262,0.05771446228027344,0.021380901336669922
4665,0,0.5080769230769234,949,1000,1,1,3465.0,0,0,2,0,2,9.26936960220337,3.3234329223632812,3.232959747314453,1.9543397426605225,0.05772995948791504,0.021385908126831055
4666,0,0.5080769230769234,951,1000,2,2,4266.0,0,0,2,0,0,9.270957469940186,3.323927879333496,3.2335410118103027,1.9547502994537354,0.057738304138183594,0.021387577056884766
4667,0,0.5080769230769234,951,1000,2,2,2933.6666666666665,0,0,1,0,2,9.272570133209229,3.3244147300720215,3.2341389656066895,1.9551403522491455,0.05774569511413574,0.021389245986938477
4668,0,0.5080769230769234,951,1000,2,2,4268.0,0,0,2,0,2,9.27421498298645,3.324916124343872,3.2347636222839355,1.9555590152740479,0.05775260925292969,0.021390676498413086
4669,0,0.5080769230769234,952,1000,2,1,3469.0,0,0,2,0,1,9.27574110031128,3.3253841400146484,3.2353572845458984,1.9559416770935059,0.05775785446166992,0.021392345428466797
4670,0,0.5080769230769234,952,1000,2,1,3870.0,0,0,1,0,1,9.277107954025269,3.325840473175049,3.2359750270843506,1.9561617374420166,0.05776262283325195,0.021393775939941406
4671,0,0.5080769230769234,951,1000,3,2,2137.6666666666665,0,0,1,0,2,9.278512716293335,3.3263392448425293,3.2365825176239014,1.9563534259796143,0.0577692985534668,0.021394968032836914
4672,0,0.5080769230769234,950,1000,1,1,1472.0,0,0,1,0,2,9.282407522201538,3.3276784420013428,3.2385215759277344,1.956782579421997,0.057794809341430664,0.021396398544311523
4673,0,0.5080769230769234,950,1000,1,1,4273.0,0,0,2,0,2,9.285824298858643,3.329239845275879,3.2396278381347656,1.9573452472686768,0.0578157901763916,0.02140331268310547
4674,0,0.5080769230769234,950,1000,1,1,3874.0,0,0,2,0,2,9.288469552993774,3.3302505016326904,3.2406280040740967,1.9577934741973877,0.057837724685668945,0.02140951156616211
4675,0,0.5080769230769234,949,1000,1,1,4275.0,0,0,1,0,2,9.290946006774902,3.331284523010254,3.2415692806243896,1.9581363201141357,0.057854652404785156,0.021415233612060547
4676,0,0.5080769230769234,950,1000,3,3,3876.0,0,0,1,0,1,9.294111490249634,3.3322722911834717,3.2429184913635254,1.9587185382843018,0.0578770637512207,0.021419525146484375
4677,0,0.5080769230769234,950,1000,1,1,3477.0,0,0,2,0,2,9.299989938735962,3.3333523273468018,3.244684934616089,1.9614312648773193,0.05790281295776367,0.021427392959594727
4678,0,0.5080769230769234,950,1000,1,1,2678.0,0,0,2,0,2,9.30338191986084,3.33467698097229,3.245734214782715,1.9622514247894287,0.05792737007141113,0.0214383602142334
4679,0,0.5080769230769234,949,1000,1,1,4279.0,0,0,1,0,2,9.306119918823242,3.3357300758361816,3.246925115585327,1.9625945091247559,0.05794525146484375,0.021443843841552734
4680,0,0.5080769230769234,949,1000,2,2,3080.0,0,0,2,0,2,9.30898666381836,3.3368232250213623,3.2481002807617188,1.9630215167999268,0.05796670913696289,0.021449804306030273
4681,0,0.5080769230769234,948,1000,1,1,2681.0,0,0,1,0,2,9.312435865402222,3.3382885456085205,3.2492101192474365,1.9635956287384033,0.05800437927246094,0.021456480026245117
4682,0,0.5080769230769234,948,1000,1,1,4682.0,0,0,0,1,1,9.315423011779785,3.3398923873901367,3.2504770755767822,1.9635956287384033,0.05800437927246094,0.021464109420776367
4683,0,0.5080769230769234,948,1000,1,1,4283.0,0,0,2,0,2,9.318820476531982,3.3414146900177,3.251493453979492,1.9642689228057861,0.05802631378173828,0.021473169326782227
4684,0,0.5080769230769234,948,1000,2,2,3684.0,0,0,2,0,2,9.321889400482178,3.3425960540771484,3.252704381942749,1.9647343158721924,0.05805325508117676,0.02147960662841797
4685,0,0.5080769230769234,948,1000,1,1,4685.0,0,0,0,1,1,9.32359766960144,3.3436472415924072,3.253293991088867,1.9647343158721924,0.05805325508117676,0.02148604393005371
4686,0,0.5080769230769234,948,1000,1,1,4286.0,0,0,2,0,2,9.327324628829956,3.3445732593536377,3.2554585933685303,1.965219259262085,0.05806994438171387,0.021490097045898438
4687,0,0.5080769230769234,947,1000,3,3,4187.0,0,0,1,0,2,9.331287622451782,3.345778703689575,3.2576169967651367,1.9656453132629395,0.05809473991394043,0.021497726440429688
4688,0,0.5080769230769234,947,1000,1,1,4688.0,0,0,0,1,1,9.33333444595337,3.346954822540283,3.2584099769592285,1.9656453132629395,0.05809473991394043,0.02150583267211914
4689,0,0.5080769230769234,947,1000,1,1,2689.0,0,0,2,0,2,9.336097955703735,3.3481605052948,3.259357452392578,1.966081142425537,0.058119773864746094,0.021512508392333984
4690,0,0.5080769230769234,947,1000,1,1,3090.0,0,0,2,0,2,9.338146209716797,3.3488738536834717,3.26017165184021,1.9664912223815918,0.05812811851501465,0.02151656150817871
4691,0,0.5080769230769234,948,1000,3,3,3891.0,0,0,1,0,1,9.340463638305664,3.3497695922851562,3.2610206604003906,1.9668753147125244,0.05814528465270996,0.021521329879760742
4692,0,0.5080769230769234,949,1000,1,1,3892.0,0,0,2,0,1,9.34309196472168,3.3508715629577637,3.261967897415161,1.9673008918762207,0.05816054344177246,0.021526575088500977
4693,0,0.5080769230769234,950,1000,2,2,3893.0,0,0,2,0,1,9.346174240112305,3.3520119190216064,3.2631466388702393,1.967879295349121,0.05818653106689453,0.02153325080871582
4694,0,0.5080769230769234,950,1000,3,3,3894.0,0,0,1,0,2,9.350178003311157,3.3534631729125977,3.264754295349121,1.9685182571411133,0.05821704864501953,0.02154088020324707
4695,0,0.5080769230769234,951,1000,2,2,4295.0,0,0,2,0,1,9.355493068695068,3.3548388481140137,3.2659261226654053,1.9709324836730957,0.05824685096740723,0.021550655364990234
4696,0,0.5080769230769234,951,1000,1,1,4696.0,0,0,0,1,1,9.357245206832886,3.356076717376709,3.266374349594116,1.9709324836730957,0.05824685096740723,0.021556377410888672
4697,0,0.5080769230769234,951,1000,2,2,4297.0,0,0,2,0,2,9.360174179077148,3.3571994304656982,3.2673988342285156,1.9714832305908203,0.058271169662475586,0.021559953689575195
4698,0,0.5080769230769234,950,1000,1,1,3498.0,0,0,1,0,2,9.362065553665161,3.358194589614868,3.2679975032806396,1.9716882705688477,0.05828142166137695,0.021564006805419922
4699,0,0.5080769230769234,950,1000,1,1,4299.0,0,0,2,0,2,9.365301370620728,3.359046220779419,3.269263744354248,1.972529411315918,0.0583338737487793,0.021566152572631836
4700,0,0.5080769230769234,950,1000,1,1,3900.0,0,0,2,0,2,9.368215322494507,3.360287666320801,3.2702836990356445,1.972991704940796,0.058356285095214844,0.021574020385742188
4701,0,0.5080769230769234,951,1000,2,2,4101.0,0,1,2,0,1,9.371583938598633,3.36159610748291,3.271444797515869,1.9736206531524658,0.05838489532470703,0.021581411361694336
4702,0,0.5080769230769234,950,1000,1,1,4302.0,0,0,1,0,2,9.37532377243042,3.362828016281128,3.2731821537017822,1.9741883277893066,0.05841207504272461,0.021587848663330078
4703,0,0.5080769230769234,949,1000,1,1,3903.0,0,0,1,0,2,9.380529403686523,3.364205837249756,3.2760462760925293,1.9749484062194824,0.05843377113342285,0.021594524383544922
4704,0,0.5080769230769234,949,1000,1,1,4304.0,0,0,1,0,1,9.383749008178711,3.365537405014038,3.2772130966186523,1.9754478931427002,0.058470726013183594,0.021602153778076172
4705,0,0.5080769230769234,949,1000,1,1,4305.0,0,0,2,0,2,9.386652946472168,3.3665852546691895,3.278419017791748,1.9759349822998047,0.058489084243774414,0.021608352661132812
4706,0,0.5080769230769234,949,1000,1,1,3106.0,0,0,2,0,2,9.389477491378784,3.367746353149414,3.2794151306152344,1.9764177799224854,0.05851006507873535,0.021614789962768555
4707,0,0.5080769230769234,948,1000,2,2,3773.6666666666665,0,0,1,0,2,9.391831398010254,3.368783950805664,3.2803263664245605,1.9766817092895508,0.058530569076538086,0.021619081497192383
4708,0,0.5080769230769234,948,1000,2,1,4308.0,0,0,2,0,2,9.394238233566284,3.3697619438171387,3.28123140335083,1.9770464897155762,0.0585484504699707,0.02162337303161621
4709,0,0.5080769230769234,948,1000,2,2,4109.0,0,0,2,0,2,9.398103952407837,3.3710997104644775,3.2826504707336426,1.9778146743774414,0.058582305908203125,0.02162790298461914
4710,0,0.5080769230769234,948,1000,2,2,3510.0,0,0,1,0,2,9.401620626449585,3.372213363647461,3.2842612266540527,1.9783320426940918,0.05861163139343262,0.021634817123413086
4711,0,0.5080769230769234,948,1000,1,1,4311.0,0,0,2,0,2,9.408481121063232,3.373695135116577,3.288184881210327,1.979475975036621,0.05864667892456055,0.021642208099365234
4712,0,0.5080769230769234,948,1000,2,2,4112.0,0,0,2,0,2,9.415451288223267,3.3756496906280518,3.2920162677764893,1.980370044708252,0.05868220329284668,0.02166128158569336
4713,0,0.5080769230769234,948,1000,2,2,3646.3333333333335,0,0,1,0,1,9.423574686050415,3.3774683475494385,3.2944393157958984,1.983712911605835,0.058721065521240234,0.021674633026123047
4714,0,0.5080769230769234,948,1000,1,1,4314.0,0,0,2,0,2,9.428259134292603,3.379089117050171,3.296433925628662,1.9845547676086426,0.058750152587890625,0.021682262420654297
4715,0,0.5080769230769234,948,1000,3,3,3781.6666666666665,0,0,2,0,2,9.437408208847046,3.380880117416382,3.299626111984253,1.9883599281311035,0.05878710746765137,0.02169036865234375
4716,0,0.5080769230769234,948,1000,3,3,4049.3333333333335,0,0,1,0,2,9.440939664840698,3.3824222087860107,3.30065655708313,1.9889824390411377,0.05882096290588379,0.021698951721191406
4717,0,0.5080769230769234,948,1000,1,1,4717.0,0,0,0,1,1,9.442817211151123,3.383544683456421,3.3013384342193604,1.9889824390411377,0.05882096290588379,0.02170562744140625
4718,0,0.5080769230769234,949,1000,1,1,4318.0,0,0,2,0,1,9.44521188735962,3.3844828605651855,3.3022243976593018,1.9894113540649414,0.05883955955505371,0.021711111068725586
4719,0,0.5080769230769234,949,1000,3,3,3785.6666666666665,0,1,2,0,2,9.45064902305603,3.3863072395324707,3.3046209812164307,1.9903373718261719,0.058873653411865234,0.02171635627746582
4720,0,0.5080769230769234,950,1000,2,1,3920.0,0,0,2,0,1,9.45432186126709,3.3880648612976074,3.3056976795196533,1.9909234046936035,0.058896780014038086,0.021727800369262695
4721,0,0.5080769230769234,950,1000,2,2,4321.0,0,1,2,0,2,9.457092761993408,3.389099359512329,3.306741714477539,1.991426944732666,0.05891895294189453,0.021733999252319336
4722,0,0.5080769230769234,950,1000,2,1,4322.0,0,0,2,0,2,9.45996379852295,3.390349864959717,3.307673454284668,1.9919414520263672,0.05893898010253906,0.021741390228271484
4723,0,0.5080769230769234,949,1000,2,2,4056.3333333333335,0,0,1,0,2,9.463805913925171,3.3912408351898193,3.309990167617798,1.9923272132873535,0.05896115303039551,0.021745920181274414
4724,0,0.5080769230769234,949,1000,1,1,4724.0,0,0,0,1,1,9.467169523239136,3.3928685188293457,3.3116214275360107,1.9923272132873535,0.05896115303039551,0.021756887435913086
4725,0,0.5080769230769234,948,1000,1,1,3925.0,0,0,1,0,2,9.470436811447144,3.3943958282470703,3.3127434253692627,1.9927423000335693,0.05898261070251465,0.021767139434814453
4726,0,0.5080769230769234,948,1000,4,4,4126.0,0,0,1,0,2,9.47361946105957,3.3955366611480713,3.3139984607696533,1.9932820796966553,0.05902099609375,0.021776437759399414
4727,0,0.5080769230769234,948,1000,2,2,4327.0,0,0,2,0,2,9.47615122795105,3.3965017795562744,3.3150134086608887,1.9936864376068115,0.05904746055603027,0.021782398223876953
4728,0,0.5080769230769234,948,1000,2,2,2728.0,0,0,1,0,2,9.479734420776367,3.397428274154663,3.3169803619384766,1.994157075881958,0.059066057205200195,0.021787405014038086
4729,0,0.5080769230769234,948,1000,2,2,3929.0,0,0,2,0,2,9.486927032470703,3.398940324783325,3.321211338043213,1.9952678680419922,0.05910181999206543,0.021798133850097656
4730,0,0.5080769230769234,947,1000,3,3,3630.0,0,0,1,0,2,9.490152835845947,3.400391101837158,3.3223443031311035,1.9957311153411865,0.05913066864013672,0.021806955337524414
4731,0,0.5080769230769234,947,1000,2,2,3797.6666666666665,0,0,1,0,1,9.492855310440063,3.401592493057251,3.3233001232147217,1.996063232421875,0.05915951728820801,0.021813631057739258
4732,0,0.5080769230769234,947,1000,1,1,4732.0,0,0,0,1,1,9.494459867477417,3.4025638103485107,3.323873996734619,1.996063232421875,0.05915951728820801,0.021819591522216797
4733,0,0.5080769230769234,947,1000,1,1,3933.0,0,0,2,0,2,9.498408079147339,3.4034547805786133,3.3260791301727295,1.9967033863067627,0.05917930603027344,0.021823883056640625
4734,0,0.5080769230769234,947,1000,1,1,3534.0,0,0,2,0,2,9.503634691238403,3.405202627182007,3.328613758087158,1.9974122047424316,0.05920720100402832,0.021834611892700195
4735,0,0.5080769230769234,947,1000,3,3,4201.666666666667,0,0,0,0,0,9.505062580108643,3.4064252376556396,3.328616142272949,1.9974122047424316,0.05923914909362793,0.021842479705810547
4736,0,0.5080769230769234,947,1000,1,1,4336.0,0,0,2,0,2,9.507954120635986,3.4076731204986572,3.329613447189331,1.9978976249694824,0.05926322937011719,0.021850109100341797
4737,0,0.5080769230769234,947,1000,4,3,4070.3333333333335,0,0,2,0,2,9.512588500976562,3.408750057220459,3.3308215141296387,2.0000555515289307,0.05928444862365723,0.021854877471923828
4738,0,0.5080769230769234,947,1000,2,1,3538.0,0,0,2,0,2,9.519986391067505,3.41151762008667,3.3322622776031494,2.002702474594116,0.05931448936462402,0.021863698959350586
4739,0,0.5080769230769234,947,1000,2,2,3939.0,0,0,2,0,2,9.523152351379395,3.412788152694702,3.333300828933716,2.0033485889434814,0.059340476989746094,0.021871566772460938
4740,0,0.5080769230769234,947,1000,1,1,4740.0,0,0,0,1,1,9.524893760681152,3.4138708114624023,3.3338944911956787,2.0033485889434814,0.059340476989746094,0.021877765655517578
4741,0,0.5080769230769234,947,1000,3,3,3341.0,0,0,2,0,2,9.530959844589233,3.414818525314331,3.336517572402954,2.0055692195892334,0.05936551094055176,0.021882057189941406
4742,0,0.5080769230769234,948,1000,1,1,3942.0,0,0,2,0,1,9.533960342407227,3.4160213470458984,3.337569236755371,2.006129503250122,0.059388160705566406,0.0218961238861084
4743,0,0.5080769230769234,948,1000,1,1,3943.0,0,0,1,0,1,9.539130687713623,3.4171853065490723,3.339097499847412,2.008399724960327,0.05941057205200195,0.02190113067626953
4744,0,0.5080769230769234,948,1000,1,1,4344.0,0,0,2,0,2,9.54401159286499,3.4190356731414795,3.340786933898926,2.009467601776123,0.05944204330444336,0.02191448211669922
4745,0,0.5080769230769234,947,1000,2,2,3145.0,0,0,1,0,2,9.547689437866211,3.4203364849090576,3.3421261310577393,2.010110855102539,0.05948185920715332,0.021921634674072266
4746,0,0.5080769230769234,947,1000,1,1,3946.0,0,0,2,0,2,9.550797700881958,3.4216365814208984,3.343202590942383,2.010608434677124,0.05951809883117676,0.021927595138549805
4747,0,0.5080769230769234,946,1000,2,1,3147.0,0,0,1,0,2,9.55326247215271,3.422673463821411,3.3441667556762695,2.0108883380889893,0.05953526496887207,0.02193307876586914
4748,0,0.5080769230769234,946,1000,1,1,4748.0,0,0,0,1,1,9.554912805557251,3.423685073852539,3.3447437286376953,2.0108883380889893,0.05953526496887207,0.02193903923034668
4749,0,0.5080769230769234,946,1000,1,1,3549.0,0,0,2,0,2,9.55738639831543,3.424600839614868,3.345707654953003,2.011328935623169,0.059551239013671875,0.021943330764770508
4750,0,0.5080769230769234,946,1000,2,2,3750.0,0,0,2,0,2,9.560824394226074,3.4257311820983887,3.3467764854431152,2.012291431427002,0.059584856033325195,0.021947622299194336
4751,0,0.5080769230769234,946,1000,2,2,3951.0,0,0,2,0,2,9.56447696685791,3.4266762733459473,3.3487327098846436,2.012805938720703,0.05960679054260254,0.021953821182250977
4752,0,0.5080769230769234,945,1000,1,1,3952.0,0,0,1,0,2,9.567412614822388,3.4279162883758545,3.349771022796631,2.013275384902954,0.05962824821472168,0.021975278854370117
4753,0,0.5080769230769234,945,1000,2,2,3753.0,0,0,2,0,2,9.569971084594727,3.4290168285369873,3.350653886795044,2.0136921405792236,0.0596470832824707,0.02198171615600586
4754,0,0.5080769230769234,945,1000,1,1,3554.0,0,0,2,0,2,9.572313785552979,3.430100202560425,3.351297616958618,2.0141611099243164,0.0596616268157959,0.021986961364746094
4755,0,0.5080769230769234,945,1000,3,3,4221.666666666667,0,0,0,0,0,9.572969198226929,3.430607795715332,3.3512980937957764,2.0141611099243164,0.059668779373168945,0.021988630294799805
4756,0,0.5080769230769234,945,1000,1,1,3956.0,0,0,2,0,2,9.575711011886597,3.431797981262207,3.35219407081604,2.0146377086639404,0.059688568115234375,0.021990299224853516
4757,0,0.5080769230769234,944,1000,1,1,2757.0,0,0,1,0,2,9.577285528182983,3.43239164352417,3.352874517440796,2.0148372650146484,0.05969691276550293,0.02199387550354004
4758,0,0.5080769230769234,944,1000,1,1,3558.0,0,0,2,0,2,9.582448959350586,3.433197259902954,3.3546998500823975,2.0172181129455566,0.05971264839172363,0.021997928619384766
4759,0,0.5080769230769234,943,1000,1,1,4359.0,0,0,1,0,2,9.586508989334106,3.434607744216919,3.3565549850463867,2.0178191661834717,0.059737443923950195,0.022006750106811523
4760,0,0.5080769230769234,943,1000,2,2,4360.0,0,0,2,0,2,9.589866161346436,3.435755968093872,3.357992649078369,2.0184004306793213,0.05976557731628418,0.02201390266418457
4761,0,0.5080769230769234,943,1000,1,1,3161.0,0,0,2,0,2,9.595022439956665,3.4370057582855225,3.359058141708374,2.020961284637451,0.059792280197143555,0.02202129364013672
4762,0,0.5080769230769234,943,1000,1,1,4762.0,0,0,0,1,1,9.598196983337402,3.4386954307556152,3.3604495525360107,2.020961284637451,0.059792280197143555,0.022028684616088867
4763,0,0.5080769230769234,943,1000,1,1,3963.0,0,0,1,0,1,9.60246205329895,3.4402878284454346,3.362243175506592,2.0215821266174316,0.059819936752319336,0.02203845977783203
4764,0,0.5080769230769234,943,1000,1,1,4764.0,0,0,0,1,1,9.604573249816895,3.4415721893310547,3.3629846572875977,2.0215821266174316,0.059819936752319336,0.022046566009521484
4765,0,0.5080769230769234,942,1000,1,1,3165.0,0,0,1,0,2,9.607195377349854,3.442650556564331,3.3640143871307373,2.0218727588653564,0.05985426902770996,0.022052288055419922
4766,0,0.5080769230769234,942,1000,2,2,4166.0,0,0,2,0,2,9.610000610351562,3.4437263011932373,3.36505389213562,2.0223212242126465,0.05987429618835449,0.022058486938476562
4767,0,0.5080769230769234,942,1000,2,2,4167.0,0,0,2,0,2,9.61412000656128,3.4447293281555176,3.3674304485321045,2.0228660106658936,0.059895992279052734,0.0220644474029541
4768,0,0.5080769230769234,942,1000,4,4,3568.0,0,0,1,0,2,9.61910629272461,3.4462876319885254,3.3692164421081543,2.0240976810455322,0.05993342399597168,0.022073745727539062
4769,0,0.5080769230769234,941,1000,2,2,3569.0,0,0,1,0,2,9.622169494628906,3.447601318359375,3.370260715484619,2.0245959758758545,0.05996251106262207,0.022082805633544922
4770,0,0.5080769230769234,941,1000,1,1,2770.0,0,0,0,0,0,9.62355375289917,3.4488112926483154,3.3702621459960938,2.0245959758758545,0.059983015060424805,0.022088050842285156
4771,0,0.5080769230769234,940,1000,2,2,4104.333333333333,0,0,1,0,2,9.626495361328125,3.449887752532959,3.371495246887207,2.025038719177246,0.06000256538391113,0.022092103958129883
4772,0,0.5080769230769234,940,1000,3,3,4238.666666666667,0,0,2,0,2,9.629488945007324,3.4509024620056152,3.37282133102417,2.02546763420105,0.0600278377532959,0.022098064422607422
4773,0,0.5080769230769234,940,1000,3,3,3839.6666666666665,0,0,2,0,2,9.636031150817871,3.452153444290161,3.376929759979248,2.0264198780059814,0.06006026268005371,0.02210545539855957
4774,0,0.5080769230769234,939,1000,1,1,3974.0,0,0,1,0,2,9.640182495117188,3.454037666320801,3.37831974029541,2.026972532272339,0.06008577346801758,0.022120952606201172
4775,0,0.5080769230769234,939,1000,2,2,4175.0,0,0,2,0,2,9.643534660339355,3.455275058746338,3.379432439804077,2.0276997089385986,0.06011462211608887,0.02212667465209961
4776,0,0.5080769230769234,940,1000,2,2,4109.333333333333,0,0,2,0,1,9.646899938583374,3.456277847290039,3.3811633586883545,2.0281600952148438,0.06013846397399902,0.022132396697998047
4777,0,0.5080769230769234,940,1000,1,1,4777.0,0,0,0,1,1,9.649072885513306,3.4575228691101074,3.381986141204834,2.0281600952148438,0.06013846397399902,0.022141456604003906
4778,0,0.5080769230769234,940,1000,2,1,3978.0,0,0,2,0,2,9.6527738571167,3.45894718170166,3.3833699226379395,2.028826951980591,0.0601649284362793,0.022150278091430664
4779,0,0.5080769230769234,940,1000,3,3,4245.666666666667,0,1,2,0,2,9.656500577926636,3.460278272628784,3.3848214149475098,2.0294721126556396,0.06019449234008789,0.02215719223022461
4780,0,0.5080769230769234,941,1000,2,2,3980.0,0,0,2,0,1,9.659532070159912,3.461534261703491,3.3857758045196533,2.030100107192993,0.060221195220947266,0.022164106369018555
4781,0,0.5080769230769234,941,1000,1,1,4381.0,0,0,2,0,2,9.661970615386963,3.4624812602996826,3.3867034912109375,2.030508518218994,0.06023979187011719,0.02216935157775879
4782,0,0.5080769230769234,941,1000,1,1,4782.0,0,0,0,1,1,9.664315462112427,3.463870048522949,3.3875479698181152,2.030508518218994,0.06023979187011719,0.022181987762451172
4783,0,0.5080769230769234,940,1000,1,1,3983.0,0,0,1,0,2,9.669310092926025,3.465622663497925,3.389910936355591,2.031205892562866,0.06026291847229004,0.022189855575561523
4784,0,0.5080769230769234,940,1000,4,4,3984.0,0,1,1,0,2,9.672608375549316,3.466769218444824,3.3911654949188232,2.0318377017974854,0.060289621353149414,0.022198915481567383
4785,0,0.5080769230769234,941,1000,3,3,4251.666666666667,0,0,2,0,1,9.675440073013306,3.467942953109741,3.3921093940734863,2.032358169555664,0.060315608978271484,0.022205829620361328
4786,0,0.5080769230769234,941,1000,2,2,3986.0,0,0,2,0,2,9.678066492080688,3.4689671993255615,3.3930599689483643,2.0328078269958496,0.060337066650390625,0.022211313247680664
4787,0,0.5080769230769234,941,1000,2,1,4387.0,0,0,2,0,2,9.68244981765747,3.470614194869995,3.3945765495300293,2.0337510108947754,0.0603640079498291,0.022215843200683594
4788,0,0.5080769230769234,941,1000,2,2,3588.0,0,0,2,0,2,9.687490224838257,3.4719440937042236,3.3967971801757812,2.034971237182617,0.06040239334106445,0.02222275733947754
4789,0,0.5080769230769234,941,1000,1,1,4389.0,0,0,2,0,2,9.690704822540283,3.4733006954193115,3.397871732711792,2.0355265140533447,0.06043553352355957,0.022231340408325195
4790,0,0.5080769230769234,941,1000,2,2,2990.0,0,0,2,0,2,9.693410634994507,3.4743597507476807,3.3988068103790283,2.0360476970672607,0.060459136962890625,0.022238969802856445
4791,0,0.5080769230769234,941,1000,4,4,4091.0,0,1,1,0,2,9.69684624671936,3.475426435470581,3.4004478454589844,2.0365185737609863,0.0604853630065918,0.022243499755859375
4792,0,0.5080769230769234,941,1000,1,1,4392.0,0,0,2,0,2,9.701189279556274,3.4769535064697266,3.4018759727478027,2.037684679031372,0.06051492691040039,0.022251367568969727
4793,0,0.5080769230769234,941,1000,1,1,4393.0,0,0,2,0,2,9.703824520111084,3.477973699569702,3.40287709236145,2.0381414890289307,0.060537099838256836,0.022256851196289062
4794,0,0.5080769230769234,941,1000,1,1,4394.0,0,0,2,0,2,9.706217527389526,3.479034900665283,3.403629779815674,2.038548231124878,0.06055474281311035,0.022263050079345703
4795,0,0.5080769230769234,940,1000,2,2,4095.0,0,0,1,0,2,9.707844495773315,3.47965145111084,3.4042680263519287,2.0388121604919434,0.06056332588195801,0.02226543426513672
4796,0,0.5080769230769234,940,1000,2,2,4196.0,0,0,2,0,2,9.709522485733032,3.480134963989258,3.40494704246521,2.039231538772583,0.06057167053222656,0.02226710319519043
4797,0,0.5080769230769234,940,1000,1,1,4797.0,0,0,0,1,1,9.710435628890991,3.4806957244873047,3.4052631855010986,2.039231538772583,0.06057167053222656,0.02226996421813965
4798,0,0.5080769230769234,939,1000,2,2,3798.0,0,0,1,0,2,9.711874723434448,3.4811458587646484,3.405914306640625,2.0394465923309326,0.06058311462402344,0.022271394729614258
4799,0,0.5117179487179488,940,1000,1,1,4799.0,0,0,0,1,0,9.713661193847656,3.4817543029785156,3.406712293624878,2.0394465923309326,0.06058311462402344,0.022272825241088867
4800,0,0.5117179487179488,940,1000,4,4,4000.0,0,0,2,0,2,9.71704363822937,3.483276128768921,3.407735824584961,2.0399715900421143,0.06061100959777832,0.02260732650756836
4801,0,0.5117179487179488,940,1000,1,1,2401.0,0,0,2,0,2,9.719111204147339,3.484133005142212,3.4084067344665527,2.0403833389282227,0.060625553131103516,0.02261185646057129
4802,0,0.5117179487179488,940,1000,2,2,4402.0,0,0,0,0,0,9.71970796585083,3.4846487045288086,3.408407211303711,2.0403833389282227,0.06063437461853027,0.022613048553466797
4803,0,0.5117179487179488,940,1000,2,2,3869.6666666666665,0,1,2,0,2,9.721253156661987,3.4850926399230957,3.4090280532836914,2.0407557487487793,0.060640811920166016,0.022614240646362305
4804,0,0.5117179487179488,940,1000,3,3,4270.666666666667,0,1,2,0,2,9.722892999649048,3.4855337142944336,3.4096624851226807,2.0411581993103027,0.06064796447753906,0.022615432739257812
4805,0,0.5117179487179488,939,1000,2,2,3505.0,0,0,1,0,2,9.72458004951477,3.4859704971313477,3.4105100631713867,2.041473150253296,0.06065511703491211,0.022616863250732422
4806,0,0.5117179487179488,938,1000,1,1,4406.0,0,0,1,0,2,9.726547241210938,3.486833333969116,3.411146879196167,2.041797399520874,0.060669898986816406,0.022621631622314453
4807,0,0.5117179487179488,938,1000,3,3,3340.3333333333335,0,1,2,0,2,9.728264093399048,3.487356185913086,3.411757707595825,2.0422167778015137,0.060677528381347656,0.022623777389526367
4808,0,0.5117179487179488,938,1000,1,1,4808.0,0,0,0,1,1,9.729114294052124,3.487812042236328,3.412120819091797,2.0422167778015137,0.060677528381347656,0.022625446319580078
4809,0,0.5117179487179488,938,1000,2,1,4809.0,0,0,0,1,1,9.731348752975464,3.4890284538269043,3.4130213260650635,2.0422167778015137,0.060677528381347656,0.0226285457611084
4810,0,0.5117179487179488,939,1000,3,3,3876.6666666666665,0,0,2,0,1,9.733720302581787,3.490130662918091,3.4137489795684814,2.042611837387085,0.060700178146362305,0.022634267807006836
4811,0,0.5117179487179488,938,1000,1,1,4411.0,0,0,1,0,2,9.735719442367554,3.490983724594116,3.414480686187744,2.0429129600524902,0.060714006423950195,0.02263784408569336
4812,0,0.5117179487179488,938,1000,3,3,4278.666666666667,0,0,2,0,2,9.7395601272583,3.491502523422241,3.415581226348877,2.0450048446655273,0.060724735260009766,0.022639989852905273
4813,0,0.5117179487179488,938,1000,1,1,4413.0,0,0,2,0,2,9.744484424591064,3.492816925048828,3.416584014892578,2.0473620891571045,0.06074714660644531,0.022647380828857422
4814,0,0.5117179487179488,938,1000,1,1,4414.0,0,0,2,0,2,9.747559547424316,3.4937520027160645,3.418001174926758,2.047863006591797,0.06076216697692871,0.02265143394470215
4815,0,0.5117179487179488,938,1000,1,1,4815.0,0,0,0,1,1,9.749150514602661,3.4948534965515137,3.418429136276245,2.047863006591797,0.06076216697692871,0.022658109664916992
4816,0,0.5117179487179488,938,1000,2,2,3216.0,0,0,2,0,2,9.75109338760376,3.495518445968628,3.41912841796875,2.0483105182647705,0.06078171730041504,0.02266216278076172
4817,0,0.5117179487179488,938,1000,1,1,3217.0,0,0,2,0,2,9.752772092819214,3.4961113929748535,3.4197380542755127,2.048691987991333,0.0607907772064209,0.022664785385131836
4818,0,0.5117179487179488,938,1000,2,2,3818.0,0,0,2,0,2,9.755106687545776,3.496633529663086,3.420775890350342,2.049274444580078,0.060805559158325195,0.022665977478027344
4819,0,0.5117179487179488,938,1000,3,3,4152.333333333333,0,0,2,0,2,9.757384777069092,3.4976630210876465,3.421420097351074,2.04966402053833,0.06082606315612793,0.022671937942504883
4820,0,0.5117179487179488,938,1000,1,1,4820.0,0,0,0,1,1,9.75826096534729,3.498185873031616,3.421740770339966,2.04966402053833,0.06082606315612793,0.022673845291137695
4821,0,0.5117179487179488,937,1000,1,1,3621.0,0,0,1,0,2,9.759739398956299,3.4987051486968994,3.4223592281341553,2.049903154373169,0.060834646224975586,0.022675037384033203
4822,0,0.5117179487179488,938,1000,1,1,3222.0,0,0,2,0,1,9.761299848556519,3.499176263809204,3.4229516983032227,2.0503106117248535,0.06084012985229492,0.022676706314086914
4823,0,0.5117179487179488,938,1000,2,2,3889.6666666666665,0,0,2,0,2,9.764185190200806,3.4999170303344727,3.4243907928466797,2.0508477687835693,0.06086087226867676,0.022679567337036133
4824,0,0.5117179487179488,938,1000,1,1,4824.0,0,0,0,1,1,9.766234397888184,3.5011093616485596,3.425154209136963,2.0508477687835693,0.06086087226867676,0.022686004638671875
4825,0,0.5117179487179488,938,1000,3,2,3825.0,0,0,2,0,2,9.76996111869812,3.5024373531341553,3.426724433898926,2.051410436630249,0.06088662147521973,0.02269268035888672
4826,0,0.5117179487179488,938,1000,1,1,4426.0,0,0,1,0,1,9.773514747619629,3.5037946701049805,3.428269147872925,2.051872968673706,0.060910701751708984,0.022700071334838867
4827,0,0.5117179487179488,938,1000,1,1,4827.0,0,0,0,1,1,9.775315046310425,3.504854679107666,3.4289422035217285,2.051872968673706,0.060910701751708984,0.022707462310791016
4828,0,0.5117179487179488,937,1000,1,1,4428.0,0,0,1,0,2,9.779366970062256,3.5056488513946533,3.430039882659912,2.0538556575775146,0.06092715263366699,0.022712230682373047
4829,0,0.5117179487179488,937,1000,3,3,3495.6666666666665,0,0,2,0,2,9.78251028060913,3.507051706314087,3.431015729904175,2.0544285774230957,0.06095314025878906,0.022721052169799805
4830,0,0.5117179487179488,936,1000,1,1,4430.0,0,0,1,0,2,9.785521507263184,3.5080690383911133,3.4320931434631348,2.0550992488861084,0.060984134674072266,0.022726058959960938
4831,0,0.5117179487179488,936,1000,1,1,4831.0,0,0,0,1,1,9.787364482879639,3.5091612339019775,3.4327704906463623,2.0550992488861084,0.060984134674072266,0.022732973098754883
4832,0,0.5117179487179488,936,1000,1,1,4032.0,0,0,1,0,1,9.789414167404175,3.5099973678588867,3.4336113929748535,2.05535888671875,0.06100058555603027,0.02273702621459961
4833,0,0.5117179487179488,936,1000,1,1,4833.0,0,0,0,1,1,9.791106462478638,3.511004686355591,3.434237003326416,2.05535888671875,0.06100058555603027,0.022740602493286133
4834,0,0.5117179487179488,937,1000,1,1,3234.0,0,0,2,0,1,9.79373025894165,3.5120339393615723,3.4351372718811035,2.0558862686157227,0.061019182205200195,0.02274465560913086
4835,0,0.5117179487179488,938,1000,1,1,4435.0,0,0,2,0,1,9.7958345413208,3.5129363536834717,3.4357805252075195,2.0563154220581055,0.06103253364562988,0.022748947143554688
4836,0,0.5117179487179488,938,1000,1,1,4836.0,0,0,0,1,1,9.798114776611328,3.5142505168914795,3.436657428741455,2.0563154220581055,0.06103253364562988,0.022754192352294922
4837,0,0.5117179487179488,938,1000,1,1,4837.0,0,0,0,1,1,9.799864053726196,3.5153141021728516,3.437279224395752,2.0563154220581055,0.06103253364562988,0.02276015281677246
4838,0,0.5117179487179488,937,1000,2,2,4171.333333333333,0,0,1,0,2,9.802491426467896,3.51643705368042,3.4382176399230957,2.056694984436035,0.06105804443359375,0.022765636444091797
4839,0,0.5117179487179488,937,1000,1,1,4439.0,0,0,0,0,0,9.803581237792969,3.5174155235290527,3.438218116760254,2.056694984436035,0.06106877326965332,0.02276921272277832
4840,0,0.5117179487179488,937,1000,2,2,4040.0,0,0,2,0,2,9.805169105529785,3.517897367477417,3.438843011856079,2.057081699371338,0.06107616424560547,0.022770404815673828
4841,0,0.5117179487179488,937,1000,2,2,4280.0,0,0,2,0,2,9.806712865829468,3.5184075832366943,3.4394357204437256,2.057438611984253,0.061083316802978516,0.022771835327148438
4842,0,0.5117179487179488,937,1000,1,1,4842.0,0,0,0,1,1,9.807528734207153,3.5188653469085693,3.4397618770599365,2.057438611984253,0.061083316802978516,0.02277398109436035
4843,0,0.5117179487179488,937,1000,1,1,3243.0,0,0,2,0,2,9.809114217758179,3.5193092823028564,3.44038987159729,2.0578651428222656,0.061089515686035156,0.02277517318725586
4844,0,0.5117179487179488,937,1000,2,2,4244.0,0,0,2,0,2,9.810667037963867,3.519761085510254,3.440991163253784,2.0582377910614014,0.0610966682434082,0.02277684211730957
4845,0,0.5117179487179488,937,1000,3,3,3778.3333333333335,0,0,2,0,2,9.812298774719238,3.5202391147613525,3.441629409790039,2.0585861206054688,0.06110429763793945,0.022778034210205078
4846,0,0.5117179487179488,936,1000,3,3,3326.0,0,0,1,0,2,9.814670324325562,3.520977735519409,3.442653179168701,2.059011220932007,0.061130523681640625,0.022779464721679688
4847,0,0.5117179487179488,935,1000,3,2,3780.3333333333335,0,0,1,0,2,9.817138433456421,3.522164821624756,3.4434802532196045,2.059283971786499,0.06115388870239258,0.022785425186157227
4848,0,0.5117179487179488,934,1000,1,1,4448.0,0,0,1,0,2,9.821263790130615,3.523113250732422,3.4444632530212402,2.0612950325012207,0.061170101165771484,0.022790193557739258
4849,0,0.5117179487179488,934,1000,4,4,4149.0,0,0,1,0,2,9.823247909545898,3.524001359939575,3.445066452026367,2.0616462230682373,0.06118369102478027,0.022794723510742188
4850,0,0.5117179487179488,935,1000,3,2,3450.0,0,0,2,0,1,9.824826002120972,3.524536609649658,3.4456419944763184,2.062005043029785,0.06119084358215332,0.022796154022216797
4851,0,0.5117179487179488,935,1000,1,1,4851.0,0,0,0,1,1,9.825600624084473,3.5249853134155273,3.4459338188171387,2.062005043029785,0.06119084358215332,0.022797822952270508
4852,0,0.5117179487179488,935,1000,1,1,4052.0,0,0,2,0,2,9.827224254608154,3.5254645347595215,3.4465835094451904,2.062408447265625,0.06119656562805176,0.022799253463745117
4853,0,0.5117179487179488,934,1000,1,1,2853.0,0,0,1,0,2,9.828583717346191,3.5259249210357666,3.4471709728240967,2.0626330375671387,0.06120181083679199,0.022800445556640625
4854,0,0.5117179487179488,934,1000,1,1,4054.0,0,0,2,0,2,9.831098794937134,3.5263936519622803,3.4486024379730225,2.063155174255371,0.06120657920837402,0.022801876068115234
4855,0,0.5117179487179488,934,1000,1,1,4855.0,0,0,0,1,1,9.832817077636719,3.527564525604248,3.4490866661071777,2.063155174255371,0.06120657920837402,0.022809505462646484
4856,0,0.5117179487179488,934,1000,1,1,4456.0,0,0,2,0,2,9.834918975830078,3.528308391571045,3.449890613555908,2.06357741355896,0.06122565269470215,0.02281355857849121
4857,0,0.5117179487179488,935,1000,2,2,4057.0,0,0,1,0,1,9.836765050888062,3.5289907455444336,3.4504716396331787,2.0639736652374268,0.06123518943786621,0.022816896438598633
4858,0,0.5117179487179488,936,1000,2,2,3858.0,0,0,2,0,1,9.838353157043457,3.5294206142425537,3.4510905742645264,2.064382553100586,0.06124258041381836,0.02281928062438965
4859,0,0.5117179487179488,936,1000,4,4,3659.0,0,0,0,0,0,9.838958978652954,3.5299386978149414,3.4510908126831055,2.064382553100586,0.061251163482666016,0.022820711135864258
4860,0,0.5117179487179488,936,1000,1,1,4860.0,0,0,0,1,1,9.83971095085144,3.530364513397217,3.4513866901397705,2.064382553100586,0.061251163482666016,0.022822141647338867
4861,0,0.5117179487179488,936,1000,1,1,4461.0,0,0,0,0,0,9.840258121490479,3.530813455581665,3.4513869285583496,2.064382553100586,0.06125640869140625,0.022823333740234375
4862,0,0.5117179487179488,936,1000,2,2,4462.0,0,0,2,0,2,9.841859102249146,3.5312795639038086,3.4520061016082764,2.064750909805298,0.061263084411621094,0.022824525833129883
4863,0,0.5117179487179488,936,1000,2,2,4063.0,0,1,2,0,2,9.843491315841675,3.5317208766937256,3.452671527862549,2.0651516914367676,0.06127023696899414,0.02282571792602539
4864,0,0.5117179487179488,935,1000,1,1,2864.0,0,0,1,0,2,9.844950199127197,3.5322911739349365,3.453263759613037,2.065356969833374,0.06127786636352539,0.0228273868560791
4865,0,0.5117179487179488,935,1000,1,1,2865.0,0,0,2,0,2,9.847838640213013,3.5327632427215576,3.455106496810913,2.06581449508667,0.06128358840942383,0.022836923599243164
4866,0,0.5117179487179488,935,1000,1,1,4466.0,0,0,2,0,2,9.851449966430664,3.53395414352417,3.456467390060425,2.0666258335113525,0.06131148338317871,0.022844791412353516
4867,0,0.5117179487179488,936,1000,1,1,4867.0,0,0,0,1,0,9.853975057601929,3.535522699356079,3.457327365875244,2.0666258335113525,0.06131148338317871,0.022852420806884766
4868,0,0.5117179487179488,937,1000,1,1,4068.0,0,0,2,0,1,9.856550931930542,3.5365495681762695,3.4582955837249756,2.0670299530029297,0.06133103370666504,0.022858619689941406
4869,0,0.5117179487179488,937,1000,4,3,3669.0,0,0,2,0,2,9.85929274559021,3.537734270095825,3.4592678546905518,2.0674312114715576,0.06135249137878418,0.02286505699157715
4870,0,0.5117179487179488,937,1000,2,2,3936.6666666666665,0,0,0,0,0,9.860592603683472,3.5388479232788086,3.4592695236206055,2.0674312114715576,0.06137728691101074,0.022869586944580078
4871,0,0.5117179487179488,936,1000,2,2,4171.0,0,0,2,0,2,9.865493774414062,3.5400850772857666,3.4618542194366455,2.068267583847046,0.06141042709350586,0.022873640060424805
4872,0,0.5117179487179488,936,1000,1,1,4072.0,0,0,2,0,2,9.869920015335083,3.541196584701538,3.462790012359619,2.070439100265503,0.0614316463470459,0.022880077362060547
4873,0,0.5117179487179488,935,1000,1,1,4473.0,0,0,1,0,2,9.871719121932983,3.5420076847076416,3.4633800983428955,2.0707314014434814,0.061440467834472656,0.022884368896484375
4874,0,0.5117179487179488,935,1000,1,1,4474.0,0,0,1,0,1,9.873254776000977,3.54255747795105,3.463977575302124,2.0710458755493164,0.0614466667175293,0.022886037826538086
4875,0,0.5117179487179488,935,1000,4,1,4875.0,0,0,0,1,1,9.874660968780518,3.543337106704712,3.464550018310547,2.0710458755493164,0.0614466667175293,0.0228879451751709
4876,0,0.5117179487179488,936,1000,3,3,4209.333333333333,0,1,2,0,1,9.878259897232056,3.5440080165863037,3.465237617492676,2.073073387145996,0.061463117599487305,0.022891759872436523
4877,0,0.5117179487179488,936,1000,2,2,4277.0,0,0,2,0,2,9.882189512252808,3.5452630519866943,3.46682071685791,2.0738601684570312,0.061499595642089844,0.02289581298828125
4878,0,0.5117179487179488,936,1000,1,1,4478.0,0,0,2,0,2,9.885293006896973,3.5464627742767334,3.467916488647461,2.074453353881836,0.0615231990814209,0.0229034423828125
4879,0,0.5117179487179488,936,1000,1,1,4479.0,0,0,2,0,2,9.887997388839722,3.547579050064087,3.4689042568206787,2.0749027729034424,0.061544179916381836,0.022910356521606445
4880,0,0.5117179487179488,936,1000,4,4,4560.5,0,0,2,0,2,9.890583515167236,3.548621654510498,3.4698808193206787,2.07532000541687,0.06156730651855469,0.022914886474609375
4881,0,0.5117179487179488,936,1000,2,2,4081.0,0,0,2,0,2,9.89308762550354,3.5495824813842773,3.4707934856414795,2.0757713317871094,0.06158733367919922,0.022919654846191406
4882,0,0.5117179487179488,936,1000,1,1,4482.0,0,0,2,0,2,9.898238897323608,3.5508615970611572,3.4736874103546143,2.0765318870544434,0.06161141395568848,0.022923707962036133
4883,0,0.5117179487179488,936,1000,1,1,3683.0,0,0,1,0,1,9.901448249816895,3.552323579788208,3.4747705459594727,2.077000617980957,0.06163430213928223,0.022931814193725586
4884,0,0.5117179487179488,936,1000,3,3,4350.666666666667,0,0,2,0,2,9.904142141342163,3.553382158279419,3.4757354259490967,2.0774807929992676,0.06166267395019531,0.022937536239624023
4885,0,0.5117179487179488,937,1000,2,2,4285.0,0,0,2,0,1,9.907418727874756,3.554898738861084,3.4766969680786133,2.0780606269836426,0.0616910457611084,0.022942543029785156
4886,0,0.5117179487179488,938,1000,1,1,4486.0,0,0,2,0,1,9.910005807876587,3.555864095687866,3.477722406387329,2.078495979309082,0.0617070198059082,0.022948503494262695
4887,0,0.5117179487179488,938,1000,2,2,4287.0,0,0,2,0,2,9.91532826423645,3.5577433109283447,3.479585647583008,2.0797946453094482,0.06174111366271973,0.02295660972595215
4888,0,0.5117179487179488,938,1000,1,1,4088.0,0,0,2,0,2,9.919173240661621,3.5591530799865723,3.481006622314453,2.080561876296997,0.06177043914794922,0.02296590805053711
4889,0,0.5117179487179488,940,1000,4,4,4289.0,0,0,2,0,0,9.922158002853394,3.5603413581848145,3.4820730686187744,2.0810422897338867,0.0617985725402832,0.02298116683959961
4890,0,0.5117179487179488,940,1000,3,3,4356.666666666667,0,0,2,0,2,9.9249107837677,3.561486005783081,3.483083486557007,2.08148193359375,0.061818599700927734,0.022986650466918945
4891,0,0.5117179487179488,940,1000,1,1,4491.0,0,0,2,0,2,9.928333282470703,3.563072681427002,3.484149694442749,2.0820343494415283,0.06184267997741699,0.02299189567565918
4892,0,0.5117179487179488,940,1000,2,2,4292.0,0,0,1,0,2,9.932439088821411,3.564228057861328,3.4858925342559814,2.0829622745513916,0.06187868118286133,0.022995948791503906
4893,0,0.5117179487179488,940,1000,1,1,4893.0,0,0,0,1,1,9.934974670410156,3.5656354427337646,3.486867904663086,2.0829622745513916,0.06187868118286133,0.023009777069091797
4894,0,0.5117179487179488,941,1000,2,2,3694.0,0,0,2,0,1,9.939963579177856,3.56687593460083,3.4879446029663086,2.0853497982025146,0.06190633773803711,0.02301764488220215
4895,0,0.5117179487179488,941,1000,1,1,4495.0,0,0,2,0,2,9.943340301513672,3.5681443214416504,3.489298105239868,2.0859131813049316,0.06192612648010254,0.023022174835205078
4896,0,0.5117179487179488,941,1000,2,2,3896.0,0,0,2,0,2,9.946601629257202,3.569272994995117,3.490750551223755,2.086412191390991,0.0619511604309082,0.023029804229736328
4897,0,0.5117179487179488,941,1000,1,1,4897.0,0,0,0,1,1,9.94950556755066,3.57075572013855,3.4920620918273926,2.086412191390991,0.0619511604309082,0.02304387092590332
4898,0,0.5117179487179488,941,1000,2,2,4098.0,0,0,0,0,0,9.95109248161316,3.5720956325531006,3.492063283920288,2.086412191390991,0.061991214752197266,0.023054122924804688
4899,0,0.5117179487179488,940,1000,1,1,3699.0,0,0,1,0,2,9.95395827293396,3.573242425918579,3.4932541847229004,2.0867931842803955,0.062004804611206055,0.023060083389282227
4900,0,0.5117179487179488,941,1000,1,1,3700.0,0,0,2,0,1,9.956724166870117,3.574347496032715,3.4942312240600586,2.087293863296509,0.0620274543762207,0.023065805435180664
4901,0,0.5117179487179488,941,1000,1,1,4901.0,0,0,0,1,1,9.958890438079834,3.5757341384887695,3.4949426651000977,2.087293863296509,0.0620274543762207,0.0230715274810791
4902,0,0.5117179487179488,943,1000,2,2,4502.0,0,0,2,0,0,9.964900493621826,3.576643466949463,3.4976096153259277,2.089538097381592,0.06204676628112793,0.023076295852661133
4903,0,0.5117179487179488,943,1000,1,1,4503.0,0,0,2,0,2,9.968401193618774,3.578279495239258,3.4986019134521484,2.0901317596435547,0.06208467483520508,0.023085832595825195
4904,0,0.5117179487179488,944,1000,3,3,3970.6666666666665,0,0,2,0,1,9.97123908996582,3.5793912410736084,3.499619245529175,2.090665817260742,0.06210732460021973,0.023091554641723633
4905,0,0.5117179487179488,944,1000,1,1,4105.0,0,0,0,0,0,9.97267770767212,3.5805840492248535,3.499621868133545,2.090665817260742,0.06214618682861328,0.023096561431884766
4906,0,0.5117179487179488,943,1000,1,1,3706.0,0,0,1,0,2,9.975494861602783,3.5815560817718506,3.500927448272705,2.091049909591675,0.06215834617614746,0.023105382919311523
4907,0,0.5117179487179488,943,1000,3,3,3973.6666666666665,0,1,2,0,2,9.978269577026367,3.582724094390869,3.5018889904022217,2.0915000438690186,0.0621790885925293,0.02311110496520996
4908,0,0.5117179487179488,943,1000,2,1,4108.0,0,0,2,0,2,9.982799053192139,3.583745241165161,3.5041840076446533,2.0924346446990967,0.06220650672912598,0.02311539649963379
4909,0,0.5117179487179488,943,1000,2,2,4509.0,0,0,2,0,2,9.986876010894775,3.5853383541107178,3.5055809020996094,2.0932841300964355,0.06223726272583008,0.02312493324279785
4910,0,0.5117179487179488,943,1000,3,3,4110.0,0,0,2,0,2,9.992308855056763,3.5868587493896484,3.5069167613983154,2.0955467224121094,0.06227231025695801,0.0231320858001709
4911,0,0.5117179487179488,943,1000,2,1,4511.0,0,0,2,0,2,9.995145082473755,3.5879948139190674,3.50793719291687,2.0960021018981934,0.06229257583618164,0.02313971519470215
4912,0,0.5117179487179488,942,1000,1,1,3712.0,0,0,1,0,2,9.998939037322998,3.5890612602233887,3.509725570678711,2.096729040145874,0.06231117248535156,0.023143768310546875
4913,0,0.5117179487179488,942,1000,1,1,4113.0,0,0,2,0,2,10.002437114715576,3.5904107093811035,3.5108678340911865,2.097491502761841,0.06233978271484375,0.023152828216552734
4914,0,0.5117179487179488,943,1000,2,2,4314.0,0,0,2,0,1,10.00584626197815,3.591562271118164,3.5120880603790283,2.0982143878936768,0.062374114990234375,0.02315998077392578
4915,0,0.5117179487179488,943,1000,2,2,4515.0,0,0,1,0,2,10.009782791137695,3.5929338932037354,3.5134356021881104,2.0991714000701904,0.06240439414978027,0.023168087005615234
4916,0,0.5117179487179488,942,1000,2,2,4249.333333333333,0,0,1,0,2,10.011891603469849,3.5939159393310547,3.514044761657715,2.0995383262634277,0.06242656707763672,0.023174047470092773
4917,0,0.5117179487179488,942,1000,2,2,4117.0,0,0,2,0,2,10.015101671218872,3.5947036743164062,3.5152764320373535,2.100473165512085,0.06246352195739746,0.02317643165588379
4918,0,0.5117179487179488,942,1000,2,2,4251.333333333333,0,0,2,0,2,10.020050764083862,3.595926523208618,3.5163803100585938,2.1028647422790527,0.06248974800109863,0.023183345794677734
4919,0,0.5117179487179488,942,1000,3,3,4252.333333333333,0,1,2,0,2,10.022371292114258,3.597050428390503,3.5170016288757324,2.1032655239105225,0.06250905990600586,0.023189067840576172
4920,0,0.5117179487179488,942,1000,4,4,3920.0,0,0,2,0,2,10.024003982543945,3.597562551498413,3.5176503658294678,2.103645086288452,0.06253385543823242,0.023190736770629883
4921,0,0.5117179487179488,942,1000,2,2,3921.0,0,0,2,0,2,10.025666236877441,3.5980372428894043,3.518307685852051,2.1040689945220947,0.06254100799560547,0.023195743560791016
4922,0,0.5117179487179488,942,1000,1,1,4122.0,0,0,2,0,2,10.027230262756348,3.59849214553833,3.5189177989959717,2.104475975036621,0.0625462532043457,0.023198843002319336
4923,0,0.5117179487179488,942,1000,2,2,4256.333333333333,0,0,1,0,1,10.028566122055054,3.5989160537719727,3.5194883346557617,2.1047253608703613,0.06255340576171875,0.023200273513793945
4924,0,0.5117179487179488,941,1000,2,2,3990.6666666666665,0,0,1,0,2,10.031337976455688,3.5993800163269043,3.5213587284088135,2.105072498321533,0.0625603199005127,0.023201942443847656
4925,0,0.5117179487179488,941,1000,1,1,4925.0,0,0,0,1,1,10.0333731174469,3.6005585193634033,3.522136688232422,2.105072498321533,0.0625603199005127,0.023209333419799805
4926,0,0.5117179487179488,940,1000,3,3,3826.0,0,0,1,0,2,10.036304235458374,3.6018996238708496,3.5231223106384277,2.105473279953003,0.06258630752563477,0.02321481704711914
4927,0,0.5117179487179488,940,1000,2,2,2927.0,0,0,2,0,2,10.038860321044922,3.6028788089752197,3.5240767002105713,2.1059257984161377,0.06260871887207031,0.023219585418701172
4928,0,0.5117179487179488,939,1000,3,3,4328.0,0,0,1,0,2,10.04189133644104,3.604218006134033,3.5250892639160156,2.106381893157959,0.0626366138458252,0.023224353790283203
4929,0,0.5117179487179488,939,1000,3,3,4129.0,0,0,0,0,0,10.04302978515625,3.6051721572875977,3.525089740753174,2.106381893157959,0.06265139579772949,0.02322864532470703
4930,0,0.5117179487179488,939,1000,1,1,4930.0,0,0,0,1,1,10.043812990188599,3.6056056022644043,3.5254054069519043,2.106381893157959,0.06265139579772949,0.02322983741760254
4931,0,0.5117179487179488,939,1000,1,1,4131.0,0,0,2,0,2,10.048500776290894,3.6060571670532227,3.5270795822143555,2.1088225841522217,0.06265664100646973,0.02323126792907715
4932,0,0.5117179487179488,939,1000,1,1,2532.0,0,0,2,0,2,10.052064895629883,3.607491970062256,3.5281505584716797,2.1096386909484863,0.06268930435180664,0.023238658905029297
4933,0,0.5117179487179488,940,1000,4,4,4033.0,0,1,2,0,1,10.054660081863403,3.608767509460449,3.528776168823242,2.110098361968994,0.0627140998840332,0.02324509620666504
4934,0,0.5117179487179488,939,1000,1,1,4534.0,0,0,1,0,2,10.056251764297485,3.6092989444732666,3.529398202896118,2.110438346862793,0.06271958351135254,0.02324676513671875
4935,0,0.5117179487179488,939,1000,1,1,4935.0,0,0,0,1,1,10.057124853134155,3.609839677810669,3.5296969413757324,2.110438346862793,0.06271958351135254,0.02324843406677246
4936,0,0.5117179487179488,939,1000,1,1,4136.0,0,0,2,0,2,10.058923721313477,3.610421657562256,3.530388116836548,2.1108527183532715,0.06273102760314941,0.02324986457824707
4937,0,0.5117179487179488,940,1000,1,1,4537.0,0,0,2,0,1,10.060480117797852,3.610933542251587,3.5309722423553467,2.1112349033355713,0.06273674964904785,0.023252487182617188
4938,0,0.5117179487179488,942,1000,1,1,3738.0,0,0,2,0,0,10.062057256698608,3.6114280223846436,3.531552791595459,2.1116487979888916,0.06274151802062988,0.0232541561126709
4939,0,0.5117179487179488,941,1000,1,1,4539.0,0,0,1,0,2,10.066739320755005,3.6123197078704834,3.5343592166900635,2.1124439239501953,0.06276607513427734,0.023255586624145508
4940,0,0.5117179487179488,941,1000,1,1,4540.0,0,0,1,0,1,10.069536924362183,3.6135475635528564,3.535318613052368,2.112863779067993,0.06279182434082031,0.02326226234436035
4941,0,0.5117179487179488,941,1000,2,1,4941.0,0,0,0,1,1,10.071294784545898,3.6146395206451416,3.5359020233154297,2.112863779067993,0.06279182434082031,0.023267507553100586
4942,0,0.5117179487179488,941,1000,1,1,3742.0,0,0,1,0,1,10.073786497116089,3.6155877113342285,3.537013530731201,2.1131443977355957,0.06280684471130371,0.023271560668945312
4943,0,0.5117179487179488,941,1000,2,2,4143.0,0,0,2,0,2,10.076493501663208,3.6167566776275635,3.5379598140716553,2.1135752201080322,0.06283140182495117,0.02327895164489746
4944,0,0.5117179487179488,941,1000,2,2,3544.0,0,0,2,0,2,10.078267812728882,3.6173954010009766,3.538578987121582,2.113971710205078,0.06284189224243164,0.02328324317932129
4945,0,0.5117179487179488,942,1000,2,2,4545.0,0,0,2,0,1,10.08328652381897,3.6178765296936035,3.542194128036499,2.1146583557128906,0.0628509521484375,0.0232851505279541
4946,0,0.5117179487179488,942,1000,3,3,4412.666666666667,0,1,2,0,2,10.086477518081665,3.619112253189087,3.5433175563812256,2.1152355670928955,0.06287908554077148,0.02329254150390625
4947,0,0.5117179487179488,942,1000,2,2,4347.0,0,0,1,0,2,10.089200496673584,3.6201281547546387,3.544294834136963,2.115729808807373,0.06290864944458008,0.023299217224121094
4948,0,0.5117179487179488,941,1000,1,1,4148.0,0,0,1,0,2,10.092073678970337,3.621161460876465,3.5456464290618896,2.1160519123077393,0.06292533874511719,0.023303747177124023
4949,0,0.5117179487179488,941,1000,2,2,4349.0,0,0,2,0,2,10.094523906707764,3.62231707572937,3.5462727546691895,2.1165199279785156,0.06294870376586914,0.023309946060180664
4950,0,0.5117179487179488,942,1000,2,2,3950.0,0,0,2,0,1,10.098257541656494,3.622828722000122,3.5489816665649414,2.1169273853302,0.06295537948608398,0.02331256866455078
4951,0,0.5117179487179488,941,1000,4,4,4231.0,0,0,1,0,2,10.102149248123169,3.6244821548461914,3.550313949584961,2.1175713539123535,0.06299209594726562,0.023321866989135742
4952,0,0.5117179487179488,940,1000,4,4,4425.4,0,0,1,0,2,10.104765176773071,3.62565016746521,3.5512192249298096,2.1179325580596924,0.06302046775817871,0.023328304290771484
4953,0,0.5117179487179488,940,1000,3,3,4153.0,0,0,2,0,2,10.10768985748291,3.6267714500427246,3.552314281463623,2.1184732913970947,0.06304574012756348,0.023332834243774414
4954,0,0.5117179487179488,939,1000,1,1,4154.0,0,0,1,0,2,10.110407590866089,3.628052234649658,3.553236722946167,2.1187686920166016,0.06306719779968262,0.023339509963989258
4955,0,0.5117179487179488,939,1000,2,1,4955.0,0,0,0,1,1,10.11145281791687,3.628757953643799,3.553525924682617,2.1187686920166016,0.06306719779968262,0.023343801498413086
4956,0,0.5117179487179488,940,1000,2,2,4356.0,0,1,2,0,1,10.116327047348022,3.6292226314544678,3.556992769241333,2.1195642948150635,0.06307840347290039,0.023345232009887695
4957,0,0.5117179487179488,940,1000,1,1,4957.0,0,0,0,1,1,10.119179725646973,3.6308932304382324,3.5580596923828125,2.1195642948150635,0.06307840347290039,0.023358583450317383
4958,0,0.5117179487179488,940,1000,2,2,4558.0,0,1,2,0,2,10.123065710067749,3.6322686672210693,3.5594377517700195,2.1203572750091553,0.0631105899810791,0.02336597442626953
4959,0,0.5117179487179488,940,1000,1,1,4159.0,0,0,2,0,2,10.126462697982788,3.6335911750793457,3.560687303543091,2.1208884716033936,0.06313848495483398,0.023372650146484375
4960,0,0.5117179487179488,940,1000,1,1,2160.0,0,0,2,0,2,10.128897428512573,3.634584426879883,3.5615525245666504,2.1213178634643555,0.06315779685974121,0.023379087448120117
4961,0,0.5117179487179488,940,1000,2,1,4161.0,0,0,2,0,2,10.13288140296936,3.6360630989074707,3.5630922317504883,2.1220226287841797,0.06318926811218262,0.023384809494018555
4962,0,0.5117179487179488,941,1000,3,3,4295.333333333333,0,0,2,0,1,10.135947465896606,3.6373276710510254,3.5641372203826904,2.122570514678955,0.0632171630859375,0.02339315414428711
4963,0,0.5117179487179488,942,1000,2,2,4563.0,0,1,2,0,1,10.13873291015625,3.6384778022766113,3.5651209354400635,2.12300968170166,0.06323933601379395,0.023398876190185547
4964,0,0.5117179487179488,942,1000,3,3,4164.0,0,0,2,0,2,10.142277240753174,3.6394243240356445,3.5668675899505615,2.1236841678619385,0.06325960159301758,0.023404598236083984
4965,0,0.5117179487179488,942,1000,2,2,4365.0,0,0,2,0,2,10.145244359970093,3.64066481590271,3.5678658485412598,2.124185085296631,0.06329035758972168,0.02341437339782715
4966,0,0.5117179487179488,942,1000,2,2,4566.0,0,1,2,0,2,10.148736000061035,3.6420044898986816,3.5690412521362305,2.1248819828033447,0.06332039833068848,0.02341771125793457
4967,0,0.5117179487179488,942,1000,2,2,4567.0,0,0,2,0,2,10.151954889297485,3.6433119773864746,3.570145845413208,2.125472068786621,0.06335926055908203,0.023425817489624023
4968,0,0.5117179487179488,941,1000,2,2,3634.6666666666665,0,0,1,0,2,10.154116868972778,3.6444625854492188,3.570794105529785,2.1257028579711914,0.06337666511535645,0.023431062698364258
4969,0,0.5117179487179488,941,1000,2,2,4569.0,0,0,2,0,2,10.155682802200317,3.6449201107025146,3.5714080333709717,2.1261119842529297,0.06338381767272949,0.023432493209838867
4970,0,0.5117179487179488,941,1000,4,3,3770.0,0,0,2,0,2,10.157414674758911,3.6453850269317627,3.572087526321411,2.1265084743499756,0.06339120864868164,0.023433923721313477
4971,0,0.5117179487179488,940,1000,1,1,3771.0,0,0,1,0,2,10.159025192260742,3.6459813117980957,3.5727591514587402,2.1267495155334473,0.0634007453918457,0.02343606948852539
4972,0,0.5117179487179488,939,1000,2,2,4438.666666666667,0,0,1,0,2,10.16055154800415,3.6465184688568115,3.573376178741455,2.127026081085205,0.06340909004211426,0.0234377384185791
4973,0,0.5117179487179488,939,1000,1,1,3773.0,0,0,2,0,2,10.162095069885254,3.6469762325286865,3.5739662647247314,2.1274302005767822,0.06341433525085449,0.023439407348632812
4974,0,0.5117179487179488,939,1000,1,1,4574.0,0,0,2,0,2,10.166967153549194,3.6480300426483154,3.5750913619995117,2.1298463344573975,0.06344437599182129,0.023441314697265625
4975,0,0.5117179487179488,939,1000,3,3,4441.666666666667,0,1,2,0,2,10.169280767440796,3.6491434574127197,3.5757083892822266,2.1302380561828613,0.06346511840820312,0.02344655990600586
4976,0,0.5117179487179488,940,1000,2,2,3376.0,0,0,2,0,1,10.170904636383057,3.649657726287842,3.5762951374053955,2.130657434463501,0.06347227096557617,0.02344822883605957
4977,0,0.5117179487179488,939,1000,1,1,4577.0,0,0,1,0,2,10.172485589981079,3.650099515914917,3.5770585536956787,2.130943536758423,0.06347775459289551,0.023450136184692383
4978,0,0.5117179487179488,938,1000,3,3,4178.0,0,0,1,0,2,10.175272941589355,3.6512765884399414,3.578068494796753,2.1313271522521973,0.06350374221801758,0.02345728874206543
4979,0,0.5117179487179488,938,1000,1,1,4179.0,0,0,2,0,2,10.177504777908325,3.6522419452667236,3.5787763595581055,2.131730079650879,0.06352090835571289,0.02346348762512207
4980,0,0.5117179487179488,938,1000,1,1,3380.0,0,0,2,0,2,10.181785106658936,3.6527719497680664,3.579883337020874,2.1342451572418213,0.06352710723876953,0.023465871810913086
4981,0,0.5117179487179488,938,1000,1,1,4581.0,0,0,1,0,1,10.183821201324463,3.653668165206909,3.580535411834717,2.134582996368408,0.06354451179504395,0.023471355438232422
4982,0,0.5117179487179488,938,1000,3,2,4382.0,0,0,1,0,2,10.185837507247925,3.6544432640075684,3.581252098083496,2.1349315643310547,0.06356048583984375,0.02347540855407715
4983,0,0.5117179487179488,938,1000,2,2,4583.0,0,0,2,0,2,10.187517642974854,3.655027389526367,3.581855535507202,2.135329008102417,0.063568115234375,0.023477792739868164
4984,0,0.5117179487179488,939,1000,2,2,4184.0,0,1,2,0,1,10.191247463226318,3.6557295322418213,3.5826778411865234,2.1373565196990967,0.0635831356048584,0.023478984832763672
4985,0,0.5117179487179488,939,1000,1,1,185.0,0,0,2,0,2,10.193007230758667,3.656362533569336,3.5833115577697754,2.137739658355713,0.06359004974365234,0.023482084274291992
4986,0,0.5117179487179488,939,1000,2,1,4586.0,0,0,2,0,2,10.194552421569824,3.656829357147217,3.583883762359619,2.1381490230560303,0.06359553337097168,0.023483753204345703
4987,0,0.5117179487179488,939,1000,3,3,4453.666666666667,0,0,2,0,2,10.196956872940063,3.657356023788452,3.5852210521698,2.138587236404419,0.06360292434692383,0.023485422134399414
4988,0,0.5117179487179488,939,1000,1,1,4988.0,0,0,0,1,1,10.199094772338867,3.6585094928741455,3.5861260890960693,2.138587236404419,0.06360292434692383,0.023493528366088867
4989,0,0.5117179487179488,939,1000,1,1,4189.0,0,0,2,0,2,10.201906681060791,3.659837007522583,3.5869791507720947,2.1390552520751953,0.06362533569335938,0.023499011993408203
4990,0,0.5117179487179488,939,1000,2,1,4990.0,0,0,0,1,1,10.203123569488525,3.6606857776641846,3.587301731109619,2.1390552520751953,0.06362533569335938,0.023502349853515625
4991,0,0.5117179487179488,939,1000,1,1,3791.0,0,0,2,0,2,10.205066204071045,3.6611642837524414,3.5881474018096924,2.139483690261841,0.06363344192504883,0.023503780364990234
4992,0,0.5117179487179488,939,1000,1,1,4192.0,0,0,2,0,2,10.206859588623047,3.6618409156799316,3.5887458324432373,2.1398918628692627,0.06364655494689941,0.023507356643676758
4993,0,0.5117179487179488,939,1000,2,2,3993.0,0,0,0,0,0,10.207443714141846,3.6623215675354004,3.5887460708618164,2.1398918628692627,0.06365561485290527,0.02350926399230957
4994,0,0.5117179487179488,939,1000,3,3,4327.333333333333,0,0,1,0,2,10.209128379821777,3.662827491760254,3.589364767074585,2.140285015106201,0.06366205215454102,0.023510456085205078
4995,0,0.5117179487179488,939,1000,2,2,4595.0,0,0,2,0,2,10.21077847480774,3.6633009910583496,3.5899956226348877,2.140688180923462,0.06366896629333496,0.023511648178100586
4996,0,0.5117179487179488,939,1000,1,1,4596.0,0,0,2,0,2,10.21264123916626,3.6637768745422363,3.590883493423462,2.141096830368042,0.0636744499206543,0.023513317108154297
4997,0,0.5117179487179488,938,1000,2,2,3797.0,0,0,1,0,2,10.215533018112183,3.6651782989501953,3.591860294342041,2.1414289474487305,0.06369972229003906,0.023519515991210938
4998,0,0.5117179487179488,937,1000,1,1,4598.0,0,0,1,0,2,10.217611312866211,3.666006326675415,3.592698097229004,2.141730308532715,0.06371116638183594,0.023524045944213867
4999,0,0.5117179487179488,937,1000,2,2,3999.0,0,0,2,0,2,10.219475507736206,3.6667468547821045,3.593337297439575,2.1421146392822266,0.0637209415435791,0.02352738380432129
