Gender,Age,Education_Level,Employment_Status,City,Device_Type,Internet_Connection_Quality,Course_ID,Course_Name,Category,Course_Level,Course_Duration_Days,Instructor_Rating,Login_Frequency,Average_Session_Duration_Min,Video_Completion_Rate,Discussion_Participation,Time_Spent_Hours,Days_Since_Last_Login,Notifications_Checked,Peer_Interaction_Score,Assignments_Submitted,Assignments_Missed,Quiz_Attempts,Quiz_Score_Avg,Project_Grade,Progress_Percentage,Rewatch_Count,Payment_Mode,Fee_Paid,Discount_Used,Payment_Amount,App_Usage_Percentage,Reminder_Emails_Clicked,Support_Tickets_Raised,Satisfaction_Rating,Enrollment_Year,Enrollment_Month,Enrollment_Day,Completed,Fitness,Accuracy,Numerosity,Avg Match Set Size,TimeStamp GA,Iteration Initialized,Specificity,Deletion Probability,Correct Count,Match Count
#,"19.42,36.58",#,#,#,1.0,#,5.0,#,#,#,90.0,#,"2.4000000000000004,9.6",#,"45.6625,111.3375",#,"-4.99,5.99","-16.905,16.905","-1.2250000000000005,7.2250000000000005",#,#,"3.45,10.55","-2.9000000000000004,4.9","45.312,60.488","64.9225,102.6775","33.614000000000004,65.786",#,0.0,#,0.0,#,"53.685,90.315",0.0,#,"2.422,4.978",2023.0,#,"8.25,21.75",1.0,1.0,1.0,1,1.621348864,4985,185,0.5384615384615384,0.0008506565065466726,13,13
0.0,"19.64,38.36",#,2.0,"5.38,14.620000000000001",0.0,#,3.0,1.0,#,#,30.0,4.3,#,"32.980000000000004,55.019999999999996","25.762500000000003,91.4375",1.0,"3.209999999999999,14.19",#,#,"6.4865,10.1135",#,"1.5499999999999998,8.45",#,"66.89200000000001,92.908","67.91550000000001,127.4845",#,#,#,#,#,#,"66.45358735525804,78.675",3.0,#,"3.8259999999999996,5.374",#,#,"12.149999999999999,23.85",1.0,0.1,1.0,1,1.0,780,780,0.5384615384615384,0.0005246597604219697,0,0
#,"12.41,23.59",#,0.0,"-2.4299999999999997,4.43",#,1.0,#,#,#,#,#,4.6,"2.7,8.268030220114484","26.759999999999998,59.24","60.125,95.275",3.0,"-4.8069999999999995,5.8069999999999995","-5.905000000000001,27.905","3.115,6.885",#,#,#,#,#,#,#,2.0,2.0,#,0.0,#,#,#,1.0,#,#,"-0.41000000000000014,6.41","16.05,37.95",0.0,1.0,1.0,1,1.9296000000000002,4927,1327,0.46153846153846156,0.0010123834737102327,9,9
#,#,0.0,0.0,"5.73,14.27",#,1.0,#,4.0,#,#,#,#,"-0.5000000000000004,6.5","13.54,56.46",#,2.0,#,"-14.375,22.375","2.14,7.859999999999999",#,"4.05,7.95",#,#,"70.25399999999999,84.346",#,"28.82,74.78",1.0,#,1.0,#,#,#,#,0.0,"3.456,5.5440000000000005",2024.0,#,"8.05,17.95",0.0,1.0,1.0,2,2.1904000000000003,4672,1472,0.48717948717948717,0.002298429478456565,9,9
1.0,"23.939999999999998,40.06",0.0,2.0,#,0.0,#,#,#,#,1.0,#,#,"5.45,8.55","26.89,61.11",#,#,"-3.541000000000001,6.341000000000001",#,#,#,"3.3207115408842607,8.1","3.2,6.8","3.42,8.58",#,"35.796,96.20400000000001","40.21600000000001,76.984",#,#,0.0,0.0,#,"73.19,110.81",#,#,"3.2939999999999996,5.706",#,"5.425,12.575","18.1,34.24535534166597",0.0,1.0,1.0,1,2.128,4790,1590,0.5128205128205128,0.0011164759701779515,8,8
0.0,"13.94,30.060000000000002",#,0.0,"10.92,17.08",0.0,#,2.0,#,4.0,2.0,#,4.5,"1.7999999999999998,8.2","24.830000000000002,67.17",#,#,"-4.356000000000001,7.356000000000001","-7.535,13.535","2.3200000000000003,11.68",#,#,#,"0.020000000000000018,0.26021187671454227",#,#,#,4.0,2.0,0.0,1.0,"-998.9000000000001,998.9000000000001","78.66499999999999,111.33500000000001",4.0,#,#,#,"4.525,9.475","21.65,36.35",0.0,0.1,1.0,1,1.0,1611,1611,0.6153846153846154,0.0005246597604219697,0,0
1.0,#,0.0,#,#,#,#,3.0,#,#,#,#,4.3,"0.5,3.5",#,"76.625,111.775",1.0,"-5.447500000000001,6.447500000000001",#,#,"2.8794999999999993,6.3205","2.1999999999999997,7.800000000000001","1.35,8.65","2.14,5.859999999999999",#,"23.737014354242344,73.992","51.329,79.67099999999999",0.0,#,0.0,#,"-1676.7250000000001,1676.7250000000001",#,1.0,#,"4.2132483683656545,4.792",2025.0,"1.0950000000000002,8.905",#,0.0,0.1,1.0,1,1.0,1719,1719,0.5384615384615384,0.0005246597604219697,0,0
0.0,#,#,2.0,#,1.0,2.0,7.0,#,#,1.0,#,4.1,"3.55,6.45",#,#,#,#,"-7.25,17.25",#,#,#,"-0.5519502431624679,7.6",#,#,#,"45.165,79.63499999999999",7.0,#,1.0,#,"354.0750000000003,5419.924999999999",#,3.0,#,#,#,"2.645,9.355","10.5,24.009118619454327",0.0,1.0,1.0,1,1.6623999999999999,4976,1776,0.4358974358974359,0.0008721943857254823,8,8
1.0,#,#,0.0,#,#,2.0,6.0,6.0,#,#,50.0,4.2,"2.0,8.0","0.9899999999999984,41.010000000000005","18.712500000000002,73.2875",3.0,"0.37599999999999945,10.624","-0.08500000000000085,16.085",#,#,#,"4.45,9.55",#,"50.244,69.756","60.542,97.458","24.212000000000003,51.788",1.0,#,#,1.0,"2438.0,5292.0","24.665,57.335",#,#,#,2025.0,"0.3500000000000001,3.65","11.1,30.9",0.0,1.0,1.0,1,2.2720000000000002,4768,1968,0.6153846153846154,0.0011920269756787152,7,7
#,#,#,2.0,"1.06,6.9399999999999995",0.0,#,2.0,#,#,2.0,75.0,4.5,"5.5,10.5","22.66,49.34",#,#,"3.8315,10.9685","0.3200000000000003,31.68",#,"4.5005,8.4995",#,"3.8,10.2",#,"71.97,88.22999999999999",#,"31.035,73.165",#,0.0,#,#,"2913.45,7622.55",#,#,2.0,"2.582,4.418",2023.0,#,#,0.0,1.0,1.0,1,2.3600000000000003,4807,2007,0.5128205128205128,0.0012381970345958484,7,7
1.0,#,0.0,#,"-4.97,4.97",#,0.0,#,5.0,#,1.0,#,4.6,"5.0,11.0","22.4,45.6",#,2.0,#,"-9.455,19.455","-0.6150000000000002,8.615",#,"-0.75,4.75",#,"2.6999999999999997,9.3",#,#,#,2.0,#,#,#,#,#,1.0,#,"2.266,4.534",2025.0,#,#,1.0,1.0,1.0,1,2.2720000000000002,4846,2046,0.46153846153846156,0.0011920269756787152,7,7
#,"13.36,20.64",0.0,#,#,1.0,#,2.0,#,4.0,#,#,#,#,"18.279999999999998,57.72","45.962500000000006,89.4375",#,#,#,#,"2.4635,8.1365",#,"4.55,7.45",#,#,#,#,#,5.0,1.0,0.0,#,#,1.0,#,"2.562,4.038",#,#,#,1.0,1.0,1.0,1,1.6144000000000003,4960,2160,0.358974358974359,0.0008470107172252279,8,8
#,#,3.0,#,"-2.62,6.62",#,2.0,#,#,#,#,#,4.6,"4.35,9.65",#,#,1.0,"4.480499999999999,10.5195",#,#,"2.3449999999999993,8.855","0.25,7.75","3.45,8.55","3.2600000000000002,6.74",#,"33.824999999999996,75.775",#,#,5.0,1.0,#,#,"46.875,121.125",2.0,1.0,"2.2239999999999998,3.376",#,#,#,1.0,1.0,1.0,1,2.072,4667,2267,0.46153846153846156,0.001087095023594321,7,7
1.0,"23.41,34.59",2.0,3.0,"9.52,18.48",1.0,#,2.0,#,#,#,75.0,#,"3.65,6.35",#,"5.774999999999999,44.625",1.0,#,#,#,"0.4169999999999998,6.183",#,#,"-0.7199999999999998,6.72",#,"47.6665,92.13350000000001",#,2.0,5.0,1.0,1.0,"3191.675,5974.325",#,#,0.0,#,#,"4.369999999999999,7.155129263365629",#,0.0,0.1,1.0,1,1.0,2306,2306,0.5384615384615384,0.0005246597604219697,0,0
#,#,3.0,0.0,#,#,2.0,#,#,4.0,2.0,#,4.5,#,"12.25,55.75","68.8625,104.07311374869703",2.0,#,"-7.76,15.76",#,#,"1.6,6.4",#,#,"60.35000000000001,87.45","59.259,91.141","40.048,73.752",3.0,3.0,#,#,#,#,#,0.0,"3.8659999999999997,6.134",2024.0,#,"5.85,18.15",0.0,1.0,1.0,1,1.84,4713,2313,0.5128205128205128,0.0009653739591764242,6,6
#,#,3.0,#,"9.129999999999999,14.870000000000001",#,#,#,1.0,#,#,30.0,4.3,"2.95,9.05",#,"51.8,81.39999999999999",#,#,"-0.5750000000000011,16.575000000000003",#,"8.047,11.953","2.45,9.55","2.0,6.0","1.62,10.379999999999999","65.911,97.88900000000001","24.437499999999996,87.3625",#,4.0,#,0.0,#,"-2318.875,2318.875",#,3.0,#,#,#,#,"14.649999999999999,35.35",0.0,1.0,1.0,1,2.4,4741,2341,0.48717948717948717,0.0012591834250127271,7,7
1.0,"26.98,41.02",#,#,#,#,2.0,3.0,1.0,#,1.0,#,#,"3.8,8.2",#,#,#,#,#,"-0.625,2.625","4.960999999999999,9.239",#,#,#,"44.595,74.405","49.26649999999999,93.7335",#,3.0,#,#,#,#,"73.765,126.235",3.0,1.0,"3.9159999999999995,5.284",2024.0,"0.7000000000000002,7.3","15.499999999999998,36.5",0.0,1.0,1.0,1,1.3199999999999998,4801,2401,0.48717948717948717,0.0006925508837569999,6,6
#,"11.8,22.2",#,2.0,"0.6400000000000001,7.359999999999999",#,0.0,0.0,5.0,#,1.0,#,#,"4.95,11.05",#,"46.97500000000001,85.825",2.0,#,#,#,"8.3725,11.6275",#,#,"3.96,8.04",#,#,#,#,#,0.0,1.0,#,#,2.0,#,"4.005999999999999,5.194",#,#,"13.1,32.9",1.0,1.0,1.0,1,1.8800000000000001,4829,2429,0.4358974358974359,0.000986360349593303,6,6
#,#,#,#,"-3.9200000000000004,3.9200000000000004",1.0,0.0,#,1.0,#,#,30.0,4.3,"5.75,10.25",#,#,2.0,"1.7674999999999992,11.8325","-11.68,19.68","1.375,4.625","2.412,5.388",#,"3.25,10.75",#,#,"77.8055,120.59450000000001","26.81,49.78999999999999",1.0,3.0,1.0,0.0,"1366.125,6003.875","23.21,64.78999999999999",2.0,1.0,"3.1279999999999997,5.072",2024.0,"0.040000000000000036,7.96","19.35,40.65",1.0,1.0,1.0,1,2.104,4845,2445,0.6923076923076923,0.0011038841359278242,7,7
0.0,#,0.0,#,"10.29,17.71",#,#,#,#,1.0,#,40.0,#,#,"12.01,29.990000000000002","37.074999999999996,68.525",#,"2.6079999999999997,11.392","-3.455,25.455","3.125,12.875","2.3914999999999993,8.8085","2.9,7.1",#,"-0.4399999999999995,8.44","31.929999999999996,69.87","80.476,107.32400000000001","42.859,63.541000000000004",#,5.0,1.0,0.0,#,#,1.0,1.0,"4.37,5.63",#,"6.085,11.915",#,1.0,1.0,1.0,1,2.2,4850,2450,0.5897435897435898,0.0011542514729283332,7,7
#,#,#,0.0,#,#,#,5.0,4.0,4.0,0.0,90.0,#,#,"22.18,30.089815891525088",#,2.0,#,"-11.23,15.23",#,#,"1.1,6.9",#,#,#,"68.937,97.46300000000001",#,6.0,1.0,#,0.0,"4604.325,7529.675","52.129999999999995,77.87",3.0,0.0,#,#,"-0.08999999999999986,4.09","-1.2999999999999998,11.3",0.0,0.1,1.0,1,1.0,2459,2459,0.5128205128205128,0.0005246597604219697,0,0
#,"10.25,29.75",#,0.0,"-1.3399999999999999,7.34",#,#,3.0,1.0,2.0,1.0,30.0,#,"3.4,6.6","24.95,51.05",#,2.0,#,#,#,#,"0.04999999999999982,3.95",#,#,#,#,"11.588000000000001,60.612",#,0.0,#,#,"1906.6000000000001,5331.4",#,#,3.0,#,#,#,#,0.0,1.0,1.0,1,2.016,4920,2520,0.41025641025641024,0.0010577140770106908,7,7
#,"10.68,27.32",#,#,"1.38,10.620000000000001",1.0,2.0,1.0,#,#,#,60.0,#,#,"15.24,40.76","29.275,60.725",2.0,#,#,"0.27,5.73",#,#,"5.8,10.2","-0.5800000000000001,4.58",#,#,"5.390000000000001,59.010000000000005",0.0,#,#,#,"3228.325,6153.675",#,2.0,0.0,"2.126,3.674",#,#,#,0.0,1.0,1.0,1,1.9600000000000002,4932,2532,0.46153846153846156,0.0010283331304270606,6,6
#,"19.19,28.81",0.0,#,#,#,1.0,5.0,#,#,#,#,#,#,"28.72,47.28",#,5.0,"-3.16,4.16",#,"3.115,6.885",#,"-0.25,6.25","5.25,8.75","-0.96,6.96",#,"36.31549999999999,95.8845","11.475000000000005,68.925",1.0,5.0,1.0,#,"3464.5249999999996,7531.475","19.784999999999997,76.215",1.0,#,#,2025.0,"5.14,10.86","12.55,31.45",0.0,1.0,1.0,1,1.872,4944,2544,0.5641025641025641,0.0009821630715099272,7,7
#,#,#,0.0,"7.9,12.1",#,2.0,#,#,4.0,#,75.0,4.5,#,"14.440000000000001,51.56","58.0625,101.5375",#,"10.106,16.694",#,"1.4649999999999999,6.535",#,#,"2.0,8.0",#,"75.94299999999998,112.257","48.33749999999999,111.2625",#,#,2.0,0.0,0.0,#,#,5.0,2.0,"3.1,4.9",#,#,"-3.250000000000001,7.250000000000001",1.0,1.0,1.0,1,1.6800000000000002,4633,2633,0.5128205128205128,0.0008814283975089091,6,6
1.0,"16.84,25.16",0.0,#,"8.71,15.29",1.0,#,#,#,4.0,#,#,4.6,"1.0,5.0","-1.8500000000000014,35.85","18.4375,78.5625",1.0,"2.1229999999999993,9.077",#,#,"2.8635,8.5365","3.55,10.45","1.55,4.45","6.24,11.76","64.95,92.05",#,"47.346000000000004,76.454",#,#,1.0,0.0,"4529.48927648704,5986.975",#,2.0,1.0,#,2023.0,"10.075,13.925","1.2999999999999998,12.7",1.0,1.0,1.0,1,2.0,4657,2657,0.6666666666666666,0.0010493195208439393,5,5
0.0,"10.64,29.36",#,#,#,#,#,#,1.0,#,#,#,4.3,"5.6,8.4","3.08,30.92","39.2,76.2",5.0,#,#,#,"4.131,10.269","4.7,7.3","1.1,6.9","0.33999999999999986,7.66",#,#,"41.333,78.867",6.0,1.0,#,0.0,"950.1500000000001,5373.85","71.765,124.235",1.0,#,#,#,"3.8649999999999998,10.135","14.8,23.2",1.0,1.0,1.0,1,1.8,4681,2681,0.5384615384615384,0.0009443875687595454,6,6
0.0,#,#,0.0,"-3.08,3.08",#,2.0,#,#,2.0,1.0,#,4.3,#,"25.4,48.6",#,#,"-0.7240000000000002,9.524000000000001","-1.25,23.25","2.6449999999999996,11.355","6.012,8.988",#,#,"-2.38,6.38","43.239999999999995,75.76",#,"41.288,90.312",0.0,0.0,#,1.0,#,#,2.0,2.0,#,2025.0,"-1.0350000000000001,3.035","19.8,28.2",1.0,1.0,1.0,1,1.3199999999999998,4689,2689,0.5897435897435898,0.0006925508837569999,6,6
#,"9.46,24.54",0.0,2.0,"-1.04,9.04",0.0,#,5.0,4.0,#,0.0,90.0,4.6,#,"26.560000000000002,47.44",#,2.0,#,"-8.270000000000001,14.270000000000001","1.4249999999999998,8.575","5.9399999999999995,9.66",#,"2.35,9.65","1.5,4.5","48.11354179569623,96.286","17.33,67.67",#,#,#,#,0.0,#,"58.775,113.225",#,#,"3.69,5.3100000000000005",#,#,"18.6,35.4",0.0,1.0,1.0,2,2.2,4745,2745,0.5897435897435898,0.0023085029458566665,5,5
#,#,#,0.0,"2.6199999999999997,7.380000000000001",#,2.0,#,#,#,#,#,4.6,#,"22.99,63.010000000000005","9.037500000000001,54.3625",1.0,#,"-8.66,24.66","3.2300000000000004,10.77","5.4005,9.3995","3.5,8.5","1.1,6.9",#,"57.940999999999995,73.65899999999999",#,#,3.0,#,#,#,#,"55.625,80.375",#,#,#,#,#,#,0.0,1.0,1.0,1,1.6400000000000001,4757,2757,0.38461538461538464,0.0008604420070920303,6,6
0.0,"12.81,29.189999999999998",0.0,0.0,"2.8200000000000003,13.18",1.0,0.0,#,#,#,1.0,40.0,4.4,#,#,"16.224999999999998,73.575",5.0,#,#,#,"5.505000000000001,8.295","1.5,6.5","3.55,8.45",#,#,"63.6785,94.7215",#,#,#,0.0,0.0,#,"31.775,86.225",#,#,#,2025.0,"1.46,4.54",#,0.0,1.0,1.0,1,1.48,4770,2770,0.5384615384615384,0.0007764964454245151,6,6
#,#,#,#,#,1.0,#,#,2.0,#,#,25.0,4.1,#,#,"29.675,68.525",#,"-3.8410000000000006,6.041",#,#,"3.9144999999999994,8.285499999999999",#,"4.306965615461432,8.9","-1.38,7.38",#,#,#,#,#,1.0,#,"1751.3999999999999,4034.6000000000004","33.754999999999995,84.245",5.0,#,"2.7119999999999997,5.088",#,#,"-0.75,12.75",1.0,1.0,1.0,1,2.4,4788,2788,0.38461538461538464,0.0012591834250127271,5,5
#,#,#,0.0,"5.71,12.29",#,#,#,#,#,1.0,#,4.3,#,"31.75,46.25",#,4.0,#,"-4.33,12.33","-3.575,3.575","4.005000000000001,6.795","1.6999999999999997,8.3","1.5499999999999998,8.45","0.8799999999999999,7.12","61.217999999999996,63.16941762565426",#,#,3.0,#,#,1.0,"116.40000000000009,5253.6",#,#,1.0,#,2024.0,"-1.2999999999999998,5.3","-6.200000000000001,14.200000000000001",0.0,0.1,1.0,1,1.8,2792,2792,0.5128205128205128,0.0009443875687595454,0,0
1.0,"18.03,35.97",#,3.0,#,#,0.0,1.0,0.0,4.0,2.0,#,4.7,#,#,"-3.0749999999999993,61.675",4.0,"6.397499999999999,12.8025","1.3849999999999998,14.615",#,#,#,#,"0.43999999999999995,3.56","55.797999999999995,89.40199999999999","63.6735,86.3265",#,#,2.0,#,0.0,"-2104.825,2104.825",#,#,2.0,#,#,#,"18.25,31.75",0.0,1.0,1.0,1,1.6400000000000001,4853,2853,0.5384615384615384,0.0008604420070920303,6,6
#,"26.75,33.25",#,#,#,#,#,#,2.0,#,#,#,4.1,#,"21.11,44.89","20.812500000000004,75.3875",3.0,"5.1995,13.8005",#,"2.79,7.21",#,"2.75,6.66712910808633",#,"0.14000000000000012,3.86","54.305,78.695","35.6055,78.3945",#,2.0,#,0.0,1.0,#,#,#,#,#,#,#,"11.35,28.303152837987675",0.0,1.0,1.0,1,2.4,4864,2864,0.41025641025641024,0.0012591834250127271,5,5
#,"21.23,28.77",#,0.0,#,#,2.0,#,1.0,2.0,1.0,#,4.3,"0.3500000000000001,7.65","-1.950000000000001,29.950000000000003",#,0.0,#,"-8.025,14.025","2.27,7.73","3.042499999999999,8.1575","1.5999999999999996,8.4",#,#,"54.198,87.80199999999999",#,#,#,#,#,#,#,#,1.0,1.0,"4.046,5.954",#,"10.075,13.925","4.9,27.1",0.0,1.0,1.0,2,1.52,4865,2865,0.5128205128205128,0.0015949656716827878,6,6
1.0,#,2.0,#,"7.45,16.55",1.0,2.0,0.0,#,#,#,45.0,4.6,"0.10000000000000009,3.381308810901552",#,"47.0770566582065,102.67500000000001",3.0,"3.6125000000000003,8.1875",#,"-0.6150000000000002,8.615","4.7444999999999995,7.2555000000000005",#,"4.699999999999999,9.3","-0.9000000000000004,6.9","56.05,83.14999999999999",#,#,1.0,5.0,#,0.0,#,"4.695,43.305",#,#,"3.2359999999999998,4.9639999999999995",#,#,"1.1499999999999995,12.850000000000001",1.0,1.0,1.0,1,2.4,4933,2933,0.5897435897435898,0.0012591834250127271,5,5
1.0,#,#,#,"0.1299999999999999,5.87",#,#,#,5.0,4.0,1.0,#,#,#,#,#,4.0,#,"-16.395,18.395",#,#,#,#,"-0.5999999999999996,6.6","55.699,81.95400000000001","33.236999999999995,61.763000000000005",#,1.0,#,#,#,#,#,#,#,#,2025.0,#,#,0,0.0,0.0,1,2.2,2941,2941,0.3076923076923077,0.0011542514729283332,0,5
#,"15.11,28.89",1.0,1.0,#,0.0,2.0,3.0,1.0,#,#,30.0,#,#,"5.41,46.59","29.712499999999995,76.8875",#,"0.3694999999999995,12.630500000000001","-5.33,11.33","2.115,5.885","6.744999999999999,13.255","0.2999999999999998,7.7","1.75,8.25",#,"40.466,69.73400000000001","36.964,77.236",#,4.0,#,#,#,"809.4249999999997,5732.575000000001","66.725,111.275",#,1.0,"4.37,5.63",#,"4.14,9.86","11.35,20.65",0.0,1.0,1.0,1,2.4,4970,2970,0.6410256410256411,0.0012591834250127271,5,5
#,"16.37,29.63",2.0,1.0,#,#,2.0,6.0,#,#,#,#,4.2,"1.4500000000000002,6.55","15.209999999999999,44.79","18.1625,54.237500000000004",#,#,#,#,"5.7565,11.243500000000001","4.3,7.7","1.85,6.15",#,"44.569,77.631",#,#,#,#,1.0,0.0,#,"59.21,100.78999999999999",1.0,#,#,#,#,"12.2,21.8",1.0,1.0,1.0,1,1.5,4603,3003,0.46153846153846156,0.0007869896406329544,4,4
#,#,#,2.0,"9.08,14.799108543610762",0.0,2.0,3.0,#,2.0,1.0,#,4.3,#,#,#,#,#,#,#,#,#,"3.85,10.15",#,"62.211999999999996,77.388","36.30799999999999,83.292","19.18,49.82",#,#,1.0,0.0,"1860.35,4571.65",#,1.0,2.0,"2.88,4.32",2024.0,"9.36,14.64",#,0.0,1.0,1.0,1,2.25,4610,3010,0.5128205128205128,0.0011804844609494317,4,4
0.0,"14.45,23.55",#,#,"3.13,8.870000000000001",#,2.0,#,2.0,0.0,1.0,#,4.1,"5.35,10.65","28.17,43.83","42.237500000000004,109.76249999999999",1.0,"-3.343,4.343","-4.37,8.370000000000001","3.31,6.6899999999999995",#,"0.75,7.25",#,#,#,"38.134499999999996,62.4655",#,2.0,1.0,#,#,#,#,#,0.0,#,#,"1.04,8.96",#,1.0,1.0,1.0,1,2.25,4619,3019,0.5384615384615384,0.0011804844609494317,4,4
#,"20.06,29.94",#,#,"-4.06,4.06",1.0,0.0,#,#,#,0.0,90.0,#,"3.3499999999999996,6.65",#,"59.974999999999994,113.625",2.0,"-2.9770000000000003,3.9770000000000003","-6.004999999999999,18.005","6.18,9.82",#,#,#,"3.42,8.58",#,#,"47.563,77.437",3.0,0.0,#,#,"4326.125,8963.875","46.675,81.325",1.0,0.0,#,#,"-0.595,2.5949999999999998",#,1.0,1.0,1.0,1,2.75,4634,3034,0.5384615384615384,0.0014428143411604165,4,4
1.0,"25.23,32.769999999999996",0.0,2.0,#,1.0,#,0.0,#,#,#,#,4.6,#,#,#,#,#,#,#,#,#,"2.45,5.55",#,#,#,#,#,1.0,1.0,0.0,#,#,4.0,#,#,#,"4.8,9.2","17.4,30.6",1.0,1.0,1.0,2,1.4,4651,3051,0.358974358974359,0.001469047329181515,5,5
0.0,"9.77,28.23",0.0,#,#,#,#,#,#,#,1.0,30.0,4.3,#,#,"46.0,83.0",#,"-2.5135000000000005,10.1135",#,"1.855,6.145","1.4864999999999997,5.1135",#,"3.6999999999999997,8.3",#,"36.634,61.566",#,"22.024000000000004,77.176",1.0,1.0,1.0,#,#,#,#,#,"4.005999999999999,5.194",#,#,#,1.0,1.0,1.0,1,1.75,4662,3062,0.4358974358974359,0.0009181545807384469,4,4
0.0,#,0.0,0.0,#,#,0.0,3.0,1.0,#,#,#,4.3,#,#,#,2.0,#,"-9.31,9.31",#,"5.223999999999998,11.176",#,"5.3,10.7","-1.0200000000000005,7.0200000000000005",#,"42.939499999999995,75.6605",#,2.0,#,#,#,"1795.2749999999999,5148.725","8.865000000000002,81.13499999999999",1.0,0.0,#,2024.0,#,"17.1,30.9",0.0,1.0,1.0,1,2.25,4690,3090,0.5128205128205128,0.0011804844609494317,4,4
#,"23.41,34.59",#,3.0,"9.52,18.48",1.0,#,2.0,#,#,#,#,#,"3.65,6.35",#,"5.774999999999999,44.625",1.0,"-3.7090000000000005,4.7090000000000005",#,#,"0.4169999999999998,6.183",#,#,"-0.7199999999999998,6.72",#,"47.6665,84.19186896673128",#,2.0,5.0,1.0,1.0,"3191.675,5974.325",#,#,0.0,#,#,"4.369999999999999,11.63",#,0.0,1.0,1.0,1,1.75,4706,3106,0.48717948717948717,0.0009181545807384469,4,4
0.0,#,#,#,#,#,0.0,#,5.0,4.0,#,45.0,4.6,#,#,#,#,"-6.1795,7.1795","-3.495000000000001,21.495",#,"1.9519999999999995,8.648","-0.7000000000000002,4.7","4.9,11.1","-0.3799999999999999,8.379999999999999","58.331,79.46900000000001",#,"33.259,53.941",3.0,1.0,#,0.0,"2606.7,5175.3",#,0.0,0.0,#,2025.0,"5.425,12.575",#,1.0,1.0,1.0,1,2.5,4753,3153,0.5641025641025641,0.001311649401054924,4,4
0.0,#,#,0.0,"10.821619207722488,18.97",#,2.0,0.0,5.0,4.0,#,#,4.6,"2.45,7.55","20.560000000000002,41.44","64.0875,120.51249999999999",0.0,"7.591,16.009","-10.25,14.25",#,"0.4379999999999997,6.7620000000000005",#,"1.5499999999999998,8.45","2.6399999999999997,9.36","58.455999999999996,93.144",#,"56.125,75.275",3.0,1.0,#,#,"3171.45,5026.55","-0.34500000000000064,30.345",1.0,2.0,"2.586,5.214",2024.0,"10.515,13.485",#,1.0,1.0,1.0,2,1.5,4765,3165,0.717948717948718,0.0015739792812659089,4,4
1.0,"19.8,30.2",#,#,#,#,#,#,7.0,#,1.0,#,#,"3.5,8.5","12.25,55.75","69.4375,114.76249999999999",#,#,#,"1.58,10.42",#,#,#,#,#,"40.476499999999994,101.7235","52.012,79.588",7.0,#,#,#,"1879.7749999999996,6660.225","39.875,114.125",6.0,3.0,#,2023.0,#,"1.200000000000001,22.799999999999997",0.0,1.0,1.0,1,2.0,4769,3169,0.4358974358974359,0.0010493195208439393,4,4
1.0,#,0.0,#,#,#,2.0,#,#,4.0,#,#,#,#,#,#,5.0,#,"-1.6600000000000001,31.66","-0.1200000000000001,6.12","2.7984999999999998,9.401499999999999",#,#,#,"67.137,95.863",#,#,#,#,#,#,"-187.42499999999995,3451.425","73.765,126.235",#,#,"2.058,4.542",2025.0,#,#,1.0,1.0,1.0,1,2.25,4773,3173,0.3333333333333333,0.0011804844609494317,4,4
#,"30.89,43.11",#,3.0,#,#,#,1.0,#,4.0,#,60.0,4.7,#,"0.41000000000000014,41.59","19.725,69.67500000000001",#,#,#,"-1.0550000000000002,5.055","6.932999999999999,10.466999999999999","2.0,6.0",#,#,"55.51800000000001,78.28200000000001",#,#,4.0,#,#,#,#,#,#,#,"2.86,3.94",2025.0,#,"-2.5999999999999996,16.6",1.0,1.0,1.0,2,1.75,4805,3205,0.41025641025641024,0.0018363091614768939,4,4
0.0,#,#,#,#,#,#,2.0,3.0,4.0,2.0,75.0,#,#,"28.08,55.92",#,#,"3.359,13.241000000000001","0.17999999999999972,24.630638794617802",#,#,#,#,"-3.9000000000000004,3.9000000000000004",#,#,"25.259,61.644000000000005",3.0,3.0,#,#,#,#,6.0,3.0,#,#,"7.24,10.76","19.25,38.75",1.0,1.0,1.0,1,2.0,4817,3217,0.4358974358974359,0.0010493195208439393,4,4
#,#,0.0,#,#,0.0,#,#,3.0,#,2.0,75.0,4.5,"3.7,6.3","22.11,45.89","7.712499999999999,77.0875",#,"3.4125,7.987500000000001","4.385,17.615000000000002",#,#,"2.4,7.6","3.5999999999999996,6.4",#,#,"82.6565,110.3435",#,7.0,#,1.0,#,#,"57.24,104.75999999999999",1.0,1.0,#,#,"5.305,10.695",#,0.0,1.0,1.0,1,1.6,4818,3218,0.5128205128205128,0.0008394556166751515,5,5
1.0,#,#,0.0,#,1.0,2.0,#,1.0,#,1.0,30.0,#,"2.5,7.5",#,#,#,"-0.5795000000000003,12.779499999999999",#,#,#,"2.2,5.8",#,#,#,#,"40.563,70.437",3.0,#,1.0,0.0,"995.0999999999999,5846.9",#,2.0,0.0,#,#,#,"9.1,16.9",1.0,1.0,1.0,2,1.75,4822,3222,0.46153846153846156,0.0018363091614768939,4,4
#,"17.810000000000002,34.19",3.0,0.0,#,1.0,#,1.0,0.0,#,2.0,#,#,#,"8.92,39.08","36.099999999999994,80.5",5.0,#,"-3.8600000000000003,9.86","3.53,8.47",#,"1.0500000000000003,6.949999999999999",#,"-3.2,5.2","63.399,80.201",#,"30.748,64.452",#,2.0,#,#,"-2104.825,2104.825",#,1.0,1.0,#,2024.0,"1.9749999999999996,8.025",#,0.0,1.0,1.0,1,1.4,4825,3225,0.5641025641025641,0.0007345236645907575,5,5
0.0,"17.36,24.64",0.0,3.0,#,1.0,2.0,3.0,1.0,2.0,#,30.0,#,"5.25,10.75",#,"56.675000000000004,125.125",#,"-2.1534999999999997,3.1534999999999997","-6.84,8.84",#,"4.552,11.248000000000001",#,"1.25,8.75",#,#,#,#,#,3.0,#,#,#,"43.705,84.295",#,0.0,"3.3759999999999994,5.824",2023.0,#,#,0.0,1.0,1.0,1,1.75,4843,3243,0.5384615384615384,0.0009181545807384469,4,4
1.0,#,#,2.0,#,#,2.0,#,5.0,#,#,#,#,#,"29.759999999999998,62.24","28.487500000000004,84.9125",#,"10.055668044621846,10.400500000000001",#,"1.2300000000000004,8.77",#,#,#,#,#,#,"55.08200000000001,90.318",3.0,#,1.0,0.0,#,#,3.0,1.0,#,#,#,"19.7,32.3",1.0,0.1,1.0,1,1.0,3249,3249,0.38461538461538464,0.0005246597604219697,0,0
0.0,"19.509999999999998,38.49",#,#,#,#,#,7.0,#,0.0,1.0,25.0,4.1,#,"21.72,40.28","77.4375,115.36250000000001",3.0,#,"-8.76,14.76","-0.18500000000000005,6.1850000000000005","4.297999999999999,6.902",#,#,"-1.2400000000000002,5.24",#,"42.015,67.185","53.478,79.522",#,#,1.0,0.0,"1546.625,4757.375","42.824999999999996,107.17500000000001",2.0,2.0,#,2023.0,"10.515,13.485",#,0.0,1.0,1.0,1,2.75,4869,3269,0.6153846153846154,0.0014428143411604165,4,4
#,"14.77,33.230000000000004",1.0,0.0,"-2.58637919968131,5.92",1.0,2.0,#,1.0,#,#,30.0,4.3,#,#,#,1.0,"-3.526,4.526","-25.3686777875166,8.085","5.4,10.6",#,#,"4.2,6.921253494106544","0.14000000000000012,3.86",#,#,#,1.0,2.0,0.0,0.0,#,#,2.0,1.0,#,2024.0,"6.630792308409125,11.07",#,0.0,1.0,1.0,1,2.0,4894,3294,0.5897435897435898,0.0010493195208439393,4,4
0.0,"24.54,35.46",3.0,0.0,#,1.0,2.0,5.0,#,4.0,#,#,4.6,#,#,#,2.0,#,#,#,"3.3865,7.0135000000000005","4.0,11.66979736100551",#,"-2.5,6.5","49.646,89.754",#,#,1.0,5.0,#,0.0,"4315.1,9166.9","49.785,106.215",#,0.0,"4.388,5.612",#,#,"19.9,36.1",0.0,1.0,1.0,1,1.5,4896,3296,0.5641025641025641,0.0007869896406329544,4,4
#,#,#,0.0,"9.92,16.08",0.0,2.0,#,#,#,#,90.0,4.6,"2.3499999999999996,5.65",#,#,1.0,"-0.3110000000000004,5.911",#,#,#,"0.4500000000000002,7.55","2.45,9.55",#,"76.292,102.30799999999999",#,"18.135,60.265",#,#,1.0,#,"5033.625,8244.375",#,1.0,0.0,"2.5039999999999996,5.096",#,"5.515,8.485",#,0.0,1.0,1.0,1,1.6,4904,3304,0.48717948717948717,0.0008394556166751515,5,5
0.0,#,#,#,"7.22,14.780000000000001",1.0,2.0,#,0.0,#,2.0,60.0,4.7,"3.6,8.4",#,#,1.0,#,#,"1.2300000000000004,8.77","5.937999999999999,12.262",#,"2.65,7.35",#,"69.81099999999999,101.789","48.1665,92.63350000000001",#,4.0,#,#,#,#,#,1.0,#,#,#,"-1.2000000000000002,3.2","12.6,29.4",0.0,1.0,1.0,1,2.5,4907,3307,0.48717948717948717,0.001311649401054924,4,4
#,#,#,#,#,#,2.0,3.0,#,#,#,#,#,"2.8,9.2",#,#,2.0,#,#,"2.1,9.9",#,#,#,#,#,#,#,#,#,#,0.0,#,#,3.0,#,#,#,#,#,0.0,1.0,1.0,1,2.0,4910,3310,0.1794871794871795,0.0010493195208439393,4,4
0.0,#,#,0.0,#,0.0,1.0,#,#,4.0,1.0,45.0,#,"1.35,8.65",#,"48.849999999999994,111.75",#,"-2.8855,3.8855",#,"2.3200000000000003,11.68","2.2495,7.550500000000001","2.9499999999999997,7.050000000000001","2.1,7.9","1.42,6.58","76.146,116.254",#,#,2.0,#,#,1.0,"2164.3,5303.7",#,#,1.0,#,2025.0,#,#,0.0,1.0,1.0,1,1.6,4921,3321,0.5384615384615384,0.0008394556166751515,5,5
0.0,#,#,#,"3.3099999999999996,12.690000000000001",#,#,#,#,0.0,#,#,#,"4.05,7.95",#,#,3.0,"-2.758,6.758",#,"-2.8099999999999996,6.81","0.7329999999999999,4.267","2.75,7.25",#,"1.96,6.04","65.05600000000001,99.744","38.364000000000004,78.636","34.907000000000004,89.293",2.0,5.0,1.0,#,"1595.05,4020.95","49.14,76.86",3.0,#,"3.008,4.592",#,"1.525,6.475",#,1.0,1.0,1.0,1,1.6,4926,3326,0.5384615384615384,0.0008394556166751515,5,5
#,#,0.0,2.0,#,#,#,1.0,#,4.0,2.0,60.0,4.7,"0.10000000000000009,5.9","29.85,50.15","27.6125,74.78750000000001",#,#,#,"4.335,9.665","8.291,10.709",#,#,#,"49.79900000000001,66.601","34.7835,74.2165",#,3.0,#,#,#,"3995.725,6350.275",#,#,1.0,"3.8099999999999996,5.79",2024.0,"6.205,13.795",#,0.0,1.0,1.0,1,2.0,4929,3329,0.5128205128205128,0.0010493195208439393,4,4
#,#,3.0,#,"3.8200000000000003,12.053998412775712",#,#,#,#,#,1.0,#,4.1,#,#,#,#,#,#,"4.245,7.755",#,"1.75,6.25","3.65,8.35","-3.7800000000000002,3.7800000000000002",#,"49.9105,101.0895",#,2.0,#,0.0,0.0,#,"64.24000000000001,111.75999999999999",4.0,2.0,#,2024.0,#,#,0.0,1.0,1.0,2,2.5,4968,3368,0.41025641025641024,0.002623298802109848,4,4
#,"11.98,26.02",#,#,"-5.04,5.04",1.0,#,#,5.0,4.0,1.0,45.0,4.6,"5.6,8.4",#,"44.825,72.575",4.0,#,#,"-0.22500000000000053,8.225000000000001","4.317,10.083","5.15,8.85",#,"1.3199999999999998,4.68",#,"55.43449999999999,79.76549999999999",#,2.0,#,1.0,0.0,"2096.225,5877.775","78.22,121.78",3.0,#,#,2025.0,"-1.96,5.96","11.899999999999999,28.1",0.0,1.0,1.0,2,1.5,4980,3380,0.6410256410256411,0.0015739792812659089,4,4
#,"10.81,27.189999999999998",1.0,2.0,#,0.0,2.0,1.0,0.0,4.0,2.0,#,4.7,"-0.20000000000000018,6.2","20.72,36.8831820049592","31.875,78.125",#,"-5.9965,6.9965",#,#,"1.4169999999999998,7.183","7.228009899422042,11.1","-1.4500000000000002,3.45","3.2600000000000002,6.74",#,"46.869,95.531","50.884,90.716",0.0,4.0,0.0,#,"-400.5,3880.5","35.635,62.365",3.0,#,#,#,#,"-7.550000000000001,9.55",1.0,1.0,1.0,1,1.75,4993,3393,0.6923076923076923,0.0009181545807384469,4,4
0.0,#,0.0,#,#,#,#,#,0.0,#,2.0,#,#,"4.75,9.25","11.440000000000001,48.56","72.025,99.775",1.0,"6.3100000000000005,17.29",#,"4.125,13.875","3.6424999999999996,8.7575","4.4,9.6",#,#,"90.115,109.085","50.07849999999999,81.1215",#,5.0,5.0,1.0,0.0,#,#,#,#,#,2023.0,#,"18.05,27.95",1.0,1.0,1.0,2,2.25,4997,3397,0.5128205128205128,0.0023609689218988634,4,4
#,"32.55,49.45",#,#,#,#,#,3.0,#,2.0,#,#,4.3,"0.5999999999999996,7.4",#,#,3.0,#,#,#,#,"1.6,6.4",#,"2.9200037191056625,4.96","59.417,98.983","62.137,90.66300000000001","36.512,64.088",#,5.0,1.0,0.0,#,"26.745,75.255",2.0,0.0,#,#,"-2.465,4.465",#,0.0,0.1,1.0,1,1.8,3435,3435,0.46153846153846156,0.0009443875687595454,0,0
1.0,#,2.0,0.0,"4.239999999999999,7.468078173648586",1.0,0.0,#,0.0,#,#,60.0,4.7,#,#,#,2.0,"-5.2645,6.2645",#,"2.31,5.6899999999999995","5.568,10.032","0.5999999999999996,7.4","3.6,8.4",#,#,"50.781000000000006,86.019",#,#,#,#,#,"-2283.2000000000003,2283.2000000000003","24.31,85.69",4.0,0.0,#,2025.0,"4.645,11.355",#,0.0,0.1,1.0,1,1.4,3449,3449,0.5641025641025641,0.0007345236645907575,0,0
0.0,"23.46,38.54",#,2.0,#,0.0,#,#,#,#,1.0,40.0,4.4,"1.9499999999999997,6.050000000000001","32.31,67.69",#,1.0,"-0.4090000000000007,8.009",#,#,"5.425999999999999,8.774","3.0500000000000003,8.95","0.4500000000000002,7.55","-1.2400000000000002,5.24",#,#,"44.842,64.758",2.0,1.0,1.0,#,"3073.75,5214.25","46.21,87.78999999999999",#,0.0,#,#,"5.36,10.64","-1.4499999999999993,17.45",0.0,1.0,1.0,1,1.25,4650,3450,0.6153846153846154,0.000655824700527462,4,4
#,#,#,#,"3.13,8.870000000000001",#,2.0,#,#,#,2.0,75.0,#,#,"20.15,57.85","46.77499999999999,100.425",#,#,#,"-1.315,5.3149999999999995",#,"4.6,7.4",#,#,"67.63399999999999,92.566",#,"48.596999999999994,80.003",8.0,#,1.0,0.0,"4221.55,8074.45",#,1.0,1.0,#,2025.0,"1.645,8.355",#,1.0,1.0,1.0,1,2.3333333333333335,4652,3452,0.46153846153846156,0.0012242061076512625,3,3
#,"14.38,33.62",0.0,#,#,0.0,0.0,1.0,#,#,#,60.0,#,"2.7,5.3",#,#,2.0,#,"-14.209999999999999,14.209999999999999","-0.8099999999999996,8.809999999999999","5.6819999999999995,10.518",#,#,"2.54,7.46",#,"57.515499999999996,117.08449999999999",#,#,3.0,1.0,#,"3270.2,7265.8",#,#,#,"2.6,4.4",2023.0,"6.8100000000000005,13.19",#,0.0,1.0,1.0,1,1.6666666666666667,4656,3456,0.48717948717948717,0.0008744329340366161,3,3
0.0,#,0.0,0.0,#,#,#,#,#,4.0,#,45.0,4.6,#,"15.43,34.57",#,#,"-4.441000000000001,5.441000000000001","26.32,57.68","4.595000000000001,9.405","4.2725,7.527500000000001","1.25,6.75","2.8,10.06255801415653",#,#,#,#,2.0,#,#,#,#,#,2.0,1.0,#,2024.0,#,"-4.0,14.0",1.0,1.0,1.0,1,1.6666666666666667,4665,3465,0.46153846153846156,0.0008744329340366161,3,3
0.0,#,#,2.0,#,#,1.0,2.0,#,4.0,#,75.0,#,"-0.5,4.5",#,#,3.0,"-5.862500000000001,7.862500000000001",#,"2.1900000000000004,11.809999999999999","4.668,9.132000000000001",#,"0.8500000000000001,5.15",#,#,"26.729999999999997,77.07",#,#,#,0.0,0.0,#,"34.754999999999995,85.245",1.0,1.0,#,2025.0,"5.095000000000001,12.905",#,1.0,1.0,1.0,1,2.3333333333333335,4676,3476,0.5128205128205128,0.0012242061076512625,3,3
0.0,"13.76,26.240000000000002",4.0,0.0,"6.359999999999999,13.64",1.0,#,7.0,2.0,0.0,#,#,#,#,#,"-3.362499999999997,64.1625",3.0,#,"-0.33000000000000007,16.33","-1.5500000000000007,7.550000000000001","1.8469999999999998,5.753",#,#,#,#,"65.352,119.048","33.171,81.429",0.0,#,1.0,#,#,"60.14,87.86",1.0,0.0,"2.218,3.982",2024.0,"5.58,10.42",#,1.0,1.0,1.0,1,1.75,4677,3477,0.6153846153846154,0.0009181545807384469,4,4
#,"12.03,29.97",#,2.0,"4.41,9.59",0.0,0.0,#,#,4.0,1.0,#,4.6,"-0.1499999999999999,4.15","29.46,44.54","44.85,78.15",#,"0.5779999999999994,13.022",#,#,#,"4.7,7.3","1.7999999999999998,6.2","0.48,5.52",#,"46.159,78.041",#,#,#,#,0.0,#,"62.665,95.33500000000001",#,#,"3.812,6.188000000000001",2025.0,"4.36,9.64","18.15,29.85",1.0,1.0,1.0,1,2.0,4680,3480,0.5641025641025641,0.0010493195208439393,3,3
1.0,"21.8,32.2",#,0.0,"2.6199999999999997,7.380000000000001",0.0,0.0,#,#,#,2.0,#,4.7,#,"7.790000000000001,53.73401157428516",#,#,"2.5374999999999996,16.262500000000003",#,#,"3.0449999999999995,9.555","0.10000000000000009,5.9",#,#,"51.192,77.208",#,#,2.0,4.0,0.0,#,"-727.1499999999996,3411.1499999999996","26.25,75.75",#,#,#,2024.0,#,"13.600000000000001,24.4",0.0,1.0,1.0,1,1.6666666666666667,4693,3493,0.5128205128205128,0.0008744329340366161,3,3
#,#,#,0.0,#,1.0,0.0,3.0,1.0,#,1.0,30.0,4.3,"0.55,3.45","22.34,53.66",#,#,#,"-6.475000000000001,15.039097233297799","-3.16,5.16",#,"2.75,9.25",#,"-0.06000000000000005,11.586247976349263",#,"46.714999999999996,71.88499999999999","54.346000000000004,83.45400000000001",#,1.0,#,#,"1466.1750000000002,5675.825","73.19,110.81",1.0,#,#,2024.0,"-0.9049999999999998,6.904999999999999","11.45,22.55",1.0,1.0,1.0,1,2.3333333333333335,4694,3494,0.5897435897435898,0.0012242061076512625,3,3
#,"30.32,39.68",#,0.0,#,#,#,#,4.0,#,0.0,#,#,#,"36.59,53.41",#,#,#,"-13.23,13.23","1.9449999999999998,8.055",#,"-0.7000000000000002,6.7",#,"-0.6800000000000002,2.68",#,#,#,#,5.0,1.0,0.0,#,"69.14,96.86",3.0,#,#,2025.0,#,#,1.0,1.0,1.0,2,2.0,4707,3507,0.38461538461538464,0.0020986390416878786,3,3
1.0,"23.25,42.75",#,2.0,#,#,2.0,5.0,#,4.0,#,#,4.6,#,"-17.43877267288898,42.11",#,3.0,#,#,"1.3599999999999994,12.637707540488467","4.6635,10.336500000000001",#,"0.050000000000000266,5.949999999999999",#,#,#,"42.784000000000006,82.616",#,0.0,1.0,0.0,"3635.7999999999997,8202.2",#,8.0,#,#,#,#,"8.85,27.15",0,0.0,0.0,1,2.0,3508,3508,0.48717948717948717,0.0010493195208439393,0,3
#,#,0.0,0.0,#,0.0,0.0,#,#,4.0,2.0,#,#,"2.4999999999999996,9.5",#,#,3.0,"-5.173,6.173","-4.35,10.35",#,#,"1.2000000000000002,4.8","4.25,9.75","1.12,6.88",#,"33.656499999999994,61.343500000000006","4.889999999999997,58.510000000000005",2.0,1.0,#,#,"2954.4249999999997,7877.575000000001",#,1.0,#,#,#,#,#,0.0,1.0,1.0,1,3.6666666666666665,4715,3515,0.48717948717948717,0.0019237524548805552,3,3
1.0,#,#,#,"6.6525295563399425,15.45",1.0,2.0,#,7.0,1.0,1.0,40.0,4.4,#,#,#,0.0,#,"-14.455,14.455","0.46499999999999986,5.535",#,#,#,"1.08,4.92","85.241,100.95899999999999",#,"50.580000000000005,81.22",#,#,1.0,#,#,"50.655,81.345",#,#,#,2025.0,"5.46,8.54","6.0,18.0",1.0,1.0,1.0,2,1.6666666666666667,4731,3531,0.5128205128205128,0.0017488658680732323,3,3
1.0,#,#,2.0,#,0.0,0.0,6.0,#,#,#,#,#,#,"36.69,59.31","27.25,82.75",#,"7.691305869635722,10.911",#,#,#,#,#,#,"60.295,90.105","36.003,74.597","47.659,68.341",2.0,#,0.0,0.0,#,#,0.0,#,"1.92,4.08",#,#,#,1.0,1.0,1.0,1,1.6666666666666667,4734,3534,0.41025641025641024,0.0008744329340366161,3,3
#,#,0.0,0.0,#,#,0.0,#,4.0,#,#,#,#,"2.25,5.75","22.6,57.4",#,0.0,"-3.2515000000000005,6.9241070179606465","-12.68,18.68",#,"4.391499999999999,10.8085","4.050000000000001,9.95","0.75,5.25","1.48,6.52",#,"72.24449999999999,113.3555","28.707,83.09299999999999",#,#,#,#,#,#,#,0.0,#,2024.0,#,"15.755084484620056,39.05",1.0,1.0,1.0,1,1.6666666666666667,4738,3538,0.46153846153846156,0.0008744329340366161,3,3
0.0,#,#,0.0,#,1.0,0.0,#,#,#,#,40.0,#,#,"18.009999999999998,35.99",#,1.0,#,#,#,"4.3075,8.4925",#,"11.25,13.663712509444268",#,#,"34.20049999999999,68.5995",#,4.0,5.0,#,0.0,"2634.725,4989.275","15.764999999999997,68.235",#,#,"3.098,4.502",2025.0,"1.2049999999999996,8.795","7.3,18.7",1.0,0.1,1.0,1,1.5,3540,3540,0.48717948717948717,0.0007869896406329544,0,0
#,#,#,3.0,"9.149999999999999,16.85",1.0,#,7.0,#,#,#,#,4.1,"6.05,9.95",#,"50.1875,91.8125",1.0,#,"-11.23,15.23","4.6850000000000005,11.315","3.0704999999999996,8.9295","3.6999999999999997,8.3",#,"-0.6600000000000001,6.66",#,"58.391000000000005,110.409",#,#,#,1.0,#,#,"45.685,82.315",8.0,2.0,"4.442,5.558",2024.0,"-0.43000000000000016,2.43",#,0,0.0,0.0,1,2.3333333333333335,3547,3547,0.5384615384615384,0.0012242061076512625,0,3
1.0,#,#,#,#,#,2.0,7.0,2.0,#,#,25.0,4.1,#,#,#,4.0,#,#,"2.7249999999999996,7.275",#,#,"3.5,8.5",#,#,#,#,#,5.0,1.0,0.0,#,#,2.0,#,#,#,#,#,1.0,1.0,1.0,1,1.6666666666666667,4758,3558,0.3333333333333333,0.0008744329340366161,3,3
1.0,#,#,0.0,#,#,2.0,6.0,6.0,#,#,50.0,4.2,"2.0,8.0","0.9899999999999984,41.010000000000005","18.712500000000002,73.2875",3.0,"0.37599999999999945,10.624","-0.08500000000000085,16.085",#,#,#,"4.45,9.55",#,"50.244,69.756","60.542,97.458","32.09183984515206,51.788",#,#,#,1.0,"2438.0,5292.0","24.665,57.335",#,#,#,2025.0,"0.3500000000000001,3.65","11.1,30.9",0.0,1.0,1.0,1,2.6666666666666665,4768,3568,0.5897435897435898,0.0013990926944585857,3,3
0.0,"19.64,38.36",#,2.0,"5.38,14.620000000000001",0.0,#,3.0,1.0,#,#,30.0,4.3,#,"32.980000000000004,55.019999999999996","25.762500000000003,91.4375",1.0,"3.209999999999999,14.19",#,#,#,#,"1.5499999999999998,8.45",#,"66.89200000000001,92.908","67.91550000000001,127.4845",#,#,#,#,#,#,"78.675,113.325",3.0,#,"3.8259999999999996,5.374",#,#,"10.566807348129284,23.85",1.0,1.0,1.0,1,2.0,4780,3580,0.5128205128205128,0.0010493195208439393,3,3
#,"8.68,25.32",#,1.0,#,1.0,#,#,#,4.0,#,#,#,#,"10.41,51.59","17.392147594219274,66.85",6.0,#,"-13.72,13.72",#,"7.479499999999999,10.920499999999999","3.6,8.4",#,#,#,"25.629999999999995,75.97",#,2.0,2.0,0.0,0.0,#,"15.625,40.375",2.0,0.0,"2.85,5.550000000000001",2024.0,"4.8100000000000005,11.19",#,1.0,1.0,1.0,1,2.6666666666666665,4784,3584,0.5384615384615384,0.0013990926944585857,3,3
0.0,"39.49,46.51",#,2.0,"9.239999999999998,18.76",0.0,2.0,1.0,0.0,4.0,#,60.0,4.7,"4.7,7.3","26.63,57.370000000000005","36.912499999999994,106.2875",4.0,"9.220500000000001,22.5795","-8.045,12.045",#,#,"1.65,8.35","0.49999999999999956,7.5",#,#,"40.793,62.607000000000006","42.663000000000004,72.537",#,0.0,#,#,#,#,#,0.0,"2.75,3.6500000000000004",#,#,#,1.0,1.0,1.0,1,2.0,4791,3591,0.6153846153846154,0.0010493195208439393,4,4
2.0,"17.54,28.46",0.0,#,#,1.0,2.0,0.0,#,4.0,1.0,#,4.6,#,#,#,3.0,"0.5354999999999999,11.828340011670099",#,"-0.3550000000000004,8.355",#,"-4.306232152655259,3.5","6.65,11.35",#,"65.017,104.583","49.964,90.23599999999999",#,3.0,1.0,#,#,"2849.6000000000004,6274.4","45.875,120.125",#,#,#,2024.0,"4.91,9.09","21.4,34.6",1.0,1.0,1.0,3,2.0,4798,3598,0.5897435897435898,0.0031479585625318177,3,3
0.0,#,#,0.0,#,#,2.0,6.0,6.0,3.0,#,50.0,4.2,#,#,#,#,#,"-10.68,45.058361665789704",#,"4.117,9.883","2.0500000000000003,7.949999999999999",#,#,#,#,"33.705,83.495",2.0,#,#,#,"-1105.925,1105.925",#,3.0,#,"4.118,5.882",#,#,#,0.0,1.0,1.0,2,2.3333333333333335,4803,3603,0.41025641025641024,0.002448412215302525,3,3
#,"11.64,30.36",#,#,"10.219999999999999,17.78",1.0,2.0,#,1.0,2.0,#,30.0,4.3,#,"15.790000000000001,44.21","33.25,66.55",#,#,#,"2.255,11.745000000000001",#,"1.0500000000000003,6.949999999999999",#,#,"70.576,94.424",#,"26.833000000000002,64.367",1.0,#,#,#,"2621.3999999999996,4904.6","48.855000000000004,119.145",2.0,#,#,2024.0,"5.525,10.475",#,1.0,1.0,1.0,1,1.5,4821,3621,0.5128205128205128,0.0007869896406329544,4,4
0.0,#,0.0,#,#,#,#,#,#,4.0,0.0,90.0,#,"4.05,7.95","10.309999999999999,45.69","76.25,102.15",#,"-4.7155000000000005,5.7155000000000005",#,"0.71,9.29",#,"2.4999999999999996,9.5","-0.4500000000000002,6.45",#,#,#,#,#,0.0,1.0,#,"5202.725,7557.275","27.369999999999997,100.63",6.0,1.0,#,2025.0,"8.129999999999999,11.870000000000001",#,0.0,1.0,1.0,2,2.3333333333333335,4823,3623,0.5128205128205128,0.002448412215302525,3,3
1.0,#,0.0,0.0,"8.2,13.8",#,2.0,#,#,4.0,#,90.0,4.6,#,#,"16.074999999999996,84.525",2.0,#,"-5.37,7.37",#,"5.7515,8.4485",#,"1.75,6.25",#,#,"42.43499999999999,101.165",#,4.0,#,1.0,#,#,"49.28,104.72",2.0,#,#,#,"7.8,12.2",#,0.0,1.0,1.0,1,2.6666666666666665,4847,3647,0.48717948717948717,0.0013990926944585857,3,3
1.0,#,#,2.0,#,#,2.0,#,#,4.0,1.0,#,#,#,"29.759999999999998,62.24","28.487500000000004,84.9125",#,"1.7994999999999992,10.400500000000001",#,"1.2300000000000004,8.77",#,#,#,#,#,#,"55.08200000000001,90.318",#,#,1.0,0.0,#,#,3.0,1.0,"4.352,5.648",#,#,#,1.0,1.0,1.0,1,2.6666666666666665,4849,3649,0.38461538461538464,0.0013990926944585857,3,3
1.0,#,0.0,0.0,"-2.7600000000000007,6.760000000000001",1.0,#,0.0,5.0,#,#,45.0,#,#,#,#,#,"6.893,17.506999999999998","-18.375,18.375",#,#,#,#,"1.7800000000000002,6.22",#,#,"38.483999999999995,78.316",8.0,#,#,0.0,#,#,#,1.0,#,#,"-2.3,4.3",#,0.0,1.0,1.0,1,2.3333333333333335,4858,3658,0.41025641025641024,0.0012242061076512625,3,3
1.0,#,1.0,0.0,#,0.0,#,2.0,3.0,#,2.0,75.0,#,#,#,#,#,#,#,#,"4.782,9.618",#,"4.1,9.9","1.3399999999999999,8.66","56.785000000000004,92.01500000000001","64.0395,96.76050000000001",#,1.0,#,1.0,0.0,"3719.875,7644.125",#,#,0.0,#,#,#,#,1.0,1.0,1.0,1,2.0,4863,3663,0.46153846153846156,0.0010493195208439393,3,3
0.0,"19.509999999999998,38.49",3.0,#,#,#,#,7.0,#,0.0,1.0,25.0,4.1,#,"21.72,40.28","77.4375,115.36250000000001",3.0,#,#,"-0.18500000000000005,6.1850000000000005","4.297999999999999,6.902",#,#,"-1.2400000000000002,5.24",#,"42.015,67.185","53.478,79.522",#,#,1.0,0.0,"1546.625,4757.375","42.824999999999996,107.17500000000001",2.0,2.0,#,2023.0,"10.515,13.485",#,0.0,1.0,1.0,1,3.3333333333333335,4869,3669,0.6153846153846154,0.0017488658680732323,3,3
#,"15.42,32.58",3.0,2.0,"4.66,13.34",0.0,#,7.0,#,#,#,#,4.1,#,"24.75,39.25","57.7875,114.2125",#,"7.129499999999999,12.0705",#,"5.05,8.95","4.359,11.241","3.1,8.9",#,"3.02,6.98","81.56299999999999,107.037","73.5715,126.4285",#,#,#,1.0,#,"1669.65,4666.35","29.835,96.16499999999999",6.0,#,#,#,#,#,1.0,1.0,1.0,1,1.5,4881,3681,0.5128205128205128,0.0007869896406329544,4,4
#,"14.149999999999999,25.85",0.0,#,#,1.0,2.0,3.0,1.0,#,#,#,4.3,#,#,#,1.0,"5.131499999999999,12.2685","-6.495000000000001,18.495",#,"3.7215,8.278500000000001","3.3,8.7","1.7999999999999998,6.2",#,#,#,"45.416,82.184",#,5.0,#,#,"2477.1,4474.9","71.785,128.215",#,0.0,"2.584,4.816000000000001",2024.0,"9.625,12.375","-6.25,16.25",0.0,1.0,1.0,2,1.5,4883,3683,0.5641025641025641,0.0015739792812659089,4,4
#,#,#,#,#,0.0,0.0,#,#,#,1.0,#,#,"7.95,14.05","25.12,66.88","-13.237499999999997,52.4375",5.0,#,#,"3.425,10.575",#,"3.45,6.55",#,#,"33.55,60.650000000000006","49.966499999999996,94.43350000000001","14.838999999999999,66.161",5.0,0.0,1.0,#,#,#,#,1.0,"3.446,5.354",2024.0,#,"5.350000000000001,26.65",0.0,1.0,1.0,2,1.25,4899,3699,0.48717948717948717,0.001311649401054924,4,4
1.0,#,#,#,#,0.0,#,5.0,4.0,4.0,#,90.0,4.6,"3.25,10.75","10.600000000000001,45.4","53.262499999999996,89.3375",#,#,#,"-1.6150000000000002,7.615",#,"0.5,3.5",#,#,"74.008,102.192",#,"18.803,63.997",1.0,4.0,#,#,"-423.22500000000036,4357.225","54.230000000000004,99.77",#,#,#,#,"0.6350000000000002,5.365",#,0.0,1.0,1.0,1,1.6666666666666667,4900,3700,0.48717948717948717,0.0008744329340366161,3,3
1.0,#,#,0.0,"7.82,18.18",#,#,0.0,#,#,1.0,45.0,#,"0.6000000000000001,5.4",#,"56.862500000000004,85.53750000000001",#,#,#,"4.035,11.965",#,"2.5999999999999996,5.4","3.6999999999999997,8.3",#,"50.489000000000004,72.711",#,"34.748000000000005,68.452",#,#,#,#,"1548.1,6399.9","10.645000000000001,39.355",#,#,#,2024.0,"1.3050605858094944,7.74","17.55,30.45",0.0,1.0,1.0,1,2.0,4906,3706,0.46153846153846156,0.0010493195208439393,3,3
#,"21.67,32.33",0.0,#,"1.1999999999999997,6.800000000000001",1.0,#,6.0,6.0,3.0,2.0,50.0,#,"0.34999999999999987,3.6500000000000004",#,"37.3375,67.8625",#,"3.289,9.511000000000001",#,#,"5.433,8.967","2.35,9.65",#,"-0.9000000000000004,6.9",#,"62.94200000000001,99.858",#,#,#,#,#,"2790.575,6429.425","42.31,103.69",2.0,#,#,#,"4.085,9.915",#,0.0,1.0,1.0,3,1.25,4912,3712,0.5128205128205128,0.001967474101582386,4,4
0.0,#,3.0,#,"4.890000000000001,15.11",#,#,5.0,4.0,4.0,0.0,90.0,#,#,"15.59,32.41",#,1.0,#,"-1.125,11.125",#,#,"2.95,9.05","1.0,7.0","1.54,6.46","49.688,88.712","8.3155,67.8845",#,#,1.0,1.0,0.0,#,"23.674999999999997,58.325",#,#,#,2024.0,#,#,1.0,1.0,1.0,1,1.25,4916,3716,0.5384615384615384,0.000655824700527462,4,4
0.0,"7.51,26.490000000000002",#,#,#,#,2.0,#,#,2.0,#,30.0,#,#,"17.759999999999998,50.24","31.3,83.10000000000001",#,"14.316500000000001,23.2835","-8.985000000000001,16.985","4.62,11.379999999999999",#,#,"2.35,9.65","0.16000000000000014,7.84",#,"32.586,76.214",#,#,#,0.0,#,#,#,#,0.0,"2.8039999999999994,5.396",2024.0,#,"0.20000000000000018,9.8",1.0,1.0,1.0,1,1.3333333333333333,4917,3717,0.46153846153846156,0.0006995463472292928,3,3
#,#,0.0,#,#,#,#,3.0,1.0,#,#,#,4.3,#,#,#,1.0,#,#,#,"2.8794999999999993,6.3205","2.1999999999999997,7.800000000000001","1.35,8.65",#,#,"28.519282430399198,73.992",#,0.0,#,0.0,#,"-964.1995470309556,1676.7250000000001",#,1.0,#,#,2025.0,"1.0950000000000002,8.905",#,0.0,1.0,1.0,1,2.0,4919,3719,0.38461538461538464,0.0010493195208439393,3,3
#,"16.28,27.72",#,0.0,#,1.0,0.0,#,#,1.0,1.0,#,#,"5.05,8.95",#,#,4.0,"-5.2645,6.2645",#,"9.18,12.82",#,#,"1.35,8.65",#,#,#,"27.697,59.102999999999994",#,#,#,0.0,#,"-21.275000000000002,23.275000000000002",2.0,#,"2.98,4.42",#,#,#,0.0,1.0,1.0,1,3.3333333333333335,4924,3724,0.41025641025641024,0.0017488658680732323,3,3
1.0,"18.5,31.5",3.0,2.0,"0.5700000000000003,7.43",#,#,#,#,#,1.0,25.0,#,#,"31.21,60.79","24.1473862714668,64.375",#,"6.178,18.622",#,#,#,#,#,"-0.2599999999999998,12.293343223050982",#,"45.0565,72.7435","27.214,59.385999999999996",2.0,2.0,0.0,0.0,"-1926.45,1926.45","46.795,105.205",#,#,"1.674,3.7260000000000004",#,#,#,1.0,1.0,1.0,2,1.6666666666666667,4938,3738,0.5128205128205128,0.0017488658680732323,3,3
1.0,#,0.0,2.0,"4.199999999999999,9.8",0.0,#,#,5.0,#,#,#,#,"2.4999999999999996,9.5",#,#,#,#,"-8.575000000000001,8.575000000000001",#,"7.6445,10.1555",#,"2.3499999999999996,5.65","2.08,5.92","69.515,88.485","39.798,70.002","40.087999999999994,89.112",4.0,0.0,#,#,"2358.225,6139.775","43.36,114.64",#,#,#,2024.0,"-2.96,4.96",#,1.0,1.0,1.0,2,1.6666666666666667,4942,3742,0.5128205128205128,0.0017488658680732323,3,3
#,"16.07,31.93",#,0.0,#,#,#,#,7.0,1.0,1.0,#,#,#,"23.12,64.88",#,1.0,#,#,"1.58,10.42",#,"3.75,10.25",#,#,#,"43.3345,67.6655",#,#,1.0,#,1.0,"2803.125,4586.875",#,#,1.0,#,2023.0,"8.645,15.355",#,1.0,1.0,1.0,1,2.6666666666666665,4943,3743,0.41025641025641024,0.0013990926944585857,3,3
#,"25.42,47.1413659511576",0.0,#,"6.71,13.29",#,#,2.0,#,4.0,#,#,#,#,#,"77.4375,107.9625",#,"1.7949999999999982,14.605","-0.495000000000001,24.495","0.7249999999999996,5.275","4.403,9.797","2.55,5.45","2.75,9.25","-0.33999999999999986,4.34",#,#,#,#,#,#,0.0,"3976.8999999999996,7687.1",#,1.0,#,#,2024.0,#,"5.200000000000001,26.799999999999997",1.0,1.0,1.0,1,1.6666666666666667,4950,3750,0.46153846153846156,0.0008744329340366161,3,3
1.0,#,#,#,#,1.0,#,#,4.0,4.0,#,90.0,4.6,"1.5999999999999999,4.4","10.209999999999999,26.199342206175672",#,#,"0.020500000000000185,13.3795",#,"-1.6799999999999997,7.68","2.0515,4.7485",#,#,#,#,"29.324999999999996,71.275",#,#,5.0,1.0,#,"4364.55,8217.45","41.835,108.16499999999999",2.0,#,#,2024.0,#,"-0.5999999999999996,18.6",0.0,1.0,1.0,1,2.3333333333333335,4951,3751,0.48717948717948717,0.0012242061076512625,3,3
#,"16.46,31.54",0.0,#,#,#,#,#,0.0,#,2.0,60.0,#,#,#,#,2.0,#,"-14.905000000000001,18.905","-0.73,4.73",#,#,"2.65,5.35",#,"86.54100000000001,102.259","58.846999999999994,104.153","32.12400000000001,87.276",1.0,2.0,0.0,0.0,"-2425.9,2425.9","60.875,135.125",#,1.0,"3.89,5.51",2023.0,"10.185,13.815",#,0.0,1.0,1.0,1,2.0,4962,3762,0.5641025641025641,0.0010493195208439393,3,3
2.0,#,0.0,0.0,#,0.0,#,#,6.0,#,#,#,4.2,"3.4,8.6",#,#,#,#,"14.385,27.615000000000002","4.205,9.795","3.9189999999999996,7.081","2.55,7.45","2.6,7.4","0.3599999999999999,5.640000000000001",#,"49.317786182354965,111.3505",#,#,2.0,#,0.0,"-963.225,963.225","30.835,97.16499999999999",2.0,#,#,#,#,#,0.0,1.0,1.0,1,2.0,4964,3764,0.48717948717948717,0.0010493195208439393,3,3
#,"3.0721362687592357,28.89",1.0,1.0,#,0.0,2.0,3.0,1.0,#,#,30.0,#,#,"5.41,46.59","29.712499999999995,76.8875",#,"0.3694999999999995,12.630500000000001","-5.33,11.33","2.115,5.885","6.744999999999999,13.255","0.2999999999999998,7.7","1.75,8.25",#,"40.466,69.73400000000001","36.964,77.236",#,4.0,#,#,#,"809.4249999999997,5732.575000000001","66.725,111.275",#,1.0,"4.37,5.63",#,"4.14,9.86","11.35,20.65",0.0,1.0,1.0,1,2.6666666666666665,4970,3770,0.6410256410256411,0.0013990926944585857,3,3
#,"9.07,24.93",#,2.0,#,#,2.0,#,0.0,#,2.0,#,#,"3.6999999999999997,8.3","22.89,57.11",#,#,#,"-12.985000000000001,12.985000000000001",#,"6.2284999999999995,10.971499999999999",#,#,#,#,#,#,4.0,3.0,#,1.0,#,"63.775,118.225",8.0,#,"3.902,6.098",#,"3.1399999999999997,8.86",#,0.0,1.0,1.0,2,1.3333333333333333,4971,3771,0.41025641025641024,0.0013990926944585857,3,3
#,"22.58,31.42",3.0,#,"8.78,15.22",#,2.0,2.0,#,4.0,2.0,75.0,#,"1.1,6.9","31.82,56.18",#,#,"1.5034999999999998,14.496500000000001","18.625,55.375",#,#,"-1.5499999999999998,3.55",#,"2.5,5.5","48.021,74.579","19.43,69.77000000000001",#,#,#,#,1.0,#,#,3.0,#,"4.077999999999999,5.122",#,#,#,0.0,1.0,1.0,1,1.0,4973,3773,0.48717948717948717,0.0005246597604219697,3,3
#,#,0.0,#,"-2.62,6.62",#,#,0.0,5.0,#,1.0,45.0,4.6,"0.20000000000000018,3.8","29.369999999999997,56.63","37.53750000000001,82.8625",1.0,"5.1635,10.836500000000001","-10.129999999999999,26.13","1.5299999999999998,6.470000000000001","3.1584999999999996,6.041499999999999","5.55,8.45",#,"1.7199999999999998,6.28","59.875,100.525",#,"48.699,84.70100000000001",#,0.0,#,#,"3203.3999999999996,5486.6","28.33,93.67",2.0,0.0,#,2025.0,#,"12.899999999999999,23.1",1.0,1.0,1.0,2,1.5,4978,3778,0.6666666666666666,0.0015739792812659089,4,4
#,#,#,2.0,#,#,2.0,#,7.0,#,1.0,#,4.4,#,"10.309999999999999,45.69",#,6.0,#,"-11.209999999999999,17.21","3.5149999999999997,12.485","4.526,7.8740000000000006",#,"3.1,6.9",#,#,#,"25.601,66.199",#,5.0,#,0.0,"1109.7499999999995,6104.25",#,#,#,#,#,"3.3699999999999997,10.63","-8.95,12.95",1.0,1.0,1.0,1,2.0,4984,3784,0.4358974358974359,0.0010493195208439393,4,4
1.0,#,0.0,#,#,#,2.0,3.0,1.0,2.0,1.0,#,#,#,"18.95,45.05",#,#,"-2.0620000000000003,3.0620000000000003",#,"1.71,10.29","8.6515,11.3485","3.1999999999999997,8.8","1.4500000000000002,6.55","4.78,9.219999999999999",#,#,#,2.0,2.0,0.0,#,"-2390.2250000000004,2390.2250000000004",#,#,#,#,2024.0,"3.625,6.375","18.25,25.75",0,0.0,0.0,1,2.0,3790,3790,0.5384615384615384,0.0010493195208439393,0,3
#,#,0.0,0.0,"2.5199999999999996,11.48",0.0,1.0,2.0,3.0,4.0,2.0,#,4.5,"0.8999999999999999,5.1",#,#,2.0,#,"3.424999999999999,20.575000000000003","0.48999999999999977,7.51",#,#,"2.65,7.35",#,"54.473,74.527","34.5105,85.68950000000001","40.816,77.584",#,3.0,1.0,0.0,"5107.4,7390.6","-21.215000000000003,35.215",2.0,#,"3.758,6.242",2025.0,"5.25,10.75",#,1.0,1.0,1.0,1,2.0,4991,3791,0.6923076923076923,0.0010493195208439393,3,3
#,"10.81,27.189999999999998",1.0,2.0,#,0.0,2.0,1.0,0.0,4.0,2.0,#,4.7,"-0.20000000000000018,6.2","20.72,36.8831820049592","31.875,78.125",#,"-5.9965,6.9965",#,"3.465,8.535","1.4169999999999998,7.183","7.228009899422042,11.1","-1.4500000000000002,3.45","3.2600000000000002,6.74",#,"46.869,95.531","50.884,90.716",0.0,4.0,0.0,0.0,"-400.5,3880.5","62.365,84.62273367882122",3.0,#,#,2024.0,#,#,1.0,0.1,1.0,1,1.0,3793,3793,0.7435897435897436,0.0005246597604219697,0,0
0.0,"20.45,29.55",0.0,#,"-1.3599999999999999,5.359999999999999",1.0,0.0,5.0,#,#,0.0,90.0,#,"0.7999999999999998,7.2",#,"61.175000000000004,129.625",#,#,#,"3.9699999999999998,12.030000000000001","2.0704999999999996,7.929500000000001",#,"2.4,5.6","-0.7600000000000002,4.76",#,"52.5175,81.88250000000001",#,5.0,#,1.0,1.0,"4181.625,7392.375","73.635,100.365",#,#,"2.622,5.178",2025.0,"0.19499999999999984,5.805",#,1.0,1.0,1.0,1,1.5,4994,3794,0.6153846153846154,0.0007869896406329544,4,4
#,#,#,0.0,"5.22,12.780000000000001",#,#,3.0,1.0,#,1.0,#,4.3,#,"30.88,47.120000000000005","22.825000000000003,87.575",4.0,#,#,#,"6.332999999999999,9.866999999999999",#,#,#,#,#,#,2.0,2.0,#,1.0,"-1498.35,1498.35",#,3.0,#,"3.0,4.8",#,#,#,0.0,1.0,1.0,1,1.5,4999,3799,0.41025641025641024,0.0007869896406329544,4,4
0.0,"18.39741183233089,42.8",#,#,"6.96,17.04",0.0,0.0,5.0,#,4.0,#,90.0,4.6,#,"22.95,49.05","42.974999999999994,96.625",#,#,"-10.362674513382858,9.615",#,"6.545,13.055000000000001",#,"2.3,5.7",#,"63.711,95.68900000000001","59.4785,90.5215",#,4.0,#,1.0,#,"5545.05,7970.95","35.724999999999994,80.275",4.0,#,#,#,"5.074999999999999,8.925","12.15,29.85",1.0,1.0,1.0,1,2.0,4600,3800,0.5897435897435898,0.0010493195208439393,2,2
#,"14.36,21.64",#,#,#,#,0.0,#,4.0,#,#,#,#,#,"9.25,52.75","76.8375,99.9625",0.0,#,#,"1.9849999999999999,6.015000000000001","6.2585,9.1415","4.3,9.7",#,"1.7800000000000002,6.22",#,"76.508,123.492","61.048,94.75200000000001",#,5.0,1.0,#,#,"1.855000000000004,72.145",6.0,#,#,2025.0,#,#,0,0.0,0.0,1,2.0,3812,3812,0.4358974358974359,0.0010493195208439393,0,2
#,"16.509999999999998,35.49",#,#,"3.87,12.129999999999999",0.0,1.0,4.0,7.0,#,1.0,40.0,4.4,"2.75,7.25","21.17,36.83",#,3.0,#,"-11.455,17.455","3.5149999999999997,12.485","2.924,8.876000000000001","-0.40000000000000036,6.4",#,"5.38,8.620000000000001","52.35000000000001,79.45",#,"36.559,57.241",#,1.0,#,1.0,"627.4000000000001,5764.6","36.28,91.72",#,0.0,#,#,"8.37,15.63","15.499999999999998,36.5",1.0,1.0,1.0,1,1.5,4615,3815,0.6666666666666666,0.0007869896406329544,2,2
#,"23.75,30.25",#,0.0,#,#,#,#,0.0,#,2.0,60.0,#,"1.0,5.0",#,"24.3375,54.862500000000004",5.0,"-5.447500000000001,6.447500000000001",#,#,#,"3.75,6.25",#,#,#,#,#,2.0,#,1.0,1.0,#,#,1.0,#,"2.606,3.7940000000000005",#,"5.47,10.530000000000001",#,1.0,1.0,1.0,1,1.3333333333333333,4616,3816,0.41025641025641024,0.0006995463472292928,3,3
#,#,#,2.0,#,#,#,1.0,0.0,#,#,60.0,4.7,"4.1,9.9",#,"58.550000000000004,99.25",#,#,"-8.985000000000001,16.985",#,"5.633,9.167",#,"2.6999999999999997,9.3",#,"45.098,78.702","40.75699999999999,102.843","29.156000000000002,81.244",#,5.0,1.0,0.0,#,"66.66499999999999,99.33500000000001",2.0,0.0,#,2024.0,#,"-6.35,8.35",0.0,1.0,1.0,1,1.5,4617,3817,0.5384615384615384,0.0007869896406329544,2,2
0.0,#,0.0,3.0,"-4.25,6.25",0.0,#,5.0,4.0,#,#,90.0,4.6,#,"42.08,69.92","19.712500000000002,74.2875",2.0,#,"-13.884999999999998,32.89816334881482","1.205,6.795","0.2865,3.9135",#,"1.85,8.15",#,#,"44.596,105.00399999999999","21.858000000000004,78.542",0.0,#,#,0.0,"4239.85,8378.15","54.24,101.75999999999999",#,#,"3.4719999999999995,5.128",#,"7.376950162134776,9.19","-2.45,10.45",0.0,0.1,1.0,1,1.5,3825,3825,0.6410256410256411,0.0007869896406329544,0,0
1.0,#,3.0,#,#,#,2.0,5.0,#,4.0,#,#,#,#,#,"27.387499999999996,76.4125",0.0,#,#,#,"1.8679999999999994,6.332",#,#,#,"63.141,78.859","46.9375,109.86250000000001",#,#,#,#,1.0,#,#,#,1.0,#,2025.0,#,"2.4999999999999982,23.5",0.0,1.0,1.0,1,1.5,4629,3829,0.358974358974359,0.0007869896406329544,2,2
#,#,0.0,2.0,"0.7300000000000004,9.27",1.0,0.0,2.0,#,#,#,#,4.5,#,"34.25,77.75","74.5375,105.0625",#,#,#,"2.255,11.745000000000001",#,"-0.3500000000000001,6.35","5.15,8.85","-2.18,4.18","66.06,87.74000000000001","32.2325,86.7675",#,#,1.0,1.0,0.0,"4686.625,7897.375",#,6.0,#,"2.996,4.0040000000000004",2024.0,#,"2.55,15.45",0.0,1.0,1.0,1,1.5,4631,3831,0.5897435897435898,0.0007869896406329544,2,2
#,"15.32,24.68",2.0,#,"8.870000000000001,17.13",0.0,0.0,#,6.0,3.0,2.0,50.0,4.2,"3.85,8.15",#,#,#,"10.407345246535723,15.656000000000002",#,"2.3200000000000003,11.68","2.3775,8.422500000000001","2.35,9.65",#,#,#,#,#,2.0,5.0,#,#,"2341.6000000000004,5766.4","-1.1950000000000003,59.195",0.0,0.0,#,#,#,#,1.0,0.1,1.0,1,3.0,3836,3836,0.5384615384615384,0.0015739792812659089,0,0
#,"28.32,37.68",2.0,2.0,#,#,2.0,5.0,4.0,4.0,#,#,4.6,"1.9,6.1",#,"-8.550346333000327,61.7",0.0,#,"-10.965000000000002,16.965000000000003",#,"4.805,7.595000000000001",#,"2.8,7.2",#,"76.837,105.563","55.588499999999996,103.4115","34.697,66.103",#,#,1.0,0.0,#,#,#,#,#,#,#,"12.899999999999999,29.1",0.0,1.0,1.0,1,1.0,4640,3840,0.5128205128205128,0.0005246597604219697,2,2
#,"23.58,32.42",0.0,#,"-4.13,4.13",1.0,2.0,0.0,#,4.0,#,#,#,#,"14.85,35.15",#,#,"-2.9770000000000003,3.9770000000000003",#,"0.2949999999999995,7.705","2.7449999999999997,9.255","0.04999999999999982,3.95",#,#,"63.102000000000004,83.69800000000001","56.52250000000001,94.2775","10.824000000000002,65.976",2.0,#,0.0,0.0,#,#,#,#,#,#,#,#,0.0,1.0,1.0,1,1.6666666666666667,4641,3841,0.46153846153846156,0.0008744329340366161,3,3
0.0,"23.46,38.54",#,2.0,#,0.0,#,#,#,#,1.0,40.0,4.4,"1.9499999999999997,6.050000000000001","60.446798595737256,67.69",#,1.0,"-0.4090000000000007,8.009",#,#,"5.425999999999999,8.774","3.0500000000000003,8.95","0.4500000000000002,7.55","-1.2400000000000002,5.24",#,#,"44.842,64.758",2.0,1.0,1.0,#,"3073.75,5214.25","46.21,87.78999999999999",#,0.0,#,#,"5.36,10.64","-1.4499999999999993,17.45",0.0,0.1,1.0,1,1.0,3850,3850,0.6153846153846154,0.0005246597604219697,0,0
#,#,#,#,"3.13,8.870000000000001",#,2.0,#,#,#,2.0,75.0,#,#,"20.15,57.85",#,#,#,#,"-1.315,5.3149999999999995",#,"4.6,7.4",#,#,#,#,"48.596999999999994,117.62397184997646",8.0,#,1.0,0.0,"4221.55,8074.45",#,1.0,1.0,#,2025.0,"1.645,8.355",#,1.0,1.0,1.0,1,2.5,4652,3852,0.41025641025641024,0.001311649401054924,2,2
#,"28.11,41.89",#,#,"-0.29000000000000004,6.29",1.0,#,1.0,0.0,#,#,60.0,#,#,"14.5,43.5","50.0,116.6",#,"-2.611,3.611","-12.209999999999999,16.21","2.205,7.795","4.4864999999999995,8.1135",#,"1.4999999999999996,8.5",#,#,"22.893499999999996,79.10650000000001","38.337,85.063",#,#,#,#,"3846.725,6201.275","76.19,113.81",2.0,#,"4.532,5.468",2024.0,#,#,1.0,1.0,1.0,2,1.3333333333333333,4658,3858,0.5128205128205128,0.0013990926944585857,3,3
#,#,2.0,2.0,#,#,#,6.0,6.0,3.0,2.0,#,#,"5.7,8.3",#,"55.712500000000006,110.2875",#,"0.4864999999999995,13.1135","-10.515,12.515",#,#,"3.45,6.55",#,"2.3,7.7","81.976,105.82400000000001",#,#,#,#,#,#,"1909.7999999999997,6476.200000000001",#,3.0,3.0,#,#,"8.04,15.96",#,1.0,1.0,1.0,1,2.5,4659,3859,0.4358974358974359,0.001311649401054924,2,2
1.0,#,#,3.0,#,0.0,2.0,6.0,#,3.0,#,50.0,4.2,#,"19.17,34.83",#,#,#,#,#,#,"0.8999999999999999,5.1",#,#,"69.86,91.54",#,"31.461000000000002,56.739000000000004",#,#,#,1.0,#,#,#,#,"3.268,5.9319999999999995",#,#,"1.9499999999999993,10.05",1.0,1.0,1.0,2,2.0,4670,3870,0.38461538461538464,0.0020986390416878786,2,2
#,#,3.0,1.0,#,#,#,#,6.0,#,#,#,#,"1.7999999999999998,8.2","32.34,63.66","37.925,80.47500000000001",#,"12.1995,18.628994540709467",#,#,"4.0585,6.9415","-0.20000000000000018,6.2",#,#,#,"23.4765,84.7235","14.972999999999999,67.827",#,#,#,#,"2320.675,5103.325",#,#,1.0,"2.058,4.542",2024.0,#,#,0.0,1.0,1.0,1,1.0,4674,3874,0.38461538461538464,0.0005246597604219697,2,2
0.0,#,3.0,0.0,#,1.0,0.0,#,#,#,1.0,#,#,"-0.7000000000000002,4.7",#,"25.2625,76.1375",2.0,#,"-16.415000000000003,-1.7823903382228785",#,#,#,#,#,#,#,"20.667000000000005,59.733000000000004",#,#,0.0,0.0,#,#,1.0,1.0,"3.2499999999999996,5.949999999999999",#,#,#,0.0,0.1,1.0,1,2.0,3883,3883,0.41025641025641024,0.0010493195208439393,0,0
#,#,3.0,0.0,"3.13,8.870000000000001",0.0,2.0,#,1.0,2.0,#,30.0,#,#,"-15.117802869540164,34.5",#,#,"-1.9025000000000005,4.5025",#,#,"5.361,9.639",#,#,#,"51.399,68.201","66.657,128.743",#,4.0,5.0,#,0.0,#,#,3.0,0.0,#,2024.0,"6.26,13.74",#,1.0,1.0,1.0,1,2.0,4687,3887,0.5128205128205128,0.0010493195208439393,2,2
#,#,0.0,#,#,#,2.0,1.0,#,#,#,#,4.7,#,#,"3.0375000000000014,63.1625",2.0,"-1.9685000000000001,5.1685",#,"4.295,11.705","1.1259999999999997,4.474","1.6999999999999997,8.3","2.0,8.0",#,"67.944,87.456",#,"26.050000000000004,64.35",2.0,3.0,1.0,#,#,"14.695,53.305",3.0,1.0,"3.6879999999999997,4.912",2025.0,#,"-8.25,14.25",1.0,1.0,1.0,1,1.5,4692,3892,0.5641025641025641,0.0007869896406329544,2,2
0.0,#,0.0,2.0,"-0.10000000000000009,4.1",#,1.0,0.0,5.0,4.0,#,45.0,4.6,#,"11.3,28.7",#,1.0,"-5.539000000000001,6.539000000000001",#,"4.359999999999999,11.64",#,"1.6999999999999997,8.3","1.7999999999999998,8.2","0.7800000000000002,5.22",#,#,#,#,2.0,0.0,0.0,"-2354.55,2354.55",#,5.0,0.0,"3.6999999999999997,5.5",#,#,"2.75,25.25",1.0,1.0,1.0,1,1.0,4700,3900,0.6410256410256411,0.0005246597604219697,3,3
1.0,"21.28,32.72",3.0,#,#,0.0,2.0,#,#,4.0,2.0,#,#,#,"25.15,62.85","80.64999999999999,106.55",#,"-5.0815,6.0815",#,"3.7749999999999995,12.225000000000001","3.5145,7.8855","6.05,9.95",#,#,#,"75.042,111.958",#,#,#,#,#,"3509.75,5650.25","31.339999999999996,98.66",2.0,0.0,#,#,#,"18.9,41.1",0.0,1.0,1.0,1,2.5,4701,3901,0.48717948717948717,0.001311649401054924,2,2
1.0,#,#,3.0,"7.71,14.29",#,#,#,#,4.0,0.0,90.0,#,#,"12.41,53.59",#,1.0,"0.10999999999999943,11.09","-1.4350000000000005,29.435000000000002",#,"6.007499999999999,10.192499999999999",#,#,"-2.2,6.2","34.285,69.515","45.210499999999996,96.3895","26.678000000000004,52.722",2.0,#,#,0.0,#,"84.645,113.355",#,1.0,#,2023.0,"9.129999999999999,12.870000000000001","11.7,24.3",1.0,1.0,1.0,2,1.0,4703,3903,0.5641025641025641,0.0010493195208439393,2,2
#,#,#,0.0,#,#,#,6.0,6.0,#,#,#,#,#,#,"63.225,113.17500000000001",1.0,"-0.019500000000000295,6.019500000000001","-13.129999999999999,23.13",#,#,"2.25,9.75","0.9500000000000002,7.05",#,"72.012,87.18799999999999","41.713,97.08700000000002",#,#,2.0,#,0.0,"-2211.85,2211.85","65.725,110.275",#,1.0,"2.364,4.236",#,"3.535,10.465",#,0.0,1.0,1.0,1,1.3333333333333333,4712,3912,0.46153846153846156,0.0006995463472292928,3,3
#,#,#,0.0,"4.75,15.25",0.0,1.0,7.0,2.0,0.0,1.0,25.0,4.1,"1.3499999999999999,4.65","25.02,60.980000000000004","65.14999999999999,91.05",1.0,"0.24399999999999888,11.956",#,#,"1.7355,6.6645",#,"2.6999999999999997,7.300000000000001","2.14,5.859999999999999",#,"33.5785,64.6215",#,4.0,#,#,#,#,#,3.0,0.0,#,2023.0,#,"-5.200000000000001,15.200000000000001",0.0,1.0,1.0,1,2.5,4716,3916,0.6153846153846154,0.001311649401054924,2,2
#,"13.969999999999999,22.03",0.0,#,#,#,#,3.0,#,2.0,#,30.0,#,"3.4,6.6","31.82,56.18",#,1.0,#,"-11.515,11.515","3.88,10.120000000000001",#,"3.9,10.1","1.2000000000000002,4.8",#,"79.98299999999999,94.617","24.615499999999997,84.1845",#,#,2.0,0.0,#,"-1748.075,1226.0181981404855",#,#,#,#,2024.0,#,#,0.0,1.0,1.0,1,2.5,4719,3919,0.46153846153846156,0.001311649401054924,2,2
#,"13.49,20.51",4.0,2.0,#,#,#,5.0,4.0,4.0,#,#,#,"0.75,7.25",#,"47.7875,104.2125",#,"-2.1710000000000003,11.370999999999999",#,"1.0099999999999998,6.99",#,"2.0500000000000003,7.949999999999999",#,"1.96,6.04",#,#,"37.088,86.112",3.0,5.0,1.0,#,"4390.525,8457.475",#,#,1.0,"3.65,6.35",2025.0,#,"12.2,27.8",1.0,1.0,1.0,2,1.5,4723,3923,0.5384615384615384,0.0015739792812659089,2,2
#,"14.719999999999999,29.28",#,2.0,#,1.0,0.0,#,#,#,#,#,4.3,"-1.5499999999999998,5.55",#,"77.98750000000001,104.8125",#,"-5.6795,7.6795",#,"6.984999999999999,11.015","3.0794999999999995,6.5205",#,"0.75,7.25","1.2800000000000002,8.719999999999999","68.921,95.479","21.756999999999994,83.843",#,#,#,0.0,0.0,#,#,#,#,"3.072,4.728",2025.0,#,"-4.0,8.0",1.0,1.0,1.0,2,1.0,4725,3925,0.48717948717948717,0.0010493195208439393,3,3
#,#,#,#,"-2.25,8.25",1.0,#,7.0,2.0,0.0,1.0,25.0,4.1,#,"28.279999999999998,67.72",#,1.0,#,"-13.23,13.23","-0.4450000000000003,6.445",#,"1.4500000000000002,6.55","4.45,7.55",#,"48.81099999999999,80.789","82.23450000000001,106.5655",#,2.0,#,1.0,#,#,#,3.0,2.0,"3.1580000000000004,5.642",2023.0,#,"14.95,23.05",1.0,1.0,1.0,1,2.5,4730,3930,0.5897435897435898,0.001311649401054924,2,2
#,"7.599981739882372,22.25",3.0,0.0,#,0.0,1.0,#,#,#,2.0,#,4.5,"2.75,5.25","13.209999999999999,42.79",#,3.0,#,#,"-0.29000000000000004,8.29",#,"5.7,8.3",#,"0.8999999999999999,5.1","54.411,86.38900000000001","33.881,69.119","53.259,73.941",#,#,#,#,"3205.675,5988.325","39.765,92.235",0.0,2.0,"1.1995761281023143,5.050000000000001",#,#,"22.2,31.8",1.0,1.0,1.0,1,1.5,4733,3933,0.5641025641025641,0.0007869896406329544,2,2
0.0,"27.07,42.93",4.0,#,"0.9700000000000002,5.029999999999999",1.0,2.0,#,0.0,#,2.0,#,#,#,"37.730000000000004,74.27",#,#,#,"-16.150000000000002,18.150000000000002","-0.05500000000000016,6.055",#,"4.35,7.65",#,#,"59.837,88.563","36.49349999999999,92.7065",#,#,#,0.0,0.0,#,#,6.0,#,#,#,#,"16.9,39.1",0.0,1.0,1.0,1,1.6666666666666667,4735,3935,0.46153846153846156,0.0008744329340366161,3,3
1.0,"12.474514072113834,31.106178202025475",#,#,"-1.5899999999999999,3.59",1.0,#,#,6.0,#,2.0,50.0,#,"1.85,8.15",#,"22.775,54.225",#,"-3.8005000000000004,4.8005",#,#,#,#,#,"-0.06000000000000005,6.0600000000000005",#,"23.8765,85.1235",#,#,5.0,1.0,1.0,#,"29.715,72.285",3.0,2.0,#,2025.0,#,#,1,0.0,0.0,1,4.0,3937,3937,0.48717948717948717,0.0020986390416878786,0,2
#,#,0.0,0.0,#,#,0.0,#,4.0,#,0.0,#,#,"2.25,5.75","22.6,57.4",#,0.0,"-3.2515000000000005,6.9241070179606465","-12.68,18.68","5.140000000000001,10.86","4.391499999999999,10.8085","4.050000000000001,9.95","0.75,5.25","1.48,6.52",#,"72.24449999999999,113.3555","28.707,83.09299999999999",#,#,#,#,#,#,#,0.0,#,2024.0,"5.57,8.43","15.755084484620056,39.05",0,0.0,0.0,1,2.0,3938,3938,0.5384615384615384,0.0010493195208439393,0,2
#,"12.71,22.301517467500094",1.0,#,"-4.760000000000001,4.760000000000001",1.0,#,2.0,#,4.0,#,75.0,4.5,"4.45,7.55","11.830000000000002,54.17",#,#,#,"-15.435,15.435",#,#,"0.19999999999999973,5.800000000000001","4.199999999999999,9.8","0.43999999999999995,3.56",#,#,#,3.0,#,#,0.0,#,"52.645,81.355",#,0.0,"3.668,6.332",#,"-1.8050000000000002,3.805","15.95,30.05",0.0,1.0,1.0,1,2.0,4739,3939,0.5384615384615384,0.0010493195208439393,2,2
1.0,#,0.0,#,#,#,#,#,#,4.0,#,75.0,4.5,#,#,#,1.0,#,#,#,#,#,#,#,#,#,"30.716000000000005,67.484",0.0,#,1.0,0.0,#,#,#,#,"3.266,5.534000000000001",2025.0,#,#,0.0,1.0,1.0,1,2.0,4743,3943,0.3076923076923077,0.0010493195208439393,2,2
#,"9.46,24.54",0.0,2.0,"-1.04,9.04",0.0,#,5.0,4.0,4.0,0.0,90.0,4.6,#,"26.560000000000002,47.44",#,2.0,#,"-8.270000000000001,14.270000000000001","1.4249999999999998,8.575","5.9399999999999995,9.66",#,"2.35,9.65","1.5,4.5","48.11354179569623,96.286","17.33,67.67",#,#,#,#,0.0,#,"58.775,113.225",#,#,"3.69,5.3100000000000005",#,#,"18.6,35.4",0.0,1.0,1.0,1,2.5,4745,3945,0.6153846153846154,0.001311649401054924,2,2
#,"19.939999999999998,36.06",0.0,2.0,"10.04,13.96",#,#,#,2.0,0.0,1.0,25.0,#,"1.6,6.4","11.92,42.08",#,0.0,#,#,#,#,#,"6.540392191645342,9.25",#,"43.369,76.431","55.844500000000004,96.9555","10.968999999999998,54.631",#,2.0,0.0,1.0,"-1248.6250000000002,1248.6250000000002",#,2.0,1.0,"4.1899999999999995,5.8100000000000005",2025.0,#,#,1.0,1.0,1.0,1,1.0,4746,3946,0.5897435897435898,0.0005246597604219697,2,2
0.0,#,3.0,#,#,1.0,#,3.0,1.0,2.0,1.0,30.0,4.3,"3.7,6.3",#,#,1.0,#,#,#,#,#,#,"-0.18000000000000016,6.18","31.753,62.647000000000006",#,#,#,2.0,0.0,#,"-1534.0249999999999,1534.0249999999999","69.3,128.7",#,1.0,#,2023.0,#,#,0.0,1.0,1.0,1,2.5,4750,3950,0.48717948717948717,0.001311649401054924,2,2
#,#,#,0.0,"9.52,18.48",#,2.0,#,#,0.0,#,25.0,#,"3.0,7.0","29.759999999999998,62.24","36.775000000000006,75.625",#,#,#,#,"3.3379999999999996,9.662",#,"2.65,7.35",#,#,"57.675999999999995,84.524","36.348,70.052",1.0,1.0,#,0.0,"1407.6000000000001,4832.4",#,3.0,#,#,#,"3.5149999999999997,6.485","-5.25,17.25",1.0,1.0,1.0,1,2.5,4751,3951,0.48717948717948717,0.001311649401054924,2,2
#,#,#,#,"2.74767101539576,11.99",#,2.0,#,5.0,#,1.0,45.0,4.6,#,#,"33.962500000000006,92.2375",#,#,"-2.8200000000000003,14.82","0.27,5.73",#,#,"3.75,6.25",#,"56.047000000000004,79.35300000000001","51.454,74.946","30.305000000000003,80.095",2.0,#,1.0,#,#,#,3.0,1.0,#,2023.0,"9.36,14.64",#,0.0,1.0,1.0,1,1.5,4752,3952,0.48717948717948717,0.0007869896406329544,2,2
#,#,2.0,2.0,"5.01,12.99",#,#,3.0,1.0,#,#,30.0,4.3,"5.45,8.55",#,"37.887499999999996,94.3125",#,"1.1759999999999993,11.424","-10.74,14.74",#,#,"6.25,11.75","-1.4,3.4",#,#,"29.193499999999993,85.4065","68.51,91.49",#,#,#,#,"2235.075,4446.925","42.775,97.225",#,#,"4.028,5.972",#,"6.074999999999999,9.925","0.7999999999999998,9.2",1.0,1.0,1.0,1,1.6666666666666667,4755,3955,0.5128205128205128,0.0008744329340366161,3,3
#,"12.059999999999999,21.94",0.0,#,"-3.08,3.08",0.0,#,5.0,#,4.0,0.0,90.0,4.6,"1.6999999999999997,8.3","20.53,45.47",#,0.0,"-1.0875000000000001,3.4875",#,#,"6.326,9.674",#,#,"2.4000000000000004,14.924716680282813","45.443,81.757","37.276500000000006,98.52350000000001","61.83500000000001,128.82752869251",1.0,2.0,#,#,#,"36.21,77.78999999999999",#,0.0,#,2025.0,"6.515,9.485","9.25,28.75",1.0,1.0,1.0,1,2.0,4763,3963,0.6410256410256411,0.0010493195208439393,2,2
1.0,"12.58,21.42",#,#,"0.3599999999999999,7.640000000000001",#,#,7.0,#,0.0,1.0,25.0,#,#,"43.43,62.57","46.75,102.25",3.0,"-1.6985000000000001,9.098500000000001",#,#,"3.2889999999999993,8.311","0.4500000000000002,5.55",#,#,"47.21399999999999,82.98599999999999",#,#,6.0,#,#,0.0,#,#,9.0,1.0,"3.354,5.046",2025.0,#,#,1.0,1.0,1.0,1,2.0,4771,3971,0.5128205128205128,0.0010493195208439393,2,2
#,#,2.0,#,#,#,#,#,#,#,#,#,4.3,#,#,"24.812499999999996,86.7875",3.0,#,"-3.1049999999999995,11.105","4.905,13.094999999999999",#,#,"4.35,7.65","1.5799999999999996,8.42","76.95700000000001,94.843",#,"23.100092780529728,59.224000000000004",1.0,2.0,0.0,#,"-2283.2000000000003,2283.2000000000003",#,#,1.0,#,2025.0,"-0.7050000000000001,2.705",#,1.0,1.0,1.0,2,2.0,4774,3974,0.4358974358974359,0.0020986390416878786,2,2
#,#,0.0,0.0,"2.797761797197797,13.9",1.0,#,0.0,#,#,1.0,#,#,"-1.4000000000000004,5.4",#,#,1.0,#,#,#,"2.41,7.99",#,#,"-0.8399999999999999,6.84",#,"30.58153220456751,94.763","45.493,67.707",1.0,5.0,1.0,0.0,"2405.0,5259.0",#,#,#,#,2025.0,#,#,0.0,1.0,1.0,1,1.5,4775,3975,0.46153846153846156,0.0007869896406329544,2,2
1.0,"24.49,31.51",3.0,0.0,#,0.0,2.0,#,#,1.0,1.0,40.0,#,"2.85,9.15",#,#,#,#,#,"-1.6150000000000002,7.615",#,#,"-0.7000000000000002,4.7","1.42,6.58","54.847,78.153",#,"52.147999999999996,85.852",0.0,#,1.0,0.0,"3124.725,3482.6930917715813",#,0.0,0.0,"3.1479999999999997,5.452",2024.0,#,#,0,0.1,1.0,1,1.0,3976,3976,0.5897435897435898,0.0005246597604219697,0,0
1.0,"24.49,31.51",3.0,0.0,#,0.0,2.0,#,#,1.0,1.0,40.0,#,"2.85,9.15",#,#,#,#,#,"-1.6150000000000002,7.615",#,#,"-0.7000000000000002,4.7",#,"54.847,78.153",#,"52.147999999999996,85.852",0.0,#,1.0,0.0,"3124.725,5479.275",#,0.0,0.0,"3.1479999999999997,5.452",2024.0,#,#,1.0,1.0,1.0,2,2.0,4776,3976,0.5641025641025641,0.0020986390416878786,2,2
#,"19.98,34.02",#,1.0,"4.57,11.43",#,#,2.0,#,#,2.0,#,4.5,#,"8.440000000000001,45.56",#,2.0,"1.7165,10.6835","-5.37,7.37",#,#,"1.4500000000000002,8.55","3.25,6.75",#,#,#,#,#,#,#,#,#,#,2.0,#,"3.712,6.088000000000001",#,"9.515,12.485","22.85,35.15",0.0,1.0,1.0,1,1.3333333333333333,4778,3978,0.41025641025641024,0.0006995463472292928,3,3
1.0,"21.549999999999997,38.45",0.0,#,"0.9900000000000002,7.01",#,0.0,7.0,2.0,0.0,#,25.0,4.1,"1.4,4.6",#,#,2.0,#,"-3.74,21.740000000000002",#,"1.9519999999999995,8.648",#,#,#,"61.657,79.54299999999999","22.783499999999997,62.2165","24.184,64.016",#,#,#,0.0,#,"31.634999999999998,58.365",#,#,"3.136,4.864",#,#,"-0.9499999999999993,20.95",0.0,1.0,1.0,1,2.0,4779,3979,0.5384615384615384,0.0010493195208439393,2,2
#,#,#,2.0,#,#,0.0,1.0,#,#,2.0,60.0,4.7,#,#,#,#,#,#,#,#,"2.6999999999999997,7.300000000000001","2.4,7.6","-0.7800000000000002,6.78",#,"57.75649999999999,85.4435","44.446,73.554",#,#,0.0,#,#,"10.795000000000002,69.205",#,0.0,#,#,#,"-0.20000000000000107,20.200000000000003",0.0,1.0,1.0,1,1.3333333333333333,4783,3983,0.38461538461538464,0.0006995463472292928,3,3
#,"8.68,25.32",#,1.0,#,1.0,1.0,#,#,4.0,#,#,#,#,"10.41,51.59","17.392147594219274,66.85",#,#,"-13.72,13.72",#,"7.479499999999999,10.920499999999999","3.6,8.4",#,#,#,"25.629999999999995,75.97",#,2.0,2.0,0.0,0.0,#,"15.625,40.375",2.0,0.0,"2.85,5.550000000000001",2024.0,"4.8100000000000005,11.19",#,1.0,1.0,1.0,1,3.5,4784,3984,0.5384615384615384,0.0018363091614768939,2,2
#,"12.8,23.2",#,2.0,#,1.0,2.0,#,#,#,2.0,#,4.7,#,"25.14,44.86",#,4.0,"-4.6240000000000006,5.6240000000000006","-7.595,7.595",#,#,#,#,"-0.7800000000000002,6.78",#,"51.83699999999999,80.363","37.069,80.731",3.0,1.0,1.0,#,"2172.4,7309.6","54.645,83.355",#,#,#,#,"5.35,8.65",#,1.0,1.0,1.0,2,1.6666666666666667,4795,3995,0.48717948717948717,0.0017488658680732323,3,3
#,"7.380000000000001,26.619999999999997",3.0,0.0,"2.59,11.41",#,2.0,7.0,#,#,#,#,4.1,#,#,#,#,"-1.1920000000000002,7.5920000000000005",#,"1.27,6.73",#,"4.4,9.6",#,#,#,"37.1495,86.6505",#,#,3.0,1.0,#,"843.25,4410.75",#,4.0,#,"3.37,4.63",#,"9.745,14.255","18.5,27.5",0.0,1.0,1.0,1,1.5,4796,3996,0.46153846153846156,0.0007869896406329544,2,2
1.0,"2.7153359299241817,26.240000000000002",0.0,#,"4.619999999999999,9.38",0.0,#,#,#,#,0.0,#,4.6,#,#,"40.275,86.525",1.0,#,#,"1.88,8.120000000000001","4.088999999999999,9.111","-1.65,5.65","5.5,10.5",#,"58.72800000000001,76.072","44.403000000000006,82.997","16.334999999999997,58.465",#,1.0,1.0,0.0,#,"27.665,60.335",0.0,#,#,#,#,"-0.7000000000000002,10.7",0.0,1.0,1.0,1,3.0,4800,4000,0.5641025641025641,0.0015739792812659089,2,2
#,#,2.0,#,"5.18,8.82",1.0,2.0,3.0,1.0,#,1.0,#,#,#,#,"32.5,91.7",#,"6.905999999999999,13.494","-9.555,9.555","4.335,9.665","5.835500000000001,10.764500000000002",#,"2.3,5.7",#,#,"56.824999999999996,98.775","36.322,86.878",2.0,#,1.0,0.0,"1772.1999999999998,5767.8","21.290000000000003,78.71",7.0,1.0,"3.9779999999999998,5.022",#,#,#,0.0,1.0,1.0,1,1.6666666666666667,4804,4004,0.5897435897435898,0.0008744329340366161,3,3
#,"12.8,23.2",#,#,"-4.41,4.41",#,#,1.0,#,#,2.0,#,#,#,"-41.29947548579168,38.269999999999996",#,4.0,#,#,"4.855,9.145","3.2749999999999995,7.925",#,"0.49999999999999956,7.5",#,#,"58.466499999999996,102.93350000000001",#,#,#,0.0,0.0,"-2104.825,2104.825","26.875,101.125",#,0.0,#,#,"-0.8600000000000003,4.86","11.5,26.5",1,0.0,0.0,1,2.5,4009,4009,0.4358974358974359,0.001311649401054924,0,2
#,#,0.0,0.0,#,1.0,0.0,2.0,#,#,2.0,#,4.5,"-1.5499999999999998,5.55","30.46,45.54","30.312499999999996,77.4875",4.0,#,#,#,"0.2609999999999997,4.539","4.75,7.25","0.8500000000000001,7.15","0.6999999999999997,7.300000000000001",#,"45.2225,82.97749999999999","45.461,70.739",0.0,#,#,#,"-2532.9249999999997,2532.9249999999997",#,4.0,#,"1.1360000000000001,2.864",#,#,#,1.0,1.0,1.0,1,2.0,4812,4012,0.5384615384615384,0.0010493195208439393,2,2
#,"21.45,30.55",#,2.0,"-0.41000000000000014,8.41",0.0,2.0,2.0,3.0,4.0,#,#,4.5,#,#,#,3.0,#,#,#,"1.7449999999999997,8.255","2.1,5.9",#,#,#,#,#,6.0,#,#,1.0,#,#,#,1.0,"2.29,3.096620556608865",2024.0,#,#,0.0,0.1,1.0,1,1.6400000000000001,4016,4016,0.4358974358974359,0.0008604420070920303,0,0
#,#,#,3.0,"-0.8900000000000001,2.89",#,2.0,#,#,#,2.0,60.0,#,"2.15,5.85","-3.7200000000000024,35.72","9.837499999999999,62.56250000000001",#,#,#,"0.71,9.29","2.4795,5.9205000000000005",#,"4.55,7.45",#,#,#,"28.527,52.272999999999996",3.0,1.0,#,#,"2299.475,6794.525","45.36,116.64",#,#,"3.5799999999999996,5.02",2025.0,#,#,0.0,1.0,1.0,1,2.5,4819,4019,0.46153846153846156,0.001311649401054924,2,2
#,#,3.0,2.0,"-3.0599999999999996,5.06",#,#,#,#,3.0,#,#,4.2,#,#,#,2.0,#,#,#,#,#,"3.0,7.0",#,#,#,#,#,#,1.0,1.0,#,#,#,#,#,2024.0,"10.02,13.98",#,1.0,1.0,1.0,3,2.0,4832,4032,0.28205128205128205,0.0031479585625318177,2,2
0.0,"32.62,39.38",#,#,"-3.6900000000000004,5.69",1.0,0.0,#,#,4.0,2.0,60.0,#,"2.0500000000000003,7.949999999999999",#,#,#,"-1.2069999999999999,9.407","-16.64,18.64",#,#,"4.15,7.85","1.4500000000000002,6.55","1.1799999999999997,6.82","66.57000000000001,82.83","53.7955,79.80449999999999","52.48,83.12",#,3.0,1.0,0.0,"3295.625,6506.375",#,1.0,1.0,#,2024.0,#,#,1.0,1.0,1.0,2,2.0,4838,4038,0.6153846153846154,0.0020986390416878786,2,2
#,"11.5,24.5",0.0,#,#,0.0,0.0,1.0,0.0,#,2.0,60.0,4.7,#,#,#,#,#,#,"0.6200000000000001,7.38","6.633,10.167","1.1999999999999997,6.800000000000001","2.85,9.15",#,"82.118,104.882","12.212999999999994,67.587",#,#,5.0,#,0.0,#,#,#,3.0,"3.644,5.156000000000001",2025.0,"5.855,10.145","14.1,21.9",0.0,1.0,1.0,1,2.0,4840,4040,0.5641025641025641,0.0010493195208439393,2,2
1.0,"11.5,24.5",0.0,#,#,0.0,0.0,1.0,0.0,#,2.0,#,4.7,#,#,#,#,#,#,"0.6200000000000001,7.38","6.633,10.167","1.1999999999999997,6.800000000000001","2.85,9.15","2.14,5.859999999999999","82.118,104.882","12.212999999999994,67.587",#,#,5.0,#,0.0,#,#,#,3.0,"3.644,5.156000000000001",2025.0,"5.855,10.145","14.1,21.9",0.0,1.0,1.0,1,2.0,4840,4040,0.5897435897435898,0.0010493195208439393,2,2
1.0,#,0.0,#,"-4.97,4.97",#,0.0,#,5.0,#,1.0,#,4.6,"5.0,11.0","22.4,45.6",#,#,#,"-9.455,19.455","-0.6150000000000002,8.615",#,"-0.75,4.75",#,"2.6999999999999997,9.3",#,#,#,2.0,1.0,#,#,#,#,1.0,#,"2.266,4.534",2025.0,#,#,1.0,1.0,1.0,1,3.0,4846,4046,0.46153846153846156,0.0015739792812659089,2,2
1.0,#,0.0,0.0,"8.2,13.8",#,2.0,#,#,#,#,90.0,#,"-0.6499999999999999,6.65",#,"16.074999999999996,84.525",2.0,#,"-5.37,7.37",#,"5.7515,8.4485",#,"1.75,6.25",#,#,#,#,4.0,#,1.0,#,#,#,2.0,#,#,#,"7.8,12.2",#,0.0,1.0,1.0,1,3.0,4847,4047,0.41025641025641024,0.0015739792812659089,2,2
1.0,#,#,2.0,#,#,2.0,#,#,4.0,#,#,#,#,"29.759999999999998,62.24","28.487500000000004,84.9125",#,"1.7994999999999992,10.400500000000001",#,"1.2300000000000004,8.77",#,#,#,#,#,#,"55.08200000000001,90.318",#,#,1.0,0.0,#,#,3.0,1.0,"4.352,5.648",#,#,#,1.0,1.0,1.0,1,3.0,4849,4049,0.358974358974359,0.0015739792812659089,2,2
#,#,0.0,#,"10.29,17.71",#,#,#,#,1.0,#,40.0,#,#,"12.01,29.990000000000002","37.074999999999996,68.525",#,"2.6079999999999997,11.392","-3.455,25.455","3.125,12.875","2.3914999999999993,8.8085","2.9,7.1",#,"-0.4399999999999995,8.44","31.929999999999996,69.87","80.476,107.32400000000001","42.859,63.541000000000004",#,5.0,1.0,0.0,#,#,1.0,1.0,"4.37,5.63",#,"6.085,11.915",#,0,0.0,0.0,1,2.5,4050,4050,0.5641025641025641,0.001311649401054924,0,2
#,#,0.0,#,"-1.94,3.94",1.0,#,2.0,3.0,#,2.0,#,4.5,"4.1,7.9","19.63,50.370000000000005",#,#,#,#,"4.66,9.34","3.3379999999999996,9.662",#,"4.65,7.35","0.9199999999999999,9.08",#,#,"31.92,77.88",2.0,#,1.0,#,#,#,1.0,1.0,"3.2399999999999998,5.76",#,"4.625,7.375",#,1.0,1.0,1.0,1,2.0,4852,4052,0.5128205128205128,0.0010493195208439393,2,2
1.0,"29.23,36.769999999999996",#,#,#,1.0,#,#,2.0,#,1.0,25.0,#,#,#,#,3.0,"-5.571,7.971","0.16000000000000014,15.84","-0.16000000000000014,8.16",#,#,"2.1,5.9","2.36,7.640000000000001","56.085,81.17732275186815",#,#,1.0,3.0,1.0,#,#,"19.655,50.345",3.0,#,#,#,#,"2.8000000000000007,17.2",1.0,1.0,1.0,2,2.0,4854,4054,0.48717948717948717,0.0020986390416878786,2,2
#,#,#,0.0,#,#,#,5.0,#,4.0,0.0,90.0,#,#,"22.18,55.82",#,2.0,#,"-11.23,15.23",#,#,"1.1,6.9",#,#,#,"68.937,97.46300000000001",#,6.0,1.0,#,0.0,"4604.325,7529.675","52.129999999999995,77.87",3.0,0.0,#,#,"-0.08999999999999986,4.09","-1.2999999999999998,11.3",0.0,1.0,1.0,1,3.5,4859,4059,0.48717948717948717,0.0018363091614768939,2,2
0.0,"20.59,35.410000000000004",0.0,2.0,#,0.0,1.0,5.0,4.0,4.0,#,#,4.6,"6.15,9.85","9.629999999999999,40.370000000000005","-3.0874999999999986,51.4875",#,"-4.371,9.171","-2.7799999999999994,18.78",#,"6.3309999999999995,12.469000000000001",#,#,"-1.2400000000000002,5.24",#,#,"10.983999999999998,50.816",0.0,#,#,0.0,"4469.725,9678.275","27.3,86.7",3.0,#,"4.232,5.168",2025.0,#,"17.05,26.95",0.0,1.0,1.0,2,2.0,4868,4068,0.6666666666666666,0.0020986390416878786,2,2
#,#,#,#,"0.16999999999999993,9.83",#,#,#,#,0.0,#,#,#,"3.25,10.75","31.41,72.59",#,0.0,#,"4.67,21.33","-1.3550000000000004,7.355",#,#,"-1.8936279382500572,3.0",#,#,#,"63.565,98.035",2.0,5.0,#,#,"1445.8500000000004,5584.15",#,#,#,"2.4779999999999998,3.5220000000000002",#,"-0.43000000000000016,2.43",#,1.0,1.0,1.0,2,2.0,4871,4071,0.358974358974359,0.0020986390416878786,2,2
#,"13.68,30.32",#,0.0,#,1.0,#,1.0,#,#,#,#,4.7,#,#,#,#,#,"-4.575000000000001,12.575000000000001",#,"2.6519999999999997,9.348","5.7,8.3",#,#,#,#,"50.816,87.584",#,2.0,0.0,#,#,#,#,1.0,"3.05,3.95",#,#,#,1.0,1.0,1.0,1,2.0,4872,4072,0.3333333333333333,0.0010493195208439393,2,2
#,"9.85,24.15",0.0,#,"1.17,10.83",1.0,#,#,4.0,4.0,#,#,#,#,"22.7,63.3",#,1.0,#,#,"3.71,12.29",#,"2.8,9.2",#,#,"75.715,94.685","48.42999999999999,98.77",#,#,3.0,1.0,0.0,#,"25.23,70.77",5.0,0.0,"2.646,4.554",2025.0,#,"11.35,20.65",1.0,1.0,1.0,1,2.5,4876,4076,0.5384615384615384,0.001311649401054924,2,2
1.0,"14.16,31.84",#,#,#,#,#,6.0,6.0,#,2.0,#,4.2,#,#,#,3.0,#,"-10.435,20.435000000000002","5.375,8.625","5.460999999999999,9.739",#,#,#,"62.266000000000005,91.534","58.41749999999999,87.7825","50.428999999999995,78.77099999999999",5.0,1.0,1.0,#,"2095.3,5234.7","64.625,89.375",2.0,#,#,#,#,#,0.0,1.0,1.0,1,2.5,4877,4077,0.48717948717948717,0.001311649401054924,2,2
#,#,#,#,"-2.4299999999999997,4.43",0.0,#,6.0,6.0,3.0,2.0,#,4.2,#,"6.02,41.980000000000004","16.012500000000003,48.3875",1.0,"-3.8920000000000003,4.892",#,#,#,#,#,"-3.38,5.38",#,"73.5715,126.4285","21.404999999999998,71.195",#,#,#,#,#,"53.129999999999995,78.87",1.0,#,"2.25,4.95",2024.0,#,#,1.0,1.0,1.0,1,1.6666666666666667,4884,4084,0.46153846153846156,0.0008744329340366161,3,3
#,"37.230000000000004,44.769999999999996",1.0,0.0,"-3.1099999999999994,7.109999999999999",#,2.0,4.0,7.0,1.0,#,#,4.4,"3.8,8.2",#,"42.8125,89.98750000000001",#,"-4.8795,8.4795","-15.395,11.76",#,#,"0.7999999999999998,7.2","2.6999999999999997,9.3","-0.6600000000000001,7.4399999999999995",#,#,"26.787999999999997,75.812",#,#,0.0,0.0,#,#,2.0,#,#,2024.0,"2.7449999999999997,7.255000000000001","-6.550000000000001,11.7",0.0,1.0,1.0,1,1.5,4885,4085,0.5897435897435898,0.0007869896406329544,2,2
0.0,#,#,#,"1.27,6.73",1.0,#,1.0,0.0,4.0,2.0,#,4.7,"-1.5499999999999998,5.55","25.85,46.15","24.712500000000002,79.2875",#,#,"9.14,22.86",#,"7.072499999999999,10.327499999999999",#,"2.0723208678583207,10.0",#,#,"36.217499999999994,65.5825",#,#,#,#,0.0,"2358.725,7567.275",#,#,1.0,#,2025.0,#,"9.1,28.9",1.0,1.0,1.0,1,1.5,4887,4087,0.5128205128205128,0.0007869896406329544,2,2
#,"17.41,28.59",#,2.0,"-2.25,8.25",1.0,2.0,#,#,4.0,#,45.0,#,"0.2999999999999998,7.7","13.989999999999998,54.010000000000005","20.862499999999997,56.9375",1.0,"-6.362500000000001,7.362500000000001","-13.945,15.945","-0.5350000000000001,4.535",#,#,#,#,#,#,"15.338999999999999,66.661",4.0,#,#,0.0,#,#,#,1.0,"4.514,5.486",#,#,#,1.0,1.0,1.0,1,1.5,4888,4088,0.48717948717948717,0.0007869896406329544,2,2
#,#,#,#,"4.43,11.57",#,1.0,#,3.0,#,2.0,75.0,4.5,#,"28.85,49.15",#,3.0,"-4.258,5.258",#,#,"2.117,7.883",#,"4.7,7.3","0.7400000000000002,9.26","85.637,114.363","17.1175,46.4825",#,2.0,2.0,#,0.0,"-2390.2250000000004,2390.2250000000004","30.32,93.68",#,3.0,"3.3259999999999996,4.874",2024.0,#,#,0.0,1.0,1.0,1,1.6666666666666667,4890,4090,0.5641025641025641,0.0008744329340366161,3,3
#,#,0.0,#,#,#,#,6.0,#,3.0,#,#,#,"5.65,8.35","35.269999999999996,56.730000000000004",#,#,#,"-8.66,24.66",#,#,#,"2.1,5.9",#,#,#,"48.078,74.122",2.0,3.0,#,#,#,"51.665,84.33500000000001",0.0,#,#,#,"5.25,10.75",#,1.0,1.0,1.0,1,2.0,4892,4092,0.3333333333333333,0.0010493195208439393,2,2
#,"14.77,33.230000000000004",1.0,0.0,"-2.58637919968131,5.92",1.0,2.0,#,1.0,#,#,30.0,4.3,#,#,#,1.0,"-3.526,4.526","-25.3686777875166,8.085",#,#,#,"4.2,6.921253494106544","0.14000000000000012,3.86",#,#,#,1.0,2.0,0.0,0.0,#,#,2.0,1.0,#,2024.0,"6.630792308409125,11.07",#,0.0,1.0,1.0,1,2.0,4894,4094,0.5641025641025641,0.0010493195208439393,2,2
#,#,1.0,0.0,#,#,2.0,#,#,#,2.0,60.0,4.7,#,#,"-13.562499999999996,53.96249999999999",#,#,"27.65,42.35",#,"6.168,10.632000000000001","0.4500000000000002,7.55","4.2,7.8",#,#,#,#,#,#,0.0,0.0,"-1212.95,1212.95","40.635,67.365",#,#,#,2025.0,#,"13.8,28.2",0.0,1.0,1.0,1,1.5,4905,4105,0.4358974358974359,0.0007869896406329544,2,2
0.0,#,#,#,#,1.0,2.0,#,0.0,#,2.0,60.0,4.7,#,#,#,1.0,#,#,"1.2300000000000004,8.77","5.937999999999999,12.262",#,#,#,"66.288,105.312",#,#,4.0,#,#,#,#,#,1.0,#,#,#,"-1.2000000000000002,3.2",#,0.0,1.0,1.0,1,2.5,4907,4107,0.358974358974359,0.001311649401054924,2,2
1.0,"12.5,25.5",3.0,3.0,"2.11,5.890000000000001",0.0,#,1.0,0.0,#,2.0,60.0,#,"5.3,8.7",#,#,1.0,"-1.6495000000000006,8.049500000000002",#,"3.945,10.055",#,"2.5,7.5",#,"4.98,5.130007299058562",#,"49.91299999999999,105.287",#,#,#,1.0,#,"3494.925,6991.075","78.15,107.85",4.0,1.0,"3.812,6.188000000000001",2024.0,#,#,1.0,0.1,1.0,1,1.25,4111,4111,0.6153846153846154,0.000655824700527462,0,0
0.0,#,#,2.0,"5.45,14.55",#,#,4.0,7.0,#,1.0,40.0,#,"1.5999999999999996,8.4",#,#,#,#,"-14.170000000000002,18.17",#,#,#,#,"0.2999999999999998,5.7",#,"59.798,90.00200000000001","31.712000000000003,59.288",2.0,2.0,#,#,"-2425.9,2425.9","51.675,86.325",#,0.0,#,#,"9.129999999999999,12.870000000000001","21.4,34.6",0.0,1.0,1.0,1,2.0,4913,4113,0.48717948717948717,0.0010493195208439393,2,2
#,"14.36,34.2758382601113",#,#,#,1.0,0.0,5.0,4.0,#,0.0,#,4.6,"2.65,9.35",#,"32.1875,81.2125",#,#,#,#,"4.867999999999999,9.332",#,"3.25,6.75","-0.06000000000000005,6.0600000000000005",#,#,#,0.0,#,1.0,#,"5267.125,7050.875","53.655,84.345",4.0,1.0,#,2024.0,#,#,0.0,1.0,1.0,2,2.0,4918,4118,0.48717948717948717,0.0020986390416878786,2,2
1.0,#,0.0,#,#,0.0,1.0,0.0,#,4.0,1.0,#,#,#,"14.25,57.75",#,2.0,#,#,#,#,"0.8500000000000001,7.15","3.1,8.9","2.48,7.52",#,"58.954,82.446",#,#,3.0,1.0,0.0,"2219.7999999999997,6786.200000000001","75.25,124.75",#,#,"1.92,4.08",2024.0,#,"3.5,18.5",1.0,1.0,1.0,1,2.0,4922,4122,0.5384615384615384,0.0010493195208439393,2,2
0.0,"33.58,42.42",0.0,#,#,#,#,0.0,5.0,4.0,#,#,#,#,#,#,1.0,"-3.9220000000000006,8.522","14.77,41.230000000000004","-2.6799999999999997,6.68",#,"0.3999999999999999,5.6",#,"-2.7,2.7",#,"53.60799999999999,100.592","28.454000000000004,75.946",#,5.0,1.0,0.0,"3330.375,5827.625",#,1.0,0.0,"3.308,4.8919999999999995",#,"7.196854767345345,12.795","0.05000000000000071,21.95",1.0,1.0,1.0,1,1.5,4923,4123,0.5897435897435898,0.0007869896406329544,2,2
#,#,#,0.0,#,1.0,0.0,#,#,1.0,1.0,#,#,#,#,#,4.0,"-5.2645,6.2645","-18.13,18.13",#,#,#,"1.35,8.65",#,#,#,"27.697,59.102999999999994",#,#,#,0.0,#,"-21.275000000000002,23.275000000000002",2.0,#,#,2024.0,#,#,0.0,1.0,1.0,2,3.5,4924,4124,0.358974358974359,0.0036726183229537877,2,2
0.0,#,#,#,"3.3099999999999996,12.690000000000001",#,#,#,#,#,#,#,#,"4.05,7.95",#,#,3.0,"-2.758,6.758",#,"-2.8099999999999996,6.81","0.7329999999999999,4.267","2.75,7.25",#,"1.96,6.04","65.05600000000001,99.744","38.364000000000004,78.636","34.907000000000004,89.293",2.0,5.0,1.0,#,"1595.05,4020.95","49.14,76.86",3.0,#,"3.008,4.592",#,"1.525,6.475",#,1.0,1.0,1.0,1,2.5,4926,4126,0.5128205128205128,0.001311649401054924,2,2
1.0,"19.28,30.72",#,#,#,1.0,#,#,#,3.0,2.0,#,#,#,#,"10.637500000000003,70.7625",#,"-2.245,3.245",#,#,#,#,#,"-3.3200000000000003,5.32","64.654,78.74600000000001","33.9175,63.282500000000006","19.252000000000002,62.148",0.0,4.0,#,#,"-855.7,2283.7",#,2.0,0.0,#,2024.0,"10.24,13.76",#,0.0,1.0,1.0,2,2.5,4928,4128,0.46153846153846156,0.002623298802109848,2,2
0.0,"18.46,33.54",0.0,#,"10.97,15.03",1.0,#,#,6.0,3.0,2.0,50.0,#,"0.050000000000000266,5.949999999999999","16.689999999999998,39.31","11.0125,58.1875",#,"-0.004137296638132892,7.394",#,"4.79,9.21",#,#,"0.8500000000000001,5.15","2.5799999999999996,9.42",#,#,#,#,#,1.0,0.0,#,#,1.0,1.0,"4.178,5.222",2025.0,"1.415,6.585",#,1.0,1.0,1.0,1,1.0,4931,4131,0.5897435897435898,0.0005246597604219697,2,2
1.0,#,2.0,#,#,1.0,2.0,0.0,#,#,#,45.0,4.6,"0.10000000000000009,3.381308810901552",#,"47.0770566582065,102.67500000000001",3.0,#,#,#,"4.7444999999999995,7.2555000000000005",#,"4.699999999999999,9.3","-0.9000000000000004,6.9","56.05,83.14999999999999",#,#,1.0,#,#,0.0,#,"4.695,51.53784104565183",#,#,"3.2359999999999998,4.9639999999999995",#,#,"1.1499999999999995,12.850000000000001",1.0,1.0,1.0,1,3.0,4933,4133,0.48717948717948717,0.0015739792812659089,2,2
1.0,#,#,3.0,#,#,#,1.0,0.0,4.0,#,60.0,4.7,#,"33.31,68.69","70.0125,94.9875",1.0,#,"4.18,21.82",#,"4.919,8.081","3.7,6.3",#,#,#,#,#,#,#,1.0,1.0,#,"35.875,110.125",#,0.0,"3.7899999999999996,5.41",2024.0,"9.25,14.75","0.09999999999999964,19.9",1.0,1.0,1.0,1,2.0,4936,4136,0.5384615384615384,0.0010493195208439393,2,2
#,#,#,#,#,#,#,2.0,#,4.0,#,75.0,4.5,#,#,#,2.0,"-3.0345,4.8345",#,#,"4.8469999999999995,8.753","8.15,11.85","-3.05,3.05","2.2199999999999998,9.780000000000001",#,"50.94200000000001,87.858",#,#,#,1.0,1.0,#,"57.21,98.78999999999999",#,#,#,#,"4.6899999999999995,9.31",#,1.0,1.0,1.0,1,2.0,4946,4146,0.38461538461538464,0.0010493195208439393,2,2
0.0,"23.5,36.5",3.0,0.0,#,#,#,2.0,3.0,4.0,#,#,4.5,"1.1,6.9",#,#,1.0,"1.472,7.328000000000001",#,"4.295,11.705",#,#,#,"0.09999999999999964,7.9",#,#,"26.96102396305124,93.68599999999999",#,1.0,1.0,1.0,#,#,#,0.0,"2.87,4.13",#,#,"-8.45,10.45",1.0,1.0,1.0,1,2.0,4947,4147,0.5128205128205128,0.0010493195208439393,2,2
#,#,0.0,#,"10.78,17.22",0.0,2.0,1.0,#,#,#,60.0,#,"-0.40000000000000036,6.4",#,#,#,"9.429859767284427,14.649500000000002",#,#,#,"-0.75,6.75","5.2,8.8",#,"71.31099999999999,103.289","34.996,95.404",#,2.0,#,#,0.0,#,"59.17,92.83",1.0,#,#,#,#,"4.85,17.15",0.0,1.0,1.0,2,1.5,4948,4148,0.4358974358974359,0.0015739792812659089,2,2
0.0,"25.23,32.769999999999996",3.0,2.0,#,#,#,#,#,0.0,1.0,#,4.1,"3.3,6.7","6.989999999999998,47.010000000000005",#,1.0,"-6.088,7.088",#,#,"3.8329999999999993,7.367",#,"3.5999999999999996,6.4",#,"57.026999999999994,91.173",#,#,#,#,#,0.0,"-1641.0500000000002,1641.0500000000002","22.755,73.245",0.0,#,#,2024.0,#,"5.3,16.7",0.0,1.0,1.0,1,2.0,4949,4149,0.5128205128205128,0.0010493195208439393,2,2
1.0,#,#,#,#,1.0,#,#,4.0,4.0,#,90.0,4.6,"1.5999999999999999,4.4","10.209999999999999,26.199342206175672",#,#,"0.020500000000000185,13.3795",#,#,"2.0515,4.7485",#,#,#,#,"29.324999999999996,71.275",#,#,5.0,1.0,#,"4364.55,8217.45","41.835,108.16499999999999",2.0,1.0,#,2024.0,#,"-0.5999999999999996,18.6",0.0,1.0,1.0,2,3.0,4951,4151,0.48717948717948717,0.0031479585625318177,2,2
0.0,"21.75,28.25",#,#,"7.38,16.62",1.0,#,#,#,2.0,#,30.0,4.3,#,#,"-8.05,40.05",#,#,"-12.965000000000002,14.965000000000002","0.9050000000000002,9.094999999999999",#,#,"3.0,7.0",#,"74.375,115.025",#,#,#,#,#,0.0,#,#,2.0,#,"3.036,4.764",#,"4.91,9.09",#,0.0,1.0,1.0,2,2.0,4952,4152,0.41025641025641024,0.0020986390416878786,3,3
1.0,#,3.0,#,"1.29,8.71",#,#,#,#,#,#,90.0,#,#,"40.120000000000005,81.88","67.1625,95.8375",2.0,"-4.7155000000000005,6.056676125094768",#,#,#,#,#,"1.5999999999999996,6.4",#,#,#,#,5.0,#,#,#,#,2.0,1.0,#,2024.0,"7.8100000000000005,14.19",#,0.0,1.0,1.0,1,3.0,4953,4153,0.358974358974359,0.0015739792812659089,2,2
0.0,"14.46,29.54",#,#,"5.83,10.17",#,2.0,#,3.0,4.0,#,75.0,4.5,#,"25.46,40.54","39.95,88.05",5.0,"-1.879,2.879","-12.985000000000001,12.985000000000001",#,"0.9724999999999999,4.2275",#,#,"4.22,11.780000000000001","65.308,93.492","36.374,93.42600000000002","27.486000000000008,71.914",1.0,5.0,1.0,1.0,"3051.875,7898.473754944369","49.824999999999996,114.17500000000001",2.0,#,"3.502,5.6979999999999995",#,"2.91,7.09",#,0.0,1.0,1.0,2,2.0,4954,4154,0.6923076923076923,0.0020986390416878786,2,2
0.0,"20.02,31.98",0.0,#,#,#,0.0,5.0,#,4.0,0.0,#,4.6,#,#,"49.35000000000001,97.45",2.0,#,#,#,#,#,#,#,#,#,#,#,1.0,#,0.0,#,"66.83500000000001,133.165",#,#,"2.85,5.550000000000001",2024.0,"6.14,11.86",#,0.0,1.0,1.0,1,1.5,4956,4156,0.41025641025641024,0.0007869896406329544,2,2
#,"16.98,31.02",0.0,2.0,"-3.4800000000000004,5.48",#,2.0,#,7.0,#,#,40.0,4.4,#,"23.54,66.46000000000001","19.900000000000006,86.5",#,"2.2779999999999996,14.722000000000001",#,#,#,"4.8,12.956849995539207","-0.6000000000000001,4.6","0.8799999999999999,7.12","69.857,87.743","46.357,108.44300000000001",#,5.0,1.0,#,0.0,"1693.5,5974.5","50.33,115.67",#,#,"2.416,3.7840000000000003",#,#,#,1.0,1.0,1.0,1,1.5,4959,4159,0.5641025641025641,0.0007869896406329544,2,2
#,#,3.0,2.0,#,#,#,#,#,2.0,1.0,#,#,"5.699999999999999,10.3","21.279999999999998,60.72","36.275,82.525",1.0,"-1.0345,6.8345","-10.19,20.189999999999998",#,#,#,#,"-1.3600000000000003,5.36",#,#,"43.393,65.607",#,#,1.0,0.0,"2615.775,4542.225",#,#,#,#,#,#,#,1.0,1.0,1.0,1,2.0,4961,4161,0.38461538461538464,0.0010493195208439393,2,2
2.0,#,0.0,0.0,#,0.0,#,#,6.0,#,#,#,#,"3.4,8.6",#,#,#,#,"14.385,27.615000000000002","4.205,9.795","3.9189999999999996,7.081","2.55,7.45","2.6,7.4","0.3599999999999999,5.640000000000001",#,"49.317786182354965,111.3505",#,4.0,2.0,0.0,0.0,"-963.225,963.225","30.835,97.16499999999999",2.0,#,#,#,#,#,0.0,1.0,1.0,1,2.5,4964,4164,0.5128205128205128,0.001311649401054924,2,2
1.0,#,#,2.0,#,#,2.0,3.0,1.0,#,1.0,#,#,"2.55,7.45",#,"53.7,90.7",#,#,"-0.10499999999999954,14.105",#,#,#,#,"2.6799999999999997,11.32","76.21799999999999,98.982",#,#,#,5.0,1.0,#,#,"28.339999999999996,95.66",#,0.0,"3.76,4.84",#,#,#,1.0,1.0,1.0,1,2.0,4965,4165,0.41025641025641024,0.0010493195208439393,2,2
0.0,#,3.0,#,#,#,#,#,#,#,1.0,#,#,"-0.25,6.25",#,#,5.0,"-5.447500000000001,6.447500000000001",#,#,"4.8469999999999995,8.753",#,"3.65,8.35","-3.7800000000000002,3.7800000000000002",#,"49.9105,101.0895",#,2.0,#,0.0,#,#,#,4.0,2.0,#,2024.0,#,"-7.100000000000001,9.100000000000001",0.0,1.0,1.0,1,2.0,4968,4168,0.41025641025641024,0.0010493195208439393,2,2
1.0,"14.64,33.36",0.0,#,"-3.41,5.41",1.0,#,5.0,4.0,4.0,0.0,#,4.6,#,"-0.75,42.75","31.575000000000003,77.825",3.0,"-4.6240000000000006,5.6240000000000006","-13.415000000000003,19.415000000000003","4.385,13.615",#,"5.4,8.6",#,#,#,#,"55.224999999999994,74.375",#,5.0,#,#,#,"82.675,117.325",#,#,"1.704,4.296",2025.0,"1.7000000000000002,8.3",#,1.0,1.0,1.0,1,1.3333333333333333,4972,4172,0.5897435897435898,0.0006995463472292928,3,3
#,#,#,2.0,#,1.0,2.0,3.0,#,#,#,#,4.3,"3.2,6.8",#,"71.6125,103.9875",3.0,#,"-9.535,11.535",#,"7.235499999999999,12.1645",#,"2.4501955444610357,5.9","3.6399999999999997,10.36",#,#,"52.554,100.04599999999999",#,2.0,0.0,0.0,#,#,1.0,#,#,2024.0,#,"-1.0500000000000007,19.05",1.0,1.0,1.0,1,2.5,4975,4175,0.48717948717948717,0.001311649401054924,2,2
0.0,#,#,2.0,#,1.0,2.0,7.0,#,#,1.0,#,4.1,"3.55,6.45",#,#,#,#,"-7.25,17.25",#,#,#,"-0.5519502431624679,7.6",#,"70.425,83.97500000000001",#,"45.165,79.63499999999999",7.0,#,1.0,#,"354.0750000000003,5419.924999999999",#,3.0,#,#,#,"2.645,9.355","10.5,24.009118619454327",0.0,1.0,1.0,2,2.5,4976,4176,0.46153846153846156,0.002623298802109848,2,2
0.0,#,#,2.0,"0.06000000000000005,5.9399999999999995",#,2.0,#,0.0,#,#,60.0,4.7,"6.0,12.0","23.99,64.01","54.537499999999994,114.6625",1.0,"0.19099999999999984,8.609000000000002","-14.150000000000002,20.150000000000002","4.88,11.120000000000001",#,"4.05,7.95",#,#,"54.669000000000004,87.731","47.278499999999994,78.3215",#,1.0,3.0,1.0,0.0,"3745.0,6599.0","21.36,92.64",7.0,#,"2.618,4.382",2023.0,#,#,1.0,1.0,1.0,2,1.3333333333333333,4979,4179,0.6666666666666666,0.0013990926944585857,3,3
#,"15.64,34.36",#,2.0,"8.85,15.15",0.0,2.0,#,4.0,#,#,#,#,#,"30.11,53.89",#,#,#,#,#,"-0.7410000000000001,6.141","3.5,6.5",#,"3.0999999999999996,10.9",#,#,"41.976,63.42400000000001",#,#,1.0,#,"4367.075000000001,9432.925","32.269999999999996,85.73",#,#,#,#,"3.9299999999999997,12.07",#,0.0,1.0,1.0,1,2.0,4982,4182,0.38461538461538464,0.0010493195208439393,2,2
0.0,#,#,2.0,"0.3599999999999999,7.640000000000001",#,1.0,5.0,#,#,#,90.0,4.6,#,"14.309999999999999,49.69",#,1.0,#,#,#,#,#,"1.1499999999999995,6.973041093356731",#,#,"51.5175,80.88250000000001",#,1.0,#,1.0,0.0,#,#,#,#,"2.65,5.35",2024.0,"-2.125,6.125",#,1,0.0,0.0,1,2.0,4186,4186,0.4358974358974359,0.0010493195208439393,0,2
#,"27.97,36.03",#,#,#,1.0,#,1.0,#,4.0,#,#,4.7,#,#,"61.987500000000004,88.8125",#,#,"-8.575000000000001,8.575000000000001","1.8399999999999999,10.16",#,#,"0.6499999999999999,7.35",#,"33.333999999999996,58.266",#,"47.961,73.239",#,#,#,0.0,#,"69.22,112.78",#,0.0,#,2024.0,"4.525,9.475","9.5,18.5",0.0,1.0,1.0,1,1.6666666666666667,4987,4187,0.4358974358974359,0.0008744329340366161,3,3
#,"10.11,23.89",#,0.0,#,2.0,#,4.0,#,1.0,1.0,#,4.4,#,#,#,#,"-3.0155000000000003,7.415500000000001","20.955,41.045","1.685,8.315","1.2309999999999994,7.369",#,#,"-2.96,4.96","64.66300000000001,90.137",#,#,#,#,#,#,"1852.9750000000001,4921.025",#,1.0,#,#,2024.0,"8.46,11.54",#,0.0,1.0,1.0,1,1.5,4989,4189,0.4358974358974359,0.0007869896406329544,2,2
1.0,#,#,1.0,#,#,2.0,#,#,#,1.0,25.0,4.1,#,#,#,1.0,"0.7504999999999988,10.4495","-2.575000000000001,14.575000000000001",#,#,"4.65,7.35",#,"0.3599999999999999,5.640000000000001","59.379000000000005,87.021","38.425,80.375",#,5.0,#,#,#,"2150.375,4647.625",#,2.0,1.0,#,#,"5.3149999999999995,12.685",#,0.0,1.0,1.0,1,1.5,4992,4192,0.46153846153846156,0.0007869896406329544,2,2
#,#,#,0.0,"5.22,12.780000000000001",#,#,3.0,1.0,2.0,1.0,#,4.3,#,"30.88,47.120000000000005","22.825000000000003,87.575",4.0,#,#,#,"6.332999999999999,9.866999999999999",#,#,#,#,#,#,2.0,2.0,#,1.0,"-1498.35,1498.35",#,3.0,#,"3.0,4.8",#,#,#,0.0,1.0,1.0,1,2.0,4999,4199,0.4358974358974359,0.0010493195208439393,2,2
#,#,1.0,#,#,1.0,2.0,5.0,4.0,4.0,#,#,4.6,"3.25,6.75","45.66,72.34","2.9999999999999964,54.8",2.0,"-1.3495000000000008,8.3495","-8.78,12.78",#,#,#,"2.95,9.05","2.38,5.62","65.572,102.428","48.7955,74.80449999999999",#,#,5.0,#,#,"4711.225,8492.775",#,6.0,#,#,#,"4.855,9.145","10.25,23.75",0.0,1.0,1.0,1,1.0,4601,4201,0.5641025641025641,0.0005246597604219697,1,1
#,"27.45,36.55",0.0,0.0,"-1.4100000000000001,7.41",0.0,#,6.0,6.0,3.0,#,#,4.2,#,"22.46,37.54",#,#,"4.3165000000000004,13.2835","-34.6894106961733,20.395",#,"0.6519999999999997,7.348000000000001","3.7,6.3","3.3,8.58469063437185","0.26000000000000023,3.7399999999999998",#,"42.22,75.78",#,3.0,2.0,0.0,#,"-1034.5749999999998,1034.5749999999998","41.22,84.78",#,#,"4.478,5.522",2023.0,#,#,1.0,1.0,1.0,1,2.0,4602,4202,0.6153846153846154,0.0010493195208439393,1,1
#,"16.37,29.63",2.0,1.0,#,#,2.0,6.0,#,#,#,#,4.2,"1.4500000000000002,6.55","15.209999999999999,44.79","18.1625,54.237500000000004",#,#,#,#,"5.7565,11.243500000000001","4.3,7.7","1.85,6.15",#,"44.569,77.631",#,#,#,#,1.0,0.0,#,"59.21,100.78999999999999",#,#,#,#,#,"12.2,21.8",1.0,1.0,1.0,1,2.0,4603,4203,0.4358974358974359,0.0010493195208439393,1,1
#,"17.25,36.75",0.0,2.0,#,#,#,#,6.0,#,2.0,#,4.2,#,"50.75,65.25","58.974999999999994,120.025",#,#,#,#,#,#,#,"2.5200000000000005,9.48","44.169000000000004,77.231",#,#,5.0,#,1.0,#,#,#,2.0,#,#,#,#,#,0.0,1.0,1.0,1,3.0,4606,4206,0.3333333333333333,0.0015739792812659089,1,1
1.0,#,#,#,"11.129999999999999,16.87",1.0,#,7.0,2.0,#,1.0,#,4.1,"5.5,8.5","27.53,52.47",#,3.0,#,"-7.289999999999999,13.29","-2.16,6.16","-0.45050000000000034,4.8505","-1.35,5.35","5.25,10.75",#,"40.159,78.64099999999999",#,"14.951999999999998,57.848",#,5.0,#,#,"1377.55,5230.45","63.25,112.75",#,3.0,#,2025.0,#,"15.05,30.95",0.0,1.0,1.0,1,1.0,4607,4207,0.5897435897435898,0.0005246597604219697,2,2
0.0,#,#,#,"5.6899999999999995,10.31",#,2.0,#,#,0.0,#,#,#,"1.6999999999999997,8.3",#,#,#,#,"-13.905000000000001,19.905","-0.3550000000000004,8.355",#,#,"0.3500000000000001,7.65","3.7800000000000002,8.219999999999999","37.016999999999996,76.583",#,#,#,#,1.0,#,#,"71.705,112.295",#,#,"3.1659999999999995,5.434",2025.0,"4.47,9.530000000000001",#,1.0,1.0,1.0,1,1.0,4609,4209,0.38461538461538464,0.0005246597604219697,2,2
#,#,#,2.0,#,#,#,1.0,0.0,#,#,60.0,4.7,"4.1,9.9",#,"58.550000000000004,99.25",#,#,"-8.985000000000001,16.985",#,"5.633,9.167",#,"2.6999999999999997,9.3",#,"45.098,78.702","40.75699999999999,102.843","29.156000000000002,81.244",#,5.0,#,0.0,#,"66.66499999999999,99.33500000000001",2.0,0.0,#,2024.0,#,"-6.35,8.35",0.0,1.0,1.0,1,2.0,4617,4217,0.5128205128205128,0.0010493195208439393,1,1
0.0,"14.45,23.55",#,#,"3.13,8.870000000000001",#,2.0,#,2.0,0.0,1.0,#,4.1,"5.35,10.65",#,#,1.0,"-6.362500000000001,7.362500000000001",#,"3.31,6.6899999999999995",#,"0.75,7.25",#,#,#,"38.134499999999996,62.4655","30.503000000000004,75.697",2.0,1.0,#,#,#,"20.3,79.7",#,0.0,#,#,"1.04,8.96",#,1.0,1.0,1.0,1,3.0,4619,4219,0.5128205128205128,0.0015739792812659089,1,1
#,#,#,#,#,#,#,6.0,6.0,#,#,50.0,#,"2.3,5.7","16.11,39.89","31.8875,66.1125",#,"7.4505,17.149500000000003",#,#,#,"1.7999999999999998,8.2","2.6,7.4","-2.54,4.54","41.63825282660977,99.02799999999999","43.2395,75.9605",#,4.0,#,1.0,#,#,"60.3,119.7",#,0.0,#,#,"6.57,9.43","11.55,24.45",1.0,1.0,1.0,1,3.0,4620,4220,0.46153846153846156,0.0015739792812659089,1,1
0.0,"18.810000000000002,35.19",#,0.0,#,0.0,#,#,#,#,#,30.0,#,"4.7,7.3","27.27,48.730000000000004",#,#,#,"9.465,30.535","0.2549999999999999,9.745000000000001",#,#,#,"-0.040000000000000036,4.04","52.666,81.934","58.154,81.64600000000002","33.201,73.799",#,5.0,#,0.0,"1670.3,4809.7",#,#,#,#,#,#,"3.1500000000000004,20.85",1.0,1.0,1.0,1,3.0,4621,4221,0.4358974358974359,0.0015739792812659089,1,1
#,"18.810000000000002,35.19",#,0.0,#,0.0,#,#,#,2.0,#,30.0,#,"4.7,7.3","27.27,48.730000000000004",#,1.0,#,"9.465,30.535","0.2549999999999999,9.745000000000001",#,#,#,"-0.040000000000000036,4.04","52.666,81.934",#,"33.201,73.799",#,5.0,#,0.0,"1670.3,4809.7",#,#,#,#,#,#,"3.1500000000000004,20.85",1.0,1.0,1.0,1,3.0,4621,4221,0.4358974358974359,0.0015739792812659089,1,1
0.0,#,#,3.0,"-4.25,6.25",0.0,#,5.0,4.0,#,#,90.0,#,#,"42.08,69.92","19.712500000000002,74.2875",2.0,"-4.8985,5.8985","-13.884999999999998,32.89816334881482","1.205,6.795","0.2865,3.9135",#,"1.85,8.15",#,"70.643,106.957","44.596,105.00399999999999","21.858000000000004,78.542",0.0,0.0,#,0.0,"4239.85,8378.15","54.24,101.75999999999999",#,#,"3.4719999999999995,5.128",2024.0,"2.81,9.19","-2.45,10.45",0.0,1.0,1.0,1,2.0,4625,4225,0.6923076923076923,0.0010493195208439393,1,1
1.0,#,0.0,#,"5.619999999999999,10.38",#,0.0,6.0,6.0,#,#,50.0,#,"3.15,6.85",#,"68.94999999999999,102.25",1.0,#,#,"-1.21,3.21",#,#,"1.2499999999999998,4.75",#,"55.988,95.012","40.2155,99.78450000000001","57.52700000000001,81.27300000000001",#,1.0,#,#,"1377.125,6014.875",#,2.0,#,#,2023.0,"9.855,14.145",#,1.0,1.0,1.0,1,1.0,4626,4226,0.5128205128205128,0.0005246597604219697,1,1
#,#,0.0,#,"5.04,8.96",0.0,#,7.0,2.0,0.0,1.0,#,4.1,"0.14999999999999947,5.8500000000000005",#,"-24.925000000000004,36.125",#,#,#,#,"3.9074999999999998,8.092500000000001","0.9499999999999997,5.050000000000001","3.4000000000000004,10.6","-0.94,4.9399999999999995","46.739999999999995,79.26","29.827499999999993,75.9725",#,#,3.0,#,0.0,#,"42.14,69.86",0.0,1.0,"3.806,4.994000000000001",#,"8.04,15.96","26.05,35.95",0.0,1.0,1.0,1,1.0,4627,4227,0.6153846153846154,0.0005246597604219697,2,2
#,#,#,#,"10.43,17.57",#,2.0,1.0,#,4.0,#,60.0,#,#,#,#,#,#,"-13.7,15.7",#,#,#,"-0.1499999999999999,4.15",#,"68.38199999999999,99.818","46.9885,94.81150000000001","69.095,95.905",#,4.0,#,#,#,"36.705,77.295",3.0,0.0,"4.244,5.756",#,#,#,1.0,1.0,1.0,1,1.5,4628,4228,0.38461538461538464,0.0007869896406329544,2,2
#,"14.32,23.68",#,0.0,"0.8700000000000001,9.129999999999999",#,#,#,0.0,4.0,#,60.0,#,"2.3,7.7",#,"58.537499999999994,89.0625",3.0,"-6.362500000000001,7.362500000000001","-4.4350000000000005,26.435000000000002",#,#,"-0.4500000000000002,4.45",#,"-0.08089340479318707,2.38",#,#,"30.558999999999997,51.241",3.0,#,1.0,#,#,#,1.0,1.0,#,#,"3.7550000000000003,10.245","11.95,20.05",0.0,0.1,1.0,1,1.0,4230,4230,0.5128205128205128,0.0005246597604219697,0,0
#,"14.32,23.68",#,0.0,"0.8700000000000001,9.129999999999999",#,#,#,0.0,4.0,#,60.0,#,"2.3,7.7",#,"58.537499999999994,89.0625",3.0,"-6.362500000000001,7.362500000000001","-4.4350000000000005,26.435000000000002",#,#,"-0.4500000000000002,4.45",#,"2.38,5.62",#,#,"30.558999999999997,51.241",3.0,3.0,1.0,#,#,"47.625,72.375",1.0,1.0,#,#,"3.7550000000000003,10.245","11.95,20.05",0.0,1.0,1.0,1,1.0,4630,4230,0.5641025641025641,0.0005246597604219697,1,1
0.0,#,#,0.0,"5.96,16.04",1.0,#,#,#,#,#,75.0,#,#,"0.8300000000000018,43.17",#,1.0,#,"34.915,51.085","-3.42,5.42","1.0494999999999997,6.3505",#,"1.4500000000000002,6.55","1.7800000000000002,6.22",#,#,#,#,#,#,0.0,#,"23.824999999999996,88.17500000000001",1.0,#,"2.5700000000000003,3.83",2024.0,"-1.08,5.08",#,0.0,1.0,1.0,1,1.0,4632,4232,0.46153846153846156,0.0005246597604219697,1,1
#,#,#,#,#,#,2.0,#,#,4.0,#,75.0,4.5,#,#,"58.0625,136.66869251549798",#,"10.106,16.694",#,#,#,#,"2.0,8.0","0.28000000000000025,7.72","75.94299999999998,112.257","48.33749999999999,111.2625",#,#,2.0,0.0,0.0,#,#,5.0,2.0,"2.7660419165113264,4.9",#,#,#,1.0,1.0,1.0,1,2.0,4633,4233,0.41025641025641024,0.0010493195208439393,1,1
1.0,"15.59,30.41",#,2.0,#,1.0,2.0,#,#,#,#,#,#,"3.75,8.25","7.830000000000002,50.17",#,#,"-2.988,10.188","-2.3499999999999996,12.35","1.79,6.21","0.8144999999999998,5.1855",#,#,#,"63.108000000000004,91.292","46.7325,101.2675",#,#,3.0,1.0,0.0,"2979.05,5404.95","61.775,116.225",#,2.0,"1.894,4.306",2025.0,"-1.2999999999999998,5.3",#,0.0,1.0,1.0,1,1.0,4638,4238,0.5641025641025641,0.0005246597604219697,2,2
1.0,#,3.0,#,#,#,#,2.0,3.0,#,2.0,75.0,4.5,#,#,#,#,#,#,#,"7.335500000000001,12.264500000000002","-0.5501821750387192,6.0",#,#,#,#,#,4.0,3.0,1.0,#,#,#,2.0,1.0,"3.8259999999999996,5.374",2025.0,#,#,1.0,1.0,1.0,1,2.0,4639,4239,0.41025641025641024,0.0010493195208439393,1,1
0.0,#,0.0,2.0,#,#,#,#,0.0,#,#,60.0,4.7,"4.85,9.15",#,#,#,"8.7165,17.6835","-12.884999999999998,22.884999999999998",#,#,#,"1.75,6.25","0.8999999999999999,5.1",#,#,#,3.0,#,1.0,0.0,"3244.65,6241.35",#,1.0,1.0,#,2025.0,"6.02,9.98",#,1.0,1.0,1.0,1,1.0,4642,4242,0.48717948717948717,0.0005246597604219697,1,1
#,#,1.0,#,"10.01,17.990000000000002",1.0,2.0,6.0,6.0,#,2.0,#,#,#,#,#,4.0,"-0.7770000000000001,6.1770000000000005","6.18,23.82",#,#,#,"0.5499999999999998,5.45","1.3599999999999999,6.640000000000001","57.992,84.008",#,#,3.0,3.0,1.0,0.0,"2431.475,6926.525",#,4.0,#,"3.5599999999999996,4.64",2024.0,#,#,0.0,1.0,1.0,1,1.0,4643,4243,0.5384615384615384,0.0005246597604219697,1,1
#,#,#,#,#,1.0,#,6.0,#,3.0,2.0,50.0,4.2,#,"45.46,60.54","54.537499999999994,85.0625",2.0,#,#,#,#,#,"3.75,6.25","3.1799999999999997,8.82","69.57000000000001,85.83","72.586,116.21400000000001",#,1.0,#,#,0.0,#,"23.279999999999998,78.72",5.0,#,"4.432,5.368",#,#,"6.65,21.35",0.0,1.0,1.0,1,1.0,4645,4245,0.48717948717948717,0.0005246597604219697,2,2
#,"26.49,33.51",#,#,"1.69,6.3100000000000005",#,#,#,7.0,#,#,40.0,#,"-1.9,3.9",#,"-3.3874999999999993,28.9875",#,"-2.0620000000000003,3.0620000000000003",#,#,"4.6285,9.371500000000001","3.1499999999999995,8.850000000000001","1.4,6.6","2.16,9.84","51.324,81.676","43.874,100.92600000000002","32.61,55.59",3.0,#,#,0.0,#,#,0.0,#,#,#,"4.535,11.465",#,1.0,1.0,1.0,1,1.0,4646,4246,0.46153846153846156,0.0005246597604219697,2,2
#,"20.71,29.29",2.0,0.0,"4.239999999999999,13.760000000000002",1.0,#,#,0.0,#,2.0,60.0,4.7,#,#,#,2.0,"-5.2645,6.2645",#,#,"8.559058231121796,10.032","0.5999999999999996,7.4","3.6,8.4",#,#,"50.781000000000006,86.019",#,#,#,#,#,"-2283.2000000000003,2283.2000000000003","24.31,85.69",4.0,0.0,#,2025.0,"4.645,11.355","-10.25,12.25",0.0,0.1,1.0,1,1.0,4249,4249,0.5641025641025641,0.0005246597604219697,0,0
#,#,3.0,#,"5.1499999999999995,12.850000000000001",1.0,0.0,7.0,#,#,#,#,4.1,#,"11.209999999999999,40.79","46.2875,102.7125",1.0,#,"-10.29,10.29","2.115,5.885","5.768,10.232",#,"6.5,9.5",#,#,#,#,5.0,3.0,#,#,"1026.15,5449.85","40.785,97.215",#,0.0,"3.226,4.774",2025.0,#,"-7.9,11.9",1.0,1.0,1.0,1,1.0,4654,4254,0.5384615384615384,0.0005246597604219697,2,2
#,"31.71,40.29",4.0,0.0,"3.29,10.71",0.0,#,#,#,1.0,#,40.0,#,#,"9.759999999999998,42.24","8.399999999999999,38.0",1.0,"-1.694,3.1136895950396832",#,"0.5549999999999997,7.445",#,"1.65,6.35",#,#,"57.352999999999994,88.247",#,"21.112000000000002,48.687999999999995",#,#,#,#,#,"70.785,127.215",#,#,"4.172,5.828",2024.0,"0.405,3.5949999999999998",#,1.0,1.0,1.0,1,2.0,4655,4255,0.48717948717948717,0.0010493195208439393,1,1
#,#,0.0,#,#,#,1.0,#,1.0,#,1.0,#,4.3,#,#,#,4.0,"-0.6534999999999997,4.653499999999999",#,"-1.4450000000000003,5.445",#,#,"4.35,9.65","5.0600000000000005,10.94",#,#,#,#,0.0,1.0,#,#,#,4.0,0.0,"3.762,5.238",#,#,#,1.0,1.0,1.0,1,1.0,4660,4260,0.38461538461538464,0.0005246597604219697,1,1
#,"23.810000000000002,40.19",#,#,"-3.5,3.5",1.0,#,2.0,#,#,#,75.0,4.5,"2.65,7.35","18.92,49.08","59.9625,125.63749999999999",#,"1.9420000000000002,11.458","1.3599999999999994,36.64",#,"4.053999999999999,8.146",#,#,#,#,"57.736999999999995,86.263",#,0.0,#,#,#,"3699.7999999999997,8266.2","59.230000000000004,104.77",#,#,"2.1759999999999997,4.6240000000000006",#,"5.26,12.74",#,1.0,1.0,1.0,1,2.0,4666,4266,0.46153846153846156,0.0010493195208439393,1,1
#,"19.939999999999998,36.06",#,#,"10.92,17.08",#,#,4.0,7.0,#,#,40.0,#,"2.65,7.35","22.5,51.5","25.724999999999998,68.275",#,#,#,"4.75,11.25","4.8355,9.7645","0.6499999999999999,7.35","4.5,7.5","-0.4200000000000004,6.42","69.346,109.45400000000001","60.4615,96.5385","20.654,68.146",#,0.0,#,#,#,#,#,0.0,"3.7939999999999996,6.206",#,"0.8649999999999998,7.135",#,0.0,1.0,1.0,1,2.0,4668,4268,0.5128205128205128,0.0010493195208439393,1,1
#,"19.939999999999998,36.06",#,#,"10.92,17.08",#,#,4.0,7.0,#,#,40.0,#,"2.65,7.35","22.5,51.5","25.724999999999998,68.275",#,#,"-8.7,20.7","4.75,11.25","4.8355,9.7645","0.6499999999999999,7.35","4.5,7.5","-0.4200000000000004,6.42","69.346,109.45400000000001","60.4615,79.12792682767403","20.654,68.146",#,0.0,#,#,#,#,#,0.0,"3.7939999999999996,6.206",#,"0.8649999999999998,7.135",#,0.0,1.0,1.0,1,2.0,4668,4268,0.5384615384615384,0.0010493195208439393,1,1
#,#,3.0,#,"12.11,15.89",#,2.0,#,4.0,4.0,0.0,90.0,4.6,#,"40.95,67.05",#,#,"1.4804999999999997,7.519500000000001","-17.150000000000002,17.150000000000002",#,#,"3.55,6.45",#,"-0.30000000000000027,6.300000000000001",#,"54.810500000000005,105.9895",#,2.0,1.0,1.0,#,#,#,1.0,#,"3.444,4.956",2023.0,#,"24.1,31.9",0.0,1.0,1.0,1,1.0,4673,4273,0.5384615384615384,0.0005246597604219697,2,2
1.0,#,0.0,0.0,#,0.0,#,#,#,2.0,1.0,30.0,4.3,#,"29.759999999999998,62.24","38.887499999999996,95.3125",2.0,#,#,"0.23000000000000043,7.77",#,"-0.6500000000000004,4.65","4.75,9.25","3.54,8.46","49.325,62.875","41.7375,104.66250000000001","19.567000000000004,58.632999999999996",#,#,#,0.0,"1822.9750000000001,4891.025",#,#,0.0,#,#,"5.635,10.365",#,1.0,1.0,1.0,2,1.0,4675,4275,0.5641025641025641,0.0010493195208439393,1,1
0.0,#,#,2.0,"-2.94,2.94",#,1.0,2.0,#,4.0,#,75.0,#,"-0.5,4.5",#,#,3.0,"-5.862500000000001,7.862500000000001",#,"2.1900000000000004,11.809999999999999","4.668,9.132000000000001",#,"0.8500000000000001,5.15",#,#,"26.729999999999997,77.07",#,#,#,0.0,#,#,"34.754999999999995,85.245",1.0,1.0,#,2025.0,"5.095000000000001,12.905",#,1.0,1.0,1.0,1,3.0,4676,4276,0.5128205128205128,0.0015739792812659089,1,1
0.0,"22.42,39.58",3.0,0.0,"10.27,15.73",1.0,0.0,0.0,#,#,1.0,#,4.6,"-0.7000000000000002,4.7",#,"25.2625,76.1375",2.0,#,"-17.150000000000002,17.150000000000002",#,#,#,"4.199999999999999,11.126692983324151",#,#,#,#,#,4.0,0.0,0.0,#,#,1.0,#,"3.2499999999999996,5.949999999999999",2025.0,#,#,0.0,1.0,1.0,1,1.0,4683,4283,0.5384615384615384,0.0005246597604219697,1,1
0.0,"26.45,35.55",#,#,"-4.62,4.62",1.0,2.0,6.0,#,#,2.0,#,#,#,"30.17,45.83",#,#,"-1.1069999999999993,9.507","-7.289999999999999,13.29","-1.2750000000000004,3.2750000000000004","2.8075,6.992500000000001",#,#,#,#,"78.6055,121.3945",#,#,5.0,1.0,#,"2312.125,6949.875",#,4.0,#,#,#,"2.9850000000000003,11.015",#,1.0,1.0,1.0,1,1.0,4686,4286,0.46153846153846156,0.0005246597604219697,1,1
#,#,3.0,0.0,"3.13,8.870000000000001",0.0,2.0,#,1.0,2.0,#,30.0,#,#,"-15.117802869540164,34.5",#,#,#,#,#,"5.361,9.639","4.35,7.65",#,#,"51.399,68.201","66.657,128.743",#,4.0,5.0,#,0.0,#,#,3.0,0.0,#,2024.0,"6.26,13.74",#,1.0,1.0,1.0,1,3.0,4687,4287,0.5128205128205128,0.0015739792812659089,1,1
#,#,3.0,0.0,"3.13,8.870000000000001",0.0,2.0,#,1.0,2.0,#,30.0,#,#,"-15.117802869540164,34.5",#,#,"-1.9025000000000005,4.5025","-14.64,20.64",#,"5.361,9.639",#,#,#,"51.399,68.201","66.657,128.743",#,4.0,5.0,#,0.0,#,#,3.0,0.0,#,2024.0,"6.26,13.74",#,1.0,1.0,1.0,1,3.0,4687,4287,0.5384615384615384,0.0015739792812659089,1,1
#,#,4.0,#,"-2.71,4.71",1.0,1.0,#,#,4.0,2.0,60.0,#,#,#,"15.774999999999999,84.225",4.0,#,"-10.535,10.535","5.375,8.625",#,"4.1499999999999995,9.850000000000001",#,"3.74,12.26",#,"67.62,101.18",#,#,5.0,#,#,#,#,2.0,#,"1.4334881806213433,4.442",#,#,#,0.0,1.0,1.0,1,3.0,4691,4291,0.4358974358974359,0.0015739792812659089,1,1
1.0,"21.8,32.2",#,0.0,"2.6199999999999997,7.380000000000001",0.0,0.0,#,#,#,2.0,#,4.7,#,"7.790000000000001,53.73401157428516",#,#,"-2.5184302675653782,16.262500000000003",#,#,"3.0449999999999995,9.555","0.10000000000000009,5.9",#,#,"51.192,77.208",#,#,2.0,4.0,0.0,#,#,#,#,#,#,2024.0,#,"13.600000000000001,24.4",0.0,1.0,1.0,1,2.0,4693,4293,0.46153846153846156,0.0010493195208439393,1,1
1.0,"28.59,43.410000000000004",#,0.0,#,0.0,1.0,3.0,#,#,1.0,30.0,4.3,#,#,#,#,"2.0524999999999993,13.947500000000002","-6.595,8.594999999999999","6.984999999999999,11.015","6.512499999999999,13.4875",#,"4.2,7.8",#,#,"54.3395,87.0605","22.89,76.51",#,4.0,0.0,#,"-1006.7750000000001,2774.775",#,0.0,1.0,"2.2399999999999998,4.76",#,"1.085,6.915","21.5,36.5",1.0,1.0,1.0,1,2.0,4695,4295,0.6153846153846154,0.0010493195208439393,1,1
1.0,"13.41,24.59",#,#,#,#,#,#,#,#,1.0,#,4.1,"4.05,7.95","22.25,65.75","16.037499999999998,53.962500000000006",#,#,"-9.76,13.76","-0.05500000000000016,6.055","1.0704999999999996,6.929500000000001",#,"-0.7000000000000002,6.7","1.04,8.96",#,#,"38.25,76.55",#,1.0,#,0.0,"1390.5,5671.5",#,#,#,#,2024.0,"1.04,8.96",#,0.0,1.0,1.0,1,2.0,4697,4297,0.46153846153846156,0.0010493195208439393,1,1
1.0,"13.41,24.59",#,0.0,"-1.4299999999999997,5.43",#,#,#,2.0,#,1.0,#,4.1,"4.05,7.95","22.25,65.75","16.037499999999998,53.962500000000006",#,#,"-31.20784442252122,13.76","-0.05500000000000016,6.055","1.0704999999999996,6.929500000000001",#,"-0.7000000000000002,6.7","1.04,8.96",#,#,"38.25,76.55",#,1.0,#,0.0,"1390.5,5671.5",#,#,#,#,2024.0,"1.04,8.96",#,0.0,1.0,1.0,1,2.0,4697,4297,0.5384615384615384,0.0010493195208439393,1,1
1.0,"31.1,38.9",#,3.0,#,#,#,#,#,#,2.0,75.0,#,"2.8,7.2",#,"69.65,102.94999999999999",3.0,"-0.25349999999999984,5.0535",#,#,#,"2.3,9.7",#,#,#,"46.315,71.485","53.88,84.52000000000001",#,0.0,1.0,#,"4597.95,7880.05","74.745,123.255",4.0,#,"2.6839999999999997,4.916",2024.0,"5.24,8.76","17.7,36.3",1.0,1.0,1.0,1,1.0,4699,4299,0.5384615384615384,0.0005246597604219697,2,2
1.0,"21.28,32.72",3.0,#,#,0.0,2.0,#,#,4.0,2.0,#,4.7,#,"25.15,62.85","80.64999999999999,106.55",#,"-5.0815,6.0815",#,"3.7749999999999995,12.225000000000001","3.5145,7.8855",#,#,#,#,"75.042,111.958","69.31400000000001,101.486",#,#,#,#,"3509.75,5650.25","31.339999999999996,98.66",2.0,0.0,#,#,#,"18.9,41.1",0.0,1.0,1.0,1,3.0,4701,4301,0.5128205128205128,0.0015739792812659089,1,1
1.0,#,0.0,#,#,1.0,2.0,#,#,#,#,50.0,4.2,"1.0,5.0","9.08,36.92",#,#,"-6.271,7.271","-8.76,14.76","6.205,11.795",#,#,"2.4,5.6","5.0,11.0",#,#,"50.644,75.156",1.0,#,0.0,#,#,#,#,#,#,2024.0,"-0.8700000000000001,2.87",#,0.0,1.0,1.0,2,1.0,4702,4302,0.46153846153846156,0.0010493195208439393,1,1
#,"19.5,32.5",#,#,"-1.15,5.15",#,0.0,#,3.0,4.0,#,#,#,#,"20.27,41.730000000000004","10.75,66.25",#,"-5.147500000000001,6.7475000000000005",#,"-2.883216905160819,8.379999999999999",#,#,#,#,"76.766,106.034","19.441999999999997,56.358000000000004",#,1.0,#,1.0,#,"5145.45,10514.564025059673",#,1.0,1.0,#,2025.0,#,"5.35,14.65",1.0,1.0,1.0,1,1.0,4704,4304,0.46153846153846156,0.0005246597604219697,1,1
0.0,#,0.0,2.0,#,#,#,7.0,2.0,#,1.0,#,#,#,#,#,2.0,#,"-5.35,9.35","0.27,5.73",#,"3.5,8.5",#,#,#,"44.098,74.302","47.182,82.41799999999999",3.0,#,1.0,#,"1152.7749999999996,5933.225","74.15,103.85",2.0,#,#,#,"3.92,10.08",#,0.0,1.0,1.0,1,1.0,4705,4305,0.46153846153846156,0.0005246597604219697,1,1
1.0,"23.41,34.59",#,#,"9.52,18.48",1.0,0.0,2.0,#,#,#,#,#,"3.65,6.35",#,#,1.0,"-3.7090000000000005,4.7090000000000005",#,#,#,#,#,"-0.7199999999999998,6.72",#,"77.87298190568765,84.19186896673128",#,2.0,5.0,1.0,1.0,#,#,#,0.0,#,#,"4.369999999999999,11.63",#,0.0,0.1,1.0,1,2.0,4306,4306,0.4358974358974359,0.0010493195208439393,0,0
#,"13.76,26.240000000000002",#,0.0,"7.1,16.9",1.0,1.0,#,#,#,2.0,50.0,#,"2.55,7.45",#,#,#,#,"-10.25,14.25","5.49,12.51",#,"1.4500000000000002,6.55","4.15,7.85",#,"40.615,84.94840964793278","48.8765,110.1235","19.207,73.59299999999999",#,#,1.0,#,"2243.15,6666.85",#,4.0,0.0,#,#,"-2.905,4.904999999999999",#,1.0,1.0,1.0,1,1.0,4711,4311,0.5128205128205128,0.0005246597604219697,1,1
#,#,#,0.0,#,#,#,6.0,6.0,#,#,#,#,#,#,"63.225,113.17500000000001",1.0,"-0.019500000000000295,6.019500000000001",#,#,#,"2.25,9.75","0.9500000000000002,7.05",#,"72.012,87.18799999999999","41.713,97.08700000000002",#,2.0,2.0,#,0.0,"-2211.85,2211.85","65.725,110.275",#,1.0,"2.364,4.236",#,"3.535,10.465",#,0.0,1.0,1.0,1,2.0,4712,4312,0.46153846153846156,0.0010493195208439393,1,1
#,#,3.0,0.0,#,0.0,2.0,#,3.0,4.0,2.0,#,4.5,#,"12.25,55.75","68.8625,104.07311374869703",2.0,#,#,#,#,"1.6,6.4",#,#,"60.35000000000001,87.45","59.259,91.141","40.048,73.752",3.0,#,#,#,#,#,#,0.0,"3.8659999999999997,6.134",2024.0,#,"5.85,18.15",0.0,1.0,1.0,2,2.0,4713,4313,0.5128205128205128,0.0020986390416878786,1,1
#,#,#,#,"-0.41000000000000014,8.41",#,0.0,#,6.0,3.0,#,50.0,4.2,#,#,#,#,#,#,#,#,"1.5999999999999996,8.4","3.5999999999999996,6.4","-1.94,3.94",#,"30.42,63.980000000000004",#,#,5.0,#,0.0,#,"-7.175000000000004,57.175000000000004",1.0,#,#,2025.0,#,#,0.0,1.0,1.0,1,1.0,4714,4314,0.38461538461538464,0.0005246597604219697,2,2
1.0,"25.63,38.37",0.0,#,"7.1499999999999995,14.850000000000001",#,#,0.0,#,4.0,1.0,#,#,"3.8,8.2",#,"51.57499999999999,150.03709479049073",3.0,"-1.7560000000000011,9.956",#,#,"6.014499999999999,10.3855",#,"-1.7999999999999998,1.7999999999999998",#,"69.908,98.092",#,#,3.0,#,1.0,1.0,#,#,#,0.0,#,#,#,#,1.0,1.0,1.0,1,1.0,4718,4318,0.46153846153846156,0.0005246597604219697,1,1
1.0,"21.03,38.97",#,#,#,0.0,#,7.0,#,0.0,1.0,25.0,4.1,#,#,"80.9,110.5",2.0,#,#,#,"0.5284999999999997,5.2715",#,#,#,#,#,#,#,0.0,#,0.0,#,"62.21,103.78999999999999",#,#,"3.46,4.54",#,"9.469999999999999,14.530000000000001",#,1.0,1.0,1.0,1,2.0,4721,4321,0.41025641025641024,0.0010493195208439393,1,1
1.0,#,#,#,#,0.0,#,7.0,#,0.0,1.0,25.0,4.1,#,#,#,2.0,"-2.8855,3.8855",#,"1.0099999999999998,6.99",#,#,#,#,"60.730999999999995,81.869","31.266499999999997,75.7335",#,1.0,0.0,#,#,#,#,#,#,"3.46,4.54",#,#,#,1.0,1.0,1.0,1,2.0,4721,4321,0.38461538461538464,0.0010493195208439393,1,1
1.0,"16.240000000000002,29.759999999999998",#,0.0,"-4.48,4.48",#,#,2.0,3.0,#,2.0,#,#,#,"-2.240000000000002,30.240000000000002",#,#,#,#,#,"5.619,8.781",#,#,"-1.8599999999999999,1.8599999999999999",#,"36.3665,80.8335",#,1.0,2.0,0.0,0.0,#,#,#,2.0,#,#,"3.4699999999999998,8.530000000000001",#,1,0.0,0.0,1,2.0,4322,4322,0.4358974358974359,0.0010493195208439393,0,1
#,"13.49,20.51",4.0,2.0,#,#,#,5.0,4.0,4.0,#,#,#,"0.75,7.25",#,"47.7875,104.2125",#,"-2.1710000000000003,11.370999999999999",#,"1.0099999999999998,6.99",#,"2.0500000000000003,7.949999999999999",#,"1.96,6.04",#,#,"37.088,86.112",3.0,5.0,1.0,#,"4390.525,8457.475",#,#,1.0,"3.65,6.35",2025.0,"3.1499999999999995,10.850000000000001","12.2,27.8",1.0,1.0,1.0,1,2.0,4723,4323,0.5641025641025641,0.0010493195208439393,1,1
1.0,#,#,2.0,"7.41,12.59",1.0,2.0,#,#,#,1.0,#,#,#,"27.369999999999997,54.63","66.1375,89.2625",5.0,"-1.8110000000000002,4.4110000000000005","-11.150000000000002,23.150000000000002",#,#,#,#,#,"69.082,100.518","44.932500000000005,99.4675","61.31,84.28999999999999",2.0,1.0,#,#,#,"49.24,96.75999999999999",#,1.0,"3.944,5.456",#,#,"8.499999999999998,29.5",0.0,1.0,1.0,1,2.0,4728,4328,0.5128205128205128,0.0010493195208439393,1,1
#,#,#,#,#,1.0,#,7.0,2.0,0.0,1.0,25.0,4.1,#,#,#,1.0,#,"-13.23,13.23","-0.4450000000000003,6.445",#,"1.4500000000000002,6.55","4.45,7.55",#,"48.81099999999999,80.789",#,#,2.0,#,1.0,#,#,#,3.0,2.0,#,2023.0,#,"14.95,23.05",1.0,1.0,1.0,1,3.0,4730,4330,0.48717948717948717,0.0015739792812659089,1,1
0.0,"27.07,42.93",4.0,#,"0.9700000000000002,5.029999999999999",1.0,2.0,#,0.0,#,2.0,#,#,#,#,#,#,"2.9165,11.883500000000002","-16.150000000000002,18.150000000000002","-0.05500000000000016,6.055",#,"4.35,7.65",#,#,"59.837,88.563","36.49349999999999,92.7065",#,#,#,0.0,#,#,#,6.0,#,#,#,#,"16.9,39.1",0.0,1.0,1.0,1,3.0,4735,4335,0.4358974358974359,0.0015739792812659089,1,1
#,#,#,1.0,"4.17,13.83",0.0,#,#,4.0,4.0,#,#,4.6,#,#,"61.8875,110.91250000000001",1.0,#,#,#,#,#,#,"3.92,12.08","77.21199999999999,92.388",#,#,#,1.0,#,#,#,#,#,0.0,#,2024.0,#,#,1.0,1.0,1.0,1,1.0,4736,4336,0.3333333333333333,0.0005246597604219697,1,1
0.0,#,#,#,#,1.0,0.0,#,#,#,#,40.0,#,#,"18.009999999999998,35.99",#,1.0,#,#,#,"4.3075,8.4925",#,"8.75,11.25","1.1799999999999997,6.82",#,"34.20049999999999,68.5995",#,4.0,5.0,#,0.0,"2634.725,4989.275","51.88507265649376,68.235",#,3.0,"3.098,5.9184004884142665",2025.0,"1.2049999999999996,8.795",#,1.0,0.1,1.0,1,1.5,4340,4340,0.48717948717948717,0.0007869896406329544,0,0
#,#,3.0,#,"9.129999999999999,14.870000000000001",#,#,#,1.0,#,#,30.0,4.3,"2.95,9.05",#,"51.8,81.39999999999999",#,"-3.556000000000001,8.156","-0.5750000000000011,16.575000000000003",#,"8.047,11.953",#,"2.0,6.0","1.62,10.379999999999999","65.911,97.88900000000001",#,#,4.0,#,0.0,#,"-2318.875,2318.875",#,3.0,#,#,#,#,"14.649999999999999,35.35",0.0,1.0,1.0,1,4.0,4741,4341,0.46153846153846156,0.0020986390416878786,1,1
#,"19.25,38.75",0.0,#,#,1.0,#,0.0,5.0,#,#,45.0,#,"-0.6000000000000001,4.6",#,#,#,#,"5.405,20.595","-0.8099999999999996,8.809999999999999",#,#,"4.05,7.95",#,#,"16.412999999999997,71.787","27.071000000000005,75.32900000000001",2.0,3.0,1.0,1.0,"2710.125,4493.875","51.25,100.75",#,#,#,#,"5.91,10.09",#,0.0,1.0,1.0,1,1.0,4744,4344,0.48717948717948717,0.0005246597604219697,2,2
#,#,2.0,2.0,"5.01,12.99",#,#,3.0,1.0,#,#,30.0,4.3,"5.45,8.55",#,#,#,"1.1759999999999993,11.424","-10.74,14.74",#,#,"6.25,11.75","-1.4,3.4",#,#,"29.193499999999993,85.4065","68.51,91.49",#,#,#,#,"2235.075,4446.925","42.775,97.225",#,#,"4.028,5.972",#,"6.074999999999999,9.925","0.7999999999999998,9.2",1.0,1.0,1.0,1,3.0,4755,4355,0.48717948717948717,0.0015739792812659089,1,1
#,#,#,#,"-2.08,4.08",#,0.0,6.0,6.0,3.0,2.0,50.0,4.2,#,#,#,1.0,#,"-12.435,18.435000000000002",#,"1.6655,4.734500000000001","3.3499999999999996,8.65",#,#,#,#,"37.541000000000004,93.459",#,5.0,#,0.0,#,"10.309999999999999,71.69",1.0,#,#,#,#,#,1.0,1.0,1.0,2,1.0,4759,4359,0.4358974358974359,0.0010493195208439393,2,2
#,#,2.0,2.0,"-2.94,2.94",1.0,#,#,7.0,#,1.0,40.0,4.4,"-1.5000000000000004,5.5","37.11,60.89",#,#,#,#,#,#,"2.5999999999999996,5.4","3.65,8.35",#,"55.879000000000005,83.521",#,#,#,#,#,0.0,"-2639.95,2639.95","12.745000000000001,61.254999999999995",0.0,#,#,#,#,"0.4999999999999982,21.5",1.0,1.0,1.0,1,2.0,4760,4360,0.46153846153846156,0.0010493195208439393,1,1
#,#,2.0,2.0,#,1.0,#,#,7.0,1.0,1.0,40.0,4.4,"-1.5000000000000004,5.5","37.11,60.89",#,#,"-2.4280000000000004,3.4280000000000004",#,#,#,"2.5999999999999996,5.4","3.65,8.35",#,#,"42.059,73.941",#,#,2.0,#,0.0,"-2639.95,2639.95","12.745000000000001,61.254999999999995",0.0,#,#,2024.0,#,#,1.0,1.0,1.0,1,2.0,4760,4360,0.5128205128205128,0.0010493195208439393,1,1
1.0,#,#,0.0,#,#,2.0,6.0,#,#,#,50.0,4.2,"2.0,8.0","0.9899999999999984,41.010000000000005","18.712500000000002,73.2875",3.0,#,"-0.08500000000000085,16.085",#,#,#,"4.45,9.55",#,"50.244,69.756","60.542,97.458","32.09183984515206,51.788",1.0,#,1.0,1.0,"2438.0,5292.0","24.665,57.335",#,1.0,#,#,"0.3500000000000001,3.65",#,0.0,1.0,1.0,1,4.0,4768,4368,0.5641025641025641,0.0020986390416878786,1,1
1.0,"19.8,30.2",3.0,#,#,1.0,2.0,#,7.0,#,1.0,#,#,"3.5,8.5","12.25,55.75","69.4375,114.76249999999999",#,#,#,"1.58,10.42","-0.08750000000000036,6.8875",#,#,#,"57.805,82.195","40.476499999999994,101.7235","52.012,79.588",#,#,#,#,"1879.7749999999996,6660.225","39.875,114.125",6.0,3.0,#,2023.0,#,"1.200000000000001,22.799999999999997",0.0,1.0,1.0,1,2.0,4769,4369,0.5384615384615384,0.0010493195208439393,1,1
1.0,#,#,#,"0.3599999999999999,7.640000000000001",#,#,7.0,#,#,1.0,25.0,#,"3.55,8.45","43.43,62.57","46.75,102.25",3.0,"-1.6985000000000001,9.098500000000001",#,#,#,"0.4500000000000002,5.55",#,#,"47.21399999999999,82.98599999999999",#,#,6.0,#,#,0.0,"1689.7,4258.3",#,9.0,1.0,"3.354,5.046",2025.0,#,"-3.0999999999999996,19.1",1.0,1.0,1.0,1,2.0,4771,4371,0.5128205128205128,0.0010493195208439393,1,1
1.0,"22.97,31.03",0.0,#,#,#,#,#,#,#,#,50.0,#,#,"15.879999999999999,32.120000000000005","42.66250000000001,86.1375",#,#,"-13.965000000000002,13.965000000000002","0.3849999999999998,9.615",#,#,#,#,#,"61.937,90.46300000000001","28.697,60.102999999999994",#,#,#,0.0,#,#,#,1.0,"2.422,4.978",#,#,"7.050000000000001,28.95",1.0,0.004115226337448558,0.3333333333333333,1,3.6666666666666665,4772,4372,0.358974358974359,0.0019237524548805552,1,3
1.0,"22.97,37.10898598593808",0.0,#,#,#,#,#,6.0,#,#,50.0,#,#,"15.879999999999999,32.120000000000005","42.66250000000001,86.1375",#,#,"-13.965000000000002,13.965000000000002","0.3849999999999998,9.615",#,#,"4.35,9.65",#,#,"61.937,90.46300000000001","28.697,60.102999999999994",#,#,#,0.0,#,#,#,1.0,"2.422,4.978",2024.0,#,"7.050000000000001,28.95",1.0,0.004115226337448558,0.3333333333333333,1,3.6666666666666665,4772,4372,0.4358974358974359,0.0019237524548805552,1,3
1.0,#,0.0,0.0,#,#,2.0,#,#,4.0,#,#,#,#,#,#,5.0,#,"-1.6600000000000001,31.66","-0.1200000000000001,6.12","2.7984999999999998,9.401499999999999",#,#,#,"67.137,95.863",#,#,#,4.0,#,#,"-187.42499999999995,3451.425","73.765,126.235",#,0.0,"2.058,4.542",2025.0,#,#,1.0,1.0,1.0,1,3.0,4773,4373,0.41025641025641024,0.0015739792812659089,1,1
1.0,"24.49,31.51",3.0,0.0,#,0.0,2.0,#,#,1.0,1.0,40.0,#,"2.85,9.15",#,#,#,#,#,"-1.6150000000000002,7.615",#,#,"-0.7000000000000002,4.7",#,"54.847,78.153",#,"52.147999999999996,85.852",0.0,#,1.0,0.0,"3124.725,5479.275",#,0.0,0.0,"3.1479999999999997,5.452",#,#,#,1.0,1.0,1.0,1,3.0,4776,4376,0.5384615384615384,0.0015739792812659089,1,1
1.0,"21.549999999999997,38.45",0.0,#,"0.9900000000000002,7.01",#,0.0,#,#,0.0,#,25.0,#,"1.4,4.6","27.34,58.66",#,2.0,#,"-3.74,21.740000000000002",#,"1.9519999999999995,8.648",#,#,#,#,"22.783499999999997,62.2165","24.184,64.016",#,#,#,0.0,#,"31.634999999999998,58.365",#,#,"3.136,4.864",#,#,"-0.9499999999999993,20.95",0.0,1.0,1.0,1,3.0,4779,4379,0.46153846153846156,0.0015739792812659089,1,1
#,"26.5,39.5",3.0,#,#,#,0.0,#,7.0,1.0,#,#,#,"1.0,5.0","15.790000000000001,44.21",#,5.0,#,"-9.170000000000002,23.17","-0.015000000000000124,4.015000000000001",#,#,"1.9500000000000002,8.05",#,#,#,#,#,#,#,#,#,#,#,0.0,"2.5919999999999996,4.6080000000000005",#,"-2.0149999999999997,6.015","18.3,35.7",1.0,1.0,1.0,1,1.0,4781,4381,0.38461538461538464,0.0005246597604219697,1,1
#,"8.68,25.32",#,1.0,"-1.9000000000000004,7.9",1.0,1.0,#,#,4.0,#,45.0,#,#,"10.41,51.59",#,#,#,"-13.72,13.72",#,#,"3.6,8.4",#,#,#,"25.629999999999995,75.97",#,#,2.0,0.0,0.0,#,"15.625,40.375",2.0,0.0,"2.85,5.550000000000001",2024.0,"4.8100000000000005,11.19",#,1.0,1.0,1.0,1,4.0,4784,4384,0.5128205128205128,0.0020986390416878786,1,1
1.0,#,#,#,#,#,1.0,#,#,4.0,#,#,#,"2.75,7.25","5.699999999999999,46.3",#,#,"0.2889999999999997,6.511","-8.475000000000001,18.475","5.58,14.42",#,#,#,"-3.24,3.24",#,"59.06400000000001,99.336","17.451999999999998,60.348",1.0,#,#,#,"4718.05,7143.95","42.715,85.285",3.0,1.0,#,2024.0,#,"13.05,22.95",1.0,1.0,1.0,1,3.0,4785,4385,0.46153846153846156,0.0015739792812659089,1,1
#,"23.41,34.59",#,0.0,"4.45,13.55",1.0,1.0,#,#,#,#,75.0,#,#,"36.75,51.25",#,#,#,"-13.455,15.455","1.4249999999999998,8.575",#,"-1.15,5.15",#,"5.96,10.04","65.699,82.50099999999999","57.254,80.74600000000001","8.855999999999998,60.944",1.0,#,#,0.0,#,#,#,0.0,#,#,#,#,1.0,1.0,1.0,1,2.0,4786,4386,0.4358974358974359,0.0010493195208439393,1,1
#,#,#,0.0,"4.27,9.73",1.0,#,5.0,#,#,#,90.0,4.6,"2.6,7.4",#,#,#,#,#,#,#,"2.7,5.3","4.2,7.8","1.1799999999999997,6.82",#,#,"42.897185780062834,122.75766399610208",#,5.0,#,0.0,#,"42.785,99.215",2.0,1.0,"3.4479999999999995,5.752",2024.0,#,#,0,0.0,0.0,1,2.0,4387,4387,0.46153846153846156,0.0010493195208439393,0,1
1.0,#,0.0,#,#,0.0,2.0,#,#,4.0,0.0,#,#,#,"12.95,39.05",#,4.0,"-2.3240000000000007,7.924","-2.74,22.740000000000002","-0.16000000000000014,8.16","0.7589999999999999,7.641","3.4,6.6","2.75,7.25","-1.0200000000000005,7.0200000000000005","48.688,87.712",#,#,#,3.0,1.0,0.0,"3710.15,8133.85","54.339999999999996,121.66",5.0,#,"3.812,6.188000000000001",2025.0,"-0.5750000000000002,6.575",#,1.0,1.0,1.0,1,1.0,4789,4389,0.6410256410256411,0.0005246597604219697,2,2
0.0,"39.49,46.51",#,2.0,"9.239999999999998,18.76",0.0,2.0,1.0,0.0,4.0,2.0,60.0,4.7,"4.7,7.3","26.63,57.370000000000005","36.912499999999994,106.2875",4.0,"9.220500000000001,22.5795","-8.045,12.045",#,#,"1.65,8.35","0.49999999999999956,7.5",#,#,"40.793,62.607000000000006","42.663000000000004,72.537",#,0.0,#,#,#,#,#,0.0,"2.75,3.6500000000000004",#,#,#,1.0,1.0,1.0,1,4.0,4791,4391,0.6410256410256411,0.0020986390416878786,1,1
0.0,"39.49,46.51",#,2.0,#,0.0,2.0,1.0,0.0,4.0,#,60.0,4.7,"4.7,7.3","26.63,57.370000000000005","36.912499999999994,106.2875",4.0,"9.220500000000001,22.5795","-8.045,12.045",#,#,"1.65,8.35","0.49999999999999956,7.5",#,#,"40.793,62.607000000000006","42.663000000000004,72.537",#,#,#,#,#,#,#,#,"2.75,3.6500000000000004",#,#,#,1.0,1.0,1.0,1,4.0,4791,4391,0.5384615384615384,0.0020986390416878786,1,1
0.0,#,#,0.0,"5.71,12.29",0.0,#,#,#,2.0,1.0,#,4.3,#,#,"12.524999999999995,55.075",4.0,#,"-4.33,12.33",#,"4.005000000000001,6.795","1.6999999999999997,8.3","1.5499999999999998,8.45","0.8799999999999999,6.987184244548693",#,#,#,3.0,#,#,#,#,#,#,1.0,#,#,"-1.2999999999999998,5.3","-6.200000000000001,14.200000000000001",0.0,1.0,1.0,1,1.0,4792,4392,0.46153846153846156,0.0005246597604219697,1,1
#,"25.11,38.89",#,#,"7.45,16.55",1.0,#,1.0,#,4.0,2.0,60.0,#,"0.050000000000000266,5.949999999999999",#,#,1.0,#,#,"0.8799999999999999,7.12",#,#,"0.7999999999999998,7.2","7.02,10.98",#,#,#,0.0,#,1.0,0.0,#,"43.785,100.215",#,0.0,#,#,#,"-5.699999999999999,11.7",1.0,1.0,1.0,1,1.0,4793,4393,0.46153846153846156,0.0005246597604219697,2,2
0.0,"18.810000000000002,35.19",#,1.0,"3.38,12.620000000000001",1.0,#,4.0,7.0,#,#,40.0,#,"3.7,6.3","13.5,42.5",#,2.0,#,#,"-1.2250000000000005,7.2250000000000005","2.503,7.897","0.3999999999999999,5.6",#,#,"74.421,100.979","52.042,88.958",#,1.0,#,1.0,0.0,"1544.8500000000004,5683.15","16.865000000000002,89.13499999999999",#,#,"2.572,4.228",2023.0,#,"11.0,23.0",0.0,1.0,1.0,1,1.0,4794,4394,0.6153846153846154,0.0005246597604219697,1,1
#,"7.380000000000001,26.619999999999997",3.0,0.0,"2.59,11.41",#,2.0,7.0,#,#,1.0,#,4.1,#,#,"62.91250000000001,117.4875",#,"-1.1920000000000002,7.5920000000000005","-6.595,8.594999999999999","1.27,6.73",#,"4.4,9.6",#,#,#,"37.1495,86.6505",#,#,3.0,1.0,#,"843.25,4410.75",#,4.0,#,"3.37,4.63",#,"9.745,14.255","18.5,27.5",0.0,1.0,1.0,1,2.0,4796,4396,0.5384615384615384,0.0010493195208439393,1,1
1.0,"2.7153359299241817,26.240000000000002",0.0,#,"4.619999999999999,9.38",0.0,#,#,#,#,0.0,#,4.6,#,#,"40.275,86.525",1.0,#,#,"1.88,8.120000000000001","4.088999999999999,9.111","-1.65,5.65","5.5,10.5",#,"58.72800000000001,76.072","44.403000000000006,82.997","16.334999999999997,58.465",#,1.0,1.0,0.0,#,"27.665,60.335",0.0,#,"4.118,5.882",#,"5.8,10.2","-0.7000000000000002,10.7",0.0,1.0,1.0,1,4.0,4800,4400,0.6153846153846154,0.0020986390416878786,1,1
1.0,"26.98,41.02",#,#,#,#,2.0,3.0,1.0,#,1.0,#,#,"3.8,8.2",#,#,#,#,#,"-0.625,2.625","4.960999999999999,9.239",#,#,#,"44.595,74.405","49.26649999999999,93.7335",#,3.0,#,#,#,#,"73.765,93.83579656046848",3.0,1.0,"3.9159999999999995,5.284",2024.0,"0.7000000000000002,7.3","15.499999999999998,36.5",0.0,0.1,1.0,1,1.4,4401,4401,0.48717948717948717,0.0007345236645907575,0,0
0.0,"16.240000000000002,29.759999999999998",#,0.0,"9.379999999999999,18.62",#,1.0,0.0,5.0,4.0,1.0,#,4.6,#,"13.53,38.47",#,0.0,#,#,#,#,"2.55,9.45",#,"-0.6200000000000001,2.62","79.28299999999999,93.917",#,#,1.0,#,#,0.0,"-2140.275,3068.275","50.16,81.84",3.0,0.0,#,#,#,#,1.0,1.0,1.0,1,2.0,4802,4402,0.5384615384615384,0.0010493195208439393,1,1
0.0,"16.240000000000002,29.759999999999998",#,0.0,#,#,1.0,#,5.0,4.0,1.0,#,4.6,#,"13.53,38.47",#,0.0,#,#,#,#,#,#,"-0.6200000000000001,2.62",#,#,#,#,#,#,0.0,#,"45.21,86.78999999999999",3.0,0.0,#,#,#,"-6.350000000000001,14.350000000000001",1.0,1.0,1.0,1,2.0,4802,4402,0.41025641025641024,0.0010493195208439393,1,1
#,#,2.0,#,"5.18,8.82",1.0,2.0,3.0,#,#,1.0,#,#,#,#,"32.5,91.7",#,"6.905999999999999,13.494","-9.555,9.555","4.335,9.665","5.835500000000001,10.764500000000002",#,"2.3,5.7",#,#,"56.824999999999996,98.775","36.322,86.878",2.0,#,1.0,0.0,"1772.1999999999998,5767.8","21.290000000000003,78.71",7.0,1.0,"3.9779999999999998,5.022",#,#,#,0.0,1.0,1.0,1,3.0,4804,4404,0.5641025641025641,0.0015739792812659089,1,1
#,"30.89,43.11",#,3.0,#,#,#,1.0,#,4.0,#,60.0,4.7,#,"0.41000000000000014,41.59","19.725,69.67500000000001",#,#,#,"-1.0550000000000002,5.055","6.932999999999999,10.466999999999999","2.0,6.0",#,#,"55.51800000000001,78.28200000000001","73.152,126.848",#,4.0,#,#,#,#,#,#,#,"2.86,3.94",2025.0,#,"-2.5999999999999996,16.6",1.0,1.0,1.0,1,3.0,4805,4405,0.4358974358974359,0.0015739792812659089,1,1
#,#,4.0,2.0,"5.970000000000001,10.03",1.0,#,1.0,#,4.0,#,60.0,4.7,#,"28.560000000000002,49.44",#,3.0,"2.006,8.594",#,#,#,#,#,"-4.0200000000000005,4.0200000000000005",#,"69.893,91.707",#,2.0,2.0,#,0.0,"-1212.95,1212.95","68.3,127.7",#,#,"3.268,5.9319999999999995",2024.0,#,"0.6500000000000004,9.35",0.0,1.0,1.0,2,1.0,4806,4406,0.5384615384615384,0.0010493195208439393,1,1
#,#,0.0,2.0,#,0.0,#,2.0,3.0,#,2.0,#,4.5,"5.5,10.5","22.66,49.34",#,#,"3.8315,10.9685","0.3200000000000003,31.68",#,#,#,"3.8,10.2",#,"71.97,83.3405767865821",#,#,#,0.0,1.0,#,"2913.45,7622.55",#,#,2.0,"2.582,4.418",2023.0,"7.48,14.52","3.6499999999999986,24.35",0.0,1.0,1.0,1,3.0,4807,4407,0.5384615384615384,0.0015739792812659089,1,1
#,#,0.0,#,#,#,2.0,#,#,3.0,#,#,4.2,"-0.5499999999999998,6.55","28.21,57.79",#,5.0,"-5.173,7.1795",#,#,"1.5564999999999998,7.0435",#,#,#,#,"46.452,100.148","46.733000000000004,84.267",2.0,0.0,#,#,#,#,2.0,#,#,2024.0,#,"22.45,39.55",1.0,1.0,1.0,1,3.0,4810,4410,0.41025641025641024,0.0015739792812659089,1,1
#,"16.93,27.07",#,0.0,"10.64,17.36",#,0.0,#,3.0,#,#,75.0,4.5,#,#,#,#,#,#,#,"1.7125,8.6875","-2.5999999999999996,4.6","6.8,11.2",#,#,#,#,4.0,#,#,1.0,#,#,4.0,#,"3.12,5.28",2025.0,#,"18.65,39.35",0.0,1.0,1.0,1,1.0,4811,4411,0.41025641025641024,0.0005246597604219697,1,1
0.0,#,0.0,0.0,#,1.0,0.0,2.0,#,#,2.0,#,4.5,"-1.5499999999999998,5.55","30.46,45.54","30.312499999999996,77.4875",4.0,#,#,#,"0.2609999999999997,4.539","4.75,7.25","0.8500000000000001,7.15","0.6999999999999997,7.300000000000001",#,"45.2225,82.97749999999999","45.461,70.739",0.0,#,#,#,"-2532.9249999999997,2532.9249999999997",#,4.0,#,"1.1360000000000001,2.864",#,#,#,1.0,1.0,1.0,1,3.0,4812,4412,0.5641025641025641,0.0015739792812659089,1,1
0.0,"17.11,30.89",#,#,"-2.17,2.17",#,#,6.0,#,#,2.0,#,4.2,"3.85,8.15",#,"58.637499999999996,111.36250000000001",2.0,#,"-6.615,6.615",#,#,#,"1.1499999999999995,6.8500000000000005",#,"49.879000000000005,77.521",#,"55.229000000000006,83.571",1.0,2.0,#,0.0,#,"36.17,69.83",3.0,0.0,#,2025.0,#,"8.899999999999999,19.1",1.0,1.0,1.0,1,1.0,4813,4413,0.5384615384615384,0.0005246597604219697,2,2
#,"16.49,23.51",#,#,"11.129999999999999,16.87",#,#,2.0,#,4.0,#,75.0,4.5,"0.25,5.75",#,"37.61250000000001,92.1875",#,#,"-16.415000000000003,16.415000000000003","5.205,10.795","3.2054999999999993,9.9945","2.3499999999999996,5.65","3.436107842194964,8.9","-0.3600000000000003,6.36","47.111000000000004,79.089","46.169,94.831",#,#,5.0,1.0,#,#,#,0.0,#,"2.426,3.974",2025.0,#,#,0.0,1.0,1.0,1,1.0,4814,4414,0.5384615384615384,0.0005246597604219697,1,1
#,#,0.0,2.0,#,0.0,#,#,3.0,#,2.0,75.0,4.5,"3.7,6.3","22.11,45.89","7.712499999999999,69.51182995605262",#,#,"-7.129999999999999,29.13",#,"2.9915,9.4085","2.4,7.6","3.5999999999999996,6.4",#,#,"82.6565,110.3435",#,7.0,#,1.0,#,#,"57.24,104.75999999999999",1.0,1.0,#,#,#,#,0.0,1.0,1.0,1,2.0,4818,4418,0.5128205128205128,0.0010493195208439393,1,1
#,#,#,3.0,"-0.8900000000000001,2.89",#,2.0,1.0,#,#,2.0,60.0,#,"2.15,5.85","-3.7200000000000024,35.72",#,#,#,"4.279999999999999,31.72","0.71,9.29","2.4795,5.9205000000000005",#,"4.55,7.45",#,#,#,"28.527,52.272999999999996",3.0,1.0,#,#,"2299.475,6794.525","45.36,116.64",#,#,"3.5799999999999996,5.02",2025.0,#,#,0.0,1.0,1.0,1,3.0,4819,4419,0.48717948717948717,0.0015739792812659089,1,1
0.0,#,0.0,#,#,#,#,#,#,4.0,0.0,90.0,#,"4.05,7.95",#,#,8.0,"-4.7155000000000005,5.7155000000000005",#,"0.71,9.29",#,"2.4999999999999996,11.067899824901332","-0.4500000000000002,6.45",#,#,#,#,4.0,0.0,1.0,#,"5202.725,7557.275",#,6.0,1.0,#,2025.0,"8.129999999999999,11.870000000000001",#,0.0,1.0,1.0,1,3.0,4823,4423,0.48717948717948717,0.0015739792812659089,1,1
#,"17.810000000000002,34.19",3.0,0.0,#,1.0,#,1.0,0.0,#,#,#,#,#,"8.92,39.08","36.099999999999994,80.5",5.0,#,"-3.8600000000000003,9.86","3.53,8.47","5.882000000000001,10.718","1.0500000000000003,6.949999999999999",#,"-3.2,5.2","63.399,80.201",#,"30.748,64.452",#,2.0,#,#,"-2104.825,2104.825",#,#,1.0,#,2024.0,"1.9749999999999996,8.025","17.3,28.7",0.0,1.0,1.0,1,3.0,4825,4425,0.5641025641025641,0.0015739792812659089,1,1
0.0,#,0.0,#,#,1.0,0.0,0.0,5.0,#,#,#,4.6,"1.2000000000000002,4.8",#,"10.6875,74.5125",#,#,#,#,"1.8865,5.5135000000000005",#,"0.0,6.0",#,"81.10499999999999,105.495","41.4445,82.5555","42.765,77.235",#,#,1.0,#,#,#,4.0,#,#,#,#,"-1.9000000000000004,11.9",1.0,1.0,1.0,1,1.0,4826,4426,0.4358974358974359,0.0005246597604219697,2,2
#,"23.41,34.59",#,3.0,#,#,#,#,#,0.0,#,#,#,#,"18.66,45.34","67.27365446988229,136.09966777103818",#,#,#,"7.92,12.08","3.8609999999999998,8.139",#,"1.9499999999999997,6.050000000000001",#,#,#,#,#,#,#,#,#,#,2.0,#,#,2024.0,"9.415,14.585","16.15,33.85",0.0,1.0,1.0,2,1.0,4828,4428,0.3076923076923077,0.0010493195208439393,1,1
#,"11.8,22.2",#,2.0,"0.6400000000000001,7.359999999999999",#,0.0,0.0,5.0,#,1.0,#,#,#,#,"46.97500000000001,85.825",#,#,#,#,"8.3725,11.6275",#,"1.25,6.75","3.96,8.04",#,#,#,#,#,0.0,1.0,#,#,2.0,#,"4.005999999999999,5.194",#,#,"13.1,32.9",1.0,1.0,1.0,1,3.0,4829,4429,0.41025641025641024,0.0015739792812659089,1,1
#,"7.77,26.23",#,#,#,1.0,2.0,2.0,3.0,#,#,75.0,#,"5.05,8.95",#,"56.3875,98.0125",#,#,"-12.19,18.189999999999998","6.19,15.809999999999999",#,#,"4.9,9.1",#,#,"74.37599999999999,101.224",#,#,5.0,1.0,0.0,#,"51.19,88.81",#,#,"3.878,4.922000000000001",#,"1.9299999999999997,10.07",#,0.0,1.0,1.0,1,1.0,4830,4430,0.46153846153846156,0.0005246597604219697,2,2
#,"16.509999999999998,24.043961458536316",#,#,#,#,2.0,7.0,#,#,#,#,4.1,#,#,#,3.0,#,#,#,"4.359,11.241","-3.4000000000000004,3.4000000000000004",#,#,#,#,"1.8030000000000008,46.997",#,#,0.0,0.0,#,#,0.0,0.0,#,2024.0,"3.625,6.375",#,0.0,0.1,1.0,1,2.0,4434,4434,0.358974358974359,0.0010493195208439393,0,0
#,"17.68,34.32",#,#,"-2.9000000000000004,6.9",#,0.0,3.0,1.0,#,#,#,4.3,#,"12.18,45.82","20.637500000000003,88.1625",1.0,#,"-12.415000000000003,20.415000000000003","0.855,5.145",#,"-1.9,3.9",#,"-2.1400000000000006,6.140000000000001",#,#,#,#,1.0,#,0.0,#,#,2.0,0.0,#,2025.0,#,"17.200000000000003,38.8",0.0,1.0,1.0,1,1.0,4835,4435,0.48717948717948717,0.0005246597604219697,1,1
1.0,"10.29,27.71",#,0.0,#,0.0,2.0,#,#,4.0,1.0,#,#,"0.3500000000000001,7.65",#,"11.725000000000001,39.475",1.0,#,"-10.209999999999999,18.21","3.79,8.21",#,"1.0499999999999998,4.95",#,#,#,"4.100499999999997,38.499500000000005",#,#,5.0,#,0.0,"1821.5249999999999,5888.475",#,1.0,1.0,"2.428,4.372",2024.0,"-2.96,4.96",#,0.0,1.0,1.0,1,1.0,4839,4439,0.5641025641025641,0.0005246597604219697,2,2
#,#,2.0,#,"-2.17,2.17",0.0,#,#,#,#,#,30.0,#,#,#,"9.737499999999997,69.8625",3.0,#,"-16.150000000000002,18.150000000000002",#,"2.4284999999999997,7.1715","1.1,6.9","2.5999999999999996,9.4",#,#,#,#,#,#,#,0.0,"-1926.45,998.8386059101382","59.2,98.8",#,1.0,"3.5599999999999996,4.64",2023.0,"8.635,13.365",#,0.0,1.0,1.0,1,2.0,4844,4444,0.4358974358974359,0.0010493195208439393,1,1
#,#,#,#,"-3.9200000000000004,3.9200000000000004",1.0,0.0,#,1.0,#,1.0,30.0,4.3,"5.75,10.25",#,#,2.0,"1.7674999999999992,11.8325","-11.68,19.68","1.375,4.625","2.412,5.388",#,"3.25,10.75",#,#,"77.8055,120.59450000000001","26.81,49.78999999999999",1.0,3.0,1.0,0.0,"1366.125,6003.875","23.21,64.78999999999999",2.0,1.0,"3.1279999999999997,5.072",2024.0,"0.040000000000000036,7.96","19.35,40.65",1.0,1.0,1.0,1,3.0,4845,4445,0.717948717948718,0.0015739792812659089,1,1
1.0,"16.8,27.2",#,#,"-3.9200000000000004,3.9200000000000004",1.0,0.0,#,1.0,#,#,30.0,#,"5.75,10.25",#,#,2.0,"1.7674999999999992,11.8325","-11.68,19.68","1.375,4.625","2.412,5.388",#,#,#,#,"77.8055,120.59450000000001","26.81,49.78999999999999",1.0,3.0,1.0,#,"1366.125,6003.875","23.21,64.78999999999999",2.0,1.0,"3.1279999999999997,5.072",2024.0,"0.040000000000000036,7.96","19.35,40.65",1.0,1.0,1.0,1,3.0,4845,4445,0.6666666666666666,0.0015739792812659089,1,1
1.0,#,0.0,#,"-4.97,4.97",#,0.0,#,5.0,#,1.0,#,4.6,"5.0,11.0","22.4,45.6",#,#,#,"-9.455,19.455","-0.6150000000000002,8.615",#,"-0.75,4.75",#,"2.6999999999999997,9.3",#,#,#,2.0,1.0,#,#,#,#,1.0,#,"2.266,4.534",2025.0,#,"6.85,19.15",1.0,1.0,1.0,1,4.0,4846,4446,0.48717948717948717,0.0020986390416878786,1,1
1.0,#,0.0,0.0,"8.2,13.8",#,2.0,#,#,#,#,90.0,#,"-1.1724322063649226,6.65",#,"16.074999999999996,84.525",2.0,#,"-5.37,7.37",#,#,#,"1.75,6.25",#,#,"42.43499999999999,101.165",#,4.0,#,1.0,#,#,#,2.0,#,#,#,#,#,1,0.0,0.0,1,3.0,4447,4447,0.38461538461538464,0.0015739792812659089,0,1
1.0,"20.58,29.42",4.0,#,#,1.0,#,#,4.0,#,#,90.0,#,#,"24.02,59.980000000000004",#,4.0,"2.5524999999999993,14.447500000000002",#,"-2.055,4.055","0.45650000000000013,5.9435","3.4000000000000004,10.6",#,"2.08,5.92","63.589,85.811","84.4785,115.5215","63.425,82.575",#,2.0,0.0,0.0,"-2283.2000000000003,2283.2000000000003",#,#,#,"3.002,5.1979999999999995",2024.0,#,"13.05,28.95",1.0,1.0,1.0,2,1.0,4848,4448,0.5897435897435898,0.0010493195208439393,2,2
1.0,#,#,2.0,#,#,2.0,#,#,4.0,1.0,#,#,#,"29.759999999999998,62.24","28.487500000000004,84.9125",#,"1.7994999999999992,10.400500000000001",#,"1.2300000000000004,8.77",#,#,#,#,#,#,"55.08200000000001,90.318",#,#,1.0,0.0,#,#,3.0,1.0,"4.352,5.648",#,#,"21.65,30.35",1.0,1.0,1.0,1,4.0,4849,4449,0.41025641025641024,0.0020986390416878786,1,1
1.0,#,#,2.0,#,#,2.0,#,#,4.0,#,#,#,#,"29.759999999999998,62.24","28.487500000000004,84.9125",#,"1.7994999999999992,10.400500000000001",#,#,#,#,#,#,#,#,"55.08200000000001,90.318",#,#,1.0,0.0,#,#,3.0,1.0,"4.352,5.648",#,#,#,1.0,1.0,1.0,1,4.0,4849,4449,0.3333333333333333,0.0020986390416878786,1,1
#,#,#,#,"-3.0599999999999996,5.06",1.0,2.0,#,3.0,4.0,#,75.0,#,#,"16.669375268958117,43.41",#,#,#,#,#,#,#,#,"1.3599999999999999,6.640000000000001",#,#,#,0.0,2.0,#,0.0,"-1391.325,1391.325",#,#,#,"4.316,5.684",#,#,"-1.2000000000000002,7.2",0.0,1.0,1.0,1,1.0,4856,4456,0.358974358974359,0.0005246597604219697,1,1
#,"24.85,39.15",3.0,#,#,1.0,0.0,3.0,1.0,#,#,30.0,#,"1.85,6.15",#,"51.275,119.725",1.0,#,"-3.2700000000000014,19.270000000000003","3.245,6.755","4.538,10.862","2.6999999999999997,7.300000000000001","2.3499999999999996,7.65",#,#,"50.4445,91.5555","37.073,89.92699999999999",2.0,#,1.0,0.0,"1980.3749999999998,4477.625","5.865000000000002,78.13499999999999",#,0.0,"2.792,4.808",2024.0,#,#,1.0,1.0,1.0,1,1.0,4861,4461,0.6410256410256411,0.0005246597604219697,2,2
1.0,#,#,0.0,#,0.0,#,2.0,3.0,#,#,75.0,#,#,#,#,#,#,#,#,"4.782,9.618",#,"4.1,9.9","1.3399999999999999,8.66","56.785000000000004,92.01500000000001","64.0395,96.76050000000001",#,#,#,1.0,0.0,"3719.875,7644.125",#,#,0.0,"3.9,5.7",#,#,#,1.0,1.0,1.0,1,2.0,4863,4463,0.41025641025641024,0.0010493195208439393,1,1
0.0,#,0.0,#,"4.87,13.129999999999999",0.0,2.0,3.0,1.0,2.0,1.0,#,4.3,#,#,"49.6875,76.5125",#,#,"-2.0649999999999995,16.064999999999998",#,"7.498,10.102",#,"1.2499999999999998,4.75","-0.54,6.54","56.356,91.04400000000001","32.437,60.96300000000001",#,3.0,5.0,#,0.0,"1855.225,5636.775",#,4.0,#,#,#,#,"-9.500000000000002,11.500000000000002",1.0,1.0,1.0,1,1.0,4866,4466,0.5897435897435898,0.0005246597604219697,1,1
#,"25.03,42.97",#,#,#,#,#,#,#,4.0,#,75.0,#,#,"28.59,45.41","18.9375,79.0625",#,#,"-13.965000000000002,13.965000000000002","5.295,12.705",#,"2.05,5.95",#,"2.1799999999999997,7.82","50.669000000000004,83.731","45.210499999999996,96.3895","24.401000000000003,64.999",#,5.0,#,#,#,#,2.0,3.0,#,2025.0,"3.3600000000000003,8.64",#,1.0,1.0,1.0,1,3.0,4870,4470,0.4358974358974359,0.0015739792812659089,1,1
#,#,#,#,"0.16999999999999993,9.83",#,#,#,#,0.0,1.0,#,#,"3.25,10.75","31.41,72.59",#,0.0,#,"4.67,21.33","-1.3550000000000004,7.355",#,#,"-1.8936279382500572,3.0",#,#,#,"63.565,98.035",2.0,5.0,#,#,"1445.8500000000004,5584.15",#,#,#,"2.4779999999999998,3.5220000000000002",#,"-0.43000000000000016,2.43",#,1.0,1.0,1.0,1,3.0,4871,4471,0.38461538461538464,0.0015739792812659089,1,1
#,"20.9,39.1",0.0,0.0,"2.8900000000000006,13.11",1.0,#,#,4.0,#,0.0,90.0,4.6,#,"37.43,56.57",#,2.0,"8.937999999999999,14.062000000000001",#,"1.7249999999999996,6.275","4.01,9.59",#,"2.2,5.8",#,#,#,#,1.0,0.0,#,0.0,#,"22.31,83.69",#,1.0,#,#,"7.415,12.585","17.85,36.15",0.0,1.0,1.0,2,1.0,4873,4473,0.5641025641025641,0.0010493195208439393,1,1
#,#,#,#,#,1.0,2.0,#,2.0,0.0,1.0,25.0,#,"1.5999999999999999,4.4",#,#,0.0,"-5.2645,6.2645",#,"-0.835,6.835",#,#,#,"-2.5,6.5",#,#,#,#,1.0,1.0,#,#,#,3.0,1.0,"3.8619999999999997,5.338",2023.0,#,#,0.0,1.0,1.0,1,1.0,4874,4474,0.4358974358974359,0.0005246597604219697,1,1
1.0,#,#,#,#,#,#,6.0,6.0,#,2.0,#,4.2,"0.7999999999999998,5.2",#,#,3.0,#,"-10.435,20.435000000000002",#,"5.460999999999999,9.739",#,#,#,"62.266000000000005,91.534","58.41749999999999,87.7825","50.428999999999995,78.77099999999999",5.0,1.0,1.0,#,#,"64.625,89.375",2.0,#,#,#,#,#,0.0,1.0,1.0,1,2.0,4877,4477,0.4358974358974359,0.0010493195208439393,1,1
0.0,#,#,2.0,#,#,0.0,#,1.0,#,#,30.0,4.3,"3.3,6.7","1.2799999999999976,40.72","54.900000000000006,121.5",2.0,"2.794999999999998,15.605",#,#,#,#,#,#,"52.974999999999994,93.625",#,"43.901,84.499",2.0,#,#,0.0,#,"59.785,116.215",#,1.0,"4.028,5.972",2024.0,"8.075,11.925","17.1,30.9",1.0,1.0,1.0,1,1.0,4878,4478,0.5384615384615384,0.0005246597604219697,2,2
#,#,#,2.0,#,#,#,#,2.0,#,1.0,#,4.1,#,"27.73,64.27",#,#,#,#,"6.49,16.11917583910118",#,#,#,#,"61.892,87.908",#,#,4.0,5.0,#,0.0,"2244.425,4313.575","28.784999999999997,85.215",#,1.0,#,2024.0,#,#,0.0,1.0,1.0,1,1.0,4879,4479,0.358974358974359,0.0005246597604219697,1,1
#,#,#,#,#,0.0,#,7.0,2.0,0.0,#,#,4.1,"2.75,7.25",#,#,#,#,"-10.375,36.56429649281061","3.945,10.055",#,"1.5999999999999996,8.4",#,#,#,"50.864000000000004,91.136",#,2.0,#,#,0.0,#,#,#,#,#,#,#,#,1.0,1.0,1.0,1,3.0,4880,4480,0.3076923076923077,0.0015739792812659089,2,2
#,"15.42,32.58",3.0,2.0,"4.66,13.34",0.0,#,7.0,#,#,#,25.0,4.1,#,"24.75,39.25","57.7875,114.2125",#,"7.129499999999999,12.0705","0.7299999999999986,23.270000000000003","5.05,8.95","4.359,11.241","3.1,8.9",#,"3.02,6.98","81.56299999999999,107.037","73.5715,126.4285",#,#,#,1.0,#,"1669.65,4666.35",#,6.0,0.0,#,#,#,#,1.0,1.0,1.0,1,2.0,4881,4481,0.5641025641025641,0.0010493195208439393,1,1
#,"14.89,27.11",0.0,2.0,#,#,2.0,3.0,#,#,1.0,#,#,#,#,"31.962500000000002,90.2375",2.0,"0.012499999999999734,4.5875",#,"3.9050000000000002,12.094999999999999","6.4375,8.7625","0.14999999999999947,5.8500000000000005",#,#,"65.10499999999999,89.495",#,#,#,5.0,1.0,#,"1547.575,5186.425",#,2.0,0.0,#,#,"3.6350000000000002,8.365","8.1,15.9",0.0,1.0,1.0,1,1.0,4882,4482,0.5128205128205128,0.0005246597604219697,1,1
#,#,#,#,"-2.4299999999999997,4.43",0.0,#,6.0,6.0,3.0,2.0,#,4.2,#,"6.02,41.980000000000004","16.012500000000003,48.3875",1.0,"-3.8920000000000003,4.892",#,#,#,#,#,"-3.38,5.38",#,"73.5715,126.4285","21.404999999999998,71.195",#,#,#,#,#,"53.129999999999995,78.87",#,1.0,"2.25,4.95",2024.0,#,#,1.0,1.0,1.0,1,3.0,4884,4484,0.46153846153846156,0.0015739792812659089,1,1
#,"15.77,34.230000000000004",0.0,3.0,#,2.0,#,#,#,#,#,50.0,#,"2.6,7.4","26.79,55.21","62.1125,109.28750000000001",2.0,"0.37199999999999944,6.228",#,#,#,#,#,"4.84,9.16",#,"18.693499999999993,74.9065","37.788,86.812",#,#,1.0,#,#,#,4.0,#,"2.34,4.86",2023.0,"8.185,11.815","11.1,24.9",1.0,1.0,1.0,1,1.0,4886,4486,0.48717948717948717,0.0005246597604219697,2,2
0.0,#,#,#,"1.27,6.73",1.0,#,#,0.0,4.0,2.0,60.0,4.7,"-1.5499999999999998,5.55","25.85,46.15","24.712500000000002,79.2875",#,#,"9.14,22.86",#,"7.072499999999999,10.327499999999999",#,"2.0723208678583207,10.0",#,#,"36.217499999999994,65.5825",#,#,#,#,#,"2358.725,7567.275",#,#,1.0,#,2025.0,#,"9.1,28.9",1.0,1.0,1.0,1,2.0,4887,4487,0.48717948717948717,0.0010493195208439393,1,1
0.0,#,0.0,2.0,#,#,#,#,5.0,4.0,1.0,#,#,#,#,#,2.0,"-6.362500000000001,7.362500000000001","-12.66,20.66",#,"6.7540000000000004,10.846","4.1,9.9",#,#,"48.459,86.941","42.15449999999999,100.0455","30.39,84.01",3.0,4.0,#,#,#,"67.645,96.355",4.0,1.0,#,#,"1.895057134127141,6.87",#,1.0,1.0,1.0,1,4.0,4889,4489,0.5128205128205128,0.0020986390416878786,1,1
#,"14.38,33.62",#,#,#,0.0,#,#,#,4.0,#,#,4.7,"0.4500000000000002,5.55","37.82,62.18",#,#,"1.0719999999999996,6.928000000000001",#,"-0.09499999999999975,8.094999999999999",#,"1.5,4.5","5.5,8.5","0.28000000000000025,7.72","62.62100000000001,89.179","44.278499999999994,75.3215","27.224,82.37599999999999",2.0,#,#,#,"-972.6250000000002,1524.6250000000002","13.835,80.16499999999999",#,#,#,2025.0,"-0.6949999999999998,4.695","17.35,32.65",1.0,1.0,1.0,1,1.0,4891,4491,0.5128205128205128,0.0005246597604219697,1,1
#,#,#,#,#,#,#,6.0,#,3.0,#,#,#,"5.65,8.35",#,#,#,#,#,#,#,#,"2.1,5.9",#,#,#,"48.078,74.122",2.0,3.0,#,#,#,#,0.0,#,#,#,"6.515,9.485",#,1.0,1.0,1.0,1,2.0,4892,4492,0.23076923076923078,0.0010493195208439393,1,1
#,#,#,2.0,#,0.0,#,#,6.0,#,2.0,#,#,"3.1,8.9","21.560000000000002,42.44","79.64013442542296,87.52499999999999",#,#,#,"2.685,13.972076878238457","3.803,9.197","0.4500000000000002,5.55","5.6,8.4",#,"64.94299999999998,101.257","63.730000000000004,114.07000000000001",#,#,5.0,#,0.0,#,"29.805,90.195",0.0,1.0,#,#,"8.92,15.08",#,0.0,0.1,1.0,1,1.0,4493,4493,0.48717948717948717,0.0005246597604219697,0,0
0.0,"22.49,29.51",3.0,#,"8.870000000000001,17.13",1.0,#,4.0,#,1.0,#,#,#,#,#,"4.0,70.6",5.0,#,"-10.515,12.515","-0.4700000000000002,4.470000000000001","3.9864999999999995,7.6135","0.5999999999999996,7.4","4.35,7.65",#,"54.946,95.054",#,"20.318,61.682",5.0,2.0,#,0.0,"-1641.0500000000002,1641.0500000000002","63.865,136.135",#,0.0,#,2024.0,#,#,0.0,1.0,1.0,1,1.0,4895,4495,0.5897435897435898,0.0005246597604219697,2,2
0.0,"24.54,35.46",3.0,0.0,#,1.0,2.0,5.0,#,4.0,0.0,#,4.6,#,#,#,2.0,#,#,#,"3.3865,7.0135000000000005","4.0,11.66979736100551",#,"-2.5,6.5","49.646,89.754",#,#,1.0,5.0,#,0.0,"4315.1,9166.9","49.785,106.215",#,0.0,"4.388,5.612",#,#,"19.9,36.1",0.0,1.0,1.0,1,2.0,4896,4496,0.5897435897435898,0.0010493195208439393,1,1
#,#,#,2.0,#,#,2.0,#,#,2.0,#,30.0,4.3,"3.6999999999999997,8.3",#,#,4.0,"-0.9450000000000001,4.545",#,"1.5549999999999997,8.445",#,"2.5,7.857290118119232",#,#,"74.834,75.95812145580818",#,"46.295,73.105",#,#,1.0,#,"1708.5,5989.5","64.805,125.195",3.0,2.0,#,2024.0,#,"16.0,34.0",1.0,0.1,1.0,1,2.0,4498,4498,0.48717948717948717,0.0010493195208439393,0,0
#,#,#,2.0,#,#,2.0,#,1.0,2.0,#,30.0,4.3,"3.6999999999999997,8.3",#,"59.7,126.3",4.0,"-0.9450000000000001,4.545",#,"1.5549999999999997,14.41684625327965",#,"2.5,5.5","3.55,8.45",#,"74.834,87.95662191914825",#,"46.295,73.105",#,#,1.0,#,"1708.5,5989.5","64.805,125.195",3.0,2.0,#,2024.0,#,#,1.0,1.0,1.0,1,2.0,4898,4498,0.5384615384615384,0.0010493195208439393,1,1
1.0,#,#,#,"-2.8000000000000003,2.8000000000000003",#,2.0,2.0,#,4.0,2.0,75.0,4.5,#,#,#,#,"5.382499999999999,13.6175","-14.375,22.375",#,"6.398,9.002","2.35,9.65",#,"-0.3600000000000003,6.36",#,#,#,2.0,0.0,1.0,#,"4085.35,6796.65",#,0.0,#,#,2024.0,#,#,1.0,1.0,1.0,1,2.0,4902,4502,0.48717948717948717,0.0010493195208439393,1,1
1.0,#,#,#,"-2.8000000000000003,2.8000000000000003",#,2.0,2.0,#,4.0,2.0,75.0,4.5,#,#,#,#,"5.382499999999999,13.6175","-14.375,22.375",#,"6.398,9.002","2.35,9.65",#,#,"73.157,91.04299999999999",#,"53.295,80.105",2.0,0.0,1.0,#,"4085.35,6796.65","27.824999999999996,92.17500000000001",0.0,#,#,#,#,#,1.0,1.0,1.0,1,2.0,4902,4502,0.5128205128205128,0.0010493195208439393,1,1
0.0,"28.71,37.29",1.0,#,#,1.0,2.0,1.0,0.0,#,2.0,#,4.7,#,"20.54,63.46",#,#,#,"0.16000000000000014,15.84","3.375,6.625","2.2984999999999998,8.901499999999999","2.1499999999999995,7.8500000000000005","3.7,6.3","-0.96,6.96",#,"62.259,94.141","37.912000000000006,65.488",1.0,5.0,1.0,#,"2029.8500000000004,6168.15","51.290000000000006,108.71",2.0,0.0,#,2023.0,"7.755000000000001,14.245","4.2,13.8",1.0,1.0,1.0,1,1.0,4903,4503,0.717948717948718,0.0005246597604219697,2,2
#,#,#,0.0,"9.92,16.08",0.0,2.0,#,#,#,#,90.0,4.6,"2.3499999999999996,5.65",#,#,1.0,"-0.3110000000000004,5.911",#,#,#,"0.4500000000000002,7.55","2.45,9.55",#,#,#,#,#,#,1.0,#,"5033.625,8244.375",#,1.0,0.0,"2.5039999999999996,5.096",#,"5.515,8.485",#,0.0,1.0,1.0,1,3.0,4904,4504,0.4358974358974359,0.0015739792812659089,1,1
0.0,#,#,#,"7.22,14.780000000000001",1.0,2.0,#,0.0,#,2.0,60.0,4.7,"3.6,8.4",#,#,1.0,"4.948499999999999,12.4515",#,"1.2300000000000004,8.77","5.937999999999999,12.262",#,"2.65,7.35",#,"69.81099999999999,101.789","48.1665,92.63350000000001",#,4.0,#,#,#,#,#,1.0,#,#,#,"-1.2000000000000002,3.2","12.6,29.4",0.0,1.0,1.0,1,3.0,4907,4507,0.5128205128205128,0.0015739792812659089,1,1
#,#,1.0,#,#,#,2.0,0.0,5.0,4.0,#,45.0,#,"2.25,9.75","18.18,51.82",#,4.0,"-5.6305000000000005,6.6305000000000005",#,#,"7.165499999999999,10.234499999999999","1.4500000000000002,11.209938818604963",#,#,#,#,"39.869,83.531",#,5.0,#,#,#,#,#,#,"2.066,4.3340000000000005",#,#,#,1,0.0,0.0,1,2.0,4508,4508,0.38461538461538464,0.0010493195208439393,0,1
0.0,#,3.0,2.0,"7.779999999999999,14.22",#,#,#,#,0.0,1.0,25.0,4.1,#,#,"47.162499999999994,105.4375",#,#,"-15.395,19.395",#,#,"1.25,8.75","3.4,6.6",#,#,"32.878499999999995,63.9215","48.759,69.441",#,2.0,#,#,#,"38.15,67.85",3.0,1.0,"2.85,5.550000000000001",#,#,#,0.0,1.0,1.0,1,2.0,4909,4509,0.48717948717948717,0.0010493195208439393,1,1
0.0,#,3.0,2.0,"7.779999999999999,14.22",#,#,#,#,0.0,1.0,25.0,4.1,#,"21.279999999999998,60.72","47.162499999999994,105.4375",0.0,"-4.8069999999999995,5.8069999999999995","-15.395,19.395","1.4249999999999998,8.575",#,#,"3.4,6.6",#,#,#,"48.759,69.441",#,2.0,#,#,#,"38.15,67.85",3.0,1.0,"2.85,5.550000000000001",#,#,#,0.0,1.0,1.0,1,2.0,4909,4509,0.5384615384615384,0.0010493195208439393,1,1
#,#,#,#,#,#,2.0,3.0,#,#,#,#,#,"2.8,9.2",#,#,2.0,#,#,"2.1,9.9",#,#,#,"4.5,13.5",#,#,#,#,#,#,0.0,#,#,3.0,#,#,#,#,#,0.0,1.0,1.0,1,3.0,4910,4510,0.20512820512820512,0.0015739792812659089,1,1
#,#,#,#,#,#,2.0,3.0,#,#,#,#,#,"2.8,9.2",#,#,2.0,#,#,"2.1,9.9","1.7979999999999998,4.402",#,"4.5,11.5",#,#,#,#,#,#,#,0.0,#,"63.635,90.365",3.0,#,#,#,#,#,0.0,1.0,1.0,1,3.0,4910,4510,0.2564102564102564,0.0015739792812659089,1,1
1.0,"12.5,25.5",3.0,3.0,"2.11,5.890000000000001",0.0,#,1.0,0.0,4.0,2.0,60.0,#,"5.3,8.7",#,#,1.0,"-1.6495000000000006,8.049500000000002",#,"3.945,10.055",#,"2.5,7.5",#,"1.02,4.98","51.301,88.699","49.91299999999999,105.287",#,#,#,1.0,#,#,"78.15,107.85",4.0,1.0,"3.812,6.188000000000001",2024.0,"5.92,12.08",#,0,0.0,0.0,1,2.0,4511,4511,0.6666666666666666,0.0010493195208439393,0,1
1.0,"12.5,25.5",3.0,#,"2.11,5.890000000000001",0.0,#,1.0,0.0,4.0,2.0,60.0,#,"5.3,8.7",#,#,1.0,"-1.6495000000000006,8.049500000000002",#,"3.945,10.055","5.670499999999999,11.5295","2.5,7.5",#,"1.02,4.98",#,"49.91299999999999,105.287",#,#,#,1.0,#,"3494.925,6991.075","78.15,107.85",4.0,#,"3.812,6.188000000000001",2024.0,"5.92,12.08",#,1.0,1.0,1.0,1,2.0,4911,4511,0.6410256410256411,0.0010493195208439393,1,1
#,"19.75,26.25",1.0,#,#,1.0,2.0,#,5.0,4.0,1.0,#,#,"0.6999999999999997,7.300000000000001",#,"31.6125,86.1875",1.0,#,"-4.76,18.759999999999998",#,#,#,"4.75,7.25",#,#,"46.84949999999999,96.3505","35.944,60.456",#,#,0.0,0.0,#,#,#,0.0,#,2024.0,"5.085,10.915","-1.4500000000000002,11.45",0.0,1.0,1.0,1,2.0,4914,4514,0.5128205128205128,0.0010493195208439393,1,1
0.0,#,#,0.0,"-2.4299999999999997,4.43",1.0,2.0,#,6.0,3.0,#,#,4.2,"3.5,6.5",#,#,5.0,"-1.9175000000000004,6.317500000000001","-15.415000000000003,17.415000000000003",#,"4.458500000000001,7.3415",#,"5.8,10.2","1.94,8.06","42.411,74.389","81.1225,118.8775",#,2.0,#,#,#,#,#,1.0,#,#,#,#,"4.8999999999999995,23.8005539880783",1.0,1.0,1.0,1,2.0,4915,4515,0.5128205128205128,0.0010493195208439393,1,1
0.0,#,#,0.0,"-2.4299999999999997,4.43",1.0,2.0,#,6.0,3.0,#,#,4.2,"3.5,6.5",#,"44.3125,113.6875",5.0,"-1.9175000000000004,6.317500000000001","-15.415000000000003,17.415000000000003",#,"4.458500000000001,7.3415",#,"5.8,10.2",#,"42.411,74.389","81.1225,118.8775",#,2.0,#,#,#,#,#,1.0,3.0,#,#,#,"4.8999999999999995,15.100000000000001",1.0,1.0,1.0,1,2.0,4915,4515,0.5384615384615384,0.0010493195208439393,1,1
0.0,#,3.0,#,"4.890000000000001,15.11",#,#,5.0,4.0,#,0.0,90.0,#,#,"15.59,32.41",#,1.0,#,"-1.125,11.125",#,"6.265499999999999,9.3345","2.95,9.05","1.0,7.0","1.54,6.46","49.688,88.712","8.3155,67.8845",#,#,1.0,1.0,#,"5636.65,8633.35","23.674999999999997,58.325",#,#,#,2024.0,#,#,1.0,1.0,1.0,2,2.0,4916,4516,0.5384615384615384,0.0020986390416878786,1,1
0.0,#,3.0,#,"4.890000000000001,15.11",#,#,#,4.0,4.0,0.0,90.0,#,#,"15.59,32.41",#,1.0,#,"-1.125,11.125",#,#,"2.95,4.765960561773765","1.0,7.0","1.54,6.46","49.688,88.712","8.3155,67.8845",#,2.0,1.0,1.0,0.0,#,"23.674999999999997,58.325",#,#,#,2024.0,#,#,1.0,0.1,1.0,1,1.0,4516,4516,0.5384615384615384,0.0005246597604219697,0,0
#,#,0.0,#,#,#,#,3.0,1.0,#,#,#,4.3,#,#,#,1.0,#,"-6.23,20.23",#,"2.8794999999999993,6.3205","2.1999999999999997,7.800000000000001","1.35,8.65",#,#,"28.519282430399198,73.992",#,0.0,#,0.0,#,"-964.1995470309556,1676.7250000000001",#,1.0,#,#,2025.0,"1.0950000000000002,8.905",#,0.0,1.0,1.0,1,3.0,4919,4519,0.41025641025641024,0.0015739792812659089,1,1
#,#,#,0.0,"-1.3399999999999999,7.34",#,#,3.0,1.0,2.0,1.0,30.0,#,#,"24.95,51.05",#,2.0,#,#,#,#,"0.04999999999999982,3.95",#,#,#,#,"8.141000000000005,64.059",#,0.0,#,#,#,#,#,3.0,"4.226,5.774",#,#,#,0.0,1.0,1.0,1,4.0,4920,4520,0.358974358974359,0.0020986390416878786,1,1
#,"10.25,29.75",#,0.0,"-1.3399999999999999,7.34",#,#,3.0,1.0,2.0,1.0,30.0,#,"3.4,6.6",#,#,2.0,"-4.6240000000000006,5.6240000000000006",#,#,#,"0.04999999999999982,3.95",#,#,#,#,"11.588000000000001,60.612",#,0.0,#,#,"1906.6000000000001,5331.4",#,#,3.0,#,#,#,#,0.0,1.0,1.0,1,4.0,4920,4520,0.41025641025641024,0.0020986390416878786,1,1
0.0,#,#,0.0,#,0.0,1.0,#,#,4.0,1.0,45.0,#,"1.35,8.65",#,"48.849999999999994,111.75",#,"-2.8855,3.8855",#,"2.3200000000000003,11.68","2.2495,7.550500000000001","2.9499999999999997,7.050000000000001",#,"1.42,6.58","76.146,116.254",#,#,2.0,#,#,1.0,"2164.3,5303.7",#,#,1.0,#,2025.0,#,#,0.0,1.0,1.0,1,2.0,4921,4521,0.5128205128205128,0.0010493195208439393,1,1
0.0,#,0.0,#,#,#,#,0.0,5.0,4.0,#,#,4.6,#,#,#,1.0,"-3.9220000000000006,8.522","14.77,41.230000000000004",#,#,"-0.9115795413670384,5.6",#,"-2.7,2.7",#,"53.60799999999999,100.592","28.454000000000004,75.946",#,5.0,1.0,0.0,"3330.375,5827.625",#,1.0,0.0,"3.308,4.8919999999999995",#,"7.196854767345345,12.795","0.05000000000000071,21.95",1.0,1.0,1.0,1,2.0,4923,4523,0.5641025641025641,0.0010493195208439393,1,1
0.0,#,#,#,"3.3099999999999996,12.690000000000001",#,#,#,#,0.0,#,#,#,"4.05,7.95",#,#,#,"-2.758,6.758",#,"-2.8099999999999996,6.81","0.7329999999999999,4.267","2.75,7.25",#,"1.96,6.04",#,"38.364000000000004,78.636","34.907000000000004,89.293",2.0,5.0,1.0,1.0,"1595.05,4020.95","49.14,76.86",3.0,#,"3.008,4.592",#,"1.525,6.475","21.6,32.4",1.0,1.0,1.0,1,3.0,4926,4526,0.5384615384615384,0.0015739792812659089,1,1
0.0,#,#,#,#,0.0,1.0,#,#,#,#,#,4.6,#,"26.759999999999998,59.24","60.125,95.275",3.0,#,#,#,#,#,#,#,#,#,"47.495,74.305",2.0,2.0,#,0.0,#,#,#,1.0,#,2025.0,#,"16.05,37.95",0.0,1.0,1.0,1,2.0,4927,4527,0.358974358974359,0.0010493195208439393,1,1
#,"19.28,30.72",#,#,#,1.0,#,#,#,3.0,2.0,50.0,#,#,#,"10.637500000000003,70.7625",#,#,#,#,#,#,#,"-3.3200000000000003,5.32","64.654,78.74600000000001","33.9175,63.282500000000006",#,0.0,4.0,#,#,#,#,2.0,0.0,#,2024.0,#,#,0.0,1.0,1.0,1,3.0,4928,4528,0.358974358974359,0.0015739792812659089,1,1
1.0,"19.28,30.72",#,#,#,1.0,#,#,#,3.0,2.0,#,#,#,#,#,#,"-2.245,3.245",#,#,#,#,#,"-3.3200000000000003,5.32","64.654,78.74600000000001","33.9175,63.282500000000006","19.252000000000002,62.148",0.0,4.0,#,#,"-855.7,2283.7",#,2.0,0.0,#,2024.0,"10.24,13.76",#,0.0,1.0,1.0,1,3.0,4928,4528,0.4358974358974359,0.0015739792812659089,1,1
#,#,#,2.0,#,#,#,1.0,#,4.0,2.0,60.0,4.7,"0.10000000000000009,5.9","29.85,50.15","27.6125,74.78750000000001",#,#,#,"4.335,9.665","8.291,10.709",#,#,#,"49.79900000000001,66.601","34.7835,74.2165",#,3.0,#,#,#,"3995.725,6350.275",#,#,1.0,"3.8099999999999996,5.79",2024.0,"6.205,13.795",#,0.0,1.0,1.0,1,3.0,4929,4529,0.48717948717948717,0.0015739792812659089,1,1
#,#,#,2.0,#,#,2.0,1.0,#,4.0,2.0,60.0,4.7,"0.10000000000000009,5.9","29.85,50.15","27.6125,74.78750000000001",#,#,#,"4.335,9.665","8.291,10.709",#,#,"-2.9000000000000004,4.9","49.79900000000001,66.601","34.7835,74.2165",#,3.0,#,#,#,"3995.725,6350.275",#,#,1.0,"3.8099999999999996,5.79",2024.0,"6.205,13.795",#,0.0,1.0,1.0,1,3.0,4929,4529,0.5384615384615384,0.0015739792812659089,1,1
1.0,#,2.0,#,"7.45,16.55",1.0,2.0,0.0,#,#,#,45.0,4.6,"0.10000000000000009,3.381308810901552",#,"47.0770566582065,102.67500000000001",3.0,"3.6125000000000003,8.1875",#,#,"4.7444999999999995,7.2555000000000005",#,#,"-0.9000000000000004,6.9","56.05,83.14999999999999","51.6445,92.75550000000001",#,1.0,#,#,0.0,#,#,#,#,"3.2359999999999998,4.9639999999999995",#,#,"1.1499999999999995,12.850000000000001",1.0,1.0,1.0,1,4.0,4933,4533,0.5128205128205128,0.0020986390416878786,1,1
1.0,#,2.0,#,#,1.0,2.0,0.0,#,#,#,45.0,4.6,"0.10000000000000009,3.381308810901552",#,#,3.0,#,#,"-0.6150000000000002,8.615","4.7444999999999995,7.2555000000000005",#,"4.699999999999999,9.3","-0.9000000000000004,6.9",#,#,#,1.0,5.0,#,0.0,#,"4.695,51.53784104565183",#,#,#,#,#,"1.1499999999999995,12.850000000000001",1.0,1.0,1.0,1,4.0,4933,4533,0.46153846153846156,0.0020986390416878786,1,1
1.0,#,0.0,#,"-0.4299999999999997,6.43",#,#,#,2.0,#,1.0,#,4.1,#,"1.5700000000000003,40.43","65.275,104.125",#,"-0.6875,3.8875","-6.965000000000002,20.965000000000003","0.5149999999999997,9.485",#,"2.65,5.35","3.6,8.4",#,#,"51.2345,75.5655",#,#,0.0,#,0.0,"1041.1999999999998,5036.8","-3.3351569489837516,127.33269867166457",3.0,#,#,#,"3.81,10.19","13.151570661406465,36.4",0.0,1.0,1.0,2,1.0,4934,4534,0.5384615384615384,0.0010493195208439393,1,1
#,#,0.0,2.0,#,#,2.0,4.0,#,#,1.0,#,#,#,#,#,5.0,"-3.526,4.526","34.79,63.21","3.855,8.145",#,#,"3.1999999999999997,8.8","-2.26,6.26","36.724,67.076",#,#,#,#,1.0,0.0,#,"56.675,91.325",1.0,#,#,2025.0,#,#,1.0,1.0,1.0,1,1.0,4937,4537,0.4358974358974359,0.0005246597604219697,2,2
1.0,#,#,#,#,#,#,2.0,#,#,#,75.0,4.5,#,#,#,2.0,"3.3294999999999995,8.2705",#,#,#,#,#,"-1.38,7.38","57.36,79.04",#,#,#,#,#,0.0,#,"47.269999999999996,100.73",#,#,#,2023.0,#,#,1.0,1.0,1.0,2,1.0,4939,4539,0.28205128205128205,0.0010493195208439393,1,1
#,#,#,#,#,#,#,#,#,#,#,#,#,"4.1,7.9",#,#,1.0,"-2.7220000000000004,9.722000000000001","-9.7,19.7","2.335,7.665",#,"2.4,7.6",#,#,"86.179,113.821","53.971500000000006,106.8285","44.533,82.067",0.0,#,#,0.0,#,"22.18,57.82",2.0,#,#,#,"6.35,9.65",#,1.0,1.0,1.0,2,1.0,4940,4540,0.358974358974359,0.0010493195208439393,2,2
#,"16.07,31.93",#,0.0,#,#,#,#,7.0,1.0,1.0,#,#,#,#,#,1.0,#,#,"1.58,10.42",#,#,#,#,#,"43.3345,67.6655",#,#,1.0,#,1.0,"2803.125,4586.875",#,#,1.0,"3.902,6.098",2023.0,"8.645,15.355",#,1.0,1.0,1.0,1,2.0,4943,4543,0.38461538461538464,0.0010493195208439393,1,1
#,#,0.0,#,#,#,1.0,5.0,#,#,#,#,#,#,"28.72,47.28",#,5.0,"-3.16,4.16",#,"3.115,6.885",#,"-0.25,6.25","5.25,8.75","-0.96,6.96","80.321,106.87899999999999","36.31549999999999,95.8845","11.475000000000005,68.925",#,5.0,1.0,1.0,"3464.5249999999996,7531.475","19.784999999999997,76.215",1.0,#,#,2025.0,"5.14,10.86","12.55,31.45",0.0,1.0,1.0,1,2.0,4944,4544,0.5641025641025641,0.0010493195208439393,1,1
#,#,0.0,2.0,#,0.0,1.0,5.0,#,#,#,#,#,#,"28.72,47.28",#,5.0,#,#,"3.115,6.885",#,"-0.25,6.25","5.25,8.75","-0.96,6.96","80.321,82.0252805147323","36.31549999999999,95.8845","11.475000000000005,68.925",#,5.0,1.0,#,#,"19.784999999999997,76.215",1.0,#,#,2025.0,"5.14,10.86","12.55,31.45",0.0,0.1,1.0,1,2.5,4544,4544,0.5384615384615384,0.001311649401054924,0,0
1.0,#,#,#,"-1.0099999999999998,5.01",0.0,2.0,3.0,1.0,2.0,1.0,#,4.3,"4.85,9.15",#,"42.0,71.6",#,"0.8419999999999996,10.358",#,#,"4.451499999999999,7.1485","0.0,4.0","3.9,10.1",#,"68.818,91.58200000000001","51.53699999999999,80.063","16.050000000000004,54.35",3.0,#,0.0,#,#,"51.230000000000004,96.77",2.0,#,"1.9040000000000001,4.496",#,#,"6.3,17.7",0.0,1.0,1.0,1,2.0,4945,4545,0.6153846153846154,0.0010493195208439393,1,1
1.0,#,#,#,"-1.0099999999999998,5.01",0.0,2.0,3.0,1.0,2.0,1.0,#,4.3,"4.85,9.15",#,"42.0,71.6",2.0,"0.8419999999999996,10.358",#,#,"4.451499999999999,7.1485",#,"3.9,10.1",#,"68.818,91.58200000000001","51.53699999999999,80.063","16.050000000000004,54.35",3.0,#,0.0,#,#,"51.230000000000004,96.77",2.0,#,"1.9040000000000001,4.496",#,#,"6.3,17.7",0.0,1.0,1.0,1,2.0,4945,4545,0.6153846153846154,0.0010493195208439393,1,1
#,#,#,#,#,#,#,2.0,#,4.0,#,75.0,4.5,#,#,#,2.0,"-3.0345,4.8345",#,#,"4.8469999999999995,8.753","8.15,11.85","-3.05,3.05","2.2199999999999998,9.780000000000001",#,"50.94200000000001,87.858",#,#,#,1.0,1.0,#,"57.21,98.78999999999999",#,#,#,#,"4.6899999999999995,9.31","3.25,22.75",1.0,1.0,1.0,1,3.0,4946,4546,0.41025641025641024,0.0015739792812659089,1,1
0.0,"23.5,36.5",3.0,0.0,"10.43,17.57",#,#,2.0,3.0,#,#,#,4.5,"1.1,6.9",#,#,1.0,"1.472,7.328000000000001",#,"4.295,11.705",#,#,#,"0.09999999999999964,7.9",#,#,"26.96102396305124,93.68599999999999",#,1.0,1.0,1.0,#,#,#,0.0,"2.87,4.13",#,#,"-8.45,10.45",1.0,1.0,1.0,1,2.0,4947,4547,0.5128205128205128,0.0010493195208439393,1,1
0.0,"25.23,32.769999999999996",3.0,2.0,#,#,#,#,#,0.0,1.0,#,4.1,"3.3,6.7","6.989999999999998,47.010000000000005",#,1.0,"-6.088,7.088",#,#,"3.8329999999999993,7.367",#,"3.5999999999999996,6.4",#,#,#,#,#,#,#,0.0,"-1641.0500000000002,1641.0500000000002","22.755,73.245",0.0,#,#,2024.0,#,"5.3,16.7",0.0,1.0,1.0,1,2.0,4949,4549,0.48717948717948717,0.0010493195208439393,1,1
1.0,#,#,#,#,1.0,#,#,4.0,4.0,#,#,4.6,"1.5999999999999999,4.4","10.209999999999999,26.199342206175672",#,#,"0.020500000000000185,13.3795",#,#,"2.0515,4.7485",#,#,"0.14000000000000012,3.86",#,"29.324999999999996,71.275",#,#,5.0,1.0,#,"4901.971788473361,8217.45","41.835,108.16499999999999",2.0,1.0,#,2024.0,#,"-0.5999999999999996,18.6",0.0,1.0,1.0,1,4.0,4951,4551,0.48717948717948717,0.0020986390416878786,1,1
1.0,#,#,#,#,1.0,#,#,4.0,4.0,#,90.0,4.6,"1.5999999999999999,4.4",#,#,#,"0.020500000000000185,13.3795",#,"-1.6799999999999997,7.68","2.0515,4.7485",#,#,#,#,"29.324999999999996,71.275",#,#,5.0,1.0,#,"4364.55,8217.45","41.835,108.16499999999999",2.0,#,#,#,#,"-0.5999999999999996,18.6",0.0,1.0,1.0,1,4.0,4951,4551,0.4358974358974359,0.0020986390416878786,1,1
0.0,"21.75,28.25",#,#,"7.38,16.62",1.0,#,#,#,2.0,#,30.0,4.3,#,#,"-8.05,40.05",#,#,"-12.965000000000002,14.965000000000002","0.9050000000000002,9.094999999999999",#,#,"3.0,7.0",#,"74.375,115.025",#,#,#,#,#,0.0,#,#,#,#,"3.036,4.764",#,"4.91,9.09",#,0.0,1.0,1.0,1,4.0,4952,4552,0.38461538461538464,0.0020986390416878786,1,1
0.0,"21.75,28.25",#,#,"7.38,16.62",1.0,#,#,#,2.0,1.0,30.0,4.3,#,"14.34,45.66","-8.05,40.05",#,#,"-12.965000000000002,14.965000000000002","0.9050000000000002,9.094999999999999",#,#,"3.0,7.0",#,"74.375,115.025",#,#,#,#,#,0.0,#,#,2.0,#,"3.036,4.764",#,"4.91,9.09",#,0.0,1.0,1.0,1,4.0,4952,4552,0.46153846153846156,0.0020986390416878786,1,1
1.0,#,3.0,#,"1.29,8.71",#,#,#,#,#,#,90.0,#,#,"40.120000000000005,81.88","67.1625,95.8375",2.0,"-4.7155000000000005,6.056676125094768",#,#,#,#,#,"1.5999999999999996,6.4",#,#,#,#,5.0,#,#,#,#,2.0,1.0,"2.854,4.546",2024.0,"7.8100000000000005,14.19",#,0.0,1.0,1.0,1,3.0,4953,4553,0.38461538461538464,0.0015739792812659089,1,1
#,"14.46,29.54",#,2.0,#,#,#,#,3.0,4.0,#,75.0,4.5,#,"25.46,40.54","39.95,88.05",5.0,"-1.879,2.879","-12.985000000000001,12.985000000000001",#,"0.9724999999999999,4.2275",#,#,#,"65.308,93.492","78.0196454695533,93.42600000000002",#,#,5.0,1.0,1.0,"3051.875,7898.473754944369","49.824999999999996,114.17500000000001",2.0,#,"3.502,5.6979999999999995",#,#,#,0.0,0.1,1.0,1,1.6666666666666667,4554,4554,0.5384615384615384,0.0008744329340366161,0,0
#,"20.02,31.98",0.0,#,#,#,0.0,5.0,#,4.0,#,#,#,#,#,"49.35000000000001,97.45",2.0,#,#,#,#,#,#,#,#,"49.36150000000001,85.4385",#,#,1.0,#,0.0,#,"66.83500000000001,133.165",#,#,"2.85,5.550000000000001",2024.0,"6.14,11.86",#,0.0,1.0,1.0,1,2.0,4956,4556,0.358974358974359,0.0010493195208439393,1,1
#,"17.11,30.89",#,2.0,"7.75,18.25",#,2.0,5.0,4.0,4.0,#,#,4.6,"2.85,9.15","24.279999999999998,63.72","66.6875,108.3125",3.0,"4.7295,9.6705","-1.5350000000000001,19.535",#,"4.5565,10.0435",#,#,"1.1799999999999997,6.82",#,"33.352000000000004,87.048",#,#,2.0,0.0,#,#,#,2.0,#,"3.386,6.014",#,"9.03,14.97",#,0.0,1.0,1.0,1,2.0,4958,4558,0.5641025641025641,0.0010493195208439393,1,1
#,#,3.0,2.0,#,#,#,#,#,2.0,1.0,#,#,"5.699999999999999,10.3","21.279999999999998,60.72","36.275,82.525",1.0,#,"-10.19,20.189999999999998",#,#,#,"2.1,7.9","-1.3600000000000003,5.36",#,"58.07849999999999,89.1215","43.393,65.607",#,#,1.0,0.0,"2615.775,4542.225",#,#,#,#,#,#,#,0,0.0,0.0,1,2.0,4561,4561,0.41025641025641024,0.0010493195208439393,0,1
#,"16.46,31.54",0.0,2.0,#,#,#,#,0.0,#,2.0,60.0,#,#,#,#,2.0,#,"-14.905000000000001,18.905","-0.73,4.73",#,#,"2.65,5.35",#,"86.54100000000001,102.259","58.846999999999994,104.153","32.12400000000001,87.276",1.0,2.0,0.0,0.0,"-2425.9,2425.9","60.875,135.125",#,1.0,"3.89,5.51",2023.0,"10.185,17.28950461791226",#,0.0,1.0,1.0,1,3.0,4962,4562,0.5897435897435898,0.0015739792812659089,1,1
#,"16.46,31.54",#,#,#,#,#,#,0.0,#,2.0,60.0,#,#,#,#,2.0,#,"-14.905000000000001,18.905","-0.73,4.73",#,#,"2.65,5.35",#,"86.54100000000001,102.259","58.846999999999994,104.153","32.12400000000001,87.276",1.0,2.0,0.0,#,"-2425.9,2425.9","60.875,135.125",#,1.0,"3.89,5.51",2023.0,"10.185,13.815",#,0.0,1.0,1.0,1,3.0,4962,4562,0.5128205128205128,0.0015739792812659089,1,1
#,#,0.0,1.0,"0.8500000000000001,7.15",#,2.0,6.0,#,#,2.0,50.0,#,#,#,#,#,"-6.1795,7.1795",#,"2.14,7.859999999999999","0.7609999999999997,5.039",#,"3.1499999999999995,8.850000000000001","2.0,8.0","46.001000000000005,83.399","49.671499999999995,102.5285",#,#,#,#,#,#,#,3.0,2.0,"2.322,4.878",#,#,#,0.0,1.0,1.0,1,2.0,4963,4563,0.4358974358974359,0.0010493195208439393,1,1
0.0,"21.97,30.03",0.0,1.0,"0.8500000000000001,7.15",#,#,6.0,#,#,2.0,50.0,#,#,#,"30.4625,96.13749999999999",#,"-6.1795,7.1795",#,#,#,#,"3.1499999999999995,8.850000000000001",#,#,#,#,3.0,#,#,#,#,#,3.0,2.0,"2.322,4.878",#,#,"5.6,22.4",0.0,1.0,1.0,1,2.0,4963,4563,0.41025641025641024,0.0010493195208439393,1,1
2.0,#,0.0,0.0,#,0.0,#,#,6.0,#,2.0,#,#,"3.4,8.6",#,#,#,#,"14.385,27.615000000000002","4.205,9.795","3.9189999999999996,7.081","2.55,7.45",#,"0.3599999999999999,5.640000000000001",#,#,#,4.0,2.0,0.0,0.0,"-963.225,963.225","30.835,97.16499999999999",2.0,#,#,#,#,#,0.0,1.0,1.0,1,3.0,4964,4564,0.48717948717948717,0.0015739792812659089,1,1
1.0,#,#,2.0,#,2.0,2.0,3.0,1.0,#,1.0,#,4.3,"2.55,7.45",#,"53.7,90.7",#,#,"-0.10499999999999954,14.105",#,#,#,#,"2.6799999999999997,11.32","76.21799999999999,98.982",#,#,#,5.0,1.0,#,#,"28.339999999999996,95.66",#,0.0,"3.76,4.84",#,#,#,1.0,1.0,1.0,1,2.0,4965,4565,0.46153846153846156,0.0010493195208439393,1,1
#,#,#,#,#,#,2.0,2.0,3.0,#,#,#,4.5,"4.6,11.4",#,#,#,"-0.9005000000000005,7.7005","-6.004999999999999,18.005",#,"7.342499999999999,12.457500000000001",#,#,#,#,#,#,#,4.0,0.0,0.0,"-62.59999999999991,5074.6",#,#,#,"3.6119999999999997,5.9879999999999995",#,#,"8.1,27.9",0.0,1.0,1.0,1,2.0,4966,4566,0.358974358974359,0.0010493195208439393,1,1
#,#,#,#,#,#,#,2.0,3.0,#,#,#,4.5,"4.6,11.4",#,"44.7875,71.6125",2.0,"-0.9005000000000005,7.7005","-6.004999999999999,18.005",#,"7.342499999999999,12.457500000000001",#,#,#,#,#,#,#,4.0,0.0,0.0,"-62.59999999999991,5074.6",#,#,#,"3.6119999999999997,5.9879999999999995",#,#,"8.1,27.9",0.0,1.0,1.0,1,2.0,4966,4566,0.38461538461538464,0.0010493195208439393,1,1
#,"20.25,39.75",#,#,"10.55,15.45",#,2.0,#,#,#,2.0,75.0,4.5,#,#,"48.0,77.6",#,"-5.2645,6.2645","-14.905000000000001,18.905",#,"3.8469999999999995,7.753",#,#,"2.66,7.34",#,#,#,4.0,#,#,#,#,#,4.0,#,#,#,"4.525,9.475",#,0.0,1.0,1.0,1,2.0,4967,4567,0.358974358974359,0.0010493195208439393,1,1
#,#,0.0,#,"10.55,15.45",#,2.0,2.0,#,#,2.0,75.0,4.5,#,#,"42.912499999999994,82.6875",#,"-5.2645,6.2645","-14.905000000000001,18.905","-0.7949999999999999,4.795",#,#,"-0.1499999999999999,6.15",#,"51.223000823179426,110.199","54.7325,109.2675","51.759,72.441",4.0,#,#,#,#,"78.695,117.305",4.0,3.0,#,#,#,#,0.0,1.0,1.0,1,2.0,4967,4567,0.48717948717948717,0.0010493195208439393,1,1
0.0,#,#,2.0,"1.7300000000000004,10.27",#,0.0,5.0,#,#,#,90.0,4.6,"3.5,6.5",#,#,2.0,#,#,"2.425,9.575",#,"-0.30000000000000027,4.300000000000001","4.6,11.4","0.94,7.0600000000000005",#,#,#,1.0,5.0,#,0.0,"4887.475,9382.525",#,#,1.0,#,2025.0,#,"14.649999999999999,35.35",0.0,1.0,1.0,1,2.0,4969,4569,0.5128205128205128,0.0010493195208439393,1,1
0.0,#,#,2.0,"1.7300000000000004,10.27",#,0.0,5.0,#,#,#,90.0,4.6,"3.5,6.5",#,#,2.0,#,#,"2.425,9.575",#,"-0.30000000000000027,4.300000000000001","4.6,11.4","0.94,7.0600000000000005",#,#,#,1.0,5.0,1.0,0.0,"4887.475,9382.525",#,#,1.0,"3.818,5.582",2025.0,#,"14.649999999999999,35.35",0.0,1.0,1.0,1,2.0,4969,4569,0.5641025641025641,0.0010493195208439393,1,1
#,"15.11,28.89",1.0,1.0,#,0.0,2.0,3.0,1.0,#,#,30.0,#,#,"5.41,46.59","29.712499999999995,76.8875",#,"0.3694999999999995,12.630500000000001","-5.33,11.33",#,"6.744999999999999,13.255","0.2999999999999998,7.7","1.75,8.25",#,"40.466,69.73400000000001","36.964,77.236",#,4.0,#,#,#,"809.4249999999997,5732.575000000001","66.725,111.275",#,1.0,"4.37,5.63",2024.0,"4.14,9.86",#,0.0,1.0,1.0,1,4.0,4970,4570,0.6153846153846154,0.0020986390416878786,1,1
1.0,"14.64,33.36",0.0,#,"-3.41,5.41",1.0,#,5.0,4.0,4.0,0.0,#,4.6,#,"-0.75,42.75","31.575000000000003,77.825",3.0,"-4.6240000000000006,5.6240000000000006","-13.415000000000003,19.415000000000003","4.385,13.615",#,"5.4,8.6",#,#,#,#,"55.224999999999994,74.375",#,5.0,#,#,#,"82.675,117.325",#,#,"1.704,4.296",2025.0,"1.7000000000000002,8.3","15.35,30.65",1.0,1.0,1.0,2,2.0,4972,4572,0.6153846153846154,0.0020986390416878786,1,1
#,"11.2,26.8",0.0,#,#,1.0,#,#,7.0,1.0,1.0,#,#,#,#,"68.5375,99.0625",4.0,"-0.35799999999999965,9.158000000000001",#,"5.245,8.755",#,"2.3,9.7",#,#,"52.024,82.376",#,#,#,3.0,1.0,#,#,#,3.0,#,#,#,#,#,1.0,1.0,1.0,1,1.0,4974,4574,0.38461538461538464,0.0005246597604219697,1,1
#,#,#,2.0,#,1.0,2.0,3.0,#,#,#,#,4.3,"3.2,6.8",#,#,3.0,#,"-11.74,13.74",#,#,#,"2.4501955444610357,5.9","3.6399999999999997,10.36",#,#,"52.554,100.04599999999999",#,2.0,0.0,0.0,"-1962.1250000000002,1962.1250000000002",#,#,#,#,#,#,"-1.0500000000000007,19.05",1.0,1.0,1.0,1,3.0,4975,4575,0.41025641025641024,0.0015739792812659089,1,1
#,#,#,2.0,#,1.0,2.0,3.0,#,2.0,#,#,#,"3.2,6.8",#,"71.6125,103.9875",3.0,#,"-9.535,11.535",#,"7.235499999999999,12.1645",#,"2.4501955444610357,5.9","3.6399999999999997,10.36",#,#,"52.554,100.04599999999999",#,#,0.0,0.0,#,#,1.0,#,#,2024.0,#,#,1.0,1.0,1.0,1,3.0,4975,4575,0.4358974358974359,0.0015739792812659089,1,1
0.0,#,1.0,#,#,#,2.0,#,#,#,#,#,#,"4.55,7.45",#,"26.424999999999997,91.175",#,"-3.343,4.343","-1.045,19.045","1.335,6.665",#,"3.75,6.25",#,#,#,#,#,#,#,1.0,0.0,#,"25.259999999999998,76.74000000000001",2.0,0.0,"2.746,4.654",#,"1.48,8.52","1.2000000000000002,10.8",0.0,1.0,1.0,2,1.0,4977,4577,0.4358974358974359,0.0010493195208439393,1,1
#,#,0.0,#,"-2.62,6.62",#,#,0.0,#,#,1.0,45.0,4.6,"0.20000000000000018,3.8","29.369999999999997,56.63","37.53750000000001,82.8625",1.0,"5.1635,10.836500000000001","-10.129999999999999,26.13","1.5299999999999998,6.470000000000001","3.1584999999999996,6.041499999999999","5.55,8.45",#,"1.7199999999999998,6.28","59.875,100.525",#,"48.699,84.70100000000001",#,0.0,#,#,"3203.3999999999996,5486.6","28.33,93.67",2.0,0.0,#,2025.0,#,"12.899999999999999,23.1",1.0,1.0,1.0,1,3.0,4978,4578,0.6410256410256411,0.0015739792812659089,1,1
#,#,0.0,#,"-2.62,6.62",#,#,0.0,5.0,#,1.0,45.0,4.6,"0.20000000000000018,3.8","29.369999999999997,56.63","37.53750000000001,82.8625",#,"5.1635,10.836500000000001","-10.129999999999999,26.13","1.5299999999999998,6.470000000000001","3.1584999999999996,6.041499999999999","5.55,8.45",#,"1.7199999999999998,6.28","59.875,100.525",#,"48.699,84.70100000000001",#,0.0,#,#,"3203.3999999999996,5486.6","28.33,93.67",2.0,0.0,#,2025.0,#,"12.899999999999999,23.1",1.0,1.0,1.0,1,3.0,4978,4578,0.6410256410256411,0.0015739792812659089,1,1
0.0,#,#,2.0,"0.06000000000000005,5.9399999999999995",#,2.0,#,0.0,#,#,60.0,4.7,"6.0,12.0","23.99,64.01","54.537499999999994,114.6625",1.0,"0.19099999999999984,8.609000000000002","-14.150000000000002,20.150000000000002","4.88,11.120000000000001",#,"4.05,7.95",#,#,"72.60149332130845,87.731","47.278499999999994,78.3215",#,1.0,3.0,1.0,0.0,"3745.0,6599.0","21.36,92.64",7.0,#,"2.618,4.382",2023.0,#,#,1.0,0.1,1.0,1,1.0,4579,4579,0.6666666666666666,0.0005246597604219697,0,0
2.0,"21.5,34.5",#,0.0,#,#,#,1.0,#,4.0,2.0,60.0,#,#,#,"-2.987499999999997,51.5875",#,#,"-8.170000000000002,24.17","0.4249999999999998,7.575",#,"1.6999999999999997,8.3",#,#,"66.608,94.792","73.1125,94.08749999999999","16.273000000000003,69.12700000000001",#,1.0,1.0,0.0,"3203.2749999999996,6556.725","33.339999999999996,100.66",#,0.0,#,2023.0,#,"3.45,14.55",0.0,1.0,1.0,2,1.0,4981,4581,0.5641025641025641,0.0010493195208439393,2,2
#,"15.64,34.36",#,2.0,"8.85,15.15",0.0,2.0,#,4.0,#,#,#,#,#,"30.11,53.89",#,#,#,#,#,"-0.7410000000000001,6.141","3.5,6.5",#,"3.0999999999999996,10.9",#,#,"41.976,63.42400000000001",#,#,1.0,#,"4367.075000000001,9432.925","32.269999999999996,85.73",#,#,"2.898,4.3020000000000005",#,"3.9299999999999997,12.07",#,0.0,1.0,1.0,1,3.0,4982,4582,0.41025641025641024,0.0015739792812659089,1,1
#,"15.64,34.36",#,#,"8.85,15.15",0.0,2.0,#,4.0,#,#,#,#,#,"30.11,53.89",#,#,#,#,#,"-0.7410000000000001,6.141","3.5,6.5",#,"3.0999999999999996,10.9",#,#,"41.976,63.42400000000001",#,#,1.0,#,"4367.075000000001,9432.925","32.269999999999996,85.73",#,#,#,#,"3.9299999999999997,12.07",#,1,0.0,0.0,1,3.0,4582,4582,0.358974358974359,0.0015739792812659089,0,1
1.0,"21.85,36.15",0.0,0.0,#,#,1.0,#,#,4.0,2.0,#,#,#,#,#,2.0,"-1.645,3.845",#,"-0.3550000000000004,8.355","0.8239999999999994,6.776","2.9,7.1","3.7,6.3","-0.6800000000000002,2.68","56.854,70.946","53.744499999999995,94.8555","35.029,63.371",1.0,#,1.0,1.0,#,#,#,1.0,#,#,#,#,1.0,1.0,1.0,1,2.0,4983,4583,0.5384615384615384,0.0010493195208439393,1,1
1.0,"21.85,36.15",0.0,0.0,#,#,1.0,#,#,4.0,2.0,#,#,#,#,"19.125,69.075",#,"-1.645,3.845",#,"-0.3550000000000004,8.355","0.8239999999999994,6.776","2.9,7.1","3.7,6.3","-0.6800000000000002,2.68","56.854,70.946","53.744499999999995,94.8555","35.029,63.371",1.0,#,1.0,#,#,#,#,1.0,#,#,#,#,1.0,1.0,1.0,1,2.0,4983,4583,0.5128205128205128,0.0010493195208439393,1,1
#,#,#,#,#,#,#,#,#,#,1.0,40.0,#,#,#,#,#,#,#,#,"3.582,8.8855",#,"4.75,7.25",#,#,#,"18.741000000000007,74.65899999999999",#,#,#,#,#,#,2.0,#,"3.762,5.238",2025.0,#,#,1,1.0,1.0,1,2.5,4984,4584,0.20512820512820512,0.001311649401054924,2,2
#,"20.97,29.03",#,#,#,#,1.0,#,4.0,#,#,90.0,#,"0.8999999999999999,7.1","24.75,39.25","17.7875,81.61250000000001",1.0,"-5.0815,6.0815",#,#,#,"4.2,7.8",#,#,"80.902,101.498","48.161500000000004,84.2385","41.38,72.02000000000001",#,3.0,#,0.0,#,"47.269999999999996,100.73",0.0,2.0,"2.7039999999999997,5.296",2024.0,#,#,0.0,1.0,1.0,1,2.0,4986,4586,0.5128205128205128,0.0010493195208439393,2,2
#,"27.97,36.03",#,2.0,#,1.0,#,1.0,#,4.0,#,#,4.7,#,#,"61.987500000000004,88.8125",#,#,"-8.575000000000001,8.575000000000001","1.8399999999999999,10.16",#,#,"0.6499999999999999,7.35",#,"33.333999999999996,58.266",#,"47.961,73.239",#,#,#,0.0,"2843.8500000000004,6982.15","69.22,112.78",#,0.0,#,#,"4.525,9.475","9.5,18.5",0.0,1.0,1.0,1,3.0,4987,4587,0.46153846153846156,0.0015739792812659089,1,1
#,"27.97,36.03",#,#,#,1.0,#,1.0,0.0,4.0,#,#,4.7,#,#,"61.987500000000004,88.8125",3.0,#,"-8.575000000000001,8.575000000000001","1.8399999999999999,10.16","2.6215,7.1785000000000005","2.0,8.0","0.6499999999999999,7.35",#,#,#,"47.961,73.239",4.0,#,#,0.0,#,"69.22,112.78",#,0.0,#,2024.0,"4.525,9.475","9.5,18.5",0.0,1.0,1.0,1,3.0,4987,4587,0.5384615384615384,0.0015739792812659089,1,1
#,"10.81,27.189999999999998",1.0,2.0,#,0.0,2.0,1.0,0.0,4.0,2.0,#,4.7,"-0.20000000000000018,6.2","20.72,36.8831820049592","31.875,78.125",#,"-5.9965,6.9965",#,"2.75,9.25","1.4169999999999998,7.183","7.228009899422042,11.1","-1.4500000000000002,3.45","3.2600000000000002,6.74",#,"46.869,95.531","50.884,90.716",0.0,4.0,0.0,#,"-400.5,3880.5","35.635,62.365",3.0,#,#,#,#,"-7.550000000000001,9.55",1.0,1.0,1.0,1,2.0,4993,4593,0.717948717948718,0.0010493195208439393,1,1
0.0,"20.45,29.55",0.0,#,"-1.3599999999999999,5.359999999999999",1.0,0.0,5.0,#,#,0.0,90.0,#,"0.7999999999999998,7.2",#,"61.175000000000004,129.625",#,#,#,"3.9699999999999998,12.030000000000001","2.0704999999999996,7.929500000000001",#,"2.4,5.6","-0.7600000000000002,4.76",#,#,#,5.0,#,1.0,1.0,"4015.872371397361,7392.375","73.635,100.365",#,#,"2.622,5.178",2025.0,"0.19499999999999984,5.805",#,1.0,1.0,1.0,1,3.0,4994,4594,0.5897435897435898,0.0015739792812659089,1,1
0.0,"20.45,29.55",0.0,#,"-1.3599999999999999,5.359999999999999",1.0,0.0,5.0,4.0,#,0.0,90.0,#,"0.7999999999999998,7.2",#,"61.175000000000004,129.625",#,#,#,"3.9699999999999998,12.030000000000001","2.0704999999999996,7.929500000000001",#,"2.4,5.6","-0.7600000000000002,4.76",#,"52.5175,81.88250000000001",#,5.0,#,1.0,1.0,"4181.625,7392.375","73.635,100.365",#,#,"2.622,5.178",2025.0,"0.19499999999999984,5.805",#,1.0,1.0,1.0,1,3.0,4994,4594,0.6410256410256411,0.0015739792812659089,1,1
1.0,#,#,0.0,"-0.5700000000000003,6.57",1.0,#,3.0,#,2.0,#,30.0,4.3,#,"-6.600000000000001,16.6","13.6125,45.9875",#,"-4.258,5.258",#,#,"2.8819999999999997,7.718",#,"4.95,11.05","2.96,7.04","58.211,90.18900000000001",#,#,#,#,0.0,0.0,"-1462.6750000000002,1462.6750000000002",#,1.0,1.0,#,#,#,#,0.0,1.0,1.0,1,2.0,4995,4595,0.5128205128205128,0.0010493195208439393,1,1
1.0,#,#,#,"-0.5700000000000003,6.57",1.0,2.0,3.0,#,2.0,#,30.0,4.3,#,"-6.600000000000001,16.6","13.6125,45.9875",#,"-4.258,5.258",#,#,"2.8819999999999997,7.718",#,"4.95,11.05","2.96,7.04","58.211,90.18900000000001",#,"2.205000000000002,51.995000000000005",#,#,0.0,0.0,"-1462.6750000000002,1462.6750000000002",#,1.0,1.0,"1.7239999999999998,2.876",#,#,#,0.0,1.0,1.0,1,2.0,4995,4595,0.5641025641025641,0.0010493195208439393,1,1
1.0,#,#,#,"-1.4299999999999997,5.43",#,2.0,4.0,7.0,1.0,1.0,#,4.4,"1.75,8.25",#,"36.3,102.89999999999999",#,"-4.349500000000001,5.349500000000001","-6.515000000000001,16.515",#,"5.874999999999999,10.524999999999999","4.45,9.55",#,"4.5600000000000005,13.44",#,"56.14699999999999,101.453",#,#,5.0,#,#,"1629.1750000000002,5838.825",#,#,0.0,"3.852,5.148",2024.0,#,#,0.0,1.0,1.0,1,1.0,4996,4596,0.5384615384615384,0.0005246597604219697,2,2
0.0,"13.719999999999999,28.28",0.0,#,#,#,#,#,0.0,#,2.0,#,#,"4.75,10.2","11.440000000000001,48.56","72.025,99.775",1.0,"6.3100000000000005,17.29",#,"4.125,13.875","3.6424999999999996,8.7575","4.4,9.6",#,#,#,#,#,5.0,5.0,1.0,0.0,#,#,#,#,#,2023.0,"6.59,13.41","18.05,27.95",1.0,1.0,1.0,1,2.0,4997,4597,0.5128205128205128,0.0010493195208439393,1,1
#,"14.8,25.2",0.0,#,#,#,2.0,#,#,#,#,45.0,4.6,#,#,"67.55,93.45",3.0,#,"-9.31,9.31",#,#,#,#,#,#,#,"37.722,88.27799999999999",3.0,#,1.0,0.0,#,#,#,0.0,#,2023.0,"9.305,14.695",#,1.0,1.0,1.0,2,1.0,4998,4598,0.38461538461538464,0.0010493195208439393,2,2
#,#,#,0.0,"5.22,12.780000000000001",#,#,3.0,1.0,2.0,1.0,#,4.3,#,"24.860204028274715,30.88","22.825000000000003,87.575",4.0,#,#,"4.375,7.625","6.332999999999999,9.866999999999999",#,#,#,#,#,#,2.0,2.0,#,1.0,"-1498.35,1498.35",#,3.0,#,"3.0,4.8",#,#,#,0.0,0.1,1.0,1,2.0,4599,4599,0.46153846153846156,0.0010493195208439393,0,0
0.0,"18.39741183233089,42.8",#,2.0,"6.96,17.04",0.0,0.0,5.0,#,4.0,#,90.0,4.6,#,"22.95,49.05","42.974999999999994,96.625",#,#,"-10.362674513382858,9.615",#,"6.545,13.055000000000001",#,"2.3,5.7",#,"63.711,95.68900000000001","59.4785,90.5215",#,4.0,#,1.0,#,"5545.05,7970.95","35.724999999999994,80.275",4.0,#,#,2025.0,"5.074999999999999,8.925","12.15,29.85",0,0.1,1.0,1,3.0,4600,4600,0.6410256410256411,0.0015739792812659089,0,0
#,#,1.0,#,#,1.0,2.0,5.0,4.0,4.0,#,#,4.6,"3.25,6.75","45.66,72.34","2.9999999999999964,54.8",2.0,"-1.3495000000000008,8.3495","-8.78,12.78",#,#,#,"2.95,9.05","2.38,5.62","65.572,102.428","48.7955,74.80449999999999",#,#,5.0,#,#,"4711.225,8492.775",#,6.0,#,#,#,"4.855,9.145","10.25,23.75",1,0.1,1.0,1,1.0,4601,4601,0.5641025641025641,0.0005246597604219697,0,0
#,"15.38,34.62",1.0,#,#,1.0,2.0,5.0,4.0,4.0,#,90.0,4.6,"3.25,6.75","45.66,72.34","2.9999999999999964,54.8",2.0,"-1.3495000000000008,8.3495","-8.78,12.78",#,#,#,"2.95,9.05","2.38,5.62","65.572,102.428","48.7955,74.80449999999999",#,#,5.0,#,0.0,"4711.225,8492.775",#,6.0,#,#,#,"4.855,9.145","10.25,23.75",0.0,0.1,1.0,1,1.0,4601,4601,0.6410256410256411,0.0005246597604219697,0,0
#,"27.45,36.55",0.0,0.0,"-1.4100000000000001,7.41",0.0,#,6.0,6.0,3.0,#,#,4.2,#,"22.46,37.54",#,#,"4.3165000000000004,13.2835","-34.6894106961733,20.395",#,"0.6519999999999997,7.348000000000001",#,"3.3,8.58469063437185","0.26000000000000023,3.7399999999999998","78.586,97.014",#,#,3.0,2.0,0.0,#,"-1034.5749999999998,1034.5749999999998","41.22,84.78",#,#,"4.478,5.522",2023.0,#,#,1.0,0.1,1.0,1,2.0,4602,4602,0.5897435897435898,0.0010493195208439393,0,0
#,"16.37,29.63",2.0,1.0,#,#,2.0,6.0,#,#,#,#,4.2,"1.4500000000000002,6.55","15.209999999999999,44.79","18.1625,54.237500000000004",#,#,#,#,"5.7565,11.243500000000001","4.3,7.7","1.85,6.15",#,"44.569,77.631",#,#,#,#,1.0,0.0,#,"59.21,100.78999999999999",1.0,#,"4.152,5.4479999999999995",#,#,"12.2,21.8",1.0,0.1,1.0,1,1.5,4603,4603,0.48717948717948717,0.0007869896406329544,0,0
#,"20.509999999999998,39.49",0.0,0.0,"10.11,13.89",1.0,#,#,3.0,#,2.0,#,#,#,#,#,#,"-2.611,3.611","-11.025,11.025",#,#,#,#,#,#,#,"23.169,66.831",0.0,#,#,#,#,#,#,#,"3.476,5.924",2024.0,#,#,0.0,0.1,1.0,1,1.0,4604,4604,0.3333333333333333,0.0005246597604219697,0,0
#,"17.25,36.75",0.0,2.0,#,#,#,#,6.0,#,2.0,#,4.2,#,"50.75,65.25","58.974999999999994,120.025",#,#,#,#,#,#,#,"2.5200000000000005,9.48","44.169000000000004,57.3552666494449","22.356999999999996,84.443","46.127,69.873",5.0,#,1.0,#,"2647.775,4574.225","39.875,114.125",2.0,#,#,#,#,#,0.0,0.1,1.0,1,3.0,4606,4606,0.4358974358974359,0.0015739792812659089,0,0
1.0,#,#,#,"11.129999999999999,16.87",1.0,#,7.0,2.0,#,1.0,#,#,"5.5,8.5","27.53,52.47",#,3.0,#,"13.29,16.768229172167793","-2.16,6.16","-0.45050000000000034,4.8505","-1.35,5.35","5.25,10.75",#,"40.159,78.64099999999999",#,"14.951999999999998,57.848",#,5.0,#,#,"1377.55,5230.45","63.25,112.75",#,3.0,#,2025.0,#,"15.05,30.95",0.0,0.1,1.0,1,1.0,4607,4607,0.5641025641025641,0.0005246597604219697,0,0
#,"9.07,24.93",#,#,#,#,2.0,#,0.0,4.0,#,#,4.7,"2.1,5.9",#,"27.6,64.6",#,#,#,#,"6.391,8.809","2.55,7.45","2.6999999999999997,7.300000000000001",#,#,#,#,#,4.0,0.0,0.0,"817.3749999999998,3314.625","38.2,77.8",1.0,1.0,#,#,"7.3149999999999995,14.685",#,0.0,0.1,1.0,1,1.7150079999999999,4608,4608,0.46153846153846156,0.0008997956864017613,0,0
0.0,#,#,#,"5.6899999999999995,10.31",#,2.0,#,#,0.0,#,25.0,#,"1.6999999999999997,8.3",#,#,#,#,"-13.905000000000001,19.905","-0.3550000000000004,8.355",#,#,"0.3500000000000001,7.65","3.7800000000000002,8.219999999999999","37.016999999999996,76.583",#,#,#,#,1.0,#,#,"71.705,112.295",#,#,"3.1659999999999995,5.434",2025.0,"4.47,9.530000000000001",#,1.0,0.1,1.0,1,1.0,4609,4609,0.41025641025641024,0.0005246597604219697,0,0
#,#,3.0,#,"9.309999999999999,18.69",1.0,2.0,#,2.0,#,#,#,#,"3.0,9.0",#,#,#,"-3.16,4.16","-0.6799999999999997,30.68",#,#,#,"1.1,6.9","3.46,10.54","71.641,87.359","41.25699999999999,103.343",#,1.0,5.0,#,#,#,#,#,1.0,"4.244,5.756",#,#,#,0.0,0.1,1.0,1,3.0,4614,4614,0.41025641025641024,0.0015739792812659089,0,0
#,"16.509999999999998,35.49",#,#,"3.87,12.129999999999999",0.0,1.0,4.0,7.0,#,1.0,40.0,4.4,"2.75,7.25","21.17,36.83",#,3.0,#,"-11.455,17.455","3.5149999999999997,12.485","2.924,8.876000000000001","-0.40000000000000036,6.4",#,"5.38,8.620000000000001","52.35000000000001,79.45",#,"36.559,57.241",#,#,#,1.0,"627.4000000000001,5764.6","36.28,91.72",#,#,#,#,"8.37,15.63","15.499999999999998,36.5",1.0,0.1,1.0,1,1.5,4615,4615,0.6153846153846154,0.0007869896406329544,0,0
#,"16.509999999999998,35.49",#,#,"3.87,12.129999999999999",0.0,1.0,4.0,7.0,#,1.0,40.0,4.4,"2.75,7.25","21.17,36.83",#,3.0,#,"-11.455,17.455","3.5149999999999997,12.485","2.924,8.876000000000001","-0.40000000000000036,6.4",#,"5.38,8.620000000000001","52.35000000000001,79.45",#,"36.559,57.241",#,#,#,1.0,"627.4000000000001,5764.6","36.28,91.72",#,0.0,#,#,"8.37,15.63","15.499999999999998,36.5",1.0,0.1,1.0,1,1.5,4615,4615,0.6410256410256411,0.0007869896406329544,0,0
#,"23.75,30.25",#,0.0,#,#,#,#,0.0,#,2.0,#,#,#,#,"24.3375,54.862500000000004",5.0,#,#,#,#,"3.75,6.25",#,#,#,#,#,2.0,#,1.0,1.0,#,#,1.0,#,"2.606,3.7940000000000005",#,#,#,1.0,0.1,1.0,1,2.0,4616,4616,0.3076923076923077,0.0010493195208439393,0,0
0.0,#,#,2.0,#,#,#,1.0,0.0,#,#,#,4.7,"4.1,9.9",#,"58.550000000000004,99.25",#,#,"-8.985000000000001,16.985",#,"5.633,7.833584612214773",#,"2.6999999999999997,9.3",#,"45.098,78.702","40.75699999999999,102.843","29.156000000000002,81.244",#,5.0,#,0.0,#,#,2.0,#,#,2024.0,#,"-6.35,8.35",0.0,0.1,1.0,1,1.5,4617,4617,0.46153846153846156,0.0007869896406329544,0,0
#,"17.28,28.72",#,#,#,#,#,#,0.0,#,#,#,#,#,"16.73,53.269999999999996","67.21249999999999,106.9875",2.0,#,"-17.375,19.375",#,"5.491,7.909000000000001",#,#,#,"78.215,97.185","73.5565,101.24350000000001",#,5.0,#,0.0,0.0,"-1141.6000000000001,1141.6000000000001",#,2.0,0.0,#,2024.0,#,#,0.0,0.1,1.0,1,1.0,4618,4618,0.41025641025641024,0.0005246597604219697,0,0
#,#,#,#,#,#,#,6.0,6.0,#,2.0,50.0,#,"2.3,5.7","16.11,39.89","31.8875,66.1125",#,"7.4505,17.149500000000003",#,#,"2.4284999999999997,7.1715",#,"2.6,7.4","-2.54,4.54","41.63825282660977,99.02799999999999","43.2395,48.35130553910906",#,4.0,#,1.0,#,#,"60.3,119.7",#,0.0,#,#,"6.57,9.43",#,1.0,0.1,1.0,1,3.0,4620,4620,0.46153846153846156,0.0015739792812659089,0,0
0.0,"18.810000000000002,35.19",#,0.0,#,0.0,#,#,#,#,#,30.0,#,"4.479142153752766,4.7","27.27,48.730000000000004",#,1.0,#,"9.465,30.535","0.2549999999999999,9.932558289688217",#,#,#,"-0.040000000000000036,4.04","52.666,81.934","58.154,81.64600000000002","33.201,73.799",#,5.0,#,0.0,"1670.3,4809.7",#,#,#,"3.6479999999999997,5.952",#,#,"3.1500000000000004,20.85",1.0,0.1,1.0,1,3.0,4621,4621,0.48717948717948717,0.0015739792812659089,0,0
#,"24.93,35.07",2.0,2.0,"0.69,5.3100000000000005",#,#,7.0,2.0,#,#,#,#,"0.4500000000000002,5.55","44.17,66.58326756475833","24.8875,59.1125",3.0,#,"-10.270000000000001,12.270000000000001","2.5149999999999997,11.485",#,"3.5999999999999996,6.4","2.1,7.9","2.2,5.8",#,"37.0765,98.3235","32.397000000000006,63.803",1.0,#,0.0,0.0,"-963.225,963.225",#,0.0,#,"4.306,5.494000000000001",2024.0,#,"7.200000000000001,28.799999999999997",0.0,0.1,1.0,1,1.5,4624,4624,0.6410256410256411,0.0007869896406329544,0,0
0.0,#,#,3.0,"-4.25,6.25",0.0,0.0,5.0,4.0,#,#,90.0,#,#,"42.08,69.92",#,2.0,"-4.8985,5.8985","-13.884999999999998,32.89816334881482","1.205,6.795","0.2865,6.645241494877064",#,"1.85,8.15",#,#,"44.596,105.00399999999999","21.858000000000004,78.542",0.0,0.0,#,0.0,"4239.85,8378.15",#,#,#,"3.4719999999999995,5.128",2024.0,#,"-2.45,10.45",0.0,0.1,1.0,1,2.0,4625,4625,0.6153846153846154,0.0010493195208439393,0,0
1.0,#,0.0,#,"5.619999999999999,10.38",#,0.0,6.0,6.0,#,#,#,#,"3.15,6.85",#,"68.94999999999999,102.25",1.0,#,#,"-1.21,3.21",#,#,"1.2499999999999998,4.75",#,"55.988,95.012","40.2155,99.78450000000001","57.52700000000001,81.27300000000001",#,1.0,#,#,"1377.125,6014.875",#,2.0,#,#,2023.0,"9.855,14.145",#,1.0,0.1,1.0,1,1.0,4626,4626,0.48717948717948717,0.0005246597604219697,0,0
#,#,0.0,#,"5.04,8.96",0.0,#,7.0,2.0,0.0,1.0,#,4.1,"0.14999999999999947,5.8500000000000005",#,"-24.925000000000004,36.125",#,"1.4779999999999998,13.922",#,#,"3.9074999999999998,8.092500000000001","0.9499999999999997,5.050000000000001","3.4000000000000004,10.6","-0.94,4.9399999999999995","46.739999999999995,79.26","29.827499999999993,75.9725",#,#,3.0,#,0.0,#,"42.14,69.86",0.0,1.0,"3.806,4.994000000000001",#,"8.04,15.96","26.05,35.95",0.0,0.1,1.0,1,1.0,4627,4627,0.6410256410256411,0.0005246597604219697,0,0
#,#,#,#,"10.43,17.57",#,2.0,#,#,4.0,#,60.0,#,#,#,#,#,#,"-13.7,15.7",#,#,#,"-0.1499999999999999,4.15",#,"68.38199999999999,99.818","46.9885,94.81150000000001","69.095,95.905",#,4.0,#,#,#,"36.705,77.295",3.0,0.0,"4.244,5.756",#,#,#,1.0,0.1,1.0,1,1.5,4628,4628,0.358974358974359,0.0007869896406329544,0,0
#,#,0.0,#,"10.43,17.57",#,2.0,1.0,#,4.0,#,60.0,#,#,#,#,#,#,"-13.7,15.7",#,#,#,"-0.1499999999999999,4.15",#,"68.38199999999999,99.818","46.9885,94.81150000000001","69.095,95.905",#,4.0,#,#,#,"36.705,77.295",3.0,0.0,"4.244,5.756",#,#,#,1.0,0.1,1.0,1,1.5,4628,4628,0.41025641025641024,0.0007869896406329544,0,0
1.0,#,3.0,#,#,#,2.0,5.0,#,#,#,#,#,#,#,"27.387499999999996,76.4125",0.0,#,#,#,"1.8679999999999994,6.332",#,#,#,"63.141,78.859","46.9375,109.86250000000001",#,#,5.0,#,1.0,#,#,#,1.0,#,2025.0,#,"2.4999999999999982,23.5",0.0,0.1,1.0,1,1.5,4629,4629,0.358974358974359,0.0007869896406329544,0,0
#,#,#,0.0,"0.8700000000000001,9.129999999999999",#,#,#,0.0,4.0,#,60.0,#,"2.3,7.7",#,"58.537499999999994,89.0625",3.0,"-6.362500000000001,7.362500000000001","-4.4350000000000005,26.435000000000002",#,#,"-0.4500000000000002,4.45","4.65,11.35","2.38,5.62","48.001999999999995,68.598",#,"30.558999999999997,51.241",3.0,3.0,1.0,#,#,"47.625,72.375",1.0,1.0,#,#,"3.7550000000000003,10.245","11.95,20.05",0.0,0.1,1.0,1,1.0,4630,4630,0.5897435897435898,0.0005246597604219697,0,0
0.0,#,0.0,#,"0.7300000000000004,9.27",1.0,0.0,2.0,#,#,#,#,4.5,#,"34.25,77.75","74.5375,105.0625",#,#,#,"2.255,11.745000000000001",#,"-0.3500000000000001,6.35","5.15,8.85","-2.18,4.18","66.06,87.74000000000001","32.2325,86.7675",#,#,1.0,1.0,0.0,"4686.625,7897.375","37.269999999999996,90.73",6.0,#,"4.0040000000000004,4.0640011691389955",2024.0,#,"2.55,15.45",0.0,0.1,1.0,1,2.0,4631,4631,0.6153846153846154,0.0010493195208439393,0,0
#,#,0.0,2.0,"0.7300000000000004,9.27",1.0,0.0,2.0,#,#,#,#,4.5,#,"34.25,77.75",#,#,#,#,"2.255,11.745000000000001",#,"-0.3500000000000001,6.35","5.15,8.85","-2.18,4.18","66.06,87.74000000000001","32.2325,86.7675","25.589999999999996,79.21000000000001",#,1.0,1.0,0.0,"4686.625,7897.375",#,#,#,"2.996,4.0040000000000004",2024.0,#,#,0.0,0.1,1.0,1,1.5,4631,4631,0.5384615384615384,0.0007869896406329544,0,0
0.0,"32.29,49.71",0.0,#,"1.7799999999999998,8.22",1.0,1.0,3.0,1.0,#,1.0,#,#,#,#,"42.0,86.4",3.0,"-6.1795,7.1795",#,"1.7249999999999996,6.275","3.803,9.197","1.9,6.1",#,"-2.4799999999999995,4.4799999999999995",#,#,#,1.0,5.0,#,0.0,#,#,#,#,#,2025.0,"-2.8500000000000005,4.8500000000000005","1.8499999999999996,20.15",0.0,0.1,1.0,1,1.0,4635,4635,0.5641025641025641,0.0005246597604219697,0,0
0.0,"32.29,49.71",0.0,0.0,"1.7799999999999998,8.22",1.0,#,3.0,1.0,#,1.0,#,#,#,#,"42.0,86.4",3.0,"-6.1795,7.1795",#,"1.7249999999999996,6.275","3.803,9.197","1.9,6.1",#,"-2.4799999999999995,4.4799999999999995",#,#,#,1.0,5.0,#,0.0,#,#,#,0.0,"3.924,5.0760000000000005",2025.0,"-2.8500000000000005,4.8500000000000005","1.8499999999999996,20.15",0.0,0.1,1.0,1,1.0,4635,4635,0.6153846153846154,0.0005246597604219697,0,0
#,#,#,#,#,0.0,0.0,6.0,6.0,3.0,#,50.0,#,"3.0500000000000003,8.95","37.24,62.76",#,#,#,#,#,"2.889,7.911000000000001",#,#,"-1.6600000000000001,5.66",#,"56.473499999999994,79.1265",#,2.0,5.0,1.0,#,"1663.7749999999996,6444.225",#,0.0,#,"4.37,5.63",2024.0,#,"13.4,32.6",1.0,0.1,1.0,1,1.0,4636,4636,0.48717948717948717,0.0005246597604219697,0,0
#,"22.77,41.230000000000004",#,#,"3.11,6.890000000000001",#,0.0,#,6.0,3.0,2.0,50.0,#,#,"24.15,61.85","14.287500000000001,78.11250000000001",6.0,"0.9779999999999998,13.422",#,"-1.9649999999999999,5.965",#,"-0.10000000000000009,6.1",#,"1.0,7.0","57.376,81.224","24.2885,72.1115",#,0.0,#,1.0,#,"2560.775,4487.225","73.27,126.73",#,#,#,2024.0,#,"19.75,36.25",0.0,1.0,1.0,1,1.0,4637,4637,0.5641025641025641,0.0005246597604219697,1,1
1.0,"15.59,30.41",#,2.0,#,1.0,2.0,#,#,#,1.0,#,#,"3.75,8.25","7.830000000000002,50.17",#,#,"-2.988,10.188","-16.65894164679102,12.35","1.79,6.21","0.8144999999999998,5.1855",#,#,#,"63.108000000000004,91.292","46.7325,101.2675",#,#,3.0,1.0,0.0,"2979.05,5404.95","61.775,116.225",#,#,"1.894,4.306",2025.0,"-1.2999999999999998,5.3","-1.0999999999999996,21.1",0.0,0.1,1.0,1,1.0,4638,4638,0.5897435897435898,0.0005246597604219697,0,0
#,"28.32,37.68",2.0,2.0,#,#,2.0,5.0,#,4.0,#,#,4.6,"1.9,6.1","13.049999999999999,44.95","-8.550346333000327,61.7",0.0,#,"-10.965000000000002,16.965000000000003",#,"4.805,7.595000000000001",#,"2.7177925895015163,7.2",#,#,"55.588499999999996,103.4115","34.697,66.103",#,#,1.0,0.0,#,#,6.0,#,#,#,#,"12.899999999999999,29.1",0.0,0.1,1.0,1,1.0,4640,4640,0.5128205128205128,0.0005246597604219697,0,0
#,"28.32,38.07761276866415",2.0,2.0,#,#,2.0,5.0,#,4.0,#,#,4.6,"1.9,6.1",#,"-8.550346333000327,61.7",0.0,#,"-10.965000000000002,16.965000000000003",#,"4.805,7.595000000000001",#,"2.8,7.2",#,"76.837,105.563","55.588499999999996,103.4115","34.697,66.103",#,#,1.0,0.0,#,#,#,#,#,#,#,"12.899999999999999,29.1",0.0,0.1,1.0,1,1.0,4640,4640,0.48717948717948717,0.0005246597604219697,0,0
#,"23.58,32.42",0.0,#,"-4.13,4.13",1.0,2.0,0.0,#,4.0,#,#,#,#,"14.85,35.15",#,#,"-2.9770000000000003,3.9770000000000003",#,"0.2949999999999995,7.705",#,"0.04999999999999982,3.95",#,#,"63.102000000000004,83.69800000000001","56.52250000000001,94.2775","10.824000000000002,65.976",2.0,#,0.0,0.0,#,#,2.0,#,#,2025.0,#,#,0.0,0.1,1.0,1,1.6666666666666667,4641,4641,0.48717948717948717,0.0008744329340366161,0,0
#,"23.58,32.42",0.0,#,"-4.13,4.13",1.0,2.0,0.0,#,4.0,#,45.0,#,#,"14.85,35.15",#,#,"-2.9770000000000003,3.9770000000000003",#,#,"2.7449999999999997,9.255","0.04999999999999982,3.95",#,#,"63.102000000000004,83.69800000000001",#,#,2.0,#,0.0,0.0,#,#,#,#,#,#,#,#,0.0,0.1,1.0,1,3.0,4641,4641,0.41025641025641024,0.0015739792812659089,0,0
#,#,0.0,2.0,#,#,#,#,0.0,#,#,60.0,#,"4.85,9.15",#,#,#,"8.7165,17.6835","-12.884999999999998,22.884999999999998",#,"7.2075000000000005,11.392500000000002",#,"1.75,6.25","0.8999999999999999,5.1",#,#,#,3.0,#,1.0,0.0,"3244.65,6241.35",#,1.0,1.0,#,2025.0,"6.02,9.98",#,1.0,0.1,1.0,1,1.0,4642,4642,0.46153846153846156,0.0005246597604219697,0,0
1.0,#,#,#,#,#,#,#,#,1.0,1.0,40.0,#,#,#,#,#,#,#,#,"3.582,8.8855",#,"4.75,7.25",#,#,#,"18.741000000000007,74.65899999999999",#,#,#,#,#,#,2.0,#,"3.762,5.238",2025.0,#,#,1,0.1,1.0,1,3.0,4644,4644,0.2564102564102564,0.0015739792812659089,0,0
1.0,#,#,#,#,1.0,#,6.0,#,3.0,2.0,50.0,4.2,"5.9,10.1","45.46,60.54","54.537499999999994,85.0625",2.0,#,#,#,#,#,"3.75,6.25","3.1799999999999997,8.82","69.57000000000001,85.83","72.586,116.21400000000001",#,1.0,#,#,0.0,#,"23.279999999999998,78.72",5.0,#,"4.432,5.368",#,#,"6.65,21.35",0.0,0.1,1.0,1,1.0,4645,4645,0.5384615384615384,0.0005246597604219697,0,0
#,#,#,#,#,1.0,#,6.0,#,3.0,2.0,50.0,4.2,#,"45.46,60.54","54.537499999999994,85.0625",2.0,#,#,#,#,#,"3.75,6.25","3.1799999999999997,8.82","69.57000000000001,104.51510126150708","72.586,116.21400000000001",#,1.0,#,0.0,0.0,#,"23.279999999999998,78.72",5.0,#,"4.432,5.368",#,#,"6.65,21.35",0.0,0.1,1.0,1,1.0,4645,4645,0.5128205128205128,0.0005246597604219697,0,0
1.0,#,#,0.0,#,#,#,1.0,#,4.0,#,60.0,#,"2.45,9.55",#,"73.5,103.1",3.0,"2.008,10.792000000000002","-7.535,13.535","5.074999999999999,10.925","8.451500000000001,11.1485",#,"-0.04999999999999982,6.05",#,#,#,"62.029,90.37100000000001",0.0,#,1.0,#,"2697.7999999999997,7264.200000000001",#,#,#,"3.796,4.804",#,#,"-4.649999999999999,16.65",1.0,1.0,1.0,1,1.0,4647,4647,0.48717948717948717,0.0005246597604219697,1,1
#,"13.58,22.42",1.0,0.0,#,#,#,#,6.0,3.0,#,50.0,4.2,#,"33.980000000000004,56.019999999999996","34.712500000000006,74.4875",6.0,"-2.245,3.245",#,"1.335,6.665",#,"1.0,7.0","4.05,7.95","1.06,6.9399999999999995",#,"29.769000000000002,78.431","31.246,60.354",#,5.0,1.0,#,"3017.225,6798.775","46.129999999999995,71.87",1.0,1.0,"2.9379999999999997,5.062",2023.0,#,#,0.0,0.1,1.0,1,1.5,4648,4648,0.6410256410256411,0.0007869896406329544,0,0
#,"20.71,29.29",2.0,0.0,"4.239999999999999,13.760000000000002",1.0,0.0,#,0.0,#,2.0,60.0,4.7,#,#,#,2.0,"-5.2645,6.2645",#,#,"5.568,10.032","0.5999999999999996,7.4","3.6,8.4",#,#,"50.781000000000006,86.019",#,#,#,#,#,"-2283.2000000000003,2283.2000000000003","24.31,85.69",4.0,0.0,#,#,"4.645,11.355",#,0.0,0.1,1.0,1,1.0,4649,4649,0.5384615384615384,0.0005246597604219697,0,0
#,"20.71,29.29",2.0,0.0,"4.239999999999999,13.760000000000002",1.0,#,#,0.0,#,2.0,60.0,4.7,#,#,#,2.0,"-5.2645,6.2645",#,#,"5.568,10.032","0.5999999999999996,7.4","3.6,8.4",#,#,"50.781000000000006,86.019",#,#,#,#,#,"-2283.2000000000003,2283.2000000000003","24.31,85.69",#,0.0,#,2025.0,"4.645,11.355",#,0.0,0.1,1.0,1,1.0,4649,4649,0.5128205128205128,0.0005246597604219697,0,0
0.0,#,#,2.0,#,0.0,#,#,#,#,1.0,40.0,4.4,"1.9499999999999997,6.050000000000001","32.31,67.69",#,1.0,"-0.4090000000000007,8.009",#,#,"5.425999999999999,8.774",#,"0.4500000000000002,7.55","-1.2400000000000002,5.24",#,#,"44.842,64.758",2.0,1.0,1.0,#,"2609.9750000000004,5678.025","46.21,87.78999999999999",#,0.0,#,#,"5.36,10.64","-1.4499999999999993,17.45",0.0,0.1,1.0,1,1.25,4650,4650,0.5641025641025641,0.000655824700527462,0,0
1.0,"25.23,32.769999999999996",0.0,2.0,#,1.0,#,0.0,5.0,#,#,#,4.6,#,#,#,#,#,#,#,#,#,"2.45,5.55",#,#,#,#,#,1.0,1.0,0.0,#,#,4.0,#,#,#,"4.8,9.2","17.4,30.6",1.0,0.1,1.0,1,1.4,4651,4651,0.38461538461538464,0.0007345236645907575,0,0
#,#,#,0.0,#,#,2.0,#,3.0,#,2.0,#,4.5,#,#,"46.77499999999999,100.425",#,#,#,"-1.315,5.3149999999999995",#,"4.6,7.4",#,#,"67.63399999999999,92.566",#,"48.596999999999994,80.003",8.0,#,1.0,0.0,"4221.55,8074.45",#,1.0,1.0,#,#,#,#,1.0,0.1,1.0,1,2.3333333333333335,4652,4652,0.41025641025641024,0.0012242061076512625,0,0
#,"18.16,35.84",0.0,#,"9.64,16.36",#,#,1.0,0.0,4.0,#,#,#,"2.1,5.9",#,"24.0125,85.9875",5.0,#,#,#,#,"0.8500000000000001,7.15",#,#,#,"35.454,58.946000000000005","31.429000000000002,59.771",#,#,#,#,#,#,#,#,"3.4939999999999998,5.906000000000001",2024.0,#,"1.1500000000000004,18.85",1.0,1.0,1.0,1,1.0,4653,4653,0.38461538461538464,0.0005246597604219697,1,1
#,#,4.0,0.0,#,0.0,#,#,7.0,1.0,#,40.0,#,#,#,#,1.0,"-1.694,3.1136895950396832",#,"0.5549999999999997,7.445",#,"1.65,6.35",#,#,"57.352999999999994,88.247",#,"21.112000000000002,48.687999999999995",#,#,#,0.0,"3649.0851243469015,6306.475",#,#,#,#,2024.0,#,#,0,0.1,1.0,1,2.0,4655,4655,0.38461538461538464,0.0010493195208439393,0,0
#,"31.71,40.29",4.0,0.0,"3.29,10.71",0.0,1.0,#,#,#,#,40.0,#,#,"9.759999999999998,42.24","8.399999999999999,38.0",1.0,"-1.694,3.1136895950396832",#,#,#,"1.65,6.35",#,#,#,#,#,#,#,#,#,#,"70.785,127.215",#,#,"4.172,5.828",2024.0,"0.405,3.5949999999999998",#,1.0,0.1,1.0,1,2.0,4655,4655,0.41025641025641024,0.0010493195208439393,0,0
#,"16.84,25.16",0.0,#,"8.71,15.29",1.0,#,#,#,4.0,#,#,4.6,"1.0,5.0","-1.8500000000000014,36.845271066190676","18.4375,78.5625",1.0,"2.1229999999999993,9.077",#,#,"2.8635,8.5365","3.55,10.45","1.55,4.45","6.24,11.76","64.95,92.05",#,"47.346000000000004,76.454",#,#,1.0,0.0,"4529.48927648704,5986.975",#,2.0,1.0,#,2023.0,"10.075,13.925","1.2999999999999998,12.7",1.0,0.1,1.0,1,2.0,4657,4657,0.6410256410256411,0.0010493195208439393,0,0
#,#,#,#,"-0.29000000000000004,6.29",1.0,#,1.0,0.0,#,#,60.0,#,#,"14.5,43.5","50.0,116.6",#,"-2.611,3.611","-12.209999999999999,16.21","4.704431700479395,7.795","4.4864999999999995,8.1135",#,"1.4999999999999996,8.5",#,#,"22.893499999999996,79.10650000000001","38.337,85.063",#,#,#,#,"3846.725,6201.275","76.19,113.81",2.0,#,"4.532,5.468",2024.0,#,"19.4,38.6",1.0,0.1,1.0,1,1.3333333333333333,4658,4658,0.5128205128205128,0.0006995463472292928,0,0
#,#,2.0,#,#,#,#,6.0,6.0,#,2.0,#,#,"5.7,8.3",#,"55.712500000000006,110.2875",#,"0.4864999999999995,13.1135","-10.515,12.515",#,#,"3.45,6.55",#,"2.3,7.7","58.872920960543254,105.82400000000001",#,#,#,#,1.0,#,#,#,3.0,3.0,#,#,"7.875,16.125",#,1.0,0.1,1.0,1,2.5,4659,4659,0.38461538461538464,0.001311649401054924,0,0
#,#,0.0,#,#,#,1.0,#,1.0,#,1.0,#,4.3,#,#,#,4.0,"-0.6534999999999997,4.653499999999999",#,"-1.4450000000000003,5.445",#,#,"4.35,9.65","5.0600000000000005,10.94",#,#,#,#,0.0,1.0,#,#,#,#,0.0,"3.762,5.238",#,#,#,1.0,0.1,1.0,1,1.0,4660,4660,0.358974358974359,0.0005246597604219697,0,0
#,"24.46,39.54",#,#,#,0.0,#,6.0,#,3.0,#,#,4.2,#,"23.830000000000002,66.17","27.775,96.225",1.0,#,"-4.0649999999999995,14.065","0.8399999999999999,9.16","1.495999999999999,6.704000000000001",#,#,#,"47.64,80.16","78.91749999999999,108.2825","25.887999999999998,74.912",2.0,#,1.0,0.0,#,"21.61387443739326,81.8",0.0,#,"3.992,6.008",2025.0,"-2.7950000000000004,9.254018629439319",#,0.0,0.1,1.0,1,2.0,4661,4661,0.5641025641025641,0.0010493195208439393,0,0
0.0,"9.77,28.23",0.0,#,#,#,#,#,#,#,#,30.0,4.3,#,#,"46.0,83.0",#,"-2.5135000000000005,10.1135",#,"1.855,6.145","1.4864999999999997,5.1135",#,"3.6999999999999997,8.3",#,"36.634,61.566",#,"22.024000000000004,77.176",1.0,1.0,1.0,#,#,#,#,#,"4.005999999999999,5.194",#,#,#,1.0,0.1,1.0,1,1.75,4662,4662,0.41025641025641024,0.0009181545807384469,0,0
#,"17.5,30.5",#,0.0,"-1.0299999999999998,3.03",1.0,2.0,1.0,0.0,#,#,#,#,"1.75,4.25","20.3,37.7","13.524999999999999,78.275",2.0,"-2.5195000000000003,3.5195000000000003","-2.125,10.125",#,#,"-0.25,6.25","3.35,10.65","-0.6600000000000001,6.66","64.346,104.45400000000001","50.385999999999996,94.01400000000001",#,2.0,2.0,#,#,#,#,#,0.0,#,#,"4.985,13.015",#,1.0,1.0,1.0,1,1.0,4663,4663,0.5641025641025641,0.0005246597604219697,1,1
#,"23.810000000000002,40.19",#,#,"-3.5,3.5",1.0,#,2.0,#,#,#,75.0,4.5,"2.65,7.35","18.92,49.08","59.9625,125.63749999999999",#,"1.9420000000000002,11.458","1.3599999999999994,36.64",#,"4.053999999999999,8.146","2.9499999999999997,7.050000000000001",#,#,#,"57.736999999999995,86.263",#,0.0,#,#,#,"3699.7999999999997,8266.2","59.230000000000004,104.77",#,3.0,"2.1759999999999997,4.6240000000000006",#,"5.26,12.74",#,1.0,0.1,1.0,1,2.0,4666,4666,0.5128205128205128,0.0010493195208439393,0,0
1.0,#,#,2.0,#,1.0,0.0,#,1.0,#,#,#,#,"5.45,12.55",#,"27.825000000000003,119.25373638545926",#,#,"-14.102272230833826,15.7",#,#,"2.4,5.6","3.0500000000000003,8.95","0.7400000000000002,9.26",#,#,"34.678000000000004,60.722",#,#,0.0,0.0,#,#,3.0,#,#,2024.0,#,#,1.0,0.1,1.0,1,2.6666666666666665,4669,4669,0.41025641025641024,0.0013990926944585857,0,0
#,#,3.0,#,"12.11,15.89",#,2.0,#,4.0,4.0,0.0,90.0,4.6,#,"40.95,67.05",#,#,"1.4804999999999997,7.519500000000001","-17.150000000000002,17.150000000000002",#,#,"3.55,6.45",#,"-0.30000000000000027,8.794081969210406",#,"54.810500000000005,105.9895",#,2.0,1.0,1.0,#,#,#,1.0,#,"3.444,4.956",2023.0,#,#,0.0,0.1,1.0,1,1.0,4673,4673,0.5128205128205128,0.0005246597604219697,0,0
#,#,3.0,1.0,#,#,#,#,6.0,#,#,#,#,"1.7999999999999998,8.2","32.34,63.66","37.925,80.47500000000001",#,"12.1995,18.628994540709467","-5.615,7.615",#,"4.0585,6.9415","-0.20000000000000018,6.2",#,#,#,"23.4765,84.7235","14.972999999999999,67.827",#,#,#,#,#,#,#,1.0,"2.058,4.542",2024.0,#,#,0.0,0.1,1.0,1,1.0,4674,4674,0.38461538461538464,0.0005246597604219697,0,0
#,#,3.0,1.0,#,#,#,#,6.0,#,#,#,#,"1.7999999999999998,8.2","32.34,63.66","37.925,80.47500000000001",#,"12.1995,18.628994540709467",#,#,"4.0585,6.9415","-0.20000000000000018,6.2",#,#,#,"23.4765,84.7235","14.972999999999999,67.827",#,#,#,#,"2320.675,5103.325",#,#,1.0,#,2024.0,#,#,0.0,0.1,1.0,1,1.0,4674,4674,0.358974358974359,0.0005246597604219697,0,0
0.0,#,#,2.0,"-2.94,2.94",#,1.0,2.0,#,4.0,#,75.0,4.5,"-0.5,4.5",#,#,3.0,"-5.862500000000001,7.862500000000001",#,"2.1900000000000004,11.809999999999999","4.668,9.132000000000001",#,"0.8500000000000001,5.15",#,#,"26.729999999999997,77.07",#,#,#,0.0,0.0,#,"34.754999999999995,85.245",1.0,1.0,#,2025.0,"5.095000000000001,12.905","-4.199999999999999,10.2",1.0,0.1,1.0,1,3.0,4676,4676,0.5897435897435898,0.0015739792812659089,0,0
0.0,"13.76,26.240000000000002",4.0,0.0,"6.359999999999999,13.64",1.0,#,7.0,2.0,0.0,1.0,#,#,#,#,"-3.362499999999997,64.1625",3.0,#,"-0.33000000000000007,16.33","-1.5500000000000007,7.550000000000001","1.8469999999999998,5.753","4.0,10.0",#,#,#,"65.352,119.048","33.171,81.429",0.0,#,1.0,#,#,"60.14,87.86",1.0,0.0,"2.218,3.982",2024.0,"5.58,10.42",#,1.0,0.1,1.0,1,1.75,4677,4677,0.6666666666666666,0.0009181545807384469,0,0
#,"26.380000000000003,45.62",#,0.0,"4.29,11.71",#,#,#,#,0.0,1.0,25.0,#,"-0.30000000000000027,6.300000000000001","26.63,57.370000000000005",#,#,#,"-4.045,16.045",#,#,"3.1,9.916894066826663","2.3499999999999996,7.65",#,"54.428,71.772","32.8955,58.9045",#,3.0,#,1.0,#,#,"57.635,84.365",#,#,#,#,#,#,1.0,0.1,1.0,1,1.0,4679,4679,0.41025641025641024,0.0005246597604219697,0,0
#,"12.03,29.97",#,2.0,"4.41,9.59",0.0,0.0,0.0,#,4.0,1.0,#,4.6,"-0.1499999999999999,4.15","25.11,48.89","44.85,78.15",#,"0.5779999999999994,13.022",#,#,#,"4.7,7.3","1.7999999999999998,6.2","0.48,5.52",#,"46.159,78.041",#,#,#,#,0.0,#,"62.665,95.33500000000001",#,#,"3.812,6.188000000000001",2025.0,"4.36,9.64","18.15,29.85",1.0,0.1,1.0,1,1.6800000000000002,4680,4680,0.5897435897435898,0.0008814283975089091,0,0
1.0,"12.03,29.97",#,2.0,"4.41,9.59",0.0,0.0,#,#,4.0,1.0,45.0,4.6,"-0.1499999999999999,4.15",#,"44.85,78.15",#,"0.5779999999999994,13.022",#,"3.01,8.99",#,"4.7,7.3","1.7999999999999998,6.2","0.48,5.52",#,"46.159,78.041",#,#,#,#,0.0,#,"62.665,95.33500000000001",#,#,"3.812,6.188000000000001",2025.0,"4.36,9.64","18.15,29.85",1.0,0.1,1.0,1,1.6800000000000002,4680,4680,0.6153846153846154,0.0008814283975089091,0,0
0.0,#,#,#,"3.8200000000000003,14.18",#,2.0,1.0,0.0,#,#,60.0,4.7,"0.7999999999999998,7.2",#,#,#,"-2.9835000000000003,5.9835",#,"1.92,6.08","3.7189999999999994,6.881",#,"1.25,8.75",#,#,"20.6375,83.5625",#,#,#,1.0,#,"3876.075,6087.925",#,2.0,0.0,"4.4239999999999995,5.5760000000000005",#,#,#,1.0,1.0,1.0,1,1.0,4682,4682,0.46153846153846156,0.0005246597604219697,1,1
0.0,"22.42,39.58",3.0,#,"10.27,15.73",1.0,0.0,0.0,#,#,1.0,#,4.6,"-0.7000000000000002,4.7",#,"25.2625,76.1375",2.0,#,"-17.150000000000002,17.150000000000002",#,#,#,"4.199999999999999,11.126692983324151",#,#,"73.359,105.241",#,#,4.0,0.0,0.0,#,#,1.0,#,"3.2499999999999996,5.949999999999999",#,#,#,0.0,0.1,1.0,1,1.0,4683,4683,0.5128205128205128,0.0005246597604219697,0,0
0.0,#,3.0,0.0,"10.27,15.73",1.0,0.0,0.0,#,#,1.0,#,4.6,"-0.7000000000000002,4.7",#,"25.2625,76.1375",2.0,#,"-17.150000000000002,17.150000000000002",#,#,#,"4.199999999999999,11.126692983324151",#,#,#,#,#,4.0,0.0,0.0,#,#,#,#,"3.2499999999999996,5.949999999999999",#,#,#,0.0,0.1,1.0,1,1.0,4683,4683,0.46153846153846156,0.0005246597604219697,0,0
1.0,"23.93,34.07",0.0,#,"4.34,9.66",1.0,2.0,2.0,#,4.0,2.0,#,#,"1.0499999999999998,4.95",#,#,#,"-2.4280000000000004,3.4280000000000004",#,"1.855,6.145","1.8584999999999998,4.7415","5.2,8.8",#,"5.140000000000001,8.86",#,"35.515,60.685","35.224000000000004,90.37599999999999",4.0,4.0,#,#,#,#,#,#,#,#,"2.525,7.475",#,0.0,1.0,1.0,1,1.0,4685,4685,0.5128205128205128,0.0005246597604219697,1,1
#,"22.1,29.9",#,1.0,#,0.0,0.0,#,4.0,4.0,#,#,#,"5.2,8.8","33.66,60.34","9.75,50.45",2.0,#,#,"2.75,9.25","6.4750000000000005,11.125","2.0,6.0",#,"-1.4799999999999995,5.4799999999999995",#,#,"20.447999999999997,54.152",#,#,0.0,#,"-2639.95,2639.95",#,2.0,2.0,#,2024.0,"5.515,8.485","14.5,29.5",0.0,1.0,1.0,1,1.0,4688,4688,0.5641025641025641,0.0005246597604219697,1,1
0.0,#,#,0.0,#,#,2.0,#,1.0,2.0,1.0,#,4.3,#,"25.4,48.6",#,#,"-0.7240000000000002,9.524000000000001","-1.25,23.25","2.6449999999999996,11.355","6.012,8.988",#,#,"-2.38,6.38","43.239999999999995,75.76",#,"41.288,90.312",0.0,0.0,#,1.0,#,#,2.0,2.0,#,2025.0,"-1.0350000000000001,3.035","19.8,28.2",1.0,0.1,1.0,1,1.3199999999999998,4689,4689,0.5897435897435898,0.0006925508837569999,0,0
0.0,#,0.0,0.0,#,#,0.0,3.0,1.0,#,#,#,4.3,#,#,#,2.0,#,"-9.31,9.31",#,"5.223999999999998,11.176","0.55,3.45","5.3,10.7","-1.0200000000000005,7.0200000000000005",#,"42.939499999999995,75.6605",#,2.0,#,#,#,"1795.2749999999999,5148.725","8.865000000000002,81.13499999999999",1.0,0.0,#,2024.0,#,"17.1,30.9",0.0,0.1,1.0,1,2.25,4690,4690,0.5384615384615384,0.0011804844609494317,0,0
#,#,4.0,#,"-2.71,4.71",1.0,1.0,#,#,4.0,2.0,60.0,#,#,#,"15.774999999999999,84.225",4.0,#,"-10.535,10.535","5.375,8.625",#,"4.1499999999999995,9.850000000000001",#,"3.74,12.26",#,"67.62,101.18",#,#,5.0,#,0.0,#,#,2.0,#,"1.4334881806213433,4.442",#,#,#,0.0,0.1,1.0,1,3.0,4691,4691,0.46153846153846156,0.0015739792812659089,0,0
#,#,0.0,#,#,#,2.0,1.0,#,#,#,#,4.7,#,#,"3.0375000000000014,63.1625",2.0,"-1.9685000000000001,5.1685",#,"4.295,11.705","1.1259999999999997,4.474","1.6999999999999997,8.3","2.0,8.0",#,"67.944,87.456",#,#,2.0,3.0,1.0,#,#,"14.695,53.305",3.0,1.0,"3.6879999999999997,4.912",2025.0,#,"-8.25,14.25",1.0,0.1,1.0,1,1.5,4692,4692,0.5384615384615384,0.0007869896406329544,0,0
#,#,0.0,#,#,#,2.0,1.0,#,#,#,#,4.7,#,#,"3.0375000000000014,63.1625",2.0,"-1.9685000000000001,5.1685",#,"4.295,11.705","1.1259999999999997,4.474","1.6999999999999997,8.3","2.108860808035205,8.0",#,"67.944,87.456",#,"26.050000000000004,64.35",2.0,3.0,1.0,#,#,"14.695,53.305",3.0,1.0,"3.6879999999999997,4.912",#,#,"-8.25,14.25",1.0,0.1,1.0,1,1.5,4692,4692,0.5384615384615384,0.0007869896406329544,0,0
1.0,"21.8,32.2",#,0.0,"2.6199999999999997,7.380000000000001",0.0,0.0,#,#,#,2.0,#,4.7,#,"7.790000000000001,53.73401157428516",#,#,"-2.5184302675653782,7.361551005307664",#,#,"3.0449999999999995,9.555","0.10000000000000009,5.9",#,#,"51.192,77.208",#,"10.118000000000002,51.482",2.0,4.0,0.0,#,#,#,#,#,#,2024.0,#,"13.600000000000001,24.4",0.0,0.1,1.0,1,2.0,4693,4693,0.48717948717948717,0.0010493195208439393,0,0
1.0,#,0.0,0.0,"2.6199999999999997,7.380000000000001",0.0,0.0,#,#,#,2.0,#,4.7,#,"7.790000000000001,53.73401157428516",#,#,"-2.5184302675653782,16.262500000000003",#,#,"3.0449999999999995,9.555","0.10000000000000009,5.9",#,#,"51.192,77.208",#,#,2.0,4.0,0.0,#,#,#,#,#,#,2024.0,#,"13.600000000000001,24.4",0.0,0.1,1.0,1,2.0,4693,4693,0.46153846153846156,0.0010493195208439393,0,0
#,#,#,0.0,#,1.0,0.0,3.0,1.0,#,1.0,30.0,#,"0.55,3.45",#,#,#,#,"-6.475000000000001,15.039097233297799","-3.16,5.16",#,"2.75,9.25","1.85,6.15",#,#,#,"54.346000000000004,83.45400000000001",#,1.0,#,#,"1466.1750000000002,5675.825","73.19,110.81",1.0,#,#,2024.0,#,"11.45,22.55",1.0,0.1,1.0,1,3.0,4694,4694,0.48717948717948717,0.0015739792812659089,0,0
0.0,#,0.0,#,#,#,#,#,#,0.0,1.0,#,4.1,#,"13.149999999999999,50.85",#,0.0,"2.618499999999999,13.7815",#,#,"0.28899999999999926,5.311",#,#,#,#,#,#,2.0,0.0,1.0,0.0,"1935.05,4360.95","66.685,103.315",2.0,1.0,"3.588,4.812",2025.0,#,#,1.0,1.0,1.0,1,1.0,4696,4696,0.48717948717948717,0.0005246597604219697,1,1
1.0,#,#,0.0,#,#,#,#,#,#,1.0,#,4.1,"4.05,7.95",#,"16.037499999999998,53.962500000000006",#,#,"-9.76,13.76","-0.05500000000000016,6.055","1.0704999999999996,6.929500000000001",#,#,"1.04,8.96",#,#,"38.25,76.55",#,1.0,#,0.0,"1390.5,5671.5",#,#,0.0,#,2024.0,"1.04,8.96",#,0.0,0.1,1.0,1,2.0,4697,4697,0.4358974358974359,0.0010493195208439393,0,0
1.0,"31.1,38.9",#,3.0,#,#,#,#,#,#,#,75.0,#,#,#,"69.65,102.94999999999999",3.0,"-0.25349999999999984,5.0535","-9.29,11.29",#,#,"2.3,9.7",#,#,#,"46.315,71.485","53.88,84.52000000000001",#,0.0,1.0,#,"4597.95,7880.05",#,4.0,#,"2.6839999999999997,4.916",2024.0,"5.24,8.76","17.7,36.3",1.0,0.1,1.0,1,1.0,4699,4699,0.48717948717948717,0.0005246597604219697,0,0
1.0,"31.1,38.9",#,3.0,#,#,#,#,#,#,2.0,75.0,#,"2.8,7.2",#,"69.65,102.94999999999999",3.0,"-0.25349999999999984,5.0535",#,#,#,"2.3,9.7",#,#,#,"46.315,71.485","53.88,84.52000000000001",#,#,1.0,#,"4597.95,7880.05","74.745,123.255",4.0,#,"2.6839999999999997,4.916",2024.0,"5.24,8.76","17.7,36.3",1.0,0.1,1.0,1,1.0,4699,4699,0.5128205128205128,0.0005246597604219697,0,0
#,"21.28,32.72",3.0,#,#,0.0,2.0,#,#,4.0,2.0,#,4.7,#,"25.15,62.85","80.64999999999999,106.55",#,"-5.0815,6.0815","-12.23,14.23","3.7749999999999995,12.225000000000001","3.5145,7.8855","6.05,9.95",#,#,#,"75.042,111.958",#,#,#,#,#,"3509.75,5650.25",#,2.0,0.0,#,#,#,"18.9,41.1",0.0,0.1,1.0,1,3.0,4701,4701,0.48717948717948717,0.0015739792812659089,0,0
#,"19.5,32.5",#,#,"-1.15,5.15",#,0.0,#,#,#,#,#,#,#,"20.27,41.730000000000004","10.75,66.25",#,"-5.147500000000001,6.7475000000000005",#,"-2.883216905160819,9.358321239080693",#,#,#,#,"76.766,106.034","19.441999999999997,56.358000000000004",#,1.0,#,1.0,#,"5145.45,10514.564025059673",#,1.0,1.0,#,2025.0,#,"5.35,14.65",1.0,0.1,1.0,1,1.0,4704,4704,0.41025641025641024,0.0005246597604219697,0,0
0.0,#,0.0,2.0,#,#,#,7.0,2.0,#,1.0,#,4.1,#,#,"52.16250000000001,95.6375",2.0,#,"-5.35,9.35","0.27,5.73",#,"3.5,8.5",#,#,#,"44.098,74.302","47.182,82.41799999999999",3.0,#,1.0,#,"1152.7749999999996,5933.225","74.15,103.85",2.0,#,#,#,"3.92,10.08",#,0.0,0.1,1.0,1,1.0,4705,4705,0.5128205128205128,0.0005246597604219697,0,0
0.0,#,0.0,2.0,#,#,#,7.0,2.0,#,1.0,#,#,#,#,#,2.0,#,"-5.35,9.35","0.27,5.73",#,"3.5,8.5",#,#,#,"44.098,74.302","47.182,82.41799999999999",3.0,#,1.0,#,"1152.7749999999996,5933.225","74.15,103.85",2.0,#,#,#,"3.92,10.08","18.0,30.0",0.0,0.1,1.0,1,1.0,4705,4705,0.48717948717948717,0.0005246597604219697,0,0
#,"23.41,34.59",#,3.0,"9.52,18.48",1.0,#,2.0,#,#,#,#,#,"3.65,3.84115179416076","8.27,29.73","5.774999999999999,44.625",1.0,"-3.7090000000000005,4.7090000000000005",#,#,"0.4169999999999998,6.183",#,#,"-0.7199999999999998,6.72",#,"47.6665,84.19186896673128",#,2.0,5.0,1.0,1.0,"3191.675,5974.325",#,#,0.0,#,#,"4.369999999999999,11.63",#,0.0,0.1,1.0,1,1.75,4706,4706,0.5128205128205128,0.0009181545807384469,0,0
#,#,#,2.0,#,#,#,#,4.0,#,#,90.0,#,#,"4.989999999999998,45.010000000000005","18.5375,78.6625",#,#,"-11.76,11.76","3.31,6.6899999999999995","4.477499999999999,7.05186489408238",#,#,#,"54.83,92.77",#,#,#,#,#,#,#,"46.349999999999994,115.65",8.0,#,#,2025.0,"5.635,10.365","11.4,24.6",1.0,0.1,1.0,1,2.0,4708,4708,0.358974358974359,0.0010493195208439393,0,0
1.0,"25.93,36.07",#,#,"10.57,17.43",#,#,#,5.0,4.0,#,45.0,#,"4.199999999999999,9.8",#,"64.02499999999999,106.575",1.0,#,"-13.68,17.68",#,"7.2725,10.5275","1.5999999999999996,8.4","1.4000000000000004,8.6",#,#,"25.217499999999994,54.5825","44.182,79.41799999999999",#,#,1.0,0.0,#,"64.29,121.71",5.0,0.0,#,#,#,"0.34999999999999964,9.65",1.0,0.1,1.0,1,2.5,4709,4709,0.5384615384615384,0.001311649401054924,0,0
#,"18.84,27.16",#,0.0,"1.2199999999999998,8.780000000000001",#,#,#,#,#,1.0,#,#,#,"25.27,46.730000000000004",#,#,"0.9719999999999995,6.828","-14.19,16.189999999999998",#,#,"1.7999999999999998,6.2","2.55,7.45",#,#,#,#,#,5.0,#,0.0,"1994.8500000000004,6133.15","70.17,103.83",#,2.0,#,#,"0.8649999999999998,7.135","1.4500000000000002,12.55",0.0,0.1,1.0,1,2.0,4710,4710,0.41025641025641024,0.0010493195208439393,0,0
#,"13.76,26.240000000000002",#,0.0,"7.1,16.9",1.0,1.0,6.0,#,#,2.0,50.0,#,"2.55,7.45",#,#,#,#,"-10.25,14.25","5.49,12.51",#,"1.4500000000000002,6.55","4.15,7.85",#,"40.615,84.94840964793278","48.8765,110.1235","19.207,73.59299999999999",#,#,1.0,#,"2243.15,6666.85",#,4.0,0.0,#,#,"-2.905,4.904999999999999",#,1.0,0.1,1.0,1,1.0,4711,4711,0.5384615384615384,0.0005246597604219697,0,0
#,#,#,#,"-0.41000000000000014,8.41",#,0.0,#,6.0,3.0,#,50.0,4.2,#,#,#,#,#,#,#,#,"1.5999999999999996,8.4","3.5999999999999996,6.4","-1.94,3.94",#,"30.42,63.980000000000004",#,#,5.0,#,0.0,#,"-7.175000000000004,57.175000000000004",1.0,#,#,2025.0,"5.8100000000000005,12.19",#,0.0,0.1,1.0,1,1.0,4714,4714,0.41025641025641024,0.0005246597604219697,0,0
#,#,#,#,"-5.016720070184027,8.41",#,0.0,#,6.0,3.0,#,50.0,4.2,#,#,#,#,#,#,#,#,"1.5999999999999996,8.4","3.5999999999999996,6.4","-1.94,3.94",#,"30.42,63.980000000000004",#,#,5.0,#,0.0,#,"-7.175000000000004,57.175000000000004",1.0,#,#,2025.0,#,#,0.0,0.1,1.0,1,1.0,4714,4714,0.38461538461538464,0.0005246597604219697,0,0
#,#,#,1.0,"-1.17,3.17",1.0,#,0.0,5.0,4.0,1.0,45.0,#,#,"0.8900000000000006,35.11",#,#,#,"-5.800000000000001,13.8",#,#,#,#,"1.4000000000000004,8.6",#,"40.214999999999996,65.38499999999999",#,#,1.0,#,0.0,"1889.1999999999998,5884.8","60.685,97.315",#,0.0,#,2025.0,#,#,0.0,1.0,1.0,1,1.0,4717,4717,0.46153846153846156,0.0005246597604219697,1,1
1.0,"25.63,38.37",0.0,#,"7.1499999999999995,14.850000000000001",#,#,0.0,5.0,4.0,1.0,#,#,#,#,"51.57499999999999,150.03709479049073",3.0,"-1.7560000000000011,9.956",#,#,"6.014499999999999,10.3855",#,"-1.7999999999999998,1.7999999999999998",#,"69.908,98.092",#,#,3.0,#,1.0,1.0,#,#,#,0.0,#,#,#,#,1.0,0.1,1.0,1,1.0,4718,4718,0.46153846153846156,0.0005246597604219697,0,0
1.0,"25.63,38.37",0.0,#,"7.1499999999999995,14.850000000000001",#,#,0.0,#,#,#,#,#,"3.8,8.2",#,"51.57499999999999,150.03709479049073",#,"-1.7560000000000011,9.956",#,#,"6.014499999999999,10.3855",#,"-1.7999999999999998,1.7999999999999998",#,"69.908,98.092",#,#,3.0,#,1.0,1.0,#,#,#,0.0,#,#,#,#,1.0,0.1,1.0,1,1.0,4718,4718,0.38461538461538464,0.0005246597604219697,0,0
0.0,"13.969999999999999,22.03",#,#,#,#,#,3.0,#,2.0,#,30.0,#,"3.4,6.6",#,#,1.0,#,#,#,#,"3.9,10.1","1.2000000000000002,4.8",#,"79.98299999999999,94.617","24.615499999999997,84.1845",#,#,2.0,0.0,#,"-1748.075,1226.0181981404855",#,#,#,#,2024.0,#,#,0.0,0.1,1.0,1,3.0,4719,4719,0.38461538461538464,0.0015739792812659089,0,0
1.0,#,#,2.0,"-2.55,6.55",#,#,1.0,0.0,4.0,2.0,#,#,"1.1499999999999995,6.8500000000000005","22.15,59.85","19.2,71.0",2.0,#,"-4.289999999999999,16.29",#,"3.375,8.025",#,"2.25,7.75",#,#,#,#,2.0,#,0.0,#,"-1641.0500000000002,1641.0500000000002",#,#,#,"2.7,4.5",#,"7.6899999999999995,12.31","18.4,31.6",1.0,0.1,1.0,1,1.3333333333333333,4720,4720,0.5128205128205128,0.0006995463472292928,0,0
1.0,#,#,2.0,"-2.55,6.55",#,#,1.0,0.0,#,2.0,#,#,#,"22.15,59.85","19.2,71.0",2.0,#,"-4.289999999999999,16.29",#,"3.375,8.025",#,"2.25,7.75",#,#,#,#,2.0,#,#,#,"-1641.0500000000002,1641.0500000000002",#,#,#,"2.7,4.5",2024.0,"7.6899999999999995,12.31","18.4,31.6",1.0,0.1,1.0,1,1.3333333333333333,4720,4720,0.46153846153846156,0.0006995463472292928,0,0
1.0,"17.866952732417932,38.97",#,#,#,0.0,#,7.0,#,0.0,1.0,25.0,4.1,#,#,#,2.0,#,#,"1.0099999999999998,6.99","0.5284999999999997,5.2715",#,#,#,#,"31.266499999999997,75.7335",#,#,0.0,#,#,#,#,#,#,"3.46,4.54",#,"9.469999999999999,14.530000000000001",#,1.0,0.1,1.0,1,2.0,4721,4721,0.38461538461538464,0.0010493195208439393,0,0
1.0,"30.42,47.58",#,#,#,0.0,#,#,7.0,1.0,#,#,#,#,"-2.7824292779013753,61.879999999999995","71.64999999999999,97.55",2.0,#,#,#,"-1.0875000000000004,5.8875",#,#,#,#,#,#,3.0,#,0.0,0.0,#,#,2.0,#,#,#,#,#,0.0,0.1,1.0,1,2.0,4727,4727,0.3333333333333333,0.0010493195208439393,0,0
1.0,#,#,2.0,"7.41,12.59",1.0,2.0,#,#,#,1.0,#,#,#,#,"66.1375,89.2625",5.0,"-1.8110000000000002,4.4110000000000005",#,#,#,#,#,#,"69.082,100.518","44.932500000000005,99.4675",#,2.0,1.0,#,#,#,"49.24,96.75999999999999",#,1.0,"3.944,5.456",#,#,"8.499999999999998,29.5",0.0,0.1,1.0,1,2.52608,4728,4728,0.4358974358974359,0.001325332527606729,0,0
#,#,#,#,#,#,2.0,#,0.0,4.0,#,60.0,#,#,"16.560000000000002,37.44","31.075,92.125",#,#,"1.4649999999999999,22.535","3.66,8.34",#,"-0.75,4.75","5.35,10.65","0.06000000000000005,5.9399999999999995","37.778999999999996,65.421","55.3735,78.0265",#,#,1.0,#,#,#,"62.665,95.33500000000001",#,#,#,#,#,#,1.0,0.1,1.0,1,2.0,4729,4729,0.38461538461538464,0.0010493195208439393,0,0
1.0,#,#,#,#,#,#,#,6.0,#,#,50.0,#,#,#,"11.8125,81.1875",#,"-3.343,4.343",#,#,"7.165499999999999,10.234499999999999",#,"3.5,8.5",#,#,"43.996,104.404","25.999,62.001000000000005",#,5.0,1.0,#,"2899.65,5896.35",#,1.0,#,"2.3659999999999997,4.634",2025.0,"1.4249999999999998,8.575",#,1.0,1.0,1.0,1,1.0,4732,4732,0.41025641025641024,0.0005246597604219697,1,1
#,"7.599981739882372,22.25",3.0,#,"1.38,10.620000000000001",0.0,1.0,2.0,#,#,2.0,#,4.5,"2.75,5.25","13.209999999999999,42.79",#,3.0,#,#,"-0.29000000000000004,8.29",#,"5.7,8.3",#,"0.8999999999999999,5.1","54.411,86.38900000000001","33.881,69.119","53.259,73.941",#,#,#,#,"3205.675,5988.325","39.765,92.235",0.0,#,"1.1995761281023143,5.050000000000001",#,#,"22.2,31.8",1.0,0.1,1.0,1,1.5,4733,4733,0.5641025641025641,0.0007869896406329544,0,0
1.0,"19.42,36.58",#,2.0,#,0.0,0.0,6.0,#,#,#,#,#,#,"36.69,59.31","27.25,82.75",#,"7.691305869635722,10.911",#,#,#,#,#,#,"60.295,90.105","36.003,74.597","47.659,68.341",2.0,#,0.0,0.0,#,#,0.0,#,"1.92,4.08",#,#,#,1.0,0.1,1.0,1,1.6666666666666667,4734,4734,0.4358974358974359,0.0008744329340366161,0,0
#,#,#,1.0,"4.17,13.83",0.0,#,5.0,4.0,4.0,#,#,4.6,#,#,"61.8875,110.91250000000001",1.0,#,#,#,#,#,#,"3.92,12.08","77.21199999999999,92.388",#,#,#,1.0,#,#,#,#,#,0.0,#,2024.0,#,#,1.0,0.1,1.0,1,1.0,4736,4736,0.358974358974359,0.0005246597604219697,0,0
#,#,0.0,0.0,#,#,0.0,#,4.0,#,#,#,#,"3.96978710681685,5.75","22.6,57.4",#,0.0,"-3.2515000000000005,6.9241070179606465","-12.68,18.68",#,"4.391499999999999,10.8085","4.050000000000001,9.95","0.75,5.25","1.48,6.52",#,"72.24449999999999,113.3555","28.707,83.09299999999999",#,#,#,#,#,#,#,0.0,#,#,#,"15.755084484620056,39.05",1.0,0.1,1.0,1,1.6666666666666667,4738,4738,0.4358974358974359,0.0008744329340366161,0,0
#,#,0.0,0.0,#,#,0.0,#,#,#,#,#,#,"2.25,5.75","22.6,57.4",#,0.0,"-3.2515000000000005,6.9241070179606465","-12.68,18.68",#,"4.391499999999999,10.8085","4.050000000000001,9.95","0.75,5.25","1.48,6.52",#,"72.24449999999999,113.3555","28.707,83.09299999999999",#,5.0,#,#,#,#,#,0.0,#,2024.0,#,"15.755084484620056,39.05",0,0.1,1.0,1,1.6666666666666667,4738,4738,0.46153846153846156,0.0008744329340366161,0,0
1.0,"12.71,22.301517467500094",#,#,"-5.377097581907175,4.760000000000001",1.0,#,2.0,#,4.0,#,75.0,4.5,"4.45,7.55","11.830000000000002,54.17",#,#,#,"-15.435,15.435","1.92,6.08",#,"0.19999999999999973,5.800000000000001","4.199999999999999,9.8","0.43999999999999995,3.56",#,#,#,#,#,#,0.0,#,"52.645,81.355",#,0.0,"3.668,6.332",#,#,"15.95,30.05",0.0,0.1,1.0,1,2.0,4739,4739,0.5128205128205128,0.0010493195208439393,0,0
#,"21.2,36.8",#,#,#,#,0.0,#,7.0,1.0,#,#,4.4,#,"13.37,40.63",#,#,"3.6485,11.1515","4.055,33.945",#,#,"-2.8500000000000005,2.8500000000000005",#,#,"46.634,71.566","22.454499999999996,80.3455",#,4.0,#,1.0,#,#,#,2.0,3.0,#,2025.0,"3.57,6.43",#,1.0,1.0,1.0,1,1.0,4740,4740,0.4358974358974359,0.0005246597604219697,1,1
#,#,3.0,#,"9.129999999999999,14.870000000000001",#,#,#,1.0,#,#,30.0,4.3,#,#,"51.8,81.39999999999999",#,#,"-0.5750000000000011,16.575000000000003",#,"8.047,11.953","2.45,14.230818043142445",#,#,"65.911,97.88900000000001","24.437499999999996,87.3625",#,4.0,#,0.0,#,#,#,3.0,#,#,#,#,#,1,0.1,1.0,1,2.4,4741,4741,0.358974358974359,0.0012591834250127271,0,0
1.0,#,#,#,#,#,#,0.0,#,4.0,1.0,#,4.6,"3.55,10.45",#,#,#,"-1.1814999999999998,9.9815",#,#,"2.3449999999999993,8.855",#,"0.6499999999999999,5.35",#,#,#,#,3.0,0.0,#,#,#,#,#,#,"4.334,5.666",2024.0,#,"-3.2,5.2",1.0,0.1,1.0,1,1.0,4742,4742,0.358974358974359,0.0005246597604219697,0,0
1.0,#,0.0,#,#,#,#,#,#,#,#,75.0,4.5,#,#,#,1.0,#,"-5.82,11.82",#,#,#,#,#,#,#,"30.716000000000005,67.484",0.0,#,1.0,0.0,#,#,#,#,"3.266,5.534000000000001",2025.0,#,#,1,0.1,1.0,1,2.0,4743,4743,0.3076923076923077,0.0010493195208439393,0,0
#,"19.25,38.75",0.0,#,#,1.0,#,#,5.0,#,#,45.0,#,"-0.6000000000000001,4.6",#,#,#,#,"5.405,20.595","-0.8099999999999996,8.809999999999999",#,#,"4.05,7.95",#,#,"16.412999999999997,71.787","27.071000000000005,75.32900000000001",2.0,3.0,1.0,1.0,"2710.125,5547.7052132937815","51.25,100.75",#,#,#,#,"5.91,10.09",#,0.0,0.1,1.0,1,1.0,4744,4744,0.46153846153846156,0.0005246597604219697,0,0
#,"19.25,38.75",0.0,0.0,#,1.0,#,0.0,5.0,4.0,#,45.0,#,"-0.6000000000000001,4.6",#,#,#,#,"5.405,20.595","-0.8099999999999996,8.809999999999999",#,#,"4.05,7.95",#,#,"16.412999999999997,71.787","27.071000000000005,75.32900000000001",2.0,3.0,1.0,1.0,"2710.125,4493.875","51.25,100.75",#,#,#,#,"5.91,10.09",#,0.0,0.1,1.0,1,1.0,4744,4744,0.5384615384615384,0.0005246597604219697,0,0
#,"9.46,24.54",#,2.0,"-1.04,9.04",0.0,#,5.0,4.0,#,0.0,90.0,4.6,#,"26.560000000000002,47.44",#,2.0,#,"-8.270000000000001,14.270000000000001","1.4249999999999998,8.575","7.144946532745797,9.66",#,"2.35,7.6360957039148865","1.5,4.5","48.11354179569623,96.286","17.33,67.67",#,#,#,#,0.0,#,"58.775,113.225",#,0.0,"3.69,5.3100000000000005",#,#,"18.6,35.4",0.0,0.1,1.0,1,2.2,4745,4745,0.5897435897435898,0.0011542514729283332,0,0
#,"19.939999999999998,36.06",0.0,2.0,"10.04,13.96",#,#,#,2.0,0.0,1.0,25.0,#,"1.6,6.4","11.92,42.08",#,0.0,#,#,#,#,"-1.1,5.1","6.540392191645342,9.25",#,"43.369,76.431","55.844500000000004,96.9555","10.968999999999998,54.631",#,2.0,0.0,1.0,"-1248.6250000000002,1248.6250000000002",#,2.0,1.0,"4.1899999999999995,5.8100000000000005",2025.0,#,#,1.0,0.1,1.0,1,1.0,4746,4746,0.6153846153846154,0.0005246597604219697,0,0
1.0,#,#,3.0,"9.149999999999999,16.85",1.0,#,7.0,#,#,#,#,#,"6.05,9.95",#,"50.1875,91.8125",1.0,#,"-11.23,15.23","4.6850000000000005,11.315","3.0704999999999996,8.9295",#,"2.4,5.6","-0.6600000000000001,6.66",#,"58.391000000000005,110.409",#,#,#,#,#,#,"45.685,82.315",8.0,2.0,"4.442,5.558",2024.0,"-0.43000000000000016,2.43",#,1.0,0.1,1.0,1,2.25,4747,4747,0.5128205128205128,0.0011804844609494317,0,0
0.0,"18.46,33.54",#,0.0,"10.57,17.43",#,#,#,#,4.0,#,75.0,#,"3.65,6.35",#,#,#,"-5.571,15.165065275590802","-14.170000000000002,18.17",#,#,#,#,#,#,#,#,#,#,0.0,0.0,#,#,1.0,#,"3.39,5.01",#,"2.81,9.19","6.0,24.0",0.0,0.1,1.0,1,2.0,4749,4749,0.38461538461538464,0.0010493195208439393,0,0
0.0,"16.77,35.230000000000004",3.0,#,#,1.0,#,3.0,1.0,2.0,1.0,30.0,4.3,#,#,"77.7375,100.8625",1.0,#,#,#,#,#,#,"-0.18000000000000016,6.18",#,#,#,#,2.0,0.0,#,#,"69.3,128.7",#,1.0,#,2023.0,"8.48,15.52",#,0.0,0.1,1.0,1,2.3333333333333335,4750,4750,0.48717948717948717,0.0012242061076512625,0,0
0.0,#,3.0,2.0,"5.970000000000001,10.03",1.0,#,3.0,1.0,2.0,1.0,30.0,4.3,"3.7,6.3",#,#,1.0,#,#,#,#,#,#,#,"31.753,62.647000000000006",#,#,#,#,0.0,#,"-1534.0249999999999,1534.0249999999999","69.3,128.7",#,1.0,#,2023.0,#,#,0.0,0.1,1.0,1,2.5,4750,4750,0.48717948717948717,0.001311649401054924,0,0
#,#,#,#,"2.74767101539576,11.99",1.0,2.0,#,5.0,#,1.0,45.0,4.6,#,#,"33.962500000000006,92.2375",#,#,"-2.8200000000000003,14.82","0.27,5.73",#,#,"3.75,6.25",#,"56.047000000000004,79.35300000000001","51.454,74.946","30.305000000000003,80.095",#,#,1.0,#,#,#,3.0,#,#,2023.0,"9.36,14.64",#,0.0,0.1,1.0,1,1.5,4752,4752,0.46153846153846156,0.0007869896406329544,0,0
0.0,#,#,#,#,#,0.0,#,5.0,4.0,#,45.0,4.6,"6.5,9.5",#,#,#,"-6.1795,7.1795","-3.495000000000001,21.495",#,"1.9519999999999995,8.648","-4.668310362680707,4.7","4.9,11.1","-0.3799999999999999,8.379999999999999",#,#,"33.259,53.941",3.0,1.0,#,0.0,"2606.7,5175.3",#,0.0,0.0,#,#,"5.425,12.575",#,1.0,0.1,1.0,1,2.0,4753,4753,0.5384615384615384,0.0010493195208439393,0,0
#,#,0.0,#,#,#,#,#,#,#,2.0,75.0,#,#,#,#,#,"-4.99,5.99","-17.375,19.375","0.6200000000000001,7.38","5.904999999999999,8.695","5.55,10.45","0.44999999999999996,3.55","0.8599999999999994,9.14","66.088,105.112","72.0445,113.15549999999999","48.667,87.733",3.0,0.0,#,1.0,#,"58.795,117.205",3.0,1.0,"3.5199999999999996,4.921572141044258",2025.0,#,#,0.0,0.1,1.0,1,2.0,4754,4754,0.5384615384615384,0.0010493195208439393,0,0
1.0,#,#,#,#,#,2.0,7.0,2.0,#,#,25.0,4.1,#,#,"50.875,89.725",4.0,#,"-18.375,18.375","2.7249999999999996,7.275",#,#,"3.5,8.5",#,#,#,#,#,5.0,1.0,0.0,#,#,2.0,#,#,#,#,#,1.0,0.1,1.0,1,1.6666666666666667,4758,4758,0.38461538461538464,0.0008744329340366161,0,0
#,#,2.0,2.0,"-2.94,2.94",1.0,#,4.0,#,#,1.0,40.0,4.4,"-1.5000000000000004,1.5516236526689542","37.11,60.89","48.06249999999999,84.13749999999999",#,#,#,#,#,"2.5999999999999996,5.4","3.65,8.35",#,"55.879000000000005,83.521",#,#,#,#,#,0.0,"-2639.95,2639.95","12.745000000000001,61.254999999999995",0.0,#,#,#,#,"0.4999999999999982,21.5",1.0,0.1,1.0,1,2.0,4760,4760,0.48717948717948717,0.0010493195208439393,0,0
0.0,"20.939999999999998,37.06",#,#,#,1.0,2.0,6.0,#,#,2.0,#,4.2,#,#,#,#,"0.7355,12.2645",#,#,#,#,"0.6999999999999997,7.300000000000001","0.5799999999999996,7.42","32.698,66.30199999999999","28.2155,87.78450000000001",#,4.0,5.0,1.0,#,"2654.675,5437.325","84.16,115.84",0.0,0.0,#,2024.0,#,"1.8499999999999996,20.15",1,0.1,1.0,1,1.75,4761,4761,0.5384615384615384,0.0009181545807384469,0,0
0.0,"20.939999999999998,37.06",#,#,#,1.0,2.0,6.0,#,#,2.0,50.0,4.2,#,#,#,#,"0.7355,12.2645",#,#,#,"1.35,8.65","0.6999999999999997,7.300000000000001","0.5799999999999996,7.42","32.698,66.30199999999999","28.2155,87.78450000000001",#,4.0,5.0,1.0,#,"2654.675,5437.325","84.16,115.84",0.0,0.0,#,2024.0,#,"1.8499999999999996,20.15",0.0,0.1,1.0,1,1.75,4761,4761,0.5897435897435898,0.0009181545807384469,0,0
0.0,#,2.0,#,"-3.13,5.13",#,#,1.0,#,4.0,#,#,4.7,#,#,#,#,"6.042000000000001,15.558","-7.33,9.33",#,"3.2375000000000003,5.5625",#,"4.2,7.8",#,#,"35.966499999999996,80.43350000000001",#,3.0,#,#,#,#,#,#,#,"4.028,5.972",2024.0,#,"4.7,17.3",1.0,1.0,1.0,1,1.0,4762,4762,0.38461538461538464,0.0005246597604219697,1,1
1.0,"18.19,27.81",#,0.0,"2.69,7.3100000000000005",0.0,#,3.0,1.0,#,#,30.0,#,"4.2,7.8",#,#,#,"-2.7025000000000006,3.7025000000000006","-5.209999999999999,23.21","3.53,8.47",#,#,#,#,"52.016999999999996,91.583",#,#,#,#,1.0,#,"2028.4499999999998,3883.55","50.31,111.69",#,#,#,2023.0,"8.26,15.74","25.75,36.25",0.0,1.0,1.0,1,1.0,4764,4764,0.48717948717948717,0.0005246597604219697,1,1
1.0,"26.8,37.2",0.0,#,"-0.17999999999999972,10.18",#,2.0,#,5.0,4.0,#,45.0,#,#,#,"52.3125,114.2875",#,"9.8805,15.919500000000001","-4.82,12.82",#,#,"1.5999999999999996,8.4","3.4,8.530390051616966","1.38,4.62",#,#,#,0.0,5.0,1.0,0.0,#,#,3.0,0.0,#,#,#,#,1.0,0.1,1.0,1,2.0,4766,4766,0.5128205128205128,0.0010493195208439393,0,0
#,"14.382812281602693,34.63",0.0,#,#,2.0,#,7.0,#,0.0,#,#,4.1,"4.2,7.8","14.759999999999998,47.24","26.487499999999997,68.1125",#,#,"-6.615,6.615","-4.2250000000000005,4.2250000000000005","2.445,8.955","3.4,8.6","1.6260111370835157,6.65",#,#,#,#,#,#,#,#,"1765.9499999999998,5048.05","21.33,86.67",5.0,0.0,#,#,"1.5350000000000001,10.886773864135499",#,1.0,0.1,1.0,1,2.5,4767,4767,0.48717948717948717,0.001311649401054924,0,0
#,"21.37,34.63",0.0,#,#,2.0,#,7.0,#,0.0,#,#,4.1,"4.2,7.8","14.759999999999998,47.24","26.487499999999997,68.1125",#,#,"-6.615,6.615","-4.2250000000000005,4.2250000000000005","2.445,8.955","3.4,8.6","-0.6499999999999999,6.65",#,#,#,#,1.0,#,#,#,"1765.9499999999998,5048.05","21.33,86.67",5.0,0.0,"2.78,4.22",2025.0,"1.5350000000000001,10.886773864135499",#,1.0,0.1,1.0,1,2.5,4767,4767,0.5641025641025641,0.001311649401054924,0,0
1.0,"19.8,30.2",#,#,#,#,#,#,#,#,1.0,#,#,"3.5,8.5","12.25,55.75","69.4375,114.76249999999999",#,#,#,"1.58,10.42",#,#,#,#,#,"40.476499999999994,101.7235","52.012,79.588",7.0,#,#,#,"1879.7749999999996,6660.225","39.875,114.125",6.0,3.0,#,2023.0,#,"1.200000000000001,22.799999999999997",0.0,0.1,1.0,1,2.0,4769,4769,0.41025641025641024,0.0010493195208439393,0,0
1.0,#,#,#,"0.3599999999999999,7.640000000000001",#,#,7.0,#,#,1.0,25.0,#,"3.55,8.45","43.43,62.57","46.75,67.18132588265863",3.0,"-1.6985000000000001,9.098500000000001",#,#,#,"0.4500000000000002,5.55",#,#,"47.21399999999999,82.98599999999999",#,#,6.0,#,#,0.0,"1689.7,4258.3",#,9.0,1.0,"3.354,5.046",#,#,"-3.0999999999999996,19.1",1.0,0.1,1.0,1,2.0,4771,4771,0.48717948717948717,0.0010493195208439393,0,0
1.0,"22.97,37.10898598593808",0.0,#,#,#,#,#,6.0,#,#,50.0,#,#,"15.879999999999999,32.120000000000005","42.66250000000001,86.1375",#,#,"-13.965000000000002,13.965000000000002","0.3849999999999998,9.615",#,#,"4.35,9.65",#,"65.55600000000001,100.244","61.937,90.46300000000001",#,#,#,#,0.0,#,#,#,#,#,2024.0,#,"7.050000000000001,28.95",1.0,0.007775999999999998,0.6,1,2.2,4772,4772,0.38461538461538464,0.0011542514729283332,0,0
1.0,"22.97,31.03",0.0,#,#,#,#,#,6.0,#,#,#,#,#,"15.879999999999999,32.120000000000005","42.66250000000001,86.1375",#,#,#,#,#,#,#,#,#,#,"28.697,60.102999999999994",#,#,#,0.0,#,#,#,1.0,"2.422,4.978",2024.0,"3.085,8.915",#,1.0,0.0,0.0,1,4.0,4772,4772,0.3076923076923077,0.0020986390416878786,0,1
1.0,#,0.0,#,#,#,2.0,#,#,4.0,#,#,#,#,#,#,5.0,#,"-1.6600000000000001,31.66","-0.1200000000000001,6.12","2.7984999999999998,9.401499999999999",#,#,#,"67.137,95.863",#,#,#,#,#,#,"-187.42499999999995,3451.425","73.765,126.235",#,0.0,"2.058,4.542",2025.0,#,#,1.0,0.1,1.0,1,2.25,4773,4773,0.358974358974359,0.0011804844609494317,0,0
#,"11.38,30.619999999999997",2.0,#,#,#,#,#,#,#,#,#,4.3,#,#,"24.812499999999996,86.7875",3.0,#,"-3.1049999999999995,11.105","4.905,13.094999999999999",#,#,"4.35,7.65","1.5799999999999996,8.42","76.95700000000001,94.843",#,"23.100092780529728,59.224000000000004",1.0,2.0,0.0,#,"-2283.2000000000003,2283.2000000000003",#,#,1.0,#,2025.0,"-0.7050000000000001,2.705",#,1.0,0.1,1.0,1,2.0,4774,4774,0.46153846153846156,0.0010493195208439393,0,0
#,#,0.0,0.0,"2.797761797197797,13.9",#,#,0.0,5.0,#,1.0,#,#,"-1.4000000000000004,5.4","11.82,36.18",#,1.0,#,#,#,"2.41,7.99",#,#,"-0.8399999999999999,6.84",#,"30.58153220456751,94.763","45.493,67.707",1.0,5.0,1.0,0.0,#,#,#,#,#,2025.0,"-0.96,6.96",#,0.0,0.1,1.0,1,1.5,4775,4775,0.48717948717948717,0.0007869896406329544,0,0
1.0,"24.49,31.51",3.0,0.0,#,0.0,2.0,4.0,#,1.0,1.0,40.0,#,"2.85,9.15",#,#,#,#,#,"-1.6150000000000002,7.615",#,#,"-0.7000000000000002,4.7",#,"54.847,78.153",#,"52.147999999999996,85.852",0.0,#,1.0,0.0,"3124.725,5479.275",#,0.0,0.0,"3.1479999999999997,5.452",2024.0,#,#,1.0,0.1,1.0,1,2.0,4776,4776,0.5897435897435898,0.0010493195208439393,0,0
1.0,"24.49,31.51",3.0,0.0,#,0.0,#,#,#,1.0,1.0,40.0,#,"2.85,9.15",#,#,#,#,#,"-1.6150000000000002,7.615",#,#,"-0.7000000000000002,4.7",#,"52.10585623172966,54.847",#,"52.147999999999996,85.852",0.0,#,1.0,0.0,"3124.725,5479.275",#,0.0,0.0,#,#,#,#,1.0,0.1,1.0,1,3.0,4776,4776,0.48717948717948717,0.0015739792812659089,0,0
1.0,"15.81,32.19",#,#,"6.59,15.41",0.0,2.0,#,5.0,#,#,#,#,"2.1,5.9",#,#,5.0,"2.7974999999999994,9.2025",#,"0.5950000000000002,5.404999999999999","5.512,8.488",#,#,"6.4399999999999995,9.56","68.837,97.563","54.403000000000006,92.997",#,#,#,0.0,0.0,"-2497.2500000000005,2497.2500000000005","15.735,62.265",#,#,"3.2739999999999996,5.3260000000000005",#,"5.085,10.915","-3.3,9.3",1.0,1.0,1.0,1,1.0,4777,4777,0.5384615384615384,0.0005246597604219697,1,1
#,"19.98,34.02",#,1.0,"4.57,11.43",#,#,2.0,#,#,2.0,#,4.5,#,"8.440000000000001,45.56",#,2.0,"1.7165,10.6835",#,#,#,"1.4500000000000002,8.55","3.25,6.75",#,#,#,#,#,#,#,#,#,#,2.0,#,"3.712,6.088000000000001",#,"9.515,12.485","30.93624887605474,35.15",0.0,0.1,1.0,1,1.3333333333333333,4778,4778,0.38461538461538464,0.0006995463472292928,0,0
1.0,"21.549999999999997,38.45",0.0,#,"0.9900000000000002,7.01",#,0.0,7.0,2.0,0.0,#,25.0,4.1,#,#,#,2.0,#,"-3.74,21.740000000000002",#,"1.9519999999999995,8.648",#,#,#,#,"22.783499999999997,62.2165","24.184,64.016",#,#,#,0.0,"1343.925,3428.0186337315527","31.634999999999998,58.365",#,3.0,#,#,#,"-0.9499999999999993,20.95",0.0,0.1,1.0,1,3.0,4779,4779,0.5128205128205128,0.0015739792812659089,0,0
#,"19.64,38.36",#,2.0,"5.38,14.620000000000001",0.0,#,3.0,1.0,#,#,30.0,4.3,#,"32.980000000000004,55.019999999999996","25.762500000000003,91.4375",1.0,"3.209999999999999,14.19",#,#,#,#,"1.5499999999999998,8.45",#,"66.89200000000001,92.908","67.91550000000001,127.4845",#,#,#,#,#,#,"78.675,113.325",3.0,#,"3.8259999999999996,5.374",#,#,"10.566807348129284,23.85",1.0,0.1,1.0,1,2.0,4780,4780,0.48717948717948717,0.0010493195208439393,0,0
#,"26.5,39.5",3.0,#,#,#,0.0,#,7.0,1.0,#,#,#,"1.0,5.0","15.790000000000001,44.21",#,5.0,#,"-9.170000000000002,23.17","-0.015000000000000124,4.015000000000001",#,#,"1.9500000000000002,8.05",#,#,#,#,#,#,#,#,#,"-2.6700000000000017,62.67",#,0.0,"2.5919999999999996,4.6080000000000005",#,"-2.0149999999999997,6.015","18.3,35.7",1.0,0.1,1.0,1,1.0,4781,4781,0.41025641025641024,0.0005246597604219697,0,0
#,"26.5,39.5",3.0,#,#,#,0.0,#,7.0,1.0,#,#,#,"1.0,5.0","15.790000000000001,44.21",#,5.0,#,"-9.170000000000002,23.17",#,#,#,"1.9500000000000002,8.05",#,#,#,#,#,#,#,#,#,#,#,#,"2.5919999999999996,4.6080000000000005",#,"-2.0149999999999997,6.015","18.3,35.7",1.0,0.1,1.0,1,1.0,4781,4781,0.3333333333333333,0.0005246597604219697,0,0
#,"19.939999999999998,36.06",#,1.0,"8.1,17.9",#,#,#,5.0,#,1.0,#,#,"2.3,5.7",#,#,3.0,#,"-12.945,16.945","-0.7699999999999996,6.77","1.3589999999999995,8.241",#,#,#,"74.39200000000001,100.408","52.459,84.34100000000001","25.863,55.736999999999995",5.0,#,#,1.0,"1808.8999999999999,5519.1",#,2.0,#,"2.76,3.84",2024.0,#,"-3.8500000000000005,7.8500000000000005",0.0,1.0,1.0,1,1.0,4782,4782,0.5128205128205128,0.0005246597604219697,1,1
#,#,#,2.0,#,#,0.0,1.0,#,#,2.0,60.0,4.7,#,#,#,#,#,#,#,#,"2.6999999999999997,7.300000000000001","2.4,7.6","-0.7800000000000002,6.78",#,"57.75649999999999,85.4435",#,#,#,0.0,#,#,"10.795000000000002,69.205",#,0.0,#,#,#,"-0.20000000000000107,20.200000000000003",0.0,0.1,1.0,1,1.3333333333333333,4783,4783,0.358974358974359,0.0006995463472292928,0,0
#,"8.68,25.32",2.0,1.0,#,1.0,#,#,#,4.0,#,#,#,#,#,"17.392147594219274,66.85",6.0,#,#,#,"7.479499999999999,10.920499999999999","3.6,8.4",#,#,#,"25.629999999999995,75.97",#,#,2.0,0.0,0.0,#,#,2.0,0.0,"2.85,5.550000000000001",2024.0,"4.8100000000000005,11.19",#,1.0,0.1,1.0,1,3.5,4784,4784,0.46153846153846156,0.0018363091614768939,0,0
1.0,#,#,#,#,#,1.0,#,#,4.0,#,#,#,"2.75,7.25","5.699999999999999,46.3",#,#,"0.2889999999999997,6.511","-8.475000000000001,18.475","5.58,14.42",#,#,#,"-3.24,3.24",#,"59.06400000000001,99.336","17.451999999999998,60.348",1.0,#,#,#,"4718.05,7435.308197609852","42.715,85.285",3.0,1.0,#,2024.0,"6.755000000000001,13.245","13.05,22.95",1.0,0.1,1.0,1,3.0,4785,4785,0.48717948717948717,0.0015739792812659089,0,0
1.0,#,#,#,#,#,1.0,#,#,4.0,#,#,#,"2.75,7.25","5.699999999999999,46.3",#,#,"0.2889999999999997,6.511","-8.475000000000001,18.475","5.58,14.42",#,"-0.10000000000000009,6.1",#,#,"53.446999999999996,76.753","59.06400000000001,99.336","17.451999999999998,60.348",#,1.0,#,#,"4718.05,7143.95","42.715,85.285",3.0,1.0,#,2024.0,#,"13.05,22.95",1.0,0.1,1.0,1,2.5,4785,4785,0.48717948717948717,0.001311649401054924,0,0
#,"23.41,34.59",#,0.0,#,1.0,1.0,#,#,#,#,75.0,#,#,#,#,#,#,"-13.455,15.455","1.4249999999999998,8.575",#,"-1.15,5.15",#,"5.96,10.04","65.699,82.50099999999999",#,#,#,#,#,0.0,#,"34.25,83.75",#,0.0,#,#,#,#,1.0,0.1,1.0,1,1.6666666666666667,4786,4786,0.3333333333333333,0.0008744329340366161,0,0
#,"24.46,39.54",#,0.0,"4.27,9.73",1.0,#,5.0,#,#,#,#,4.6,"2.6,7.4",#,#,3.0,#,#,#,#,"2.7,5.3","4.2,7.8",#,#,#,"36.788,122.75766399610208",#,5.0,#,0.0,#,"42.785,99.215",2.0,1.0,"3.4479999999999995,5.752",2024.0,#,#,1.0,0.1,1.0,1,2.0,4787,4787,0.46153846153846156,0.0010493195208439393,0,0
#,#,#,#,#,#,2.0,#,2.0,#,1.0,25.0,4.1,#,#,"29.675,68.525",#,"-3.8410000000000006,6.041",#,#,"3.9144999999999994,8.285499999999999",#,"4.306965615461432,8.9","-1.38,7.38",#,#,#,#,#,1.0,#,"1751.3999999999999,4034.6000000000004","33.754999999999995,84.245",5.0,#,"2.7119999999999997,5.088",#,#,"-0.75,12.75",1.0,0.1,1.0,1,2.4,4788,4788,0.41025641025641024,0.0012591834250127271,0,0
#,#,#,#,#,1.0,#,#,2.0,#,#,25.0,4.1,#,#,"29.675,68.525",#,"-3.8410000000000006,6.041",#,#,"3.9144999999999994,8.285499999999999",#,"4.306965615461432,8.9","-1.38,7.38",#,#,#,#,#,1.0,#,"1751.3999999999999,4034.6000000000004","33.754999999999995,84.245",5.0,#,"2.7119999999999997,5.088",2024.0,#,"-0.75,12.75",1.0,0.1,1.0,1,2.4,4788,4788,0.41025641025641024,0.0012591834250127271,0,0
1.0,#,0.0,#,#,0.0,2.0,#,#,4.0,0.0,#,#,#,"12.95,39.05",#,4.0,"-2.3240000000000007,7.924","-2.74,22.740000000000002","-0.16000000000000014,8.16","0.7589999999999999,7.641","3.4,6.6","2.75,7.25","-1.0200000000000005,7.0200000000000005","48.688,87.712",#,#,#,3.0,1.0,0.0,"3710.15,8133.85","54.339999999999996,121.66",5.0,0.0,"3.812,6.188000000000001",2025.0,"-0.5750000000000002,6.575",#,1.0,0.1,1.0,1,1.0,4789,4789,0.6666666666666666,0.0005246597604219697,0,0
1.0,#,0.0,#,#,0.0,2.0,#,#,4.0,0.0,#,#,#,"12.95,39.05",#,4.0,"-2.3240000000000007,7.924",#,#,"0.7589999999999999,7.641","3.4,6.6","2.75,7.25","-1.0200000000000005,7.0200000000000005","36.001070501706224,87.712",#,#,#,3.0,1.0,0.0,"3710.15,8133.85","54.339999999999996,121.66",5.0,#,"3.812,6.188000000000001",2025.0,"-0.5750000000000002,6.575",#,1.0,0.1,1.0,1,1.0,4789,4789,0.5897435897435898,0.0005246597604219697,0,0
1.0,"23.939999999999998,40.06",0.0,2.0,#,0.0,#,#,#,#,1.0,#,#,"5.45,8.55","26.89,61.11",#,#,"-3.541000000000001,6.341000000000001",#,#,#,"3.3207115408842607,8.1","3.2,6.8","3.42,8.58",#,"35.796,96.20400000000001","40.21600000000001,76.984",#,#,0.0,0.0,#,"73.19,110.81",#,#,"3.2939999999999996,5.706",2025.0,"5.425,12.575",#,0.0,0.1,1.0,1,2.128,4790,4790,0.5128205128205128,0.0011164759701779515,0,0
1.0,"23.939999999999998,40.06",0.0,2.0,#,0.0,#,#,#,#,1.0,#,#,"5.45,8.55","26.89,61.11",#,#,"-3.541000000000001,6.341000000000001",#,#,#,"3.3207115408842607,8.1","3.2,6.8","3.42,8.58","77.41799999999999,100.182","35.796,96.20400000000001","40.21600000000001,76.984",#,#,0.0,0.0,#,"73.19,110.81",#,#,"3.2939999999999996,5.706",#,"5.425,12.575","18.1,34.24535534166597",0.0,0.1,1.0,1,2.128,4790,4790,0.5384615384615384,0.0011164759701779515,0,0
0.0,"39.49,46.51",#,2.0,#,0.0,2.0,1.0,0.0,4.0,#,60.0,4.7,"4.7,7.3","26.63,57.370000000000005","36.912499999999994,106.2875",4.0,"9.220500000000001,22.5795","-8.045,12.045",#,#,"1.65,8.35","0.49999999999999956,7.5",#,#,"40.793,62.607000000000006","42.663000000000004,72.537",#,#,#,#,#,#,#,0.0,"2.75,3.6500000000000004",#,#,#,1.0,0.1,1.0,1,4.0,4791,4791,0.5641025641025641,0.0020986390416878786,0,0
0.0,#,#,0.0,"5.71,12.29",0.0,#,#,#,2.0,1.0,#,4.3,#,"20.15,57.85","12.524999999999995,55.075",4.0,#,"-4.33,12.33",#,"4.005000000000001,6.795","1.6999999999999997,8.3","1.5499999999999998,8.45","0.8799999999999999,6.987184244548693",#,#,#,3.0,#,#,#,#,#,#,1.0,#,#,"-1.2999999999999998,5.3","-6.200000000000001,14.200000000000001",0.0,0.1,1.0,1,1.0,4792,4792,0.48717948717948717,0.0005246597604219697,0,0
0.0,#,#,0.0,"5.71,12.29",0.0,#,#,#,2.0,1.0,30.0,4.3,#,#,"12.524999999999995,55.075",4.0,#,"-4.33,12.33",#,"4.005000000000001,6.795","1.6999999999999997,8.3","1.5499999999999998,8.45","0.8799999999999999,6.987184244548693","52.27499999999999,92.925",#,#,3.0,5.0,#,#,#,#,#,1.0,#,#,"-1.2999999999999998,5.3","-6.200000000000001,14.200000000000001",0.0,0.1,1.0,1,1.0,4792,4792,0.5384615384615384,0.0005246597604219697,0,0
#,"25.11,38.89",#,#,"7.45,16.55",1.0,#,#,#,4.0,2.0,60.0,#,"0.050000000000000266,5.949999999999999",#,#,1.0,#,#,#,#,#,"0.7999999999999998,7.2","7.02,10.98",#,#,#,0.0,#,1.0,0.0,#,"43.785,100.215",#,0.0,#,#,#,#,1.0,0.1,1.0,1,1.0,4793,4793,0.38461538461538464,0.0005246597604219697,0,0
#,"25.11,38.89",0.0,#,"7.45,16.55",1.0,#,1.0,#,4.0,2.0,60.0,#,"0.050000000000000266,5.949999999999999",#,#,1.0,#,#,"0.8799999999999999,7.12",#,#,"0.7999999999999998,7.2","7.02,10.98",#,#,#,0.0,#,1.0,0.0,#,"43.785,100.215",0.0,0.0,#,#,#,"-5.699999999999999,11.7",1.0,0.1,1.0,1,1.0,4793,4793,0.5128205128205128,0.0005246597604219697,0,0
0.0,"18.810000000000002,35.19",#,1.0,"3.38,12.620000000000001",1.0,#,4.0,7.0,#,#,40.0,#,"3.7,6.3","13.5,42.5",#,2.0,#,#,"-1.2250000000000005,7.2250000000000005","2.503,7.897","0.3999999999999999,5.6",#,#,"74.421,100.979","52.042,88.958",#,1.0,#,1.0,0.0,"1544.8500000000004,5683.15","16.865000000000002,89.13499999999999",#,#,"2.572,4.228",2023.0,#,"11.0,20.44396961916924",0.0,0.1,1.0,1,1.0,4794,4794,0.6153846153846154,0.0005246597604219697,0,0
0.0,"18.810000000000002,35.19",#,1.0,"3.38,12.620000000000001",1.0,#,4.0,7.0,#,#,40.0,#,"3.7,6.3","13.5,42.5","19.1875,68.2125",2.0,#,#,"-1.2250000000000005,7.2250000000000005","-1.5698514792074985,7.897","0.3999999999999999,5.6",#,#,"74.421,100.979","52.042,88.958",#,1.0,#,1.0,0.0,"1544.8500000000004,5683.15","16.865000000000002,89.13499999999999",#,#,"2.572,4.228",2023.0,#,"11.0,23.0",0.0,0.1,1.0,1,1.0,4794,4794,0.6410256410256411,0.0005246597604219697,0,0
#,"12.8,23.2",#,2.0,#,1.0,2.0,#,#,#,2.0,#,4.7,#,"25.14,44.86",#,4.0,"-4.6240000000000006,-3.5171317207146213","-22.014902524554934,7.595",#,#,#,#,"-0.7800000000000002,6.78",#,"51.83699999999999,80.363","37.069,80.731",3.0,1.0,#,#,"2172.4,7309.6","54.645,83.355",#,#,#,#,"5.35,8.65",#,1.0,0.1,1.0,1,1.6666666666666667,4795,4795,0.46153846153846156,0.0008744329340366161,0,0
#,"7.380000000000001,26.619999999999997",3.0,0.0,"2.59,11.41",#,2.0,7.0,#,#,1.0,#,4.1,#,#,"62.91250000000001,117.4875",#,"-1.1920000000000002,7.5920000000000005","-6.595,8.594999999999999","1.27,6.73","3.0285,7.7715000000000005","4.4,9.6",#,#,#,"37.1495,86.6505",#,#,3.0,1.0,#,"843.25,4410.75","48.15,77.85",4.0,#,"3.37,4.63",#,"9.745,14.255","18.5,27.5",0.0,0.1,1.0,1,2.0,4796,4796,0.5897435897435898,0.0010493195208439393,0,0
1.0,#,0.0,#,"10.41,15.59",#,#,#,6.0,3.0,2.0,50.0,#,"3.3,8.7",#,"24.4625,90.13749999999999",#,"-2.458,7.058",#,#,"1.4100000000000001,6.99",#,#,#,"52.495000000000005,82.305","51.1055,93.8945",#,2.0,1.0,1.0,0.0,#,#,#,1.0,#,#,"6.04,13.96",#,1.0,1.0,1.0,1,1.0,4797,4797,0.48717948717948717,0.0005246597604219697,1,1
0.0,"11.94,28.060000000000002",#,0.0,#,#,0.0,#,1.0,2.0,#,#,4.3,"4.4,11.6","18.21,47.79",#,#,"7.0165,15.9835",#,#,#,"1.4500000000000002,8.55",#,#,#,#,#,2.0,#,#,#,#,"66.23,111.77",#,#,#,#,#,"16.35,31.65",0.0,1.0,1.0,1,1.0,4799,4799,0.358974358974359,0.0005246597604219697,1,1
1.0,"26.98,41.02",#,#,#,#,2.0,3.0,1.0,#,1.0,#,#,"3.8,8.2",#,#,0.0,#,#,"-0.625,2.625","4.960999999999999,9.239",#,#,#,"44.595,74.405","49.26649999999999,93.7335",#,3.0,#,#,#,#,"73.765,126.235",3.0,1.0,"3.9159999999999995,5.284",2024.0,"0.7000000000000002,7.3","15.499999999999998,36.5",0.0,0.1,1.0,1,1.3199999999999998,4801,4801,0.5128205128205128,0.0006925508837569999,0,0
1.0,"26.98,41.02",0.0,#,#,#,#,3.0,1.0,#,1.0,#,#,"3.8,8.2",#,#,#,#,#,"-0.625,2.625","4.960999999999999,9.239",#,#,#,"44.595,74.405","49.26649999999999,93.7335",#,#,#,#,#,#,"73.765,126.235",3.0,1.0,"3.9159999999999995,5.284",2024.0,"0.7000000000000002,7.3","15.499999999999998,36.5",0.0,0.1,1.0,1,1.3199999999999998,4801,4801,0.46153846153846156,0.0006925508837569999,0,0
0.0,#,#,0.0,#,#,2.0,6.0,6.0,3.0,#,#,4.2,"2.3499999999999996,7.65",#,#,#,#,"-10.68,45.058361665789704",#,"4.117,9.883","2.0500000000000003,7.949999999999999",#,#,#,#,"33.705,83.495",2.0,#,#,#,"-1105.925,1105.925",#,3.0,#,"4.118,5.882",#,#,#,0.0,0.1,1.0,1,3.0,4803,4803,0.41025641025641024,0.0015739792812659089,0,0
0.0,#,0.0,0.0,#,#,2.0,6.0,6.0,#,#,50.0,4.2,#,#,#,#,#,#,#,"4.117,9.883",#,#,#,#,#,"33.705,83.495",2.0,#,#,#,#,#,3.0,1.0,"4.118,5.882",#,#,#,0.0,0.1,1.0,1,2.3333333333333335,4803,4803,0.358974358974359,0.0012242061076512625,0,0
#,"17.939999999999998,34.06",2.0,#,"5.18,8.82",#,2.0,3.0,#,#,#,30.0,#,#,"10.309999999999999,45.69","32.5,91.7",#,"6.905999999999999,13.494","-9.555,9.555","4.335,9.665","5.835500000000001,10.764500000000002",#,"2.3,5.7",#,#,"56.824999999999996,98.775","36.322,86.878",2.0,#,1.0,0.0,"1772.1999999999998,5767.8","21.290000000000003,78.71",7.0,1.0,#,#,#,#,0.0,0.1,1.0,1,3.0,4804,4804,0.5641025641025641,0.0015739792812659089,0,0
#,"15.719999999999999,30.28",4.0,2.0,"5.970000000000001,10.03",1.0,#,1.0,#,4.0,#,#,4.7,#,"28.560000000000002,49.44",#,3.0,"2.006,8.594",#,#,#,#,#,"-4.0200000000000005,4.0200000000000005",#,"69.893,91.707",#,#,2.0,#,0.0,"-1212.95,1212.95","68.3,127.7",#,#,"3.268,5.9319999999999995",2024.0,#,"0.6500000000000004,9.35",0.0,0.1,1.0,1,1.0,4806,4806,0.5128205128205128,0.0005246597604219697,0,0
#,#,0.0,2.0,#,0.0,#,#,3.0,#,2.0,75.0,4.5,#,"21.79,50.21",#,#,"3.8315,10.9685",#,#,#,#,"3.8,10.2",#,"71.97,88.22999999999999","27.6375,90.5625","31.035,73.165",#,0.0,1.0,#,"2913.45,7622.55",#,#,2.0,"2.582,4.418",2023.0,#,"3.6499999999999986,24.35",0.0,0.1,1.0,1,2.6666666666666665,4807,4807,0.5128205128205128,0.0013990926944585857,0,0
1.0,"16.06,25.94",#,#,"8.85,15.15",#,#,5.0,#,#,0.0,#,#,#,"8.25,51.75","44.7375,75.2625",1.0,#,#,#,"2.8469999999999995,6.753",#,#,"-0.8599999999999999,2.86","35.730000000000004,73.67","50.9105,102.0895","17.778,43.822",#,#,0.0,0.0,"-576.95,1848.95",#,1.0,#,"3.55,4.45",2024.0,#,#,1.0,1.0,1.0,1,1.0,4808,4808,0.48717948717948717,0.0005246597604219697,1,1
#,"12.02,23.98",3.0,0.0,#,0.0,2.0,1.0,0.0,4.0,#,#,4.7,#,"0.2799999999999976,39.72",#,4.0,#,#,"5.245,8.755",#,"2.65,9.35","2.25,5.75",#,"57.776,81.62400000000001","66.0175,95.38250000000001",#,#,#,#,0.0,#,#,#,0.0,#,#,"0.45999999999999996,3.54",#,0.0,1.0,1.0,1,2.0,4809,4809,0.48717948717948717,0.0010493195208439393,1,1
#,#,0.0,#,#,#,2.0,#,#,3.0,#,#,#,"-0.5499999999999998,6.55","28.21,57.79",#,5.0,"-5.173,7.1795",#,#,"1.5564999999999998,8.913671678068498",#,#,#,#,"46.452,100.148","46.733000000000004,84.267",2.0,0.0,#,#,#,#,2.0,#,#,2024.0,#,#,1.0,0.1,1.0,1,3.0,4810,4810,0.358974358974359,0.0015739792812659089,0,0
#,#,0.0,#,#,#,2.0,#,#,3.0,#,#,4.2,"-0.5499999999999998,6.55","28.21,57.79",#,5.0,"-5.173,7.1795",#,#,"1.5564999999999998,7.0435",#,#,#,#,"46.452,100.148","46.733000000000004,84.267",2.0,0.0,#,#,#,#,#,#,#,2024.0,#,"22.45,39.55",1.0,0.1,1.0,1,3.0,4810,4810,0.38461538461538464,0.0015739792812659089,0,0
#,"16.93,27.07",#,0.0,"10.64,17.36",#,0.0,#,3.0,#,#,75.0,4.5,#,#,#,#,#,#,#,"1.7125,8.6875","-2.5999999999999996,4.6","6.8,11.2",#,#,#,#,4.0,#,#,1.0,#,#,4.0,#,"3.12,5.28",#,#,"18.65,39.35",0.0,0.1,1.0,1,1.0,4811,4811,0.38461538461538464,0.0005246597604219697,0,0
0.0,"17.11,30.89",#,#,#,#,#,6.0,#,#,2.0,#,4.2,"3.85,8.15",#,"58.637499999999996,111.36250000000001",2.0,#,"-6.615,6.615",#,#,#,"1.1499999999999995,6.8500000000000005",#,"49.879000000000005,77.521",#,"55.229000000000006,83.571",1.0,2.0,#,0.0,#,"36.17,69.83",3.0,0.0,#,2025.0,#,"8.899999999999999,19.1",1.0,0.1,1.0,1,1.0,4813,4813,0.5128205128205128,0.0005246597604219697,0,0
0.0,"17.11,30.89",#,#,"-2.17,2.17",1.0,#,6.0,#,#,#,#,4.2,"3.85,8.15",#,"58.637499999999996,111.36250000000001",2.0,#,"-6.615,6.615",#,#,#,"1.1499999999999995,6.8500000000000005",#,"49.879000000000005,52.12640401226295",#,"55.229000000000006,83.571",1.0,2.0,#,#,#,"36.17,69.83",3.0,0.0,#,2025.0,#,#,0,0.1,1.0,1,1.0,4813,4813,0.48717948717948717,0.0005246597604219697,0,0
#,"16.49,23.51",#,#,"11.129999999999999,16.87",#,#,2.0,#,4.0,#,75.0,4.5,"0.25,5.75",#,"37.61250000000001,92.1875",#,#,"-16.415000000000003,16.415000000000003","5.205,10.795","3.2054999999999993,9.9945","2.3499999999999996,5.65","3.436107842194964,8.9","-0.3600000000000003,6.36","43.92712332816512,79.089","46.169,94.831",#,#,5.0,1.0,#,#,#,0.0,#,"2.426,3.974",2025.0,#,#,0.0,0.1,1.0,1,1.0,4814,4814,0.5384615384615384,0.0005246597604219697,0,0
#,"16.49,23.51",#,#,"11.129999999999999,16.87",#,#,2.0,3.0,4.0,#,75.0,4.5,"0.25,5.75",#,"37.61250000000001,92.1875",#,#,"-16.415000000000003,16.415000000000003","5.205,10.795","3.2054999999999993,9.9945","2.3499999999999996,5.65","3.436107842194964,8.9","-0.3600000000000003,6.36","47.111000000000004,79.089","46.169,94.831",#,#,#,1.0,#,#,#,0.0,#,"2.426,3.974",2025.0,#,#,0.0,0.1,1.0,1,1.0,4814,4814,0.5384615384615384,0.0005246597604219697,0,0
#,"19.9,38.1",#,0.0,"0.5499999999999998,5.45",#,0.0,#,4.0,4.0,0.0,90.0,4.6,"0.8999999999999999,5.1",#,#,#,"-5.539000000000001,6.539000000000001",#,"0.375,3.625",#,"1.9499999999999997,6.050000000000001","3.1999999999999997,8.8",#,#,"32.096,92.50399999999999",#,#,2.0,#,0.0,"-2568.6,2568.6","29.279999999999998,84.72",0.0,2.0,"2.4059999999999997,3.5940000000000003",#,#,"7.65,16.35",0.0,1.0,1.0,1,1.0,4815,4815,0.5897435897435898,0.0005246597604219697,1,1
#,"21.45,30.55",#,2.0,"-0.41000000000000014,8.41",0.0,2.0,#,3.0,4.0,#,#,4.5,#,#,#,3.0,"2.923,9.877",#,#,"1.7449999999999997,8.255","2.1,5.9",#,#,#,#,#,6.0,#,#,1.0,#,"53.18,88.82",#,1.0,"2.29,3.91",2024.0,#,#,0.0,0.1,1.0,1,2.0,4816,4816,0.46153846153846156,0.0010493195208439393,0,0
0.0,#,#,#,#,0.0,#,2.0,3.0,#,2.0,75.0,#,#,"28.08,55.92",#,#,#,"0.17999999999999972,24.630638794617802",#,#,#,#,"-3.9000000000000004,3.9000000000000004",#,#,"25.259,61.644000000000005",3.0,3.0,#,#,#,#,6.0,3.0,#,#,"7.24,10.76","19.25,38.833265422732026",1.0,0.1,1.0,1,2.0,4817,4817,0.41025641025641024,0.0010493195208439393,0,0
#,#,0.0,#,#,0.0,#,#,3.0,#,2.0,75.0,4.5,"3.7,6.3","22.11,45.89","7.712499999999999,69.51182995605262",#,"3.4125,7.987500000000001","4.385,29.13",#,"2.9915,9.4085","2.4,7.6","3.5999999999999996,6.4",#,#,"82.6565,110.3435",#,7.0,#,1.0,#,"4215.775,6142.225","57.24,104.75999999999999",1.0,1.0,#,2025.0,"5.305,10.695",#,0.0,0.1,1.0,1,2.0,4818,4818,0.5897435897435898,0.0010493195208439393,0,0
#,#,0.0,2.0,#,0.0,#,#,3.0,#,2.0,75.0,4.5,"3.7,6.3","22.11,45.89","7.712499999999999,42.32892202386172",#,#,"-7.129999999999999,17.615000000000002",#,#,"2.4,7.6","3.5999999999999996,6.4",#,#,"82.6565,110.3435",#,7.0,#,1.0,#,#,"57.24,104.75999999999999",1.0,1.0,#,#,#,#,0.0,0.1,1.0,1,1.6,4818,4818,0.48717948717948717,0.0008394556166751515,0,0
#,#,#,3.0,"-0.8900000000000001,2.89",#,2.0,#,#,#,2.0,60.0,#,"2.15,5.85","-3.7200000000000024,35.72","9.837499999999999,62.56250000000001",#,#,#,"0.71,9.29",#,"1.0500000000000003,6.949999999999999","4.55,7.45",#,#,#,#,3.0,1.0,#,#,#,#,#,#,#,2025.0,#,"20.9,31.1",0.0,0.1,1.0,1,3.0,4819,4819,0.38461538461538464,0.0015739792812659089,0,0
#,#,#,#,"-0.8900000000000001,2.89",#,2.0,1.0,#,#,2.0,#,#,"2.15,5.85",#,#,#,#,"4.279999999999999,31.72",#,"2.4795,5.9205000000000005",#,"4.55,7.45",#,"53.785000000000004,89.01500000000001",#,"28.527,52.272999999999996",3.0,1.0,#,#,"2299.475,6794.525","45.36,116.64",#,#,"3.5799999999999996,5.02",2025.0,#,#,0.0,0.1,1.0,1,2.5,4819,4819,0.41025641025641024,0.001311649401054924,0,0
1.0,"20.54,31.46",#,0.0,#,#,#,#,#,#,2.0,#,#,#,"3.759999999999998,36.24","79.91250000000001,104.8875",#,#,"-7.76,15.76","0.5149999999999997,9.485","3.4705,9.329500000000001",#,"3.75,6.25",#,#,#,#,2.0,2.0,#,#,"-2390.2250000000004,2390.2250000000004","11.21,52.79",1.0,0.0,#,#,"4.02,7.98","17.9,28.1",1.0,1.0,1.0,1,1.0,4820,4820,0.46153846153846156,0.0005246597604219697,1,1
#,"11.64,30.36",#,#,"10.219999999999999,17.78",1.0,#,#,1.0,2.0,#,30.0,4.3,#,"15.790000000000001,44.21","33.25,66.55",#,#,#,"2.255,11.745000000000001",#,"1.0500000000000003,6.949999999999999",#,#,"70.576,94.424",#,"26.833000000000002,64.367",1.0,#,#,#,"2621.3999999999996,4904.6","48.855000000000004,119.145",2.0,#,#,2024.0,"4.918826120822349,10.475",#,1.0,0.1,1.0,1,1.5,4821,4821,0.48717948717948717,0.0007869896406329544,0,0
1.0,#,#,0.0,#,1.0,2.0,#,1.0,#,1.0,30.0,#,"2.5,7.5",#,"56.575,102.825",#,"-0.5795000000000003,12.779499999999999",#,"-0.4049999999999998,4.404999999999999",#,"2.2,5.8","3.1999999999999997,8.8",#,#,#,"40.563,70.437",3.0,#,1.0,0.0,"995.0999999999999,5846.9",#,2.0,0.0,#,2025.0,#,"9.1,16.9",1.0,0.1,1.0,1,1.75,4822,4822,0.5641025641025641,0.0009181545807384469,0,0
0.0,#,0.0,#,#,#,#,5.0,#,4.0,0.0,90.0,#,"4.05,7.95","10.309999999999999,45.69","76.25,102.15",#,"-4.7155000000000005,5.7155000000000005",#,"0.71,9.29",#,"2.4999999999999996,9.5","-0.4500000000000002,6.45",#,#,#,#,#,0.0,1.0,#,"5202.725,7557.275","27.369999999999997,100.63",6.0,#,#,2025.0,"8.129999999999999,11.870000000000001",#,0.0,0.1,1.0,1,2.3333333333333335,4823,4823,0.5128205128205128,0.0012242061076512625,0,0
1.0,"17.759999999999998,30.240000000000002",1.0,0.0,#,#,#,4.0,7.0,1.0,1.0,#,#,#,"20.66,47.34",#,#,"-3.526,4.526",#,"1.1900000000000004,10.809999999999999","1.6214999999999997,6.1785","2.75,9.25","1.65,6.35","1.7400000000000002,10.26","53.031,74.169","59.937,88.46300000000001","43.944,68.456",0.0,5.0,#,0.0,#,"32.635,59.365",4.0,1.0,"1.5579999999999996,4.042",#,"4.515,7.485",#,0.0,1.0,1.0,1,1.0,4824,4824,0.6666666666666666,0.0005246597604219697,1,1
#,#,3.0,0.0,#,1.0,#,1.0,0.0,#,#,#,#,#,#,"36.099999999999994,80.5",5.0,#,#,"3.53,8.47","5.882000000000001,10.718","1.0500000000000003,6.949999999999999",#,"-3.2,5.2","73.30282607623236,80.201",#,"30.748,64.452",#,2.0,#,#,"-2104.825,2104.825",#,#,#,#,2024.0,"1.9749999999999996,8.025","17.3,28.7",0.0,0.1,1.0,1,3.0,4825,4825,0.46153846153846156,0.0015739792812659089,0,0
#,"17.810000000000002,34.19",3.0,0.0,#,1.0,#,1.0,0.0,#,2.0,#,#,#,"8.92,39.08",#,5.0,#,"-3.8600000000000003,9.86","4.959429065576623,8.47",#,#,#,"-3.2,5.2","63.399,80.201",#,"30.748,64.452",#,2.0,#,#,"-2104.825,2104.825",#,1.0,1.0,#,2024.0,"1.9749999999999996,8.025",#,0.0,0.1,1.0,1,1.4,4825,4825,0.5128205128205128,0.0007345236645907575,0,0
0.0,#,0.0,#,#,1.0,0.0,0.0,5.0,#,#,#,4.6,"1.2000000000000002,4.8",#,"10.6875,74.5125",#,#,#,#,#,#,"0.0,6.0",#,"81.10499999999999,105.495","41.4445,82.5555","42.765,77.235",#,#,1.0,1.0,#,#,4.0,#,#,#,#,"-1.9000000000000004,11.9",1.0,0.1,1.0,1,1.0,4826,4826,0.4358974358974359,0.0005246597604219697,0,0
0.0,#,2.0,3.0,#,1.0,2.0,#,#,#,2.0,50.0,#,#,"11.41,52.59","53.18749999999999,117.01249999999999",2.0,#,#,#,#,"4.5,11.5","-1.3000000000000003,5.300000000000001",#,#,"33.932500000000005,88.4675","70.076,91.524",#,#,#,#,#,#,#,#,#,2024.0,#,#,1.0,1.0,1.0,1,1.0,4827,4827,0.38461538461538464,0.0005246597604219697,1,1
#,"23.41,34.59",#,3.0,#,#,#,#,#,#,#,#,#,#,"18.66,45.34","67.27365446988229,136.09966777103818",#,#,#,"7.92,12.08","3.8609999999999998,8.139",#,"1.9499999999999997,6.050000000000001",#,#,#,#,#,#,#,#,#,#,2.0,#,#,2024.0,"9.415,14.585","16.15,33.85",1,0.1,1.0,1,1.0,4828,4828,0.28205128205128205,0.0005246597604219697,0,0
#,"11.8,22.2",#,2.0,"0.6400000000000001,7.359999999999999",#,0.0,0.0,5.0,#,1.0,#,#,#,#,"46.97500000000001,85.825",2.0,"-1.3515000000000006,6.1515",#,#,"8.3725,11.6275",#,#,"3.96,8.04",#,#,#,#,#,0.0,1.0,#,#,2.0,#,"4.005999999999999,5.194",#,#,"13.1,32.9",1.0,0.1,1.0,1,1.8800000000000001,4829,4829,0.4358974358974359,0.000986360349593303,0,0
#,"11.8,22.2",#,2.0,"0.6400000000000001,7.359999999999999",#,0.0,0.0,5.0,#,1.0,#,#,"4.95,11.05",#,"46.97500000000001,85.825",2.0,#,#,#,"8.3725,11.6275",#,#,"3.96,8.04",#,#,#,#,#,0.0,1.0,#,#,2.0,1.0,"4.005999999999999,5.194",#,#,"13.1,32.9",1.0,0.1,1.0,1,1.8800000000000001,4829,4829,0.46153846153846156,0.000986360349593303,0,0
#,"7.77,26.23",#,#,#,1.0,#,2.0,3.0,#,#,75.0,#,"5.05,8.95",#,"56.3875,98.0125",#,#,"-12.19,18.189999999999998","6.19,15.809999999999999",#,#,"4.9,9.1",#,#,"74.37599999999999,101.224",#,#,5.0,1.0,0.0,#,"85.11473010252136,88.81",#,#,"3.878,4.922000000000001",#,"1.9299999999999997,10.07",#,0.0,0.1,1.0,1,1.0,4830,4830,0.4358974358974359,0.0005246597604219697,0,0
#,"26.19,35.81",0.0,#,#,#,#,2.0,3.0,4.0,#,75.0,4.5,#,"25.08,52.92","9.712499999999999,34.6875",3.0,"-2.3390000000000004,9.739",#,"4.245,7.755",#,"1.85,8.15","3.1,6.9","2.12,7.88","44.245999999999995,84.354",#,"18.686000000000003,63.11399999999999",#,3.0,1.0,0.0,#,#,2.0,#,"3.92,6.08",#,"-0.31000000000000005,4.3100000000000005","2.6500000000000004,11.35",0.0,1.0,1.0,1,1.0,4831,4831,0.6153846153846154,0.0005246597604219697,1,1
#,#,3.0,2.0,"-3.0599999999999996,5.06",#,#,#,#,3.0,#,#,4.2,#,#,#,2.0,#,#,#,#,#,"3.0,7.0","-2.3600000000000003,4.36",#,#,#,#,#,1.0,1.0,#,#,#,1.0,#,2024.0,"10.02,13.98",#,1.0,0.1,1.0,1,2.0,4832,4832,0.3333333333333333,0.0010493195208439393,0,0
1.0,#,#,#,#,0.0,#,0.0,5.0,4.0,1.0,#,4.6,#,#,#,#,#,#,#,#,"1.75,4.25","4.75,9.25","0.8399999999999999,5.16","65.095,94.905","27.3155,86.8845","28.748,62.452",2.0,5.0,#,1.0,#,#,#,0.0,"3.8659999999999997,6.134",2024.0,#,"10.85,23.15",0.0,1.0,1.0,1,1.0,4833,4833,0.5128205128205128,0.0005246597604219697,1,1
#,"16.509999999999998,35.49",#,#,#,#,2.0,7.0,#,#,#,#,4.1,#,#,#,3.0,#,"-11.74,13.74",#,"4.359,11.241","-3.4000000000000004,3.4000000000000004",#,"2.5,11.5",#,#,"1.8030000000000008,46.997",#,#,#,0.0,#,#,0.0,0.0,#,#,"3.625,6.375",#,0.0,0.1,1.0,1,1.75,4834,4834,0.358974358974359,0.0009181545807384469,0,0
#,"17.68,34.32",#,#,"-2.9000000000000004,6.9",1.0,0.0,3.0,1.0,#,1.0,#,4.3,#,"12.18,45.82","20.637500000000003,88.1625",1.0,#,"-12.415000000000003,20.415000000000003","0.855,5.145",#,"-1.9,3.9",#,"-2.1400000000000006,6.140000000000001",#,#,#,#,1.0,#,0.0,#,#,2.0,0.0,#,2025.0,#,"17.200000000000003,38.8",0.0,0.1,1.0,1,1.0,4835,4835,0.5384615384615384,0.0005246597604219697,0,0
0.0,#,3.0,#,#,#,0.0,#,0.0,4.0,2.0,#,#,"3.0500000000000003,8.95","15.95,42.05","78.275,117.125",0.0,#,#,#,"8.0005,11.9995","5.45,10.55",#,"-0.7999999999999998,2.8",#,"35.5545,93.44550000000001",#,5.0,#,1.0,#,#,"28.2,67.8",#,#,#,#,"-1.96,5.96","4.949999999999999,19.05",1.0,1.0,1.0,1,1.0,4837,4837,0.48717948717948717,0.0005246597604219697,1,1
0.0,"32.62,39.38",#,#,"-3.6900000000000004,5.69",#,0.0,#,#,4.0,2.0,60.0,#,"2.0500000000000003,7.949999999999999",#,#,#,"-1.2069999999999999,9.407","-16.64,18.64",#,#,"4.15,7.85","1.4500000000000002,6.55","1.1799999999999997,6.82","66.57000000000001,82.83","53.7955,79.80449999999999","52.48,83.12",#,3.0,1.0,0.0,"3295.625,3875.5989133658804",#,1.0,1.0,#,2024.0,#,#,1.0,0.1,1.0,1,2.0,4838,4838,0.5897435897435898,0.0010493195208439393,0,0
#,"11.5,24.5",0.0,#,#,0.0,0.0,1.0,0.0,4.0,2.0,60.0,4.7,#,#,#,#,#,#,"0.6200000000000001,7.38","6.633,10.167","1.1999999999999997,6.800000000000001","2.85,9.15",#,"82.118,104.882","12.212999999999994,67.587",#,#,5.0,#,0.0,#,#,#,3.0,"3.644,5.156000000000001",2025.0,"5.855,10.145","14.1,21.9",0.0,0.1,1.0,1,2.0,4840,4840,0.5897435897435898,0.0010493195208439393,0,0
#,#,#,#,#,0.0,#,7.0,2.0,0.0,#,#,4.1,"2.75,7.25",#,#,#,#,"-10.375,36.56429649281061","3.945,10.055",#,#,"-0.40000000000000036,6.4","2.2,5.8",#,"50.864000000000004,91.136",#,2.0,#,0.0,0.0,#,#,#,#,#,#,#,#,1.0,1.0,1.0,1,4.0,4880,4841,0.358974358974359,0.0020986390416878786,1,1
#,#,#,#,#,0.0,#,7.0,2.0,0.0,#,25.0,4.1,"2.75,7.25",#,#,#,#,"-10.375,36.56429649281061","3.945,10.055",#,#,"-0.40000000000000036,6.4","2.2,5.8",#,"50.864000000000004,91.136",#,#,#,0.0,0.0,#,#,#,#,#,#,#,#,1.0,1.0,1.0,1,4.0,4880,4841,0.358974358974359,0.0020986390416878786,1,1
#,"15.51,34.49",2.0,0.0,"3.1799999999999997,6.82",1.0,#,7.0,#,#,1.0,25.0,4.1,#,"16.79,45.21","46.875,100.525",2.0,#,#,"2.685,9.315",#,#,#,#,"48.253,79.147",#,#,2.0,3.0,#,0.0,"2103.725,4458.275",#,#,1.0,#,2024.0,"6.58,11.42","-8.75,10.75",1.0,1.0,1.0,1,1.0,4842,4842,0.5641025641025641,0.0005246597604219697,1,1
0.0,"17.36,24.64",#,3.0,#,1.0,2.0,3.0,1.0,2.0,#,30.0,#,"5.25,10.75",#,"56.675000000000004,125.125",#,"-2.1534999999999997,3.1534999999999997","-6.84,8.84",#,"4.552,11.248000000000001",#,"1.25,8.75",#,#,#,#,#,3.0,#,#,#,"43.705,84.295",#,0.0,"3.3759999999999994,5.824",2023.0,#,#,0.0,0.1,1.0,1,1.75,4843,4843,0.5128205128205128,0.0009181545807384469,0,0
0.0,"17.36,24.64",0.0,3.0,#,1.0,2.0,#,1.0,2.0,#,30.0,4.3,"5.25,10.75",#,"56.675000000000004,125.125",#,"-2.1534999999999997,3.1534999999999997","-6.84,8.84",#,"4.552,11.248000000000001",#,"1.25,8.75",#,#,#,#,#,3.0,#,#,#,"43.705,84.295",#,0.0,"3.3759999999999994,5.824",2023.0,#,#,0.0,0.1,1.0,1,1.75,4843,4843,0.5384615384615384,0.0009181545807384469,0,0
#,#,2.0,#,"-2.17,2.17",0.0,#,#,#,#,#,30.0,#,#,#,#,3.0,"6.218500000000001,17.381500000000003","-16.150000000000002,18.150000000000002",#,"2.4284999999999997,7.1715","1.1,6.9","2.5999999999999996,9.4",#,#,#,#,#,#,#,0.0,"-1926.45,998.8386059101382","59.2,98.8",#,1.0,"3.5599999999999996,4.64",2023.0,"8.635,13.365",#,0.0,0.1,1.0,1,2.0,4844,4844,0.4358974358974359,0.0010493195208439393,0,0
#,#,2.0,#,"-2.17,2.17",0.0,2.0,#,#,#,#,30.0,#,#,#,#,3.0,#,"-16.150000000000002,18.150000000000002",#,#,#,"2.5999999999999996,9.4",#,#,#,#,#,#,#,0.0,"-1926.45,998.8386059101382",#,#,1.0,"3.5599999999999996,4.64",2023.0,"8.635,13.365",#,0.0,0.1,1.0,1,2.0,4844,4844,0.358974358974359,0.0010493195208439393,0,0
1.0,#,#,#,#,#,0.0,#,1.0,#,#,30.0,4.3,"5.75,10.25",#,#,2.0,#,"-11.68,19.68","1.375,4.625","2.412,5.388",#,"3.25,10.75",#,#,#,"26.81,49.78999999999999",1.0,3.0,1.0,0.0,"1366.125,6003.875","23.21,64.78999999999999",2.0,1.0,"3.1279999999999997,5.072",2024.0,"0.040000000000000036,7.96","19.35,40.65",1.0,0.1,1.0,1,2.104,4845,4845,0.6153846153846154,0.0011038841359278242,0,0
#,#,#,#,"-3.9200000000000004,3.9200000000000004",1.0,0.0,#,1.0,#,1.0,30.0,4.3,"5.1499999999999995,10.850000000000001",#,#,2.0,"1.7674999999999992,11.8325","-11.68,19.68","1.375,4.625","2.412,5.388",#,"3.25,10.75",#,#,"77.8055,120.59450000000001",#,1.0,3.0,1.0,0.0,"1366.125,6003.875","23.21,64.78999999999999",2.0,1.0,#,2024.0,"0.040000000000000036,7.96","19.35,40.65",1.0,0.1,1.0,1,3.0,4845,4845,0.6666666666666666,0.0015739792812659089,0,0
1.0,#,#,#,"-4.97,4.97",#,0.0,#,#,#,1.0,#,4.6,"5.0,11.0","22.4,45.6",#,2.0,#,"-9.455,19.455","-0.6150000000000002,8.615",#,"-0.75,4.75",#,"2.6999999999999997,9.3",#,#,#,2.0,#,#,#,#,#,1.0,#,"2.266,4.534",2025.0,#,#,1.0,0.1,1.0,1,2.2720000000000002,4846,4846,0.41025641025641024,0.0011920269756787152,0,0
1.0,#,0.0,0.0,"8.2,13.8",#,2.0,#,#,4.0,#,90.0,4.6,#,#,"16.074999999999996,84.525",2.0,"-6.271,7.271","-5.37,7.37",#,"5.7515,8.4485",#,"1.75,6.25",#,#,"42.43499999999999,101.165",#,4.0,5.0,1.0,#,#,"49.28,104.72",2.0,#,#,#,"7.8,12.2",#,0.0,0.1,1.0,1,2.6666666666666665,4847,4847,0.5384615384615384,0.0013990926944585857,0,0
1.0,"20.58,29.42",4.0,#,#,1.0,#,#,4.0,#,#,90.0,#,#,"24.02,59.980000000000004",#,4.0,"2.5524999999999993,14.447500000000002",#,"-2.055,4.055","0.45650000000000013,5.9435","3.4000000000000004,10.6",#,"2.08,5.92","63.589,85.811","84.4785,115.5215","63.425,82.575",#,2.0,0.0,0.0,"-2283.2000000000003,2283.2000000000003",#,#,#,"3.002,5.1979999999999995",2024.0,#,"13.05,28.95",0,0.1,1.0,1,1.0,4848,4848,0.5897435897435898,0.0005246597604219697,0,0
1.0,#,#,2.0,#,#,2.0,#,#,4.0,1.0,#,#,#,"29.759999999999998,62.24","28.487500000000004,84.9125",#,#,#,#,#,#,#,#,#,#,"55.08200000000001,90.318",#,#,1.0,0.0,#,#,3.0,1.0,#,#,#,#,1.0,0.1,1.0,1,2.6666666666666665,4849,4849,0.3076923076923077,0.0013990926944585857,0,0
1.0,#,#,2.0,#,#,2.0,#,#,4.0,#,#,#,#,"29.759999999999998,62.24",#,#,"1.7994999999999992,10.400500000000001",#,#,#,#,#,#,#,#,"55.08200000000001,90.318",3.0,#,1.0,0.0,#,#,3.0,1.0,"4.352,5.648",#,#,#,1.0,0.1,1.0,1,4.0,4849,4849,0.3333333333333333,0.0020986390416878786,0,0
0.0,#,0.0,2.0,"10.29,17.71",#,#,#,#,1.0,#,40.0,#,#,"12.01,29.990000000000002","37.074999999999996,68.525",#,"2.6079999999999997,11.392","-3.455,25.455","3.125,12.875","2.3914999999999993,8.8085","2.9,7.1",#,"-0.4399999999999995,8.44","31.929999999999996,69.87","80.476,107.32400000000001","42.859,63.541000000000004",2.0,5.0,1.0,0.0,#,#,1.0,1.0,"4.37,5.63",#,"6.085,11.915",#,1.0,0.1,1.0,1,2.2,4850,4850,0.6410256410256411,0.0011542514729283332,0,0
0.0,#,#,2.0,"10.29,17.71",#,#,#,#,1.0,#,40.0,#,#,"12.01,29.990000000000002","37.074999999999996,68.525",#,"2.6079999999999997,11.392","-3.455,25.455","3.125,12.875","2.3914999999999993,8.8085","2.9,7.1",#,"-0.4399999999999995,8.44","31.929999999999996,69.87","80.476,107.32400000000001","42.859,63.541000000000004",#,5.0,1.0,0.0,#,#,1.0,1.0,"4.37,5.63",#,"6.085,11.915",#,1.0,0.1,1.0,1,2.2,4850,4850,0.5897435897435898,0.0011542514729283332,0,0
#,"13.75,20.25",1.0,#,#,#,#,#,#,#,2.0,#,#,"5.0,9.0",#,"12.524999999999999,62.475",2.0,#,"-3.7799999999999994,17.78","-1.5100000000000002,5.51","6.168,10.632000000000001","0.04999999999999982,3.95",#,"0.3599999999999999,5.640000000000001",#,"26.3765,87.6235","15.361,40.638999999999996",2.0,#,#,0.0,#,"33.645,62.355",1.0,#,#,2025.0,"0.20499999999999963,7.795","3.4999999999999982,24.5",0.0,1.0,1.0,1,1.0,4851,4851,0.5128205128205128,0.0005246597604219697,1,1
#,#,0.0,#,"-1.94,3.94",#,#,2.0,3.0,#,2.0,#,4.5,"4.1,7.9","19.63,50.370000000000005",#,#,#,#,"4.66,9.34","3.3379999999999996,9.662",#,"4.65,7.35","0.9199999999999999,9.08",#,#,"31.92,77.88",2.0,#,1.0,#,"5118.75,7259.25",#,1.0,1.0,"3.2399999999999998,5.76",#,"4.625,7.375",#,1.0,0.1,1.0,1,2.0,4852,4852,0.5128205128205128,0.0010493195208439393,0,0
1.0,"18.03,35.97",#,3.0,#,#,0.0,1.0,0.0,4.0,2.0,#,4.7,#,#,"-3.0749999999999993,61.675",4.0,#,"14.615,16.599087101747877",#,#,#,#,"0.43999999999999995,3.56","55.797999999999995,89.40199999999999","63.6735,86.3265",#,#,2.0,#,0.0,"-2104.825,2104.825",#,#,2.0,#,#,#,"18.25,31.75",0.0,0.1,1.0,1,1.6400000000000001,4853,4853,0.5128205128205128,0.0008604420070920303,0,0
1.0,"29.23,36.769999999999996",#,0.0,#,1.0,#,7.0,2.0,#,1.0,25.0,#,#,#,#,3.0,"-5.571,7.971","0.16000000000000014,15.84","-0.16000000000000014,8.16",#,#,"2.1,5.9","2.36,7.640000000000001","56.085,81.17732275186815",#,#,1.0,3.0,1.0,#,#,#,3.0,#,#,#,#,"2.8000000000000007,17.2",1.0,0.1,1.0,1,2.0,4854,4854,0.5128205128205128,0.0010493195208439393,0,0
1.0,"29.23,36.769999999999996",#,#,#,1.0,#,7.0,2.0,#,1.0,25.0,#,#,#,#,3.0,"-5.571,7.971","0.16000000000000014,15.84","-0.16000000000000014,8.16",#,#,"2.1,5.9","2.36,7.640000000000001","56.085,81.17732275186815",#,#,1.0,3.0,1.0,#,#,"19.655,50.345",3.0,#,#,#,#,"2.8000000000000007,17.2",1.0,0.1,1.0,1,2.0,4854,4854,0.5128205128205128,0.0010493195208439393,0,0
1.0,"17.8,28.2",#,#,"8.92,15.08",#,#,#,6.0,3.0,2.0,50.0,#,"0.5,5.5","21.72,40.28","-6.912500000000001,56.9125",#,"0.44650000000000034,5.7535","-6.35,8.35","0.16500000000000004,7.835","5.2775,11.322500000000002",#,#,#,#,#,#,#,#,#,#,#,#,#,#,"4.172,5.828",2024.0,#,"-3.0999999999999996,19.1",1.0,1.0,1.0,1,1.0,4855,4855,0.4358974358974359,0.0005246597604219697,1,1
#,#,#,#,"-3.0599999999999996,5.06",1.0,2.0,#,3.0,4.0,#,75.0,#,#,"16.669375268958117,43.41",#,#,#,#,#,#,#,#,"1.3599999999999999,6.640000000000001",#,#,#,0.0,2.0,#,0.0,"-1391.325,1391.325",#,#,#,"4.316,5.684",#,"0.9749999999999996,7.025","-1.2000000000000002,7.2",0.0,0.1,1.0,1,1.0,4856,4856,0.38461538461538464,0.0005246597604219697,0,0
#,#,#,#,"-3.0599999999999996,5.06",1.0,2.0,#,3.0,4.0,#,75.0,#,#,"16.669375268958117,43.41",#,#,#,#,#,#,#,#,"1.3599999999999999,6.640000000000001",#,#,#,#,#,#,0.0,"-1391.325,1391.325",#,#,#,"4.316,5.684",#,#,"-1.2000000000000002,7.2",0.0,0.1,1.0,1,1.0,4856,4856,0.3076923076923077,0.0005246597604219697,0,0
1.0,#,#,0.0,"-1.1,3.1",1.0,#,5.0,#,#,0.0,90.0,#,"1.85,8.15",#,"35.474999999999994,74.325",1.0,#,#,"-0.6150000000000002,8.615",#,"4.6,7.4","1.45,4.55","1.2800000000000002,8.719999999999999","53.915,72.885","54.915,80.08500000000001","47.493,69.707",#,1.0,1.0,#,#,"69.25,118.75",5.0,0.0,"3.95,4.8500000000000005",#,"8.129999999999999,11.870000000000001","-3.45,9.45",1.0,0.1,1.0,1,1.5,4857,4857,0.6410256410256411,0.0007869896406329544,0,0
1.0,"23.06,32.94",#,0.0,#,1.0,#,5.0,#,#,#,90.0,#,#,#,"35.474999999999994,74.325",1.0,"4.109999999999999,15.09",#,#,#,#,"1.45,4.55","1.2800000000000002,8.719999999999999","53.915,72.885",#,"47.493,69.707",#,#,1.0,#,#,#,5.0,0.0,"3.95,4.8500000000000005",2025.0,#,"-3.45,9.45",1.0,0.1,1.0,1,2.0,4857,4857,0.48717948717948717,0.0010493195208439393,0,0
1.0,#,0.0,0.0,#,1.0,#,0.0,5.0,#,#,45.0,#,#,#,#,#,"6.893,17.506999999999998",#,#,#,#,#,"1.7800000000000002,6.22",#,#,#,8.0,#,#,0.0,"2917.425,4986.575",#,4.0,1.0,"4.1499999999999995,5.05",2025.0,"-2.3,4.3",#,0.0,0.1,1.0,1,2.5,4858,4858,0.4358974358974359,0.001311649401054924,0,0
1.0,#,0.0,0.0,"-2.7600000000000007,6.760000000000001",1.0,#,0.0,5.0,#,#,45.0,#,"2.4999999999999996,9.5",#,#,#,"6.893,17.506999999999998","-18.375,18.375",#,#,"2.4000000000000004,9.6",#,"1.7800000000000002,6.22","59.642999999999994,95.957",#,"38.483999999999995,78.316",8.0,#,#,0.0,#,#,#,1.0,#,#,"-2.3,4.3",#,0.0,0.1,1.0,1,2.3333333333333335,4858,4858,0.48717948717948717,0.0012242061076512625,0,0
1.0,#,#,3.0,"-1.0599999999999996,7.06",#,2.0,0.0,5.0,#,1.0,45.0,4.6,#,"26.79,55.21",#,#,#,"-8.23,18.23","-0.4450000000000003,6.445","7.4375,9.7625",#,"4.35,7.65",#,#,"54.315000000000005,79.48500000000001","25.112000000000002,52.687999999999995",#,5.0,#,#,"1630.7999999999997,6197.200000000001","51.37,124.63",#,#,#,#,#,"11.2,26.8",0.0,1.0,1.0,1,1.0,4860,4860,0.5128205128205128,0.0005246597604219697,1,1
#,"24.63,37.37",3.0,2.0,"0.5899999999999999,9.41",1.0,2.0,1.0,0.0,4.0,#,60.0,4.7,"5.5,8.5","15.120000000000001,56.879999999999995",#,3.0,"0.8465000000000003,6.153499999999999",#,#,"7.018999999999999,10.181",#,#,"1.2000000000000002,4.8","76.279,103.92099999999999","48.6955,74.7045","44.651999999999994,87.548",4.0,#,#,#,"3417.95,6700.05","73.21000000000001,114.78999999999999",#,#,#,2025.0,"1.58,6.42",#,1.0,0.1,1.0,1,2.0,4862,4862,0.6410256410256411,0.0010493195208439393,0,0
#,"24.63,37.37",3.0,2.0,"0.5899999999999999,9.41",1.0,2.0,1.0,#,4.0,#,60.0,#,#,"15.120000000000001,56.879999999999995",#,#,"0.8465000000000003,6.153499999999999",#,#,"7.018999999999999,10.181","2.75,7.25",#,"1.2000000000000002,4.8",#,#,#,4.0,#,#,#,#,"73.21000000000001,114.78999999999999",#,#,#,2025.0,#,#,1.0,0.1,1.0,1,2.0,4862,4862,0.4358974358974359,0.0010493195208439393,0,0
1.0,#,#,0.0,#,0.0,#,2.0,3.0,#,2.0,75.0,4.5,#,"30.240000000000002,55.76",#,#,#,#,#,"4.782,9.618",#,"4.1,9.9","1.3399999999999999,8.66","60.57900000000001,88.221","64.0395,96.76050000000001",#,#,#,1.0,0.0,"3719.875,7644.125",#,#,0.0,"3.9,5.7",#,#,#,1.0,0.1,1.0,1,2.0,4863,4863,0.48717948717948717,0.0010493195208439393,0,0
#,#,0.0,#,#,#,#,#,2.0,#,#,#,4.1,#,"44.89,47.80417527841182","20.812500000000004,75.3875",3.0,"5.1995,13.8005",#,"2.79,7.21",#,"2.75,6.66712910808633",#,"0.14000000000000012,3.86","54.305,78.695","35.6055,78.3945",#,2.0,#,0.0,1.0,#,#,#,#,#,#,#,"11.35,28.303152837987675",0.0,0.1,1.0,1,2.4,4864,4864,0.41025641025641024,0.0012591834250127271,0,0
#,"21.23,28.77",#,0.0,#,#,2.0,#,1.0,#,1.0,#,4.3,"0.3500000000000001,7.65","-1.950000000000001,29.950000000000003",#,0.0,#,"-8.025,14.025","2.27,7.73","3.042499999999999,8.1575","1.5999999999999996,8.4",#,#,"54.198,87.80199999999999",#,#,#,#,#,#,#,#,1.0,1.0,"4.046,5.954",#,"10.075,13.925","4.9,27.1",0.0,0.1,1.0,1,1.52,4865,4865,0.48717948717948717,0.0007974828358413939,0,0
0.0,#,#,0.0,#,#,2.0,#,1.0,2.0,1.0,#,4.3,"0.3500000000000001,7.65","-1.950000000000001,29.950000000000003",#,0.0,#,"-8.025,14.025","2.27,7.73","3.042499999999999,8.1575","1.5999999999999996,8.4",#,#,"54.198,87.80199999999999",#,#,#,#,#,0.0,#,#,1.0,1.0,"4.046,5.954",#,"10.075,13.925","4.9,27.1",0.0,0.1,1.0,1,1.52,4865,4865,0.5384615384615384,0.0007974828358413939,0,0
0.0,"21.07,36.93",0.0,#,"4.87,13.129999999999999",#,2.0,3.0,1.0,2.0,1.0,#,4.3,#,#,"49.6875,76.5125",#,#,"-2.0649999999999995,16.064999999999998",#,"7.498,10.102",#,#,"-0.54,6.54","56.356,91.04400000000001","32.437,60.96300000000001",#,3.0,5.0,#,0.0,"1855.225,5636.775",#,4.0,#,#,#,#,"-9.500000000000002,11.500000000000002",1.0,0.1,1.0,1,1.0,4866,4866,0.5641025641025641,0.0005246597604219697,0,0
1.0,#,#,#,#,#,2.0,2.0,#,4.0,#,75.0,#,#,#,#,#,"-2.3365,3.3365","-4.535,16.535",#,"-1.0435,4.4435","0.7,3.3",#,#,"61.568999999999996,94.631","39.6785,70.7215",#,#,1.0,#,0.0,"3852.675,6635.325",#,2.0,0.0,"2.926,4.474",2024.0,"9.305,14.695",#,0.0,1.0,1.0,1,1.0,4867,4867,0.48717948717948717,0.0005246597604219697,1,1
0.0,"20.59,35.410000000000004",0.0,2.0,#,0.0,1.0,5.0,4.0,4.0,#,#,4.6,"6.15,9.85","9.629999999999999,40.370000000000005","-3.0874999999999986,51.4875",#,"-4.371,9.171","-2.7799999999999994,18.78",#,"6.3309999999999995,12.469000000000001",#,"5.0,9.0","-1.2400000000000002,5.24",#,#,"10.983999999999998,50.816",0.0,#,#,0.0,"4469.725,9678.275","27.3,86.7",3.0,#,"4.232,5.168",2025.0,#,"17.05,26.95",0.0,0.1,1.0,1,2.0,4868,4868,0.6923076923076923,0.0010493195208439393,0,0
0.0,"21.403129735481933,38.49",#,#,#,#,#,7.0,#,0.0,1.0,25.0,4.1,#,"21.72,40.28","77.4375,115.36250000000001",3.0,#,"-8.76,14.76","-0.18500000000000005,6.1850000000000005",#,#,#,"-1.2400000000000002,5.24",#,#,"53.478,79.522",#,#,1.0,0.0,"1546.625,4757.375","42.824999999999996,107.17500000000001",2.0,2.0,#,2023.0,"10.515,13.485",#,0.0,0.1,1.0,1,2.75,4869,4869,0.5641025641025641,0.0014428143411604165,0,0
#,"13.68,30.32",#,0.0,"5.66,14.34",1.0,#,1.0,#,#,#,#,4.7,#,#,"40.325,105.075",#,#,"-4.575000000000001,12.575000000000001",#,"2.6519999999999997,9.348","5.7,8.3",#,#,#,#,"50.816,87.584",#,2.0,0.0,#,#,#,#,1.0,"3.05,3.95",#,#,#,0,0.1,1.0,1,2.0,4872,4872,0.38461538461538464,0.0010493195208439393,0,0
#,"20.9,39.1",0.0,0.0,"2.8900000000000006,13.11",1.0,#,#,4.0,4.0,0.0,90.0,4.6,#,"37.43,56.57",#,2.0,"8.937999999999999,14.062000000000001",#,"1.7249999999999996,6.275","4.01,9.59",#,"2.2,5.8",#,#,#,#,1.0,0.0,1.0,0.0,#,"22.31,83.69",#,1.0,#,#,"7.415,7.839909650477283","17.85,36.15",0.0,0.1,1.0,1,1.0,4873,4873,0.6153846153846154,0.0005246597604219697,0,0
0.0,#,#,#,#,1.0,2.0,7.0,2.0,0.0,1.0,25.0,#,"1.5999999999999999,4.4",#,#,0.0,"-5.2645,6.2645",#,"-0.835,6.835",#,#,#,"-2.5,6.5",#,#,#,#,1.0,1.0,#,#,#,3.0,1.0,"3.8619999999999997,5.338",2023.0,#,#,0.0,0.1,1.0,1,1.0,4874,4874,0.48717948717948717,0.0005246597604219697,0,0
#,"9.85,24.15",0.0,#,"1.8984325140809022,10.83",1.0,#,#,4.0,4.0,#,90.0,#,#,"22.7,63.3",#,1.0,#,#,"3.71,12.29",#,"2.8,9.2",#,#,"75.715,94.685","48.42999999999999,98.77",#,#,3.0,1.0,0.0,"4389.45,9098.55","25.23,70.77",5.0,0.0,#,2025.0,#,"11.35,20.65",1.0,0.1,1.0,1,2.5,4876,4876,0.5641025641025641,0.001311649401054924,0,0
#,#,0.0,#,#,#,#,#,4.0,4.0,#,#,#,#,"22.7,63.3",#,#,#,#,"3.71,12.29",#,"2.8,9.2",#,#,"75.715,94.685",#,#,#,3.0,1.0,0.0,#,#,#,0.0,"2.646,4.554",2025.0,#,#,0,0.1,1.0,1,2.5,4876,4876,0.3333333333333333,0.001311649401054924,0,0
1.0,"14.16,31.84",3.0,#,#,#,#,6.0,6.0,#,2.0,#,4.2,#,#,#,3.0,#,"-10.435,20.435000000000002","5.375,8.625","5.460999999999999,9.739",#,#,#,"62.266000000000005,91.534","58.41749999999999,87.7825","50.428999999999995,78.77099999999999",5.0,1.0,1.0,#,"2095.3,7231.6371258663785","64.625,89.375",2.0,#,#,#,#,#,0.0,0.1,1.0,1,2.5,4877,4877,0.5128205128205128,0.001311649401054924,0,0
0.0,#,#,2.0,#,#,0.0,3.0,1.0,#,#,30.0,4.3,"3.3,6.7","1.2799999999999976,40.72","54.900000000000006,121.5",2.0,"2.794999999999998,15.605",#,#,#,#,#,#,"52.974999999999994,93.625",#,"43.901,84.499",2.0,#,#,0.0,#,"59.785,116.215",#,1.0,"4.028,5.972",2024.0,"8.075,11.925","28.905641012931802,30.9",1.0,0.1,1.0,1,1.0,4878,4878,0.5641025641025641,0.0005246597604219697,0,0
0.0,#,#,2.0,#,#,0.0,#,1.0,#,#,30.0,4.3,"3.3,6.7","1.2799999999999976,40.72","54.900000000000006,121.5",2.0,"5.9942937085189785,15.605",#,#,#,#,#,#,"52.974999999999994,93.625",#,"43.901,84.499",2.0,#,#,0.0,#,"59.785,116.215",#,1.0,"4.028,5.972",2024.0,"8.075,11.925","17.1,30.9",1.0,0.1,1.0,1,1.0,4878,4878,0.5384615384615384,0.0005246597604219697,0,0
#,#,3.0,2.0,#,#,#,#,2.0,#,1.0,#,4.1,#,"27.73,64.27",#,#,#,#,"6.49,16.11917583910118",#,#,#,#,"61.892,87.908",#,#,4.0,5.0,#,0.0,"2244.425,4313.575","28.784999999999997,85.215",#,1.0,#,2024.0,#,#,0.0,0.1,1.0,1,1.0,4879,4879,0.38461538461538464,0.0005246597604219697,0,0
#,#,3.0,2.0,#,#,#,#,2.0,#,1.0,#,4.1,#,"27.73,78.16884888691251","25.15,80.65",#,#,#,"6.49,16.11917583910118",#,#,#,#,"61.892,87.908",#,#,4.0,5.0,#,0.0,"2244.425,4313.575","28.784999999999997,85.215",#,1.0,#,2024.0,#,#,0.0,0.1,1.0,1,1.0,4879,4879,0.41025641025641024,0.0005246597604219697,0,0
#,#,#,#,#,0.0,#,7.0,#,0.0,#,#,4.1,"2.75,4.002701359893273",#,#,#,#,"-10.375,36.56429649281061","3.945,10.055",#,"1.5999999999999996,8.4",#,#,#,"50.864000000000004,91.136",#,2.0,#,#,0.0,#,#,#,#,#,#,#,"3.25,16.75",1.0,0.1,1.0,1,3.0,4880,4880,0.3076923076923077,0.0015739792812659089,0,0
#,#,0.0,#,#,0.0,#,7.0,2.0,0.0,#,#,4.1,"2.75,7.25",#,#,#,#,"-10.375,36.56429649281061","3.945,10.055",#,"1.5999999999999996,8.4",#,#,#,"50.864000000000004,91.136",#,2.0,#,#,0.0,#,#,#,#,#,#,#,#,1.0,0.1,1.0,1,3.0,4880,4880,0.3333333333333333,0.0015739792812659089,0,0
0.0,"15.42,32.58",3.0,2.0,"4.66,13.34",0.0,#,7.0,#,#,#,#,4.1,#,"24.75,39.25","57.7875,114.2125",#,"7.129499999999999,12.0705",#,"5.05,8.95","4.359,11.241","3.1,8.9",#,"3.02,6.98","81.56299999999999,107.037","73.5715,126.4285",#,#,#,1.0,#,"1669.65,4666.35","29.835,96.16499999999999",6.0,#,#,#,#,#,1.0,0.1,1.0,1,1.5,4881,4881,0.5384615384615384,0.0007869896406329544,0,0
#,"8.289217700848972,27.11",0.0,2.0,#,#,2.0,3.0,#,2.0,1.0,#,#,#,#,"31.962500000000002,90.2375",2.0,#,"-10.004999999999999,14.004999999999999","3.9050000000000002,12.094999999999999","6.4375,8.7625","0.14999999999999947,5.8500000000000005",#,#,"65.10499999999999,89.495",#,#,#,5.0,1.0,#,"1547.575,5186.425",#,2.0,0.0,"3.758,6.242",#,"3.6350000000000002,8.365","8.1,15.9",0.0,0.1,1.0,1,1.0,4882,4882,0.5641025641025641,0.0005246597604219697,0,0
#,"14.89,27.11",0.0,2.0,"-2.64,4.640000000000001",#,#,3.0,#,#,1.0,#,#,#,#,"31.962500000000002,90.2375",2.0,"0.012499999999999734,4.5875",#,"3.9050000000000002,12.094999999999999","6.4375,8.7625","0.14999999999999947,5.8500000000000005",#,#,"65.10499999999999,89.495",#,#,#,5.0,1.0,#,"1547.575,5186.425",#,2.0,0.0,#,#,"3.6350000000000002,8.365","8.1,15.9",0.0,0.1,1.0,1,1.0,4882,4882,0.5128205128205128,0.0005246597604219697,0,0
#,"14.149999999999999,25.85",#,#,#,1.0,2.0,3.0,1.0,#,#,#,4.3,#,#,#,1.0,"5.131499999999999,12.2685","-6.495000000000001,18.495",#,"3.7215,8.278500000000001","3.3,8.7","1.7999999999999998,6.2",#,#,#,"45.416,82.184",#,5.0,#,#,"2477.1,4474.9","71.785,128.215",#,0.0,"2.584,4.816000000000001",2024.0,"9.625,12.375","-6.25,16.25",0.0,0.1,1.0,1,1.5,4883,4883,0.5384615384615384,0.0007869896406329544,0,0
#,#,#,#,"-2.4299999999999997,4.43",#,#,6.0,6.0,3.0,2.0,#,4.2,#,"6.02,41.980000000000004","16.012500000000003,48.3875",1.0,"-3.8920000000000003,4.892","-7.0649999999999995,11.065",#,#,#,#,"-3.38,5.38",#,"73.5715,126.4285","21.404999999999998,71.195",#,#,#,#,#,"53.129999999999995,78.87",1.0,#,"2.25,4.95",2024.0,#,#,1.0,0.1,1.0,1,3.0,4884,4884,0.46153846153846156,0.0015739792812659089,0,0
#,#,#,#,"-2.4299999999999997,4.43",#,#,6.0,6.0,3.0,2.0,#,4.2,#,"6.02,41.980000000000004","16.012500000000003,48.3875",1.0,"-3.8920000000000003,4.892",#,#,#,#,#,"-3.38,5.38",#,"73.5715,126.4285","21.404999999999998,71.195",#,#,#,#,#,"53.129999999999995,78.87",#,1.0,"2.25,4.95",2024.0,#,#,1.0,0.1,1.0,1,3.0,4884,4884,0.4358974358974359,0.0015739792812659089,0,0
#,"37.230000000000004,44.769999999999996",1.0,0.0,"-3.1099999999999994,7.109999999999999",#,2.0,4.0,7.0,1.0,#,#,4.4,"3.8,8.2",#,"42.8125,89.98750000000001",#,"-4.8795,8.4795","-15.395,11.76",#,#,"0.7999999999999998,7.2","2.6999999999999997,9.3","-0.6600000000000001,7.4399999999999995",#,#,"26.787999999999997,75.812",#,2.0,0.0,0.0,#,#,2.0,0.0,#,2024.0,"2.7449999999999997,7.255000000000001","-6.550000000000001,11.7",0.0,0.1,1.0,1,1.5,4885,4885,0.6410256410256411,0.0007869896406329544,0,0
#,"37.230000000000004,44.769999999999996",1.0,#,"-3.1099999999999994,7.109999999999999",#,2.0,4.0,7.0,1.0,#,#,4.4,"3.8,8.2",#,"42.8125,89.98750000000001",#,"-4.8795,8.4795","-15.395,11.76",#,#,"0.7999999999999998,7.2","2.6999999999999997,9.3","-0.6600000000000001,7.4399999999999995",#,#,"26.787999999999997,75.812",#,#,0.0,0.0,#,#,#,#,#,2024.0,"2.7449999999999997,7.255000000000001","-6.550000000000001,11.7",0.0,0.1,1.0,1,1.5,4885,4885,0.5384615384615384,0.0007869896406329544,0,0
#,"15.77,34.230000000000004",0.0,3.0,"0.69,5.3100000000000005",2.0,#,#,#,#,#,50.0,#,"2.6,7.4","26.79,55.21","62.1125,109.28750000000001",2.0,"0.37199999999999944,6.228",#,#,#,#,#,"4.84,9.16",#,"18.693499999999993,74.9065","37.788,86.812",#,#,1.0,#,#,#,#,3.0,"2.34,4.86",2023.0,"8.185,11.815","11.1,24.9",1.0,0.1,1.0,1,1.0,4886,4886,0.5128205128205128,0.0005246597604219697,0,0
#,"15.77,34.230000000000004",0.0,3.0,#,2.0,#,6.0,#,#,#,50.0,#,"2.6,7.4","26.79,55.21","70.8256218369575,109.28750000000001",2.0,"0.37199999999999944,6.228",#,#,#,#,#,"4.84,9.16",#,"18.693499999999993,74.9065","37.788,86.812",#,#,1.0,#,#,"41.33,106.67",4.0,#,"2.34,4.86",2023.0,"8.185,11.815","11.1,24.9",1.0,0.1,1.0,1,1.0,4886,4886,0.5384615384615384,0.0005246597604219697,0,0
0.0,#,#,#,"1.27,6.73",1.0,#,1.0,0.0,4.0,2.0,#,4.7,"-1.5499999999999998,5.55","25.85,46.15","24.712500000000002,79.2875",#,"10.972,16.828","9.14,22.86",#,"7.072499999999999,10.327499999999999",#,"2.0723208678583207,10.0",#,#,"36.217499999999994,65.5825",#,#,#,#,0.0,"2358.725,7567.275",#,#,1.0,#,2025.0,#,"9.1,28.9",1.0,0.1,1.0,1,1.5,4887,4887,0.5384615384615384,0.0007869896406329544,0,0
0.0,#,#,#,"1.27,6.73",1.0,#,#,0.0,4.0,2.0,60.0,4.7,"-1.5499999999999998,5.55","25.85,46.15","24.712500000000002,79.2875",#,#,"9.14,22.86",#,"7.072499999999999,10.327499999999999",#,"2.0723208678583207,10.0",#,#,"36.217499999999994,65.5825",#,#,#,#,#,"2358.725,7567.275",#,1.0,1.0,#,2025.0,#,"9.1,28.9",1.0,0.1,1.0,1,2.0,4887,4887,0.5128205128205128,0.0010493195208439393,0,0
#,"17.41,28.59",#,2.0,"-2.25,8.25",1.0,2.0,#,#,4.0,#,45.0,#,"0.2999999999999998,7.7","13.989999999999998,54.010000000000005","20.862499999999997,56.9375",1.0,"-6.362500000000001,7.362500000000001","-13.945,15.945","-0.5350000000000001,4.535",#,#,#,#,#,#,"15.338999999999999,66.661",4.0,#,#,0.0,#,#,#,1.0,"4.514,5.486",2025.0,#,#,1.0,0.1,1.0,1,1.5,4888,4888,0.5128205128205128,0.0007869896406329544,0,0
0.0,#,0.0,2.0,#,#,#,#,5.0,#,#,#,#,#,#,#,2.0,"-6.362500000000001,7.362500000000001",#,#,"6.7540000000000004,10.846","4.1,9.9",#,#,"48.459,86.941","42.15449999999999,100.0455","30.39,84.01",3.0,4.0,#,#,"-1063.2250000000004,3717.2250000000004","67.645,96.355",4.0,1.0,#,#,#,"20.85,39.15",1.0,0.1,1.0,1,3.0,4889,4889,0.46153846153846156,0.0015739792812659089,0,0
0.0,#,0.0,2.0,#,#,#,#,5.0,4.0,1.0,#,#,#,#,#,2.0,"-6.362500000000001,7.362500000000001","-12.66,20.66",#,"6.7540000000000004,10.846",#,#,#,"48.459,86.941","42.15449999999999,100.0455","30.39,84.01",3.0,4.0,#,#,#,"67.645,68.73469291883826",4.0,1.0,#,#,"1.895057134127141,6.87",#,1.0,0.1,1.0,1,4.0,4889,4889,0.48717948717948717,0.0020986390416878786,0,0
0.0,#,#,#,"4.43,11.57",#,1.0,#,3.0,#,2.0,75.0,4.5,#,"28.85,49.15",#,3.0,"-4.258,8.966839014666188",#,#,"2.117,7.883",#,"4.7,7.3","0.7400000000000002,9.26","85.637,114.363","17.1175,46.4825",#,2.0,2.0,#,0.0,"-2390.2250000000004,2390.2250000000004","30.32,93.68",2.0,3.0,"3.3259999999999996,4.874",2024.0,#,#,0.0,0.1,1.0,1,3.0,4890,4890,0.6153846153846154,0.0015739792812659089,0,0
#,#,#,#,"4.43,11.57",#,1.0,#,3.0,#,2.0,75.0,4.5,#,"28.85,49.15",#,3.0,"-4.258,4.767075924912767",#,#,"2.117,7.883",#,"4.7,7.3","0.7400000000000002,9.26","85.637,114.363","17.1175,46.4825",#,2.0,#,#,0.0,"-2390.2250000000004,2390.2250000000004","30.32,93.68",#,3.0,"3.3259999999999996,4.874",2024.0,#,#,0.0,0.1,1.0,1,3.0,4890,4890,0.5384615384615384,0.0015739792812659089,0,0
0.0,"14.38,33.62",#,#,#,0.0,#,#,#,4.0,#,#,4.7,"0.4500000000000002,5.55","37.82,62.18",#,#,"1.0719999999999996,6.928000000000001",#,"-0.09499999999999975,8.094999999999999",#,"1.5,4.5","5.5,8.5","0.28000000000000025,7.72","62.62100000000001,89.179","44.278499999999994,75.3215","27.224,82.37599999999999",2.0,#,#,#,"-972.6250000000002,1524.6250000000002","13.835,80.16499999999999",#,#,#,2025.0,"-0.6949999999999998,4.695","17.35,32.65",1.0,0.1,1.0,1,1.0,4891,4891,0.5384615384615384,0.0005246597604219697,0,0
#,"14.38,33.62",#,#,#,0.0,#,#,#,4.0,#,60.0,4.7,#,"37.82,62.18",#,#,"1.0719999999999996,6.928000000000001",#,"-0.09499999999999975,8.094999999999999",#,"1.5,4.5","5.5,8.5","0.28000000000000025,7.72","62.62100000000001,89.179","44.278499999999994,75.3215","27.224,82.37599999999999",2.0,#,#,#,"-972.6250000000002,1524.6250000000002","13.835,80.16499999999999",#,#,#,2025.0,"-0.6949999999999998,4.695","17.35,32.65",1.0,0.1,1.0,1,1.0,4891,4891,0.5128205128205128,0.0005246597604219697,0,0
#,#,#,#,#,#,#,6.0,#,3.0,#,#,#,#,#,#,#,#,"-8.66,24.66",#,#,#,"2.1,5.9",#,#,#,#,2.0,3.0,#,#,#,#,0.0,#,#,#,"5.25,10.75",#,1.0,0.1,1.0,1,2.0,4892,4892,0.20512820512820512,0.0010493195208439393,0,0
#,"14.84,23.16",2.0,#,"0.06000000000000005,5.9399999999999995",#,#,#,6.0,3.0,#,50.0,#,"2.85,9.15","20.98,43.019999999999996","41.73749999999999,94.4625",#,"-4.441000000000001,5.441000000000001","1.9149999999999991,18.085","2.2949999999999995,9.705","4.5935,8.406500000000001","1.5,4.5","5.65,8.35",#,"65.756,100.44399999999999","60.374,117.42600000000002",#,3.0,#,1.0,#,"3794.125,5577.875","45.15,74.85",#,1.0,"2.604,5.196",2023.0,"8.92,15.08",#,0.0,1.0,1.0,1,1.0,4893,4893,0.6410256410256411,0.0005246597604219697,1,1
#,"14.77,33.230000000000004",1.0,0.0,#,1.0,2.0,#,1.0,#,#,30.0,4.3,"3.8,8.2",#,#,1.0,"-3.526,4.526","-25.3686777875166,8.085","5.4,10.6",#,"0.49999999999999956,7.5","4.2,6.921253494106544","0.14000000000000012,3.86",#,#,#,1.0,2.0,0.0,0.0,#,#,2.0,1.0,"3.7899999999999996,5.41",2024.0,"6.630792308409125,11.07",#,1,0.1,1.0,1,2.0,4894,4894,0.6410256410256411,0.0010493195208439393,0,0
#,#,1.0,0.0,"-2.58637919968131,5.92",1.0,2.0,#,1.0,#,#,30.0,4.3,#,#,#,1.0,#,"-25.3686777875166,8.085",#,#,#,"4.2,6.921253494106544","0.14000000000000012,3.86",#,#,"33.482,68.718",1.0,2.0,0.0,0.0,#,#,2.0,1.0,#,2024.0,"6.630792308409125,11.07",#,0.0,0.1,1.0,1,2.0,4894,4894,0.5384615384615384,0.0010493195208439393,0,0
0.0,"22.49,29.51",3.0,#,"8.870000000000001,17.13",1.0,#,4.0,#,1.0,#,#,#,#,#,"4.0,70.6",5.0,#,"-10.515,12.515","-0.4700000000000002,4.470000000000001",#,"0.5999999999999996,7.4","4.35,7.65",#,"45.27000651883172,95.054",#,"20.318,61.682",5.0,2.0,#,0.0,"-1641.0500000000002,1641.0500000000002","63.865,136.135",#,0.0,#,2024.0,#,#,0.0,0.1,1.0,1,1.0,4895,4895,0.5641025641025641,0.0005246597604219697,0,0
0.0,"22.49,29.51",3.0,0.0,"8.870000000000001,17.13",1.0,#,4.0,#,1.0,#,#,#,#,#,"4.0,70.6",5.0,#,"-10.515,12.515","-0.4700000000000002,4.470000000000001","3.9864999999999995,7.6135","0.5999999999999996,7.4","4.35,7.65",#,"54.946,95.054",#,"20.318,61.682",5.0,#,#,0.0,"-1641.0500000000002,1641.0500000000002","63.865,136.135",#,0.0,#,2024.0,#,#,0.0,0.1,1.0,1,1.0,4895,4895,0.5897435897435898,0.0005246597604219697,0,0
#,"24.54,35.46",3.0,#,#,1.0,2.0,5.0,#,4.0,0.0,#,4.6,#,#,#,2.0,#,#,#,"3.3865,7.0135000000000005","4.0,11.66979736100551",#,"-2.5,6.5","49.646,89.754",#,#,1.0,5.0,#,0.0,"4315.1,9166.9","49.785,106.215",#,0.0,"4.388,5.612",#,#,"19.9,36.1",0.0,0.1,1.0,1,2.0,4896,4896,0.5384615384615384,0.0010493195208439393,0,0
0.0,#,3.0,0.0,#,1.0,2.0,5.0,#,4.0,#,#,4.6,#,#,#,2.0,#,#,#,"3.3865,7.0135000000000005","4.0,11.66979736100551",#,"-2.5,6.5","49.646,89.754",#,#,1.0,5.0,#,0.0,"4315.1,9166.9","49.785,106.215",#,0.0,"4.388,5.612",#,#,"19.9,36.1",0.0,0.1,1.0,1,1.5,4896,4896,0.5384615384615384,0.0007869896406329544,0,0
2.0,"16.68,33.32",#,#,"9.52,18.48",#,0.0,7.0,#,#,1.0,#,4.1,"0.5499999999999998,5.45",#,"35.75,76.45",#,"-6.088,7.088",#,#,"2.1469999999999994,6.053","4.15,7.85",#,"-3.5,5.5","64.144,83.656","58.815000000000005,83.98500000000001","39.284000000000006,79.116",#,#,#,1.0,#,#,4.0,#,"2.558,5.042",2025.0,"-1.3649999999999998,3.3649999999999998","-7.0,11.0",0.0,1.0,1.0,1,1.0,4897,4897,0.5641025641025641,0.0005246597604219697,1,1
#,#,#,#,#,0.0,0.0,#,#,#,1.0,45.0,#,"7.95,14.05","25.12,66.88","-13.237499999999997,52.4375",5.0,#,#,"3.425,10.575",#,"3.45,6.55",#,#,"33.55,60.650000000000006","49.966499999999996,94.43350000000001","14.838999999999999,66.161",5.0,0.0,1.0,#,#,#,#,1.0,"3.446,5.354",2024.0,#,"5.350000000000001,26.65",0.0,0.1,1.0,1,1.25,4899,4899,0.5128205128205128,0.000655824700527462,0,0
1.0,#,#,#,#,0.0,#,5.0,4.0,4.0,#,90.0,4.6,"3.25,10.75","-5.5994549285379485,45.4","53.262499999999996,89.3375",#,#,#,"-1.6150000000000002,7.615",#,"0.5,3.5",#,#,"74.008,102.192",#,"18.803,63.997",1.0,4.0,#,#,"-423.22500000000036,4357.225","54.230000000000004,99.77",#,#,#,#,"0.6350000000000002,5.365",#,0.0,0.1,1.0,1,1.6666666666666667,4900,4900,0.48717948717948717,0.0008744329340366161,0,0
1.0,#,#,#,#,0.0,#,5.0,4.0,4.0,#,90.0,4.6,"3.25,10.75","10.600000000000001,45.4","53.262499999999996,89.3375",#,#,#,"-1.6150000000000002,7.615",#,"0.5,3.5",#,#,"74.008,102.192",#,"18.803,63.997",#,4.0,0.0,#,"-423.22500000000036,4357.225","54.230000000000004,99.77",#,#,#,#,"2.1086497959168566,5.365",#,0.0,0.1,1.0,1,1.6666666666666667,4900,4900,0.48717948717948717,0.0008744329340366161,0,0
#,#,#,0.0,"9.45,18.55",#,0.0,#,1.0,2.0,#,#,#,#,#,#,#,#,"-7.1049999999999995,7.1049999999999995","-3.16,5.16",#,#,"3.5,6.5",#,"55.354,69.446",#,#,#,5.0,1.0,0.0,#,"62.665,95.33500000000001",1.0,#,"4.016,5.384",#,#,#,0.0,1.0,1.0,1,1.0,4901,4901,0.38461538461538464,0.0005246597604219697,1,1
1.0,#,#,#,"-2.8000000000000003,2.8000000000000003",#,2.0,2.0,3.0,4.0,2.0,75.0,4.5,#,#,#,#,"5.382499999999999,13.6175","-14.375,22.375",#,"6.398,9.002","2.35,9.65",#,#,#,#,#,2.0,#,1.0,0.0,"4085.35,6796.65",#,0.0,#,#,2024.0,#,#,0,0.1,1.0,1,2.0,4902,4902,0.48717948717948717,0.0010493195208439393,0,0
0.0,"28.71,37.29",1.0,#,#,1.0,2.0,1.0,#,#,2.0,#,4.7,#,"31.018333795511715,63.46",#,#,#,"0.16000000000000014,15.84","3.375,6.625","2.2984999999999998,8.901499999999999","2.1499999999999995,7.8500000000000005","3.7,6.3","-0.96,6.96",#,"62.259,94.141","37.912000000000006,65.488",1.0,5.0,1.0,#,"2029.8500000000004,6168.15","51.290000000000006,108.71",2.0,0.0,#,2023.0,"7.755000000000001,14.245","4.2,13.8",1.0,0.1,1.0,1,1.0,4903,4903,0.6923076923076923,0.0005246597604219697,0,0
0.0,"28.71,37.29",1.0,#,#,1.0,2.0,1.0,0.0,#,2.0,#,#,#,"20.54,63.46",#,#,#,"0.16000000000000014,15.84","3.375,6.625","2.2984999999999998,8.901499999999999","2.1499999999999995,7.8500000000000005","3.7,6.3","-0.96,6.96",#,"62.259,94.141","37.912000000000006,65.488",1.0,5.0,1.0,#,"2029.8500000000004,6168.15","51.290000000000006,108.71",2.0,0.0,#,2023.0,"7.755000000000001,14.245","4.2,13.8",1.0,0.1,1.0,1,1.0,4903,4903,0.6923076923076923,0.0005246597604219697,0,0
#,#,#,0.0,"9.92,16.08",0.0,2.0,#,#,#,#,#,4.6,"2.3499999999999996,5.65",#,#,1.0,"-0.3110000000000004,5.911",#,#,#,"0.4500000000000002,7.55","2.45,9.55",#,#,#,#,#,1.0,1.0,#,"5033.625,8244.375",#,1.0,0.0,"2.5039999999999996,5.096",#,"5.515,8.485",#,0.0,0.1,1.0,1,3.0,4904,4904,0.4358974358974359,0.0015739792812659089,0,0
#,"23.23,30.77",#,0.0,"9.92,16.08",0.0,2.0,#,#,#,#,90.0,4.6,"2.3499999999999996,5.65",#,#,1.0,"-0.3110000000000004,5.911",#,"-0.09499999999999975,8.094999999999999",#,"0.4500000000000002,7.55","2.45,9.55",#,#,#,#,#,#,1.0,#,"5033.625,8244.375",#,1.0,0.0,"2.5039999999999996,5.096",#,"5.515,8.485","-0.7999999999999998,8.8",0.0,0.1,1.0,1,3.0,4904,4904,0.5128205128205128,0.0015739792812659089,0,0
0.0,#,#,#,#,1.0,2.0,#,0.0,#,2.0,60.0,4.7,"3.6,8.4",#,#,1.0,#,#,"1.2300000000000004,8.77",#,#,#,#,"69.81099999999999,105.312","43.13250000000001,97.6675","36.195,63.005",4.0,#,#,#,#,#,1.0,#,#,#,"-1.2000000000000002,3.2",#,0.0,0.1,1.0,1,2.5,4907,4907,0.41025641025641024,0.001311649401054924,0,0
#,#,1.0,#,#,#,2.0,0.0,5.0,4.0,#,#,#,"2.25,9.75","18.18,51.82","68.57499999999999,92.625",4.0,"-5.6305000000000005,6.6305000000000005",#,#,"7.165499999999999,10.234499999999999","1.4500000000000002,11.209938818604963",#,#,#,#,"39.869,83.531",#,5.0,#,#,#,#,#,#,"2.066,4.3340000000000005",#,#,#,0.0,0.1,1.0,1,2.5,4908,4908,0.38461538461538464,0.001311649401054924,0,0
0.0,#,3.0,2.0,"7.779999999999999,14.22",#,#,#,#,0.0,1.0,25.0,4.1,#,#,"47.162499999999994,105.4375",#,#,"-15.395,19.395","3.375,6.625",#,"1.25,8.75","3.4,6.6",#,#,"32.91071159162326,63.9215","48.759,69.441",#,2.0,#,#,#,"38.15,67.85",3.0,1.0,"2.85,5.550000000000001",#,#,#,0.0,0.1,1.0,1,2.0,4909,4909,0.5128205128205128,0.0010493195208439393,0,0
0.0,#,3.0,2.0,"7.779999999999999,14.22",#,#,#,#,0.0,1.0,25.0,4.1,#,#,"47.162499999999994,105.4375",0.0,#,"-15.395,19.395",#,#,"1.25,8.75","3.4,6.6",#,#,"32.878499999999995,63.9215","48.759,69.441",#,2.0,#,#,#,"38.15,67.85",3.0,1.0,"2.85,5.550000000000001",#,#,#,0.0,0.1,1.0,1,2.0,4909,4909,0.5128205128205128,0.0010493195208439393,0,0
#,#,#,#,#,#,2.0,3.0,#,#,#,#,#,"2.8,9.2",#,#,#,#,#,"2.1,9.9",#,"-0.8500000000000005,4.8500000000000005",#,"4.5,13.5",#,#,#,#,#,#,0.0,#,#,3.0,#,#,#,#,#,1,0.0,0.0,1,4.0,4910,4910,0.20512820512820512,0.0020986390416878786,0,1
0.0,#,#,0.0,#,#,2.0,3.0,#,#,#,#,#,"2.8,9.2",#,#,2.0,#,#,"2.1,9.9",#,#,#,"4.5,13.5",#,#,#,#,#,#,0.0,#,#,3.0,#,#,#,#,#,0.0,0.1,1.0,1,3.0,4910,4910,0.2564102564102564,0.0015739792812659089,0,0
1.0,"12.5,25.5",3.0,#,"3.5219861416185547,5.890000000000001",0.0,#,1.0,0.0,4.0,2.0,60.0,#,"5.3,8.7",#,#,1.0,"-1.6495000000000006,8.049500000000002",#,"3.945,10.055","5.670499999999999,11.5295","2.5,7.5",#,"1.02,4.98",#,"49.91299999999999,105.287",#,#,#,1.0,#,"3494.925,6991.075","78.15,107.85",4.0,#,"3.812,6.188000000000001",2024.0,"5.92,12.08",#,1.0,0.1,1.0,1,2.0,4911,4911,0.6410256410256411,0.0010493195208439393,0,0
1.0,"12.5,25.5",3.0,#,"2.11,5.890000000000001",0.0,#,1.0,0.0,4.0,2.0,60.0,#,"5.3,8.7",#,#,1.0,"-1.6495000000000006,8.049500000000002",#,"3.945,10.055","5.670499999999999,11.5295","2.5,7.5",#,"1.02,4.98",#,"49.91299999999999,105.287",#,#,#,1.0,#,"3494.925,6991.075","78.15,107.85",4.0,#,"3.812,6.188000000000001",2024.0,"5.92,12.08","-8.15,10.15",1.0,0.1,1.0,1,2.0,4911,4911,0.6666666666666666,0.0010493195208439393,0,0
#,"21.67,42.572818499379636",0.0,#,"1.1999999999999997,6.800000000000001",1.0,#,6.0,6.0,3.0,2.0,50.0,#,"0.34999999999999987,3.6500000000000004",#,"37.3375,67.8625",#,"3.289,9.511000000000001",#,#,"5.433,8.967","2.35,9.65",#,"-0.9000000000000004,6.9",#,"62.94200000000001,99.858",#,#,#,#,#,"2790.575,6429.425","42.31,103.69",2.0,#,#,#,"4.085,9.915",#,0.0,0.1,1.0,1,1.25,4912,4912,0.5128205128205128,0.000655824700527462,0,0
0.0,#,#,2.0,"5.45,14.55",#,#,4.0,7.0,#,#,40.0,#,"1.5999999999999996,8.4","19.02,54.980000000000004",#,#,#,"-14.170000000000002,18.17",#,#,#,#,"0.2999999999999998,5.7",#,"59.798,90.00200000000001","31.712000000000003,59.288",2.0,2.0,#,#,"-2425.9,2425.9","51.675,86.325",#,0.0,#,#,"9.129999999999999,12.870000000000001","21.4,34.6",0.0,0.1,1.0,1,2.0,4913,4913,0.48717948717948717,0.0010493195208439393,0,0
#,"19.75,26.25",1.0,#,#,#,2.0,#,5.0,4.0,1.0,#,#,"0.6999999999999997,7.300000000000001","25.3,42.7","31.6125,86.1875",1.0,#,"-4.76,18.759999999999998",#,"4.075,8.725000000000001",#,"4.75,7.25","-3.0,3.0",#,"46.84949999999999,96.3505",#,#,#,0.0,0.0,#,#,#,0.0,#,2024.0,"5.085,10.915","-1.4500000000000002,11.45",0.0,0.1,1.0,1,2.0,4914,4914,0.5384615384615384,0.0010493195208439393,0,0
#,"19.75,26.25",1.0,#,#,1.0,2.0,#,5.0,4.0,1.0,#,#,"0.6999999999999997,7.300000000000001",#,"31.6125,86.1875",1.0,#,"-4.76,18.759999999999998",#,#,#,"4.75,7.25",#,#,"46.84949999999999,96.3505","35.944,60.456",5.0,#,0.0,0.0,#,#,#,0.0,#,2024.0,"5.085,10.915","-1.4500000000000002,11.45",0.0,0.1,1.0,1,2.0,4914,4914,0.5384615384615384,0.0010493195208439393,0,0
0.0,#,#,0.0,"-2.4299999999999997,4.43",1.0,2.0,#,6.0,3.0,#,#,4.2,"3.5,6.5",#,#,5.0,#,#,#,"4.458500000000001,7.3415",#,"5.8,10.2","1.94,8.06","42.411,74.389","81.1225,118.8775",#,2.0,#,#,#,#,#,1.0,#,#,#,#,"4.8999999999999995,23.8005539880783",1.0,0.1,1.0,1,2.0,4915,4915,0.46153846153846156,0.0010493195208439393,0,0
0.0,#,3.0,#,#,#,#,5.0,4.0,#,0.0,90.0,#,#,#,#,1.0,#,"-1.125,11.125",#,"6.265499999999999,9.3345","2.95,9.05","1.0,7.0","1.54,6.46","49.688,88.712","8.3155,67.8845",#,#,1.0,1.0,#,"5636.65,8633.35","23.674999999999997,58.325",#,1.0,#,2024.0,#,#,1.0,0.1,1.0,1,2.0,4916,4916,0.5128205128205128,0.0010493195208439393,0,0
0.0,"7.51,26.490000000000002",#,#,#,#,#,#,#,2.0,#,30.0,#,"3.4,6.6","17.759999999999998,50.24","31.3,83.10000000000001",#,#,"-8.985000000000001,16.985","4.62,11.379999999999999",#,#,"2.35,9.65","0.16000000000000014,7.84",#,"32.586,76.214",#,#,#,0.0,#,#,#,#,0.0,"2.8039999999999994,5.396",2024.0,#,"0.20000000000000018,9.8",1.0,0.1,1.0,1,2.0,4917,4917,0.4358974358974359,0.0010493195208439393,0,0
0.0,"7.51,26.490000000000002",#,#,#,#,#,#,#,2.0,#,30.0,#,"3.4,6.6","17.759999999999998,50.24","31.3,83.10000000000001",#,"14.316500000000001,23.2835","-8.985000000000001,16.985","4.62,11.379999999999999",#,#,"2.35,9.65","0.16000000000000014,7.84",#,#,#,#,#,0.0,#,#,#,#,0.0,"2.8039999999999994,5.396",2024.0,#,"0.20000000000000018,9.8",1.0,0.1,1.0,1,2.0,4917,4917,0.4358974358974359,0.0010493195208439393,0,0
#,"14.36,34.2758382601113",#,#,#,1.0,0.0,5.0,4.0,#,0.0,#,4.6,"2.65,9.35",#,"32.1875,81.2125",#,"-4.9815000000000005,6.1815",#,#,#,#,"3.25,6.75","-0.06000000000000005,6.0600000000000005",#,#,#,0.0,#,1.0,#,"5267.125,7050.875","53.655,84.345",4.0,1.0,#,2024.0,#,#,0.0,0.1,1.0,1,2.0,4918,4918,0.48717948717948717,0.0010493195208439393,0,0
#,"14.36,34.2758382601113",#,#,#,1.0,#,5.0,4.0,#,0.0,#,4.6,"2.65,9.35",#,"32.1875,81.2125",#,"-6.262500000000001,7.4625",#,#,"4.867999999999999,9.332",#,"3.25,6.75","-0.06000000000000005,6.0600000000000005",#,#,#,0.0,#,1.0,#,"5267.125,7050.875","53.655,84.345",4.0,1.0,#,2024.0,#,#,1,0.1,1.0,1,2.0,4918,4918,0.48717948717948717,0.0010493195208439393,0,0
#,#,0.0,#,#,#,#,3.0,1.0,#,#,30.0,4.3,#,#,#,1.0,#,#,#,"2.8794999999999993,6.3205","2.1999999999999997,7.800000000000001","1.35,8.65",#,#,"28.519282430399198,73.992",#,0.0,#,0.0,#,"-964.1995470309556,1676.7250000000001",#,#,#,#,2025.0,"1.0950000000000002,8.905","23.05,38.95",0.0,0.1,1.0,1,3.0,4919,4919,0.41025641025641024,0.0015739792812659089,0,0
#,#,0.0,#,#,#,#,3.0,1.0,#,#,#,4.3,#,#,#,1.0,#,"-6.23,20.23",#,"2.8794999999999993,6.3205","2.1999999999999997,7.800000000000001",#,#,#,"28.519282430399198,73.992",#,0.0,#,0.0,0.0,"-964.1995470309556,1676.7250000000001",#,1.0,#,#,2025.0,"1.0950000000000002,8.905",#,0.0,0.1,1.0,1,3.0,4919,4919,0.41025641025641024,0.0015739792812659089,0,0
#,"10.25,29.75",#,0.0,"-1.3399999999999999,7.34",#,#,3.0,1.0,2.0,#,30.0,#,"3.4,6.6",#,#,2.0,"-4.6240000000000006,5.6240000000000006",#,#,#,"0.04999999999999982,3.95",#,#,#,#,"11.588000000000001,60.612",#,0.0,#,#,"1906.6000000000001,5331.4",#,#,3.0,#,#,#,#,0.0,0.1,1.0,1,4.0,4920,4920,0.38461538461538464,0.0020986390416878786,0,0
0.0,#,#,#,#,0.0,1.0,#,5.0,4.0,1.0,45.0,4.6,"1.35,8.65",#,"48.849999999999994,111.75",#,"-2.8855,3.8855",#,"2.3200000000000003,11.68","2.2495,7.550500000000001","2.9499999999999997,7.050000000000001","3.75,6.25","1.42,6.58","76.146,116.254",#,#,2.0,#,#,1.0,"2164.3,5303.7",#,#,#,#,2025.0,#,"17.6,34.4",0.0,0.1,1.0,1,2.0,4921,4921,0.5641025641025641,0.0010493195208439393,0,0
0.0,#,#,0.0,#,0.0,1.0,#,5.0,4.0,1.0,45.0,#,"1.35,8.65",#,"48.849999999999994,111.75",#,"-2.8855,3.8855",#,"2.3200000000000003,11.68","2.2495,7.550500000000001","2.9499999999999997,7.050000000000001",#,"1.42,6.58","76.146,116.254",#,#,2.0,#,#,1.0,"2164.3,5303.7",#,#,1.0,#,2025.0,#,#,0.0,0.1,1.0,1,2.0,4921,4921,0.5384615384615384,0.0010493195208439393,0,0
1.0,#,0.0,#,#,0.0,#,0.0,#,4.0,1.0,#,#,#,"14.594133217692576,57.75","22.724999999999998,65.275",2.0,#,#,#,#,"0.8500000000000001,7.15","3.1,8.9","2.48,7.52",#,"58.954,82.446",#,#,3.0,1.0,0.0,"2219.7999999999997,6786.200000000001","75.25,124.75",#,#,"1.92,4.08",2024.0,#,"3.5,18.5",1.0,0.1,1.0,1,2.0,4922,4922,0.5384615384615384,0.0010493195208439393,0,0
1.0,#,0.0,#,"9.1,18.9",0.0,1.0,0.0,#,4.0,1.0,#,#,#,"14.25,57.75",#,2.0,#,#,#,#,"0.8500000000000001,7.15","3.1,8.9","2.48,7.52",#,"58.954,82.446",#,#,3.0,1.0,0.0,"2219.7999999999997,6786.200000000001","75.25,124.75",#,#,"1.92,4.08",2024.0,#,"3.5,18.5",1.0,0.1,1.0,1,2.0,4922,4922,0.5641025641025641,0.0010493195208439393,0,0
0.0,#,0.0,#,#,#,#,0.0,5.0,4.0,#,#,4.6,#,#,#,1.0,"-3.9220000000000006,8.522","14.77,41.230000000000004","0.31000000000000005,3.69","1.4844999999999993,7.7155000000000005","-0.9115795413670384,5.6",#,"-2.7,2.7",#,"53.60799999999999,100.592","28.454000000000004,75.946",#,5.0,1.0,0.0,"3330.375,5827.625",#,1.0,#,"3.308,4.8919999999999995",#,"7.196854767345345,12.795","0.05000000000000071,21.95",1.0,0.1,1.0,1,2.0,4923,4923,0.5897435897435898,0.0010493195208439393,0,0
#,"16.28,27.72",#,0.0,#,1.0,0.0,#,#,1.0,1.0,#,#,"5.05,8.95","26.369999999999997,53.63",#,4.0,#,#,"9.18,12.82",#,#,"1.35,8.65",#,#,#,"27.697,59.102999999999994",#,#,#,0.0,#,"-21.275000000000002,23.275000000000002",2.0,#,"2.98,4.42",#,#,#,0.0,0.1,1.0,1,3.3333333333333335,4924,4924,0.41025641025641024,0.0017488658680732323,0,0
#,#,#,0.0,"2.0300000000000002,11.969999999999999",#,#,#,2.0,0.0,1.0,#,#,"1.85,8.15",#,#,2.0,"-2.6625000000000005,11.0625","5.63,18.37",#,#,"5.2,8.8","-0.6499999999999999,6.65",#,"59.965999999999994,89.234","44.6105,95.7895",#,2.0,#,#,#,#,"40.32,103.68",#,1.0,"3.636,5.364",2025.0,"3.4050000000000002,6.595",#,1.0,1.0,1.0,1,1.0,4925,4925,0.48717948717948717,0.0005246597604219697,1,1
0.0,#,#,#,"3.3099999999999996,12.690000000000001",#,2.0,#,#,0.0,#,#,#,#,#,#,3.0,"-2.758,6.758",#,"-2.8099999999999996,6.81","0.7329999999999999,4.267","2.75,7.25",#,"1.96,8.479246326882244",#,"38.364000000000004,78.636","34.907000000000004,89.293",2.0,5.0,1.0,1.0,"1595.05,4020.95","49.14,76.86",3.0,0.0,"3.008,4.592",#,"1.525,6.475","21.6,32.4",1.0,0.1,1.0,1,3.0,4926,4926,0.5897435897435898,0.0015739792812659089,0,0
0.0,"12.41,30.034164206794927",#,0.0,"-2.4299999999999997,4.43",#,1.0,#,#,#,#,#,4.6,"2.7,8.268030220114484","26.759999999999998,59.24","60.125,95.275",3.0,"-4.8069999999999995,5.8069999999999995","-5.905000000000001,27.905","3.115,6.885",#,#,#,#,#,#,#,2.0,#,#,0.0,#,#,#,1.0,#,#,"-0.41000000000000014,6.41","16.05,37.95",0.0,0.1,1.0,1,1.9296000000000002,4927,4927,0.46153846153846156,0.0010123834737102327,0,0
#,"12.41,23.59",#,0.0,"-2.4299999999999997,4.43",#,1.0,#,#,#,#,#,4.6,"2.7,8.268030220114484","26.759999999999998,59.24","60.125,95.275",3.0,"-4.8069999999999995,7.119150266395944","-5.905000000000001,27.905","3.115,6.885","0.9749999999999996,5.625",#,#,#,#,#,#,#,2.0,#,#,#,#,#,1.0,#,#,"-0.41000000000000014,6.41","16.05,37.95",0.0,0.1,1.0,1,1.9296000000000002,4927,4927,0.4358974358974359,0.0010123834737102327,0,0
1.0,"19.28,30.72",#,#,#,1.0,#,#,#,3.0,2.0,#,#,#,#,"10.637500000000003,70.7625",#,"-2.245,3.245",#,#,"3.611999999999999,6.588",#,"2.4000000000000004,9.6","-3.3200000000000003,5.32","64.654,78.74600000000001","33.9175,63.282500000000006","19.252000000000002,62.148",0.0,4.0,#,#,"446.17485690855983,2283.7",#,2.0,0.0,#,2024.0,"10.24,13.76",#,0.0,0.1,1.0,1,2.5,4928,4928,0.5128205128205128,0.001311649401054924,0,0
#,"13.719999999999999,28.28",#,0.0,"11.129999999999999,16.87",#,2.0,#,#,4.0,#,#,4.6,#,"1.6899999999999995,24.310000000000002",#,#,"-5.722,6.722","-8.925,22.925",#,"2.3119999999999994,5.288",#,"5.9,12.1","2.7800000000000002,7.22",#,"33.69799999999999,63.902","22.759,43.441",#,#,1.0,0.0,"3344.075,5555.925","-0.740000000000002,50.74",#,1.0,"4.45,5.3500000000000005",#,"1.3050000000000002,6.695","4.65,19.35",0.0,1.0,1.0,1,1.0,4930,4930,0.5641025641025641,0.0005246597604219697,1,1
0.0,"18.46,33.54",#,#,"10.97,15.03",1.0,#,#,6.0,3.0,2.0,50.0,#,#,"16.689999999999998,39.31","11.0125,58.1875",#,"-0.004137296638132892,7.394",#,"4.79,9.21",#,#,"0.8500000000000001,5.15","2.5799999999999996,9.42",#,#,#,#,#,1.0,0.0,#,#,1.0,1.0,"4.178,5.222",2025.0,"1.415,6.585",#,0,0.1,1.0,1,1.0,4931,4931,0.5384615384615384,0.0005246597604219697,0,0
0.0,"18.46,33.54",0.0,#,"10.97,15.03",1.0,#,#,#,3.0,2.0,50.0,#,"0.050000000000000266,5.949999999999999","11.119777314145033,39.31","11.0125,58.1875",#,"-0.004137296638132892,7.394",#,"4.79,9.21",#,#,"0.8500000000000001,5.15","2.5799999999999996,9.42",#,#,#,#,#,#,0.0,#,#,1.0,#,"4.178,5.222",2025.0,"1.415,6.585",#,1.0,0.1,1.0,1,1.0,4931,4931,0.5128205128205128,0.0005246597604219697,0,0
#,"10.68,27.32",#,#,"1.38,10.620000000000001",1.0,2.0,1.0,#,#,#,60.0,#,#,"15.24,40.76","29.275,60.725",2.0,#,#,"0.27,5.73",#,#,"5.8,10.2","-0.5800000000000001,4.58",#,#,"5.390000000000001,59.010000000000005",0.0,#,#,#,#,#,2.0,0.0,"2.126,3.674",#,#,#,0.0,0.1,1.0,1,1.9600000000000002,4932,4932,0.4358974358974359,0.0010283331304270606,0,0
#,"10.68,27.32",#,#,"1.38,10.620000000000001",#,2.0,1.0,#,#,#,60.0,#,#,"15.24,40.76","29.275,60.725",2.0,#,#,"0.27,5.73",#,#,"5.8,10.2","-0.5800000000000001,4.58",#,#,"5.390000000000001,59.010000000000005",0.0,#,#,#,"3228.325,6153.675",#,2.0,0.0,"2.126,3.674",#,#,#,0.0,0.1,1.0,1,1.9600000000000002,4932,4932,0.4358974358974359,0.0010283331304270606,0,0
1.0,#,#,#,#,1.0,2.0,0.0,#,#,#,45.0,4.6,"0.10000000000000009,3.381308810901552",#,"47.0770566582065,102.67500000000001",3.0,"3.6125000000000003,8.1875",#,"-0.6150000000000002,8.615","4.7444999999999995,7.2555000000000005",#,"4.699999999999999,9.3",#,#,#,#,1.0,#,#,0.0,#,#,#,#,#,#,#,#,1.0,0.1,1.0,1,4.0,4933,4933,0.38461538461538464,0.0020986390416878786,0,0
1.0,#,2.0,#,"7.45,16.55",1.0,2.0,0.0,#,#,#,45.0,#,"0.10000000000000009,3.381308810901552",#,#,3.0,#,#,#,"4.7444999999999995,7.2555000000000005",#,#,"-0.9000000000000004,6.9","56.05,83.14999999999999","51.6445,92.75550000000001",#,1.0,5.0,#,0.0,#,"4.695,51.53784104565183",#,#,"3.2359999999999998,4.9639999999999995",#,#,"1.1499999999999995,12.850000000000001",1.0,0.1,1.0,1,4.0,4933,4933,0.48717948717948717,0.0020986390416878786,0,0
1.0,#,0.0,#,"-0.4299999999999997,6.43",#,#,#,2.0,#,1.0,#,4.1,#,"1.5700000000000003,40.43","65.275,104.125",#,"-0.6875,3.8875","-6.965000000000002,20.965000000000003","0.5149999999999997,9.485",#,"2.1014806407283158,5.35","3.6,8.4",#,#,"51.2345,75.5655",#,#,0.0,#,0.0,"1041.1999999999998,5036.8","-3.3351569489837516,127.33269867166457",3.0,#,#,#,"3.81,10.19","13.151570661406465,36.4",0.0,0.1,1.0,1,1.0,4934,4934,0.5384615384615384,0.0005246597604219697,0,0
#,#,0.0,2.0,#,1.0,#,3.0,1.0,2.0,1.0,#,4.3,"0.7999999999999998,5.2",#,#,1.0,#,#,#,#,"-1.7000000000000002,3.7","6.4,11.6","1.7599999999999998,8.24","78.637,107.363","42.8565,70.54350000000001",#,#,#,#,#,"243.75,2384.25",#,4.0,0.0,"3.848,6.152",2024.0,#,"7.200000000000001,28.799999999999997",0.0,1.0,1.0,1,1.0,4935,4935,0.5384615384615384,0.0005246597604219697,1,1
1.0,#,#,#,#,#,#,1.0,0.0,4.0,#,60.0,4.7,#,"33.31,68.69","70.0125,94.9875",1.0,#,"4.18,21.82",#,"4.919,8.081","3.7,6.3",#,#,#,#,#,#,#,1.0,1.0,#,"35.875,110.125",#,0.0,"3.7899999999999996,5.41",2024.0,"9.25,14.75","0.09999999999999964,19.9",1.0,0.1,1.0,1,2.0,4936,4936,0.5128205128205128,0.0010493195208439393,0,0
1.0,#,#,3.0,#,#,#,1.0,0.0,4.0,#,60.0,4.7,#,"33.31,68.69","70.0125,94.9875",1.0,#,"4.18,21.82",#,"4.919,8.081","3.7,6.3",#,#,#,#,#,#,1.0,1.0,1.0,#,"35.875,110.125",#,0.0,"3.7899999999999996,5.41",2024.0,"9.25,14.75","0.09999999999999964,19.9",1.0,0.1,1.0,1,2.0,4936,4936,0.5641025641025641,0.0010493195208439393,0,0
#,#,0.0,2.0,#,#,2.0,4.0,#,#,1.0,#,#,#,#,#,5.0,"-3.526,4.526","34.79,63.21","3.855,8.145",#,#,"3.1999999999999997,4.166972146457202","-2.26,6.26","36.724,67.076",#,#,#,#,1.0,0.0,#,"56.675,91.325",1.0,#,#,2025.0,#,#,1.0,0.1,1.0,1,1.0,4937,4937,0.4358974358974359,0.0005246597604219697,0,0
#,#,0.0,2.0,#,#,#,4.0,#,#,1.0,#,#,#,#,#,5.0,"-3.526,4.526","34.79,63.21","3.855,8.145",#,#,"3.1999999999999997,8.8","-2.26,6.26","36.724,67.076",#,#,#,#,1.0,0.0,#,"56.675,91.325",1.0,#,#,2025.0,#,#,1.0,0.1,1.0,1,1.0,4937,4937,0.41025641025641024,0.0005246597604219697,0,0
1.0,"18.5,31.5",3.0,2.0,"0.5700000000000003,7.43",#,#,#,#,#,1.0,#,#,#,"31.21,60.79","24.1473862714668,64.375",#,"6.178,18.622",#,#,#,#,#,"-0.2599999999999998,12.293343223050982",#,"45.0565,72.7435","27.214,59.385999999999996",#,2.0,0.0,0.0,"-1926.45,1926.45","46.795,105.205",#,0.0,"1.674,3.7260000000000004",#,#,#,1.0,0.1,1.0,1,1.6666666666666667,4938,4938,0.48717948717948717,0.0008744329340366161,0,0
1.0,"18.5,31.5",3.0,2.0,"0.5700000000000003,7.43",1.0,#,#,#,#,1.0,25.0,#,#,"31.21,60.79","24.1473862714668,64.375",#,"6.178,18.622",#,#,#,#,#,"-0.2599999999999998,12.293343223050982",#,"45.0565,72.7435","27.214,59.385999999999996",2.0,2.0,0.0,0.0,"-1926.45,1926.45","46.795,105.205",#,#,"1.674,3.7260000000000004",#,#,#,1.0,0.1,1.0,1,1.6666666666666667,4938,4938,0.5384615384615384,0.0008744329340366161,0,0
1.0,#,#,#,#,#,#,2.0,#,#,#,75.0,4.5,#,#,#,2.0,"3.3294999999999995,8.2705",#,#,"6.0680000000000005,10.532",#,#,"-1.38,7.38","57.36,79.04",#,#,#,#,#,0.0,#,"47.269999999999996,100.73",#,#,#,2023.0,#,#,1.0,0.1,1.0,1,1.0,4939,4939,0.3076923076923077,0.0005246597604219697,0,0
#,#,#,#,#,#,#,#,#,#,#,#,#,"4.1,7.9",#,#,1.0,"-2.7220000000000004,9.722000000000001","-9.7,19.7","2.335,7.665",#,#,#,#,"86.179,113.821","53.971500000000006,106.8285","44.533,82.067",0.0,#,1.0,0.0,#,"22.18,57.82",#,#,#,#,"6.35,9.65",#,1.0,0.1,1.0,1,1.0,4940,4940,0.3333333333333333,0.0005246597604219697,0,0
1.0,#,0.0,0.0,#,#,1.0,0.0,#,4.0,1.0,45.0,#,"0.9499999999999997,5.050000000000001","11.11,34.89","55.675000000000004,87.125",#,#,#,"-0.73,4.73",#,#,#,"-1.38,7.38","46.75599999999999,81.44399999999999","17.7155,77.28450000000001",#,1.0,0.0,1.0,#,"3064.625,6275.375",#,0.0,0.0,"2.5919999999999996,4.6080000000000005",#,#,#,1.0,1.0,1.0,1,2.0,4941,4941,0.5641025641025641,0.0010493195208439393,1,1
1.0,#,0.0,2.0,"4.199999999999999,9.8",0.0,#,#,5.0,#,#,#,#,"2.4999999999999996,9.5",#,#,#,#,"-3.7627880417552504,8.575000000000001",#,"7.6445,10.1555",#,"2.3499999999999996,5.65","2.08,5.92","69.515,88.485",#,"40.087999999999994,89.112",4.0,0.0,#,#,"2358.225,6139.775","43.36,114.64",#,#,#,2024.0,"-2.96,4.96",#,1.0,0.1,1.0,1,1.6666666666666667,4942,4942,0.48717948717948717,0.0008744329340366161,0,0
#,"16.07,31.93",#,0.0,#,#,#,#,7.0,1.0,1.0,#,#,#,"23.12,64.88",#,1.0,#,#,"1.58,10.42",#,"3.75,10.25",#,#,#,"43.3345,67.6655",#,4.0,1.0,#,1.0,"2803.125,4586.875",#,#,1.0,#,2023.0,"8.645,15.355",#,1.0,0.1,1.0,1,2.6666666666666665,4943,4943,0.4358974358974359,0.0013990926944585857,0,0
#,"19.19,28.81",0.0,#,#,#,1.0,5.0,#,#,#,#,#,#,"47.28,49.39223661112538",#,5.0,"-3.16,4.16",#,"3.115,6.885",#,"-0.25,6.25","5.25,8.75","-0.96,6.96",#,"36.31549999999999,95.8845","11.475000000000005,68.925",1.0,5.0,1.0,#,"3464.5249999999996,7531.475","19.784999999999997,76.215",1.0,#,#,2025.0,"5.14,10.86","12.55,31.45",0.0,0.1,1.0,1,1.872,4944,4944,0.5641025641025641,0.0009821630715099272,0,0
#,"19.19,28.81",0.0,#,#,#,1.0,5.0,#,#,#,#,#,#,"28.72,47.28",#,5.0,"-3.16,4.16",#,"3.115,6.885",#,#,"5.25,8.75","-0.96,6.96","79.508,107.692","36.31549999999999,95.8845","11.475000000000005,68.925",1.0,5.0,1.0,#,"3464.5249999999996,7531.475","19.784999999999997,76.215",1.0,#,#,2025.0,"5.14,10.86","12.55,31.45",0.0,0.1,1.0,1,1.872,4944,4944,0.5641025641025641,0.0009821630715099272,0,0
1.0,#,#,1.0,#,#,2.0,3.0,1.0,2.0,1.0,#,4.3,"4.85,9.15","10.879999999999999,27.12","42.0,71.6",2.0,#,#,#,"4.451499999999999,7.1485",#,"3.9,10.1",#,"68.818,91.58200000000001",#,"16.050000000000004,54.35",3.0,#,0.0,#,#,"51.230000000000004,96.77",2.0,#,"1.9040000000000001,4.496",#,#,"6.3,17.7",0.0,0.1,1.0,1,2.0,4945,4945,0.5641025641025641,0.0010493195208439393,0,0
1.0,#,#,#,"-1.0099999999999998,5.01",0.0,2.0,3.0,1.0,2.0,1.0,#,4.3,#,#,"42.0,71.6",#,"0.8419999999999996,10.358",#,#,"4.451499999999999,7.1485","0.0,4.0","3.9,10.1",#,#,"51.53699999999999,80.063",#,3.0,#,0.0,#,#,"51.230000000000004,96.77",2.0,#,"1.9040000000000001,4.496",2024.0,#,#,0.0,0.1,1.0,1,2.0,4945,4945,0.5384615384615384,0.0010493195208439393,0,0
#,#,#,#,#,#,#,2.0,#,4.0,#,75.0,4.5,"5.2,8.8",#,#,2.0,"-3.0345,4.8345",#,#,"4.8469999999999995,8.753","8.15,11.85","-3.05,3.05","2.2199999999999998,9.780000000000001",#,#,#,#,#,1.0,1.0,#,#,#,#,#,#,#,#,1.0,0.1,1.0,1,3.0,4946,4946,0.3333333333333333,0.0015739792812659089,0,0
0.0,"23.5,36.5",3.0,0.0,"10.43,17.57",#,2.0,#,3.0,4.0,#,#,4.5,"1.1,6.9",#,#,1.0,"1.472,8.873102067351699",#,"4.295,11.705",#,#,#,"0.09999999999999964,7.9",#,#,#,#,1.0,1.0,1.0,#,#,#,0.0,"2.87,4.13",#,#,"-8.45,10.45",1.0,0.1,1.0,1,2.0,4947,4947,0.5128205128205128,0.0010493195208439393,0,0
#,"13.45,22.55",0.0,#,"10.78,17.22",0.0,2.0,#,#,#,#,60.0,#,"-0.40000000000000036,6.4",#,#,#,"9.429859767284427,14.649500000000002",#,#,#,"-0.75,6.75","5.2,8.8",#,"71.31099999999999,103.289","34.996,95.404",#,2.0,#,#,0.0,#,"59.17,92.83",1.0,#,#,#,#,"4.85,17.15",0.0,0.1,1.0,1,1.5,4948,4948,0.4358974358974359,0.0007869896406329544,0,0
0.0,"25.23,32.769999999999996",3.0,2.0,#,#,#,#,2.0,0.0,1.0,#,#,"3.3,6.7","6.989999999999998,47.010000000000005",#,1.0,"-6.088,7.088",#,#,"3.8329999999999993,7.367",#,"3.5999999999999996,6.4",#,#,#,#,#,#,#,0.0,"-1641.0500000000002,1641.0500000000002","22.755,73.245",0.0,#,#,2024.0,#,"5.3,16.7",0.0,0.1,1.0,1,2.0,4949,4949,0.48717948717948717,0.0010493195208439393,0,0
0.0,"25.23,32.769999999999996",3.0,2.0,#,#,#,#,#,0.0,1.0,#,4.1,"3.3,6.7","6.989999999999998,47.010000000000005","77.625,112.775",1.0,#,#,#,"3.8329999999999993,7.367",#,"3.5999999999999996,6.4",#,"57.026999999999994,91.173",#,#,#,#,#,0.0,"-1641.0500000000002,1641.0500000000002","22.755,73.245",0.0,#,#,2024.0,#,#,0.0,0.1,1.0,1,2.0,4949,4949,0.48717948717948717,0.0010493195208439393,0,0
#,"25.42,47.1413659511576",0.0,#,"6.71,13.29",#,#,2.0,#,4.0,#,#,#,#,#,"77.4375,107.9625",#,"1.7949999999999982,14.605","-0.495000000000001,24.495","0.7249999999999996,5.275","4.403,9.797","2.55,5.45","2.75,9.25","-0.33999999999999986,4.34",#,#,#,#,#,1.0,0.0,"3976.8999999999996,7687.1",#,1.0,#,#,2024.0,#,"5.200000000000001,26.799999999999997",1.0,0.1,1.0,1,1.6666666666666667,4950,4950,0.48717948717948717,0.0008744329340366161,0,0
#,"25.42,47.1413659511576",0.0,#,"6.71,13.29",#,#,2.0,#,4.0,#,#,#,#,#,"77.4375,107.9625",#,"1.7949999999999982,14.605","-0.495000000000001,24.495","0.7249999999999996,5.275","4.403,11.256019418547163","2.55,5.45","2.75,9.25","-0.33999999999999986,4.34",#,"39.296,99.70400000000001",#,#,#,#,0.0,"3976.8999999999996,7687.1",#,1.0,#,#,2024.0,#,"5.200000000000001,26.799999999999997",1.0,0.1,1.0,1,1.6666666666666667,4950,4950,0.48717948717948717,0.0008744329340366161,0,0
1.0,#,#,#,#,1.0,#,#,4.0,#,#,90.0,4.6,#,#,#,#,"0.020500000000000185,13.3795",#,"-1.6799999999999997,7.68","2.0515,4.7485",#,"6.25,11.75",#,#,"29.324999999999996,71.275",#,#,5.0,1.0,#,"4364.55,8217.45","41.835,108.16499999999999",2.0,#,#,#,#,"-0.5999999999999996,18.6",0.0,0.1,1.0,1,4.0,4951,4951,0.41025641025641024,0.0020986390416878786,0,0
0.0,"15.476026208917153,28.25",#,#,"7.38,16.62",1.0,#,#,#,2.0,1.0,30.0,4.3,#,"14.34,45.66","-8.05,40.05",#,#,"-12.965000000000002,14.965000000000002",#,#,"2.6,7.4","3.0,7.0",#,"74.375,115.025",#,#,#,#,#,0.0,#,#,2.0,#,"3.036,4.764",#,"4.91,9.09",#,0.0,0.1,1.0,1,4.0,4952,4952,0.46153846153846156,0.0020986390416878786,0,0
1.0,#,#,#,"1.29,8.71",#,#,#,#,#,#,90.0,#,#,"40.120000000000005,81.88","67.1625,95.8375",2.0,"-4.7155000000000005,6.056676125094768",#,#,"4.544499999999999,7.0555",#,#,"1.5999999999999996,6.4",#,#,#,#,5.0,#,#,#,#,2.0,1.0,#,#,"7.8100000000000005,14.19",#,0.0,0.1,1.0,1,3.0,4953,4953,0.3333333333333333,0.0015739792812659089,0,0
1.0,#,3.0,#,"1.29,8.71",0.0,#,#,#,#,#,90.0,#,#,"40.120000000000005,81.88","67.1625,95.8375",2.0,"-4.7155000000000005,6.056676125094768",#,#,#,#,#,"1.5999999999999996,6.4","75.99900000000001,92.801",#,#,#,5.0,#,#,#,#,2.0,1.0,#,2024.0,"7.8100000000000005,14.19",#,0.0,0.1,1.0,1,3.0,4953,4953,0.41025641025641024,0.0015739792812659089,0,0
0.0,"14.46,29.54",#,#,"5.83,10.17",#,2.0,#,3.0,4.0,#,75.0,4.5,#,"25.46,40.54","39.95,88.05",5.0,"-1.879,2.879","-12.985000000000001,12.985000000000001",#,"0.9724999999999999,4.2275",#,#,"4.22,11.780000000000001","65.308,93.492","36.374,93.42600000000002","27.486000000000008,71.914",1.0,5.0,1.0,1.0,"3051.875,7898.473754944369",#,2.0,#,"3.502,5.6979999999999995",#,"2.91,7.09",#,0.0,0.1,1.0,1,2.0,4954,4954,0.6666666666666666,0.0010493195208439393,0,0
1.0,"13.16,30.84",#,#,"9.92,16.08",#,#,2.0,#,#,2.0,75.0,4.5,"4.55,7.45","18.279999999999998,57.72","18.949999999999996,81.85",0.0,"8.646500000000001,13.9535",#,#,#,"0.0,6.0","4.1,7.9","-3.2,5.2","81.083,95.71700000000001",#,"19.133,56.667",1.0,#,#,#,"4135.7,6704.3",#,1.0,0.0,"2.4299999999999997,4.7700000000000005",2025.0,#,"9.45,26.55",1.0,1.0,1.0,1,2.0,4955,4955,0.6153846153846154,0.0010493195208439393,1,1
#,"20.02,31.98",0.0,#,#,#,0.0,5.0,#,4.0,0.0,#,#,#,#,"49.35000000000001,97.45",2.0,"-0.6364999999999998,5.0365",#,#,#,#,#,#,#,#,#,#,1.0,#,0.0,#,"66.83500000000001,133.165",#,#,#,2024.0,"6.14,11.86",#,0.0,0.1,1.0,1,1.5,4956,4956,0.358974358974359,0.0007869896406329544,0,0
0.0,#,0.0,#,#,#,0.0,5.0,#,4.0,#,#,4.6,#,#,#,#,#,#,#,#,#,#,#,#,"49.36150000000001,85.4385",#,#,1.0,#,0.0,#,"66.83500000000001,133.165",#,#,"2.85,5.550000000000001",2024.0,"6.14,11.86",#,0.0,0.1,1.0,1,2.0,4956,4956,0.3333333333333333,0.0010493195208439393,0,0
1.0,#,0.0,#,"-4.69,4.69",1.0,0.0,1.0,0.0,#,#,60.0,#,#,"11.989999999999998,52.010000000000005",#,1.0,"-4.075,5.075","-15.170000000000002,17.17",#,"3.598,6.202000000000001",#,#,#,"90.786,109.214",#,#,#,#,#,0.0,#,"51.735,98.265",#,3.0,#,#,"2.855,7.145","-2.9499999999999993,18.95",0.0,1.0,1.0,1,1.0,4957,4957,0.48717948717948717,0.0005246597604219697,1,1
#,"17.11,30.89",#,2.0,#,#,2.0,5.0,4.0,4.0,#,#,#,#,"24.279999999999998,63.72","66.6875,108.3125",3.0,#,"-1.5350000000000001,19.535",#,"4.5565,10.0435",#,#,#,#,"33.352000000000004,87.048",#,#,2.0,0.0,#,#,#,2.0,#,"3.386,6.014",#,"9.03,14.97",#,0.0,0.1,1.0,1,2.0,4958,4958,0.4358974358974359,0.0010493195208439393,0,0
#,"17.11,30.89",#,2.0,"7.75,18.25",#,2.0,5.0,4.0,4.0,#,90.0,4.6,#,"24.279999999999998,63.72",#,3.0,"4.7295,9.6705",#,#,#,#,#,"1.1799999999999997,6.82","56.125,69.675","33.352000000000004,87.048",#,#,2.0,0.0,#,#,#,#,#,"3.386,6.014",#,"9.03,14.97",#,0.0,0.1,1.0,1,2.0,4958,4958,0.48717948717948717,0.0010493195208439393,0,0
#,"16.98,31.02",#,2.0,"-3.4800000000000004,5.48",#,2.0,#,7.0,#,#,40.0,4.4,"5.25,8.75","23.54,66.46000000000001","19.900000000000006,95.50774034027292",#,"2.2779999999999996,14.722000000000001",#,#,#,#,"3.413432068967365,4.6","0.8799999999999999,10.384082242412772",#,"46.357,108.44300000000001","46.38745270506393,81.224",5.0,1.0,#,0.0,"1693.5,5974.5","50.33,115.67",#,#,#,#,#,#,1.0,0.1,1.0,1,2.0,4959,4959,0.5128205128205128,0.0010493195208439393,0,0
#,#,0.0,2.0,"-3.4800000000000004,5.48",#,2.0,#,7.0,#,#,#,4.4,#,#,#,#,#,#,#,#,"4.8,12.956849995539207",#,"0.8799999999999999,7.12","69.857,87.743","46.357,108.44300000000001",#,5.0,1.0,#,0.0,"1693.5,5974.5","50.33,115.67",#,#,"2.416,3.7840000000000003",#,#,#,1.0,0.1,1.0,1,1.5,4959,4959,0.41025641025641024,0.0007869896406329544,0,0
#,"13.36,20.64",#,#,#,1.0,#,2.0,#,4.0,#,#,#,#,"18.279999999999998,57.72","45.962500000000006,89.4375",#,#,#,"0.16500000000000004,7.835","2.4635,8.1365",#,"4.55,7.45",#,#,#,#,#,5.0,1.0,0.0,#,#,1.0,#,"2.562,4.038",#,#,#,1.0,0.1,1.0,1,1.6144000000000003,4960,4960,0.358974358974359,0.0008470107172252279,0,0
#,"13.36,20.64",0.0,#,#,1.0,#,2.0,#,4.0,#,#,#,#,"18.279999999999998,57.72","45.962500000000006,89.4375",#,"-2.358,7.1579999999999995",#,#,"2.4635,8.1365",#,"4.55,7.45",#,#,#,#,#,5.0,1.0,0.0,#,#,1.0,#,"2.562,4.038",#,#,#,1.0,0.1,1.0,1,1.6144000000000003,4960,4960,0.38461538461538464,0.0008470107172252279,0,0
#,#,3.0,2.0,#,#,#,#,#,2.0,1.0,#,#,"5.699999999999999,10.3","21.279999999999998,60.72","36.275,82.525",1.0,"-1.0345,6.8345","-10.19,20.189999999999998",#,#,#,#,#,#,#,"43.393,65.607",#,#,1.0,0.0,"2615.775,4542.225",#,#,#,#,#,#,#,1.0,0.1,1.0,1,2.0,4961,4961,0.358974358974359,0.0010493195208439393,0,0
#,#,3.0,2.0,#,#,#,#,#,2.0,1.0,#,#,"5.699999999999999,10.3","21.279999999999998,60.72","36.275,82.525",1.0,"-1.0345,6.8345","-10.19,20.189999999999998","0.48999999999999977,7.51",#,#,#,"-1.3600000000000003,5.36",#,#,"43.393,65.607",#,#,#,0.0,"2615.775,4542.225",#,#,1.0,#,#,#,#,1.0,0.1,1.0,1,2.0,4961,4961,0.41025641025641024,0.0010493195208439393,0,0
#,"16.46,31.54",0.0,2.0,#,#,#,#,0.0,#,2.0,60.0,#,#,#,#,2.0,#,"-14.905000000000001,18.905","-0.73,4.73",#,#,"2.65,5.35",#,"86.54100000000001,102.259","58.846999999999994,104.153","32.12400000000001,87.276",1.0,2.0,0.0,0.0,"-2425.9,2425.9","60.875,135.125",#,1.0,"3.89,5.51",2023.0,"10.185,13.667959031371705",#,0.0,0.1,1.0,1,3.0,4962,4962,0.5897435897435898,0.0015739792812659089,0,0
#,"16.46,31.54",0.0,2.0,#,#,#,#,#,#,2.0,60.0,#,#,#,#,2.0,#,"-14.905000000000001,18.905","-0.73,4.73",#,#,"2.65,5.35",#,"86.54100000000001,102.259","58.846999999999994,104.153","32.12400000000001,87.276",1.0,2.0,0.0,0.0,"-2425.9,2425.9","109.04097522618639,135.125",#,1.0,"3.89,5.51",2023.0,"10.185,17.28950461791226",#,0.0,0.1,1.0,1,3.0,4962,4962,0.5641025641025641,0.0015739792812659089,0,0
#,"21.97,30.03",#,1.0,"0.8500000000000001,8.893053270699754",#,#,6.0,#,#,2.0,50.0,#,#,#,#,#,"-6.1795,7.1795",#,"2.14,7.859999999999999",#,#,"3.1499999999999995,8.850000000000001",#,"46.001000000000005,83.399",#,#,3.0,#,#,#,#,#,3.0,#,"2.322,4.878",#,"5.635,10.365",#,0.0,0.1,1.0,1,2.0,4963,4963,0.358974358974359,0.0010493195208439393,0,0
0.0,#,0.0,1.0,"0.8500000000000001,7.15",#,2.0,6.0,6.0,#,2.0,50.0,#,#,#,"30.4625,96.13749999999999",#,"-5.905000000000001,6.905000000000001",#,#,"0.7609999999999997,5.039",#,#,"2.0,8.0",#,"49.671499999999995,102.5285",#,#,#,#,#,"1144.4249999999997,6067.575000000001",#,3.0,2.0,"2.322,4.878",#,#,"5.6,22.4",0.0,0.1,1.0,1,2.0,4963,4963,0.48717948717948717,0.0010493195208439393,0,0
2.0,#,0.0,#,#,0.0,#,#,6.0,#,#,#,#,"3.4,8.6",#,#,#,#,"14.385,27.615000000000002","4.205,9.795","3.9189999999999996,7.081","2.55,7.45","2.6,7.4","0.3599999999999999,5.640000000000001","37.008,65.19200000000001","49.317786182354965,111.3505",#,4.0,2.0,0.0,0.0,"-963.225,963.225","30.835,97.16499999999999",2.0,#,#,#,#,#,0.0,0.1,1.0,1,2.5,4964,4964,0.5128205128205128,0.001311649401054924,0,0
2.0,#,0.0,#,#,0.0,#,#,6.0,#,2.0,#,#,"3.4,8.6",#,#,#,"-1.8090000000000006,6.609","14.385,27.615000000000002","4.205,9.795","3.9189999999999996,7.081","2.55,7.45","2.6,7.4","0.3599999999999999,5.640000000000001",#,"49.317786182354965,111.3505",#,4.0,2.0,0.0,0.0,"-963.225,963.225","30.835,97.16499999999999",2.0,#,#,#,#,#,0.0,0.1,1.0,1,2.5,4964,4964,0.5384615384615384,0.001311649401054924,0,0
1.0,#,#,2.0,#,2.0,2.0,3.0,1.0,#,1.0,#,#,#,#,"53.7,90.7",#,#,"-0.10499999999999954,14.105",#,#,#,#,"2.6799999999999997,11.32","76.21799999999999,98.982",#,#,#,#,1.0,#,#,"28.339999999999996,95.66",#,0.0,#,#,#,#,1.0,0.1,1.0,1,2.0,4965,4965,0.358974358974359,0.0010493195208439393,0,0
1.0,#,0.0,2.0,#,#,2.0,3.0,1.0,#,1.0,#,4.3,"2.55,7.45",#,"53.7,90.7",2.0,#,#,#,#,#,#,"2.6799999999999997,11.32",#,#,#,#,5.0,1.0,#,#,"28.339999999999996,95.66",#,0.0,"3.76,4.84",#,#,#,1.0,0.1,1.0,1,2.0,4965,4965,0.4358974358974359,0.0010493195208439393,0,0
#,#,#,#,#,#,#,2.0,3.0,#,#,#,4.5,"4.6,11.4",#,#,#,"-0.9005000000000005,7.7005","-6.004999999999999,18.005",#,"7.342499999999999,12.457500000000001",#,#,#,#,#,#,#,4.0,#,0.0,"-62.59999999999991,5074.6","29.845,98.155",#,#,#,#,#,"8.1,27.9",0.0,0.1,1.0,1,2.0,4966,4966,0.3076923076923077,0.0010493195208439393,0,0
#,#,#,#,#,#,2.0,2.0,3.0,#,#,#,#,#,#,#,2.0,#,#,#,"7.342499999999999,12.457500000000001",#,#,#,#,#,#,#,4.0,0.0,0.0,#,#,#,#,"3.6119999999999997,5.9879999999999995",#,#,#,0.0,0.1,1.0,1,2.0,4966,4966,0.23076923076923078,0.0010493195208439393,0,0
#,#,0.0,#,"10.55,15.45",#,2.0,2.0,#,#,2.0,75.0,4.5,#,#,"42.912499999999994,82.6875",#,"-5.2645,6.2645","-14.905000000000001,18.905","-0.7949999999999999,4.795",#,#,"-0.1499999999999999,6.15",#,"51.223000823179426,110.199","54.7325,109.2675","51.759,72.441",#,#,#,#,#,"78.695,117.305",4.0,3.0,#,#,#,#,0.0,0.1,1.0,1,2.0,4967,4967,0.46153846153846156,0.0010493195208439393,0,0
#,#,0.0,#,"10.55,15.45",#,2.0,2.0,#,#,2.0,75.0,4.5,#,#,"42.912499999999994,82.6875",#,#,"-14.905000000000001,18.905","-0.7949999999999999,4.795",#,#,"-0.1499999999999999,6.15",#,"51.223000823179426,110.199","54.7325,109.2675","51.759,72.441",4.0,#,#,#,#,#,4.0,3.0,#,#,#,#,0.0,0.1,1.0,1,2.0,4967,4967,0.4358974358974359,0.0010493195208439393,0,0
0.0,#,3.0,#,"3.8200000000000003,12.053998412775712",#,#,#,#,#,1.0,#,4.1,"-0.10000000000000009,6.1",#,#,#,#,#,"4.245,7.755",#,"1.75,6.25","3.65,8.35","-3.7800000000000002,3.7800000000000002",#,"49.9105,101.0895",#,2.0,#,0.0,0.0,#,"64.24000000000001,111.75999999999999",4.0,2.0,#,2024.0,#,#,0.0,0.1,1.0,1,2.5,4968,4968,0.46153846153846156,0.001311649401054924,0,0
#,#,#,2.0,"1.7300000000000004,10.27",#,#,5.0,4.0,#,#,90.0,4.6,"3.5,6.5",#,#,2.0,#,#,"2.425,9.575",#,"-0.30000000000000027,4.300000000000001","4.6,11.4","0.94,7.0600000000000005",#,"18.381,53.619",#,1.0,5.0,1.0,0.0,"4887.475,9382.525",#,#,1.0,"3.818,5.582",2025.0,#,"14.649999999999999,35.35",0.0,0.1,1.0,1,2.0,4969,4969,0.5641025641025641,0.0010493195208439393,0,0
0.0,#,#,2.0,"1.7300000000000004,10.27",#,0.0,5.0,#,#,#,90.0,4.6,"3.5,6.5",#,#,#,#,#,"2.425,9.575",#,"-0.30000000000000027,4.300000000000001","4.6,11.4","0.94,7.0600000000000005",#,#,#,1.0,5.0,#,0.0,"4887.475,9382.525",#,#,1.0,#,2025.0,#,"14.649999999999999,35.35",0.0,0.1,1.0,1,2.0,4969,4969,0.48717948717948717,0.0010493195208439393,0,0
#,"16.93,27.07",1.0,1.0,#,0.0,2.0,3.0,1.0,#,#,30.0,#,#,"5.41,46.59","29.712499999999995,76.8875",#,"0.3694999999999995,12.630500000000001",#,"5.885,7.610239431846853",#,#,#,#,#,"36.964,77.236",#,4.0,#,#,#,#,"66.725,111.275",#,1.0,#,2024.0,"4.14,9.86",#,0.0,0.1,1.0,1,2.4,4970,4970,0.46153846153846156,0.0012591834250127271,0,0
#,"9.07,24.93",#,2.0,#,#,2.0,#,0.0,#,2.0,#,#,"3.6999999999999997,8.3","22.89,57.11",#,#,#,"-12.985000000000001,12.985000000000001",#,"6.2284999999999995,10.971499999999999",#,#,#,#,#,#,4.0,3.0,#,1.0,"1348.725,6557.275","63.775,118.225",8.0,#,"3.902,6.098",#,"3.1399999999999997,8.86",#,0.0,0.1,1.0,1,1.3333333333333333,4971,4971,0.4358974358974359,0.0006995463472292928,0,0
1.0,"14.64,33.36",0.0,#,"-3.41,5.41",1.0,#,5.0,4.0,4.0,#,#,4.6,#,"-0.75,42.75","31.575000000000003,77.825",3.0,"-4.6240000000000006,5.6240000000000006","-13.415000000000003,19.415000000000003","4.385,13.615",#,"5.4,8.6",#,#,#,#,"55.224999999999994,74.375",#,5.0,#,#,#,"82.675,117.325",#,#,"1.704,4.296",2025.0,"1.7000000000000002,8.3",#,1.0,0.1,1.0,1,1.3333333333333333,4972,4972,0.5641025641025641,0.0006995463472292928,0,0
#,"22.58,31.42",#,#,"8.78,15.22",#,2.0,2.0,#,4.0,2.0,75.0,#,"1.1,6.9","31.82,56.18",#,#,"1.5034999999999998,14.496500000000001","18.625,55.375",#,#,"-1.5499999999999998,3.55",#,"2.5,5.5","48.021,74.579","19.43,69.77000000000001",#,#,#,#,1.0,#,"42.785,99.215",3.0,#,"5.122,5.293587295723777",#,#,#,0.0,0.1,1.0,1,1.0,4973,4973,0.48717948717948717,0.0005246597604219697,0,0
#,"22.58,31.42",3.0,#,"8.78,15.22",#,2.0,2.0,#,#,2.0,75.0,#,"1.1,6.9","31.82,56.18",#,#,"1.5034999999999998,14.496500000000001","18.625,55.375",#,#,"-1.5499999999999998,3.55",#,"2.5,5.5","48.021,74.579","19.43,69.77000000000001",#,#,#,#,1.0,#,#,3.0,#,"4.077999999999999,5.122",#,#,#,0.0,0.1,1.0,1,1.0,4973,4973,0.46153846153846156,0.0005246597604219697,0,0
#,"11.2,26.8",0.0,#,#,1.0,#,#,7.0,#,1.0,#,#,#,#,"68.5375,99.0625",4.0,"-0.35799999999999965,9.158000000000001",#,"5.245,8.755",#,"2.3,9.7",#,#,"52.024,82.376",#,#,#,3.0,1.0,#,#,#,3.0,#,#,#,"5.13,8.870000000000001",#,0,0.1,1.0,1,1.0,4974,4974,0.38461538461538464,0.0005246597604219697,0,0
#,"11.2,26.8",0.0,#,#,1.0,#,#,7.0,1.0,1.0,#,#,#,#,"68.5375,99.0625",4.0,"-0.35799999999999965,9.158000000000001",#,"5.245,8.755","7.6285,12.371500000000001","2.3,9.7",#,#,"52.024,82.376",#,#,#,3.0,1.0,#,#,#,3.0,#,#,#,#,#,1.0,0.1,1.0,1,1.0,4974,4974,0.41025641025641024,0.0005246597604219697,0,0
#,#,#,2.0,#,#,2.0,3.0,#,2.0,#,#,4.3,"3.2,9.275159920729934",#,"71.6125,103.9875",3.0,#,"-11.74,11.535",#,#,#,"2.4501955444610357,5.9",#,#,#,#,#,2.0,0.0,0.0,"-1962.1250000000002,1962.1250000000002",#,1.0,#,#,#,#,#,1.0,0.1,1.0,1,3.0,4975,4975,0.38461538461538464,0.0015739792812659089,0,0
0.0,"20.45,29.55",#,2.0,#,1.0,2.0,7.0,#,#,1.0,#,4.1,"3.55,6.45",#,#,#,#,"-7.25,17.25",#,#,#,"-0.5519502431624679,7.6",#,#,#,"45.165,79.63499999999999",7.0,#,1.0,#,"354.0750000000003,5419.924999999999",#,3.0,#,#,#,"2.645,9.355","10.5,24.009118619454327",0.0,0.1,1.0,1,1.6623999999999999,4976,4976,0.46153846153846156,0.0008721943857254823,0,0
0.0,#,#,2.0,#,1.0,2.0,7.0,#,#,1.0,#,4.1,"3.55,6.45",#,#,#,"2.3694999999999995,14.630500000000001","-7.25,17.25",#,#,#,"-0.5519502431624679,7.6",#,#,#,"45.165,79.63499999999999",7.0,5.0,1.0,#,"354.0750000000003,5419.924999999999",#,3.0,#,#,#,"2.645,9.355","10.5,24.009118619454327",0.0,0.1,1.0,1,1.6623999999999999,4976,4976,0.48717948717948717,0.0008721943857254823,0,0
0.0,#,1.0,#,#,#,2.0,#,#,#,#,#,#,"4.55,8.446547233689593",#,"26.424999999999997,91.175",#,"-3.343,4.343","-1.045,19.045","1.335,6.665",#,"3.75,6.25",#,#,#,#,#,#,#,1.0,0.0,#,"25.259999999999998,76.74000000000001",2.0,0.0,"2.746,4.654",#,"1.48,8.52","1.2000000000000002,10.8",0.0,0.1,1.0,1,1.0,4977,4977,0.4358974358974359,0.0005246597604219697,0,0
#,#,0.0,#,"-2.62,6.62",#,#,0.0,5.0,#,1.0,45.0,4.6,"0.20000000000000018,3.8","29.369999999999997,56.63","37.53750000000001,82.8625",1.0,"5.1635,10.836500000000001","-10.129999999999999,31.036203788711966","1.5299999999999998,6.470000000000001","3.1584999999999996,6.041499999999999","5.55,8.45",#,"1.088901006317422,1.7199999999999998","59.875,100.525",#,"48.699,84.70100000000001",#,0.0,#,#,"3203.3999999999996,5486.6","28.33,93.67",2.0,0.0,#,#,#,"12.899999999999999,23.1",1.0,0.1,1.0,1,1.5,4978,4978,0.6410256410256411,0.0007869896406329544,0,0
0.0,#,4.0,2.0,"0.06000000000000005,5.9399999999999995",#,2.0,#,0.0,#,#,60.0,4.7,"6.0,12.0","23.99,64.01","54.537499999999994,114.6625",1.0,"0.19099999999999984,8.609000000000002","-14.150000000000002,20.150000000000002",#,#,"4.05,7.95",#,#,"54.669000000000004,87.731","47.278499999999994,78.3215",#,1.0,3.0,1.0,0.0,"3745.0,6599.0",#,7.0,#,"2.618,4.382",2023.0,#,#,1.0,0.1,1.0,1,1.3333333333333333,4979,4979,0.6410256410256411,0.0006995463472292928,0,0
0.0,#,#,2.0,"0.06000000000000005,5.9399999999999995",#,2.0,#,0.0,#,#,60.0,4.7,"6.0,12.0","23.99,64.01","54.537499999999994,114.6625",#,"0.19099999999999984,8.609000000000002","-14.150000000000002,20.150000000000002","4.88,11.120000000000001",#,"4.05,7.95",#,#,"54.669000000000004,87.731","47.278499999999994,78.3215",#,1.0,3.0,1.0,0.0,"3745.0,6599.0","21.36,92.64",7.0,#,"2.618,4.382",2023.0,#,#,1.0,0.1,1.0,1,1.3333333333333333,4979,4979,0.6410256410256411,0.0006995463472292928,0,0
#,"11.98,26.02",#,#,"-5.04,5.04",1.0,#,#,5.0,4.0,1.0,45.0,4.6,"5.6,8.4",#,"44.825,72.575",#,#,#,"-0.22500000000000053,8.225000000000001",#,"5.15,8.85",#,"1.3199999999999998,4.68",#,"55.43449999999999,79.76549999999999",#,2.0,#,1.0,0.0,"2096.225,5877.775","78.22,121.78",3.0,#,#,2025.0,"-1.96,5.96","11.899999999999999,28.1",1,0.1,1.0,1,1.5,4980,4980,0.5897435897435898,0.0007869896406329544,0,0
#,"11.98,26.02",#,#,"-5.04,5.04",1.0,#,#,5.0,4.0,1.0,45.0,4.6,"5.6,8.4",#,"44.825,72.575",4.0,#,#,"-0.22500000000000053,8.225000000000001","4.317,10.083",#,#,"1.3199999999999998,4.68",#,"55.43449999999999,79.76549999999999",#,2.0,#,1.0,0.0,"2096.225,5877.775","78.22,121.78",3.0,#,#,2025.0,"-1.96,5.96","11.899999999999999,28.1",0.0,0.1,1.0,1,1.5,4980,4980,0.6153846153846154,0.0007869896406329544,0,0
2.0,"21.5,34.5",#,0.0,#,#,#,1.0,#,4.0,2.0,60.0,#,#,#,"-2.987499999999997,51.5875",#,#,"-8.170000000000002,24.17","0.4249999999999998,7.575",#,"1.6999999999999997,8.3",#,#,"66.608,94.792","73.1125,94.08749999999999","16.273000000000003,69.12700000000001",#,1.0,1.0,0.0,#,"33.339999999999996,100.66",#,0.0,#,2023.0,#,"3.45,14.55",0.0,0.1,1.0,1,1.0,4981,4981,0.5384615384615384,0.0005246597604219697,0,0
#,"15.64,34.36",#,2.0,#,0.0,2.0,#,4.0,#,#,#,#,#,"30.11,53.89",#,#,#,#,#,"-0.7410000000000001,6.141","3.5,6.5",#,#,#,#,"41.976,63.42400000000001",#,#,1.0,#,"4367.075000000001,9432.925",#,#,#,#,#,"3.9299999999999997,12.07",#,0.0,0.1,1.0,1,3.0,4982,4982,0.3076923076923077,0.0015739792812659089,0,0
#,"15.64,34.36",#,2.0,"8.85,15.15",0.0,2.0,#,4.0,#,#,#,4.6,#,#,"35.45,68.75",#,#,#,#,#,#,#,"3.0999999999999996,10.9",#,#,"41.976,63.42400000000001",#,#,#,#,"4367.075000000001,9432.925","32.269999999999996,85.73",#,#,"2.898,4.3020000000000005",#,#,#,0.0,0.1,1.0,1,2.0,4982,4982,0.3333333333333333,0.0010493195208439393,0,0
1.0,"21.85,36.15",0.0,0.0,#,#,1.0,#,#,#,2.0,#,#,#,#,"19.125,69.075",#,"-1.645,3.845",#,"-0.3550000000000004,8.355","0.8239999999999994,6.776","2.9,7.1","3.7,6.3","-0.6800000000000002,2.68","56.854,70.946","53.744499999999995,94.8555","35.029,63.371",1.0,#,1.0,#,#,#,#,1.0,#,#,#,#,1.0,0.1,1.0,1,2.0,4983,4983,0.48717948717948717,0.0010493195208439393,0,0
1.0,"21.85,36.15",0.0,0.0,#,#,1.0,#,#,4.0,2.0,#,#,#,#,"19.125,69.075",#,"-1.645,3.845",#,"-0.3550000000000004,8.355","0.8239999999999994,6.776","2.9,7.1","3.7,6.3","-0.6800000000000002,2.68","56.854,70.946","53.744499999999995,94.8555","35.029,63.371",1.0,#,1.0,1.0,#,#,#,1.0,#,#,#,#,1.0,0.1,1.0,1,2.0,4983,4983,0.5384615384615384,0.0010493195208439393,0,0
#,#,#,#,#,#,2.0,#,#,#,#,#,#,#,#,#,6.0,#,"-11.209999999999999,17.21",#,"2.852,9.548",#,#,#,#,#,#,#,5.0,#,#,"1109.7499999999995,6104.25",#,#,#,#,2025.0,#,"-8.95,12.95",1.0,0.1,1.0,1,2.0,4984,4984,0.20512820512820512,0.0010493195208439393,0,0
#,#,#,2.0,#,#,#,#,7.0,#,1.0,40.0,4.4,#,"10.309999999999999,45.69",#,#,#,#,"3.5149999999999997,12.485","3.582,8.8855",#,"4.75,6.9",#,#,#,"18.741000000000007,74.65899999999999",#,#,#,0.0,#,#,2.0,#,"3.762,4.455433082742662",#,"3.3699999999999997,10.63",#,1,0.1,1.0,1,2.5,4984,4984,0.358974358974359,0.001311649401054924,0,0
0.0,"19.42,36.58",#,0.0,#,1.0,#,5.0,#,#,#,90.0,#,"2.4000000000000004,9.6",#,"45.6625,111.3375",#,"-4.99,5.99","-16.905,16.905","-1.2250000000000005,7.2250000000000005",#,#,"3.45,10.55","-2.9000000000000004,4.9",#,"64.9225,102.6775","33.614000000000004,65.786",#,0.0,#,0.0,#,"53.685,90.315",0.0,#,"2.422,4.978",2023.0,#,"8.25,21.75",1.0,0.1,1.0,1,1.621348864,4985,4985,0.5641025641025641,0.0008506565065466726,0,0
#,"19.42,36.58",#,#,#,1.0,#,5.0,#,#,#,90.0,#,"2.4000000000000004,9.6",#,"45.6625,111.3375",#,"-4.99,5.99","-16.905,16.905","-1.2250000000000005,7.2250000000000005",#,"1.5999999999999999,4.4","3.45,10.55","-2.9000000000000004,4.9","45.312,60.488","64.9225,102.6775","33.614000000000004,65.786",#,0.0,#,#,#,"53.685,90.315",0.0,#,"2.422,4.978",2023.0,#,"8.25,21.75",1.0,0.1,1.0,1,1.621348864,4985,4985,0.5384615384615384,0.0008506565065466726,0,0
#,"20.97,29.03",#,#,#,#,1.0,#,4.0,4.0,#,90.0,#,"0.8999999999999999,7.1","24.75,39.25","17.7875,81.61250000000001",1.0,"-5.0815,6.0815",#,#,#,"4.2,7.8",#,#,"80.902,101.498",#,"41.38,72.02000000000001",#,3.0,#,0.0,#,"47.269999999999996,100.73",0.0,2.0,"2.7039999999999997,5.296",2024.0,#,"-0.5999999999999996,12.6",0.0,0.1,1.0,1,2.0,4986,4986,0.5384615384615384,0.0010493195208439393,0,0
#,"20.97,29.03",#,#,#,#,1.0,#,4.0,#,#,90.0,#,"0.8999999999999999,7.1","24.75,39.25","17.7875,81.61250000000001",1.0,"-5.0815,6.0815",#,#,"1.2054999999999993,7.9945","4.2,7.8",#,#,"80.902,101.498","48.161500000000004,84.2385","41.38,72.02000000000001",#,3.0,#,0.0,#,"47.269999999999996,100.73",0.0,2.0,"2.7039999999999997,5.296",2024.0,#,#,0.0,0.1,1.0,1,2.0,4986,4986,0.5384615384615384,0.0010493195208439393,0,0
#,"27.97,36.03",#,#,#,1.0,#,1.0,#,4.0,#,#,4.7,#,"16.830000000000002,59.17","61.987500000000004,88.8125",#,#,"-8.575000000000001,8.575000000000001","1.8399999999999999,10.16",#,#,"0.40583624601925095,7.35",#,"33.333999999999996,58.266",#,"47.961,73.239",#,#,#,0.0,#,"69.22,112.78",#,0.0,#,2024.0,"4.525,9.475","9.5,18.5",0.0,0.1,1.0,1,1.6666666666666667,4987,4987,0.46153846153846156,0.0008744329340366161,0,0
1.0,"27.97,36.03",0.0,2.0,#,1.0,#,1.0,#,4.0,#,#,4.7,#,#,"61.987500000000004,88.8125",#,#,"-8.575000000000001,8.575000000000001","1.8399999999999999,10.16",#,#,"0.6499999999999999,7.35",#,"33.333999999999996,58.266",#,"47.961,73.239",#,#,#,0.0,#,"69.22,112.78",#,0.0,#,2024.0,"4.525,9.475","9.5,18.5",0.0,0.1,1.0,1,1.6666666666666667,4987,4987,0.5128205128205128,0.0008744329340366161,0,0
1.0,"11.93,22.07",3.0,#,"9.5,16.5",0.0,#,0.0,#,#,#,#,#,"1.4500000000000002,8.55",#,#,#,#,#,"1.9699999999999998,10.030000000000001","6.812,9.788","4.95,11.05",#,#,#,#,"42.524,97.67599999999999",#,#,#,#,"2607.55,6460.45",#,#,#,#,#,"10.185,13.815","-4.75,8.75",1.0,1.0,1.0,1,1.0,4988,4988,0.358974358974359,0.0005246597604219697,1,1
#,"10.11,23.89",#,0.0,#,2.0,#,4.0,#,1.0,1.0,#,4.4,#,"5.98,28.02",#,#,"-3.0155000000000003,7.415500000000001","20.955,41.045","1.685,8.315","1.2309999999999994,7.369",#,#,"-2.96,4.96","64.66300000000001,90.137",#,#,#,#,#,#,"1852.9750000000001,4921.025",#,1.0,#,#,2024.0,"8.46,11.54",#,0.0,0.1,1.0,1,1.5,4989,4989,0.46153846153846156,0.0007869896406329544,0,0
#,"10.11,23.89",#,0.0,#,2.0,#,4.0,#,1.0,1.0,#,#,#,#,#,#,"-3.0155000000000003,7.415500000000001","20.955,41.045","1.685,8.315","1.2309999999999994,7.369",#,#,"-2.96,4.96","64.66300000000001,90.137",#,#,#,#,#,#,"1852.9750000000001,4921.025",#,1.0,#,#,2024.0,"8.46,11.54",#,0.0,0.1,1.0,1,1.5,4989,4989,0.41025641025641024,0.0007869896406329544,0,0
1.0,#,0.0,#,"-0.71,6.71",1.0,2.0,3.0,#,2.0,1.0,30.0,#,"1.1,4.9",#,#,1.0,"-6.271,7.271","-8.7,20.7",#,"6.651999999999999,13.348",#,#,#,"77.182,108.61800000000001","42.2325,96.7675","52.399,88.40100000000001",2.0,2.0,#,#,"-2033.4750000000001,2033.4750000000001",#,5.0,1.0,"2.492,4.508",2024.0,#,#,1.0,1.0,1.0,1,2.0,4990,4990,0.6153846153846154,0.0010493195208439393,1,1
#,#,0.0,0.0,"2.5199999999999996,11.48",0.0,1.0,2.0,3.0,4.0,2.0,#,4.5,"0.8999999999999999,5.1",#,#,2.0,#,"3.424999999999999,20.575000000000003","0.48999999999999977,7.51",#,#,"2.65,7.35",#,"54.473,74.527","34.5105,85.68950000000001","40.816,77.584",#,3.0,1.0,0.0,"5107.4,7390.6",#,2.0,#,"3.758,6.242",2025.0,"5.25,10.75",#,1.0,0.1,1.0,1,2.0,4991,4991,0.6666666666666666,0.0010493195208439393,0,0
#,#,0.0,0.0,"2.5199999999999996,11.48",0.0,1.0,2.0,3.0,4.0,2.0,#,4.5,"0.8999999999999999,5.1",#,#,2.0,#,"3.424999999999999,20.575000000000003","0.48999999999999977,7.51",#,#,"2.65,7.35",#,"54.473,74.527","34.5105,85.68950000000001","40.816,77.584",#,3.0,1.0,0.0,"5107.4,7390.6","-21.215000000000003,35.215",2.0,#,"3.758,6.242",2025.0,#,#,1.0,0.1,1.0,1,2.0,4991,4991,0.6666666666666666,0.0010493195208439393,0,0
1.0,#,#,1.0,#,#,2.0,#,#,#,1.0,25.0,4.1,#,#,#,1.0,"0.7504999999999988,10.4495","-2.575000000000001,14.575000000000001",#,#,"4.65,7.35",#,#,"59.379000000000005,87.021","38.425,80.375",#,5.0,#,#,#,"2150.375,4647.625",#,2.0,1.0,#,#,"5.3149999999999995,12.685",#,0.0,0.1,1.0,1,1.5,4992,4992,0.4358974358974359,0.0007869896406329544,0,0
1.0,#,#,1.0,#,#,2.0,#,#,#,1.0,25.0,4.1,#,#,#,1.0,"0.7504999999999988,10.4495","-2.575000000000001,14.575000000000001",#,#,"4.65,7.35",#,"0.3599999999999999,5.640000000000001","59.379000000000005,87.021","38.425,80.375",#,5.0,5.0,#,#,"2150.375,4647.625",#,2.0,1.0,#,#,"5.3149999999999995,12.685",#,0.0,0.1,1.0,1,1.5,4992,4992,0.48717948717948717,0.0007869896406329544,0,0
0.0,#,0.0,2.0,"-1.3599999999999999,5.359999999999999",1.0,0.0,5.0,#,#,0.0,90.0,#,"1.0500000000000003,6.949999999999999",#,"61.175000000000004,129.625",#,#,#,#,"2.0704999999999996,7.929500000000001",#,"2.4,5.6",#,#,"41.191,93.209",#,5.0,#,1.0,1.0,"4015.872371397361,7392.375","73.635,100.365",#,#,"2.622,5.178",2025.0,#,#,1.0,0.1,1.0,1,3.0,4994,4994,0.5384615384615384,0.0015739792812659089,0,0
0.0,"20.45,29.55",0.0,#,#,1.0,0.0,5.0,4.0,#,0.0,90.0,#,"0.7999999999999998,7.2",#,#,#,#,#,"3.9699999999999998,12.030000000000001","2.0704999999999996,7.929500000000001",#,"2.4,5.6","-0.7600000000000002,4.76",#,"52.5175,81.88250000000001",#,5.0,#,1.0,1.0,#,"73.635,100.365",#,#,"2.622,5.178",2025.0,"0.19499999999999984,5.805",#,1.0,0.1,1.0,1,3.0,4994,4994,0.5641025641025641,0.0015739792812659089,0,0
1.0,#,#,0.0,"-0.5700000000000003,6.57",1.0,2.0,3.0,#,2.0,#,#,4.3,#,"-6.600000000000001,16.6","13.6125,45.9875",#,"-4.258,5.258",#,"-0.875,8.875","2.8819999999999997,7.718",#,#,"2.96,7.04",#,#,"2.205000000000002,51.995000000000005",#,2.0,0.0,0.0,#,#,1.0,1.0,"1.7239999999999998,2.876",#,#,#,0.0,0.1,1.0,1,2.0,4995,4995,0.5384615384615384,0.0010493195208439393,0,0
1.0,#,#,#,#,1.0,2.0,3.0,#,2.0,#,30.0,4.3,#,#,"13.6125,45.9875",#,"-1.4865716263802584,5.258",#,#,#,#,"4.95,11.05",#,"58.211,90.18900000000001",#,#,#,#,0.0,0.0,"-1462.6750000000002,1462.6750000000002",#,1.0,1.0,#,#,#,#,0.0,0.1,1.0,1,2.0,4995,4995,0.41025641025641024,0.0010493195208439393,0,0
1.0,#,#,#,"-1.4299999999999997,5.43",#,2.0,4.0,7.0,1.0,1.0,#,4.4,"1.75,8.25",#,"36.3,102.89999999999999",#,"-4.349500000000001,5.349500000000001","-6.515000000000001,16.515",#,"5.874999999999999,10.524999999999999",#,#,"4.5600000000000005,13.44",#,"56.14699999999999,101.453",#,#,5.0,#,#,"1629.1750000000002,5838.825",#,#,0.0,"3.852,5.148",2024.0,#,#,0.0,0.1,1.0,1,1.0,4996,4996,0.5128205128205128,0.0005246597604219697,0,0
1.0,#,#,#,"-1.4299999999999997,5.43",#,2.0,#,7.0,1.0,1.0,#,4.4,"1.75,8.25",#,"36.3,102.89999999999999",#,"-4.349500000000001,5.349500000000001","-6.515000000000001,16.515",#,"5.874999999999999,10.524999999999999","4.45,9.55",#,"4.5600000000000005,13.44",#,"56.14699999999999,101.453",#,#,5.0,#,#,"1629.1750000000002,5838.825",#,#,0.0,"3.852,5.148",2024.0,#,#,0.0,0.1,1.0,1,1.0,4996,4996,0.5128205128205128,0.0005246597604219697,0,0
0.0,#,0.0,#,#,#,#,#,#,#,2.0,#,#,"4.75,9.25","11.440000000000001,48.56","72.025,99.775",1.0,"6.3100000000000005,17.29",#,"4.125,13.875","3.6424999999999996,8.7575","4.4,9.6",#,#,"90.115,109.085","50.07849999999999,81.1215",#,5.0,5.0,1.0,0.0,#,#,5.0,#,#,2023.0,#,"18.05,27.95",1.0,0.1,1.0,1,2.25,4997,4997,0.5128205128205128,0.0011804844609494317,0,0
#,"14.8,25.2",0.0,#,#,#,2.0,#,#,#,#,45.0,#,"3.2,6.8",#,"67.55,93.45",3.0,#,"-9.31,9.31",#,#,#,#,#,#,#,"37.722,88.27799999999999",3.0,#,1.0,0.0,#,#,#,0.0,#,2023.0,"9.305,14.695",#,1.0,0.1,1.0,1,1.0,4998,4998,0.38461538461538464,0.0005246597604219697,0,0
0.0,#,#,0.0,"5.22,12.780000000000001",#,#,3.0,1.0,#,1.0,#,4.3,#,"30.88,47.120000000000005","22.825000000000003,87.575",4.0,#,#,#,"6.332999999999999,9.866999999999999",#,#,#,#,#,#,2.0,2.0,#,1.0,"-1498.35,1498.35",#,3.0,#,#,#,#,#,0.0,0.1,1.0,1,1.5,4999,4999,0.41025641025641024,0.0007869896406329544,0,0
#,#,#,0.0,"5.22,12.780000000000001",#,#,3.0,1.0,#,1.0,#,4.3,#,"30.88,47.120000000000005","22.825000000000003,87.575",4.0,#,#,#,"6.332999999999999,9.866999999999999",#,#,#,#,#,#,2.0,#,0.0,1.0,"1486.9075224800067,1498.35",#,3.0,#,#,#,#,"-3.9499999999999993,17.95",0.0,0.1,1.0,1,1.5,4999,4999,0.41025641025641024,0.0007869896406329544,0,0
