Education_Level,Internet_Connection_Quality,Payment_Mode,Fee_Paid,PC1,PC2,PC3,PC4,PC5,PC6,PC7,PC8,PC9,PC10,PC11,PC12,PC13,Completed,Fitness,Accuracy,Numerosity,Avg Match Set Size,TimeStamp GA,Iteration Initialized,Specificity,Deletion Probability,Correct Count,Match Count
#,#,#,1.0,"-1.5980424934057988,5.479626506800557",#,"-3.5876632977848537,2.0523625625334576",#,"-2.5306036605078535,3.7110683449066535",#,#,#,#,#,#,#,"-2.426958979377931,4.691368957973593",1.0,0.055686421692490475,0.5612416107382551,1,103.57279986053156,23681,12852,0.29411764705882354,0.0018462369918357186,2676,4768
#,#,#,#,"-5.624852647846181,-1.3747021433522688","-2.723377983582085,3.636971016451771",#,"-4.035552354760769,5.5902655748352865","-0.926014497661173,1.342282415784825","-2.61089833906665,0.8737186427625325","-2.6485583273880935,4.287861442561566",#,#,"-0.21556322380918935,3.910248515300072",#,#,"-3.1708268233487207,2.1838220673683697",0,0.12286725411668406,0.657487091222031,1,109.55011560984595,23696,14073,0.47058823529411764,0.0019240425321955072,382,581
0.0,#,#,0.0,"-5.624852647846181,-1.0862229126721092",#,#,#,"-4.259648143477035,2.961732858311807",#,"-1.7478682340558436,3.839412402632383","-1.3985056746166085,3.3734010272291006",#,#,#,#,#,0.0,0.16626797949272654,0.6984924623115578,2,116.74359537360209,23696,14822,0.35294117647058826,0.004162026026695832,278,398
#,#,#,0.0,#,"-0.7912198065455462,4.240289409728807","-5.189549188409084,0.39344022250775046",#,"-4.259648143477035,2.961732858311807",#,#,"-3.9722197933538577,3.7070228631488567",#,#,#,"-1.3488431791710644,2.9834540346786813",#,0.0,0.06009549732624612,0.5698602794411177,1,100.35966788353353,23696,15400,0.35294117647058826,0.001719262119448401,571,1002
#,#,#,0.0,"1.6976736073740941,5.570264828750038","-2.0626312098015807,2.5469871401109954",#,"-1.8446065430010368,3.3710543257334145",#,"-1.474432310693287,3.432477316780461","-3.6661913403716664,0.8369900683024272",#,#,#,#,#,#,1.0,0.06966740954451933,0.5869565217391305,1,96.67461539088946,23577,16334,0.35294117647058826,0.0017232734013804113,135,230
#,#,#,#,"-5.624852647846181,-1.0862229126721092",#,"-3.761110505428639,0.5522139120353733",#,"-4.259648143477035,2.961732858311807","-3.787903941262922,0.9056617893641412","-2.953376110608775,3.1342580159321276",#,#,"-5.860976836306051,1.721834654382706","-2.0584919909808574,1.0828242542197406",#,"-3.1708268233487207,1.1223486294471228",0,0.13027430263274767,0.6652298850574713,1,117.33464236660768,23684,17315,0.47058823529411764,0.0020915487217952073,463,696
#,#,#,#,"-0.12933495542262285,5.570264828750038",#,#,"-2.3785513537959035,3.3710543257334145","-5.286373759608704,2.885432090833779",#,"-2.1709445395853675,2.248844620779946","-1.6365820592756926,1.904664787342221",#,"-3.6958400278393437,2.553538369516139",#,#,#,1.0,0.07147261089684141,0.5899672846237731,2,105.34350868958066,23681,17320,0.35294117647058826,0.003755601525774435,1623,2751
#,2.0,#,1.0,"-1.2481805622175992,5.479626506800557","-1.9558743060069932,4.205713787775805",#,#,#,#,"-1.29539838091612,1.6879591404335212",#,#,#,"-0.6133643154206216,4.123785803421335","-2.307760346754361,3.5522237745847463","-0.7625403769670744,4.6805927863990835",1,0.06350101473338814,0.5761772853185596,1,101.88282828406831,23670,17344,0.47058823529411764,0.0018161124027175446,416,722
#,#,2.0,0.0,"-6.134728450973855,1.9741759247721806",#,#,#,#,#,"-2.953376110608775,3.9724181597451214","-3.6725948918630613,0.5605481500968419",#,#,#,"-0.9136095844571218,3.0331639983369594","-2.2384725312787928,2.668013700487885",0.0,0.1335162042516784,0.6685082872928176,2,106.87550103200965,23684,17444,0.4117647058823529,0.003810218586192038,363,543
#,#,#,#,"1.9706977691114254,5.479626506800557","-4.3168070187389604,0.9503569969140768","-2.0882623823694697,2.0523625625334576",#,"-2.5306036605078535,3.948463301942218",#,#,#,#,#,"-0.6133643154206216,4.123785803421335",#,#,1,0.12446069205316465,0.6591836734693878,1,122.31849032511165,23681,17615,0.29411764705882354,0.002180388305885483,323,490
#,#,#,1.0,#,#,#,#,#,#,#,"-2.4397334638293087,2.640038186522575",#,#,#,#,#,1.0,0.035818045892566784,0.5138310893512852,1,91.9592002362757,23681,17843,0.11764705882352941,0.0016392187663600813,2099,4085
#,#,0.0,#,"-6.134728450973855,-1.0862229126721092","-3.6793184901160476,4.240289409728807",#,"-4.035552354760769,0.3212880914003109","-4.59706778904924,1.7216405875159968",#,#,#,"-1.7905539973196292,2.526768402546628","-5.860976836306051,3.161341839886774",#,"-4.008101588660684,1.4256271202356074","-2.149009444166534,2.987468329714207",0,0.10929741719201917,0.6422764227642277,1,103.87626233654069,23675,17864,0.5294117647058824,0.0018516463623422274,79,123
#,#,2.0,0.0,"-6.134728450973855,1.9741759247721806",#,"-5.4659725202505545,0.19526577767096187",#,#,#,"-2.953376110608775,3.9724181597451214","-3.6725948918630613,0.5605481500968419",#,#,#,"-0.9136095844571218,3.0331639983369594","-2.2384725312787928,2.668013700487885",0.0,0.13239983443877404,0.6673866090712743,2,106.87844687858514,23684,18081,0.47058823529411764,0.0038103236085710265,309,463
3.0,#,#,0.0,"-5.624852647846181,1.9741759247721806",#,"-5.189549188409084,-0.3370592187620698",#,"-3.181604224799827,1.0308680262436642",#,#,#,#,#,#,#,#,0,0.12014316160719275,0.6545454545454545,1,99.91733849952152,23629,18112,0.29411764705882354,0.0017094061911491934,108,165
#,#,#,#,"0.544946968371216,5.184182783317753",#,"-2.0882623823694697,4.208514537677283",#,#,"-1.05099641803882,4.211486370846068","-3.5445472092572516,3.889045254173272",#,"-0.5472490342013983,2.9991229371173134",#,#,#,#,1.0,0.07646078114046577,0.5979814970563498,1,120.60276288395677,23681,18206,0.29411764705882354,0.0021498046055893312,711,1189
#,#,#,#,"1.6976736073740941,5.570264828750038",#,#,#,"-3.1774177891885778,4.416717999366027","-1.05099641803882,4.211486370846068","-2.348025335646114,1.6750277218679732",#,#,#,#,#,#,1.0,0.12458606947784777,0.659316427783903,1,134.39154854633207,23681,18382,0.23529411764705882,0.0023955966107938975,598,907
#,#,#,#,"-6.134728450973855,-1.0862229126721092","-0.7799778507361115,4.240289409728807",#,#,#,"-3.857439499228798,0.907240863680493","1.7597906553310976,3.9724181597451214",#,#,"-5.860976836306051,1.721834654382706",#,#,#,0,0.08648873310982921,0.6129032258064516,1,109.1093080833285,23359,18438,0.29411764705882354,0.001944928021722857,19,31
#,#,#,#,#,#,"0.49553746307555446,5.168305581994902","-3.656758333905627,0.3212880914003109",#,#,#,#,#,#,"-7.190227074484854,1.411132476831403",#,"-2.547242500623269,1.5926052574298657",0,0.0324973490814277,0.5039292730844793,1,107.21541774055,23675,18510,0.23529411764705882,0.00191116847854138,513,1018
#,#,#,#,#,#,"-4.481605647422857,1.9883809787731623","-3.656758333905627,0.3212880914003109",#,#,#,#,#,#,"-0.8033393247047359,2.644446798076408","-3.827286687113123,3.0331639983369594","-2.547242500623269,1.5926052574298657",0,0.042698792867731,0.5322101090188305,1,107.6888613735261,23696,18567,0.29411764705882354,0.0018825702968821346,1074,2018
#,#,2.0,#,"-5.624852647846181,-1.0862229126721092",#,"-5.189549188409084,-0.3370592187620698","-1.5905728652229136,3.3710543257334145","-4.259648143477035,2.961732858311807",#,#,"-3.9722197933538577,3.7070228631488567",#,#,#,#,#,0.0,0.256404618425724,0.7617021276595745,2,136.62282455605106,23696,18675,0.35294117647058826,0.004870740444675052,179,235
#,#,#,#,#,#,"-5.676920138351705,2.0523625625334576",#,#,#,#,#,"-0.6152411347427831,2.6998457080116642",#,"-2.7317538190213186,3.014556385613921",#,#,0,0.03807359221898119,0.5201454104816722,1,102.97347774883468,23696,18758,0.17647058823529413,0.001835553775256367,1717,3301
#,#,#,#,"-5.624852647846181,1.3141917992500596",#,"-3.761110505428639,0.5522139120353733",#,#,#,#,#,"-2.9558636213014786,2.286599292821834",#,#,"-3.827286687113123,3.0331639983369594","-1.5440544046698874,2.0591464217837667",0.0,0.06672187546384337,0.5819070904645477,1,104.32396426352992,23696,18762,0.29411764705882354,0.0018075940781432198,1190,2045
#,#,#,0.0,#,#,#,#,#,"-3.787903941262922,0.9056617893641412","-2.953376110608775,3.9724181597451214",#,#,#,#,#,"-1.4594195090370365,2.1838220673683697",0,0.06295555356017261,0.5751840168243953,1,101.16535864506832,23696,18834,0.23529411764705882,0.001737214420751553,547,951
#,#,#,#,"-0.12933495542262285,8.102143953702727",#,"-2.0882623823694697,4.715732586655026",#,#,#,"-3.282412916950521,2.989332734639933",#,#,#,"-0.6133643154206216,4.123785803421335","-2.307760346754361,2.6853957641233124",#,1,0.08794736202323034,0.6149567367119901,1,111.13658299705087,23681,18923,0.29411764705882354,0.0019810652116354095,995,1618
#,#,#,#,"-6.134728450973855,-1.0862229126721092",#,#,"-4.035552354760769,5.5902655748352865",#,#,"-0.8295705166565291,1.8389814292244147","-2.123159607410553,2.4178483830555244","-2.0522482440711998,1.9386222077252662",#,#,#,"-2.547242500623269,1.6179227838180896",0,0.09619319819713106,0.62607861936721,1,114.37225659983358,23696,18990,0.35294117647058826,0.0020314888777557168,653,1043
#,#,#,#,#,#,#,"-1.5905728652229136,3.3710543257334145","-4.259648143477035,4.635818728381187","-2.728208547390442,2.085577423638588","-2.953376110608775,3.9724181597451214",#,#,#,#,#,"-2.2384725312787928,2.668013700487885",0,0.030614686444481065,0.4979502596337797,1,100.50665666603149,23696,18999,0.29411764705882354,0.0017915814549034923,1822,3659
#,#,#,#,#,"-4.63950623604894,2.5158863889891476",#,#,#,#,#,#,"-1.8904153050972081,1.5788616233667485",#,"-10.781009300463188,4.030929120855849",#,"-1.9060097303617174,3.077140348776315",1,0.03002526377695875,0.4960179193628671,1,104.44028618677355,23681,19003,0.23529411764705882,0.00181018594876397,1993,4018
#,#,#,#,#,"-4.492553396918621,0.7856877113096128",#,#,#,#,#,#,#,#,#,#,"-2.547242500623269,1.938755065171469",0.0,0.032899806471357394,0.5051712992889463,1,103.72904421649811,23696,19020,0.11764705882352941,0.0017943381436761855,1563,3094
#,#,#,1.0,"-5.624852647846181,-0.6312870654637839","-1.6891558042427586,4.4724322895400395",#,"-3.656758333905627,0.3212880914003109","-2.446767130735399,0.36154770329359565",#,#,"-1.3727487872030266,3.7070228631488567",#,#,#,"-3.827286687113123,3.0331639983369594","-2.547242500623269,1.5926052574298657",0,0.10289410658007583,0.6345679012345679,2,109.59785218115682,23650,19024,0.47058823529411764,0.003907273129529478,257,405
#,#,#,1.0,"-9.44464369419052,-3.45551279533475","-5.393685083141994,4.4724322895400395","-2.2164055178317823,0.5692831684470595",#,#,#,#,"-2.5392565967568586,3.7070228631488567",#,#,#,#,"-2.426958979377931,1.5926052574298657",0.0,0.2588642078729486,0.7631578947368421,1,110.30138193337969,23650,19196,0.35294117647058826,0.0019661773346885017,29,38
1.0,2.0,#,#,"-6.134728450973855,1.9741759247721806",#,"-5.189549188409084,-0.3370592187620698",#,"-2.738644111537203,1.0308680262436642",#,#,#,#,#,#,"-3.827286687113123,3.0331639983369594",#,0,0.11263663532574009,0.6461538461538462,2,105.0968938954073,23452,19242,0.35294117647058826,0.00374680946151915,42,65
#,#,#,0.0,#,#,#,#,"-3.181604224799827,1.5741250978644667",#,#,"-1.3727487872030266,3.7070228631488567",#,#,#,"-3.827286687113123,3.0331639983369594","-3.1708268233487207,3.6770582648437045",0,0.060617092017515944,0.5708460754332314,1,100.45185657427068,23696,19242,0.29411764705882354,0.001721316256385138,560,981
#,#,5.0,1.0,"-1.5980424934057988,5.479626506800557",#,"-3.5876632977848537,2.0523625625334576",#,"-2.5306036605078535,3.7110683449066535",#,"-3.5625209878651045,2.1081518971319015",#,#,#,#,#,"-2.426958979377931,4.691368957973593",1.0,0.05612137105527676,0.5621156211562116,1,114.53525029959262,23670,19263,0.4117647058823529,0.0020416481572093875,457,813
#,0.0,#,1.0,"1.6976736073740941,5.479626506800557",#,"-3.1595711085688913,2.0523625625334576",#,#,#,#,"-3.7753060666483416,2.2263435061340595","-2.2340108676230583,2.9664860195929936",#,#,"-2.132313090857858,3.1545580853655597",#,1.0,0.19458555217652362,0.7208121827411168,1,129.9501308009842,23615,19271,0.4117647058823529,0.0023164261167192115,142,197
#,#,#,1.0,#,#,#,#,#,#,"-2.0296461356062716,0.722298058583452","-3.315225566977086,2.640038186522575","-2.2340108676230583,3.091576543057001",#,#,#,#,1,0.037433880979393555,0.5183856502242152,2,98.92200063699818,23681,19288,0.23529411764705882,0.0035266683362495175,1156,2230
#,#,#,0.0,"-9.885442791393881,-1.0862229126721092",#,#,#,#,#,#,"-1.3985056746166085,3.3734010272291006",#,#,#,#,#,0,0.18191655179739008,0.7111716621253406,1,115.57708243613428,23696,19306,0.17647058823529413,0.0020583346571337612,261,367
#,#,#,#,#,#,#,#,"-3.1774177891885778,4.435915159046242","-2.1665447028988423,4.211486370846068",#,#,#,"-4.09163748477051,1.3094251555179761","-1.6342397421592758,2.8095734827586427","-2.7839040368031824,3.5522237745847463",#,1.0,0.030388221949641348,0.49721137757947576,1,107.24242239177673,23681,19339,0.29411764705882354,0.001872622799037466,1783,3586
#,#,#,#,#,"-4.922731231399637,0.7856877113096128",#,#,#,#,#,"-1.3727487872030266,3.7070228631488567",#,#,"-3.952090380828154,0.7652466366944775","-3.827286687113123,3.0331639983369594",#,0,0.03560990453936486,0.5132325141776938,1,91.74513795260597,23690,19408,0.23529411764705882,0.0016354029990234826,1086,2116
#,#,#,#,"1.9706977691114254,5.479626506800557","-4.3168070187389604,0.9503569969140768","-2.0882623823694697,2.0523625625334576",#,#,#,"-1.236435246952216,1.2653322023111688",#,#,"0.017902947324412555,2.0433014374325955","-2.251040950323155,4.123785803421335",#,#,1.0,0.20515338602487748,0.7284768211920529,2,103.34362756450507,23681,19461,0.35294117647058826,0.0036843037619337265,110,151
#,#,#,#,"-6.134728450973855,-1.0862229126721092",#,"-4.155257366998901,4.061249838545167",#,#,#,"-2.6691296243441602,4.287861442561566",#,#,#,#,#,#,0.0,0.10284143760770555,0.6345029239766082,3,108.99583120497364,23696,19469,0.17647058823529413,0.005735076108153353,868,1368
#,#,#,#,"-5.624852647846181,-1.3747021433522688",#,#,"-4.035552354760769,5.5902655748352865","-0.926014497661173,1.342282415784825","-2.61089833906665,0.8737186427625325","-2.6485583273880935,4.287861442561566",#,#,"-0.21556322380918935,3.910248515300072","-1.0748647181317694,3.445565976181286",#,"-3.1708268233487207,2.1838220673683697",0,0.13625928306278232,0.6712328767123288,1,110.92264985490286,23696,19476,0.47058823529411764,0.0019546251694709024,147,219
#,#,#,#,#,"-1.5302907854001266,3.938480994931429",#,"-3.322000562308117,3.0428737181813834","-2.4703784908880033,4.416717999366027","-1.05099641803882,2.8123217728277714",#,#,#,#,"-1.0732892253892783,4.78007649310992",#,#,1.0,0.03216285992149567,0.5028876055086628,1,102.23903981108886,23681,19480,0.29411764705882354,0.0017611380509036498,1132,2251
#,#,#,1.0,"1.6976736073740941,5.479626506800557",#,"-3.1595711085688913,2.0523625625334576",#,"-0.5165077147671431,2.5926979943363864",#,#,#,"-2.2340108676230583,2.9664860195929936",#,#,"-1.3352675537990584,3.1545580853655597",#,1.0,0.18230537464103816,0.7114754098360656,1,135.5201653635197,23681,19676,0.35294117647058826,0.0024157147703908724,217,305
#,#,2.0,#,"0.544946968371216,5.570264828750038","-3.977982010601492,2.5469871401109954",#,"-1.5542917975496493,1.1861401843277746",#,"-1.474432310693287,3.432477316780461","-1.236435246952216,1.2653322023111688",#,"-1.8590013429727454,3.537651656860077",#,#,#,#,1,0.06906475391588174,0.5859375,1,108.10899788984636,23611,19729,0.4117647058823529,0.0019270969919061105,75,128
1.0,2.0,#,#,#,"-3.080724708161187,4.0746679168769",#,"-0.6207586975276775,3.3572877277782602","-4.59706778904924,1.7216405875159968",#,#,"-0.64651586075499,2.4321336243067577","-3.7376773003301422,1.0422153566646428",#,#,#,#,0,0.05359545052654719,0.5569620253164557,1,123.87655208671313,23636,19741,0.4117647058823529,0.0022081615365378052,44,79
#,#,#,0.0,"-5.624852647846181,-1.0862229126721092",#,#,"-1.5905728652229136,3.3710543257334145","-1.826461742737512,2.961732858311807",#,#,#,#,#,#,#,"0.37533090674952607,5.281817138516204",0.0,0.1762272365563786,0.7066666666666667,1,127.19436054090733,23696,19749,0.29411764705882354,0.0022673031326731516,53,75
#,#,#,1.0,"1.6976736073740941,5.570264828750038","-1.5302907854001266,3.938480994931429","-3.1595711085688913,2.0523625625334576",#,"-2.4703784908880033,0.9123659172552276","-1.05099641803882,2.8123217728277714",#,"-3.7753060666483416,2.2263435061340595",#,#,#,#,"-2.5646131586196312,1.8052261415475672",1.0,0.16251751946401782,0.6953125,2,127.94323511060732,23652,19781,0.47058823529411764,0.004561304393323667,178,256
#,#,#,#,#,#,"-3.7018626464386384,-0.5592885937692427",#,#,#,#,#,#,#,"-3.411821993365887,4.123785803421335",#,#,1.0,0.019550123950366226,0.45522898154477104,1,108.99467044018226,23678,19786,0.11764705882352941,0.0019116661720344607,666,1463
#,#,#,1.0,"-1.2481805622175992,5.479626506800557","-2.8623341853385376,3.199873455318731",#,#,#,#,#,#,#,"-3.6958400278393437,2.553538369516139",#,#,#,1.0,0.05921567183105044,0.5681818181818182,2,95.99811984280488,23681,19818,0.23529411764705882,0.0034224290593500477,1050,1848
#,0.0,#,#,"0.544946968371216,5.479626506800557",#,"-2.0882623823694697,2.0523625625334576",#,#,#,#,#,#,#,#,#,#,1.0,0.08034602766758207,0.6039387308533917,1,102.0950590439893,23622,19881,0.17647058823529413,0.0018198955222267126,276,457
#,#,#,1.0,"1.6976736073740941,5.479626506800557",#,"-3.1595711085688913,2.0523625625334576",#,#,#,#,"-3.7753060666483416,2.2263435061340595","-2.9142814922654656,2.9664860195929936",#,#,"-2.132313090857858,3.1545580853655597",#,1.0,0.1427242395349472,0.6774847870182555,1,129.81479820776474,23681,19900,0.35294117647058826,0.0023140137455161616,334,493
#,#,#,0.0,#,"-9.414327107323547,4.240289409728807",#,"-3.656758333905627,0.3212880914003109",#,#,#,#,#,#,#,#,#,0,0.06834297274089082,0.5847076461769115,1,103.15113956027787,23696,19917,0.17647058823529413,0.0017814613440301319,390,667
#,#,#,1.0,"-0.12933495542262285,5.570264828750038",#,#,#,#,#,#,"-3.483047047234185,0.05739986058682511",#,#,#,#,"-0.6553135096097149,2.3319168194031503",1.0,0.07525182512001129,0.596078431372549,1,105.9120217389954,23615,20078,0.23529411764705882,0.001887934792512604,304,510
#,#,#,#,"-6.134728450973855,-1.0862229126721092",#,#,#,#,#,"-2.953376110608775,3.1342580159321276",#,#,"-5.860976836306051,1.721834654382706",#,#,#,0,0.09337381826816417,0.6223648029330889,1,112.66814396281484,23696,20150,0.17647058823529413,0.001993518052006156,679,1091
#,0.0,#,#,#,#,#,#,"-2.738644111537203,1.5741250978644667",#,#,#,#,#,#,"-3.827286687113123,3.0331639983369594",#,0,0.03306990830730588,0.5056925996204934,1,103.40783825521235,23650,20191,0.17647058823529413,0.0018432964686637754,533,1054
#,#,5.0,#,"1.6976736073740941,5.570264828750038","-1.5302907854001266,3.938480994931429",#,"-3.322000562308117,3.0428737181813834","-3.4356831955181137,3.484806931196194",#,#,"-3.7753060666483416,3.4487067602116763","-2.2340108676230583,2.9664860195929936",#,#,"-2.132313090857858,3.1545580853655597",#,1.0,0.19731908358499253,0.7228260869565217,1,142.53514364130507,23670,20204,0.47058823529411764,0.0025407602689272763,133,184
#,#,#,1.0,#,#,"-2.391574494492658,2.588402129029714",#,#,#,#,#,#,#,"-2.532330511272722,2.601039938201426",#,#,1.0,0.03365058043780485,0.5074561403508772,1,94.1248867818367,23681,20252,0.17647058823529413,0.0016778232128800143,1157,2280
#,#,#,#,"0.544946968371216,5.570264828750038","-2.0626312098015807,2.246166433369975",#,#,"-6.155251528001267,3.948463301942218",#,"-3.282412916950521,0.3143491987519951","-3.315225566977086,2.640038186522575","-1.5341260282282745,3.091576543057001",#,#,#,"-2.607002726977634,2.556191099760101",1.0,0.09786673371720164,0.6282420749279539,1,112.7626726590712,23681,20278,0.4117647058823529,0.0020100510736581235,436,694
#,#,#,#,"-0.12933495542262285,5.479626506800557",#,#,#,#,#,#,#,"-0.9665872400754184,1.2691690027124645","-3.110054536009316,0.11558009638519695",#,#,"-2.607002726977634,2.556191099760101",1.0,0.08270420230511263,0.6074429771908764,1,108.65535492729586,23670,20328,0.23529411764705882,0.001936836079529959,506,833
#,#,#,0.0,"-9.885442791393881,-1.0862229126721092",#,#,#,"0.023386706723661277,2.961732858311807","-3.787903941262922,0.9056617893641412",#,"-1.3985056746166085,3.3734010272291006",#,"-5.860976836306051,1.721834654382706",#,"-2.017245028786628,3.049339848427482",#,0,0.27214629954271363,0.7708333333333334,1,126.41499938883848,23684,20332,0.4117647058823529,0.002299823774202505,74,96
#,#,#,#,"-0.12933495542262285,5.479626506800557",#,#,#,#,#,"-1.7025854624068257,2.717203697958488",#,"-0.9665872400754184,2.7042908703672426",#,"-0.6133643154206216,4.2360903807471235",#,"-2.607002726977634,2.556191099760101",1.0,0.09417634628586562,0.6234309623430963,1,111.0850329300346,23681,20383,0.29411764705882354,0.0019801463058919592,596,956
#,#,#,1.0,"1.6976736073740941,5.570264828750038","-1.5302907854001266,3.938480994931429",#,"-1.0920817159278224,4.3887822478270255","-2.4703784908880033,0.9123659172552276","-0.7724636177446513,2.8123217728277714",#,"-3.7753060666483416,3.4487067602116763",#,"-1.1570209865279706,1.2434512980446906","-2.153416716305238,2.7501013249835",#,"-2.5646131586196312,1.8052261415475672",1.0,0.1590361251087416,0.6923076923076923,1,138.6896227416022,23652,20403,0.5882352941176471,0.002472211934350349,99,143
#,#,1.0,#,#,#,#,#,#,#,#,"-0.4719334939258326,2.4178483830555244","-2.0522482440711998,1.9386222077252662",#,#,#,#,0,0.038069499788496,0.5201342281879194,1,99.27936229900715,23636,20443,0.17647058823529413,0.0017697043185962464,155,298
#,0.0,#,1.0,"1.6976736073740941,5.479626506800557",#,#,#,#,"-0.7724636177446513,4.211486370846068",#,"-3.7753060666483416,3.4487067602116763",#,#,"-2.153416716305238,2.7501013249835",#,#,1.0,0.16806999999999994,0.7,1,123.3458363632445,23615,20514,0.35294117647058826,0.00219870126316356,84,120
#,#,#,#,"-5.624852647846181,1.3141917992500596",#,#,#,#,#,"1.0148848200915528,4.76753599398663","-1.3727487872030266,3.7070228631488567","-2.9558636213014786,2.286599292821834",#,#,"-3.827286687113123,3.0331639983369594","-1.5440544046698874,2.0591464217837667",0.0,0.07179858374379033,0.5905044510385756,1,98.86653741550178,23650,20547,0.35294117647058826,0.0017623455084443125,199,337
#,#,#,0.0,#,"-2.0235372553604343,2.0510613227862553",#,#,#,#,#,#,"-2.7369659081237034,0.5010258917759893",#,#,"-2.2409605195798337,3.3035626719055573","-2.547242500623269,1.938755065171469",0,0.06608163702718663,0.5807860262008734,1,100.88614067121719,23696,20587,0.29411764705882354,0.0017309929205989601,266,458
#,#,2.0,0.0,#,#,"-3.4858941388532627,1.5463176815214195",#,#,#,#,#,#,#,#,"-2.2409605195798337,1.3509395398316586","-2.547242500623269,1.938755065171469",0,0.07463848364169627,0.5951035781544256,1,108.23242361863147,23696,20590,0.29411764705882354,0.001894681883196666,316,531
#,#,#,#,#,#,#,#,"-4.59706778904924,1.342282415784825","-2.61089833906665,0.8737186427625325","-2.6485583273880935,4.287861442561566",#,"-1.7905539973196292,1.2139655313246032","-0.21556322380918935,3.910248515300072","-1.0926757057205827,1.665553192504332","-1.9521079399187447,0.39761258284721923",#,0.0,0.0381800519494551,0.5204359673024523,1,104.98360001399725,23696,20602,0.4117647058823529,0.0018222919998621705,191,367
#,#,#,1.0,"-1.2481805622175992,5.479626506800557","-2.8623341853385376,3.199873455318731",#,#,#,#,#,"-2.4397334638293087,2.640038186522575",#,"-3.6958400278393437,2.553538369516139",#,#,"-1.7258842577525795,0.6506950107594052",1.0,0.060252698652803464,0.5701581027667985,1,93.7228698253451,23681,20716,0.35294117647058826,0.0016706570594360653,577,1012
#,#,#,#,"-0.12933495542262285,5.570264828750038",#,#,"-3.973072958381235,3.3710543257334145",#,#,#,#,#,"-1.0579508944154505,3.1428756035867065",#,#,"-3.341207886077071,2.3319168194031503",1.0,0.0636325726530123,0.5764158262218774,1,101.86598312631021,23681,20754,0.23529411764705882,0.0018158121293501335,743,1289
#,#,#,0.0,"-5.624852647846181,-1.0862229126721092",#,#,#,#,#,"-2.953376110608775,3.1342580159321276","-1.3985056746166085,3.3734010272291006","-3.1461126035282154,0.24606928208098622",#,#,#,#,0,0.16549492105314678,0.697841726618705,1,118.40658743549741,23696,20765,0.29411764705882354,0.0021213813354779157,97,139
#,2.0,#,1.0,#,#,#,"-1.0920817159278224,4.3887822478270255","-2.4703784908880033,0.9123659172552276",#,#,#,#,#,"-2.153416716305238,2.7501013249835",#,"-2.5646131586196312,1.8052261415475672",1.0,0.04469776029010064,0.5371024734982333,1,89.26530646408784,23652,20797,0.35294117647058826,0.0015911987616775165,304,566
#,#,#,#,"1.6976736073740941,5.570264828750038",#,#,#,"-2.4703784908880033,0.9123659172552276",#,"-1.7025854624068257,2.717203697958488","-3.7753060666483416,3.4487067602116763",#,"-3.2205507280729258,0.3801576987860653",#,#,"-2.5646131586196312,1.8052261415475672",1.0,0.10170431040839308,0.6330935251798561,1,120.10077073770451,23652,20807,0.35294117647058826,0.002140856344354046,176,278
#,#,#,#,#,#,#,#,"-2.738644111537203,1.5741250978644667",#,#,"-1.3727487872030266,3.7070228631488567",#,#,#,"-3.827286687113123,3.0331639983369594","-3.1708268233487207,3.6770582648437045",0,0.03485949439243963,0.5110509697789806,1,106.68516395962706,23696,20831,0.23529411764705882,0.0018602060359873157,1133,2217
#,#,#,1.0,"-5.195226274113045,-0.6312870654637839",#,#,"-3.656758333905627,0.3212880914003109","-2.446767130735399,1.0095184013162632",#,#,"-1.3727487872030266,3.7070228631488567","-0.9594701477811021,1.9701414806995725",#,"-1.6519776676124842,3.787862659442209","-3.827286687113123,3.0331639983369594","-2.547242500623269,1.5926052574298657",0,0.10006114291451935,0.6310344827586207,1,112.23155632323645,23616,20848,0.5294117647058824,0.0020005836591679605,183,290
#,2.0,#,#,"1.6976736073740941,5.570264828750038","-1.5302907854001266,3.938480994931429",#,#,"-2.4703784908880033,4.416717999366027","-1.05099641803882,2.8123217728277714",#,#,#,#,#,#,#,1.0,0.12633482508026897,0.6611570247933884,1,127.94226539161635,23681,20901,0.29411764705882354,0.002280634910935511,160,242
#,#,#,1.0,"1.6976736073740941,5.570264828750038","-1.5302907854001266,3.938480994931429","-5.712695929307097,2.0523625625334576",#,#,"-1.05099641803882,4.211486370846068",#,"-3.7753060666483416,3.4487067602116763",#,#,"-2.153416716305238,2.7501013249835",#,#,1.0,0.12675570029047392,0.6615969581749049,1,130.553685763165,23681,20920,0.4117647058823529,0.0023271847859768226,174,263
#,#,#,#,#,#,"-3.63050843259355,2.3003126414194677",#,"-2.738644111537203,1.5741250978644667",#,"-1.3639976847759046,1.4713387577225985","-1.3727487872030266,3.7070228631488567",#,#,"-0.8033393247047359,2.644446798076408",#,"-2.547242500623269,3.6770582648437045",0,0.031127065455410382,0.4996059889676911,1,116.09518012853684,23696,20921,0.35294117647058826,0.0020698788454533105,634,1269
#,#,#,0.0,#,"-3.080724708161187,4.0746679168769",#,#,#,"-1.7008549873397256,2.6371375818761957",#,#,#,#,#,#,#,0,0.04747358122351971,0.543613707165109,1,94.25889755476358,23629,20929,0.17647058823529413,0.0015833255140506044,349,642
#,#,#,#,#,"-5.393685083141994,4.4724322895400395",#,"-4.035552354760769,0.3212880914003109",#,#,"-3.2089570603934376,1.7111855898245523","-4.713504959836856,3.7070228631488567",#,"-1.9823235289776504,-0.10695455665525899",#,#,"-2.547242500623269,3.0176184983977397",0.0,0.03459053460998856,0.5102599179206566,1,112.43106688611837,23675,20989,0.35294117647058826,0.001988235530080724,373,731
#,#,#,#,"-5.195226274113045,-0.6312870654637839",#,#,"-3.656758333905627,0.3212880914003109","-2.446767130735399,1.0095184013162632",#,#,"-1.3727487872030266,3.7070228631488567","-0.9594701477811021,1.9701414806995725","-2.908224635090366,1.2175871040188952","-1.6519776676124842,3.787862659442209","-3.827286687113123,3.0331639983369594","-2.547242500623269,1.5926052574298657",0,0.14012604492187505,0.675,2,111.29911293353209,23696,21023,0.5294117647058824,0.0039679247781867115,216,320
#,#,#,1.0,#,#,#,#,#,"-0.7724636177446513,2.085380028066928",#,#,#,#,"-2.153416716305238,2.7501013249835",#,"-2.5646131586196312,1.8052261415475672",1.0,0.03471283194763963,0.5106202209005948,1,100.75038803368841,23681,21047,0.23529411764705882,0.001795926088510432,601,1177
#,#,#,#,"-5.624852647846181,-1.0862229126721092",#,"-5.843118035545869,-2.518263797084025","-6.90343829290293,0.3212880914003109",#,#,#,#,#,#,"-1.0926757057205827,1.411132476831403",#,"-3.1708268233487207,1.6179227838180896",0,0.16806999999999994,0.7,1,136.832512,23408,21067,0.29411764705882354,0.002439108005966658,7,10
#,#,#,1.0,#,#,#,#,#,#,#,#,#,"-4.09163748477051,1.3094251555179761",#,#,#,1,0.035958625683062365,0.5142337976983646,2,96.0257012308133,23681,21101,0.11764705882352941,0.003423412363439459,849,1651
#,#,#,0.0,"-9.885442791393881,-1.0862229126721092",#,"-1.8747965214010693,0.5522139120353733",#,#,"-3.787903941262922,0.9056617893641412",#,"-3.4702156490752807,3.3734010272291006",#,"-5.860976836306051,1.721834654382706",#,#,"-2.426958979377931,1.1223486294471228",0,0.19960038062927776,0.7244897959183674,1,126.86529791483319,23696,21138,0.4117647058823529,0.002261437426679814,71,98
#,1.0,#,#,"-5.624852647846181,-1.0862229126721092","-3.579849013911453,2.879880439247932",#,#,"0.023386706723661277,2.961732858311807",#,#,#,#,#,#,"-3.827286687113123,3.049339848427482",#,0.0,0.15160585946331886,0.6857142857142857,1,105.47596857178326,23684,21138,0.29411764705882354,0.0018801619265787074,48,70
#,#,#,#,"-9.885442791393881,-1.3747021433522688",#,"-4.180019217621471,7.58249300948577","-3.656758333905627,0.3212880914003109","-4.259648143477035,2.961732858311807",#,"-1.8498838390751895,3.487220052686698",#,#,#,#,#,#,0,0.11119855742167761,0.6444954128440367,1,108.0120835613849,23696,21157,0.29411764705882354,0.0018897722934561694,281,436
#,#,#,#,"0.889207278582044,5.570264828750038",#,"-3.5876632977848537,2.0523625625334576",#,"-2.5306036605078535,3.948463301942218",#,#,"-3.315225566977086,2.640038186522575","-1.5798007410571624,0.6559555017307207",#,#,#,#,1.0,0.06466199392248206,0.578268876611418,1,122.16509092300875,23681,21166,0.29411764705882354,0.0021776538847723217,314,543
#,#,2.0,0.0,"-6.134728450973855,1.9741759247721806",#,#,#,#,#,#,#,#,#,#,#,#,0,0.11893691474125663,0.6532258064516129,1,106.46284106750122,23696,21235,0.17647058823529413,0.0018552522649667464,243,372
#,#,#,#,"1.6976736073740941,5.479626506800557","-1.5302907854001266,3.938480994931429",#,#,#,#,#,#,"-0.6107959723872052,2.7042908703672426",#,#,#,#,1.0,0.1270377416401748,0.66189111747851,1,134.8786059388186,23681,21242,0.17647058823529413,0.002404278652569021,231,349
#,#,#,#,#,#,"-3.761110505428639,0.5522139120353733",#,#,#,"-2.953376110608775,-2.1453907914181776","-1.8281927244504326,2.4178483830555244",#,"-5.860976836306051,1.721834654382706",#,#,"-3.1708268233487207,3.0176184983977397",0,0.10979242280002384,0.6428571428571429,1,116.17634568152214,23107,21265,0.29411764705882354,0.002070901503699286,18,28
#,0.0,#,1.0,"1.6976736073740941,5.479626506800557",#,#,#,#,"-0.7724636177446513,4.211486370846068",#,"-3.7753060666483416,3.4487067602116763",#,#,"-2.153416716305238,2.7501013249835","-3.4359154207196267,0.45580919511150086",#,1.0,0.1086463741492307,0.6415094339622641,1,125.74063489722982,23484,21315,0.4117647058823529,0.002241389745539158,34,53
#,#,2.0,0.0,"-6.134728450973855,1.9741759247721806",#,"-2.5738829304268402,1.0205540841265042",#,#,#,#,#,#,#,#,#,#,0,0.116321032816552,0.6503267973856209,1,106.56109042002666,23696,21348,0.23529411764705882,0.001857441444815373,199,306
#,#,#,0.0,"-6.134728450973855,1.9741759247721806",#,#,#,#,#,#,#,#,"-2.698057403681543,2.7780199954998404",#,#,#,0.0,0.078504822145366,0.601145038167939,1,104.35363890729953,23696,21356,0.17647058823529413,0.0018082552848635264,315,524
#,#,#,1.0,#,"-2.8623341853385376,3.199873455318731",#,#,#,#,#,"-2.4397334638293087,2.640038186522575",#,"-3.6958400278393437,2.553538369516139",#,#,#,1.0,0.03307581401365131,0.5057106598984772,1,91.96386767033027,23681,21358,0.23529411764705882,0.0016393019657079807,797,1576
0.0,#,#,#,"0.544946968371216,5.570264828750038",#,#,#,#,#,#,#,"-1.5341260282282745,3.091576543057001",#,"-0.6133643154206216,2.7501013249835","-2.7634530337520036,2.3765606097985423","-2.607002726977634,2.556191099760101",1.0,0.1039139807165737,0.6358208955223881,2,107.04874350195826,23681,21366,0.35294117647058826,0.00381639485364849,213,335
#,#,5.0,#,"-6.134728450973855,-1.0862229126721092","-3.6793184901160476,4.240289409728807",#,#,#,#,#,#,#,"-5.860976836306051,3.161341839886774","-1.0926757057205827,1.665553192504332","-1.0811380671478805,4.426019408084847",#,0,0.056313514709472656,0.5625,1,112.97602364831143,23650,21385,0.35294117647058826,0.0020138541618155404,90,160
#,#,#,#,#,#,#,"-3.656758333905627,0.3212880914003109","-9.164867447984797,4.484810384860461",#,"-0.17810181905076572,4.575256334549666","-0.4719334939258326,1.7600873827439343",#,#,#,#,"-2.547242500623269,1.6179227838180896",0,0.033874627601704746,0.508130081300813,1,109.3414618415549,23696,21409,0.29411764705882354,0.0019490662786475364,250,492
#,#,#,#,"-0.12933495542262285,5.479626506800557",#,#,#,#,#,"-3.282412916950521,2.989332734639933","-2.871629980958886,2.7469053292788033",#,"-2.09859072014818,0.15185204663868968",#,#,#,1,0.06922366952724099,0.5862068965517241,1,110.22722628207133,23670,21412,0.23529411764705882,0.0019648554730917938,391,667
#,#,#,#,#,#,#,"-6.90343829290293,0.3212880914003109",#,"0.41436960049847604,2.974496362658692",#,#,#,#,"-0.680788735885894,3.9928768972174336",#,#,0.0,0.04689777110139871,0.5422885572139303,1,111.06704509845326,23650,21429,0.17647058823529413,0.0019578425663217994,218,402
#,#,3.0,#,#,#,#,#,"-0.42715092202082117,3.685024370664492","-2.323727173431222,2.085380028066928",#,#,#,#,#,#,#,0,0.01783981729127359,0.44696969696969696,1,99.88008693924071,23690,21443,0.17647058823529413,0.0017804125359486772,59,132
#,1.0,#,#,"-6.134728450973855,-1.0862229126721092","-2.431579402634928,3.1337259723946964","-4.155257366998901,4.061249838545167",#,#,#,#,#,#,#,#,#,"-2.426958979377931,2.5975675074526015",0,0.12658371157730064,0.6614173228346457,1,103.4655639167616,23675,21454,0.29411764705882354,0.0018443254574704302,84,127
#,2.0,#,#,#,"-5.393685083141994,4.4724322895400395","-2.2164055178317823,0.5692831684470595",#,"0.0662033974738947,2.774221273144711","0.41436960049847604,0.8737186427625325","-2.6485583273880935,4.287861442561566",#,#,#,#,#,"-1.9056800049973504,2.1838220673683697",1,0.022132674897119342,0.4666666666666667,1,116.33977197509697,23681,21460,0.4117647058823529,0.002075328810545844,21,45
#,#,#,#,"-5.624852647846181,-1.0862229126721092",#,#,"-4.035552354760769,0.3212880914003109",#,#,"-2.4381111239818822,1.564716794839533",#,"-1.7905539973196292,1.2139655313246032",#,"-2.094674383250184,0.7401719843698676",#,#,0.0,0.08087356721053197,0.6047297297297297,1,106.93626990113822,23675,21488,0.29411764705882354,0.0019061925286007872,179,296
#,#,#,0.0,"-6.134728450973855,1.9741759247721806",#,#,#,#,#,#,#,"-1.9908497305751502,1.015856940760279",#,#,"-0.9136095844571218,3.3035626719055573",#,0,0.0728015101094668,0.5921450151057401,1,113.82337992975314,23696,21510,0.23529411764705882,0.0020289587116024406,196,331
#,#,5.0,1.0,"1.6976736073740941,5.570264828750038",#,#,#,#,#,#,#,#,"-6.410774185958978,2.0433014374325955","-2.153416716305238,2.7501013249835",#,#,1.0,0.1469840785949759,0.6814814814814815,1,142.34938695040046,23670,21511,0.29411764705882354,0.0025374490629476087,92,135
#,#,#,1.0,"0.544946968371216,5.479626506800557",#,#,#,"-6.155251528001267,3.948463301942218","-2.607484710895457,-0.1895872132996974",#,"-3.7753060666483416,3.4487067602116763",#,#,#,#,#,1.0,0.09132391740730884,0.6196078431372549,1,98.21565751575866,23573,21511,0.29411764705882354,0.001750743248490288,158,255
#,#,#,#,"1.6976736073740941,5.570264828750038",#,#,"-0.30229591636272923,4.648161857351328","-3.1774177891885778,4.416717999366027",#,"-2.348025335646114,1.6750277218679732",#,#,"-2.754382948686402,2.3466206560305034",#,#,"-2.5646131586196312,1.8052261415475672",1.0,0.10904145145623527,0.6419753086419753,1,131.41687861279905,23670,21515,0.35294117647058826,0.0023425716305173626,156,243
#,#,#,1.0,#,#,#,#,#,#,#,#,#,#,#,"-2.307760346754361,2.6853957641233124",#,0,0.029735262796165136,0.4950560316413975,1,93.97223425472782,23690,21534,0.11764705882352941,0.0016751021051874047,751,1517
#,#,#,#,"1.9706977691114254,5.570264828750038","-4.3168070187389604,0.9503569969140768",#,#,#,#,#,#,#,#,"-0.6133643154206216,4.123785803421335","-2.7634530337520036,2.3765606097985423",#,1,0.133325123683206,0.6683168316831684,1,121.49717947550407,23681,21547,0.23529411764705882,0.002165748028955793,135,202
#,#,#,1.0,"-3.0111487194849413,0.3097998672277933",#,"-3.5876632977848537,4.715732586655026",#,"-2.5306036605078535,3.7110683449066535",#,"-3.5625209878651045,2.989332734639933",#,#,#,"-0.10748289712813641,1.8845713071454133","-2.307760346754361,2.6853957641233124","-2.426958979377931,4.691368957973593",1,0.0297333027377109,0.49504950495049505,1,100.41583014322615,23634,21557,0.47058823529411764,0.0017899624266792013,150,303
#,#,#,#,"-5.624852647846181,0.987909711941908","-3.0647654279640024,2.6993008533166787","-5.189549188409084,-0.3370592187620698","-1.5905728652229136,3.3710543257334145","-2.084077481616764,4.635818728381187","-2.728208547390442,0.2586060084631434",#,"-3.9722197933538577,3.7070228631488567",#,#,#,#,#,0,0.11280025620941948,0.6463414634146342,1,106.5758148945503,23696,21568,0.4117647058823529,0.0018997672377140764,159,246
#,#,5.0,#,"1.6976736073740941,5.570264828750038","-1.5302907854001266,5.938942491252743",#,#,"-2.4703784908880033,3.484806931196194",#,#,"-3.7753060666483416,3.4487067602116763","-2.2340108676230583,2.9664860195929936",#,#,#,#,1.0,0.19394768138416563,0.7203389830508474,1,143.3107807495265,23670,21570,0.35294117647058826,0.0025545863885587544,85,118
#,#,2.0,#,"-5.624852647846181,-1.0862229126721092",#,"-5.189549188409084,-0.3370592187620698","-1.5905728652229136,3.3710543257334145","-4.259648143477035,2.961732858311807",#,"-0.4241495299436223,1.7440489260846448","-3.9722197933538577,3.7070228631488567",#,#,#,#,#,0.0,0.22481780895283973,0.7419354838709677,2,142.20835107611606,23696,21624,0.4117647058823529,0.005069870055810594,46,62
1.0,#,#,#,#,"-3.080724708161187,4.0746679168769",#,#,#,#,#,"-1.3727487872030266,2.308444180445465",#,"-4.173392987059162,-0.04758124794990071",#,#,#,0.0,0.0261110691569644,0.4823529411764706,1,112.45236872930307,23636,21643,0.23529411764705882,0.0020045197508144685,41,85
#,#,2.0,#,"-5.624852647846181,-1.0862229126721092",#,#,#,"-4.259648143477035,2.961732858311807",#,#,"-3.9722197933538577,3.7070228631488567",#,#,#,"-2.217603738352516,2.775552372525157",#,0,0.3116204195512321,0.792,2,124.63042377139405,23696,21665,0.29411764705882354,0.0045201201646688696,99,125
#,#,#,#,#,#,#,#,#,"-1.05099641803882,4.211486370846068","-2.348025335646114,1.6750277218679732","-3.7753060666483416,3.4487067602116763","-1.5823029901010663,1.03892846696059",#,#,#,#,1,0.03166081819581012,0.5013077593722755,2,105.33387561948322,23681,21666,0.23529411764705882,0.0036601935946434863,575,1147
#,#,#,#,#,#,#,"-6.90343829290293,0.3212880914003109",#,"-1.172157214538717,2.099115870443782",#,"-3.105888215717234,2.3587146202673677",#,#,#,#,#,0.0,0.0447062894854843,0.537122969837587,1,104.31039388925066,23690,21679,0.17647058823529413,0.0018072917047519778,463,862
#,#,#,1.0,"-1.5980424934057988,5.479626506800557",#,#,#,"-2.5306036605078535,3.7110683449066535",#,#,#,#,#,#,#,"-2.426958979377931,4.691368957973593",1,0.04793229050028883,0.5446601941747573,1,103.58463582816032,23681,21680,0.23529411764705882,0.0018464479738821613,561,1030
#,#,#,#,"-5.624852647846181,-1.0862229126721092","-1.1582800547019123,5.202068945331943","-3.761110505428639,0.5522139120353733","-4.035552354760769,5.5902655748352865","-0.926014497661173,2.961732858311807","-3.787903941262922,0.8737186427625325","-2.953376110608775,4.287861442561566",#,#,"-5.860976836306051,3.910248515300072",#,#,"-3.1708268233487207,2.1838220673683697",0,0.10737418240000002,0.64,1,116.36693546310477,23696,21686,0.5294117647058824,0.002075934064005908,112,175
0.0,#,#,#,"0.544946968371216,5.570264828750038",#,#,#,#,#,#,#,"-1.5341260282282745,3.091576543057001",#,#,"-2.7634530337520036,2.3765606097985423","-2.607002726977634,2.556191099760101",1.0,0.08370036747906309,0.6088992974238876,1,103.20545201608626,23681,21689,0.29411764705882354,0.0018396888326645915,260,427
#,#,#,#,"-6.134728450973855,-1.0862229126721092",#,#,"-6.90343829290293,0.3212880914003109",#,#,#,#,#,#,"-7.190227074484854,1.411132476831403",#,"-2.547242500623269,1.6179227838180896",0,0.11044285002426085,0.6436170212765957,1,103.85042141491294,23675,21709,0.23529411764705882,0.001851185734981796,242,376
#,#,#,#,"-9.885442791393881,-1.0862229126721092","-1.0912508633099098,2.486445449209134",#,#,#,"0.41436960049847604,2.974496362658692",#,"-1.3985056746166085,3.3734010272291006",#,#,#,#,"-1.9056800049973504,0.7008908056286973",0.0,0.08070512278181785,0.6044776119402985,1,111.62798273254688,23604,21738,0.29411764705882354,0.001970341308891892,81,134
#,#,#,#,"-5.624852647846181,1.3141917992500596",#,#,#,#,#,#,"-1.3727487872030266,3.7070228631488567","-0.6152411347427831,-0.3253715891317617",#,"-2.6815202388246666,1.9921453942786613","-3.827286687113123,3.0331639983369594",#,0,0.06092699470458736,0.5714285714285714,1,102.18510363317239,23661,21769,0.29411764705882354,0.0018215006120928582,72,126
#,#,5.0,1.0,#,#,"-3.5876632977848537,2.0523625625334576",#,#,"-1.05099641803882,2.8123217728277714","-3.5625209878651045,2.989332734639933",#,"-0.9665872400754184,1.2691690027124645",#,"-0.10748289712813641,1.8845713071454133","-2.307760346754361,2.6853957641233124",#,1,0.06026185921754656,0.5701754385964912,1,133.20386441719003,23670,21788,0.47058823529411764,0.0023744255468003497,65,114
#,#,#,1.0,"-3.0111487194849413,0.3097998672277933",#,"-3.1595711085688913,4.715732586655026",#,"-2.5306036605078535,3.7110683449066535",#,#,"-1.4689403194569384,1.917574114110984",#,#,#,#,"-2.426958979377931,4.691368957973593",1.0,0.016413003653718145,0.4395796847635727,1,97.19621380590739,23640,21788,0.35294117647058826,0.0017325711541686503,251,571
3.0,#,#,#,#,#,#,#,"-3.1774177891885778,4.244557129316621",#,#,"-2.555267063681457,0.6773148956333774",#,#,"1.3606350817243964,4.123785803421335",#,"-2.43460634682459,1.8585691059712532",1.0,0.01213154855439839,0.41379310344827586,1,92.3214648519648,23599,21802,0.29411764705882354,0.0015401558796253984,12,29
#,0.0,#,#,"1.6976736073740941,5.570264828750038",#,#,"-0.30229591636272923,4.648161857351328","-3.1774177891885778,4.416717999366027","-1.05099641803882,4.211486370846068","-2.348025335646114,1.6750277218679732",#,"-1.9486061904333654,3.3709517665447017","-2.754382948686402,2.3466206560305034","-2.9145026321826624,2.5253376948720305",#,#,1.0,0.08457703295940151,0.6101694915254238,1,124.79260020690614,23622,21812,0.5294117647058824,0.0022244905527281497,36,59
0.0,#,2.0,0.0,#,#,#,#,#,#,#,#,#,#,#,#,"-3.235372043434692,1.517786493589277",0.0,0.07489094570346864,0.5955056179775281,1,115.89955537750473,23696,21819,0.23529411764705882,0.0020659675780069563,106,178
#,#,#,#,"1.6976736073740941,2.7879347527038285","-1.5302907854001266,3.938480994931429",#,#,"-2.4703784908880033,2.142320746927775","-1.05099641803882,4.211486370846068",#,#,#,"-2.5284608300641267,1.9724247035096125",#,#,"-2.607002726977634,4.658532532587201",1.0,0.09061586992058583,0.6186440677966102,1,127.73933737929171,23652,21823,0.35294117647058826,0.0022770176175579263,73,118
#,#,#,#,"-9.885442791393881,-1.3747021433522688",#,#,"-3.656758333905627,0.3212880914003109",#,#,"-1.8498838390751895,3.487220052686698",#,#,"-1.1833908367978283,1.2170814477748328",#,#,#,0,0.10407295922065521,0.6360153256704981,1,111.98496176184254,23696,21833,0.23529411764705882,0.0019782954712067417,166,261
#,#,#,#,#,#,#,#,"-0.926014497661173,1.342282415784825","-2.61089833906665,0.8737186427625325","-2.6485583273880935,4.287861442561566",#,#,#,#,#,#,0,0.03641907060918603,0.5155440414507773,1,109.07410217237444,23696,21853,0.17647058823529413,0.00191343606000814,398,772
#,#,#,1.0,"0.544946968371216,5.570264828750038",#,#,#,"-2.5306036605078535,3.948463301942218",#,#,#,#,#,"-2.953501581906834,2.7501013249835",#,"-2.607002726977634,2.556191099760101",1,0.09734594163109654,0.6275720164609053,1,113.01212523470477,23681,21854,0.29411764705882354,0.0020144976906604985,305,486
#,#,#,1.0,#,#,"-4.202870974232084,2.1772547266001014","-0.30229591636272923,4.648161857351328","-3.1774177891885778,4.416717999366027","-1.05099641803882,4.211486370846068",#,#,#,#,"-2.9145026321826624,2.5253376948720305","-2.132313090857858,3.1545580853655597",#,1.0,0.031880020040032,0.502,1,116.16906979898634,23670,21855,0.4117647058823529,0.0020707718074517776,251,500
#,#,#,1.0,#,"-0.7732068946490906,4.195815761627359",#,"-0.30229591636272923,4.648161857351328","-3.1774177891885778,4.416717999366027","-1.05099641803882,4.211486370846068",#,#,"-2.2340108676230583,2.9664860195929936",#,"-2.9145026321826624,2.5253376948720305","-2.132313090857858,3.1545580853655597",#,1.0,0.040015254873685464,0.5253456221198156,1,105.7094072347137,23670,21855,0.47058823529411764,0.001884323087572783,228,434
#,#,#,#,"-5.624852647846181,0.987909711941908","-3.0647654279640024,2.6993008533166787","-3.761110505428639,-0.3370592187620698","-1.5905728652229136,3.3710543257334145","-4.259648143477035,4.635818728381187",#,#,#,#,#,#,#,#,0,0.08284898157913535,0.6076555023923444,1,106.43329714690476,23696,21864,0.29411764705882354,0.0018972267875374796,254,418
0.0,#,2.0,0.0,#,#,#,#,#,#,#,#,#,#,#,"-1.338816331744373,3.434053480123991","-3.235372043434692,1.517786493589277",0.0,0.07293172415929323,0.5923566878980892,2,115.90237167709861,23696,21883,0.29411764705882354,0.004132035559913341,93,157
#,0.0,#,1.0,"1.6976736073740941,5.479626506800557",#,#,#,#,"-1.05099641803882,4.211486370846068",#,"-3.7753060666483416,2.2263435061340595","-2.2340108676230583,2.9664860195929936",#,"-2.153416716305238,2.7501013249835","-2.132313090857858,3.1545580853655597",#,1.0,0.10227531488595103,0.6338028169014085,1,131.43795909885966,23615,21891,0.47058823529411764,0.0023429474007313896,45,71
#,2.0,#,#,"-5.624852647846181,1.3141917992500596",#,"-3.761110505428639,0.5522139120353733",#,#,#,#,#,"-2.9558636213014786,2.286599292821834",#,#,#,"-1.5440544046698874,2.0591464217837667",0.0,0.05051571751185174,0.5504087193460491,1,101.73707780669022,23696,21909,0.29411764705882354,0.0017499533959765758,202,367
1.0,#,#,#,"-6.134728450973855,-1.3747021433522688","-2.723377983582085,3.636971016451771",#,"-6.90343829290293,5.5902655748352865","-0.926014497661173,1.342282415784825",#,#,#,#,"-0.21556322380918935,3.910248515300072","-7.190227074484854,1.411132476831403",#,"-3.1708268233487207,2.1838220673683697",0,0.03125,0.5,1,90.53285947392,23690,21919,0.47058823529411764,0.00161379352844076,8,16
#,0.0,#,#,"0.544946968371216,5.570264828750038",#,#,#,"-6.155251528001267,4.416717999366027",#,#,#,#,"-2.754382948686402,2.3466206560305034",#,#,#,1,0.06537888651725378,0.5795454545454546,1,102.0126231828874,23622,21951,0.23529411764705882,0.0018184260617464987,153,264
3.0,#,#,0.0,"-9.44464369419052,-1.0862229126721092",#,"-3.761110505428639,1.6297795677884412",#,#,#,"-2.953376110608775,3.1342580159321276",#,#,#,"-1.0926757057205827,1.411132476831403",#,#,0,0.427630752325058,0.84375,1,122.33132287297458,23629,21953,0.35294117647058826,0.002180617052473351,27,32
#,0.0,#,#,"1.6976736073740941,5.479626506800557",#,#,"-0.30229591636272923,4.648161857351328",#,#,#,"-3.7753060666483416,2.2263435061340595",#,#,"-2.9145026321826624,2.7501013249835",#,#,1.0,0.09862570071646097,0.6292134831460674,1,119.7137835309886,23622,21957,0.29411764705882354,0.0021339581037216775,56,89
#,#,5.0,#,"-5.624852647846181,0.987909711941908","-3.0647654279640024,2.6993008533166787","-5.189549188409084,-0.3370592187620698","-1.5905728652229136,3.3710543257334145","-2.084077481616764,4.635818728381187","-2.728208547390442,0.2586060084631434",#,"-3.9722197933538577,3.7070228631488567",#,#,#,#,#,0,0.191817969083786,0.71875,1,107.63622205155873,23505,21995,0.47058823529411764,0.001918669525981967,23,32
1.0,#,#,#,"-9.885442791393881,-1.0862229126721092",#,#,#,#,#,"-2.4381111239818822,1.564716794839533","-4.713504959836856,3.3734010272291006","-2.5235693121452867,1.3311828305924427",#,#,"-3.827286687113123,3.049339848427482","-2.547242500623269,2.987468329714207",0.0,0.09958658297887482,0.6304347826086957,1,95.15819823188549,23507,21995,0.4117647058823529,0.0016962425066109593,29,46
#,#,#,#,"1.6976736073740941,5.479626506800557",#,#,"-0.30229591636272923,4.648161857351328",#,#,#,"-3.7753060666483416,2.2263435061340595",#,#,"-2.9145026321826624,2.7501013249835",#,#,1.0,0.1100613898998565,0.6431718061674009,1,125.68717693399319,23670,22000,0.23529411764705882,0.0022404368305907487,146,227
#,#,#,1.0,#,#,"-2.482489178337582,2.7294444927647667",#,"-3.1774177891885778,4.416717999366027",#,#,"-3.7753060666483416,3.4487067602116763",#,#,"-2.153416716305238,2.7501013249835",#,#,1.0,0.029877193918066307,0.49552772808586765,1,95.27659494328341,23681,22015,0.29411764705882354,0.0016983529872447636,554,1118
3.0,#,#,#,"-6.134728450973855,-1.3747021433522688",#,#,"-6.90343829290293,0.3212880914003109",#,#,#,#,#,#,#,#,"-2.547242500623269,1.6179227838180896",0,0.1043582467665522,0.6363636363636364,1,116.18602880178419,23650,22023,0.23529411764705882,0.0020719031242870667,35,55
#,#,#,#,"1.6976736073740941,5.570264828750038",#,#,#,#,#,#,#,"-1.5341260282282745,3.091576543057001",#,"-2.153416716305238,2.7501013249835",#,#,1.0,0.11754114976650926,0.651685393258427,2,133.87679515205033,23681,22026,0.17647058823529413,0.004772841747851917,232,356
0.0,#,#,#,"0.544946968371216,5.570264828750038","-1.7212627879730584,3.938480994931429",#,#,#,#,#,#,#,#,"-0.8482984383417613,3.901984664156703","-2.7634530337520036,2.3765606097985423","-2.607002726977634,2.556191099760101",1.0,0.09848375240851535,0.6290322580645161,1,106.3996179867195,23681,22026,0.35294117647058826,0.0018966264396520144,156,248
0.0,#,#,1.0,#,"-0.7732068946490906,4.195815761627359",#,#,#,"-1.05099641803882,4.211486370846068",#,"-3.7753060666483416,2.640038186522575",#,#,"-2.7937282534153227,4.2360903807471235",#,#,1,0.020475569341968765,0.4594594594594595,1,103.69754859286729,23640,22058,0.35294117647058826,0.0018484607004216887,170,370
#,#,#,#,"-0.12933495542262285,5.479626506800557","-2.8623341853385376,3.199873455318731","-3.5876632977848537,2.0523625625334576",#,"-2.5306036605078535,3.948463301942218",#,"-4.165932034021967,0.9200200746982361",#,#,"-3.6958400278393437,2.553538369516139",#,#,#,1.0,0.06429853352475869,0.5776173285198556,1,110.62323353960589,23681,22059,0.35294117647058826,0.0019719145006442036,320,554
#,#,#,#,"-6.80403080747859,1.3141917992500596","-2.1939650945784153,0.4893071398108678",#,#,#,#,#,#,"-2.9558636213014786,2.286599292821834",#,#,#,"-2.547242500623269,3.0176184983977397",0.0,0.056367197751052645,0.5626072041166381,1,101.15959915118339,23696,22067,0.23529411764705882,0.0018032204814746754,328,583
#,#,2.0,0.0,#,#,"-3.4858941388532627,1.5463176815214195",#,#,#,#,#,#,"-2.709207199543174,-0.683808709434991",#,"-2.2409605195798337,1.3509395398316586","-2.547242500623269,1.938755065171469",1,0.03125,0.5,1,132.3958017542877,23611,22087,0.35294117647058826,0.002360021425428904,33,66
#,0.0,#,#,"0.544946968371216,5.570264828750038",#,#,#,"-6.155251528001267,4.416717999366027","-4.20946595553008,0.62632903966144",#,#,#,#,#,#,#,1,0.07551275352800609,0.5964912280701754,1,97.866494681872,23622,22094,0.23529411764705882,0.0017445192462332878,102,171
3.0,#,#,#,"1.6976736073740941,5.570264828750038",#,#,"-0.30229591636272923,4.648161857351328","-3.1774177891885778,4.244557129316621","-0.3018817825572728,2.684932773296312",#,#,#,#,"1.3606350817243964,4.123785803421335",#,"-5.118042606380246,1.8585691059712532",1.0,0.059737247200148905,0.8604651162790697,1,125.71531517273664,22104,22104,0.4117647058823529,0.0022409384087784894,0,0
#,#,#,1.0,#,"-0.8743548555403144,4.293428706987194",#,#,#,#,"-0.9484786502153224,1.636681047356842","-2.5808276839380744,3.4487067602116763",#,"-2.656894672068626,-0.18140762860306925",#,"-0.68431278256111,3.5522237745847463","-2.607002726977634,2.556191099760101",1.0,0.030617429855739318,0.49795918367346936,1,113.70399262130476,23670,22114,0.4117647058823529,0.002026830573080455,122,245
#,#,2.0,#,"1.6976736073740941,5.570264828750038",#,#,"-0.30229591636272923,4.648161857351328","-3.1774177891885778,4.416717999366027","-1.05099641803882,4.211486370846068","-2.348025335646114,1.6750277218679732",#,#,"-2.754382948686402,2.3466206560305034","-2.9145026321826624,-0.25850118768798724","-0.7095747505823982,1.3464307068378203",#,1.0,0.0024299999999999994,0.3,1,103.395584,23180,22118,0.5294117647058824,0.0018430780304318176,3,10
#,#,2.0,#,"-5.624852647846181,-1.0862229126721092",#,#,#,#,#,"-2.953376110608775,3.9724181597451214","-3.9722197933538577,3.7070228631488567",#,#,"-2.0372095708974447,1.717046429464245",#,#,0,0.2373046875,0.75,1,124.26974560172295,23696,22133,0.29411764705882354,0.002252023496233993,72,96
#,#,#,#,"-6.134728450973855,-1.0862229126721092",#,"-3.761110505428639,0.5522139120353733","-4.429904973737197,2.7288255300636513","-4.259648143477035,2.961732858311807","-3.43680294079899,0.8300749961347034","-2.953376110608775,3.1342580159321276",#,#,"-5.860976836306051,1.721834654382706",#,#,#,0,0.09452645425322018,0.6238938053097345,1,118.36492718600331,23696,22138,0.4117647058823529,0.0021204530669821247,141,226
#,#,#,#,"-6.134728450973855,-1.0862229126721092","-4.821168091783749,-0.24966724800941442","-4.155257366998901,4.061249838545167",#,"0.8869957483363407,4.898874082663475",#,"-2.6691296243441602,4.287861442561566",#,#,#,#,"-1.622412588815819,2.0490257280059994",#,0.0,0.049046795920395056,0.5471698113207547,1,100.9436164073742,23675,22138,0.35294117647058826,0.0017993704809749723,29,53
3.0,#,#,#,"1.6976736073740941,5.570264828750038",#,"-0.8196890972196887,1.8761386636953192","-0.30229591636272923,4.648161857351328","-3.1774177891885778,4.416717999366027","-1.05099641803882,4.211486370846068","-2.348025335646114,1.9131708367759854","-2.4880926112950634,1.8220166677913836","-1.7699813318948678,0.3886798680382608",#,"-2.9145026321826624,2.5253376948720305",#,#,1.0,0.17525145137855438,0.7058823529411765,1,124.4814937677824,23622,22146,0.5882352941176471,0.002218944924753604,12,17
0.0,#,#,#,#,"-3.6793184901160476,4.240289409728807",#,"-4.035552354760769,5.5902655748352865",#,#,#,#,#,"-5.860976836306051,3.161341839886774",#,#,#,0,0.038316918348929904,0.5208085612366231,1,107.90782187879663,23696,22147,0.23529411764705882,0.0019235109288280618,438,841
#,#,#,#,"-9.44464369419052,-1.0862229126721092",#,"-4.183845750292148,-0.14010410891963554","-3.1988656364328447,0.8675818205465591",#,#,"-2.953376110608775,3.1342580159321276",#,#,#,#,#,#,0,0.1511254864040585,0.6852791878172588,1,114.53399713489743,23696,22155,0.23529411764705882,0.002035092760233987,135,197
0.0,#,2.0,#,"-6.134728450973855,1.9741759247721806",#,#,#,#,#,"-2.6485583273880935,3.9724181597451214","-0.3725901926072257,2.7060592924545217",#,#,#,#,"-3.235372043434692,2.1838220673683697",0,0.03125,0.5,1,135.97029707206227,23696,22165,0.35294117647058826,0.0024237385933697678,29,58
#,#,#,#,"0.544946968371216,5.479626506800557",#,#,#,#,"-1.05099641803882,4.211486370846068","-3.5445472092572516,3.889045254173272",#,#,#,#,#,#,1.0,0.0699300276480185,0.5873983739837398,1,112.38132467396963,23681,22171,0.17647058823529413,0.002003253354973251,289,492
1.0,#,2.0,#,"-5.624852647846181,-1.0862229126721092",#,#,"-1.2629461041964611,3.864313732864525",#,#,"-2.953376110608775,3.9724181597451214","-3.9722197933538577,3.7070228631488567",#,#,"-2.0372095708974447,1.717046429464245",#,#,0,0.2373046875,0.75,1,123.25,23378,22176,0.4117647058823529,0.002196992932026203,3,4
1.0,#,2.0,#,"-9.885442791393881,-1.0862229126721092",#,"-5.189549188409084,0.5522139120353733","-1.5905728652229136,3.3710543257334145",#,#,#,"-3.4702156490752807,3.7070228631488567","-3.4713626802148294,-0.46465600887940006",#,#,"-1.4164295965441245,1.5941498232497666",#,0,1.0,1.0,1,110.0,23378,22176,0.47058823529411764,0.0019608050508955967,2,2
#,#,0.0,1.0,#,#,"-3.1595711085688913,2.0523625625334576",#,"-0.5165077147671431,2.5926979943363864","-0.7724636177446513,4.211486370846068",#,#,"-2.2340108676230583,2.9664860195929936",#,"-2.153416716305238,2.7501013249835",#,#,1.0,0.01734152991583261,0.4444444444444444,1,102.99078888762128,23424,22184,0.4117647058823529,0.0018358623549688173,36,81
#,#,#,#,"-6.134728450973855,-1.0862229126721092",#,#,#,#,#,#,"-2.182556046643578,3.7070228631488567",#,#,"-2.482939164105367,1.8842565914174154",#,"-2.547242500623269,2.1838220673683697",0,0.0905356410241431,0.6185344827586207,1,109.03825578720344,23696,22199,0.23529411764705882,0.0019126373353138258,287,464
#,#,#,1.0,#,#,#,#,#,"-0.7724636177446513,4.211486370846068",#,"-3.7753060666483416,3.4487067602116763","-2.2340108676230583,2.9664860195929936",#,"-2.153416716305238,2.7501013249835",#,#,1.0,0.026155634890156158,0.4825174825174825,1,102.65318602514738,23681,22210,0.29411764705882354,0.0018298444149875842,345,715
#,#,#,#,#,"-3.196689945130601,4.157463586158546",#,"-6.90343829290293,0.3212880914003109",#,"-1.172157214538717,2.099115870443782",#,"-3.105888215717234,2.3587146202673677",#,#,#,"-3.387171741188424,1.5325556033528136",#,0.0,0.043427178118140536,0.5340136054421769,1,104.3161671036574,23690,22220,0.29411764705882354,0.001807420342797076,314,588
#,#,2.0,0.0,#,#,#,#,#,#,"-2.953376110608775,3.9724181597451214","-3.6725948918630613,4.280458867657501",#,#,#,"-0.9136095844571218,3.0331639983369594",#,0.0,0.06866255114699386,0.5852534562211982,1,108.4622901705301,23696,22224,0.29411764705882354,0.0019333946036189022,127,217
#,#,#,#,"1.6976736073740941,5.479626506800557","-1.5302907854001266,5.938942491252743",#,"-0.30229591636272923,4.648161857351328","-2.4703784908880033,0.9123659172552276",#,#,#,#,#,#,#,"-2.5646131586196312,1.8052261415475672",1.0,0.12302670900263227,0.6576576576576577,1,116.06161306890426,23652,22235,0.29411764705882354,0.0020688563374599805,73,111
#,#,2.0,#,"-9.885442791393881,-1.0862229126721092",#,"-5.189549188409084,0.5522139120353733","-1.5905728652229136,3.3710543257334145",#,#,#,#,#,#,#,"-1.4164295965441245,1.5941498232497666",#,0,0.21720617794361205,0.7368421052631579,1,131.52081164665725,23696,22247,0.29411764705882354,0.0023444242888604905,56,76
#,#,3.0,1.0,#,"-0.7732068946490906,4.195815761627359",#,#,#,"-1.05099641803882,4.211486370846068",#,"-3.315225566977086,2.640038186522575",#,#,#,"-1.9900309501213695,2.709410095410558",#,1,0.022471088720933,0.46808510638297873,1,92.9135270161463,23446,22254,0.35294117647058826,0.0016562301188162195,44,94
#,#,#,0.0,"-5.624852647846181,-1.3747021433522688","-3.667472629947992,3.7860613544666823",#,"-6.90343829290293,0.3212880914003109",#,#,#,#,#,#,#,#,#,0.0,0.1492221670519988,0.6835443037974683,1,115.26079810890697,23696,22265,0.23529411764705882,0.0020512872491070975,54,79
#,#,#,#,#,"-3.6793184901160476,4.240289409728807","-5.676920138351705,2.0523625625334576",#,#,#,#,#,#,#,#,#,#,0,0.03835629086183731,0.5209155485398579,1,105.02792592763426,23696,22297,0.11764705882352941,0.0018232796643547274,660,1267
#,#,#,#,#,#,#,#,#,#,"-2.6485583273880935,4.287861442561566",#,#,"-4.277892143073181,3.394011866014022","-1.0748647181317694,3.014556385613921",#,#,0,0.03435912328238025,0.5095753538717736,1,105.26609996486195,23696,22301,0.17647058823529413,0.0018285866286182303,612,1201
1.0,#,#,#,"-9.885442791393881,-1.0862229126721092",#,#,#,#,#,"-2.962400614425169,1.564716794839533","-4.713504959836856,3.3734010272291006","-2.5235693121452867,1.3311828305924427",#,#,"-3.827286687113123,3.049339848427482","-2.547242500623269,2.987468329714207",0.0,0.06872850940451601,0.5853658536585366,1,95.1578207103655,23507,22308,0.4117647058823529,0.00169623577710093,24,41
#,#,2.0,#,"-5.624852647846181,0.987909711941908","-3.0647654279640024,2.6993008533166787","-5.189549188409084,-0.3370592187620698","-1.5905728652229136,3.3710543257334145",#,"-2.728208547390442,0.2586060084631434",#,"-3.9722197933538577,3.7070228631488567",#,#,#,#,#,0,0.1364580276075444,0.6714285714285714,1,119.90670134942906,23696,22311,0.4117647058823529,0.0021373969603835485,47,70
#,#,5.0,#,#,#,#,#,#,"-1.05099641803882,4.211486370846068","-2.348025335646114,1.6750277218679732","-3.7753060666483416,3.4487067602116763","-1.5823029901010663,1.03892846696059",#,#,#,#,1,0.051983837228233604,0.5535714285714286,1,114.5765780484395,23670,22318,0.29411764705882354,0.002042384845015579,124,224
#,#,#,1.0,#,#,#,#,#,#,#,"-3.7753060666483416,2.2263435061340595","-2.2340108676230583,2.9664860195929936","-1.0172150791406414,1.5332867232178113","-1.6293041582034549,2.661274127924191",#,#,1.0,0.030400866069284292,0.49725274725274726,1,95.9391338193438,23681,22321,0.29411764705882354,0.0017101630742865262,362,728
#,#,#,0.0,"-5.624852647846181,-1.3747021433522688","-3.667472629947992,3.7860613544666823",#,"-6.90343829290293,0.3212880914003109",#,#,#,#,#,#,"-2.472995598568785,0.9747905242123587",#,#,0.0,0.10789949540048838,0.640625,1,115.83768464555493,23649,22355,0.29411764705882354,0.0020648647012459585,41,64
#,2.0,#,#,"1.6976736073740941,5.570264828750038",#,#,"-0.30229591636272923,6.941957578815062",#,#,#,#,#,#,#,#,#,1.0,0.1150826641115845,0.648936170212766,2,125.17660651062094,23670,22363,0.17647058823529413,0.004462671314545385,61,94
#,#,2.0,#,"-9.885442791393881,-1.0862229126721092",#,#,"-1.5905728652229136,3.3710543257334145",#,#,"-2.953376110608775,3.9724181597451214",#,#,#,"-2.0372095708974447,1.717046429464245","-1.4164295965441245,1.5941498232497666",#,0,0.19428346330057358,0.7205882352941176,1,131.50556333020262,23696,22368,0.35294117647058826,0.0023441524799884734,49,68
#,#,#,1.0,#,#,#,"-1.0920817159278224,4.3887822478270255","-2.4703784908880033,0.9123659172552276",#,#,"-2.4397334638293087,2.640038186522575",#,#,#,#,#,1.0,0.026386407525468624,0.48336594911937375,1,95.51153316293207,23652,22375,0.23529411764705882,0.0017025408785878134,247,511
#,#,#,#,#,"-3.1875439602565416,0.7856877113096128",#,#,#,#,#,"-1.3985056746166085,3.7070228631488567",#,#,#,"-3.827286687113123,3.0331639983369594",#,0,0.031049422999509444,0.49935649935649934,1,103.38015364720391,23696,22390,0.17647058823529413,0.0017865642074207095,388,777
#,#,#,#,#,"-4.922731231399637,1.9802396022709665",#,#,#,"-3.787903941262922,0.9056617893641412",#,#,#,"-5.860976836306051,1.721834654382706","-3.952090380828154,0.7652466366944775","-3.827286687113123,3.0331639983369594",#,0,0.04047811696377392,0.5265553869499241,1,96.45986283490186,23684,22390,0.29411764705882354,0.001719445329594291,347,659
#,#,2.0,#,"1.3364340557060221,4.435986069971241",#,#,#,"-4.259648143477035,2.961732858311807",#,"-2.953376110608775,3.9724181597451214",#,#,"-2.3144202038225936,1.0612439463577112",#,"-0.9136095844571218,3.0331639983369594","-0.5615721283041663,1.5850155980937553",0.0,0.03125,0.5,1,94.26650249316806,23444,22399,0.4117647058823529,0.0016803475838078753,13,26
0.0,0.0,#,#,#,#,#,"-2.3785513537959035,3.3710543257334145","-3.1774177891885778,4.813823736143286",#,"-2.7026749355976163,1.8005064730764773",#,#,"-4.09163748477051,1.3094251555179761","-2.607205393441689,2.8095734827586427","-2.7839040368031824,3.5522237745847463","-1.5212788278074842,1.008628135447209",1.0,0.03213271279585747,0.5027932960893855,1,106.98367237189625,23559,22405,0.5294117647058824,0.001907037501365217,90,179
1.0,#,#,#,"-6.134728450973855,-1.3747021433522688","-2.723377983582085,3.636971016451771",#,"-6.90343829290293,6.305892503607218","-0.926014497661173,1.342282415784825",#,#,#,#,"-0.21556322380918935,3.910248515300072","-7.190227074484854,1.411132476831403",#,"-3.1708268233487207,2.1838220673683697",0,0.014458261438686257,0.42857142857142855,1,90.2053682176,23690,22406,0.47058823529411764,0.0016079558328997018,6,14
#,1.0,2.0,#,#,#,#,#,"0.3042809086183178,2.961732858311807",#,"-2.953376110608775,3.487220052686698",#,#,"-2.1769668688632517,0.8236234868525747",#,"-0.9136095844571218,3.0331639983369594",#,0.0,0.06092699470458736,0.5714285714285714,1,124.86399999999999,23684,22410,0.35294117647058826,0.00222576328977298,4,7
#,#,#,#,"-0.12933495542262285,5.570264828750038",#,#,"-1.1879515139602312,4.734917608161943","-2.5306036605078535,2.885432090833779",#,#,#,#,#,"-5.2777759911546624,2.7501013249835",#,#,1.0,0.0586718050398252,0.5671342685370742,1,104.9646435216272,23678,22422,0.23529411764705882,0.001871047301660567,283,499
#,#,2.0,#,"-5.624852647846181,-1.0862229126721092",#,#,#,"-8.260208626252755,3.6252496220910455",#,#,#,#,#,#,#,"-3.1708268233487207,1.6179227838180896",0,0.21720617794361205,0.7368421052631579,1,124.2758466020922,23696,22431,0.23529411764705882,0.0022521594379651243,56,76
3.0,#,#,#,#,#,#,"-0.30229591636272923,4.648161857351328","-2.9257356247117756,3.7941605852861753","-1.05099641803882,4.211486370846068","-2.348025335646114,1.9131708367759854",#,"-1.7699813318948678,3.4915642851460067",#,"-2.9145026321826624,2.7501013249835",#,#,1.0,0.012969053815113136,0.41935483870967744,1,109.48411222463582,23622,22436,0.4117647058823529,0.0019516090931171479,39,93
#,#,#,1.0,#,"-2.0626312098015807,2.246166433369975","-1.110293148416903,1.226090911042771",#,"-6.155251528001267,7.6872869354456395","-0.7030671803944146,3.4215814919748215",#,#,#,#,#,"-0.68431278256111,3.5522237745847463","-2.607002726977634,2.556191099760101",1.0,0.0345025251,0.51,1,107.06824182114345,23681,22444,0.4117647058823529,0.001908544994121902,102,200
#,2.0,#,#,"-9.885442791393881,-1.0862229126721092",#,#,"-3.656758333905627,2.948947896826423",#,#,#,#,#,#,"-7.190227074484854,1.411132476831403",#,"-0.1649865965009749,3.514878077324034",0,0.11754114976650926,0.651685393258427,1,99.97911756637048,23690,22463,0.29411764705882354,0.0017821778064383992,58,89
#,2.0,#,1.0,"1.6976736073740941,5.479626506800557",#,"-3.1595711085688913,2.0523625625334576",#,#,"-2.8227257865001367,1.8708399441269266",#,"-3.7753060666483416,2.2263435061340595","-2.9142814922654656,2.9664860195929936",#,#,"-2.132313090857858,3.1545580853655597",#,1.0,0.1356062323459334,0.6705882352941176,1,130.49962386380133,23681,22469,0.47058823529411764,0.002326221105564702,57,85
#,2.0,#,1.0,"-9.885442791393881,-1.0862229126721092",#,#,"-3.656758333905627,2.948947896826423",#,#,#,#,#,#,"-7.190227074484854,1.411132476831403",#,#,0,0.06504222973314074,0.5789473684210527,1,98.40043131701702,23690,22482,0.29411764705882354,0.0017540369339701112,66,114
#,2.0,#,0.0,"-9.885442791393881,-1.0862229126721092","-2.4804581752642214,4.277412637271751",#,#,#,#,#,#,#,#,"-7.190227074484854,1.411132476831403",#,"-0.1649865965009749,3.514878077324034",0,0.03125,0.5,1,125.97729519616001,23054,22484,0.35294117647058826,0.0022456083338072376,8,16
#,#,#,1.0,#,#,#,#,#,#,#,"-2.254578308188077,2.9021595792903505",#,"-4.09163748477051,1.3094251555179761",#,#,#,1,0.031047866138010357,0.4993514915693904,1,96.0257012308133,23681,22487,0.17647058823529413,0.0017117061817197294,385,771
#,#,#,1.0,#,"-2.0626312098015807,2.246166433369975","-1.110293148416903,1.226090911042771",#,"-6.155251528001267,7.6872869354456395",#,#,#,#,#,#,"-0.68431278256111,3.5522237745847463","-2.607002726977634,2.556191099760101",1.0,0.03125,0.5,1,94.72375971737605,23681,22487,0.35294117647058826,0.001688498422669562,155,310
#,#,#,#,#,#,#,#,#,#,#,#,#,#,"-3.411821993365887,4.123785803421335",#,#,1.0,0.026034142436625954,0.48206839032527105,1,103.93175462722346,23681,22498,0.058823529411764705,0.0017988549118264057,578,1199
1.0,#,#,#,"-9.885442791393881,-1.0862229126721092",#,"-4.183845750292148,-0.14010410891963554","-4.035552354760769,5.5902655748352865","-4.2225936649426075,3.2996782119207704",#,#,"-4.713504959836856,3.3734010272291006",#,#,#,"-3.827286687113123,3.049339848427482","-2.547242500623269,2.987468329714207",0.0,0.06092699470458736,0.5714285714285714,1,97.83303306565124,23507,22504,0.47058823529411764,0.0017439227761778624,12,21
#,#,#,#,#,#,"-2.413689035917961,0.9111652025438827",#,#,#,#,#,#,#,"-3.411821993365887,4.123785803421335",#,#,1.0,0.02423730618315846,0.47522236340533675,1,105.00491614140121,23681,22505,0.11764705882352941,0.001822766963160798,374,787
#,0.0,#,#,"-0.12933495542262285,5.570264828750038",#,#,"-1.1879515139602312,4.734917608161943","-2.5306036605078535,2.885432090833779",#,#,#,#,"-1.8128935557750838,3.2130952900489254","-2.153416716305238,2.7501013249835","-2.735900366205435,-0.1658935444301617",#,1.0,0.018597653331269857,0.4507042253521127,1,107.6155607302994,23622,22512,0.4117647058823529,0.0019183012275902991,32,71
#,#,5.0,#,"-5.195226274113045,-1.0862229126721092",#,"-4.183845750292148,0.6764386530301165",#,"-2.446767130735399,1.0095184013162632","0.04172499882053082,2.8151956578274318","-2.953376110608775,3.1342580159321276",#,"-0.9594701477811021,1.9701414806995725",#,#,#,#,0,0.043151275720164604,0.5333333333333333,1,108.78259689472,23507,22514,0.4117647058823529,0.001939104231279151,8,15
#,#,#,1.0,"-0.9493073548153936,6.5781761084001396",#,#,#,#,#,#,"-3.7753060666483416,3.4487067602116763","-1.5341260282282745,3.091576543057001",#,#,"-1.3352675537990584,3.1545580853655597",#,1.0,0.057400616096495716,0.5646551724137931,1,101.69622347990293,23681,22517,0.29411764705882354,0.0018127860786945548,262,464
#,#,2.0,0.0,#,#,#,#,#,#,#,#,"-1.9908497305751502,1.015856940760279",#,#,#,#,0.0,0.08290305819378858,0.6077348066298343,1,113.409672650343,23696,22520,0.17647058823529413,0.0020100407019594422,110,181
#,#,#,#,"1.6976736073740941,5.570264828750038",#,#,"-4.636438228734076,1.6400350200819587",#,#,#,#,#,"-1.0172150791406414,1.5332867232178113","-2.153416716305238,2.7501013249835",#,#,1.0,0.07909147588272415,0.6020408163265306,1,118.80267662567006,23681,22537,0.23529411764705882,0.0021177171671593643,118,196
#,#,#,1.0,"-1.2481805622175992,6.5781761084001396",#,#,#,#,#,#,"-3.7753060666483416,6.558894521249416","-1.5341260282282745,3.091576543057001","-5.601511361676775,2.553538369516139",#,#,"-3.11784274430484,1.4819880979764206",1.0,0.051544044179978286,0.5526315789473685,1,94.20951089773713,23681,22539,0.35294117647058826,0.001679331680097152,273,494
#,#,#,1.0,#,#,#,#,#,#,#,"-3.7753060666483416,3.4487067602116763",#,"-1.0172150791406414,2.553538369516139",#,#,#,1.0,0.02819728625093854,0.4898255813953488,1,91.74221998786285,23681,22544,0.17647058823529413,0.0016353509848416041,337,688
#,#,#,1.0,"-1.2481805622175992,6.5781761084001396",#,#,#,#,#,#,"-3.7753060666483416,6.558894521249416","-1.5341260282282745,3.091576543057001","-5.601511361676775,1.5332867232178113",#,"-1.3352675537990584,3.1545580853655597","-3.11784274430484,1.4819880979764206",1.0,0.05027538201505037,0.5498839907192575,1,98.62029575974955,23681,22544,0.4117647058823529,0.0017579561276957684,237,431
1.0,#,#,#,"-5.624852647846181,-1.0862229126721092",#,"-5.189549188409084,-0.3370592187620698",#,#,#,"-2.4381111239818822,1.564716794839533",#,#,#,#,"-3.827286687113123,3.049339848427482","-2.547242500623269,2.987468329714207",0.0,0.03125,0.5,1,99.7781876736,23507,22547,0.35294117647058826,0.0017785961305418513,7,14
#,#,2.0,#,"-9.885442791393881,-1.0862229126721092",#,#,"-1.5905728652229136,3.3710543257334145","-4.259648143477035,2.961732858311807",#,"-3.0201266555366404,1.4830547531374532","-4.713504959836856,3.7070228631488567","-2.5235693121452867,1.3311828305924427",#,#,#,#,0.0,0.20098226665734673,0.7254901960784313,2,134.3833822829432,23696,22547,0.4117647058823529,0.00479090208612416,37,51
#,#,#,#,"-5.624852647846181,1.3141917992500596",#,"-3.761110505428639,1.0638670314886742",#,#,#,#,#,"-2.9558636213014786,2.286599292821834",#,#,"-3.827286687113123,3.0331639983369594","-1.5440544046698874,2.0591464217837667",0.0,0.0634512542499386,0.5760869565217391,1,104.0059866066907,23696,22554,0.29411764705882354,0.0018005089395568303,318,552
#,#,#,#,"1.6976736073740941,5.570264828750038",#,#,#,"-2.16568024072526,3.0497615939000147",#,#,#,"-1.5341260282282745,3.091576543057001",#,"-2.153416716305238,2.7501013249835",#,#,1.0,0.08922999988485629,0.6167400881057269,1,133.96720929826083,23681,22555,0.23529411764705882,0.002388032551331067,140,227
#,#,#,#,#,#,"-2.0882623823694697,4.208514537677283",#,"-6.155251528001267,3.948463301942218",#,"-3.5445472092572516,3.889045254173272","-3.315225566977086,2.640038186522575",#,#,#,#,"-2.607002726977634,2.556191099760101",1.0,0.025449155512930668,0.47988223748773307,1,104.05213470572296,23681,22575,0.29411764705882354,0.0018015372057576448,489,1019
#,#,#,#,#,#,#,#,#,"-1.3906599070613868,1.667269281074427",#,#,#,"-2.6184590253341877,2.4075298204898212","-3.411821993365887,4.123785803421335",#,#,1.0,0.021008639762015707,0.4618272841051314,1,100.820435030435,23681,22587,0.17647058823529413,0.001729528875686255,369,799
#,#,#,1.0,#,"-2.8623341853385376,3.199873455318731",#,#,#,#,#,#,#,#,#,"-1.3352675537990584,3.1545580853655597","-1.7679263557759684,0.9153083022214341",1.0,0.032369958610816166,0.5035335689045937,1,96.87534191655203,23681,22593,0.23529411764705882,0.001726851452156483,285,566
#,2.0,#,#,"0.889207278582044,5.570264828750038",#,#,"-0.05684631937547269,3.213991852542743","-2.5306036605078535,2.885432090833779",#,#,#,"-1.5798007410571624,0.6559555017307207","-2.491031681788191,2.384927646250027","-2.153416716305238,2.7501013249835",#,#,1.0,0.051544044179978286,0.5526315789473685,1,125.26459722625073,23670,22593,0.4117647058823529,0.0022329041358148637,42,76
#,#,2.0,#,#,#,#,#,#,#,#,"-3.9722197933538577,3.7070228631488567","-2.7369659081237034,0.5010258917759893",#,#,"-2.2409605195798337,3.3035626719055573","-2.547242500623269,1.938755065171469",0,0.10147878204588778,0.6328125,1,111.5999423499903,23696,22594,0.29411764705882354,0.001969716516576597,81,128
#,#,#,0.0,"1.6976736073740941,5.570264828750038",#,#,"-4.636438228734076,1.6400350200819587",#,#,#,#,#,"-1.0172150791406414,1.5332867232178113","-2.153416716305238,2.7501013249835",#,#,1.0,0.03381015364324406,0.5079365079365079,1,94.99530327011463,23622,22598,0.29411764705882354,0.0016933388223945433,32,63
#,#,#,#,#,#,#,"-6.90343829290293,0.3212880914003109",#,#,"-2.4905702417129336,2.0960034152699385","-3.105888215717234,2.3587146202673677",#,#,#,#,#,0.0,0.048914807848632336,0.546875,1,105.57994462909679,23696,22606,0.17647058823529413,0.0018355796763776429,350,640
#,#,#,#,#,#,#,#,#,"-2.1665447028988423,4.211486370846068",#,#,#,#,"-3.411821993365887,2.8095734827586427","-2.7839040368031824,3.5522237745847463",#,1.0,0.023925704453103016,0.47399411187438667,1,104.24804019807488,23681,22607,0.17647058823529413,0.0018059023475633473,483,1019
#,#,#,#,#,#,#,#,"-3.1774177891885778,4.435915159046242",#,#,#,#,"-4.09163748477051,2.4075298204898212","-1.6342397421592758,4.123785803421335",#,#,1.0,0.02411400090255803,0.4747378455672069,1,104.21923527906611,23681,22607,0.17647058823529413,0.0018052605199419497,498,1049
#,#,#,#,#,"-0.7368441958813176,1.9464280385079658",#,#,"-3.1774177891885778,4.435915159046242",#,#,#,#,"-4.09163748477051,2.4075298204898212","-1.6342397421592758,4.123785803421335",#,"-1.7785253382563666,0.598053930255618",1.0,0.024889230056698915,0.477751756440281,1,95.23614128107113,23678,22621,0.29411764705882354,0.0016051003371699213,204,427
#,#,2.0,0.0,"-6.134728450973855,1.9741759247721806",#,#,#,#,#,#,#,"-3.68156760993426,0.32737461851297933",#,#,#,#,0,0.16806999999999994,0.7,1,111.06051775374513,23696,22633,0.23529411764705882,0.001957697124839156,63,90
#,#,#,#,"-1.2481805622175992,5.440158679601252",#,#,"-0.05684631937547269,3.213991852542743","-2.5306036605078535,2.885432090833779",#,#,"-3.7753060666483416,6.558894521249416",#,"-5.601511361676775,2.553538369516139",#,#,#,1.0,0.044820081315278315,0.5373961218836565,1,94.59886722292613,23678,22634,0.29411764705882354,0.0016862721514519588,194,361
#,2.0,#,1.0,#,#,#,#,#,#,#,#,"-1.5798007410571624,3.091576543057001",#,#,#,"-3.11784274430484,1.4819880979764206",1.0,0.041242233005280494,0.5285285285285285,2,97.46343528122279,23681,22634,0.23529411764705882,0.00347466902140105,176,333
#,#,#,1.0,#,#,"-1.711376794134185,0.9844509667808229",#,"-3.1774177891885778,4.435915159046242",#,#,#,#,"-4.09163748477051,2.4075298204898212",#,#,#,1.0,0.025782293865491277,0.4811320754716981,1,95.48593069710061,23681,22653,0.23529411764705882,0.001702084501821289,204,424
#,#,2.0,0.0,"-6.134728450973855,1.9741759247721806",#,"-5.4659725202505545,0.19526577767096187",#,#,"-2.938100819414389,1.613235646648217","-2.953376110608775,3.9724181597451214","-3.6725948918630613,0.5605481500968419",#,#,#,"-0.9136095844571218,3.0331639983369594","-2.2384725312787928,2.668013700487885",0.0,0.15074250260106667,0.684931506849315,1,106.55833540673248,23684,22655,0.5294117647058824,0.0018994556570958922,50,73
#,#,#,#,#,#,#,#,"-3.1774177891885778,2.885432090833779",#,"-2.348025335646114,1.6750277218679732",#,"-1.5798007410571624,0.6559555017307207",#,#,#,#,1.0,0.021810408031437786,0.46529968454258674,1,111.85607423458241,23681,22663,0.17647058823529413,0.001975423615360729,295,634
#,2.0,#,#,"0.889207278582044,5.570264828750038",#,#,"-0.30229591636272923,4.648161857351328","-2.5306036605078535,4.416717999366027",#,#,#,#,"-2.754382948686402,2.3466206560305034","-2.153416716305238,2.7501013249835",#,"-2.5646131586196312,1.8052261415475672",1.0,0.05688464101433706,0.5636363636363636,1,101.27925714308364,23678,22663,0.4117647058823529,0.0018053534450646576,62,110
#,0.0,#,#,"-6.80403080747859,1.3141917992500596","-2.1939650945784153,0.4893071398108678",#,#,#,#,#,#,#,#,#,"-3.827286687113123,3.0331639983369594","-2.547242500623269,3.0176184983977397",0.0,0.06652328677372028,0.5815602836879432,1,99.61562408200186,23650,22684,0.29411764705882354,0.0017756983531646026,82,141
#,#,#,#,"-5.624852647846181,1.3141917992500596",#,#,#,#,#,#,#,"-2.9558636213014786,2.286599292821834",#,#,"-3.827286687113123,3.0331639983369594",#,0.0,0.06516550913241669,0.5791666666666667,1,102.90184975020146,23696,22684,0.17647058823529413,0.0017759066994990566,417,720
#,#,2.0,0.0,"-6.134728450973855,1.9741759247721806",#,"-5.4659725202505545,0.19526577767096187",#,"-4.259648143477035,2.961732858311807",#,"-2.953376110608775,3.9724181597451214","-3.6725948918630613,4.280458867657501",#,#,#,"-0.9136095844571218,3.0331639983369594","-2.2384725312787928,2.668013700487885",0.0,0.09870163673127537,0.6293103448275862,1,107.59595895639687,23696,22688,0.5294117647058824,0.00191795181616053,73,116
#,1.0,2.0,#,#,#,#,#,#,"-2.938100819414389,1.613235646648217","-2.953376110608775,3.487220052686698","-0.8762790198209269,0.5605481500968419",#,#,#,"-0.9136095844571218,3.0331639983369594",#,0.0,0.2373046875,0.75,1,123.39680000000001,23574,22688,0.35294117647058826,0.0021996097154941253,6,8
#,#,#,1.0,#,#,#,#,"-2.4703784908880033,4.435915159046242",#,#,#,#,#,#,#,"-2.8027790060883904,1.1837410572220355",1.0,0.02802357379043214,0.4892205638474295,1,98.02474256649035,23681,22689,0.17647058823529413,0.0017473400939737715,295,603
#,#,#,#,"-6.134728450973855,-1.0862229126721092",#,#,"-4.429904973737197,2.7288255300636513","-4.259648143477035,4.898874082663475",#,"-2.6691296243441602,3.1342580159321276",#,#,#,#,#,#,0.0,0.10682523578800285,0.639344262295082,1,108.99583120497364,23696,22726,0.23529411764705882,0.0019116920360511176,195,305
#,#,#,#,"-6.134728450973855,-1.0862229126721092",#,"-4.155257366998901,4.061249838545167",#,"0.8869957483363407,2.961732858311807",#,"-2.953376110608775,4.287861442561566",#,"-1.492495459369802,1.205831040546609","-5.860976836306051,1.721834654382706",#,"-1.622412588815819,2.0490257280059994",#,0,0.03431148168782393,0.5094339622641509,1,102.4786992437237,23675,22726,0.4117647058823529,0.0018267341007845836,27,53
#,#,2.0,#,"-6.134728450973855,1.9741759247721806",#,"-5.4659725202505545,0.19526577767096187",#,#,"-2.938100819414389,1.613235646648217","-2.953376110608775,3.9724181597451214","-3.6725948918630613,0.5605481500968419",#,#,#,"-0.9136095844571218,3.0331639983369594","-2.2384725312787928,2.668013700487885",0.0,0.126916476145353,0.6617647058823529,1,106.55833348051594,23684,22728,0.47058823529411764,0.0018994556227601184,45,68
#,#,#,1.0,"-0.21638567561397506,5.479626506800557",#,#,#,"-6.155251528001267,3.948463301942218",#,"-3.282412916950521,2.717203697958488",#,#,#,"-1.5186164107806324,2.0824046507907847",#,#,1.0,0.06092699470458736,0.5714285714285714,1,108.67167373158543,23681,22729,0.29411764705882354,0.0019371269703833732,188,329
#,#,#,1.0,#,#,#,#,"-1.8504280788609737,3.064122880689766",#,#,"-2.254578308188077,2.9021595792903505",#,"-4.09163748477051,1.3094251555179761",#,#,#,1,0.028188749379596083,0.4897959183673469,1,106.6808801822062,23681,22742,0.23529411764705882,0.001901640079047799,264,539
0.0,#,#,#,"-6.134728450973855,-0.6312870654637839",#,#,#,#,#,#,"-1.3727487872030266,3.7070228631488567",#,"-2.908224635090366,1.2175871040188952","-1.6519776676124842,3.787862659442209","-3.827286687113123,3.0331639983369594","-2.547242500623269,2.1838220673683697",0,0.09244227392200599,0.6211180124223602,1,110.73816742424789,23696,22755,0.4117647058823529,0.001973963254658068,100,161
#,#,#,#,"-5.195226274113045,-1.3747021433522688","-3.6793184901160476,4.240289409728807",#,"-4.035552354760769,5.5902655748352865","-2.446767130735399,1.0095184013162632",#,"-2.6485583273880935,4.287861442561566",#,"-0.9594701477811021,1.9701414806995725",#,#,#,"-5.056147733556214,1.5926052574298657",0,0.1797371778738998,0.7094594594594594,1,121.84032136536197,23696,22755,0.4117647058823529,0.002171864704872222,105,148
0.0,#,#,1.0,"1.6976736073740941,5.479626506800557",#,#,#,"-3.375937501371159,1.4383164998214024","-1.05099641803882,4.211486370846068",#,"-3.7753060666483416,3.4487067602116763","-2.2340108676230583,2.9664860195929936",#,"-2.153416716305238,2.7501013249835",#,#,1.0,0.12523325760000004,0.66,1,128.0193955061971,23681,22766,0.47058823529411764,0.0022820097938286575,33,50
#,2.0,#,#,"0.889207278582044,5.570264828750038",#,#,"-0.05684631937547269,3.213991852542743","-2.5306036605078535,2.885432090833779",#,#,"-0.9440800301935408,1.9036707434885758","-1.5798007410571624,0.6559555017307207",#,"-2.153416716305238,2.7501013249835",#,#,1.0,0.051983837228233604,0.5535714285714286,1,125.5414613979134,23670,22768,0.4117647058823529,0.002237839378234938,31,56
3.0,#,#,0.0,"-5.624852647846181,1.9741759247721806",#,#,#,"-3.181604224799827,1.0308680262436642",#,#,#,#,#,#,#,#,0,0.2373046875,0.75,1,95.58538332768615,23629,22771,0.23529411764705882,0.0016128821049993284,27,36
#,2.0,#,1.0,"1.6976736073740941,5.479626506800557",#,"-3.1595711085688913,2.0523625625334576",#,"-2.833633666805012,4.287450376625651","-2.8227257865001367,1.8708399441269266",#,"-3.7753060666483416,2.2263435061340595","-2.9142814922654656,2.9664860195929936",#,#,"-2.132313090857858,3.1545580853655597",#,1.0,0.10682523578800285,0.639344262295082,1,130.50021377102468,23681,22784,0.5294117647058824,0.0023262316209561843,39,61
#,2.0,#,1.0,"1.6976736073740941,5.479626506800557","-1.6243396576544171,2.1521175611156846",#,#,"-0.5769521037459989,2.0307688135666386","-2.8227257865001367,1.8708399441269266",#,"-3.7753060666483416,2.2263435061340595",#,#,#,"-2.132313090857858,3.1545580853655597",#,1.0,0.17525145137855438,0.7058823529411765,1,140.14702578545408,23681,22784,0.47058823529411764,0.0024981908729828526,24,34
#,#,#,0.0,"-9.885442791393881,-1.0862229126721092",#,"-1.1505435688677514,2.6236152964132597",#,#,#,#,"-1.3985056746166085,3.3734010272291006",#,#,#,#,#,0,0.29103830456733704,0.78125,1,109.10429783759142,23684,22793,0.23529411764705882,0.0019448387115851525,25,32
#,#,5.0,1.0,"1.6976736073740941,5.479626506800557",#,#,#,#,"-1.05099641803882,4.211486370846068",#,"-3.7753060666483416,3.4487067602116763","-2.2340108676230583,2.9664860195929936",#,"-2.153416716305238,2.7501013249835",#,#,1.0,0.15359020233154297,0.6875,2,142.34098857291283,23670,22798,0.4117647058823529,0.005074598715331635,33,48
#,#,#,0.0,"-4.950281853822076,1.9741759247721806",#,#,#,#,#,"-2.1505923988553635,2.852942499671406",#,#,#,#,"-0.9136095844571218,3.3035626719055573","-2.547242500623269,1.938755065171469",0,0.07933403798595945,0.6024096385542169,1,106.16917671892887,23696,22799,0.29411764705882354,0.0018925187087263902,100,166
#,#,#,0.0,"-0.9950424784152805,1.9741759247721806",#,#,#,#,#,#,#,"-2.320934212209049,3.3070039161880365",#,#,"-0.9136095844571218,3.3035626719055573","-2.547242500623269,1.938755065171469",0,0.044274946679802904,0.5360824742268041,1,85.34689399798934,23625,22799,0.29411764705882354,0.001521351098450078,52,97
#,#,#,1.0,"-9.885442791393881,-0.6312870654637839",#,"-3.2774420629785617,0.6764386530301165","-6.90343829290293,0.3212880914003109",#,"0.04172499882053082,2.974496362658692","-0.0988886537277267,5.821960976195617","-1.3985056746166085,3.7070228631488567",#,#,#,#,#,0,0.08356049390158359,0.6086956521739131,1,102.43628618742089,23650,22808,0.4117647058823529,0.0018259780668298338,14,23
#,#,#,#,#,"-0.7799778507361115,4.240289409728807",#,#,"-4.259648143477035,4.484810384860461",#,"-2.6691296243441602,4.287861442561566",#,#,"-5.860976836306051,1.721834654382706",#,"-1.1831512709444705,1.1665692518214934",#,0.0,0.0333607408180205,0.506578947368421,1,105.23658465501651,23696,22810,0.29411764705882354,0.0018279289721565978,231,456
#,2.0,#,#,"0.889207278582044,5.570264828750038",#,"-1.2871677277967477,3.834905017941768","-0.05684631937547269,3.213991852542743","-2.5306036605078535,2.885432090833779","0.23632283235591678,2.014188639411622",#,#,"-1.5798007410571624,0.6559555017307207",#,"-2.153416716305238,2.7501013249835",#,#,1.0,0.04662947792084618,0.5416666666666666,1,121.4818247053075,23670,22829,0.47058823529411764,0.0021654743224925493,13,24
#,2.0,#,#,"0.889207278582044,5.570264828750038",#,#,"-0.05684631937547269,3.213991852542743","-2.5306036605078535,2.885432090833779",#,"-1.4213044230116028,1.1638552745605617","-0.9440800301935408,1.9036707434885758","-1.5798007410571624,0.6559555017307207",#,"-2.153416716305238,2.7501013249835",#,#,1.0,0.05416439925154502,0.5581395348837209,1,127.83027023445837,23670,22829,0.47058823529411764,0.002278638541209773,24,43
#,#,#,#,#,#,"-1.1190574130260007,3.553710705893347","-3.656758333905627,0.3212880914003109",#,"0.41436960049847604,2.974496362658692",#,"-1.3985056746166085,3.3734010272291006",#,#,#,"-0.8799019917642059,3.3789664557491026",#,1,0.015279547325102883,0.43333333333333335,1,108.29676696714739,23681,22842,0.29411764705882354,0.0019304440696804182,52,120
#,#,#,#,"1.6976736073740941,5.570264828750038",#,#,"-0.30229591636272923,6.941957578815062","-3.1774177891885778,4.416717999366027",#,"-0.3892361455423179,2.1959235520298463",#,#,#,#,#,#,1.0,0.10049355861780968,0.631578947368421,1,129.26897956851846,23670,22846,0.23529411764705882,0.0023042842551097334,48,76
#,#,0.0,#,#,"-1.5302907854001266,5.938942491252743",#,"-0.30229591636272923,4.648161857351328",#,#,#,"-3.7753060666483416,2.2263435061340595",#,#,#,#,"-2.5646131586196312,1.8052261415475672",1.0,0.015279547325102883,0.43333333333333335,1,88.65162160598297,23424,22859,0.29411764705882354,0.0015802595219554239,26,60
#,#,3.0,#,"-5.624852647846181,1.3141917992500596",#,#,"-3.656758333905627,0.3212880914003109",#,"0.41436960049847604,2.974496362658692","1.0148848200915528,4.76753599398663",#,#,#,#,#,"-1.5440544046698874,1.5926052574298657",0.0,0.03125,0.5,1,92.0,22865,22865,0.35294117647058826,0.0016399460425672264,1,2
#,2.0,#,#,"1.6976736073740941,5.479626506800557",#,"-3.1595711085688913,2.0523625625334576",#,#,"-2.8227257865001367,1.8708399441269266",#,"-3.7753060666483416,2.2263435061340595","-2.9142814922654656,2.9664860195929936",#,"-3.566552824351138,2.026522441493828","-2.132313090857858,3.1545580853655597",#,1.0,0.05292214940134466,0.5555555555555556,1,126.36500856933222,23681,22869,0.47058823529411764,0.0022525195187201087,45,81
#,#,#,0.0,"-9.885442791393881,-1.0862229126721092",#,#,#,#,"-3.787903941262922,0.9056617893641412","-1.9998671663815362,2.6700987389101156",#,#,#,#,#,"-2.547242500623269,1.1223486294471228",0,0.30235651478560427,0.7872340425531915,2,121.19924737714311,23696,22876,0.29411764705882354,0.004367214073660665,37,47
#,#,#,#,"1.6976736073740941,5.570264828750038","-2.6831377253354294,0.8945585871836148",#,#,#,#,#,#,"-1.5341260282282745,3.091576543057001",#,"-2.153416716305238,2.7501013249835",#,#,1.0,0.09870163673127537,0.6293103448275862,1,128.37510969709743,23681,22884,0.23529411764705882,0.0022883505773031356,73,116
#,#,#,#,"-5.624852647846181,1.3141917992500596","-1.2620996579558343,1.7193139358100353",#,#,#,#,#,"-1.3727487872030266,3.7070228631488567","-0.6152411347427831,2.286599292821834",#,#,"-3.827286687113123,3.0331639983369594",#,0,0.051122245760098564,0.5517241379310345,1,99.32465779485467,23696,22889,0.29411764705882354,0.001770511733478434,144,261
#,#,#,#,#,#,"-3.761110505428639,0.5522139120353733",#,#,#,#,#,"-2.9558636213014786,2.286599292821834",#,"-1.5513945543996073,0.8237469968496249",#,"-1.5440544046698874,2.0591464217837667",0.0,0.06403488375691083,0.5771428571428572,3,93.74461223437224,23684,22889,0.23529411764705882,0.005013133886274715,202,350
#,#,2.0,#,"-5.624852647846181,-1.0862229126721092",#,#,#,#,#,#,"-3.9722197933538577,3.7070228631488567","-1.3603216222679213,3.1882859061625988",#,#,"-2.217603738352516,2.775552372525157",#,0,0.3366816616594237,0.8043478260869565,1,126.5355033550909,23696,22892,0.29411764705882354,0.00230250882858524,37,46
#,0.0,#,#,#,#,"-3.761110505428639,0.5522139120353733",#,#,#,"-2.3081599886708317,0.44378420551889175",#,"-2.9558636213014786,2.286599292821834",#,"-1.5513945543996073,0.8237469968496249",#,"-1.5440544046698874,2.0591464217837667",0.0,0.0717116868296299,0.5903614457831325,1,97.42428228375422,23649,22901,0.35294117647058826,0.0017366365889260335,49,83
#,#,#,0.0,"-4.950281853822076,1.9741759247721806",#,"-4.383649099954547,-1.238516712220371",#,#,"-2.502088248212485,2.5470506438257186",#,#,#,#,#,"-0.9136095844571218,3.3035626719055573","-2.547242500623269,1.938755065171469",0,0.06547183345491882,0.5797101449275363,1,112.70269050342418,23696,22919,0.35294117647058826,0.0020089818617148847,40,69
#,#,2.0,#,#,#,"-3.4858941388532627,1.5463176815214195",#,"-2.8914402492730664,0.41835937654681965","-1.05099641803882,4.211486370846068",#,#,#,"-2.709207199543174,-0.683808709434991",#,#,"-2.547242500623269,1.938755065171469",1,0.004115226337448558,0.3333333333333333,1,150.76381753802752,23555,22922,0.35294117647058826,0.002687440499280605,6,18
#,#,#,#,"1.6976736073740941,5.570264828750038",#,#,#,"-2.4703784908880033,3.484806931196194","-0.7724636177446513,4.211486370846068",#,#,"-2.2340108676230583,2.9664860195929936",#,#,#,#,1.0,0.09122166244342725,0.6194690265486725,1,129.493874195272,23681,22925,0.23529411764705882,0.0023082931143829847,70,113
#,#,#,#,"-9.885442791393881,-1.0862229126721092","-1.0912508633099098,2.486445449209134",#,#,#,"0.41436960049847604,2.974496362658692",#,"-1.3985056746166085,3.3734010272291006",#,#,"-2.549888485276804,1.2043675150848858",#,"-1.9056800049973504,0.7008908056286973",0.0,0.06092699470458736,0.5714285714285714,2,110.5694852717764,23604,22928,0.35294117647058826,0.003941912821742281,28,49
#,#,#,#,"-5.195226274113045,1.3141917992500596","-2.103236810256524,1.7726008616391067",#,#,#,#,"1.0148848200915528,4.76753599398663","-1.3727487872030266,3.7070228631488567",#,#,#,#,"-1.5440544046698874,1.5926052574298657",0.0,0.03972836722144253,0.5245901639344263,1,100.05177241481672,23650,22931,0.29411764705882354,0.0017834729154729942,32,61
#,#,2.0,#,"-6.134728450973855,1.9741759247721806",#,"-5.4659725202505545,0.5522139120353733",#,#,#,"-2.953376110608775,3.9724181597451214",#,"-2.9558636213014786,2.286599292821834",#,"-1.5513945543996073,0.8237469968496249",#,"-1.5440544046698874,2.668013700487885",0.0,0.14012604492187505,0.675,1,107.39212009202404,23684,22938,0.4117647058823529,0.0019143182863893386,54,80
#,#,#,0.0,#,#,"-3.761110505428639,0.19526577767096187",#,#,"-2.938100819414389,1.613235646648217",#,"-3.6725948918630613,0.5605481500968419",#,#,#,"-0.9136095844571218,3.0331639983369594","-2.2384725312787928,2.0591464217837667",0.0,0.05843032921810699,0.5666666666666667,1,104.18328775959088,23684,22938,0.35294117647058826,0.0018571192441628654,51,90
#,2.0,#,1.0,#,#,#,#,#,#,#,"-3.7753060666483416,3.4487067602116763","-1.5823029901010663,3.091576543057001",#,#,#,#,1.0,0.030066426354152923,0.49615384615384617,1,92.05604611594813,23681,22945,0.23529411764705882,0.0016409450926329915,129,260
#,#,#,1.0,"-1.5980424934057988,5.479626506800557",#,"-3.5876632977848537,2.0523625625334576",#,"-2.5306036605078535,3.7110683449066535",#,"-3.5625209878651045,2.1081518971319015",#,#,"-1.6040588631282788,3.0468561882312515",#,#,"-2.426958979377931,4.691368957973593",1.0,0.043413752291829366,0.5339805825242718,1,109.15399539572817,23681,22957,0.4117647058823529,0.0019457245954307137,165,309
#,#,2.0,0.0,#,#,"-5.4659725202505545,0.19526577767096187",#,#,#,#,#,#,"-1.1939229813031258,3.0069035166990314","-2.2821874266979534,-0.13689828363413037","-0.9136095844571218,1.2652245682898275","-2.2384725312787928,5.283864934109121",0.0,0.12385100560996302,0.6585365853658537,1,113.70397736653953,23585,22960,0.4117647058823529,0.0020268303011566303,27,41
#,#,#,1.0,"0.544946968371216,5.479626506800557",#,#,#,"-6.155251528001267,3.948463301942218","-2.607484710895457,-1.5500859923099084",#,"-3.7753060666483416,3.4487067602116763",#,#,#,#,#,1.0,0.06754356352880661,0.5833333333333334,1,100.78035399223015,23524,22966,0.29411764705882354,0.0017964602467182827,14,24
#,#,#,#,"-0.12933495542262285,9.260978551435706",#,#,#,#,#,"-1.7025854624068257,2.717203697958488",#,"-0.9665872400754184,2.7042908703672426","-1.6442768647813377,3.6067562577213588","-0.6133643154206216,4.2360903807471235","-4.678768949126942,0.46124469442360416","-2.607002726977634,2.556191099760101",1.0,0.05507317760000002,0.56,1,111.37818051477595,23681,22966,0.4117647058823529,0.001985371808299402,70,125
#,#,#,1.0,"0.544946968371216,5.479626506800557",#,"-3.1595711085688913,2.0523625625334576",#,#,#,#,"-3.7753060666483416,2.2263435061340595",#,#,#,#,#,1.0,0.0710607135913654,0.5892857142857143,1,108.5163462486968,23681,22976,0.23529411764705882,0.001934358180265274,99,168
#,#,#,#,"1.6976736073740941,5.570264828750038",#,#,#,"-2.4703784908880033,0.9123659172552276",#,#,#,#,"-1.0172150791406414,1.5332867232178113",#,#,#,1.0,0.038020403200000004,0.52,1,120.86161789308079,23652,22977,0.17647058823529413,0.0021544188256742403,52,100
#,#,#,#,"-6.134728450973855,-0.6312870654637839",#,#,"-3.656758333905627,0.3212880914003109","-2.446767130735399,4.484810384860461",#,#,#,"-0.9594701477811021,1.9386222077252662","-2.908224635090366,1.2175871040188952",#,#,#,0.0,0.10078467533637626,0.6319444444444444,3,110.35065863804058,23696,22983,0.29411764705882354,0.005901167149830703,91,144
#,#,#,0.0,#,"-2.723377983582085,3.636971016451771",#,"-4.035552354760769,5.5902655748352865",#,#,#,#,#,"-0.21556322380918935,3.910248515300072",#,"-0.9136095844571218,3.3035626719055573","-3.1708268233487207,1.938755065171469",0,0.04378213161539298,0.5348837209302325,1,106.53535297929827,23696,22984,0.35294117647058826,0.00189904598382503,46,86
#,#,2.0,0.0,"-5.624852647846181,-1.0862229126721092",#,"-5.189549188409084,-0.3370592187620698","-1.5905728652229136,3.3710543257334145","-4.259648143477035,2.961732858311807","-2.131839671231422,0.8549748846221636",#,"-3.9722197933538577,3.7070228631488567",#,#,#,#,#,0.0,0.38470588034229997,0.8260869565217391,1,146.6515456816563,23629,22991,0.47058823529411764,0.0026141371954021635,19,23
#,#,5.0,1.0,"0.544946968371216,5.479626506800557",#,"-3.1595711085688913,2.0523625625334576",#,#,#,#,"-3.7753060666483416,2.2263435061340595",#,#,#,#,#,1.0,0.07775999999999998,0.6,1,123.21919152945001,23670,22994,0.29411764705882354,0.002196443755620159,42,70
#,#,#,#,"-6.80403080747859,1.3141917992500596",#,#,#,#,#,#,#,#,#,#,"-3.827286687113123,3.0331639983369594",#,0.0,0.060623574019736094,0.5708582834331337,1,102.9012480108367,23696,22996,0.11764705882352941,0.0017758932916174003,286,501
#,0.0,#,#,#,"-2.1939650945784153,0.4893071398108678",#,"-4.429904973737197,2.7288255300636513","-4.259648143477035,4.898874082663475","-2.8838126993884208,2.2364408249320116","-2.6691296243441602,3.1342580159321276",#,#,#,#,#,"-2.547242500623269,3.0176184983977397",0.0,0.040212329167679126,0.5258620689655172,1,101.12962644773344,23650,22996,0.4117647058823529,0.0018026862030354606,61,116
#,#,2.0,#,#,#,#,#,"-4.259648143477035,2.961732858311807",#,"-2.953376110608775,3.9724181597451214","-1.385731585713473,3.924938776018042",#,#,#,"-0.9136095844571218,3.0331639983369594","-0.5615721283041663,1.5850155980937553",0.0,0.0715918077410571,0.5901639344262295,2,102.92672033168392,23696,23012,0.35294117647058826,0.0036694406017906247,36,61
#,2.0,#,#,"1.6976736073740941,5.479626506800557",#,#,#,"-2.8914402492730664,0.41835937654681965","-2.8227257865001367,4.211486370846068",#,"-3.7753060666483416,2.2263435061340595","-2.9142814922654656,2.9664860195929936",#,"-3.566552824351138,2.026522441493828",#,"-2.547242500623269,1.938755065171469",1.0,0.043151275720164604,0.5333333333333333,1,115.07197946882889,23652,23019,0.47058823529411764,0.002051215623263946,24,45
#,#,#,#,"-5.624852647846181,-1.0862229126721092",#,"-5.189549188409084,-0.3370592187620698","-1.5905728652229136,3.3710543257334145","-4.259648143477035,2.961732858311807","-2.813252918645329,-0.039782259638428075",#,"-3.9722197933538577,3.7070228631488567",#,#,#,#,#,0.0,0.36131873917399904,0.8157894736842105,1,124.73945718638208,23696,23023,0.35294117647058826,0.002223543251791209,31,38
#,#,#,1.0,#,"-3.0647654279640024,4.157463586158546",#,#,#,"-2.728208547390442,0.2586060084631434",#,"-3.9722197933538577,3.7070228631488567",#,#,#,"-3.827286687113123,3.0331639983369594","-2.426958979377931,1.5926052574298657",0.0,0.033162708796808486,0.5059760956175299,1,91.7761704878322,23675,23034,0.35294117647058826,0.0016359561694945161,127,251
#,0.0,#,0.0,"-6.134728450973855,1.9741759247721806",#,"-5.4659725202505545,0.5522139120353733",#,#,#,"-2.953376110608775,3.9724181597451214",#,"-2.9558636213014786,2.286599292821834",#,"-1.5513945543996073,0.8237469968496249",#,#,0.0,0.06872850940451601,0.5853658536585366,1,96.84881630682173,23649,23047,0.4117647058823529,0.0017263786198879626,24,41
#,1.0,#,1.0,"-5.624852647846181,-1.0862229126721092","-3.6793184901160476,2.4020528812347264","-2.039853415735752,3.621384882185765","-4.035552354760769,5.5902655748352865",#,#,"-2.6691296243441602,4.287861442561566",#,#,#,#,#,"-5.056147733556214,2.0591464217837667",0,0.19349176319999997,0.72,1,94.11235762827361,23675,23064,0.47058823529411764,0.0016775998744473785,18,25
#,#,#,#,#,"-1.8713066031630203,4.240289409728807",#,#,"-4.259648143477035,1.0095184013162632",#,#,"-1.3727487872030266,3.7070228631488567","-1.2085171626794806,1.9701414806995725",#,"-1.5575222007168539,1.737028983274017",#,"-2.547242500623269,1.5926052574298657",0,0.04913587471260238,0.5473684210526316,1,106.29870653171147,23696,23064,0.35294117647058826,0.0018515950396621678,156,285
#,2.0,#,#,"0.889207278582044,5.570264828750038",#,#,"-0.05684631937547269,3.213991852542743","-2.5306036605078535,2.885432090833779",#,"-1.4213044230116028,1.1638552745605617","-0.9440800301935408,1.9036707434885758","-1.5798007410571624,0.6559555017307207","-2.491031681788191,2.384927646250027","-2.153416716305238,2.7501013249835","-2.785204868964224,1.4736635785490848",#,1.0,0.018785887153971136,0.45161290322580644,1,129.29373426663517,23670,23065,0.5882352941176471,0.0023047255199924667,14,31
#,#,#,#,#,#,"-3.761110505428639,0.5522139120353733",#,#,#,"-2.953376110608775,-2.1453907914181776","-1.8281927244504326,2.4178483830555244",#,"-5.860976836306051,1.721834654382706",#,#,"-3.1708268233487207,3.0176184983977397",1,0.13168724279835387,0.6666666666666666,1,123.67999999999999,23484,23069,0.29411764705882354,0.002204657897225158,4,6
#,#,#,#,#,"-2.0626312098015807,2.246166433369975",#,#,"-6.155251528001267,3.948463301942218",#,"-3.282412916950521,0.3143491987519951","-3.315225566977086,2.640038186522575","-1.5341260282282745,3.091576543057001",#,#,#,"-2.607002726977634,2.556191099760101",1.0,0.01848806814982123,0.45017182130584193,1,107.840260307647,23681,23071,0.35294117647058826,0.0019223066100102742,131,291
#,#,#,1.0,"-9.885442791393881,-1.0862229126721092","-2.224578702360981,2.486445449209134",#,#,#,"0.41436960049847604,2.974496362658692",#,"-1.3985056746166085,3.3734010272291006",#,"-1.6692549938063972,1.4813648796952203","-2.549888485276804,1.2043675150848858",#,"-1.9056800049973504,0.7008908056286973",0.0,0.09212394683496279,0.6206896551724138,1,109.34726708749784,23604,23076,0.47058823529411764,0.0019491697600617782,18,29
0.0,#,#,1.0,"-1.5980424934057988,8.666570116744472",#,"-0.8309729178951026,4.470821678571079",#,"-2.5306036605078535,3.7110683449066535",#,#,#,#,#,#,#,#,1,0.07019201116127448,0.5878378378378378,1,98.62686597006115,23681,23085,0.29411764705882354,0.0017580732449827177,87,148
#,#,#,1.0,"-1.5980424934057988,5.479626506800557",#,"-3.5876632977848537,2.0523625625334576","-4.179466967729539,0.5941887426375865","-1.119015232660546,2.7925661433084104",#,#,#,#,#,#,#,"-2.426958979377931,4.691368957973593",1.0,0.06789645494162866,0.583941605839416,2,119.531593392877,23681,23085,0.35294117647058826,0.004261420946660944,80,137
#,#,#,1.0,"-5.624852647846181,-1.0862229126721092",#,#,"-4.035552354760769,0.3212880914003109","-2.446767130735399,1.0095184013162632",#,#,#,"-0.9594701477811021,1.9701414806995725",#,#,#,#,0,0.10564979349767295,0.6379310344827587,1,106.56742622169097,23690,23093,0.29411764705882354,0.001899617705422141,37,58
#,#,2.0,#,"-6.134728450973855,1.9741759247721806",#,"-3.761110505428639,0.5522139120353733",#,#,#,#,#,#,"-5.860976836306051,1.721834654382706",#,"-0.9136095844571218,3.0331639983369594","-3.1708268233487207,1.938755065171469",0,0.09251232717274617,0.6212121212121212,1,111.76480744919837,23696,23107,0.35294117647058826,0.0019922636268978364,41,66
#,#,#,#,#,#,#,#,#,#,"-2.953376110608775,3.9724181597451214","-1.8281927244504326,2.4178483830555244","-2.0903175598894426,1.224769282865005",#,#,#,"-2.547242500623269,3.0176184983977397",0,0.03724344570958624,0.5178571428571429,1,105.33390195585586,23696,23107,0.23529411764705882,0.0018300973841455217,261,504
1.0,#,3.0,1.0,"-5.624852647846181,-1.0862229126721092",#,#,"-4.035552354760769,5.5902655748352865","-2.446767130735399,1.0095184013162632",#,#,#,#,#,#,#,#,0,0.0003200000000000001,0.2,1,92.8,23690,23117,0.35294117647058826,0.001654206442937376,1,5
#,#,#,#,"1.9706977691114254,5.570264828750038",#,"-2.0882623823694697,2.0523625625334576",#,#,#,"-1.236435246952216,1.2653322023111688",#,"-3.780635247704371,3.091576543057001","0.017902947324412555,2.0433014374325955","-2.153416716305238,4.123785803421335",#,#,1.0,0.3276800000000001,0.8,1,112.89444799416101,23681,23120,0.35294117647058826,0.002012400034954738,20,25
#,#,5.0,1.0,"1.6976736073740941,5.479626506800557",#,"-0.5136864601721314,4.698247210930218",#,#,"-1.05099641803882,4.211486370846068",#,"-3.7753060666483416,3.4487067602116763","-2.2340108676230583,2.9664860195929936",#,"-2.153416716305238,2.7501013249835",#,#,1.0,0.08356049390158359,0.6086956521739131,1,138.3718936153516,23670,23124,0.47058823529411764,0.00246654825366336,14,23
#,#,#,#,"-0.12933495542262285,5.570264828750038","-2.8623341853385376,3.199873455318731","-3.5876632977848537,2.0523625625334576",#,#,#,"-4.165932034021967,0.3143491987519951","-3.315225566977086,2.640038186522575",#,#,#,#,#,1.0,0.02826661880554808,0.4900662251655629,1,108.45151455737066,23681,23141,0.29411764705882354,0.0019332025229215428,74,151
#,#,#,1.0,"-5.195226274113045,-1.0862229126721092","-1.8713066031630203,4.240289409728807",#,#,#,#,"-2.6691296243441602,4.287861442561566","-1.3727487872030266,3.7070228631488567","-1.2085171626794806,1.9701414806995725",#,#,#,"-5.056147733556214,2.0591464217837667",0,0.042858923980832374,0.532608695652174,1,100.3911432029867,23690,23146,0.4117647058823529,0.0017895223696145406,49,92
#,#,#,#,"-5.624852647846181,-1.3747021433522688","-3.6793184901160476,2.4020528812347264",#,#,"-4.259648143477035,1.0095184013162632",#,#,#,"-0.9594701477811021,1.9701414806995725",#,#,#,"-2.547242500623269,1.5926052574298657",0,0.154499017558717,0.6883116883116883,1,121.05690321798878,23696,23146,0.29411764705882354,0.0021578998843237436,53,77
#,0.0,#,#,#,#,"-3.4858941388532627,1.5463176815214195","-0.05684631937547269,3.213991852542743","-2.5306036605078535,0.41835937654681965",#,#,"-3.7753060666483416,6.558894521249416",#,"-5.601511361676775,2.553538369516139",#,#,"-2.547242500623269,1.938755065171469",0,0.016843243486362208,0.4418604651162791,1,112.83376732769973,23629,23151,0.4117647058823529,0.002011318371706656,19,43
#,2.0,#,#,#,#,#,"-0.05684631937547269,3.213991852542743",#,#,#,#,"-1.5798007410571624,0.6559555017307207",#,"-2.153416716305238,2.7501013249835",#,#,1.0,0.022631138563156128,0.46875,1,112.37768709561902,23670,23159,0.23529411764705882,0.002003188513318679,45,96
#,2.0,5.0,#,"1.6976736073740941,5.570264828750038","-1.5302907854001266,3.938480994931429",#,"-3.322000562308117,3.0428737181813834","-3.4356831955181137,3.484806931196194",#,#,"-3.7753060666483416,3.4487067602116763","-2.2340108676230583,2.9664860195929936",#,#,"-2.132313090857858,3.1545580853655597",#,1.0,0.17525145137855438,0.7058823529411765,1,143.02468990894081,23670,23167,0.5294117647058824,0.002549486676147524,12,17
#,#,#,1.0,"-5.624852647846181,1.3141917992500596","-1.2620996579558343,1.7193139358100353",#,#,#,#,#,"-1.3727487872030266,3.7070228631488567","-0.6152411347427831,2.286599292821834",#,#,"-3.827286687113123,3.0331639983369594",#,0,0.04338031594691959,0.5338983050847458,1,91.65119865943731,23690,23175,0.35294117647058826,0.0016337284841096403,63,118
#,#,3.0,#,"-5.195226274113045,-1.3747021433522688","-3.6793184901160476,4.240289409728807","0.3539399258880356,2.780184910711543","-4.035552354760769,5.5902655748352865","-2.446767130735399,1.0095184013162632",#,"-2.6485583273880935,4.287861442561566",#,"-0.9594701477811021,1.9701414806995725",#,#,#,"-5.056147733556214,1.5926052574298657",0,0.03125,0.5,1,91.84,23390,23175,0.5294117647058824,0.0016370939624931965,3,6
#,2.0,#,#,#,#,#,"-3.656758333905627,2.948947896826423",#,"0.41436960049847604,2.974496362658692",#,"-1.3985056746166085,3.3734010272291006",#,"-1.6692549938063972,1.4813648796952203","-7.190227074484854,1.2043675150848858",#,"-1.9056800049973504,3.514878077324034",0,0.037830870161990514,0.5194805194805194,1,98.77409888892538,23683,23182,0.4117647058823529,0.0017606977454460548,40,77
#,#,#,1.0,"-9.885442791393881,-1.0862229126721092","-2.224578702360981,2.486445449209134",#,#,#,#,#,#,#,#,#,#,#,0.0,0.05954234815351894,0.5688073394495413,1,99.17843912652917,23690,23182,0.17647058823529413,0.0017679053125385443,62,109
#,#,#,1.0,"-1.5980424934057988,5.479626506800557",#,#,#,"-2.5306036605078535,3.7110683449066535",#,"-3.5625209878651045,2.1081518971319015",#,#,#,#,#,"-2.426958979377931,4.691368957973593",1.0,0.04158799090330928,0.5294117647058824,2,107.16736149677051,23681,23184,0.29411764705882354,0.0038206237038913076,135,255
#,#,2.0,#,"-6.134728450973855,1.9741759247721806",#,"-5.4659725202505545,0.19526577767096187",#,#,"-2.938100819414389,1.613235646648217","-2.953376110608775,3.9724181597451214","-3.6725948918630613,0.5605481500968419",#,#,#,#,"-2.2384725312787928,2.668013700487885",0.0,0.24622492641704344,0.7555555555555555,2,103.3907650372373,23684,23186,0.4117647058823529,0.003573601298186294,34,45
#,#,#,#,"-6.134728450973855,-1.0862229126721092",#,#,"-3.656758333905627,5.5902655748352865","-2.446767130735399,4.484810384860461",#,"-0.8295705166565291,1.8389814292244147","0.3709124012861933,2.4178483830555244","-2.0522482440711998,1.9386222077252662",#,#,"-3.022674073410843,2.3376258691490115","-2.547242500623269,1.6179227838180896",0.0,0.05292214940134466,0.5555555555555556,1,113.47080195198073,23696,23191,0.47058823529411764,0.002022673832696525,20,36
0.0,#,#,#,"1.9706977691114254,5.570264828750038","-1.7212627879730584,0.9503569969140768",#,#,"-2.5306036605078535,3.948463301942218",#,#,#,#,#,"-0.8482984383417613,4.123785803421335",#,#,1,0.13168724279835387,0.6666666666666666,1,122.39119346057217,23681,23197,0.29411764705882354,0.002181684275660273,12,18
0.0,#,#,1.0,"0.544946968371216,5.479626506800557",#,"-3.5876632977848537,2.0523625625334576",#,"-2.5306036605078535,2.7925661433084104",#,#,#,#,#,"-2.953501581906834,2.7501013249835",#,"-2.607002726977634,4.691368957973593",1.0,0.06754356352880661,0.5833333333333334,1,107.12443327486532,23681,23209,0.4117647058823529,0.0019095466349062205,35,60
#,0.0,#,0.0,"-6.134728450973855,5.610366985464138",#,"-1.8747965214010693,0.9260925158631016","-3.466452088431101,-1.256426296594469",#,#,"-1.9306507140031302,3.990198915920213","-3.4702156490752807,3.3734010272291006",#,#,#,#,#,0,0.06754356352880661,0.5833333333333334,1,82.07673856,23566,23213,0.4117647058823529,0.0014630589411771398,7,12
#,#,#,#,"-5.195226274113045,-1.0862229126721092","-2.103236810256524,1.7726008616391067",#,#,#,#,"1.0148848200915528,3.1132086024281316",#,#,"-2.4577648107179826,1.5930321694983833",#,#,"-1.5440544046698874,1.5926052574298657",1,0.013233719653374115,0.42105263157894735,1,112.5712307912704,23656,23215,0.29411764705882354,0.002006638526555063,8,19
#,#,4.0,0.0,"-9.885442791393881,-1.0862229126721092",#,#,#,#,#,#,"-1.3985056746166085,3.3734010272291006",#,#,#,#,#,0,0.03125,0.5,1,89.65445632000001,23649,23218,0.23529411764705882,0.0015981355526141334,6,12
#,#,#,1.0,#,#,#,#,"-3.1774177891885778,4.416717999366027",#,#,#,#,#,"-2.9145026321826624,2.601039938201426","-2.132313090857858,3.1545580853655597",#,1.0,0.029309624228111033,0.49363057324840764,1,95.08595616036702,23681,23225,0.23529411764705882,0.001694954755531681,155,314
#,#,#,1.0,#,"-0.7732068946490906,4.195815761627359","-2.391574494492658,2.588402129029714","-0.30229591636272923,4.648161857351328",#,"-1.05099641803882,4.211486370846068",#,#,"-2.2340108676230583,2.9664860195929936","-2.3718961395370353,1.228812287321956",#,#,#,1.0,0.02945451143319363,0.49411764705882355,1,115.2580345301511,23670,23225,0.4117647058823529,0.0020545321478456307,42,85
#,#,#,#,"1.9706977691114254,5.570264828750038",#,"-2.0882623823694697,2.0523625625334576",#,#,#,"-1.236435246952216,1.2653322023111688",#,"-3.780635247704371,3.091576543057001",#,"-2.153416716305238,4.123785803421335",#,#,1.0,0.038660462936795,0.5217391304347826,1,132.88736593517035,23681,23231,0.29411764705882354,0.002368783802962668,24,46
#,#,#,#,"-6.134728450973855,-0.6312870654637839",#,#,"-3.656758333905627,0.3212880914003109","-2.446767130735399,4.484810384860461",#,#,#,"-0.9594701477811021,1.9386222077252662","-2.908224635090366,-0.4804588149156672",#,#,#,0.0,0.095367431640625,0.625,1,114.62435285096907,23675,23236,0.29411764705882354,0.002043236454780175,25,40
#,#,2.0,0.0,"-9.885442791393881,-1.0862229126721092",#,"-5.189549188409084,-0.3370592187620698","-1.5905728652229136,3.3710543257334145","-4.259648143477035,2.961732858311807","-2.131839671231422,0.9056617893641412","-1.9998671663815362,2.6700987389101156","-3.9722197933538577,3.7070228631488567",#,#,#,#,"-4.657742831526453,1.1223486294471228",0.0,0.48894551440329226,0.8666666666666667,2,145.36365176832,23629,23252,0.5882352941176471,0.005182359683708191,13,15
#,#,2.0,0.0,#,#,#,"-3.0520703797340465,0.4839708872045654",#,"-3.787903941262922,0.8549748846221636",#,#,#,#,"-2.561476680008193,0.9629269121680873",#,#,0,0.08988803537961923,0.6176470588235294,1,99.82532899290834,23585,23252,0.29411764705882354,0.0017794364481509939,21,34
#,#,#,1.0,#,"-4.243290206911587,1.520776074369094",#,#,#,#,"-2.0296461356062716,0.722298058583452","-3.315225566977086,2.640038186522575","-2.2340108676230583,3.091576543057001",#,#,#,#,1,0.02932159417985371,0.4936708860759494,1,96.6860133246486,23681,23261,0.29411764705882354,0.0017234765752539086,78,158
#,#,#,#,"-6.134728450973855,-0.6312870654637839",#,#,"-3.656758333905627,0.3212880914003109","-2.446767130735399,4.484810384860461",#,#,#,"-3.6669979761070746,1.9386222077252662","-2.908224635090366,1.2175871040188952",#,#,#,0.0,0.052400238793872615,0.5544554455445545,1,109.48837567178433,23696,23264,0.29411764705882354,0.0019226668505774027,56,101
#,#,#,0.0,"1.9706977691114254,5.570264828750038","-4.3168070187389604,0.9503569969140768","-2.615320765330523,0.8892553238589876",#,#,#,#,#,#,#,"-0.6133643154206216,4.123785803421335","-2.7634530337520036,1.0866362093625213","-1.5101172536096115,1.173117404387791",1,0.16806999999999994,0.7,3,86.844992,23622,23266,0.4117647058823529,0.00464416633523421,7,10
#,2.0,#,#,"1.6976736073740941,5.570264828750038","-1.5302907854001266,3.938480994931429",#,#,"-2.4703784908880033,4.416717999366027","-1.05099641803882,2.8123217728277714",#,#,"-0.7415994974902544,3.807008030940266",#,#,#,#,1.0,0.10737418240000002,0.64,1,134.33423868067183,23681,23266,0.35294117647058826,0.0023945750337570544,16,25
#,#,#,#,"0.544946968371216,5.479626506800557",#,#,#,#,"1.1219792361960361,3.1131889400984263",#,"-3.7753060666483416,3.4487067602116763","-2.2340108676230583,2.9664860195929936","-2.719349391162388,0.5062852412321248",#,#,#,1,0.022132674897119342,0.4666666666666667,1,105.16863033344,23652,23272,0.29411764705882354,0.0018746834686689184,7,15
#,2.0,#,0.0,#,#,"-5.4659725202505545,-0.3370592187620698",#,"-4.259648143477035,2.961732858311807","-2.938100819414389,-0.039782259638428075",#,"-3.9722197933538577,3.7070228631488567",#,#,#,#,#,0.0,0.06092699470458736,0.5714285714285714,1,100.00825221378099,23696,23278,0.35294117647058826,0.0017826971461092954,16,28
#,#,#,1.0,"-1.5980424934057988,5.479626506800557",#,"-2.391574494492658,4.715732586655026",#,"-2.5306036605078535,3.7110683449066535",#,"-1.9265892895837715,2.326415374163983",#,"-2.2340108676230583,2.9664860195929936",#,#,#,#,1.0,0.03533506027068244,0.5124378109452736,1,104.49824603255738,23681,23279,0.35294117647058826,0.0018627335330033568,103,201
#,#,2.0,0.0,"-9.885442791393881,-1.0862229126721092",#,"-5.189549188409084,-0.3370592187620698",#,"-4.259648143477035,2.961732858311807",#,#,"-3.9722197933538577,3.7070228631488567","-1.3603216222679213,3.1882859061625988",#,#,"-2.217603738352516,2.775552372525157",#,0,0.2535525376,0.76,1,127.21732755010945,23696,23288,0.47058823529411764,0.002317701150464958,19,25
#,#,2.0,0.0,#,#,#,"-1.5905728652229136,3.3710543257334145",#,"-2.131839671231422,0.9056617893641412","-2.57480457781753,2.6700987389101156","-3.9722197933538577,3.7070228631488567",#,#,#,#,"-4.657742831526453,1.1223486294471228",0.0,0.22733534048886378,0.7435897435897436,1,104.91522742032829,23684,23288,0.4117647058823529,0.0018701664349239993,29,39
#,#,#,1.0,"-0.12933495542262285,5.479626506800557","-2.8623341853385376,3.199873455318731","-3.5876632977848537,2.0523625625334576",#,"-2.5306036605078535,3.948463301942218",#,#,#,#,"-3.6958400278393437,2.553538369516139",#,#,#,1.0,0.04361827651634726,0.5344827586206896,1,109.8585431856806,23681,23297,0.35294117647058826,0.001958283512386496,62,116
#,1.0,#,#,"-5.624852647846181,-1.0862229126721092","-3.579849013911453,4.841283660584475",#,#,"0.023386706723661277,2.961732858311807",#,#,#,#,#,"-2.1724479727517965,2.7310700685369413","-3.827286687113123,3.049339848427482",#,0.0,0.401877572016461,0.8333333333333334,1,111.03999999999999,23684,23298,0.35294117647058826,0.001979343571376791,5,6
#,#,#,#,#,#,"-4.183845750292148,-0.14010410891963554","-3.1988656364328447,0.8675818205465591",#,#,"-2.953376110608775,3.1342580159321276",#,#,#,#,#,#,0,0.07968465929249387,0.6029411764705882,1,108.47928277852198,23696,23298,0.17647058823529413,0.0019001823682827247,82,136
#,#,2.0,#,"-6.134728450973855,1.9741759247721806",#,#,"-3.1988656364328447,0.8675818205465591",#,#,#,#,#,#,#,#,#,0,0.09958658297887482,0.6304347826086957,1,106.55646598472524,23696,23304,0.17647058823529413,0.0018573384037233664,29,46
0.0,#,#,0.0,#,#,"-4.183845750292148,-0.14010410891963554",#,#,#,"-2.953376110608775,3.1342580159321276",#,#,#,#,"-2.9888292229755904,2.371470719584264",#,1,0.010240000000000003,0.4,1,107.87109663639006,23678,23304,0.29411764705882354,0.0019228562830025514,22,55
#,#,#,#,#,"-1.5302907854001266,3.938480994931429",#,"-0.30229591636272923,4.648161857351328",#,#,#,#,#,#,#,#,"-2.5646131586196312,1.8052261415475672",1.0,0.030279579160790774,0.4968553459119497,1,86.90306971142009,23678,23314,0.17647058823529413,0.0015490907093498605,79,159
#,#,#,#,"1.6976736073740941,5.479626506800557","-1.5302907854001266,5.938942491252743",#,#,"-2.4703784908880033,0.9123659172552276",#,#,#,"-0.6107959723872052,2.7042908703672426",#,#,#,#,1.0,0.07379350066184998,0.59375,1,125.80296586112588,23652,23314,0.23529411764705882,0.002242500826164927,19,32
#,#,#,0.0,"-6.134728450973855,1.9741759247721806",#,"-5.189549188409084,-0.3370592187620698",#,"-2.738644111537203,1.0308680262436642",#,#,#,#,"-2.698057403681543,2.7780199954998404",#,#,#,0,0.25126003423796484,0.7586206896551724,1,100.25623168504296,23696,23316,0.29411764705882354,0.0017169573669433358,44,58
1.0,2.0,#,#,"-2.1680493278475237,5.248735849144252",#,#,#,#,#,#,#,#,#,#,"-3.827286687113123,3.0331639983369594",#,0.0,0.0013484773662551439,0.26666666666666666,1,109.88271255552,23636,23316,0.23529411764705882,0.001958714343499751,4,15
#,#,#,#,#,"-0.7732068946490906,4.195815761627359","-2.391574494492658,2.588402129029714","-0.30229591636272923,4.648161857351328",#,"-1.05099641803882,4.211486370846068",#,#,"-2.2340108676230583,2.9664860195929936","-2.3718961395370353,1.228812287321956",#,#,#,1.0,0.021372174977496463,0.4634146341463415,1,106.31072621519516,23678,23317,0.35294117647058826,0.001895041899337578,38,82
2.0,#,#,#,"0.544946968371216,5.479626506800557","-4.3168070187389604,3.938480994931429","-2.0882623823694697,2.0523625625334576",#,#,#,#,#,#,#,#,"-2.7634530337520036,2.3765606097985423","-2.607002726977634,2.556191099760101",1.0,0.20346349914002398,0.7272727272727273,1,122.306176,23652,23317,0.35294117647058826,0.0021801687968775072,8,11
#,#,#,#,"1.9706977691114254,5.570264828750038",#,"-2.0882623823694697,2.0523625625334576",#,#,#,"-1.236435246952216,1.2653322023111688",#,"-1.423374825441753,3.091576543057001","0.017902947324412555,2.0433014374325955","-2.153416716305238,4.123785803421335","-2.6277604398673198,-0.2780399171013559",#,1.0,0.13168724279835387,0.6666666666666666,1,118.0,23333,23321,0.4117647058823529,0.0021034090545970947,2,3
#,0.0,#,#,"1.6976736073740941,5.570264828750038",#,#,"-0.30229591636272923,4.648161857351328","-3.1774177891885778,4.416717999366027",#,"-2.348025335646114,1.6750277218679732",#,#,"-2.754382948686402,2.3466206560305034",#,#,"-2.5646131586196312,1.8052261415475672",1.0,0.06754356352880661,0.5833333333333334,1,122.10021632,23622,23330,0.4117647058823529,0.0021764974625063725,7,12
#,#,#,#,"1.6976736073740941,5.570264828750038",#,#,"-0.30229591636272923,6.941957578815062","-3.1774177891885778,1.3742312682291362",#,"-0.3892361455423179,2.1959235520298463",#,#,#,#,#,#,1.0,0.057686950493471195,0.5652173913043478,1,129.02537530560028,23670,23330,0.23529411764705882,0.002299941887208373,13,23
0.0,#,#,#,#,#,"-2.0882623823694697,2.0523625625334576",#,#,#,"-1.236435246952216,1.2653322023111688",#,"-1.423374825441753,3.091576543057001",#,"-2.153416716305238,4.123785803421335","-2.6277604398673198,-0.2780399171013559",#,1.0,0.03125,0.5,1,100.1615960469416,23640,23333,0.35294117647058826,0.00178543057667825,18,36
#,#,#,#,"1.9706977691114254,5.570264828750038",#,#,#,#,#,#,#,"-3.780635247704371,3.091576543057001","0.017902947324412555,0.7513274577424229","-2.153416716305238,4.123785803421335",#,"-4.077835309580693,1.44196170115682",1.0,0.2994492622121735,0.7857142857142857,1,112.6586386432,23681,23333,0.29411764705882354,0.0020081966152600767,11,14
#,1.0,#,#,"-5.195226274113045,-1.3747021433522688","-3.6793184901160476,4.240289409728807",#,"-4.035552354760769,5.5902655748352865","-2.446767130735399,1.0095184013162632",#,"-2.6485583273880935,4.287861442561566",#,"-0.9594701477811021,1.9701414806995725",#,#,#,"-5.056147733556214,1.5926052574298657",0,1.0,1.0,1,126.67999999999999,23604,23335,0.47058823529411764,0.00225813439861322,6,6
#,#,2.0,0.0,"-6.134728450973855,1.9741759247721806",#,"-5.4659725202505545,0.19526577767096187",#,#,"-2.938100819414389,1.613235646648217","-2.953376110608775,3.9724181597451214","-3.6725948918630613,0.5605481500968419",#,#,"-1.0338543925411974,2.1074618526594007","-0.9136095844571218,3.0331639983369594","-2.2384725312787928,2.668013700487885",0.0,0.19349176319999997,0.72,1,104.59420015310994,23684,23336,0.5882352941176471,0.0018644439632236633,18,25
#,#,#,#,#,#,#,#,"-5.286373759608704,2.885432090833779",#,#,"-1.6365820592756926,1.904664787342221","-0.9665872400754184,2.7042908703672426",#,#,#,#,1.0,0.022070259046031285,0.466403162055336,1,101.57664604225263,23681,23351,0.17647058823529413,0.0018106545510243926,118,253
#,#,#,#,"-0.12933495542262285,5.570264828750038",#,#,"-2.3785513537959035,3.3710543257334145",#,#,"-2.1709445395853675,2.717203697958488",#,#,"-3.6958400278393437,2.553538369516139","-0.6133643154206216,4.2360903807471235",#,"-2.607002726977634,2.556191099760101",0,0.023078380428451596,0.47058823529411764,1,108.33818276294025,23614,23351,0.35294117647058826,0.0019311823269674865,48,102
#,#,#,0.0,"-9.885442791393881,-1.0862229126721092",#,#,"-4.429904973737197,2.7288255300636513","-4.259648143477035,2.961732858311807","-3.787903941262922,0.8300749961347034","-2.953376110608775,3.1342580159321276",#,#,"-5.860976836306051,1.721834654382706",#,"-2.017245028786628,3.049339848427482",#,0,0.22059995870325735,0.7391304347826086,1,123.29374578219858,23696,23359,0.47058823529411764,0.00223027638969085,17,23
#,#,#,#,"-6.134728450973855,-1.0862229126721092",#,"-3.761110505428639,0.5522139120353733",#,#,"-3.43680294079899,0.9056617893641412",#,"-1.3985056746166085,3.3734010272291006",#,#,#,#,#,0,0.10737418240000002,0.64,1,117.14655301038795,23696,23359,0.23529411764705882,0.0020933054051931774,32,50
#,#,#,#,"-5.624852647846181,-1.0862229126721092",#,"-5.189549188409084,-0.3370592187620698","-1.5905728652229136,3.3710543257334145","-4.259648143477035,2.961732858311807","-2.813252918645329,-0.039782259638428075",#,#,#,#,#,#,#,0.0,0.20346349914002398,0.7272727272727273,1,124.7469343804689,23696,23362,0.29411764705882354,0.0022236765365178635,16,22
#,#,#,#,#,#,#,#,"-3.1774177891885778,2.885432090833779","-2.6237405118240495,0.7186472054406773","-1.2025996018013774,1.6750277218679732",#,"-1.5798007410571624,0.6559555017307207",#,#,#,#,1.0,0.015192035829609969,0.43283582089552236,1,112.43575931343278,23670,23369,0.23529411764705882,0.001988340086162304,58,134
#,#,#,1.0,"-5.624852647846181,-1.3747021433522688","-3.6793184901160476,4.240289409728807",#,"-4.035552354760769,5.5902655748352865",#,#,#,#,#,#,#,"-2.5671231427573904,0.5903138097093736",#,0,0.06092699470458736,0.5714285714285714,1,99.24482088256767,23690,23373,0.29411764705882354,0.0017690886005615224,28,49
0.0,#,#,#,#,"-1.7212627879730584,3.938480994931429",#,#,#,#,#,#,#,#,#,"-2.7634530337520036,2.3765606097985423","-2.607002726977634,2.556191099760101",1.0,0.022361080338764237,0.4676258992805755,1,107.73529023489297,23681,23377,0.23529411764705882,0.001920435465929829,65,139
0.0,#,#,#,"0.544946968371216,5.570264828750038",#,#,#,#,#,#,#,"-1.5341260282282745,3.091576543057001",#,"-0.8482984383417613,3.901984664156703","-2.7634530337520036,2.3765606097985423","-1.2950768659185294,1.388157792078873",1.0,0.14995078952820548,0.6842105263157895,2,100.79947946849825,23681,23377,0.35294117647058826,0.0035936023358086977,26,38
1.0,#,2.0,#,"-9.885442791393881,-1.0862229126721092",#,"-5.189549188409084,0.5522139120353733","-0.4164441578624347,3.3710543257334145",#,#,#,"-3.4702156490752807,3.7070228631488567","-3.4713626802148294,-0.46465600887940006",#,#,"-1.4164295965441245,1.5941498232497666",#,0,0.1,1.0,1,110.0,23378,23378,0.47058823529411764,0.0019608050508955967,0,0
#,#,2.0,0.0,"-6.134728450973855,1.9741759247721806",#,#,#,#,#,#,#,#,#,#,"-1.9269299367853194,3.1396549404287906",#,0,0.15102186224009959,0.6851851851851852,1,106.46285718453092,23696,23384,0.23529411764705882,0.001855252624084397,37,54
#,#,#,1.0,"1.6976736073740941,5.570264828750038","-1.7212627879730584,3.938480994931429",#,#,#,#,"-3.521186953117665,2.5664471734232377",#,"-2.9142814922654656,6.333812398186373",#,"-3.4739609811941863,2.7501013249835",#,#,1.0,0.2097427655167115,0.7317073170731707,1,128.8021304186733,23681,23385,0.35294117647058826,0.0022959624353731637,30,41
#,#,#,#,"1.9706977691114254,5.479626506800557","-4.3168070187389604,3.938480994931429",#,#,#,"-1.6857827542767283,2.936668344068106",#,#,#,#,"-0.6133643154206216,4.123785803421335","-2.7634530337520036,2.3765606097985423",#,1.0,0.08988803537961923,0.6176470588235294,1,125.18827646649444,23681,23401,0.29411764705882354,0.002231543680076515,21,34
#,#,2.0,0.0,#,#,#,"-1.5905728652229136,3.3710543257334145","-4.259648143477035,2.961732858311807","-2.131839671231422,0.9056617893641412","-1.9998671663815362,2.6700987389101156",#,#,#,#,"-1.9269299367853194,3.1396549404287906",#,0,0.3411077401491926,0.8064516129032258,1,99.74012892183524,23684,23408,0.4117647058823529,0.0017779177142446592,25,31
#,#,#,1.0,"-1.5980424934057988,5.479626506800557","-4.63950623604894,2.5158863889891476","-3.5876632977848537,2.0523625625334576",#,"-1.119015232660546,2.7925661433084104",#,#,#,"-1.203619535191733,2.805322693255506",#,#,"-2.8326230396969274,1.4996741741528181",#,1.0,0.02932159417985371,0.4936708860759494,1,109.09051741440555,23681,23412,0.4117647058823529,0.0019445930686452768,39,79
#,#,#,1.0,#,#,#,#,"-2.446767130735399,1.0095184013162632","-0.36276379333830444,2.1262483365396836",#,#,#,#,#,#,#,0.0,0.051544044179978286,0.5526315789473685,1,101.36561100506717,23690,23421,0.17647058823529413,0.0018068927458713998,42,76
#,#,#,1.0,"0.544946968371216,5.479626506800557","-4.63950623604894,2.5158863889891476",#,#,"-1.119015232660546,3.948463301942218",#,#,"-3.7753060666483416,3.4487067602116763",#,#,#,"-2.8326230396969274,1.4996741741528181",#,1.0,0.08602523614378689,0.6122448979591837,1,117.88758069184165,23681,23424,0.35294117647058826,0.002101405124167503,30,49
#,#,#,#,#,#,#,"-0.05684631937547269,0.5941887426375865",#,#,#,#,"-1.8904153050972081,1.5788616233667485",#,"-10.781009300463188,2.7501013249835",#,#,1.0,0.14165913803291463,0.6764705882352942,1,107.75104566862943,23670,23433,0.17647058823529413,0.0019207163144211881,23,34
#,2.0,#,#,#,#,#,"-4.179466967729539,3.213991852542743","-1.575876410657602,1.0318445066550355",#,#,#,#,"-2.710479109017112,-0.46003634223024226","-2.153416716305238,4.030929120855849",#,"-2.426958979377931,4.691368957973593",1,0.01734152991583261,0.4444444444444444,1,106.95275428450886,23652,23433,0.35294117647058826,0.0019064863709841876,12,27
#,#,2.0,0.0,"-9.885442791393881,-1.0862229126721092",#,"-5.189549188409084,-0.3370592187620698","-1.5905728652229136,3.3710543257334145","-4.259648143477035,2.961732858311807","-2.131839671231422,0.9056617893641412","-1.9998671663815362,2.6700987389101156","-3.9722197933538577,3.7070228631488567",#,"-2.4260125001661326,1.699799238943129",#,"-2.0407298606634914,0.6761344937846544","-4.657742831526453,1.1223486294471228",0.0,0.401877572016461,0.8333333333333334,1,155.48,23539,23434,0.7058823529411765,0.0027715088119386125,5,6
#,#,2.0,0.0,#,#,"-5.4659725202505545,0.19526577767096187",#,#,"-2.524135009937146,0.6049088104808956","-2.89018334140576,-0.13823914721603647",#,#,"-1.1939229813031258,3.0069035166990314","-2.2821874266979534,-0.13689828363413037","-0.9136095844571218,1.2652245682898275","-3.0838532636763833,5.283864934109121",0.0,1.0,1.0,1,94.0,23582,23444,0.5294117647058824,0.0016755970434926008,3,3
#,#,2.0,0.0,#,#,#,"-1.5905728652229136,3.3710543257334145","-4.259648143477035,2.961732858311807",#,"-1.9998671663815362,2.6700987389101156",#,#,#,#,"-1.9269299367853194,3.1396549404287906",#,0,0.20692368334273162,0.7297297297297297,1,106.80427901496356,23696,23444,0.35294117647058826,0.0019038397249982102,27,37
0.0,#,#,#,#,#,#,"-0.05684631937547269,0.5941887426375865",#,#,#,#,"-1.8904153050972081,1.5788616233667485",#,"-10.781009300463188,2.7501013249835",#,#,1.0,0.2693290743429045,0.7692307692307693,1,112.39809433600001,23611,23446,0.23529411764705882,0.0020035522825915327,10,13
#,#,#,0.0,"-4.950281853822076,1.9741759247721806","-5.3966402323559395,1.8581328458076773",#,#,#,#,"-2.1505923988553635,2.852942499671406",#,"-1.616926863934452,2.0065401502390143",#,#,"-0.9136095844571218,3.3035626719055573","-2.547242500623269,1.938755065171469",0,0.08082104508786613,0.6046511627906976,1,108.656724871285,23696,23450,0.4117647058823529,0.001936860499467171,26,43
#,0.0,4.0,0.0,"-4.950281853822076,1.9741759247721806",#,#,#,#,#,"-2.1505923988553635,2.852942499671406",#,#,#,#,"-0.9136095844571218,3.3035626719055573","-2.547242500623269,1.938755065171469",0,0.20346349914002398,0.7272727272727273,1,82.5167872,23649,23450,0.4117647058823529,0.0014709030284130646,8,11
#,#,#,#,"-6.134728450973855,-1.3747021433522688","-3.6793184901160476,4.240289409728807",#,"-4.035552354760769,5.5902655748352865",#,#,#,#,#,#,#,"-2.5671231427573904,0.5903138097093736",#,0,0.0710607135913654,0.5892857142857143,1,109.16787373332625,23696,23460,0.23529411764705882,0.001915525466262057,33,56
#,0.0,#,1.0,#,"-3.6793184901160476,4.240289409728807",#,"-4.035552354760769,5.5902655748352865",#,#,"-2.6485583273880935,4.287861442561566",#,#,#,#,#,"-2.426958979377931,2.1838220673683697",0,0.04526613752481193,0.5384615384615384,1,106.5213406843239,23650,23460,0.35294117647058826,0.0018987962076544812,35,65
#,#,#,#,"1.6976736073740941,5.570264828750038",#,#,#,#,"-0.4223796147913803,3.773383689860085","-3.521186953117665,2.5664471734232377","-1.276361020562958,3.8034106297889254",#,#,#,"-2.132313090857858,3.1545580853655597",#,1.0,0.03125,0.5,1,124.55554259366052,23670,23463,0.29411764705882354,0.0022202648821335563,10,20
#,#,5.0,1.0,#,"-1.7212627879730584,3.938480994931429",#,"-3.322000562308117,3.0428737181813834","-3.4356831955181137,3.484806931196194",#,#,"-3.7753060666483416,3.4487067602116763","-2.9142814922654656,6.333812398186373",#,"-3.4739609811941863,2.7501013249835",#,#,1.0,0.026916905876128723,0.4852941176470588,1,113.52293212594654,23670,23463,0.47058823529411764,0.0020236030791366726,33,68
#,0.0,#,#,#,#,#,"-4.429904973737197,2.7288255300636513",#,"-2.8838126993884208,2.2364408249320116",#,"-3.9722197933538577,3.7070228631488567",#,"-3.274850070124632,1.7511387756993766",#,#,"-2.547242500623269,3.0176184983977397",0.0,0.054311106639154144,0.5584415584415584,1,106.08319216462671,23650,23470,0.35294117647058826,0.001890985991013893,43,77
#,#,#,1.0,#,"-3.0647654279640024,7.983010238083631",#,#,"-4.259648143477035,4.898874082663475",#,"-2.6691296243441602,3.1342580159321276",#,#,#,#,"-3.827286687113123,3.0331639983369594",#,0.0,0.03897324822241498,0.5225806451612903,1,92.1394301498716,23690,23470,0.29411764705882354,0.001642431454768275,81,155
0.0,#,2.0,0.0,#,#,#,"-3.5743693333645092,-1.1875414781809466",#,"-3.787903941262922,0.9056617893641412","-1.9998671663815362,2.6700987389101156",#,#,#,#,#,"-2.547242500623269,1.1223486294471228",0,0.13168724279835387,0.6666666666666666,1,125.0,23539,23471,0.4117647058823529,0.0022281875578359055,2,3
#,#,#,#,"-5.624852647846181,1.3141917992500596","-3.6793184901160476,4.240289409728807",#,#,#,#,#,#,"-2.9558636213014786,2.286599292821834",#,#,#,"-1.5440544046698874,2.0591464217837667",0,0.07166088512663366,0.5902777777777778,1,103.07908169336018,23696,23476,0.23529411764705882,0.00177985575960503,85,144
#,#,#,#,#,#,"-5.676920138351705,2.0523625625334576",#,#,#,#,#,#,#,#,"-3.827286687113123,3.0331639983369594",#,0.0,0.05944825470179861,0.5686274509803921,1,105.02792592763414,23696,23476,0.11764705882352941,0.0018232796643547248,116,204
#,#,#,0.0,"-9.885442791393881,1.9741759247721806","-5.3966402323559395,1.8581328458076773",#,"-1.5905728652229136,3.3710543257334145",#,#,"-1.9998671663815362,2.852942499671406",#,"-1.616926863934452,2.0065401502390143",#,"-2.3908618875898404,0.44398448003021096",#,"-4.657742831526453,1.938755065171469",0.0,0.095367431640625,0.625,1,112.19053785365443,23649,23482,0.47058823529411764,0.0019998524844194476,15,24
#,#,#,1.0,"1.6976736073740941,5.479626506800557",#,"-3.1595711085688913,2.0523625625334576",#,#,#,#,"-3.7753060666483416,2.2263435061340595","-2.2340108676230583,2.9664860195929936",#,#,#,#,1.0,0.09895227559841319,0.6296296296296297,1,131.2725246957916,23681,23484,0.29411764705882354,0.0023399984497029552,17,27
#,2.0,#,#,"1.6976736073740941,5.570264828750038",#,#,"-0.30229591636272923,6.941957578815062",#,#,#,#,#,#,#,"-3.5599654068619198,1.8003345356979348",#,1.0,0.016028404235839844,0.4375,2,125.67994624,23670,23491,0.23529411764705882,0.004480615879703256,7,16
#,#,#,#,"1.9706977691114254,5.570264828750038","-4.3168070187389604,0.9503569969140768",#,#,#,#,#,#,#,"-0.43399555281243085,5.192111364154743","-0.6133643154206216,4.123785803421335","-1.138453048125217,2.3765606097985423",#,1,0.05292214940134466,0.5555555555555556,1,115.16832000000001,23681,23491,0.29411764705882354,0.0020529329414469125,5,9
#,#,#,1.0,#,"-3.0647654279640024,7.983010238083631",#,#,"-4.259648143477035,4.898874082663475",#,"-2.6691296243441602,3.1342580159321276","-4.642003211587733,0.8995658615234126",#,#,#,"-3.827286687113123,3.0331639983369594",#,0.0,0.04265868641325416,0.5321100917431193,1,92.30753954207479,23690,23500,0.35294117647058826,0.0016454280888167751,58,109
0.0,#,#,#,"-5.624852647846181,0.987909711941908","-3.0647654279640024,2.6993008533166787","-5.189549188409084,-0.3370592187620698",#,"-2.084077481616764,4.635818728381187","-2.728208547390442,0.2586060084631434",#,"-3.9722197933538577,3.7070228631488567",#,#,#,#,#,0,0.13168724279835387,0.6666666666666666,1,106.58417415356416,23696,23503,0.4117647058823529,0.0018999162456894956,12,18
#,#,#,1.0,"1.6976736073740941,5.570264828750038","-1.7212627879730584,3.938480994931429",#,#,#,#,"-3.521186953117665,4.763408347692078",#,"-2.9142814922654656,6.333812398186373",#,"-3.4739609811941863,2.7501013249835",#,#,1.0,0.19349176319999997,0.72,1,128.83805510112097,23681,23504,0.35294117647058826,0.002296602810816756,18,25
4.0,#,#,1.0,"-5.624852647846181,-1.0862229126721092",#,#,#,"-4.259648143477035,4.898874082663475",#,"-2.6691296243441602,3.1342580159321276","-3.9722197933538577,0.8995658615234126",#,#,#,#,#,0.0,0.0,0.0,1,105.5,23505,23505,0.35294117647058826,0.001880590298813504,0,2
#,#,#,1.0,#,"-3.0647654279640024,7.983010238083631","-5.189549188409084,-0.3370592187620698","-1.5905728652229136,3.3710543257334145",#,"-2.813252918645329,-0.039782259638428075",#,"-4.642003211587733,3.7070228631488567",#,#,#,"-3.827286687113123,3.0331639983369594",#,0.0,0.03125,0.5,1,103.62598656,23628,23505,0.4117647058823529,0.001847185071371702,6,12
1.0,#,#,1.0,#,#,#,#,"-4.259648143477035,4.898874082663475",#,"-2.6691296243441602,3.1342580159321276","-4.642003211587733,0.8995658615234126",#,#,#,"-3.827286687113123,3.0331639983369594",#,0.0,0.019403791345598595,0.45454545454545453,1,102.0758912,23690,23507,0.35294117647058826,0.0018195538458148127,5,11
#,1.0,#,1.0,#,"-3.0647654279640024,7.983010238083631",#,#,"-4.259648143477035,4.898874082663475",#,"-2.6691296243441602,3.1342580159321276","-4.642003211587733,0.8995658615234126",#,"0.06708570325879903,3.0676760589746257","-1.0805293578646555,1.2946121933845767","-3.827286687113123,3.0331639983369594",#,0.0,0.014458261438686257,0.42857142857142855,1,94.8,23507,23507,0.5294117647058824,0.0016898574438627505,3,7
#,#,#,0.0,"-9.885442791393881,1.9741759247721806","-5.3966402323559395,1.8581328458076773",#,"-1.5905728652229136,3.3710543257334145",#,#,"-1.9998671663815362,2.852942499671406","-2.193521606906989,2.501418857812176","-1.616926863934452,2.0065401502390143",#,"-2.3908618875898404,0.44398448003021096",#,"-4.657742831526453,1.938755065171469",0.0,0.05032843750000002,0.55,1,112.7333904937386,23649,23509,0.5294117647058824,0.002009529104406439,11,20
#,#,#,1.0,"-3.0111487194849413,0.3097998672277933",#,"-3.5876632977848537,4.715732586655026",#,"-2.5306036605078535,3.7110683449066535","-2.4074065343374427,0.5082933892339152","-3.5625209878651045,2.989332734639933",#,#,#,"-0.10748289712813641,1.8845713071454133",#,"-2.426958979377931,4.691368957973593",1,0.02448519270213934,0.47619047619047616,1,101.37597014677127,23634,23514,0.47058823529411764,0.0018070774027566393,10,21
0.0,#,#,#,"0.544946968371216,5.570264828750038",#,#,"-1.3506093077150165,0.8594164841216156",#,#,#,#,"-1.5341260282282745,3.091576543057001","-2.060398966240733,0.7151471127964065","-0.8482984383417613,3.901984664156703",#,"-1.2950768659185294,1.388157792078873",1.0,0.06092699470458736,0.5714285714285714,1,107.52000000000001,23611,23524,0.4117647058823529,0.0019165978097481326,4,7
#,#,5.0,1.0,#,#,#,#,#,"-1.05099641803882,4.211486370846068","-2.348025335646114,1.6750277218679732","-3.7753060666483416,3.4487067602116763","-1.5823029901010663,1.03892846696059",#,#,#,"-3.536336930714989,1.2934854536803344",1,0.03125,0.5,2,114.60013568213529,23670,23534,0.4117647058823529,0.004085609543251847,15,30
#,#,2.0,0.0,"-6.134728450973855,1.9741759247721806",#,"-5.4659725202505545,0.19526577767096187",#,#,"-2.938100819414389,1.613235646648217","-2.953376110608775,3.9724181597451214","-3.6725948918630613,0.5605481500968419",#,"-2.8630385444292568,1.9379060247160653","-1.0338543925411974,2.1074618526594007","-0.9136095844571218,3.0331639983369594","-2.2384725312787928,2.668013700487885",0.0,0.048282842081079885,0.5454545454545454,1,104.9872384,23684,23539,0.6470588235294118,0.0018714500666754557,6,11
#,#,#,0.0,"-9.885442791393881,1.9741759247721806","-5.3966402323559395,1.8581328458076773","-3.259820681064876,1.412947437854472","-1.5905728652229136,3.3710543257334145",#,#,"-1.9998671663815362,2.852942499671406",#,"-1.616926863934452,2.0065401502390143",#,"-2.3908618875898404,0.44398448003021096",#,"-4.657742831526453,1.938755065171469",0.0,0.03125,0.5,1,112.0864378519552,23649,23539,0.5294117647058824,0.001997996849790992,9,18
#,#,#,#,"-5.624852647846181,1.3141917992500596","-3.6793184901160476,4.240289409728807","-3.761110505428639,-0.3370592187620698",#,"-4.259648143477035,4.635818728381187",#,#,"-2.5186166059405743,2.4072225701582224","-2.9558636213014786,2.286599292821834",#,#,#,#,0,0.09958658297887482,0.6304347826086957,1,105.93964425488241,23696,23552,0.35294117647058826,0.0018435944586849802,29,46
#,#,#,#,"-5.624852647846181,0.987909711941908",#,#,"-1.5905728652229136,3.3710543257334145",#,#,#,#,#,#,#,#,"-1.5440544046698874,2.0591464217837667",0,0.05712028543473131,0.5641025641025641,1,99.65452755397234,23696,23552,0.17647058823529413,0.0017763918270222126,44,78
0.0,#,#,#,"0.544946968371216,5.570264828750038",#,#,#,#,#,#,#,"-1.5341260282282745,3.091576543057001",#,"-0.6133643154206216,2.7501013249835","-2.7634530337520036,2.3765606097985423","-2.607002726977634,2.556191099760101",0,0.03125,0.5,1,107.39975471890432,23614,23555,0.35294117647058826,0.0019144543774343252,9,18
0.0,#,#,#,"0.544946968371216,5.570264828750038","-1.7212627879730584,3.938480994931429",#,#,#,#,#,#,#,#,"2.5100394601589913,3.901984664156703","-2.7634530337520036,2.3765606097985423","-2.607002726977634,2.556191099760101",1.0,0.010435824676655221,0.6363636363636364,1,119.02252968870437,23555,23555,0.35294117647058826,0.0021216361580362057,0,0
#,#,#,#,"1.9706977691114254,5.570264828750038",#,"-2.0882623823694697,2.0523625625334576",#,#,#,#,#,"-3.780635247704371,3.091576543057001","0.017902947324412555,2.0433014374325955",#,#,#,1.0,0.03125,0.5,1,105.64,23681,23559,0.23529411764705882,0.0018830858688782804,3,6
#,#,#,0.0,#,#,#,"-6.90343829290293,0.3212880914003109",#,"-1.172157214538717,2.099115870443782",#,"-3.105888215717234,2.3587146202673677",#,"-1.9205636019019559,2.5803219316717834",#,#,#,0.0,0.09091180653955425,0.6190476190476191,2,89.52727125182382,23625,23566,0.29411764705882354,0.0029557920109704195,13,21
#,#,#,#,"-4.905466018720962,2.068526013375781","-4.63950623604894,2.5158863889891476",#,#,#,#,#,#,"-1.8904153050972081,1.5788616233667485",#,"-10.781009300463188,4.123785803421335",#,"-1.9060097303617174,3.077140348776315",1,0.008416533573215765,0.38461538461538464,1,103.96794992276368,23656,23569,0.29411764705882354,0.02033074012113468,35,91
#,2.0,#,1.0,"1.6976736073740941,5.570264828750038",#,#,#,#,"-1.05099641803882,4.211486370846068","-3.521186953117665,2.5664471734232377",#,"-2.9142814922654656,2.9664860195929936",#,"-3.4739609811941863,2.7501013249835",#,#,1.0,0.13168724279835387,0.6666666666666666,1,130.04191999999998,23681,23573,0.4117647058823529,0.002318062305128737,6,9
0.0,#,5.0,1.0,#,"-1.7212627879730584,3.938480994931429",#,#,#,#,#,"-3.7753060666483416,3.4487067602116763","-2.2340108676230583,6.333812398186373",#,#,#,#,1.0,0.00019869482337892967,0.18181818181818182,1,114.61697280000001,23573,23573,0.35294117647058826,0.0020431049016782113,2,11
#,#,#,0.0,#,#,#,"-6.90343829290293,0.3212880914003109",#,#,#,"-3.105888215717234,2.3587146202673677",#,"-1.9205636019019559,2.5803219316717834","-2.912626569798922,1.9908914714898154",#,#,0.0,0.08250009529139642,0.6071428571428571,1,104.00443343812196,23696,23574,0.29411764705882354,0.0018004743320480295,17,28
#,2.0,#,0.0,"1.6976736073740941,5.570264828750038",#,"-2.437405999174282,0.07869991101305929","-0.30229591636272923,6.941957578815062",#,"-0.9109369679012529,3.7826287627258104",#,#,#,#,#,#,#,1.0,0.012790338022456299,0.6627906976744186,1,118.99986142290206,23577,23577,0.35294117647058826,0.002121232084853658,0,0
#,#,#,0.0,#,#,#,"-6.90343829290293,0.3212880914003109","-2.1097238685085125,4.409578424773082","-1.172157214538717,2.099115870443782",#,"-3.105888215717234,2.3587146202673677",#,"-1.9205636019019559,2.5803219316717834",#,#,"-1.7090630173829071,3.5040786038691882",0.0,0.05292214940134466,0.5555555555555556,1,92.07841385545728,23625,23582,0.4117647058823529,0.0015347402475620214,10,18
#,#,#,0.0,#,#,#,"-6.90343829290293,0.3212880914003109",#,"-1.172157214538717,2.099115870443782",#,#,#,"-1.9205636019019559,2.5803219316717834",#,#,#,0.0,0.05292214940134466,0.5555555555555556,1,89.20753327046657,23625,23585,0.23529411764705882,0.0014707716435669318,10,18
#,#,#,0.0,#,#,#,"-6.90343829290293,0.3212880914003109",#,#,#,"-3.105888215717234,2.3587146202673677",#,"-0.3980928746959608,2.077394168769596","-2.912626569798922,1.9908914714898154",#,#,0.0,0.07775999999999998,0.6,1,97.96887552000001,23696,23585,0.29411764705882354,0.0016659907814704563,9,15
#,#,#,#,#,#,#,"-4.429904973737197,5.5902655748352865",#,#,"-2.953376110608775,4.287861442561566","-3.657783698520724,-0.7330666877120635",#,"-2.242184733329728,0.5333613457074112",#,"-1.6956892665853238,2.416321648255113",#,0,0.2693290743429045,0.7692307692307693,1,115.667191808,23684,23597,0.29411764705882354,0.002061825581091238,10,13
#,#,#,#,"-6.134728450973855,-1.0862229126721092","-1.1582800547019123,5.202068945331943","-3.761110505428639,0.5522139120353733","-4.035552354760769,2.7288255300636513","-4.259648143477035,4.898874082663475","-3.787903941262922,0.8737186427625325",#,#,#,"-5.860976836306051,3.910248515300072",#,#,"-3.1708268233487207,2.1838220673683697",0.0,0.07775999999999998,0.6,1,119.41504,23696,23597,0.47058823529411764,0.0021438515500468392,6,10
#,#,#,1.0,"-1.5980424934057988,5.479626506800557",#,"-3.5876632977848537,2.0523625625334576","-4.179466967729539,0.5941887426375865","-1.119015232660546,2.7925661433084104",#,#,#,#,"-2.108728524883587,2.1671127320114656",#,#,"-2.426958979377931,4.691368957973593",1.0,0.018452812500000002,0.45,1,119.82500273860771,23681,23599,0.4117647058823529,0.002135940641758552,9,20
#,#,1.0,#,"-5.195226274113045,-1.3747021433522688","-3.6793184901160476,4.240289409728807",#,"-4.035552354760769,5.5902655748352865","-2.446767130735399,1.0095184013162632",#,"-2.6485583273880935,4.287861442561566",#,"-0.9594701477811021,1.9701414806995725",#,#,#,"-5.056147733556214,1.5926052574298657",0,1.0,1.0,1,119.0,23604,23604,0.47058823529411764,0.002121234555059782,1,1
0.0,#,#,#,"0.544946968371216,5.570264828750038",#,#,"-1.3506093077150165,0.8594164841216156",#,#,"-1.5851607873035027,2.5010593798266925",#,"-1.5341260282282745,3.091576543057001","-2.060398966240733,0.7151471127964065","-0.8482984383417613,3.901984664156703",#,"-1.2950768659185294,1.388157792078873",1.0,0.0,0.0,1,96.5,23611,23611,0.47058823529411764,0.0017201607946493189,0,2
#,2.0,#,#,#,#,"-1.7425832481466648,2.8403239454088487","-6.90343829290293,0.3212880914003109",#,"-3.0308238387041913,0.5960224076894485",#,"-3.105888215717234,2.3587146202673677",#,"-1.9205636019019559,2.5803219316717834","-2.912626569798922,1.9908914714898154",#,#,0.0,0.06754356352880661,0.5833333333333334,1,104.2577152,23661,23614,0.4117647058823529,0.0018584459505363148,7,12
#,#,#,0.0,#,#,#,"-6.90343829290293,1.557510846011364",#,#,"-2.4905702417129336,2.0960034152699385","-3.105888215717234,2.3587146202673677",#,#,#,#,#,0.0,0.09091180653955425,0.6190476190476191,1,103.79148010472342,23696,23614,0.23529411764705882,0.0017957293323692463,13,21
0.0,#,3.0,1.0,#,#,#,#,"-2.446767130735399,0.36154770329359565",#,#,#,#,"-2.908224635090366,1.2175871040188952",#,"-3.827286687113123,3.0331639983369594",#,0,0.0,0.0,1,88.5,23616,23616,0.35294117647058826,0.001577556790947821,0,2
#,#,#,#,"-6.134728450973855,-0.6312870654637839","-1.6891558042427586,4.4724322895400395",#,"-3.656758333905627,0.3212880914003109","-5.035600721088834,1.985186363983653",#,#,"-1.3727487872030266,3.7070228631488567",#,#,"-1.6519776676124842,3.787862659442209","-3.827286687113123,3.0331639983369594","-2.547242500623269,2.1838220673683697",0,0.14539335680000004,0.68,1,104.03495535703063,23696,23616,0.47058823529411764,0.001801154417647565,17,25
#,#,#,#,"-6.80403080747859,1.9741759247721806",#,#,#,#,#,#,#,#,#,#,"-3.827286687113123,3.3035626719055573","-2.547242500623269,1.938755065171469",0.0,0.10049355861780968,0.631578947368421,1,102.28674612913161,23696,23625,0.17647058823529413,0.0017622010371465802,36,57
#,0.0,4.0,0.0,"-4.950281853822076,1.3141917992500596",#,#,#,#,#,"-2.1505923988553635,2.852942499671406",#,#,#,#,#,#,0,0.03125,0.5,1,96.0,23649,23625,0.29411764705882354,0.0017112480444179752,1,2
#,#,#,#,#,#,#,"-4.429904973737197,5.5902655748352865",#,#,#,"-3.657783698520724,-0.7330666877120635","-1.994197489254132,3.094075339159671",#,#,"-3.827286687113123,3.3035626719055573",#,0,0.08825375108068294,0.6153846153846154,1,109.100689408,23684,23628,0.23529411764705882,0.0019447743895218011,8,13
#,#,#,#,"-6.80403080747859,1.9741759247721806","-1.060817755236997,5.398911697922388",#,#,#,#,"-2.953376110608775,4.287861442561566",#,#,"-2.242184733329728,0.5333613457074112","-0.7799257454045175,1.4419808670544416",#,"-2.547242500623269,1.938755065171469",0.0,0.06391305182160717,0.5769230769230769,1,91.09321636105776,23650,23628,0.35294117647058826,0.001623782170391704,15,26
#,#,5.0,1.0,#,"-1.7212627879730584,3.938480994931429","-1.8223190573718069,3.389614613730542","-3.322000562308117,3.0428737181813834","-3.4356831955181137,3.484806931196194",#,#,"-3.7753060666483416,3.4487067602116763","-2.9142814922654656,6.333812398186373",#,"-3.4739609811941863,2.7501013249835",#,#,1.0,0.010240000000000003,0.4,1,114.34659979263999,23670,23634,0.5294117647058824,0.002038285367510417,6,15
#,#,#,1.0,"-1.2481805622175992,8.666570116744472","-1.9558743060069932,4.205713787775805","-0.8309729178951026,4.470821678571079",#,#,#,"-1.29539838091612,1.6879591404335212",#,#,#,#,#,#,1,0.10979242280002384,0.6428571428571429,1,100.79635230720001,23681,23640,0.29411764705882354,0.00179674542468918,9,14
0.0,#,#,1.0,"-1.5980424934057988,5.479626506800557","-1.7198043922286155,5.6343491390605305",#,#,"-2.5306036605078535,3.7110683449066535",#,#,#,#,#,"-0.6133643154206216,4.123785803421335","-2.307760346754361,3.5522237745847463","-0.7625403769670744,4.6805927863990835",1,0.03125,0.5,1,104.1264,23640,23640,0.47058823529411764,0.001856105191377957,4,8
#,#,#,#,"-6.134728450973855,-0.6312870654637839","-2.723377983582085,4.4724322895400395",#,"-4.035552354760769,0.3212880914003109","-5.035600721088834,1.985186363983653",#,"-2.6485583273880935,4.287861442561566","-1.3727487872030266,3.7070228631488567",#,"-0.21556322380918935,2.646700042948525",#,#,"-3.1708268233487207,2.1838220673683697",0,0.10979242280002384,0.6428571428571429,1,103.9233994752,23696,23650,0.47058823529411764,0.0017986687433685811,9,14
#,0.0,#,#,#,"-1.6891558042427586,3.636971016451771",#,"-3.656758333905627,5.5902655748352865",#,"-2.61089833906665,0.8737186427625325",#,#,#,#,"-1.6519776676124842,3.787862659442209","-3.827286687113123,3.0331639983369594",#,0,0.048282842081079885,0.5454545454545454,1,104.4071808,23650,23650,0.35294117647058826,0.0018611102496582706,6,11
#,2.0,#,1.0,#,#,"-3.1595711085688913,2.0523625625334576",#,"-0.5165077147671431,2.5926979943363864","-2.8227257865001367,1.8708399441269266",#,#,#,#,#,"-2.132313090857858,3.1545580853655597",#,1.0,0.13168724279835387,0.6666666666666666,1,128.88,23681,23652,0.35294117647058826,0.0022973504996311317,4,6
#,#,#,1.0,"1.6976736073740941,5.479626506800557",#,#,#,#,#,#,"-3.7753060666483416,2.2263435061340595","-2.9142814922654656,2.9664860195929936","-2.913697967289673,1.2871285307124842",#,#,#,0,0.03125,0.5,1,134.35999999999999,23683,23652,0.29411764705882354,0.0023950342421666577,3,6
#,#,#,#,"-4.333692215891721,0.5370323779536241","-1.5302907854001266,3.938480994931429",#,"-0.30229591636272923,4.648161857351328",#,#,"-0.9508947215490977,3.8024634320513337",#,#,#,#,#,"-2.5646131586196312,1.8052261415475672",1.0,0.06092699470458736,0.5714285714285714,1,90.32000000000001,23656,23656,0.29411764705882354,0.0016099992017899118,4,7
#,#,#,#,#,#,#,#,#,"-2.1665447028988423,4.211486370846068","-1.1176792181666566,3.9692479286688926",#,#,#,"-3.411821993365887,2.8095734827586427","-2.7839040368031824,3.5522237745847463",#,1.0,0.01183710753970294,0.4117647058823529,1,103.90762866297287,23681,23656,0.23529411764705882,0.0017983173400927662,14,34
#,#,#,#,"-9.44464369419052,-1.0862229126721092",#,"-4.183845750292148,-0.14010410891963554","-3.1988656364328447,0.8675818205465591",#,#,"-2.961502905782231,3.1342580159321276",#,#,#,#,#,#,0,0.07775999999999998,0.6,1,116.6,23696,23661,0.23529411764705882,0.0020811271790187355,3,5
#,#,#,#,"-6.134728450973855,-1.0862229126721092",#,"-4.155257366998901,4.061249838545167",#,#,"-2.7069702424570994,1.3465637976299099","-2.6691296243441602,4.287861442561566",#,#,#,#,#,#,0.0,1.0,1.0,1,110.8,23696,23675,0.23529411764705882,0.001951892300664253,5,5
#,#,0.0,#,"-9.885442791393881,-1.3747021433522688",#,"-4.180019217621471,7.58249300948577","-3.656758333905627,0.3212880914003109","-4.259648143477035,2.961732858311807",#,"-1.8498838390751895,3.487220052686698",#,#,#,#,#,#,0,1.0,1.0,1,111.0,23675,23675,0.35294117647058826,0.001978630551358284,1,1
#,#,#,1.0,"1.6976736073740941,5.570264828750038","-1.7212627879730584,3.938480994931429","-1.3441138656078524,1.1719920445794887",#,#,#,"-3.521186953117665,4.763408347692078",#,"-2.9142814922654656,6.333812398186373",#,"-3.4739609811941863,2.7501013249835",#,#,1.0,0.0,0.0,1,120.0,23681,23681,0.4117647058823529,0.002139060055522469,0,2
#,#,#,#,#,"-3.6793184901160476,4.240289409728807","-5.676920138351705,2.0523625625334576",#,#,#,#,#,#,#,#,"-2.183056688963166,1.9289542258772707",#,1,0.004115226337448558,0.3333333333333333,1,105.13974271999999,23683,23683,0.17647058823529413,0.0018257711522097918,4,12
#,#,#,#,#,#,#,#,"-2.738644111537203,1.5741250978644667",#,#,"-1.3727487872030266,3.7070228631488567",#,#,"-1.6092471373577864,3.677358250906634","-3.827286687113123,3.0331639983369594","-3.1708268233487207,3.6770582648437045",0,0.20346349914002398,0.7272727272727273,1,106.2388224,23696,23683,0.29411764705882354,0.0018502607088902547,8,11
#,#,#,#,"-5.624852647846181,-1.0862229126721092","-3.579849013911453,4.841283660584475",#,#,"-4.259648143477035,2.961732858311807",#,#,"-3.9722197933538577,3.7070228631488567",#,"-0.5143431769808953,1.5110553131272877",#,"-3.827286687113123,2.775552372525157","-2.1007134200471134,0.1992020010935167",0,0.03125,0.5,1,106.0,23684,23684,0.4117647058823529,0.0017112480444179752,1,2
#,#,2.0,#,"-5.624852647846181,-1.0862229126721092",#,#,#,"0.023386706723661277,2.961732858311807",#,#,#,#,#,"-2.1724479727517965,2.7310700685369413","-2.217603738352516,3.049339848427482",#,0.0,1.0,1.0,1,116.0,23684,23684,0.29411764705882354,0.001979343571376791,1,1
#,#,2.0,0.0,"-5.624852647846181,-1.0862229126721092",#,#,#,#,#,#,"-3.9722197933538577,3.7070228631488567","-1.3603216222679213,3.1882859061625988",#,"-2.0372095708974447,1.717046429464245","-2.217603738352516,2.775552372525157",#,1,0.0,0.0,1,116.0,23696,23696,0.4117647058823529,0.00230250882858524,0,1
#,#,2.0,#,"-5.624852647846181,-1.0862229126721092",#,#,#,#,#,"-2.953376110608775,3.9724181597451214","-3.9722197933538577,3.7070228631488567",#,#,#,#,#,0,1.0,1.0,1,116.0,23696,23696,0.23529411764705882,0.002252023496233993,1,1
