Age,Employment_Status,City,Internet_Connection_Quality,Video_Completion_Rate,Quiz_Score_Avg,Progress_Percentage,Payment_Mode,Fee_Paid,PC1,PC2,PC3,PC4,PC5,PC6,PC7,PC8,PC9,PC10,Completed,Fitness,Accuracy,Numerosity,Avg Match Set Size,TimeStamp GA,Iteration Initialized,Specificity,Deletion Probability,Correct Count,Match Count
4.0,2.0,"7.92,14.08",#,1.0,3.0,1.0,#,#,"-4.564433249313822,2.7626687702292427",#,#,#,"-0.692631846369467,2.2141802834145414","-3.3545929572569317,1.2265239008653401","-2.2081944019320896,1.288949414904483","-2.001392495737768,2.594969708888398",#,#,1.0,0.2373046875,0.75,1,68.0368,8462,15,0.5789473684210527,0.0006824509101518956,6,8
2.0,#,"1.0999999999999996,10.9",1.0,#,4.0,#,#,0.0,#,"-2.4764648588167244,0.9448754960788273",#,"-2.3517537229474104,2.008332005331813","-0.6201107618054273,3.7793886778676677","-2.864122075242963,2.263993810714803",#,#,"-1.223905091893036,0.42707300026896367",#,1.0,1.0,1.0,1,60.08,8158,19,0.5263157894736842,0.0006026393169861881,6,6
#,0.0,#,#,#,#,#,1.0,1.0,"-1.5387042235128547,4.105144629378426","-1.0285365097253092,1.391435936420325","-0.6429703676760206,3.10714400356893",#,#,#,#,"-3.7104631573581086,-3.144732465349712","-0.7496079255000565,1.527603236102702","-2.020634962618091,1.6814445810969656",1.0,0.1,1.0,1,1.0,62,62,0.47368421052631576,1.0030614463818046e-05,0,0
4.0,0.0,"1.8900000000000006,12.11",2.0,#,1.0,4.0,#,1.0,#,#,"-1.2993590114906874,0.9138232403915785","-4.030490052252822,0.1817961598135469","-2.4010625859325097,1.4484994237814477",#,"-0.24416563390639,1.8166512581580185",#,"-1.6241178969064574,0.5392327066161633","-2.7699760668350875,-0.023271889240045196",1.0,1.0,1.0,1,47.333333333333336,7987,81,0.6842105263157895,0.00047478241795405416,3,3
4.0,#,"7.109999999999999,10.89",#,#,#,0.0,1.0,#,#,"-2.34775274098035,2.408744825581759",#,#,#,#,"-2.2826292223643976,1.2769635912013997","-2.4581516352306765,1.9967840400223769","0.3555551800005903,2.7466268996834864","-0.007414658892351822,2.381023756407685",1.0,1.0,1.0,1,40.333333333333336,7991,85,0.47368421052631576,0.00040456811670732784,3,3
1.0,0.0,#,2.0,#,#,1.0,#,1.0,#,"-4.073293752068023,1.5176770717856842",#,"-2.1185267285723945,2.315458757813256","1.9094630307081497,3.952087770556372",#,#,"-1.329323672329603,2.630619150117556","-0.35436323618425014,3.1183837852599563","-1.402533237038995,0.4485065348185333",0.0,1.0,1.0,1,31.333333333333332,7994,88,0.5789473684210527,0.0003142925865329654,3,3
4.0,2.0,"-1.3599999999999999,5.359999999999999",1.0,4.0,0.0,4.0,0.0,1.0,#,"-2.85280582666563,2.9050596486463967",#,"-0.8757332362573279,1.5629587812547805","-0.4753264968646389,2.11723567294272",#,#,#,#,"-1.5486385898671275,2.631128636907937",1.0,1.0,1.0,2,49.0,8003,97,0.6842105263157895,0.0009830002174541683,3,3
0.0,3.0,#,2.0,#,4.0,2.0,#,#,#,#,#,"0.4539207161198586,2.670913459312684","-1.8109276944231834,1.8029468453082869","-2.4155030067027554,1.7553645805428943","-0.018597339599774276,3.291199487049125",#,"-3.3454924820140564,-0.32818769289040106","-0.6944635020250243,2.649350279395027",0.0,1.0,1.0,1,53.666666666666664,8008,102,0.5789473684210527,0.0005383096428915684,3,3
3.0,2.0,"4.38,13.620000000000001",1.0,4.0,#,3.0,#,#,"-3.3547826428657834,3.378230023741358",#,#,"-3.8872897455676005,1.137893805669471","1.7843356925423406,3.7483979423964007",#,"-1.800312209841928,1.509484616806971",#,#,"-0.3596842015348106,2.3273090156777303",0.0,1.0,1.0,2,33.0,8019,113,0.5789473684210527,0.0006620205546119909,3,3
2.0,#,"2.17,11.83",0.0,#,1.0,1.0,5.0,1.0,#,"-2.928325807193271,1.6612771079105184",#,"-1.5565154190949109,2.951369825397167","-3.131871757726292,-0.5980313217758875","-2.9221861658018353,1.3170562999232516",#,#,#,"-1.1588692385197907,0.9310143748677415",0.0,0.1,1.0,1,1.0,137,137,0.631578947368421,1.0030614463818046e-05,0,0
1.0,1.0,"0.03000000000000025,9.969999999999999",0.0,#,#,#,0.0,1.0,#,"-2.2848691235276872,3.639891003242658","-0.45169589794696785,3.6672821819450276",#,#,#,"-0.22901971136339694,2.144042164347134","-2.938396719423694,0.7386930442772388",#,"-1.7013080092721196,0.030309841820406747",1.0,1.0,1.0,1,56.0,8055,149,0.5789473684210527,0.0005617144099738105,3,3
#,1.0,"1.27,6.73",#,0.0,#,#,2.0,0.0,"-2.7627991312721125,0.20764763340750836","-2.991546016340049,0.930478292930462",#,"-2.234780753857665,2.3470042487408413",#,"-0.5462785776924868,2.80409046779992",#,#,"-1.335705143678644,1.7385299244850798","-1.1141929383851805,3.3044181299198874",0.0,1.0,1.0,1,57.04,8099,193,0.5789473684210527,0.0005721462490161813,6,6
#,3.0,#,0.0,4.0,#,4.0,3.0,1.0,"0.6467887184416568,6.686697139956886","-2.6622071377949705,0.6756858913714217","-2.519312852253801,1.7226197971872095","-1.3934765046939066,1.9320126100953317","0.06693076371172602,2.895180403501572","0.056136259164113245,4.2270038464097635",#,#,#,"-1.5804792176262368,1.584201682646312",0.0,1.0,1.0,1,23.333333333333332,8104,198,0.6842105263157895,0.00023404767082242103,3,3
3.0,#,"10.41,15.59",2.0,#,#,1.0,2.0,0.0,#,#,"-2.923146875222176,1.6261721980913708",#,#,"-3.2161486063292384,0.5444697100397904","-1.3695944386308598,3.2516313193317536",#,#,#,0.0,0.2373046875,0.75,1,62.4224,8330,221,0.47368421052631576,0.0006261350283062356,6,8
2.0,#,"5.109999999999999,8.89",2.0,3.0,#,4.0,#,1.0,#,#,#,"-1.2686191341130428,2.8697673198468987",#,#,"-1.1269718791828824,1.8081309670906693","-3.080080391966344,0.7384359011077017","-1.3955040679165456,2.191103511607799",#,0.0,1.0,1.0,1,40.666666666666664,8129,223,0.5263157894736842,0.0004079116548619338,3,3
2.0,2.0,#,#,0.0,1.0,1.0,1.0,#,#,#,#,#,#,"-2.4715116919245546,-0.35189045906201133",#,"-1.3389499095218047,1.6310072073135637","-1.1977092383739647,2.6166194573106556","-2.29658796609848,-0.14699339232844721",0.0,1.0,1.0,1,46.0,8141,235,0.5263157894736842,0.00046140826533563005,3,3
#,#,"-0.573635052623183,2.31",#,#,#,#,#,#,#,#,#,"-1.6439330439678455,3.602949781588508",#,#,"-0.2700830651861885,3.227060751650384","-0.19190806356197987,2.1416296710943814","-2.3837816766657736,1.2028259028585708",#,0.0,0.0742260522352199,0.5944444444444444,1,99.00815829910204,9977,243,0.2631578947368421,0.0009931126646709595,321,540
2.0,2.0,#,2.0,1.0,0.0,2.0,1.0,#,"-3.7969632276011858,3.134079223317931","-2.587610983401109,1.000624022952762","-0.6273564085444934,3.4916216713475023","-1.964732471563399,0.5478593040551367","-2.731787980718825,0.1750241490651836",#,#,"-2.5853504680327823,0.5260331781756993",#,#,1.0,1.0,1.0,1,49.333333333333336,8206,300,0.6842105263157895,0.0004948436468816903,3,3
#,#,#,#,#,#,#,5.0,1.0,"-1.2111666790955595,2.3533694385199855",#,#,#,"-1.8830717197453999,3.2234901298751555",#,#,#,"-0.6783942621173875,2.22504996892613",#,1.0,0.04900132412073784,0.5470683162990855,1,93.16044118635118,9997,407,0.2631578947368421,0.0009344564688194845,1017,1859
#,#,#,2.0,4.0,#,4.0,#,#,#,#,#,#,#,#,#,#,#,#,1.0,0.14903997552381276,0.683377308707124,1,100.33829103354537,9996,2258,0.15789473684210525,0.0010064547133158647,259,379
#,2.0,#,#,3.0,#,#,#,#,"-3.5895139617286564,2.846454028410523",#,"1.5532328109488525,2.479660435787885",#,"-0.9825600420867185,1.2171896777498288",#,#,#,"-1.0864753800348068,2.22504996892613",#,1.0,0.095367431640625,0.625,1,87.4824104950869,9615,2578,0.3157894736842105,0.0008775023320416862,20,32
0.0,#,#,#,3.0,#,#,#,#,#,#,"-4.027961284732154,2.856469481369319",#,#,#,"-2.5967987455950525,-0.35634504744144957",#,#,"-1.2247827651138625,3.253539263573706",1.0,0.0661763301935971,0.580952380952381,1,68.22821206295696,9986,3110,0.2631578947368421,0.0006843708907591408,61,105
#,#,"2.5199999999999996,13.83",#,0.0,#,#,1.0,#,"-3.547704593176984,1.1692999646487285","-3.303781623402219,1.36926861743073",#,"-4.31234186262562,0.1216436237600309","-2.1716222492102615,2.390875925428913","-1.4745621777546556,2.293465956433529",#,#,"-2.152265471927648,1.5609248586523157","-1.9916991466635778,2.008935198963983",0.0,0.14387251916983998,0.6785714285714286,1,112.13866486173397,9854,3189,0.5263157894736842,0.001124819713715353,38,56
#,#,"5.48,10.52",2.0,#,#,3.0,0.0,#,"-3.1689346308857664,4.059152496501311",#,#,#,"-2.1716222492102615,1.1430846688266976","-1.4745621777546556,3.1749295588470523","-1.747200009109123,-0.18597509087851039",#,"-1.1625082190793747,2.025587407164487",#,1.0,0.056313514709472656,0.5625,1,77.770795180032,9734,3316,0.47368421052631576,0.0007800888629954597,9,16
#,#,#,#,0.0,#,#,#,#,"-2.6584964972637337,3.678456600719458","-3.7076092948359887,0.3252316819016958",#,#,#,"-2.264476323553611,2.293465956433529",#,#,"-2.41101890342571,1.5609248586523157",#,0.0,0.1173540856311102,0.6514778325123153,1,104.0619532379063,9977,3325,0.2631578947368421,0.0010438053332813,529,812
4.0,0.0,#,1.0,#,#,#,1.0,1.0,"-3.694464379354994,1.4530521362550042",#,"-0.6267478519302698,3.86109393660877",#,#,"-3.151498660084439,2.293465956433529",#,#,#,#,0.0,0.46266436603796024,0.8571428571428571,1,86.936,8887,3545,0.42105263157894735,0.0008720214990264857,6,7
#,#,#,#,#,#,0.0,#,#,#,#,"-1.2703735750849265,3.1603097150379313","-1.0261979196506739,1.1907948235421515",#,#,#,#,#,#,0,0.13986145654401233,0.6747448979591837,1,97.32937000256754,9977,3682,0.15789473684210525,0.0009470074889885234,529,784
#,0.0,"1.5,8.5",#,#,0.0,#,#,#,"-4.553763259574627,3.678456600719458",#,#,#,"-1.9345400762067322,1.7578969535189004","-3.151498660084439,0.9915044327660181",#,#,"-1.2381085571382013,2.063847627185798",#,0,0.10505350244570645,0.6372093023255814,1,101.49920716039881,9964,4070,0.3684210526315789,0.0010180994154091604,137,215
#,2.0,#,#,#,#,0.0,3.0,1.0,#,#,"-1.786837837494272,1.9017992489761713",#,#,"-3.151498660084439,2.293465956433529",#,#,"-2.152265471927648,1.5609248586523157","-2.280049386854451,0.8067787719372816",0.0,0.17359814762676115,0.7045454545454546,1,94.36261957662359,9977,4159,0.42105263157894735,0.0009465150567690403,31,44
#,2.0,"5.38,14.620000000000001",#,#,#,#,2.0,0.0,"-0.9738391490781979,3.481830997941234",#,#,#,#,#,#,#,#,#,0.0,0.04030507585121135,0.5261044176706827,1,81.38876978495122,9976,4191,0.2631578947368421,0.0008163793713972888,131,249
#,#,#,#,#,#,#,#,#,"-2.6584964972637337,-0.5609386624523252",#,#,#,#,#,"0.42411154364543036,2.199170100085802",#,#,#,0,0.07798065820084647,0.6003401360544217,1,98.93881167144752,9950,4268,0.10526315789473684,0.0009924170753845911,353,588
1.0,#,#,2.0,#,0.0,#,#,0.0,#,#,#,"-2.3966317200072833,1.0027571528883827",#,#,#,#,#,#,0.0,0.3066820026178275,0.7894736842105263,2,94.8789726279762,9752,4424,0.2631578947368421,0.0019033887903087488,15,19
#,#,"2.34,7.66",#,#,1.0,3.0,4.0,0.0,#,"-2.0445854207940615,2.1277808656639285","-2.6487561196622744,2.6653813916480633","-2.155136975370171,1.170352139419067",#,#,#,#,#,"-1.2247827651138625,1.5220106205098631",1.0,0.0009765625,0.25,1,59.75,8423,4470,0.47368421052631576,0.0005993292142131281,1,4
#,#,#,0.0,4.0,#,#,#,1.0,#,"-1.3109012098108872,2.740303407820647","-2.507284893427056,-0.04819350244676035",#,#,#,"-0.49834347995078043,3.4359433139903635","-3.6259088772512156,1.862332151096177",#,#,1.0,0.1775098165599675,0.7076923076923077,1,84.76832872746574,9816,4508,0.3684210526315789,0.0008502784242074005,46,65
#,#,#,#,4.0,4.0,#,#,0.0,#,#,#,#,#,#,#,"-1.5288577527397877,2.572511599080483","-1.8491749862704847,-0.3689877312286918",#,1.0,0.05921567183105044,0.5681818181818182,1,105.22435472179284,9906,4574,0.2631578947368421,0.0010554649344183358,25,44
#,0.0,#,#,#,#,#,#,0.0,"-6.074952651774705,3.678456600719458",#,#,"-1.804881820877719,0.7077099547408167",#,#,#,#,#,#,0.0,0.07847078137658431,0.6010928961748634,1,100.306268702852,9916,4581,0.21052631578947367,0.0010061335096624466,330,549
#,#,#,#,#,#,#,#,0.0,"-4.1831277881681075,3.678456600719458","-3.3787156442202497,1.12743994515438",#,"-1.804881820877719,0.7077099547408167","-3.639259520099417,2.017239759480275",#,#,#,#,"-2.5168838390893695,0.4686641800356759",0.0,0.0569296304466124,0.5637254901960784,1,87.09473234956313,9987,4584,0.3157894736842105,0.0008736136820278893,230,408
#,#,#,#,#,2.0,#,#,#,"-6.833099791776645,0.0009217796007932044",#,#,#,#,"0.9951715215121482,2.841293240456944",#,#,#,"-0.8867980087593981,2.3111081634312054",0,0.15601271289092586,0.6896551724137931,1,70.99305549357348,9805,4698,0.21052631578947367,0.0007121039692644753,60,87
#,2.0,#,#,#,#,#,5.0,1.0,"-1.2111666790955595,3.1107217252241814","-2.237862922295824,2.4864154743168405","-0.25068653465821744,3.622382406135748",#,"-1.8830717197453999,3.392756959804105",#,#,#,#,#,1.0,0.07909147588272415,0.6020408163265306,1,101.31107745738272,9997,4715,0.3684210526315789,0.0010162123588890134,236,392
#,#,#,#,4.0,2.0,#,#,1.0,#,"-1.3109012098108872,3.05250880205312",#,#,#,#,"-0.49834347995078043,3.4359433139903635",#,#,#,1,0.06011247441448353,0.5698924731182796,1,95.54038275113092,9816,4909,0.2631578947368421,0.0009583287451022059,53,93
#,#,#,#,#,#,4.0,#,1.0,#,#,#,#,"-5.789345329707389,3.2234901298751555","-2.330630851399553,3.898604577917996","-0.6991131872520162,3.672316583793699",#,#,#,1.0,0.13866336415913977,0.6735849056603773,1,101.87731863656515,9997,4930,0.2631578947368421,0.00102189210585093,357,530
#,2.0,#,#,#,#,#,#,#,#,"0.2865831380952357,3.0871726792388117",#,"-2.858448607850331,0.2453412326196247","-1.782503661040057,1.59629622155743","-2.5462778383055062,2.329234087847897",#,#,"-1.0864753800348068,0.4002525156679132",#,1,0.06679308694310748,0.58203125,1,98.22035952326505,9997,4978,0.3157894736842105,0.0009581789544552969,149,256
#,#,#,#,#,#,#,#,0.0,#,#,"-2.0320504267037496,0.8573819576980977",#,"-3.639259520099417,2.017239759480275",#,#,#,#,"-1.1535044053778107,2.8471299402497503",0.0,0.07113511232176585,0.5894090560245587,1,84.81079519504775,9987,4984,0.21052631578947367,0.0008652758505537884,768,1303
#,#,#,#,#,#,#,5.0,1.0,#,#,#,"-0.8715720251613226,1.3614925858507285","-3.069366394948335,3.392756959804105",#,#,#,#,#,1.0,0.04492387382755736,0.5376447876447876,1,86.74586067467715,9993,5042,0.21052631578947367,0.0008701142847597615,557,1036
#,#,#,#,#,#,#,#,1.0,"-3.547704593176984,2.1868279788101064",#,#,#,#,"-1.1743730157861323,2.293465956433529",#,"-1.7678722049372855,0.49050963404355574",#,#,0,0.026080817424542664,0.4822411205602801,1,92.73300677764752,9981,5053,0.21052631578947367,0.0008893770546824683,964,1999
#,#,#,#,4.0,#,4.0,#,#,#,#,"-4.094298634294284,-1.2663435346669436",#,"-2.2432139631941435,0.7421606565840279",#,#,#,"0.1257012434969207,2.573703242219886",#,1.0,0.16806999999999994,0.7,1,72.922752,9045,5061,0.2631578947368421,0.0007314600109526163,7,10
#,#,"0.4500000000000002,13.64",#,0.0,#,#,0.0,#,"-0.27925817667529884,4.374441754656107","-3.303781623402219,1.36926861743073",#,#,#,#,#,#,#,#,0.0,0.09679934942503075,0.6268656716417911,1,79.25808079867276,9964,5071,0.2631578947368421,0.0007950072516336263,42,67
#,#,"11.25,14.75",0.0,#,#,4.0,#,#,#,#,"-1.834873101068364,-1.1746375836027325",#,#,#,#,"-2.63612405817261,1.6701057643715105",#,#,1,0.13168724279835387,0.6666666666666666,1,78.84096,9879,5253,0.2631578947368421,0.0007908232737172999,6,9
#,#,#,#,2.0,#,2.0,#,1.0,#,"-1.1126654271317888,2.3921222534929227","-2.356261088048633,2.712454947612946",#,"-1.249116030989942,1.9719460587707163",#,"-0.16515405871731748,2.003322997827175",#,"-2.788401528498765,0.6843454929454411",#,1.0,0.07775999999999998,0.6,1,81.28846165370666,9874,5280,0.42105263157894735,0.0008153732192051886,27,45
#,#,"0.4500000000000002,13.83",#,#,#,#,#,#,#,"-3.303781623402219,1.36926861743073",#,#,#,#,#,#,"-1.2082072914197046,1.5609248586523157",#,0,0.03483249686807478,0.5109717868338558,1,98.23332907648225,9981,5296,0.15789473684210525,0.000958341570190409,1630,3190
#,0.0,#,#,4.0,#,4.0,2.0,#,"-2.745897507513364,3.8881002669377898",#,"-4.094298634294284,-1.2663435346669436",#,#,#,#,"-2.9594160148629003,1.283379866330483",#,#,1.0,0.1043582467665522,0.6363636363636364,1,89.7565696,9254,5301,0.3684210526315789,0.0009003135452524511,7,11
2.0,1.0,#,#,#,#,#,#,0.0,"-4.1831277881681075,0.06397066189651257","-1.8680722654152286,1.636715415209483",#,#,"-3.639259520099417,2.017239759480275",#,"-4.59828008678535,2.6496563392383514",#,#,#,0.0,0.401877572016461,0.8333333333333334,1,75.24,9912,5326,0.3684210526315789,0.0007547034322576697,5,6
#,#,"-2.31,2.31",#,#,#,#,#,#,#,#,#,#,"-4.452249034011964,0.8763844789993732",#,#,#,"-1.8491749862704847,2.0577414827755756","-1.3728003214140467,0.3323739667518246",1.0,0.04309164157267628,0.5331858407079646,1,91.08316618852919,9993,5382,0.21052631578947367,0.0009136201241810037,241,452
#,#,"-1.2200000000000002,13.83",#,#,#,1.0,3.0,1.0,"-3.848938506502206,2.388999699324998","-3.1727867667841045,1.8340527769654833","-0.44775080864013617,1.1577865720332683","-2.858448607850331,0.2453412326196247","-2.6595585383400304,1.59629622155743","-1.1837101613089756,3.1749295588470523","-3.7645148296747695,0.2946699577248233","-1.5576627563287277,0.6344484489545205",#,#,0.0,0.13168724279835387,0.6666666666666666,1,67.13511168,9861,5411,0.631578947368421,0.0006734064222474477,8,12
#,#,"3.1999999999999997,8.8",#,4.0,#,#,#,#,#,"-1.3109012098108872,3.05250880205312",#,#,"-4.452249034011964,1.361375225556053",#,"-0.49834347995078043,3.4359433139903635","-3.511499155376157,1.014149784563452",#,"-3.686893080703646,1.139086628841476",1.0,0.10255278437793762,0.6341463414634146,1,102.16408438437773,9988,5432,0.3684210526315789,0.0010247685425086666,78,123
#,#,#,#,#,#,#,#,#,#,#,#,#,#,#,"-0.5358043871407504,2.229373145473857",#,#,"-0.8867980087593981,2.3111081634312054",0,0.0383719533095766,0.5209580838323353,1,92.00548034438212,9987,5435,0.10526315789473684,0.0009554847417057013,1392,2672
#,#,#,2.0,#,#,#,#,0.0,"-4.1831277881681075,2.5063621173141657",#,#,#,#,"-1.6033000791413379,1.7281242980920477","-0.8608307396461985,0.6172405234728608","-1.200246954049769,0.6382979278006973",#,"-1.1535044053778107,2.8471299402497503",0.0,0.06888686995808103,0.585635359116022,1,96.47843685479225,9781,5446,0.3684210526315789,0.0009677380041622351,106,181
#,#,#,#,#,#,#,#,#,"-6.074952651774705,-0.5609386624523252",#,#,#,#,"-3.3999915878657183,0.9915044327660181","-1.1770287960306836,2.4450130142643376",#,"-1.2381085571382013,0.5493556066578759",#,0.0,0.08854444170851006,0.6157894736842106,1,94.86194511923111,9981,5457,0.21052631578947367,0.0009515235987788732,468,760
1.0,0.0,"-2.3800000000000003,2.3800000000000003",#,#,#,1.0,#,0.0,"-4.1831277881681075,0.06397066189651257","-1.8680722654152286,1.636715415209483",#,#,"-2.481866348583436,1.2105706811421968",#,#,#,"-0.7092380947221684,3.275881438082659",#,0.0,1.0,1.0,1,81.0,9477,5524,0.47368421052631576,0.0008124797715692617,1,1
#,#,"0.25,9.55",#,#,#,#,#,1.0,"-2.6584964972637337,2.3533694385199855",#,#,#,"-2.1716222492102615,1.2065648205387216",#,#,#,"-1.2082072914197046,1.3806239265348819",#,1,0.04109403692081477,0.5281481481481481,1,100.21609952067726,9997,5538,0.2631578947368421,0.001005229057359534,713,1350
#,0.0,#,#,#,#,#,#,0.0,"-4.1831277881681075,-0.5609386624523252","-3.3787156442202497,3.05250880205312",#,#,#,"-2.820058160199381,1.966183333361201","-2.357172134607318,2.199170100085802",#,#,#,0,0.18355272445167764,0.7124463519313304,2,106.73889475326988,9950,5540,0.3157894736842105,0.0021413134031282016,166,233
#,#,#,#,3.0,#,#,4.0,#,#,#,#,#,"-2.270156951634249,2.4435924480154947","-0.3953970246502907,1.4507246942945051",#,#,"-3.086205399399103,2.22504996892613",#,1.0,0.035056707593318304,0.5116279069767442,1,84.75466215725672,9499,5546,0.2631578947368421,0.0008501413401105912,22,43
3.0,0.0,#,#,#,#,4.0,#,1.0,#,"-1.3109012098108872,2.740303407820647",#,"-3.271859564531849,2.1967225353437874",#,"-1.9537947358915781,-0.17604789542621935","1.8990520453624729,3.1461672969226786","-0.4288014747911344,2.3893954301600924","-1.870447770989183,2.22504996892613",#,1,0.018449596514917694,0.7083333333333333,1,68.27584,5607,5607,0.5263157894736842,0.0006848486282333266,0,0
2.0,2.0,#,0.0,#,#,#,5.0,1.0,#,#,"-1.7750120829522034,0.13078374505752577",#,#,"-1.8352717593276542,3.898604577917996",#,#,#,#,1.0,0.03125,0.5,1,73.48177690508658,9669,5621,0.3684210526315789,0.0007370673742512122,10,20
#,#,#,#,#,#,#,#,1.0,#,"-0.3341676756567402,2.7065555842408697","-0.40277464526576634,2.6710895934596035",#,"-2.270156951634249,2.6039264701049643","-0.3953970246502907,1.4507246942945051",#,#,"-1.8122626063387757,1.3189027408650174",#,1,0.06518213553155759,0.5791962174940898,1,102.98262112065962,9997,5624,0.3157894736842105,0.0010178894670294359,490,846
3.0,#,#,#,#,#,0.0,#,#,#,#,"-2.890839828827479,3.1603097150379313","-1.0261979196506739,1.1907948235421515",#,#,#,#,#,#,0,0.12324861859319845,0.6578947368421053,1,88.76953757904536,9959,5645,0.21052631578947367,0.0008904130075868119,100,152
#,0.0,#,0.0,0.0,0.0,#,#,#,"-2.6584964972637337,3.678456600719458",#,#,#,"-2.528854495286314,1.7578969535189004","-3.151498660084439,2.293465956433529","-0.8608307396461985,3.067084518890238",#,"-1.2082072914197046,2.063847627185798",#,0.0,0.401877572016461,0.8333333333333334,1,98.24291727163393,9604,5651,0.47368421052631576,0.0009854368269525309,15,18
#,0.0,#,#,#,#,0.0,#,#,"-4.553763259574627,2.636935267438397",#,#,"-1.0261979196506739,3.4468294858420023","-2.528854495286314,1.7578969535189004",#,#,"-0.9839984203322802,3.965930107726668",#,#,0.0,0.16886128861894023,0.7006578947368421,2,94.16889456752831,9959,5732,0.3157894736842105,0.001889143751781612,213,304
#,#,#,#,#,#,#,1.0,#,#,#,#,"-1.3622287745551467,1.3720622753826714","-2.132688393987853,1.2065648205387216",#,#,"-2.131118347249921,2.677383651435914",#,#,1,0.04678840578267463,0.5420353982300885,1,84.91903589968008,9988,5752,0.21052631578947367,0.0008517901097488148,245,452
#,#,#,#,#,#,#,#,1.0,#,#,#,#,"-2.270156951634249,2.6039264701049643","-1.1924208924920336,1.4507246942945051",#,#,#,#,1,0.04452615243873982,0.5366894197952219,1,98.22244193437555,9997,5889,0.15789473684210525,0.0009582050642840525,1258,2344
#,#,#,#,0.0,#,#,1.0,#,#,"-3.303781623402219,1.36926861743073",#,#,#,"-3.151498660084439,2.293465956433529",#,#,#,"-1.339359348613811,0.2875219095930879",0.0,0.2149341667858102,0.7352941176470589,1,111.90163385196972,9854,5901,0.2631578947368421,0.0011224421470404384,50,68
#,#,#,#,#,1.0,#,#,#,"-6.833099791776645,0.06397066189651257",#,#,#,#,#,#,"-2.4288019336091806,2.803979653195993",#,"-3.786659237043167,3.496558925027852",0,0.058060362093462686,0.565947242206235,1,85.85623979813461,9981,5955,0.21052631578947367,0.0008611908407281995,236,417
3.0,2.0,#,#,4.0,0.0,#,#,#,"-4.1831277881681075,-0.5609386624523252",#,#,"-0.17159291300441892,1.8237005558691242","-2.419147372510335,2.5302894971218954",#,"-0.5358043871407504,4.885487516193823","-1.8718476181132027,3.4316472333785266",#,#,0.0,1.0,1.0,1,81.5,9938,5985,0.47368421052631576,0.0008174950788011707,2,2
1.0,#,#,#,#,#,#,#,1.0,#,"-3.0391459761755457,3.0871726792388117",#,#,#,"-1.1924208924920336,1.4507246942945051",#,#,#,"-0.8867980087593981,2.3111081634312054",0,0.03685719529225085,0.5167785234899329,1,95.33543144519372,9977,6003,0.2631578947368421,0.0009220069528215755,154,298
#,#,#,2.0,#,#,4.0,#,#,"1.4649035035958344,8.792005523138899",#,#,#,#,#,#,#,"-1.0864753800348068,2.0577414827755756","-0.16770184903112884,1.7430488832089004",1,0.08383214677338237,0.6090909090909091,1,98.47851740695899,9939,6077,0.2631578947368421,0.0009878000410776,67,110
#,#,#,#,#,#,#,1.0,1.0,#,#,#,"-2.758715169123128,1.8969695915818054",#,#,#,#,#,#,1,0.04568294997313773,0.5394495412844037,1,88.7812910606241,9988,6096,0.15789473684210525,0.0008905309022291357,294,545
#,#,#,#,#,#,1.0,2.0,#,"-6.158177876670227,1.414529256689226",#,#,#,#,#,#,#,#,#,0,0.13383894954530348,0.6688311688311688,1,86.61658320703766,9976,6103,0.15789473684210525,0.0008688175523230111,103,154
#,0.0,"11.69,16.31",#,0.0,#,#,#,#,"-3.547704593176984,1.1692999646487285","-1.2564544661274333,1.36926861743073",#,"-4.31234186262562,0.1216436237600309","-2.1716222492102615,2.390875925428913",#,"-3.400162588780277,3.221602337976076",#,#,#,0.0,0.22301350200402018,0.7407407407407407,1,106.31204033296791,9959,6142,0.42105263157894735,0.0010663750894418754,20,27
2.0,#,#,0.0,3.0,1.0,1.0,#,1.0,"-2.6584964972637337,1.757765741191134","-2.928325807193271,1.6612771079105184",#,#,#,#,#,#,#,#,0.0,1.0,1.0,1,73.0,8043,6145,0.42105263157894735,0.0007322348558587172,1,1
#,#,#,#,#,#,#,#,#,#,#,#,#,#,"-0.37856201040534143,2.151308493333823","-0.5358043871407504,2.229373145473857",#,#,#,0,0.02927030191951567,0.49349804941482445,1,99.99742538514298,9976,6167,0.10526315789473684,0.0010030356214127808,759,1538
3.0,#,#,#,#,4.0,#,#,#,"-0.20552306886708616,3.2599981565924723",#,#,#,"-0.5167592656582803,2.1543653941432415",#,#,#,"-0.6991842300331339,3.342865581811762",#,1,0.11177418429208745,0.6451612903225806,1,78.26601398330467,9694,6187,0.2631578947368421,0.0007850562118863212,40,62
#,#,#,#,1.0,3.0,#,#,1.0,#,"-3.0391459761755457,3.0871726792388117",#,#,"-2.270156951634249,1.361375225556053",#,"-0.5400058778168155,1.0836680371430216","-3.2572933943439333,0.9704533273749505",#,#,1.0,0.05962518390607958,0.5689655172413793,1,91.74720131615588,9788,6204,0.3684210526315789,0.0009202808045366592,33,58
0.0,2.0,#,#,#,3.0,#,#,#,#,"-4.119040561096853,2.740303407820647",#,#,"-2.270156951634249,2.6039264701049643",#,#,#,"-1.8491749862704847,2.0446092374302482",#,1.0,0.040386107340619246,0.5263157894736842,1,84.05975551850041,9944,6243,0.3157894736842105,0.0008431709995288789,30,57
#,#,#,0.0,#,#,#,#,1.0,#,"-0.3341676756567402,2.7065555842408697","-0.40277464526576634,2.6710895934596035",#,"-2.270156951634249,2.6039264701049643","-0.3953970246502907,1.4507246942945051",#,#,"-1.8122626063387757,1.3189027408650174",#,0,0.019487212509465463,0.45493562231759654,1,87.42853696715274,9960,6265,0.3684210526315789,0.0008769619474531729,106,233
#,0.0,#,#,4.0,#,#,#,#,"2.237022067784399,5.504513508931982","-3.0391459761755457,3.05250880205312",#,"-2.1984550849471365,2.7528287081835074",#,#,"-3.714590503469175,0.46949227738886745",#,#,#,1.0,0.6903615309097401,0.9285714285714286,1,91.17125478400001,9996,6270,0.3157894736842105,0.0009145037069208307,13,14
#,0.0,#,#,#,#,0.0,#,1.0,#,#,#,"-1.0261979196506739,3.80938675972153","-2.528854495286314,1.7578969535189004",#,"-3.2911100511952656,-0.356007204921714","-3.4998838764744993,3.965930107726668",#,#,0,0.08065039260427032,0.6043956043956044,1,88.53437387865394,9805,6282,0.3684210526315789,0.0008880541711723007,55,91
#,#,#,#,#,#,#,#,#,"-2.6584964972637337,2.1368248197070994","-1.2564544661274333,1.12743994515438",#,#,"-0.6400726450593197,1.8739270347538768",#,"-3.400162588780277,2.098684931221109",#,#,#,0.0,0.03744900044236523,0.5184275184275184,1,94.98261754757036,9987,6293,0.21052631578947367,0.0009175832775909044,844,1628
#,#,"-1.2200000000000002,13.83",#,#,#,#,#,0.0,"-1.0920614021511432,3.3636087448682885",#,#,#,"-2.1716222492102615,2.390875925428913",#,#,#,#,#,0,0.051269754202932734,0.5520421607378129,1,83.96562038042485,9987,6331,0.21052631578947367,0.0008546788221537745,419,759
#,0.0,#,#,#,2.0,#,#,#,#,#,#,"-1.624493014078788,0.7402992453268924",#,#,"-3.400162588780277,2.098684931221109","-3.2572933943439333,1.2134175721730678",#,#,0,0.04452939972592455,0.536697247706422,1,82.92937508854087,9921,6346,0.2631578947368421,0.0008318325892385099,117,218
#,2.0,#,#,3.0,#,#,#,1.0,#,#,"-0.40277464526576634,2.6710895934596035",#,#,#,#,"-2.63612405817261,2.3138044698863385","-1.0864753800348068,2.22504996892613",#,1.0,0.0937437335525436,0.6228571428571429,1,89.86124262536042,9986,6347,0.3157894736842105,0.0009013634800146028,109,175
#,#,#,#,#,#,#,#,0.0,"-4.1831277881681075,-0.5609386624523252","-3.3787156442202497,3.05250880205312",#,"-3.6223063741452703,1.624576451411083",#,"-2.820058160199381,1.966183333361201",#,#,#,#,0,0.15709312920940352,0.6906077348066298,1,96.29957014607017,9950,6354,0.2631578947368421,0.0009659438611666319,250,362
#,#,"2.96,11.760000000000002",#,#,#,4.0,#,#,#,"-1.0479326292225095,1.2051451654648053",#,"-0.5298979586196481,1.9087940588924601",#,#,#,#,"-3.307524144559542,0.620665109205216","-0.16770184903112884,1.7430488832089004",1,0.04662947792084618,0.5416666666666666,1,104.9458798508468,9951,6368,0.3157894736842105,0.0010526716603500145,39,72
#,#,#,#,#,#,#,#,#,"-0.20552306886708616,3.2599981565924723",#,#,#,#,"-1.4294219741724836,1.6988511764176162","-0.5358043871407504,2.229373145473857",#,#,#,1,0.05319692632534882,0.5561312607944733,2,94.02403778975545,9997,6396,0.15789473684210525,0.001961587912180426,644,1158
#,0.0,#,1.0,#,#,#,#,#,#,"-1.8680722654152286,1.636715415209483",#,#,"-2.481866348583436,1.2105706811421968","-2.764506070532069,1.8166107875902027",#,#,#,#,0.0,0.06438788667039236,0.5777777777777777,1,89.40230371750494,9978,6398,0.2631578947368421,0.0008967600407674588,104,180
#,#,#,#,#,#,#,#,#,"-0.20552306886708616,3.2599981565924723",#,#,#,#,"-1.4294219741724836,1.6988511764176162","-0.5358043871407504,2.229373145473857",#,#,"-1.2669425585944973,0.8826520151755355",1,0.05698838828023315,0.5638418079096045,1,92.64607992424101,9997,6400,0.21052631578947367,0.0009635167509697617,499,885
#,2.0,#,#,3.0,1.0,#,5.0,1.0,#,#,"-0.40277464526576634,2.6710895934596035",#,#,#,"-0.8140324886825826,1.4341313935694995","-2.63612405817261,2.3138044698863385",#,#,1.0,0.07775999999999998,0.6,1,87.88781127680001,9870,6441,0.42105263157894735,0.0008815687509863808,9,15
#,#,#,#,0.0,#,#,#,#,#,#,#,#,"-2.1716222492102615,1.2065648205387216","-3.151498660084439,2.293465956433529",#,#,#,"-1.339359348613811,0.2875219095930879",0.0,0.10293260908921657,0.6346153846153846,1,97.9504470645316,9987,6450,0.21052631578947367,0.0009547947196896264,231,364
#,#,#,#,#,#,#,#,#,#,#,"-1.2703735750849265,0.7703443656717446","-1.717633649949954,1.1907948235421515",#,#,#,#,#,#,0,0.03191975519467336,0.5021250758955677,1,89.72316362856671,9987,6451,0.10526315789473684,0.0009268684428798615,827,1647
#,#,#,2.0,#,#,#,5.0,#,#,#,#,"-0.6033207900626162,1.3614925858507285","-1.8269848047374047,1.4086955347189223","-2.330630851399553,3.3616530601010903",#,"-3.235705312451096,1.5020834215481833",#,#,1.0,0.07998157124851063,0.6033898305084746,1,88.72254986144051,9975,6486,0.3157894736842105,0.0008899416919069829,178,295
#,#,"2.96,11.760000000000002",0.0,#,0.0,#,#,1.0,#,#,#,"-1.565611793060878,0.2453412326196247",#,"0.16651346657554322,4.405755932300631",#,"-2.89899114902545,1.6266577909141593","-0.6991842300331339,1.1868029820810662",#,1.0,0.004115226337448558,0.3333333333333333,1,86.001657856,9232,6487,0.42105263157894735,0.0008626494732027243,5,15
#,#,#,2.0,#,#,#,5.0,#,#,#,"-0.365496246194124,2.093595144786172","-0.6033207900626162,1.3614925858507285","-1.8269848047374047,1.4086955347189223","-2.330630851399553,3.3616530601010903",#,"-3.235705312451096,1.5020834215481833",#,#,1.0,0.10571441110644163,0.6380090497737556,1,101.35523357758947,9975,6493,0.3684210526315789,0.0010166552719070253,141,221
#,#,#,#,0.0,#,#,#,0.0,#,#,#,#,"-2.1716222492102615,2.390875925428913",#,"-3.400162588780277,3.221602337976076",#,"-0.3819591091346297,0.19923739616937453",#,0.0,0.2957885573215846,0.7837837837837838,1,95.68966812976562,9942,6553,0.2631578947368421,0.0009598261691803757,29,37
#,2.0,#,0.0,#,4.0,#,#,#,#,#,#,#,#,#,#,#,#,#,1.0,0.08774886824687118,0.6146788990825688,1,92.15346528318067,9897,6586,0.15789473684210525,0.000924355881760426,67,109
#,#,"5.31,14.690000000000001",#,4.0,4.0,#,#,#,"-4.42529140062425,1.5156021287349923",#,#,#,"-4.452249034011964,3.673544870936077",#,#,"-6.960073935941407,0.9704533273749505","-1.8491749862704847,2.0577414827755756","-0.16770184903112884,1.778123464105022",1,0.05292214940134466,0.5555555555555556,1,101.04183810262776,9638,6588,0.42105263157894735,0.0010135117227229793,20,36
#,#,#,#,3.0,#,#,#,1.0,#,#,"-0.40277464526576634,2.6710895934596035",#,#,#,"-1.5550494901910148,1.5049513495409856",#,#,#,1.0,0.0579588658750294,0.5657492354740061,1,88.1191023320007,9951,6597,0.21052631578947367,0.0008838887423900286,185,327
#,#,#,1.0,#,#,3.0,#,#,"-1.2886202274800351,2.3533694385199855",#,#,#,#,#,#,"-3.6259088772512156,2.1004215181876744",#,#,1.0,0.04563059729703103,0.5393258426966292,1,83.50933850551363,9906,6601,0.21052631578947367,0.0008376499786772822,48,89
#,2.0,#,#,#,4.0,#,#,#,"-0.20552306886708616,3.2599981565924723",#,#,#,#,#,#,#,#,#,1.0,0.11646297773158097,0.6504854368932039,3,81.58428154367323,9833,6603,0.15789473684210525,0.0024550214234165166,134,206
#,#,#,2.0,4.0,#,4.0,2.0,#,"-2.745897507513364,3.8881002669377898",#,"-4.094298634294284,-1.2663435346669436",#,#,#,#,#,#,#,1.0,0.2994492622121735,0.7857142857142857,1,98.5512327168,9539,6617,0.3157894736842105,0.0009885294203162323,11,14
#,2.0,#,#,0.0,#,#,#,#,"-2.6584964972637337,3.678456600719458","-3.303781623402219,1.36926861743073",#,#,"-1.4281180639257245,2.264318965799908","-3.151498660084439,2.293465956433529",#,#,#,"-1.339359348613811,0.2875219095930879",0.0,0.12930166754733288,0.6642335766423357,1,107.74487936954168,9977,6637,0.3684210526315789,0.0010775999376190272,91,137
4.0,0.0,#,#,#,#,#,#,0.0,"-4.553763259574627,2.636935267438397",#,#,#,#,#,#,#,#,"-1.1281622440164576,2.000751241002046",0.0,0.2373046875,0.75,1,100.35977068962153,9916,6701,0.2631578947368421,0.00100667016746478,63,84
#,0.0,"11.69,16.31",1.0,0.0,#,#,#,#,"-3.547704593176984,2.636935267438397",#,#,"-4.31234186262562,3.4468294858420023","-2.528854495286314,2.390875925428913",#,"-3.400162588780277,3.221602337976076",#,#,#,0.0,0.21208362139917689,0.7333333333333333,1,78.23604905984,9565,6792,0.42105263157894735,0.0007847556452916093,11,15
#,#,#,#,3.0,2.0,#,#,1.0,#,#,"-4.027961284732154,1.1354846249338837",#,#,"-1.8163398491641112,2.0807440635836048",#,"-2.63612405817261,1.2134175721730678",#,#,1.0,0.13168724279835387,0.6666666666666666,1,86.88115474608647,9989,6803,0.3157894736842105,0.0008714713674293087,34,51
#,#,#,#,#,#,2.0,#,#,"-6.074952651774705,-0.5609386624523252",#,#,#,#,"-3.3999915878657183,0.9915044327660181","-1.1770287960306836,2.4450130142643376",#,"-1.2381085571382013,0.5493556066578759",#,0.0,0.051544044179978286,0.5526315789473685,1,97.51514813606416,9938,6812,0.2631578947368421,0.0009781368553349644,42,76
2.0,#,"2.96,11.760000000000002",#,#,#,4.0,#,1.0,"2.237022067784399,5.116895444413853","-2.6894661371699033,3.8108749366660692",#,#,"-1.782503661040057,1.59629622155743",#,"-0.16515405871731748,0.46949227738886745",#,"-1.9943038597862701,1.1868029820810662","-2.7199509411786966,-1.1077550108511716",1.0,0.03125,0.5,1,76.0,7313,6826,0.5263157894736842,0.0007623266992501715,1,2
#,#,#,#,#,0.0,#,#,#,"-4.553763259574627,3.678456600719458",#,#,#,"0.502757895063765,3.0167575748769613",#,#,#,#,#,0,0.05232008343647289,0.5542857142857143,1,82.073145885571,9960,6870,0.15789473684210525,0.0008232440842108569,97,175
#,#,#,#,#,#,#,2.0,0.0,"-4.1831277881681075,-0.5609386624523252","-3.3787156442202497,3.7632524583089206",#,#,#,#,"-2.357172134607318,2.199170100085802",#,#,"-0.6687919244164486,1.5398640567832425",0,0.1590361251087416,0.6923076923076923,1,92.04510469865662,9916,6897,0.3157894736842105,0.0009232689585139914,126,182
3.0,2.0,#,#,4.0,#,#,#,#,#,#,"-3.3847789462808398,1.041585557483692","-2.858448607850331,0.49443642314725667","-1.782503661040057,1.361375225556053","-1.4294219741724836,1.4507246942945051","-0.8256416105416313,0.9229302978766549",#,#,#,1,0.43375716751999094,0.8461538461538461,1,90.406614528,9480,6910,0.42105263157894735,0.0009068338953093795,11,13
#,#,#,#,#,#,#,5.0,#,#,"-0.5934710800391954,3.05250880205312",#,#,"-4.452249034011964,2.6039264701049643","-2.5462778383055062,4.538034484926324",#,#,#,"-0.16770184903112884,1.7430488832089004",1,0.03178692900760871,0.5017064846416383,1,97.28324108967918,9997,6910,0.2631578947368421,0.000975810685161234,147,293
#,2.0,#,#,#,#,4.0,#,#,"-1.7823981573710213,3.8881002669377898",#,"-2.7246074258989674,0.7181205214734472",#,"-4.452249034011964,3.2234901298751555","-2.9552626456179705,-0.08351774948162172",#,#,#,"-3.686893080703646,1.139086628841476",1.0,0.16806999999999994,0.7,1,90.83917090500734,9952,6929,0.3684210526315789,0.000940861241290851,56,80
#,0.0,#,2.0,#,#,#,#,0.0,#,#,#,#,#,#,"-4.59828008678535,1.2478870426906734",#,#,#,0.0,0.06754356352880661,0.5833333333333334,1,98.32860905065617,9894,6941,0.21052631578947367,0.0009862963681506218,119,204
#,0.0,#,#,#,#,#,#,#,#,#,#,#,#,#,"-3.400162588780277,2.199170100085802","-3.2572933943439333,1.2134175721730678",#,#,0.0,0.043416984742522,0.533988533988534,1,93.16110706090059,9981,6967,0.15789473684210525,0.0009344631479503709,652,1221
#,#,"4.41,9.59",#,#,#,4.0,0.0,#,#,#,#,#,"-2.270156951634249,3.2234901298751555",#,#,#,"-2.475962381986223,2.1316722626246625","-3.686893080703646,2.4052342536894304",1.0,0.620921323059155,0.9090909090909091,1,102.74829514163119,9909,6993,0.3157894736842105,0.0010306285353802911,20,22
#,0.0,"9.76,14.24",#,#,#,#,#,0.0,"-4.553763259574627,0.06397066189651257",#,#,#,#,#,#,"-0.9552672092705528,4.2775143775346205",#,#,0.0,0.12254594871184625,0.6571428571428571,1,98.88203826644974,9814,7001,0.2631578947368421,0.0009918476032472602,46,70
#,2.0,#,#,0.0,#,#,5.0,1.0,"-3.245162657071021,2.5967159801322333",#,#,#,#,#,#,"-1.1107378841308955,1.0813733211523529","-2.152265471927648,1.5609248586523157","-1.339359348613811,0.8067787719372816",0.0,0.07042962777237427,0.5882352941176471,1,99.44477514391772,9960,7037,0.42105263157894735,0.0009974921999097144,30,51
3.0,#,"1.7300000000000004,10.27",#,#,3.0,#,#,#,"-3.547704593176984,1.1692999646487285","-3.0391459761755457,3.0871726792388117",#,"-3.0041971808060657,0.1216436237600309","-2.1716222492102615,1.361375225556053","-1.259042194040569,1.065703674260285",#,"-3.2572933943439333,0.9704533273749505","-1.7762442589341254,2.208875273870702",#,1,0.023847592523562257,0.47368421052631576,1,89.15641128655258,9940,7044,0.5263157894736842,0.0008942935885930047,9,19
#,#,#,#,#,#,#,#,#,"-1.5674305888769315,-0.5609386624523252","-3.3787156442202497,3.05250880205312",#,#,#,"-2.820058160199381,1.966183333361201","-2.357172134607318,2.199170100085802",#,"-2.0640228982714217,1.5225846812529227",#,0,0.0627091672839561,0.5747330960854092,1,94.9767458228641,9927,7060,0.2631578947368421,0.0009175096563324468,323,562
#,#,"2.96,11.760000000000002",#,#,#,#,#,#,#,"0.2865831380952357,3.0871726792388117",#,"-2.858448607850331,0.2453412326196247",#,"-2.264476323553611,2.329234087847897",#,#,"-1.318129295681968,1.1868029820810662",#,1,0.0335810884056647,0.5072463768115942,1,99.439096911588,9997,7085,0.2631578947368421,0.000997435243750379,140,276
#,#,#,#,4.0,#,#,#,#,#,"-0.3341676756567402,3.05250880205312",#,#,#,"-2.4797402203244636,2.329234087847897",#,#,#,"-2.1867815837217504,2.2318294845833173",1.0,0.10002264305236883,0.6309859154929578,1,106.6098744072264,9997,7086,0.21052631578947367,0.0010693625482149503,224,355
#,#,#,#,#,#,#,#,#,#,"-4.758718345890589,1.249489106608916",#,#,"-4.452249034011964,0.8763844789993732",#,#,#,#,"-1.3728003214140467,0.3323739667518246",1.0,0.030382687035696045,0.4971932638331997,1,88.86552530643218,9989,7104,0.15789473684210525,0.0008408855352028172,620,1247
#,#,#,2.0,#,#,#,#,#,"-3.4969002211853444,3.8302017983577206",#,#,#,#,"-3.151498660084439,2.329234087847897",#,"-0.6085952630993875,2.2199353243628686",#,"-0.8486916343066533,2.674255028260901",1,0.02770657435813201,0.4881087202718007,1,95.72720208949923,9989,7105,0.2631578947368421,0.0009602026578597639,431,883
#,#,#,#,#,#,1.0,#,#,"-4.553763259574627,2.636935267438397","-3.303781623402219,1.36926861743073",#,"-1.0261979196506739,3.4468294858420023","-2.528854495286314,1.7578969535189004",#,#,#,#,#,0.0,0.07147862987110624,0.5899772209567198,1,89.87611212098581,9981,7119,0.2631578947368421,0.0009015126301924925,259,439
#,0.0,#,#,#,#,#,#,#,#,"-1.8680722654152286,1.636715415209483",#,#,"-2.992204448436502,1.2105706811421968",#,#,#,#,"-2.1790015889923486,-0.32796181713482064",0.0,0.03338963458106997,0.5066666666666667,1,80.2946251196077,9967,7122,0.21052631578947367,0.0008054044280915848,190,375
#,0.0,#,#,#,#,#,#,#,"-6.833099791776645,0.06397066189651257","-3.3168855204828227,0.6051387887876882",#,#,#,#,#,"-2.4288019336091806,2.803979653195993",#,#,0,0.06479036266546698,0.5784982935153583,1,94.49293302897237,9978,7143,0.21052631578947367,0.0009478221807690002,339,586
#,#,#,#,1.0,#,1.0,#,1.0,"-4.1831277881681075,0.06397066189651257",#,"-1.218743309796196,2.101030068027203",#,"-2.481866348583436,0.8573575612774555","-1.8163398491641112,1.4507246942945051",#,"-4.117235494004234,4.764340584417004",#,#,1,0.026916905876128723,0.4852941176470588,1,98.94875971416391,9949,7155,0.42105263157894735,0.0009925168603657488,33,68
#,#,#,#,#,#,0.0,#,#,#,"-1.2564544661274333,1.36926861743073",#,"-4.31234186262562,1.1907948235421515",#,#,#,"-2.4288019336091806,2.803979653195993",#,#,0,0.14799323428464878,0.6824146981627297,2,99.97747032025605,9977,7158,0.21052631578947367,0.0019604201613476653,260,381
#,#,#,2.0,1.0,#,#,#,#,#,#,"-1.218743309796196,2.101030068027203","-0.6033207900626162,1.3614925858507285","-2.481866348583436,1.4086955347189223",#,#,"-3.235705312451096,4.764340584417004",#,#,1.0,0.04158799090330928,0.5294117647058824,1,83.68949321172752,9864,7199,0.3157894736842105,0.0008394570410791562,72,136
#,#,#,#,#,#,0.0,#,#,#,"-1.2564544661274333,1.36926861743073",#,"-4.31234186262562,1.1907948235421515","-2.8876665783908853,2.0617702912413454",#,#,"-2.4288019336091806,2.803979653195993",#,#,0,0.14598825517343783,0.6805555555555556,1,101.84222184152779,9977,7214,0.2631578947368421,0.0010035908351497017,245,360
#,#,#,2.0,#,#,#,0.0,1.0,#,"-2.6519121624557247,1.2701121468147862","-0.40277464526576634,2.7556872181854533",#,"-2.270156951634249,2.4435924480154947","-1.4294219741724836,2.329234087847897",#,#,"-2.475962381986223,2.1316722626246625","-1.655111052320632,2.4052342536894304",1.0,0.04798332165320588,0.5447761194029851,1,100.76474118617996,9931,7218,0.47368421052631576,0.0010107322703849786,73,134
#,#,"0.4500000000000002,13.64",#,0.0,#,#,#,#,"-2.0881959144849835,1.4763402031305615","-3.303781623402219,1.36926861743073",#,#,"-2.1716222492102615,1.2065648205387216","-3.151498660084439,2.293465956433529","-3.400162588780277,3.221602337976076",#,#,"-1.339359348613811,0.2875219095930879",0.0,0.14616782250125418,0.6807228915662651,1,108.6796046470578,9976,7232,0.42105263157894735,0.0010893197737294642,113,166
#,#,"8.83,13.17",#,#,#,#,#,0.0,#,#,#,#,#,"-1.9486153418497678,2.429533562987083","-2.357172134607318,2.199170100085802",#,"-0.3819591091346297,0.19923739616937453",#,0.0,0.05032843750000002,0.55,1,90.09279705550513,9912,7238,0.2631578947368421,0.0009036861132307735,33,60
#,#,"1.8900000000000006,12.11",0.0,0.0,#,0.0,#,1.0,#,"-3.303781623402219,1.36926861743073","-1.561112502953777,1.3283198814480706","-1.3812767394417844,3.9395058442209963","-2.1716222492102615,2.390875925428913","-2.661958469344562,2.3294076596543296","-3.400162588780277,3.221602337976076",#,"0.1803826938761499,1.9452213441182875",#,0.0,0.07042962777237427,0.5882352941176471,1,113.160356712448,9414,7241,0.631578947368421,0.0011350679107706904,10,17
#,#,#,#,4.0,#,#,#,#,#,"-0.3341676756567402,3.05250880205312",#,#,#,"-2.9552626456179705,2.329234087847897",#,#,"-0.5298697953477025,2.1316722626246625","-2.1867815837217504,2.2318294845833173",1,0.10201847093009943,0.6334841628959276,1,109.24905498502272,9997,7261,0.2631578947368421,0.0010958351510912219,140,221
#,#,#,#,1.0,#,#,#,0.0,"-4.1831277881681075,0.06397066189651257","-1.8680722654152286,1.636715415209483","-3.926538412258055,-0.36085589533662676",#,#,#,"-6.433102840687265,2.6496563392383514",#,#,#,0,0.3423062904086167,0.8070175438596491,1,98.6782883914158,9916,7303,0.3157894736842105,0.0009898038668037436,46,57
#,0.0,#,0.0,0.0,0.0,#,#,#,"-2.6584964972637337,3.678456600719458",#,#,#,"-2.528854495286314,1.7578969535189004","-3.151498660084439,2.293465956433529","-0.8608307396461985,3.067084518890238","-1.2938758499336707,1.5346547375285853","-1.2082072914197046,2.063847627185798",#,0.0,0.512908935546875,0.875,1,102.16319999999999,9555,7305,0.5263157894736842,0.0010247596715899357,7,8
#,0.0,#,0.0,#,0.0,#,#,#,"-2.6584964972637337,3.678456600719458",#,#,#,"-2.528854495286314,1.7578969535189004","-3.151498660084439,2.293465956433529","-0.8608307396461985,3.067084518890238",#,"-1.2082072914197046,2.063847627185798",#,0.0,0.05507317760000002,0.56,1,95.4342964050704,9825,7305,0.42105263157894735,0.0009572646338649976,28,50
#,#,#,#,0.0,#,#,#,#,#,"-3.303781623402219,1.36926861743073",#,#,#,"-3.151498660084439,2.293465956433529",#,#,#,#,0,0.10171723870328775,0.6331096196868009,1,92.26612634829141,9987,7362,0.15789473684210525,0.0008835231826980021,283,447
#,#,#,0.0,#,#,0.0,#,#,"-4.1831277881681075,3.678456600719458","-1.8680722654152286,1.636715415209483",#,#,"-4.527384989328969,1.7578969535189004",#,"-0.8608307396461985,3.067084518890238",#,"-1.2082072914197046,2.063847627185798",#,0.0,0.16341461112001332,0.696078431372549,1,98.44848289052489,9960,7399,0.3684210526315789,0.0009874987764226422,71,102
#,0.0,#,#,#,#,#,#,0.0,#,#,"-2.0587818670988005,-0.33741789341259343",#,"-2.528854495286314,-0.3635730196383613","-3.151498660084439,2.293465956433529",#,#,#,#,0.0,0.14484594267498016,0.6794871794871795,1,96.9917006604609,9896,7399,0.2631578947368421,0.0009728863555151294,53,78
#,#,"6.359999999999999,13.64",#,0.0,#,#,#,#,#,"-2.05593579889708,1.365404555998472","0.005485259745119375,3.5096904918920413",#,#,"-3.151498660084439,2.293465956433529","-3.400162588780277,3.221602337976076",#,#,"-1.339359348613811,0.2875219095930879",0,0.17405764484871927,0.7049180327868853,1,95.96357037886398,9959,7408,0.3684210526315789,0.0009298827271632756,43,61
#,0.0,#,#,#,4.0,#,#,1.0,#,#,"-1.6154827858674183,2.9953135722206357",#,#,#,"-0.5358043871407504,2.229373145473857",#,#,#,1.0,0.06901825818987467,0.5858585858585859,1,91.14929354450102,9980,7410,0.2631578947368421,0.0009142834221942687,58,99
#,#,#,2.0,#,0.0,#,5.0,#,"-1.2886202274800351,2.3533694385199855",#,#,#,#,#,#,"-3.6259088772512156,1.5020834215481833",#,#,1.0,0.04206165333798857,0.5306122448979592,1,94.30342209594161,9949,7414,0.2631578947368421,0.0009459212696630902,26,49
#,#,#,#,0.0,#,#,#,#,#,"-3.303781623402219,1.36926861743073","-1.364445515048316,0.23396388908887633",#,#,"-3.151498660084439,2.293465956433529",#,"-3.2749375572662247,1.2507113826733844",#,"-1.339359348613811,0.2875219095930879",0.0,0.09835365499946556,0.6288659793814433,1,96.99696130045065,9987,7418,0.3157894736842105,0.0009729391229666995,61,97
#,#,#,#,0.0,#,#,1.0,#,#,"-3.303781623402219,1.36926861743073",#,#,#,"-3.151498660084439,2.293465956433529",#,#,#,#,0,0.10737418240000002,0.64,1,108.0886403850908,9854,7418,0.21052631578947367,0.0010841954796211191,32,50
#,#,#,#,#,#,#,#,#,#,"-3.0391459761755457,2.7065555842408697",#,#,#,#,"-2.4223774323564147,1.5743583583139535","-2.3013784065369616,3.653884200240378","-2.441254321802985,1.1453532577213592",#,1.0,0.027961395434969796,0.4890032756200281,1,91.79232914615355,9996,7444,0.21052631578947367,0.0008988735972922827,1045,2137
#,2.0,#,#,#,1.0,#,#,#,#,#,#,#,"-2.270156951634249,1.2065648205387216",#,#,"-1.2253310631320136,0.49050963404355574","-2.4414198940097163,0.974396848394421","-3.385822113070022,1.139086628841476",1,0.020031017478178627,0.4574468085106383,1,81.84170185682368,9870,7444,0.3157894736842105,0.0008209225583885397,43,94
#,2.0,#,0.0,4.0,#,#,#,#,#,"-3.0391459761755457,2.7065555842408697",#,"-2.858448607850331,0.49443642314725667",#,"-1.4294219741724836,1.4507246942945051","-0.8256416105416313,1.5743583583139535","-2.3013784065369616,3.653884200240378",#,#,1,0.14165913803291463,0.6764705882352942,1,104.54253045015368,9877,7448,0.42105263157894735,0.0010486258180174499,23,34
#,2.0,#,0.0,#,#,#,0.0,#,#,#,#,#,#,#,#,#,#,#,1,0.17185520846396685,0.703125,2,83.2896132353412,9877,7476,0.15789473684210525,0.0016708919984084487,45,64
#,#,"4.31,13.690000000000001",2.0,#,#,0.0,#,#,"-6.833099791776645,0.06397066189651257",#,#,#,#,#,#,"-2.4288019336091806,-0.6607359627225784",#,"-2.0635493036236885,1.6982412004738687",0,0.06600153808263474,0.5806451612903226,1,98.14182539423061,9921,7481,0.3157894736842105,0.0009844228133048746,18,31
#,#,#,#,4.0,#,#,#,#,#,"-0.3341676756567402,3.05250880205312","-2.767795828240848,-0.1857498677115379",#,"-2.132688393987853,0.9312487157844807",#,#,"-3.6259088772512156,0.9704533273749505",#,"-3.686893080703646,1.139086628841476",1.0,0.15074250260106667,0.684931506849315,1,95.41810070842334,9980,7489,0.3157894736842105,0.000957102181075958,50,73
#,#,#,#,#,#,#,#,#,"-2.6584964972637337,2.1368248197070994","-1.8680722654152286,1.636715415209483",#,"-1.6439330439678455,3.602949781588508",#,#,#,#,#,#,1,0.02472077652737335,0.47710330138445156,1,98.01357925778859,9997,7493,0.15789473684210525,0.0009555862880531465,896,1878
#,0.0,"1.5,8.5",#,#,0.0,#,#,#,"-4.553763259574627,3.678456600719458",#,#,#,"-1.9345400762067322,1.7578969535189004","-3.151498660084439,0.9915044327660181",#,#,"-1.2381085571382013,3.9209182616120004",#,0,0.0932669098545276,0.6222222222222222,1,101.49920717523196,9964,7498,0.3684210526315789,0.001018099415557946,56,90
#,#,#,#,3.0,#,#,#,#,"-2.6584964972637337,2.1368248197070994","-3.0391459761755457,1.636715415209483",#,"-1.6439330439678455,3.602949781588508",#,#,"-2.4223774323564147,1.5743583583139535","-2.3013784065369616,3.653884200240378","-2.441254321802985,1.1453532577213592",#,1.0,0.030279579160790774,0.4968553459119497,1,86.66134185590903,9989,7499,0.3684210526315789,0.0008692665090737613,158,318
1.0,#,#,#,#,2.0,#,#,0.0,#,#,#,"0.0972337323290734,2.0925272012026164",#,#,#,#,#,"-1.1535044053778107,2.8471299402497503",0,0.07775999999999998,0.6,1,84.27846400000001,9443,7512,0.2631578947368421,0.0008453647799867686,6,10
#,#,#,2.0,4.0,3.0,#,#,#,#,"-0.3341676756567402,3.05250880205312","-2.767795828240848,-0.1857498677115379",#,#,"-3.151498660084439,3.1749295588470523",#,"-2.3013784065369616,0.9704533273749505",#,#,1.0,0.07775999999999998,0.6,1,92.668544,9254,7513,0.3684210526315789,0.0009295224377873589,6,10
#,#,#,#,0.0,#,#,#,#,#,"-3.303781623402219,1.36926861743073",#,#,#,"-3.151498660084439,2.293465956433529","-1.670738548134702,-0.1095136299040893",#,#,#,0,0.09434637647606854,0.6236559139784946,1,88.02444096375211,9964,7514,0.21052631578947367,0.0008829392307005096,116,186
#,2.0,#,0.0,#,#,4.0,#,#,"-1.7823981573710213,3.8881002669377898",#,#,#,"-4.452249034011964,3.2234901298751555","-2.9552626456179705,-0.08351774948162172",#,"-2.0169610998896665,-0.03698968866608732",#,#,1.0,0.11602906250000002,0.65,1,83.07513825008024,9835,7517,0.3684210526315789,0.0008332946833149386,13,20
#,#,#,#,#,0.0,0.0,#,#,#,"-1.2564544661274333,1.36926861743073",#,"-4.31234186262562,1.1907948235421515",#,#,#,"-2.4288019336091806,2.803979653195993",#,#,0,0.17206514639208775,0.7032967032967034,1,95.73722352281575,9977,7521,0.2631578947368421,0.0009270447296031292,64,91
#,2.0,"-2.31,2.31",#,2.0,#,#,4.0,#,#,"-4.433087008258486,0.5737525354911015",#,#,#,"-1.4294219741724836,1.4423229219638651",#,#,#,#,1,0.0,0.0,1,73.0,7528,7528,0.3157894736842105,0.0007322348558587172,0,2
#,#,#,#,#,#,#,#,#,#,#,#,#,"-3.8103801250132427,2.390875925428913",#,#,#,"-1.8435475538392878,0.49059388680353944",#,0,0.0382459091105268,0.5206153846153846,1,94.34181029324544,9987,7529,0.10526315789473684,0.0009388311949004881,846,1625
1.0,#,#,#,#,2.0,#,#,0.0,#,#,#,#,#,"-2.820058160199381,1.7281242980920477",#,#,"-3.67091790317168,0.5419227457934233","-1.1535044053778107,2.8471299402497503",0,0.1043582467665522,0.6363636363636364,1,78.3672375739988,9594,7535,0.3157894736842105,0.0007860715466992174,14,22
#,#,#,#,#,0.0,#,#,#,"-4.1831277881681075,-0.5609386624523252",#,#,#,#,"-2.820058160199381,2.151308493333823",#,#,#,"-0.051922971069528034,1.858827761170501",0,0.17703971667429347,0.7073170731707317,3,101.97065393922398,9977,7550,0.21052631578947367,0.0030684849488632933,87,123
#,#,#,#,#,3.0,2.0,#,1.0,#,"-3.0391459761755457,3.05250880205312",#,#,"-4.452249034011964,1.361375225556053","-1.4294219741724836,1.6988511764176162","-0.5358043871407504,2.229373145473857",#,#,#,1.0,0.04158799090330928,0.5294117647058824,1,85.5026740014631,9874,7562,0.3684210526315789,0.0008576443585341949,18,34
#,0.0,#,#,2.0,4.0,#,#,#,#,#,#,#,#,#,"-0.5358043871407504,2.229373145473857",#,#,#,1.0,0.040386107340619246,0.5263157894736842,1,102.92552382431901,9754,7573,0.21052631578947367,0.0010324062479682631,20,38
#,#,#,#,#,#,0.0,#,#,#,#,#,#,#,"-3.151498660084439,2.293465956433529",#,#,#,"-1.339359348613811,0.2875219095930879",0,0.12214884616615015,0.6567164179104478,1,95.55168455748144,9977,7587,0.15789473684210525,0.0009247183923165241,176,268
#,#,#,#,#,#,0.0,#,#,#,#,#,"1.2942222368739495,3.95461352870534",#,"-3.151498660084439,2.293465956433529",#,#,#,"-1.339359348613811,0.2875219095930879",0,0.1800134415442498,0.7096774193548387,1,83.15509931099396,9960,7596,0.21052631578947367,0.000834096741889082,22,31
#,#,#,#,4.0,4.0,4.0,#,#,"2.237022067784399,5.116895444413853","-0.3341676756567402,3.05250880205312",#,#,#,#,#,"-2.3920802772931795,1.426436015780866",#,"-2.1867815837217504,2.2318294845833173",1.0,1.0,1.0,1,110.2,9725,7624,0.3684210526315789,0.0011053737139127486,5,5
#,#,#,#,#,#,#,#,#,#,#,#,#,#,"-3.097852165803179,2.329234087847897",#,#,"-2.7315943113915537,0.5134315938923772",#,1.0,0.024959697820340705,0.47802197802197804,1,94.75738298680155,9997,7624,0.10526315789473684,0.0009453443971985375,783,1638
#,#,#,#,#,3.0,#,#,#,#,#,#,#,#,"-2.264476323553611,3.1037425475319043","-3.714590503469175,1.41560861284657",#,#,#,1.0,0.032663800702846794,0.5044444444444445,1,80.51979183284172,9944,7639,0.15789473684210525,0.000811474100067244,227,450
#,0.0,#,2.0,#,0.0,#,#,#,"-4.1831277881681075,-0.5609386624523252",#,#,#,#,#,"-2.357172134607318,2.199170100085802",#,"-2.0640228982714217,1.3189027408650174",#,0,0.12620105251171496,0.6610169491525424,1,103.92107085183,9860,7652,0.3157894736842105,0.0010423921963818258,39,59
4.0,0.0,#,#,#,#,#,#,0.0,#,#,"-1.786837837494272,1.9017992489761713",#,#,#,#,"-2.4288019336091806,2.803979653195993",#,"-1.7607925245102574,2.000751241002046",0.0,0.170639829974585,0.7021276595744681,1,90.24580224713695,9809,7657,0.3157894736842105,0.0009052208493189949,33,47
#,#,#,#,#,0.0,#,0.0,#,"-4.1831277881681075,-0.5609386624523252",#,#,#,#,"-2.820058160199381,2.151308493333823",#,#,#,"-0.051922971069528034,1.858827761170501",0,0.1043582467665522,0.6363636363636364,1,92.64928,9317,7669,0.2631578947368421,0.000929329208030328,7,11
#,#,"6.359999999999999,13.64",#,0.0,#,#,#,#,#,"-2.05593579889708,1.365404555998472","0.005485259745119375,3.5096904918920413","-0.44241693332092336,2.8091724233618875",#,"-3.151498660084439,2.293465956433529",#,#,#,"-1.339359348613811,0.2875219095930879",0,0.15694357368977896,0.6904761904761905,1,114.77689624069428,9851,7674,0.3684210526315789,0.0011657692502910222,29,42
#,#,#,#,#,#,#,#,0.0,#,#,#,"-2.1346395919544934,3.0383434754954335","-2.1716222492102615,2.390875925428913",#,#,#,#,#,0.0,0.07737332746994698,0.5994020926756353,1,85.25735022701781,9987,7675,0.15789473684210525,0.0008708748772570005,401,669
#,#,#,#,4.0,#,#,#,#,#,#,#,"-2.1984550849471365,2.7528287081835074",#,"-2.4797402203244636,2.329234087847897",#,"-0.6737947466371124,1.376889929273023","-1.8122626063387757,0.5134315938923772","-0.9065246381352097,1.139086628841476",1.0,0.09935159822529098,0.6301369863013698,1,107.23507316227445,9997,7702,0.3157894736842105,0.001146437459202214,92,146
#,#,#,#,0.0,#,#,#,0.0,#,"-3.303781623402219,1.36926861743073",#,"-1.0411702061667256,0.8063237464939623",#,"-3.151498660084439,2.293465956433529","-3.400162588780277,3.221602337976076",#,"-0.3819591091346297,0.19923739616937453",#,0.0,0.3787874412704941,0.8235294117647058,2,103.4753398300672,9942,7712,0.3684210526315789,0.002075842480695919,14,17
#,#,#,0.0,#,4.0,#,0.0,#,#,#,#,#,#,#,"-0.5358043871407504,2.229373145473857",#,#,"-2.4160294263690405,1.5846049192585208",1.0,0.038660462936795,0.5217391304347826,1,84.47769114718776,9736,7729,0.2631578947368421,0.0008473631506909352,12,23
0.0,#,"6.359999999999999,13.64",#,#,#,#,#,1.0,"-3.7232907739478867,1.9205580789433938",#,#,"-0.1812001780255561,3.80938675972153","-2.7972424704756773,1.7578969535189004","0.16625644282525687,3.174751095920479","-3.2911100511952656,3.221602337976076",#,"-1.8450903739586206,1.8553777636458617","-2.9212586771685864,0.2875219095930879",1,0.0423150360584259,0.53125,1,81.28278978791899,9922,7730,0.5263157894736842,0.0008153163269061819,17,32
#,#,#,#,4.0,#,4.0,#,#,#,#,"-2.767795828240848,-0.1857498677115379","-1.6009196744644902,2.4635670213890237",#,"-2.330630851399553,3.898604577917996",#,"-3.6259088772512156,0.9704533273749505",#,#,1.0,0.1466370908400507,0.6811594202898551,1,97.01031158631766,9996,7735,0.3157894736842105,0.0009730730345372131,47,69
#,#,#,#,4.0,#,4.0,#,#,#,"-0.3341676756567402,3.05250880205312",#,#,"-4.759902634861567,3.2234901298751555","-0.14433540970660985,3.479533149703545",#,#,#,"-2.9212586771685864,1.139086628841476",1.0,0.3632654951131687,0.8166666666666667,2,111.82119497538616,9997,7735,0.3157894736842105,0.002243270591363052,49,60
#,#,#,2.0,#,#,#,#,#,"-6.833099791776645,0.06397066189651257","-1.2564544661274333,2.6655698431430777",#,#,#,"1.425834773223193,3.3403313706474256","-0.5358043871407504,2.229373145473857",#,#,#,0,0.036280637324889,0.5151515151515151,1,78.2686345736976,9861,7739,0.2631578947368421,0.0007850824980182202,17,33
3.0,#,#,2.0,#,#,#,#,1.0,#,"-4.758718345890589,2.198323441699359",#,#,"-1.8269848047374047,0.8763844789993732",#,#,#,#,#,1.0,0.04638431822298867,0.541095890410959,1,86.22899488956311,9940,7743,0.2631578947368421,0.0008649298033397441,79,146
#,2.0,#,#,#,#,#,#,#,"-2.6584964972637337,-0.5609386624523252",#,#,"-4.31234186262562,1.1907948235421515",#,"-0.3141709384572211,3.3780724994323705",#,#,"-1.4209032577141394,2.507285996050619",#,0.0,0.052165049592097876,0.5539568345323741,1,90.73852176377116,9938,7745,0.2631578947368421,0.0008643696668973977,77,139
#,0.0,#,#,#,#,1.0,5.0,#,"-4.553763259574627,2.636935267438397",#,#,"-1.0261979196506739,3.4468294858420023","-2.528854495286314,1.7578969535189004",#,#,#,#,#,0.0,0.04633621169505929,0.5409836065573771,1,107.02846548177115,9642,7746,0.3157894736842105,0.001073561273901704,33,61
#,#,#,2.0,#,0.0,#,#,0.0,#,#,#,#,#,#,#,"-4.117235494004234,4.764340584417004","-0.3819591091346297,0.19923739616937453",#,0.0,0.3276800000000001,0.8,1,105.74515199999999,9410,7762,0.2631578947368421,0.0010606888511298376,8,10
#,#,"0.4500000000000002,13.64",#,0.0,#,#,4.0,#,"-2.0881959144849835,1.4763402031305615",#,"-2.2139455628908853,-0.5540588739791857",#,"-2.1716222492102615,2.390875925428913",#,"-3.400162588780277,3.221602337976076",#,#,#,0.0,0.10049355861780968,0.631578947368421,1,79.1824632946688,9858,7773,0.3684210526315789,0.0007942487616042464,12,19
#,#,"11.41,16.59",#,#,#,0.0,#,#,#,"-1.2564544661274333,1.36926861743073",#,"-4.31234186262562,1.1907948235421515",#,#,"-1.1477367392317264,1.2877741332080295","-2.4288019336091806,2.803979653195993","-1.4209032577141394,0.025846260118508546",#,0.0,0.4234790289079717,0.8421052631578947,1,95.83415230214963,9829,7774,0.3684210526315789,0.0009612754342096835,16,19
#,0.0,#,#,#,#,1.0,#,0.0,"-4.553763259574627,2.636935267438397","-1.7020590183013296,2.3868599424275008",#,"0.230831153219186,3.4468294858420023",#,#,"-1.7008906218614357,2.199170100085802",#,"-2.7800390114015596,-1.2998517563597667",#,0.0,0.512908935546875,0.875,2,98.72319999999999,9884,7781,0.42105263157894735,0.001980508715668803,7,8
#,#,#,#,#,#,#,#,#,#,#,#,"-1.0261979196506739,2.6695231707312943",#,"-1.9486153418497678,0.9915044327660181",#,#,#,#,0.0,0.03754126120792712,0.5186827105763141,1,95.25060908996389,9987,7781,0.10526315789473684,0.0009530746485802763,819,1579
#,#,#,2.0,#,#,3.0,5.0,#,#,#,#,"-0.6033207900626162,1.3614925858507285","-1.8269848047374047,1.4086955347189223",#,#,"-3.6259088772512156,1.5020834215481833",#,#,1.0,0.10644534557634333,0.6388888888888888,1,91.26599858098328,9944,7783,0.3157894736842105,0.000915454045421208,23,36
#,2.0,#,0.0,0.0,#,#,#,#,"-3.245162657071021,2.5967159801322333",#,#,#,#,"-0.014617369829319049,2.7203777693481563",#,"-1.1107378841308955,1.0813733211523529","-2.152265471927648,1.5609248586523157","-1.339359348613811,0.8067787719372816",0.0,0.06092699470458736,0.5714285714285714,1,91.78762956799999,9976,7784,0.42105263157894735,0.0009206863247443535,8,14
#,0.0,#,#,#,#,#,#,0.0,"2.237022067784399,5.116895444413853","-1.017182268490747,1.6531321548423668","-2.929297675156666,0.5749075569902558",#,#,#,"-3.714590503469175,0.46949227738886745",#,#,#,1.0,0.46266436603796024,0.8571428571428571,1,85.544,9996,7785,0.3157894736842105,0.0008580588836928509,6,7
#,#,"9.85,16.15",#,4.0,3.0,#,#,#,#,"-3.0391459761755457,2.740303407820647",#,#,"-4.452249034011964,1.361375225556053",#,"-0.9259674682400372,2.134033371491963",#,"-2.127690284987261,-0.5905727509053994",#,1.0,0.18593443208187066,0.7142857142857143,1,86.392,9841,7791,0.3684210526315789,0.0008665648447581685,5,7
#,2.0,#,#,#,#,0.0,#,#,#,#,#,"-4.31234186262562,1.1907948235421515",#,#,#,#,"-1.4209032577141394,2.507285996050619",#,0.0,0.156769075626448,0.6903225806451613,1,96.8513496001394,9977,7792,0.21052631578947367,0.0009410139410352788,107,155
#,#,#,#,#,#,#,#,#,"-6.158177876670227,3.1107217252241814","-3.303781623402219,1.36926861743073","-0.40277464526576634,2.6710895934596035",#,"-0.8195564956639505,2.79431804406752",#,"-3.400162588780277,2.4450130142643376",#,#,"-1.339359348613811,2.5036580124195176",0,0.03332340785307659,0.5064655172413793,1,95.96970357474733,9981,7798,0.3157894736842105,0.0009643448978614022,470,928
#,#,"2.96,11.760000000000002",#,#,#,4.0,#,#,#,#,#,#,"-4.452249034011964,3.2234901298751555",#,#,#,#,#,1.0,0.09497881181710194,0.6244897959183674,1,98.22933839528623,9997,7810,0.15789473684210525,0.0010335211424383878,153,245
#,0.0,#,2.0,#,#,#,#,0.0,#,"-2.3752349819833203,2.548157236037108","-2.0587818670988005,-0.33741789341259343",#,#,#,#,"-4.117235494004234,4.764340584417004",#,#,0.0,0.08568841104421082,0.611764705882353,1,104.03571609905326,9950,7813,0.3157894736842105,0.0010435421586568315,52,85
#,#,#,#,#,#,#,#,#,"-6.158177876670227,3.678456600719458",#,#,#,#,#,"-0.5358043871407504,3.067084518890238",#,#,"-0.36246808594052626,2.5036580124195176",0.0,0.04675971738378599,0.5419689119170984,2,96.30749183144295,9981,7823,0.15789473684210525,0.002018849030025462,523,965
#,0.0,#,#,#,2.0,#,#,#,"-4.553763259574627,2.636935267438397",#,#,"-1.0261979196506739,3.4468294858420023","-2.528854495286314,1.4012685536260228",#,#,#,#,#,0.0,0.044618872628360645,0.5369127516778524,1,86.60730238686108,9959,7827,0.2631578947368421,0.0008687244599939119,80,149
#,#,#,#,#,#,#,#,#,"-4.221245468863453,-4.1831277881681075",#,#,#,"-1.7927176812447896,1.361375225556053",#,#,"-3.6259088772512156,0.9704533273749505","-1.8491749862704847,2.0577414827755756",#,1.0,0.005551273945666131,0.5531446540880502,1,77.98750237400085,7829,7829,0.21052631578947367,0.0007822625693096971,0,0
#,#,#,2.0,#,0.0,#,5.0,#,"-1.2886202274800351,2.3533694385199855",#,#,#,#,#,#,#,#,"-3.686893080703646,1.139086628841476",1.0,0.05555458356519046,0.5609756097560976,1,94.01667360878085,9949,7830,0.2631578947368421,0.0009430450061402975,23,41
#,#,#,2.0,#,#,#,#,#,"0.711191439210398,2.3533694385199855",#,#,#,#,"-2.330630851399553,3.487850958194105",#,"-3.6259088772512156,1.5020834215481833",#,#,1.0,0.051502456281402716,0.5525423728813559,1,85.80950021603797,9972,7830,0.21052631578947367,0.0008607220139999882,163,295
#,#,#,#,3.0,#,#,#,1.0,#,#,"-0.43926199447626013,3.8641479397392575","-1.3622287745551467,1.3720622753826714",#,"-0.3953970246502907,1.4507246942945051",#,"-2.131118347249921,2.677383651435914",#,"-1.8682150771199653,0.3410904570325686",1.0,0.095367431640625,0.625,1,91.17799576125944,9951,7836,0.3684210526315789,0.0009145713230648293,50,80
1.0,0.0,#,#,1.0,#,#,#,#,#,#,#,"-1.2991030722971189,1.4351879776406993",#,"-6.461905582657874,2.293465956433529",#,#,#,"-1.7607925245102574,0.5748837758786405",0,0.03125,0.5,1,75.9340576768,9967,7843,0.3157894736842105,0.0007616652572293036,7,14
#,#,#,#,3.0,#,4.0,#,0.0,#,"-1.0479326292225095,1.2051451654648053","-2.7246074258989674,2.7556872181854533",#,#,#,#,#,"-3.307524144559542,0.620665109205216","-3.686893080703646,2.4052342536894304",1,0.004115226337448558,0.3333333333333333,1,82.83079979008001,9879,7850,0.3684210526315789,0.0008308438184239932,5,15
#,#,#,#,#,#,#,#,#,#,#,"-1.5477227160300644,1.1354846249338837","-2.858448607850331,0.2453412326196247","-4.452249034011964,1.1140944485392188","-1.8163398491641112,1.7399963797509939",#,#,#,#,1.0,0.03324405104634629,0.5062240663900415,1,95.77578092444634,9997,7856,0.21052631578947367,0.0009275281726412331,366,723
#,2.0,"-2.31,9.25",1.0,#,#,#,#,1.0,#,#,#,#,#,#,#,"-2.63612405817261,-2.0106712890692213","-0.39675415290369154,2.4497597990997564",#,1.0,1.0,1.0,2,89.0,9993,7856,0.3157894736842105,0.001785449374559612,1,1
3.0,#,#,#,0.0,#,#,1.0,#,#,"-3.303781623402219,1.36926861743073",#,#,#,"-3.151498660084439,2.293465956433529",#,#,#,"-1.339359348613811,0.2875219095930879",0.0,0.16806999999999994,0.7,1,106.728768,9696,7861,0.3157894736842105,0.0010705551240062804,7,10
#,#,"-2.2502561959178857,13.83",#,#,#,#,2.0,0.0,#,#,#,"-1.0261979196506739,3.4468294858420023","-2.528854495286314,1.7578969535189004",#,"-0.8608307396461985,2.199170100085802",#,#,#,0.0,0.110293299809213,0.6434426229508197,1,96.17081454094965,9976,7864,0.3157894736842105,0.001007710818504109,157,244
#,#,#,#,#,#,4.0,#,1.0,#,"-0.3341676756567402,2.7065555842408697","-2.356261088048633,0.9635122897747661",#,"-1.44004567411818,1.9381413956308031","-0.7742184111272399,4.080397960912778",#,#,"-0.19343670966465853,2.22504996892613","-1.3728003214140467,1.122339288707984",1.0,0.17359814762676115,0.7045454545454546,1,116.58550823251416,9997,7880,0.42105263157894735,0.0011694242851486344,31,44
#,#,#,2.0,#,#,#,#,#,"-6.158177876670227,3.678456600719458",#,#,#,"-0.971364834759511,2.8781971749544466",#,"-0.5358043871407504,3.067084518890238","-0.7363886712164529,3.2235541512307058",#,"-0.36246808594052626,2.5036580124195176",0.0,0.03573589291002902,0.513595166163142,1,97.7314669382826,9977,7883,0.3157894736842105,0.0009803066658412925,170,331
#,#,"9.85,16.15",#,4.0,#,#,#,#,#,#,#,#,"-4.452249034011964,3.2234901298751555","-2.9552626456179705,2.329234087847897",#,#,"-0.5298697953477025,2.1316722626246625","-2.1867815837217504,2.2318294845833173",1.0,0.08648873310982921,0.6129032258064516,1,100.58491468752352,9975,7886,0.3157894736842105,0.0010089285001065775,57,93
#,0.0,#,#,#,#,#,#,#,#,#,#,#,#,#,"-3.400162588780277,3.221602337976076",#,"-1.2381085571382013,0.5493556066578759",#,0,0.04008759110253892,0.5255354200988468,1,93.25484170445152,9981,7888,0.15789473684210525,0.0009354033640217337,319,607
#,#,#,#,0.0,#,#,#,0.0,#,"-0.8648318752850255,4.392349645652042","-1.786837837494272,1.9017992489761713",#,#,#,#,#,#,"-1.216445035596387,0.8067787719372816",0.0,0.1043582467665522,0.6363636363636364,1,76.99928677045297,9987,7888,0.2631578947368421,0.0007723501595833789,21,33
#,0.0,"11.41,16.59",#,#,#,#,#,#,#,#,#,"-4.31234186262562,1.1907948235421515",#,"-3.151498660084439,2.293465956433529",#,"-2.4288019336091806,2.803979653195993",#,#,0,0.03988379882812501,0.525,1,95.99589909238233,9978,7892,0.2631578947368421,0.0009628978539032677,84,160
#,#,#,#,0.0,#,#,#,1.0,#,#,#,#,"-2.528854495286314,1.5535477558237587","-3.151498660084439,2.151308493333823","-0.8608307396461985,3.067084518890238",#,#,#,0.0,0.07140870858445775,0.5898617511520737,2,100.08531254651675,9977,7902,0.2631578947368421,0.002007834367289681,128,217
#,#,#,#,0.0,#,#,#,1.0,#,#,#,"-2.686312123902109,2.486670943547818","-2.528854495286314,1.5535477558237587","-3.151498660084439,2.151308493333823","-0.8608307396461985,3.067084518890238",#,#,#,0.0,0.06845877461429264,0.5849056603773585,1,100.08677356256834,9977,7908,0.3157894736842105,0.0010039318385335796,124,212
#,#,#,#,3.0,2.0,#,#,1.0,"-4.389209858602674,1.8487283472245297",#,"-4.027961284732154,1.1354846249338837",#,#,"-1.8163398491641112,2.0807440635836048",#,"-2.63612405817261,1.2134175721730678",#,#,1.0,0.10737418240000002,0.64,1,84.66086758479165,9989,7912,0.3684210526315789,0.0008492005229153954,16,25
#,0.0,"8.829139328723048,16.31",#,0.0,#,#,#,#,"-4.553763259574627,1.1692999646487285","-1.2564544661274333,4.567350325627173",#,"-1.0261979196506739,0.1216436237600309",#,#,#,#,"-0.8264445622934925,2.247790505870231",#,0.0,0.03748187928181567,0.5185185185185185,1,101.40585416236996,9959,7913,0.3684210526315789,0.0010171630274768914,14,27
#,#,#,#,#,#,#,#,#,"-6.158177876670227,3.678456600719458",#,#,#,"-1.4375386419730005,2.412023367740957",#,"-0.5358043871407504,3.067084518890238",#,#,"-0.36246808594052626,2.5036580124195176",0.0,0.04592666226684518,0.5400238948626045,1,96.3425844195408,9981,7914,0.21052631578947367,0.0010098645152899148,452,837
#,#,#,#,#,0.0,#,#,0.0,#,#,#,#,"-2.374576743884361,1.5535477558237587","-2.820058160199381,2.151308493333823",#,#,#,"-0.051922971069528034,1.858827761170501",0.0,0.16806999999999994,0.7,1,89.47416475695913,9942,7918,0.2631578947368421,0.000897480851149193,63,90
#,2.0,#,#,4.0,#,#,#,#,"-1.7823981573710213,1.3281779717494513",#,#,#,#,#,#,"-3.0423587078240875,1.2693093149609518",#,#,1.0,0.08466344185386471,0.6102941176470589,1,98.3963609865393,9997,7930,0.21052631578947367,0.0009869759616986428,83,136
#,#,#,#,4.0,#,3.0,#,#,#,#,"-1.1548740778774231,0.566489895808784",#,#,#,"-2.0181311527397696,1.7288086510137004","-1.3685445895124129,1.459985997949843",#,#,1,0.05079704169054469,0.5510204081632653,1,89.05462789689129,9760,7944,0.2631578947368421,0.0008932726386524918,27,49
#,#,"4.1,13.9",#,0.0,#,#,#,1.0,#,#,#,#,"-2.528854495286314,1.5535477558237587","-3.151498660084439,2.151308493333823","-0.8608307396461985,3.067084518890238",#,#,#,0.0,0.058796892240830186,0.5673758865248227,1,96.47801857083697,9959,7953,0.3157894736842105,0.0009677338085171432,80,141
#,#,#,#,#,#,#,#,#,#,#,#,#,#,#,"-2.7574633281218848,0.6772314919854632",#,"-2.1843327871404314,-0.7041455320986387",#,0,0.03495369059849091,0.511326860841424,1,83.12393905763774,9976,7958,0.10526315789473684,0.0008441255960909322,158,309
#,#,#,#,#,#,#,2.0,0.0,"-6.158177876670227,1.414529256689226","-1.2564544661274333,1.36926861743073",#,#,#,#,#,#,"-1.8435475538392878,0.49059388680353944",#,0,0.08670366524311153,0.6132075471698113,1,102.22904486886969,9976,7958,0.2631578947368421,0.0010254201360839882,130,212
#,#,#,#,#,#,#,#,#,#,#,#,#,#,"-3.151498660084439,2.151308493333823",#,#,#,#,1,0.02764830090917871,0.4879032258064516,1,94.7992164929527,9997,7961,0.05263157894736842,0.0009460000468420876,968,1984
#,#,#,#,#,#,#,#,#,#,#,#,"-1.8235222295919526,0.8368690622394377","-2.374576743884361,1.5535477558237587","-2.820058160199381,2.151308493333823",#,"-2.4288019336091806,1.8077897507580658",#,"1.858827761170501,2.9011922373155885",0.0,0.04526613752481193,0.5384615384615384,1,81.29648817000147,9935,7964,0.2631578947368421,0.0008154537300956293,14,26
#,#,#,#,4.0,#,4.0,#,#,#,#,"-2.767795828240848,-0.1857498677115379",#,#,#,#,#,#,#,1.0,0.17898007205164654,0.7088607594936709,1,95.05267974764095,9996,7970,0.15789473684210525,0.0009534367843013518,56,79
#,#,#,#,#,4.0,#,#,#,#,"0.2865831380952357,2.3921222534929227",#,#,#,"-2.5462778383055062,2.329234087847897","-1.4912597595560824,2.229373145473857",#,#,#,1,0.08040465728247279,0.6040268456375839,1,93.7186606166745,9906,7974,0.21052631578947367,0.0009400557527112698,90,149
#,#,"2.96,13.71",2.0,#,#,4.0,#,1.0,#,#,#,#,"-1.782503661040057,1.59629622155743",#,#,#,"-3.307524144559542,1.1868029820810662","-2.7199509411786966,2.4052342536894304",1,0.1084728176764643,0.6413043478260869,1,99.37548486555497,9931,7987,0.3684210526315789,0.0009967971758413669,59,92
4.0,#,#,#,#,#,0.0,1.0,#,#,"-2.1291334746545902,2.408744825581759",#,#,#,#,"-2.2826292223643976,1.2769635912013997",#,#,#,1.0,0.0009765625,0.25,1,81.0,7991,7991,0.2631578947368421,0.0008124797715692617,1,4
4.0,2.0,"-1.3599999999999999,8.534375946722065",1.0,4.0,0.0,4.0,0.0,1.0,#,"-2.85280582666563,2.9050596486463967",#,"-0.8757332362573279,1.5629587812547805","-0.4753264968646389,2.11723567294272",#,#,#,#,"-1.5486385898671275,2.631128636907937",1.0,0.1,1.0,1,49.0,8003,8003,0.6842105263157895,0.0004915001087270842,0,0
0.0,3.0,#,2.0,#,4.0,2.0,#,#,#,#,#,"0.4539207161198586,2.670913459312684","-1.8109276944231834,1.8029468453082869","-2.4155030067027554,1.7553645805428943","2.0837725966530867,3.291199487049125",#,"-3.3454924820140564,-0.32818769289040106","-0.6944635020250243,2.649350279395027",0.0,0.1,1.0,1,53.666666666666664,8008,8008,0.5789473684210527,0.0005383096428915684,0,0
0.0,3.0,#,2.0,#,#,2.0,#,#,#,#,#,"0.4539207161198586,2.670913459312684","-1.8109276944231834,1.8029468453082869","-2.4155030067027554,1.7553645805428943","-0.018597339599774276,3.291199487049125",#,"-3.3454924820140564,-0.32818769289040106","-0.6944635020250243,2.649350279395027",0.0,0.1,1.0,1,53.666666666666664,8008,8008,0.5263157894736842,0.0005383096428915684,0,0
#,#,#,2.0,4.0,3.0,#,0.0,1.0,"-6.074952651774705,-0.5609386624523252",#,#,#,#,#,#,"-3.0622297109578236,1.039139640862447","-0.6617025173377867,1.7862994813851785",#,0.0,0.03125,0.5,1,73.0,8847,8025,0.42105263157894735,0.0007322348558587172,1,2
#,#,#,2.0,#,#,3.0,#,#,"-0.20552306886708616,3.2599981565924723","-2.5396794876498605,3.05250880205312",#,#,#,"-3.151498660084439,3.1749295588470523",#,"-0.4779830560815035,3.0576801782463163",#,#,1,0.07075935391735491,0.5887850467289719,1,88.21390815389952,9944,8034,0.3157894736842105,0.0008848397030384211,63,107
#,0.0,#,#,#,0.0,#,0.0,#,#,#,#,#,#,"-2.820058160199381,2.151308493333823",#,#,#,"-0.051922971069528034,1.858827761170501",0,0.04526613752481193,0.5384615384615384,1,97.934223872,9964,8039,0.2631578947368421,0.0009823404424732778,7,13
#,#,#,#,1.0,0.0,#,#,0.0,"-4.1831277881681075,3.678456600719458",#,#,#,#,#,"-6.433102840687265,2.6496563392383514",#,"-4.169610979996945,-0.2983520052722559",#,0,0.1043582467665522,0.6363636363636364,1,89.26121940405531,9798,8042,0.3157894736842105,0.0008953448784123531,14,22
#,#,#,0.0,3.0,#,1.0,#,1.0,#,"-1.8680722654152286,1.6612771079105184",#,#,"-2.528854495286314,1.7578969535189004",#,#,#,#,#,0,0.095367431640625,0.625,1,79.1232,9981,8043,0.3157894736842105,0.0007936543143435679,5,8
2.0,0.0,#,#,#,1.0,#,#,#,"-2.6584964972637337,1.757765741191134","-2.928325807193271,1.636715415209483",#,#,#,"-3.151498660084439,2.151308493333823",#,#,#,"-3.786659237043167,3.496558925027852",0.0,0.038660462936795,0.5217391304347826,1,76.11136643752877,9773,8043,0.3684210526315789,0.0007634437730492314,12,23
#,2.0,#,#,#,#,#,#,1.0,#,"-3.303781623402219,1.36926861743073","-1.786837837494272,1.9017992489761713",#,#,"-3.151498660084439,2.293465956433529",#,#,#,"-2.280049386854451,0.2875219095930879",0.0,0.023916675885487727,0.4739583333333333,1,94.66258431516903,9977,8049,0.3157894736842105,0.0009135706151286203,182,384
#,#,"0.4500000000000002,13.64",#,#,0.0,0.0,3.0,1.0,"-4.1831277881681075,3.678456600719458",#,#,#,"-2.528854495286314,1.7578969535189004","-3.151498660084439,2.151308493333823","-3.400162588780277,3.221602337976076",#,#,#,0,0.13168724279835387,0.6666666666666666,1,95.09293312,9555,8049,0.47368421052631576,0.000953840550360354,8,12
#,#,#,#,#,#,0.0,#,0.0,#,"-1.2564544661274333,1.36926861743073","-2.0944095104713116,0.3032045957344769","-4.31234186262562,1.1907948235421515",#,#,"-1.1477367392317264,1.2877741332080295","-2.4288019336091806,2.803979653195993","-1.4209032577141394,2.507285996050619","0.5476030264427361,3.4734400851852807",0.0,0.5549289573066435,0.8888888888888888,1,108.79118002098411,9912,8053,0.47368421052631576,0.001091242383854316,24,27
#,#,#,2.0,#,#,#,#,#,#,"-1.2564544661274333,2.6655698431430777",#,#,#,"1.425834773223193,3.3403313706474256","-0.8592430088804033,-0.5358043871407504","-0.8372671037370676,1.2134175721730678",#,#,0,0.0,0.0,1,77.0,8059,8059,0.2631578947368421,0.0007723573137139895,0,2
#,#,"6.29,13.71",#,#,#,#,#,1.0,#,#,"-2.7246074258989674,2.7556872181854533",#,"-4.452249034011964,3.2234901298751555",#,#,#,"-3.307524144559542,0.620665109205216",#,1,0.03416861262554357,0.509009009009009,1,97.30740720113403,9997,8067,0.2631578947368421,0.0009467321134963672,226,444
#,2.0,#,0.0,#,1.0,#,5.0,#,"-2.455032432808294,1.3075334691192257","-1.6556207934671814,1.4319302585117313",#,"-0.9186354125590206,2.2590541860173623","-1.0957191619750275,3.5394677476805536",#,"-0.6659470602197839,2.8311967566167886","-2.4497000389785213,0.9445366659761855",#,"-2.44429106001371,1.914609047908856",0.0,1.0,1.0,1,84.4,9800,8068,0.5789473684210527,0.0008465838607462431,5,5
#,2.0,"-4.04,6.04",0.0,#,1.0,#,5.0,#,"-2.455032432808294,1.3075334691192257","-1.6556207934671814,1.4319302585117313",#,"-0.9186354125590206,2.2590541860173623",#,#,"-0.6659470602197839,2.8311967566167886","-2.4497000389785213,0.9445366659761855",#,"-1.4889156938936958,0.9592336817888416",0.0,1.0,1.0,1,93.5,8203,8068,0.5789473684210527,0.0009378624523669872,2,2
#,2.0,#,0.0,#,#,4.0,2.0,#,"-1.7823981573710213,3.8881002669377898",#,"-1.3488830789957142,0.7413446033375372",#,"-4.452249034011964,3.2234901298751555","-2.9552626456179705,-0.08351774948162172",#,"-2.0169610998896665,-0.03698968866608732",#,#,1.0,0.07775999999999998,0.6,1,67.8,9835,8070,0.47368421052631576,0.0006800756606468634,3,5
2.0,#,#,0.0,4.0,#,#,#,0.0,"-3.226507067425968,1.3281779717494513",#,"-0.3690656274876022,2.0900257634926938",#,#,#,#,"-3.0423587078240875,1.2693093149609518","-3.086205399399103,1.9157537159170226","-0.30564229173909596,4.1726797369484725",1.0,0.1,1.0,1,72.4,8070,8070,0.47368421052631576,0.0007262164871804265,0,0
4.0,#,#,#,#,#,#,#,0.0,#,#,"-1.786837837494272,1.9017992489761713",#,"-2.374576743884361,1.5535477558237587","-2.820058160199381,2.151308493333823",#,#,#,#,0.0,0.1356062323459334,0.6705882352941176,2,86.8805404624329,9935,8073,0.2631578947368421,0.0017429304115736167,57,85
#,0.0,#,#,#,0.0,#,#,0.0,#,#,#,#,#,#,#,"-2.4288019336091806,2.803979653195993",#,"-1.7607925245102574,2.000751241002046",0.0,0.15601271289092586,0.6896551724137931,1,92.62609861776657,9860,8073,0.2631578947368421,0.000929096684522406,40,58
#,2.0,"-3.83,5.83",#,4.0,#,#,#,#,"-1.7823981573710213,3.8881002669377898",#,"-2.7246074258989674,0.7181205214734472",#,"-4.452249034011964,1.361375225556053","-2.9552626456179705,1.5654907268752076",#,#,"-0.326204787769954,1.267843025351977","-3.686893080703646,-0.06580581398861818",1,0.13168724279835387,0.6666666666666666,1,104.83705855999999,9961,8078,0.47368421052631576,0.0010515801159360753,8,12
#,#,#,#,#,#,#,#,0.0,#,"-0.8648318752850255,4.392349645652042","-1.786837837494272,1.7023946504149732",#,"-2.374576743884361,1.5535477558237587","-2.820058160199381,2.151308493333823",#,#,#,#,0.0,0.07733180720898619,0.5993377483443708,1,84.4584077071463,9987,8080,0.2631578947368421,0.0008471697259383432,181,302
#,#,#,2.0,2.0,#,3.0,#,1.0,#,#,"-2.356261088048633,0.9635122897747661",#,#,"-0.7742184111272399,4.080397960912778",#,"-3.6259088772512156,0.9704533273749505","-1.9943038597862701,2.22504996892613","-3.686893080703646,1.139086628841476",1.0,0.08825375108068294,0.6153846153846154,1,79.017523712,9944,8091,0.47368421052631576,0.0007925943162406725,8,13
#,#,"-1.52,3.52",#,4.0,#,#,#,#,#,"-3.0391459761755457,3.05250880205312",#,#,#,"-2.9552626456179705,2.329234087847897",#,#,"-1.4826460561060784,2.1316722626246625",#,1,0.11438561792546288,0.6481481481481481,2,93.13798126460003,9996,8100,0.2631578947368421,0.0019393686836879649,70,108
#,#,#,#,#,2.0,#,#,1.0,#,#,"-4.027961284732154,1.1354846249338837",#,#,"-1.8163398491641112,2.0807440635836048",#,#,#,#,1.0,0.03308774113421762,0.5057471264367817,1,80.40603870422802,9989,8102,0.21052631578947367,0.0008065219748049432,88,174
#,#,#,#,4.0,#,4.0,3.0,1.0,"0.6467887184416568,6.686697139956886","-3.303781623402219,1.36926861743073",#,"-1.3934765046939066,1.9320126100953317","0.06693076371172602,2.895180403501572",#,#,#,#,"-1.5804792176262368,1.584201682646312",0.0,0.13168724279835387,0.6666666666666666,1,81.33333333333333,8843,8104,0.47368421052631576,0.0008158233097238676,2,3
#,2.0,"0.4500000000000002,13.64",2.0,#,#,0.0,#,1.0,"-3.5344442896581,1.911374778921206","-3.303781623402219,1.36926861743073","-1.786837837494272,1.9017992489761713",#,"-1.9404638611917546,0.2592858586447927","-3.151498660084439,2.293465956433529","-3.400162588780277,3.221602337976076",#,#,"-2.280049386854451,0.2875219095930879",0.0,0.20346349914002398,0.7272727272727273,1,104.90341120000001,9379,8112,0.631578947368421,0.001052245673686572,8,11
3.0,#,#,0.0,1.0,4.0,#,#,#,#,#,#,#,"-4.452249034011964,1.361375225556053",#,"-1.4912597595560824,0.3197611455914283",#,#,#,1.0,0.0,0.0,1,73.0,8121,8121,0.3157894736842105,0.0007322348558587172,0,1
#,2.0,#,#,#,#,4.0,#,#,"2.237022067784399,3.653016761795861","-3.0391459761755457,3.05250880205312",#,#,#,#,#,#,"0.2739426478863187,1.6971996238880427",#,1.0,0.19649623617673456,0.7222222222222222,1,95.3738034085888,9961,8123,0.2631578947368421,0.0009566578519395295,13,18
#,#,#,2.0,#,#,1.0,#,#,"-6.158177876670227,3.1107217252241814",#,#,#,#,"-2.820058160199381,2.151308493333823",#,#,#,#,0,0.03509412935292472,0.5117370892018779,1,92.613588389094,9964,8137,0.21052631578947367,0.0009289711992417373,109,213
#,#,#,#,#,0.0,#,#,#,#,"-3.391325476216652,-1.1382476815293374",#,#,#,#,#,#,#,"-0.051922971069528034,1.858827761170501",0.0,0.2535525376,0.76,1,86.61746951582029,9836,8144,0.15789473684210525,0.0008688264425447056,19,25
#,#,#,2.0,#,#,#,#,0.0,"-2.0854560228722,1.1820354182753836","-2.3752349819833203,2.548157236037108",#,#,#,#,#,#,#,#,0.0,0.07368971235105447,0.5935828877005348,1,104.16757586128128,9950,8145,0.21052631578947367,0.0010448647930950314,111,187
#,#,#,#,#,#,0.0,#,#,"-4.080319898214707,-0.31775399628718737",#,#,#,#,#,#,#,#,"-1.339359348613811,0.2875219095930879",0,0.0891768994341564,0.6166666666666667,1,98.79832833756575,9977,8162,0.15789473684210525,0.0009654256823907473,111,180
#,#,"4.41,9.59",#,#,#,#,#,#,#,#,#,#,#,#,#,#,#,"-3.686893080703646,2.4052342536894304",1,0.02679354721185501,0.48484848484848486,1,94.53286899883595,9997,8163,0.10526315789473684,0.0009482227630859403,304,627
#,1.0,#,#,#,#,#,#,#,#,#,#,#,"-2.374576743884361,1.5535477558237587",#,#,#,#,#,0.0,0.03965272297984292,0.524390243902439,1,83.79577439156239,9912,8169,0.10526315789473684,0.0008405231066188394,43,82
#,#,#,#,#,#,#,#,#,#,"-0.3341676756567402,3.05250880205312","-4.027961284732154,-0.1857498677115379",#,#,"-2.7238205612938087,2.329234087847897",#,#,#,"-3.686893080703646,1.139086628841476",1.0,0.02681649475008749,0.4849315068493151,1,80.18183430577511,9980,8172,0.21052631578947367,0.0008042730669229698,177,365
#,0.0,#,#,1.0,1.0,#,#,#,#,#,"-1.786837837494272,1.9017992489761713",#,#,"-3.151498660084439,2.293465956433529",#,#,"-1.2381085571382013,0.5493556066578759",#,0,0.13168724279835387,0.6666666666666666,1,76.85302297185224,9967,8177,0.3157894736842105,0.0007708830438096015,14,21
#,#,#,#,4.0,#,#,#,#,#,"-5.456225011517673,3.05250880205312",#,#,#,"-3.151498660084439,1.4423229219638651",#,"-2.3013784065369616,0.49050963404355574",#,"-2.7137711990182467,0.45090970125430196",1.0,0.08015981989651712,0.6036585365853658,1,90.67681382080141,9980,8184,0.2631578947368421,0.0009095441602438667,99,164
#,#,#,#,0.0,#,#,5.0,1.0,"-3.245162657071021,2.5967159801322333","-3.303781623402219,1.36926861743073",#,#,#,#,#,"-1.1107378841308955,1.2134175721730678","-2.152265471927648,1.5609248586523157","-1.339359348613811,0.8067787719372816",0.0,0.036447674967348576,0.515625,1,108.24806748567823,9960,8186,0.42105263157894735,0.0010857946314021959,33,64
#,2.0,#,#,0.0,#,#,#,1.0,#,"-3.3572688397958204,-0.6035070907335469",#,"-4.31234186262562,0.1216436237600309","-2.1716222492102615,2.390875925428913",#,"-3.400162588780277,3.221602337976076",#,#,"-1.339359348613811,0.2875219095930879",0.0,0.13168724279835387,0.6666666666666666,1,105.38184448,9854,8186,0.42105263157894735,0.0010570446534649118,8,12
#,#,#,#,#,#,0.0,#,#,#,#,#,"-4.31234186262562,1.1907948235421515",#,#,"-1.1477367392317264,1.2877741332080295","-2.4288019336091806,2.803979653195993",#,#,0.0,0.11733107484567853,0.6514522821576764,1,92.29343695631817,9977,8195,0.21052631578947367,0.000925759883649524,157,241
#,#,#,#,#,#,4.0,#,#,#,#,#,#,#,"-2.373602260399524,0.42976775725738847",#,#,#,#,1.0,0.09313584339147346,0.6220472440944882,1,90.79167850868359,9996,8199,0.10526315789473684,0.0009402657688939931,158,254
0.0,#,"6.199999999999999,11.8",#,2.0,#,#,#,1.0,#,#,"-2.356261088048633,0.9635122897747661",#,#,"-0.7742184111272399,4.080397960912778",#,#,"-1.9943038597862701,2.22504996892613","-1.08696624544455,1.122339288707984",0,0.0009765625,0.25,1,86.0288,9425,8200,0.42105263157894735,0.0008629217255849099,2,8
#,#,#,#,#,4.0,4.0,3.0,#,#,"0.2865831380952357,2.3921222534929227",#,#,#,"-2.5462778383055062,2.329234087847897","-1.4912597595560824,2.229373145473857",#,#,#,1,1.0,1.0,1,84.5,8440,8212,0.3157894736842105,0.0008475869221926248,2,2
#,#,#,#,3.0,0.0,#,#,#,"-4.1831277881681075,-0.5609386624523252",#,#,#,#,"-2.820058160199381,2.151308493333823",#,#,#,"-0.051922971069528034,1.858827761170501",0,0.09091180653955425,0.6190476190476191,1,91.03229778174804,9927,8213,0.2631578947368421,0.0009131098828041932,13,21
#,#,#,#,#,1.0,0.0,#,#,#,#,"-1.0495619552188897,1.8398704291829577","-1.0261979196506739,3.4468294858420023",#,#,#,#,#,"-1.7607925245102574,0.8067787719372816",0.0,0.0842909133538739,0.6097560975609756,1,95.32491097741857,9854,8239,0.2631578947368421,0.0009561674308122622,25,41
#,#,#,1.0,#,#,#,0.0,#,"-4.553763259574627,2.636935267438397","-1.2564544661274333,1.36926861743073",#,#,"-3.8103801250132427,2.390875925428913",#,#,"-2.0716970621644584,2.803979653195993",#,#,0,0.048282842081079885,0.5454545454545454,1,92.98278684296585,9978,8239,0.3157894736842105,0.0008925088641024126,18,33
#,#,#,1.0,#,#,#,0.0,#,"-4.553763259574627,2.636935267438397","-1.2564544661274333,1.36926861743073",#,#,"-3.8103801250132427,2.390875925428913",#,"-1.4739152783067486,2.6477185058220685","-2.0716970621644584,2.803979653195993",#,#,0,0.06092699470458736,0.5714285714285714,1,88.9932541194077,9978,8241,0.3684210526315789,0.0008926570219523656,16,28
#,#,#,0.0,#,0.0,#,#,0.0,"-1.0721968425392951,3.581503088792111",#,#,#,"-2.374576743884361,1.5535477558237587","-2.820058160199381,2.151308493333823",#,#,#,#,1,0.004115226337448558,0.3333333333333333,1,80.95708715597824,9910,8253,0.3157894736842105,0.0008120493293753334,6,18
#,#,#,#,3.0,2.0,#,#,1.0,"-2.1644114724616834,5.261705439237369","-1.7696679993787323,1.6516723555168196",#,"-1.3622287745551467,1.3720622753826714",#,#,#,"-2.131118347249921,2.677383651435914",#,#,1.0,0.14165913803291463,0.6764705882352942,2,90.75252988348598,9989,8255,0.3684210526315789,0.0018206072777547475,23,34
0.0,#,#,0.0,#,0.0,#,#,0.0,#,#,#,#,"-2.374576743884361,1.5535477558237587","-2.820058160199381,2.151308493333823",#,#,#,#,0,0.03125,0.5,1,76.0,9987,8257,0.3157894736842105,0.0007623266992501715,2,4
#,0.0,#,#,#,#,4.0,#,#,#,"-0.7787279784377203,3.05250880205312",#,#,#,#,"-3.714590503469175,3.4359433139903635",#,#,#,1.0,0.05292214940134466,0.5555555555555556,1,95.99445672344717,9996,8268,0.21052631578947367,0.0009628833860565645,45,81
#,#,#,#,4.0,#,#,#,#,"1.048342809535521,3.9197746820591544","-5.456225011517673,2.740303407820647",#,#,#,"-3.151498660084439,1.4423229219638651",#,"-2.3013784065369616,0.49050963404355574",#,"-2.7137711990182467,0.45090970125430196",1.0,0.05889627844571949,0.5675675675675675,1,92.08527336410049,9952,8268,0.3157894736842105,0.0009236718749105849,21,37
#,#,#,#,#,#,0.0,#,0.0,#,#,#,#,"-2.1716222492102615,2.390875925428913",#,"-1.1477367392317264,3.221602337976076",#,"-1.4209032577141394,2.507285996050619",#,0.0,0.25270905019898543,0.759493670886076,1,104.0419255515868,9950,8287,0.2631578947368421,0.0010436044432812269,60,79
#,#,#,#,#,#,#,#,#,#,#,#,#,"-1.4967149406889675,2.5099720490133146","-3.3999915878657183,0.9915044327660181",#,#,#,#,0,0.03494642995819334,0.5113056163384391,1,94.87774382780493,9987,8297,0.10526315789473684,0.0009472307928120468,701,1371
#,#,#,2.0,#,4.0,#,#,1.0,#,#,#,#,#,"-2.5462778383055062,1.4507246942945051",#,#,#,#,1,0.10578583493405276,0.638095238095238,1,91.48420832039506,9980,8298,0.21052631578947367,0.0009176428231894978,67,105
#,#,#,#,#,4.0,#,#,#,#,"0.2865831380952357,2.3921222534929227","-0.40277464526576634,2.6710895934596035",#,#,"-0.3953970246502907,2.329234087847897","-1.4912597595560824,2.229373145473857",#,#,#,1.0,0.06922366952724099,0.5862068965517241,1,93.26243913366777,9842,8298,0.2631578947368421,0.000935479570905118,34,58
#,#,"1.5,8.5",#,#,#,1.0,#,0.0,#,"-1.7929407632892276,1.636715415209483",#,#,"-2.481866348583436,1.2105706811421968",#,#,#,#,#,0.0,0.13168724279835387,0.6666666666666666,1,88.81853983690178,9858,8305,0.2631578947368421,0.0008909045303432262,24,36
#,#,#,#,#,1.0,0.0,#,#,#,"-2.4274140688863532,2.8297674520507146","-1.0495619552188897,1.8398704291829577","-1.0261979196506739,3.4468294858420023",#,#,#,#,#,"-1.7607925245102574,0.8067787719372816",0.0,0.0713372140882071,0.5897435897435898,1,95.32867944912292,9854,8308,0.3157894736842105,0.0009562052308990463,23,39
4.0,0.0,#,#,#,1.0,2.0,#,#,"-4.553763259574627,2.636935267438397","-4.322289694924713,-0.9843966657583207",#,"-2.440837151079741,1.10635123802878",#,#,#,"-1.6457426529668644,0.5463685523163839",#,#,0.0,1.0,1.0,1,82.0,9813,8322,0.42105263157894735,0.0008225103860330797,1,1
#,0.0,#,#,#,0.0,#,#,0.0,#,#,#,#,#,#,#,"-2.4288019336091806,2.803979653195993","-1.138897843364909,2.0491977828789527","-1.7607925245102574,2.000751241002046",0.0,0.20346349914002398,0.7272727272727273,1,97.64982196895616,9860,8324,0.3157894736842105,0.0009794877166310687,24,33
#,#,#,#,#,4.0,#,#,#,#,"0.2865831380952357,2.3921222534929227","-0.40277464526576634,2.6710895934596035",#,#,"-2.5462778383055062,2.329234087847897",#,#,#,#,1,0.08082104508786613,0.6046511627906976,1,90.67747203620189,9842,8329,0.21052631578947367,0.000909550762548783,52,86
#,#,#,#,3.0,4.0,#,#,#,#,"0.2865831380952357,2.3921222534929227",#,#,#,"-0.3953970246502907,2.329234087847897","-1.4912597595560824,2.229373145473857",#,#,#,1.0,0.2373046875,0.75,1,107.53039694363362,9678,8329,0.2631578947368421,0.001078595954882907,15,20
3.0,#,#,2.0,#,#,1.0,2.0,0.0,#,#,#,#,#,"-3.2161486063292384,0.5444697100397904",#,#,#,#,0.0,0.3276800000000001,0.8,1,83.6,9623,8330,0.3157894736842105,0.0008385593691751885,4,5
#,#,"10.41,15.59",2.0,#,#,1.0,#,#,"-6.158177876670227,1.414529256689226","-1.7929407632892276,1.5449522658771646","-2.923146875222176,1.6261721980913708",#,"0.7326868843998415,3.7180615041780127",#,"-1.3695944386308598,3.2516313193317536",#,#,#,0,0.0024299999999999994,0.3,1,95.046144,8826,8330,0.42105263157894735,0.0009533712267365327,3,10
#,2.0,#,#,4.0,#,#,#,#,#,#,#,"-2.4499139213664227,0.9494749515292434",#,#,#,"-3.0423587078240875,1.2693093149609518","-0.5823679741154206,1.8087037455674755",#,1.0,0.10616683880710083,0.6385542168674698,1,100.83172104182626,9997,8331,0.2631578947368421,0.0010114041194938088,53,83
#,#,#,2.0,#,#,4.0,5.0,#,"-2.4220595466245887,1.3405063553029315",#,"-0.643942246624615,3.6594676875909027","-1.6009196744644902,1.3614925858507285",#,"-1.2593095558474339,2.0226846111655363",#,#,#,#,1.0,0.03125,0.5,1,119.125568,9020,8339,0.3684210526315789,0.00119490264539134,5,10
#,#,#,#,4.0,#,2.0,#,#,"-3.4412507677773125,1.2124491635540937",#,#,#,"-3.0854013924438846,0.2927856773050983",#,#,#,#,#,1,0.03488001083845618,0.5111111111111111,1,97.5586155030467,9877,8343,0.21052631578947367,0.0009785728597349235,23,45
#,#,#,0.0,4.0,#,#,#,#,#,#,#,#,#,"-1.4294219741724836,1.4423229219638651",#,"-3.6259088772512156,1.862332151096177",#,#,1.0,0.06004656161993363,0.5697674418604651,1,90.41108980946457,9877,8343,0.21052631578947367,0.0009068787851323676,49,86
#,#,#,#,0.0,#,#,1.0,#,#,"-0.7219780702165399,2.365572981762373",#,#,#,"-2.4715116919245546,2.293465956433529","-3.400162588780277,2.098684931221109",#,#,#,0,0.1590361251087416,0.6923076923076923,1,107.07076820223801,9854,8344,0.2631578947368421,0.0010739855961814778,18,26
#,#,#,#,0.0,#,1.0,#,#,#,#,#,"-1.624493014078788,0.7402992453268924",#,#,#,#,#,"-2.9212586771685864,1.5220106205098631",0.0,0.06458159256726503,0.578125,1,78.80683959188093,9976,8344,0.21052631578947367,0.0007904810250581094,37,64
#,#,#,2.0,3.0,#,#,#,#,"-0.4453857143445059,2.6240759424911024",#,"-4.027961284732154,2.856469481369319","-1.166019250247564,1.7160713159031094",#,#,"-2.5967987455950525,-0.35634504744144957",#,#,"-1.2247827651138625,3.253539263573706",1.0,0.037022548078608386,0.5172413793103449,1,84.02018262153072,9764,8346,0.3684210526315789,0.0008427740590561596,15,29
#,#,#,2.0,#,#,#,#,0.0,#,"-2.3694529127587707,0.38430883630350265",#,#,#,#,#,#,#,"-0.5080777947207451,1.0444071752242787",0.0,0.07204491900081343,0.5909090909090909,1,96.89945291974732,9912,8349,0.21052631578947367,0.0009719610539928731,65,110
#,#,#,#,#,#,#,#,0.0,#,#,#,#,#,"-3.3999915878657183,0.9915044327660181","-1.2269359091179952,0.3342890091126174",#,#,#,0,0.05412214933218934,0.5580524344569289,1,90.21906347908718,9976,8357,0.15789473684210525,0.0009330861681464065,149,267
#,0.0,"8.41,13.59",#,#,#,1.0,#,#,"-4.553763259574627,2.636935267438397",#,#,"-1.0261979196506739,3.4468294858420023","-2.528854495286314,2.5099720490133146",#,#,#,#,#,0.0,0.07204491900081343,0.5909090909090909,1,104.40322728369718,9894,8375,0.3157894736842105,0.0010472285216611356,26,44
#,#,#,#,#,#,#,2.0,#,#,#,#,"-1.0261979196506739,3.4468294858420023",#,"-3.3999915878657183,0.9915044327660181","-0.8608307396461985,2.199170100085802",#,#,"-2.1864845932602726,2.1724155146622937",0,0.10117440679423585,0.6324324324324324,1,96.20879620818897,9976,8378,0.2631578947368421,0.0010081870428300724,117,185
#,#,"-2.2502561959178857,13.83",#,#,#,#,#,0.0,#,#,#,#,"-2.528854495286314,1.7578969535189004","-1.9196380496361591,0.1316083047469473",#,#,#,#,0.0,0.06788161872655088,0.583916083916084,1,89.6064415842941,9987,8378,0.21052631578947367,0.0009254049505979526,167,286
#,#,#,#,#,#,4.0,#,#,"2.237022067784399,3.653016761795861","-3.0391459761755457,3.05250880205312",#,"-1.5511973719358423,0.7396951293634108",#,#,#,#,"0.2739426478863187,1.6971996238880427",#,1.0,0.3276800000000001,0.8,2,91.44677744639999,9961,8383,0.2631578947368421,0.001834534737046819,12,15
1.0,#,#,1.0,2.0,#,3.0,#,#,#,#,#,#,"-1.9853633453486283,1.2187726187039962",#,#,"-1.3645284514535891,2.1004215181876744",#,#,1.0,0.010737418240000003,0.64,1,67.49705227281768,8384,8384,0.3157894736842105,0.0006770369087928077,0,0
#,0.0,#,#,#,#,1.0,0.0,#,"-4.553763259574627,2.636935267438397","-3.303781623402219,1.36926861743073",#,"-1.0261979196506739,3.4468294858420023","-2.528854495286314,1.7578969535189004",#,#,#,#,#,0.0,0.13168724279835387,0.6666666666666666,1,92.46227935789057,9981,8389,0.3684210526315789,0.0009274534766848417,12,18
#,#,"2.96,11.760000000000002",0.0,4.0,#,#,#,#,#,#,#,"-2.4615539011098444,0.49443642314725667","-4.452249034011964,1.361375225556053",#,#,"-3.6259088772512156,1.862332151096177",#,#,1,0.09091180653955425,0.6190476190476191,1,94.68620828623995,9877,8391,0.3157894736842105,0.0009497608503600464,26,42
#,#,#,#,#,#,#,2.0,0.0,#,"-6.689347798197123,3.05250880205312",#,#,#,#,#,#,#,#,0.0,0.0877053657598745,0.6146179401993356,1,91.14299970881366,9976,8393,0.15789473684210525,0.0009446707282833313,185,301
#,#,#,#,#,#,#,#,0.0,"-6.158177876670227,1.757765741191134",#,"-2.7265855291323007,0.162846855269547",#,#,#,#,#,"-1.8435475538392878,0.49059388680353944",#,0,0.10959258225820717,0.6426229508196721,1,93.54950248932613,9976,8393,0.21052631578947367,0.0009383589927524169,196,305
#,#,#,#,0.0,#,#,1.0,#,#,"-3.303781623402219,2.365572981762373",#,#,#,#,#,#,#,"-1.339359348613811,0.2875219095930879",0.0,0.14265533057546828,0.6774193548387096,1,100.99406988756748,9854,8400,0.21052631578947367,0.0010130325781740849,21,31
#,2.0,#,#,3.0,#,#,#,1.0,"-2.3937160455560154,3.4481625916472387",#,"-1.8769023290169784,2.6710895934596035",#,#,"-0.3141709384572211,3.3780724994323705",#,"-2.0281499143460247,2.3138044698863385",#,#,1,0.10189707818930038,0.6333333333333333,1,87.07955375038362,9986,8407,0.3684210526315789,0.0008734614313514188,38,60
#,#,#,2.0,#,#,#,5.0,#,#,#,"-0.365496246194124,2.093595144786172","-0.6033207900626162,1.3614925858507285","-1.8269848047374047,1.4086955347189223",#,#,"-3.235705312451096,1.5020834215481833",#,#,1.0,0.12503776394847468,0.6597938144329897,1,101.35523357530158,9975,8409,0.3157894736842105,0.0010166552718840764,64,97
#,#,"9.219999999999999,16.78",#,#,#,1.0,#,1.0,"-0.14585232404420378,1.8489955965994165",#,"-0.40277464526576634,2.6710895934596035","-0.8715720251613226,2.278769776088057","-3.069366394948335,2.336827164953202",#,#,#,#,#,1,0.048282842081079885,0.5454545454545454,1,95.4224,9777,8412,0.3684210526315789,0.000957145305612231,6,11
#,0.0,#,#,#,#,#,#,#,#,#,#,#,"-4.452249034011964,1.1140944485392188","-0.3575209777208803,4.702220029757449",#,#,#,"-1.44468485776931,1.8991289236507412",1.0,0.03797887808033008,0.5198863636363636,1,90.57827895899861,9980,8413,0.21052631578947367,0.0009085557950338772,183,352
#,#,#,#,#,3.0,#,#,#,#,#,#,#,"-4.452249034011964,1.361375225556053",#,"-0.5358043871407504,2.229373145473857",#,"1.4284196151518294,1.918861499746543","-0.4492801571622371,1.521181535460293",1.0,0.095367431640625,0.625,1,78.0272,9745,8414,0.2631578947368421,0.0007826607608912233,5,8
#,#,#,#,#,4.0,#,#,#,#,"0.2865831380952357,2.3921222534929227",#,#,#,"-2.5462778383055062,-0.3950319814101455","-1.4912597595560824,2.229373145473857",#,#,#,1.0,0.14165913803291463,0.6764705882352942,3,90.81928902507995,9906,8415,0.21052631578947367,0.002732919822265915,23,34
#,2.0,#,#,#,#,4.0,#,#,"-1.7928023067834449,3.653016761795861","-1.8452213847763186,3.05250880205312",#,#,"-4.452249034011964,1.9381413956308031",#,"-1.9528734645260215,2.6059032967073668",#,#,"-3.8873072784686764,1.7430488832089004",1,0.15460466513241858,0.6884057971014492,2,100.81334795003707,9997,8416,0.3684210526315789,0.0020224396521871264,95,138
#,0.0,"2.9,7.1",#,#,#,#,#,#,#,#,#,#,"-4.452249034011964,1.1140944485392188","-0.3575209777208803,4.702220029757449",#,#,#,"-1.44468485776931,1.8991289236507412",1,0.026524537874001226,0.4838709677419355,1,86.28368696363084,9980,8423,0.2631578947368421,0.000865478398448944,60,124
#,0.0,#,#,1.0,#,#,#,0.0,#,#,"-1.786837837494272,1.9017992489761713","-2.440837151079741,1.10635123802878",#,"-3.151498660084439,2.293465956433529",#,#,"-1.2381085571382013,0.5493556066578759","-1.1281622440164576,2.000751241002046",0,0.20346349914002398,0.7272727272727273,2,81.2922721074196,9798,8424,0.42105263157894735,0.0016308228807946307,16,22
#,#,#,2.0,#,0.0,0.0,#,1.0,"-3.5344442896581,1.911374778921206","-3.303781623402219,1.36926861743073","-1.786837837494272,1.9017992489761713",#,#,"-3.151498660084439,2.293465956433529","-3.400162588780277,3.221602337976076","-2.4288019336091806,2.803979653195993",#,"-2.280049386854451,0.2875219095930879",0.0,0.095367431640625,0.625,1,106.597298577408,9977,8429,0.5789473684210527,0.0010692364049144794,10,16
#,#,#,2.0,#,#,#,#,0.0,#,#,"-2.453677660849571,0.9565899857244862","-2.3966317200072833,1.0027571528883827",#,#,#,#,"-1.138897843364909,2.0491977828789527","-1.7607925245102574,2.000751241002046",0.0,0.08070512278181785,0.6044776119402985,1,94.83517541667054,9912,8430,0.3157894736842105,0.0009512550822131769,81,134
#,0.0,#,#,1.0,#,#,#,0.0,"-4.27773284986935,0.177937297150081",#,"-1.786837837494272,1.9017992489761713","-2.440837151079741,1.10635123802878",#,"-3.151498660084439,2.293465956433529",#,#,"-1.2381085571382013,0.5493556066578759",#,0,0.13168724279835387,0.6666666666666666,1,102.29375999999999,9342,8430,0.42105263157894735,0.0010260692686143316,6,9
#,#,#,#,#,#,4.0,#,1.0,#,"-2.6894661371699033,2.740303407820647",#,"-1.6009196744644902,2.4635670213890237",#,#,#,#,"-1.766136231093987,1.1868029820810662",#,1.0,0.10517996118530397,0.6373626373626373,1,100.65235786503283,9997,8436,0.2631578947368421,0.0010096049966183882,116,182
#,#,#,#,#,4.0,#,#,#,#,"-0.4512851561239448,3.05250880205312",#,"-1.609907305788575,3.415276245448496",#,#,"-1.4912597595560824,2.229373145473857",#,#,#,1,0.0630019754800219,0.5752688172043011,1,92.86666058251569,9980,8448,0.21052631578947367,0.000931509668845463,107,186
#,#,"5.29,12.71",0.0,#,4.0,#,#,0.0,#,"-3.0391459761755457,4.8058963648131225","-4.027961284732154,0.46456585230194203",#,#,#,"-0.5358043871407504,2.229373145473857","-1.052110479848565,3.75639151883727",#,"-2.4160294263690405,1.5846049192585208",1.0,0.007415771484375,0.375,1,78.5888,9638,8448,0.47368421052631576,0.0007882939539741036,3,8
#,0.0,#,#,#,#,#,#,#,#,#,"-1.3288820664877832,2.728618728629705",#,"-4.452249034011964,1.1140944485392188","-0.3575209777208803,4.702220029757449",#,#,#,"-1.44468485776931,1.8991289236507412",0,0.026407638373927327,0.48344370860927155,1,90.94444638795378,9978,8452,0.2631578947368421,0.0009122286793429339,146,302
3.0,#,"-4.83,4.83",#,#,4.0,#,#,#,#,#,"-0.40277464526576634,2.6710895934596035",#,"-2.6507351633470355,0.41320194642529784","-0.3953970246502907,2.329234087847897",#,"-1.4371757701825838,1.2499282879065592",#,#,1.0,0.03125,0.5,1,83.848896,9459,8460,0.3684210526315789,0.0008410559489927749,5,10
#,0.0,#,#,#,#,#,#,#,"2.237022067784399,5.504513508931982",#,#,#,"-4.452249034011964,1.1140944485392188",#,#,#,#,#,1,0.16806999999999994,0.7,2,85.64042510652538,9996,8463,0.15789473684210525,0.0017180521735220792,14,20
2.0,0.0,#,#,#,2.0,#,5.0,1.0,#,"-1.7696679993787323,1.6516723555168196",#,#,"-4.452249034011964,1.1140944485392188","-0.3575209777208803,1.979981476530543",#,"-2.131118347249921,2.677383651435914",#,#,1.0,0.0003200000000000001,0.2,1,93.6,8464,8464,0.47368421052631576,0.0009388655138133689,1,5
#,#,#,#,#,0.0,#,#,#,#,"-1.2564544661274333,1.36926861743073",#,#,#,#,#,"-2.4288019336091806,2.803979653195993",#,#,0,0.0512669858875695,0.5520361990950227,1,98.937356252239,9987,8469,0.15789473684210525,0.0009671688516554922,122,221
#,#,#,#,#,#,#,#,#,#,"-0.3341676756567402,2.7065555842408697","-0.40277464526576634,2.6710895934596035",#,"-2.270156951634249,2.6039264701049643","-1.1924208924920336,1.4507246942945051",#,#,"-1.8122626063387757,1.3189027408650174",#,1,0.05712028543473131,0.5641025641025641,1,104.81599788006656,9997,8472,0.2631578947368421,0.0010408768363301048,264,468
#,#,#,2.0,#,#,1.0,5.0,#,#,"-5.456225011517673,3.05250880205312",#,"-0.6033207900626162,1.3614925858507285","-1.8269848047374047,1.4086955347189223","-3.151498660084439,3.487850958194105",#,"-3.235705312451096,1.5020834215481833",#,#,1.0,0.08988803537961923,0.6176470588235294,1,101.6058019735393,9975,8474,0.42105263157894735,0.0010191686268836153,21,34
#,#,#,#,#,#,0.0,#,#,"-4.1831277881681075,3.678456600719458",#,"-1.2703735750849265,3.1603097150379313",#,"-4.527384989328969,1.7578969535189004",#,#,#,"-1.2082072914197046,2.063847627185798",#,0,0.09492053724646297,0.6244131455399061,1,96.1503306966338,9977,8478,0.2631578947368421,0.0009322243780941372,133,213
#,#,#,#,#,#,#,#,1.0,#,#,"-1.1343933121632752,2.123902780885617",#,"-2.270156951634249,2.6039264701049643","-0.3953970246502907,1.4507246942945051",#,#,#,#,0,0.018974045578825878,0.45251396648044695,1,100.03872244352426,9978,8484,0.21052631578947367,0.0009809780762158249,243,537
#,#,#,#,#,#,#,#,1.0,#,"-3.3787156442202497,3.05250880205312",#,#,#,"-2.820058160199381,1.966183333361201","-1.1076598447100596,1.1405040375420223","-2.4288019336091806,2.803979653195993",#,#,0,0.023275562983324487,0.4713896457765668,1,87.47972596071307,9981,8485,0.2631578947368421,0.0008774754045123675,346,734
#,#,#,#,#,4.0,#,#,#,#,#,#,"-1.3622287745551467,1.3720622753826714",#,"-2.5462778383055062,1.4507246942945051",#,#,#,#,1,0.05895753939158045,0.5676855895196506,1,91.65007295111454,9980,8501,0.15789473684210525,0.0009193065473534285,130,229
#,#,"-1.1099999999999994,9.11",1.0,#,#,#,#,1.0,#,#,#,"-2.116128903427073,1.3571597275750205",#,#,#,"-1.4688922034614509,3.6224628539706094",#,"-1.2247827651138625,3.253539263573706",1.0,0.03317844212454346,0.5060240963855421,1,101.49377876143274,9997,8510,0.3157894736842105,0.001018044965231976,42,83
#,#,#,#,1.0,#,#,#,0.0,"-4.27773284986935,0.177937297150081","-1.8680722654152286,1.636715415209483","-1.786837837494272,1.9017992489761713",#,#,"-3.151498660084439,2.293465956433529","-6.433102840687265,2.6496563392383514",#,"-1.2381085571382013,0.5493556066578759",#,0,0.3276800000000001,0.8,1,94.92239259026985,9912,8512,0.42105263157894735,0.0009521299240561756,20,25
#,0.0,#,#,1.0,#,#,#,0.0,#,#,#,"-2.440837151079741,1.10635123802878",#,#,#,#,#,"-3.786659237043167,3.496558925027852",0,0.11602906250000002,0.65,1,92.31484416314636,9916,8512,0.2631578947368421,0.0009259746110879647,26,40
#,#,#,#,#,#,#,#,0.0,#,#,"-1.3906142748174959,1.5602953943588587","-0.08998299716400071,3.7528044243702303","-2.34842782664245,1.2654467130890201",#,#,"-2.4288019336091806,2.803979653195993",#,"-1.7607925245102574,2.000751241002046",0,0.10335480954382222,0.6351351351351351,1,94.21563120791086,9950,8514,0.3157894736842105,0.0009450406731118174,94,148
#,#,#,#,#,#,#,#,0.0,#,#,#,#,"-2.34842782664245,1.2654467130890201",#,#,"-2.4288019336091806,2.803979653195993","-1.8435475538392878,2.0491977828789527","0.08817594581150989,2.000751241002046",0,0.09465253657836611,0.6240601503759399,1,94.89700174557903,9950,8514,0.2631578947368421,0.0009518752382821713,166,266
#,#,#,2.0,3.0,#,#,#,1.0,"-2.1644114724616834,5.261705439237369",#,#,#,#,#,#,"-2.0477889567812677,0.21503551318853686",#,"-1.44468485776931,1.8991289236507412",1.0,0.1894692059725282,0.7169811320754716,2,90.35477770615861,9989,8515,0.3157894736842105,0.0018126278802689177,38,53
0.0,2.0,#,#,4.0,#,#,1.0,1.0,#,"-3.0391459761755457,4.162986067723186",#,"-5.191456088238919,0.6333028962267617","-1.44004567411818,3.2234901298751555","-2.9552626456179705,2.0996168409310667",#,#,#,#,1.0,0.07775999999999998,0.6,1,101.6,9725,8523,0.47368421052631576,0.0010191104295239133,3,5
#,#,"6.359999999999999,13.64",#,0.0,#,1.0,3.0,#,#,"-2.05593579889708,1.365404555998472","0.005485259745119375,3.5096904918920413",#,#,"-3.151498660084439,2.293465956433529","-3.400162588780277,3.221602337976076",#,#,"-1.339359348613811,0.2875219095930879",0,0.02567458542283846,0.7619047619047619,1,97.93731481134826,8526,8526,0.47368421052631576,0.000982371446494211,0,0
#,0.0,#,2.0,#,2.0,#,#,0.0,#,"-3.4877246493438876,1.1018782657599018",#,"-2.120110498974687,2.0182759549852545","-2.528854495286314,1.7578969535189004",#,"-4.59828008678535,2.6496563392383514","-4.117235494004234,4.764340584417004",#,"-0.5080777947207451,0.9401237024205206",0.0,0.13168724279835387,0.6666666666666666,1,84.84,9443,8529,0.5263157894736842,0.000850997331110323,4,6
#,#,#,2.0,#,#,#,5.0,#,#,#,#,"-0.6033207900626162,1.3614925858507285","-1.8269848047374047,1.4086955347189223",#,#,"-3.235705312451096,1.5020834215481833",#,#,1.0,0.07071407662557172,0.5887096774193549,1,88.72254986145188,9975,8544,0.2631578947368421,0.0008899416919070969,73,124
#,#,#,2.0,0.0,#,#,#,#,"-2.0881959144849835,1.4763402031305615","-3.303781623402219,2.365572981762373",#,#,"-2.1716222492102615,1.2065648205387216","-3.151498660084439,2.293465956433529","-3.400162588780277,2.098684931221109",#,"-1.758939745945203,1.7707375545390722","-1.339359348613811,0.2875219095930879",0.0,0.1259123951475064,0.6607142857142857,1,112.25257547447623,9977,8548,0.47368421052631576,0.001125962307155108,37,56
#,#,#,#,#,4.0,3.0,#,#,"-1.913760199820599,3.829103545226668","0.2865831380952357,2.3921222534929227","-0.40277464526576634,2.6710895934596035",#,#,#,"-1.4912597595560824,2.229373145473857",#,#,#,1,0.022132674897119342,0.4666666666666667,1,84.76805787648,9734,8550,0.3157894736842105,0.0008502757074055854,7,15
#,#,#,#,#,#,#,#,1.0,#,#,#,"-3.348461833204521,1.602821959926123",#,"-2.5462778383055062,2.329234087847897",#,#,#,"-1.3683380741616236,2.9905620337609427",1.0,0.04293446670604118,0.5327963176064442,1,94.84768297053701,9997,8550,0.21052631578947367,0.0009158914316908295,463,869
#,#,#,#,0.0,#,#,#,#,#,#,#,#,#,#,"-3.400162588780277,3.221602337976076","-2.4288019336091806,2.803979653195993",#,#,0,0.095367431640625,0.625,1,85.99918499143152,9987,8558,0.15789473684210525,0.0008049465919254793,180,288
#,#,#,#,#,#,0.0,#,0.0,"-6.074952651774705,-0.5609386624523252",#,#,"-4.31234186262562,1.1907948235421515","-2.769528836782005,2.808407952803525",#,"-2.521428491127124,2.0997972668354894","-1.9414862477077062,3.0084422803512423","-3.7485091530689223,0.29354065877597324",#,0,0.22190066239999998,0.74,1,95.920851785544,9912,8559,0.42105263157894735,0.0009621450833018246,37,50
#,#,#,#,#,4.0,#,5.0,#,#,"-0.6315036558421251,2.3921222534929227",#,#,#,#,#,#,#,#,1.0,0.08457703295940151,0.6101694915254238,1,85.4545659537616,9922,8575,0.15789473684210525,0.0008571618052550942,36,59
#,#,#,#,#,#,#,#,1.0,"-2.3937160455560154,3.4481625916472387",#,"-1.8769023290169784,2.6710895934596035",#,"-1.44004567411818,3.2234901298751555","-2.823374409588389,3.3780724994323705",#,#,#,#,1,0.04617354875209598,0.5406032482598608,1,96.42178453686404,9997,8579,0.2631578947368421,0.0009356279391142276,466,862
#,#,#,2.0,3.0,2.0,#,#,1.0,#,"-1.7696679993787323,1.6516723555168196",#,"-1.3622287745551467,1.3720622753826714",#,#,#,"-3.235705312451096,2.677383651435914",#,#,1.0,0.1134276198236865,0.6470588235294118,1,91.90893024051199,9989,8597,0.3684210526315789,0.0009219030450245233,11,17
#,#,#,#,#,#,#,5.0,#,"-2.1644114724616834,7.585036620699073",#,"-0.365496246194124,2.093595144786172",#,"-1.8269848047374047,1.4086955347189223",#,#,#,#,#,1.0,0.053134176971776026,0.556,1,102.19715542362249,9997,8597,0.21052631578947367,0.0010251002653532484,139,250
3.0,2.0,"0.4500000000000002,13.64",#,0.0,#,#,#,1.0,"-2.0881959144849835,2.5967159801322333",#,#,#,"-2.1716222492102615,1.2065648205387216","-3.151498660084439,2.293465956433529",#,"-1.1107378841308955,1.0813733211523529",#,"-1.339359348613811,0.8067787719372816",0.0,0.3276800000000001,0.8,1,98.4,9696,8611,0.5263157894736842,0.0009870124632396957,4,5
#,#,#,#,0.0,#,#,5.0,#,"-3.245162657071021,1.4763402031305615","-3.303781623402219,1.36926861743073",#,#,#,#,"-3.400162588780277,3.221602337976076",#,"-2.152265471927648,1.5609248586523157","-1.339359348613811,0.2875219095930879",0.0,0.06642900775433695,0.5813953488372093,1,108.17520155782343,9960,8611,0.3684210526315789,0.001085063741372336,25,43
#,0.0,#,2.0,#,2.0,1.0,#,0.0,#,#,"-3.2801435863127137,1.0232663479028041","-2.120110498974687,2.0182759549852545","-2.528854495286314,1.7578969535189004",#,"-4.59828008678535,2.6496563392383514","-4.117235494004234,4.764340584417004",#,"-0.5080777947207451,1.0444071752242787",0.0,0.1,1.0,1,92.66666666666667,8617,8617,0.5789473684210527,0.0009295036069804722,0,0
#,2.0,#,#,#,#,#,#,#,"-6.833099791776645,-0.5609386624523252",#,#,"-3.0338593447151854,2.2869232389475953",#,"-3.3999915878657183,0.9915044327660181","-1.1770287960306836,2.4450130142643376","-2.4288019336091806,2.803979653195993",#,#,0,0.10583778240650119,0.6381578947368421,1,94.33424654314565,9977,8622,0.3157894736842105,0.0009462304578090542,97,152
#,#,#,0.0,#,#,0.0,#,#,"-4.1831277881681075,3.678456600719458","-1.8680722654152286,1.636715415209483",#,#,"-4.527384989328969,1.7578969535189004","-2.2550858281227417,1.847406880643471","-0.8608307396461985,3.067084518890238",#,"-1.2082072914197046,2.063847627185798",#,0.0,0.170639829974585,0.7021276595744681,1,99.06983976179048,9960,8622,0.42105263157894735,0.0009937313676427516,33,47
#,#,#,#,2.0,#,#,#,#,#,#,#,#,#,#,#,#,#,#,1,0.031839606006612654,0.50187265917603,1,82.59902444314561,9972,8624,0.05263157894736842,0.0008285189692766766,134,267
0.0,0.0,"6.9,11.1",#,#,4.0,#,#,#,#,#,#,#,#,"-1.4294219741724836,1.6742416108152873","-0.5358043871407504,2.229373145473857",#,#,"-1.2669425585944973,0.8826520151755355",1.0,0.13168724279835387,0.6666666666666666,1,105.0,9580,8624,0.3684210526315789,0.0010532145187008948,2,3
#,#,#,2.0,3.0,#,#,#,#,"-2.1644114724616834,2.3533694385199855",#,#,#,#,#,#,"-2.0477889567812677,0.21503551318853686",#,"-3.686893080703646,1.8991289236507412",1.0,0.06458159256726503,0.578125,1,90.56233208288265,9989,8633,0.2631578947368421,0.0009083958380676556,37,64
#,2.0,#,#,4.0,4.0,#,#,#,"-3.4412507677773125,0.3292466674827006",#,#,#,#,#,#,#,"-0.5823679741154206,1.8087037455674755",#,1.0,1.0,1.0,1,100.37888000000001,9760,8634,0.2631578947368421,0.001006861845589856,9,9
#,#,#,#,4.0,#,#,#,#,"-3.2352894501328446,1.2124491635540937",#,#,"-2.4499139213664227,0.9494749515292434","-3.0854013924438846,3.2234901298751555",#,#,"-3.0423587078240875,1.2693093149609518",#,"-1.3728003214140467,0.3323739667518246",1,0.07204491900081343,0.5909090909090909,1,93.45014421709067,9980,8634,0.3157894736842105,0.0009373623682298319,52,88
#,#,#,#,4.0,#,4.0,5.0,#,#,"-3.0391459761755457,3.05250880205312",#,"-1.6009196744644902,1.3614925858507285",#,#,#,"-0.8269548737528896,3.840120595559833",#,#,1.0,0.03125,0.5,1,110.8700699467949,9997,8640,0.3157894736842105,0.0011120949272128392,11,22
#,#,#,#,#,2.0,#,#,1.0,#,"-1.2564544661274333,1.36926861743073",#,"-4.31234186262562,2.2869232389475953",#,#,"-1.1770287960306836,2.4450130142643376","-2.4288019336091806,2.803979653195993","-1.4209032577141394,2.507285996050619",#,1,0.05173025801833807,0.553030303030303,1,88.21160091301662,9951,8649,0.3684210526315789,0.0008848165599946496,73,132
#,#,#,0.0,#,#,0.0,#,#,#,"-1.8680722654152286,1.636715415209483",#,#,"-4.527384989328969,1.7578969535189004","-2.2550858281227417,1.847406880643471","-1.1477367392317264,3.067084518890238","-2.4288019336091806,2.803979653195993","-1.4209032577141394,2.063847627185798",#,0.0,0.18905406764403293,0.7166666666666667,1,91.52043518843445,9960,8658,0.42105263157894735,0.0009180062009360325,43,60
#,#,"0.4500000000000002,13.64",#,0.0,#,#,4.0,0.0,#,#,"-1.786837837494272,-0.5540588739791857",#,"-2.1716222492102615,2.390875925428913",#,#,#,#,"-1.216445035596387,0.8067787719372816",0.0,0.0063582343481257495,0.36363636363636365,1,86.1300608,9987,8660,0.3684210526315789,0.0008639374336300076,4,11
#,#,"6.48,11.52",#,0.0,#,#,#,#,"-2.0881959144849835,1.4763402031305615","-0.8648318752850255,4.392349645652042","-2.2139455628908853,1.9017992489761713",#,#,#,"-3.400162588780277,3.221602337976076",#,"-0.3801868561282863,1.6123729102741273",#,0.0,0.06872850940451601,0.5853658536585366,1,87.69738541486647,9876,8660,0.3684210526315789,0.0008796586625813853,24,41
#,#,#,#,#,#,#,#,1.0,"-2.3937160455560154,3.4481625916472387","-2.5172806426345256,3.6578214613232998","-1.8769023290169784,2.6710895934596035",#,"-1.8830717197453999,3.2234901298751555",#,#,#,#,#,1,0.044851200732971656,0.5374707259953162,1,96.4158742434615,9997,8665,0.2631578947368421,0.0009355538342711165,459,854
#,0.0,#,#,#,0.0,#,#,#,#,#,"0.18148986938382072,2.9479676842366533",#,"-2.528854495286314,1.7578969535189004","-2.820058160199381,2.151308493333823",#,"-1.2938758499336707,1.1861786457579755","-1.2082072914197046,2.063847627185798",#,0.0,0.13900144363810318,0.6739130434782609,2,104.24079500701488,9964,8666,0.3684210526315789,0.0020911984522345105,31,46
#,#,#,#,0.0,#,#,#,0.0,#,"-3.84605059771201,-0.4247102428164582",#,#,"-2.1716222492102615,2.390875925428913",#,"-3.400162588780277,3.221602337976076",#,"0.19923739616937453,1.2708230200985142",#,0.0,0.04526613752481193,0.5384615384615384,1,85.250061824,9845,8674,0.3157894736842105,0.000855110503173197,7,13
#,#,"0.4500000000000002,13.64",#,0.0,#,#,1.0,#,#,"-0.7219780702165399,4.392349645652042","-2.2139455628908853,1.9017992489761713",#,#,#,#,#,"-0.3801868561282863,1.6123729102741273",#,0,0.07775999999999998,0.6,1,108.96546404352,9854,8679,0.3157894736842105,0.0010929905596915768,9,15
#,#,#,#,#,#,#,#,1.0,"-2.3937160455560154,3.4481625916472387","-3.30748389230509,0.5310930912362606","-1.8769023290169784,2.6710895934596035",#,"-1.44004567411818,3.2234901298751555","-2.823374409588389,3.3780724994323705",#,"-0.5544144429768867,2.344829409171926",#,#,1,0.038447856419289016,0.5211640211640212,1,94.42078304663822,9989,8680,0.3684210526315789,0.0009105388460017521,197,378
#,2.0,#,#,#,#,#,#,0.0,#,#,#,#,#,#,#,#,#,#,0.0,0.053795433328567205,0.5573770491803278,1,80.9845753014835,9976,8681,0.10526315789473684,0.0008173016797961212,102,183
#,#,#,#,#,#,#,#,0.0,#,"-6.689347798197123,3.05250880205312",#,#,#,"-1.3140829691474099,3.4721585244131723","-0.5358043871407504,2.229373145473857",#,#,#,0,0.0939932841461223,0.6231884057971014,1,95.63694916120487,9987,8681,0.21052631578947367,0.0009592973655318126,129,207
#,#,#,#,3.0,#,2.0,5.0,1.0,#,"-3.0391459761755457,3.05250880205312",#,#,#,"-1.4294219741724836,1.6988511764176162",#,#,#,"-2.1867815837217504,2.2318294845833173",1,0.0024299999999999994,0.3,1,78.52019200000001,9674,8688,0.3684210526315789,0.00078760577357697,3,10
#,2.0,#,#,3.0,4.0,4.0,#,1.0,#,"-3.0391459761755457,4.162986067723186",#,"-2.2487876699239115,0.6333028962267617",#,#,"-1.9528734645260215,2.6059032967073668","-2.0281499143460247,2.3138044698863385",#,"-1.928937169020006,1.7430488832089004",0,0.00012860082304526745,0.16666666666666666,1,87.6,9898,8698,0.5263157894736842,0.0008786818270304607,1,6
#,#,#,#,#,#,2.0,#,1.0,#,#,"-2.7246074258989674,2.6710895934596035",#,#,"-2.9552626456179705,-0.08351774948162172",#,#,#,#,1,0.03125,0.5,1,77.62366360226022,9986,8700,0.21052631578947367,0.0007786130428633777,48,96
#,0.0,#,#,#,3.0,0.0,#,#,#,#,#,"-1.0261979196506739,3.4468294858420023",#,#,#,#,#,"-3.786659237043167,3.496558925027852",0,0.07775999999999998,0.6,1,108.12053548438965,9916,8703,0.2631578947368421,0.001084515407065471,15,25
#,#,#,#,3.0,#,#,5.0,1.0,"-2.3937160455560154,3.8881002669377898",#,#,#,#,"-1.4294219741724836,1.6988511764176162",#,#,"0.17915044055150053,2.741012997354604",#,1,0.05889627844571949,0.5675675675675675,1,92.06059546023893,9951,8705,0.3157894736842105,0.0009234243403711744,21,37
#,#,#,#,#,#,#,#,#,"-2.1644114724616834,3.4481625916472387",#,"-1.8769023290169784,2.093595144786172",#,"-1.44004567411818,1.4086955347189223","-2.823374409588389,3.3780724994323705",#,#,#,#,1.0,0.03668638132857873,0.5162986330178759,1,95.9301513574026,9997,8730,0.21052631578947367,0.00096372500248113,491,951
#,0.0,#,#,#,1.0,#,#,#,#,#,"-1.786837837494272,3.776963683313096","-2.440837151079741,1.10635123802878",#,"-3.151498660084439,2.293465956433529",#,#,"-1.5263174024666384,0.5493556066578759",#,0.0,0.10564979349767295,0.6379310344827587,1,86.07809885829877,9981,8731,0.3157894736842105,0.0008634162234260112,37,58
#,#,#,#,#,#,#,#,0.0,"-4.1831277881681075,0.06397066189651257",#,#,#,"-3.199466763658253,2.064220065950628",#,"-1.7842224285365882,2.6496563392383514",#,#,"-0.2724015082363629,2.4743026693586794",0.0,0.21668253744980712,0.7364864864864865,1,97.59408086654061,9950,8732,0.2631578947368421,0.00097892859912295,109,148
#,2.0,#,#,#,#,4.0,#,#,"-1.7928023067834449,3.653016761795861","-1.624414080252095,3.05250880205312",#,#,"-4.452249034011964,1.9381413956308031",#,#,#,"-2.237184424581679,2.222833827008382","-3.8873072784686764,1.7430488832089004",1,0.1172625283295594,0.6513761467889908,1,101.27294296001007,9997,8743,0.3684210526315789,0.001015829846448097,71,109
#,#,#,#,#,#,2.0,#,#,#,#,#,#,#,"-2.820058160199381,2.151308493333823",#,#,#,"-0.051922971069528034,1.858827761170501",0.0,0.03398961265408045,0.5084745762711864,1,90.57025671729147,9942,8744,0.15789473684210525,0.0009084753270201773,60,118
0.0,#,"-1.3599999999999999,5.359999999999999",#,#,0.0,#,#,1.0,#,"-2.717625952821292,3.540923476865693",#,#,"-2.374576743884361,1.5535477558237587",#,"-2.9494352185124297,2.199170100085802","-3.53211992699167,-0.20859648672351905",#,#,0.0,0.07775999999999998,0.6,1,89.4,9447,8744,0.42105263157894735,0.0008967369330653333,3,5
#,#,#,#,3.0,2.0,3.0,#,1.0,#,"-1.2564544661274333,1.36926861743073",#,"-4.31234186262562,2.2869232389475953",#,#,"-1.1770287960306836,2.4450130142643376","-2.4288019336091806,2.803979653195993","-1.4209032577141394,2.507285996050619",#,1,0.2373046875,0.75,1,77.0,9667,8755,0.47368421052631576,0.0007723573137139895,3,4
#,#,#,0.0,2.0,#,0.0,#,#,"-4.1831277881681075,3.678456600719458","-1.8680722654152286,1.636715415209483",#,"-1.0261979196506739,1.1907948235421515",#,#,"-2.854518241649162,3.067084518890238",#,#,#,0.0,0.001903968584518355,0.2857142857142857,1,88.624,9544,8756,0.3684210526315789,0.0008889531762414104,2,7
1.0,0.0,#,#,#,#,#,0.0,#,"-2.6584964972637337,1.1692999646487285","-1.2564544661274333,1.12743994515438",#,#,"-1.9345400762067322,4.409695583478104","-3.151498660084439,-1.372616662625719",#,"-2.2509586501733296,2.2039770250797237",#,"-1.8103815680116435,2.1902527776159175",0.0,0.1,1.0,1,61.0,8766,8766,0.47368421052631576,0.0006118674822929007,0,0
#,#,#,2.0,#,#,#,5.0,#,#,#,"-0.365496246194124,2.093595144786172","-0.6033207900626162,1.3614925858507285","-1.8269848047374047,1.4086955347189223",#,#,#,#,"-0.94083034423867,1.9252957541213735",1.0,0.16643190334816385,0.6986301369863014,1,102.24959126537067,9975,8772,0.3157894736842105,0.0010256262290659103,51,73
#,#,"2.96,11.760000000000002",#,3.0,3.0,4.0,#,1.0,#,#,#,"0.6779127319865856,2.4635670213890237",#,#,"-1.9566372105315535,1.41560861284657",#,"-1.766136231093987,0.6249354885889091",#,1.0,0.1,1.0,1,94.0,8774,8774,0.42105263157894735,0.0009428777595988962,0,0
#,#,"-1.52,3.52",#,4.0,#,#,#,#,#,"-3.0391459761755457,3.05250880205312",#,#,#,"-2.9552626456179705,1.3587619881023896",#,#,"-1.4826460561060784,2.1316722626246625",#,1,0.0715918077410571,0.5901639344262295,1,93.28484900606838,9996,8775,0.2631578947368421,0.0009715258089587835,36,61
#,2.0,#,#,3.0,#,#,#,#,"-2.6584964972637337,-0.5609386624523252",#,#,#,#,#,"0.42411154364543036,2.199170100085802",#,#,#,0,0.16806999999999994,0.7,1,81.702784,9838,8777,0.21052631578947367,0.0008195291269246015,7,10
#,0.0,"-2.2502561959178857,13.83",0.0,#,0.0,#,#,#,"-2.6584964972637337,3.678456600719458",#,"-1.2383579026005642,1.7125517665757903",#,"-2.528854495286314,1.7578969535189004",#,#,"-1.2938758499336707,1.1861786457579755","-2.41101890342571,2.063847627185798",#,0.0,0.06504222973314074,0.5789473684210527,1,74.93917300300186,9825,8781,0.47368421052631576,0.0007516859526304732,11,19
#,0.0,#,#,#,0.0,#,#,#,#,#,"0.18148986938382072,2.9479676842366533","-1.0261979196506739,3.4468294858420023","-2.528854495286314,1.7578969535189004","-2.820058160199381,2.151308493333823","-0.8608307396461985,2.199170100085802",#,"-0.5123483838449141,0.9109085921568099",#,0.0,0.16806999999999994,0.7,1,109.1471384358486,9964,8781,0.42105263157894735,0.0010948128654789736,14,20
#,0.0,#,#,#,1.0,#,#,#,"-2.867424474914779,3.2714988387564383",#,"-1.786837837494272,3.776963683313096","-2.440837151079741,1.10635123802878",#,"-3.151498660084439,2.293465956433529",#,#,"-1.5263174024666384,0.5493556066578759",#,0.0,0.0726121990249135,0.5918367346938775,1,85.1762917303441,9981,8802,0.3684210526315789,0.0008543705438047749,29,49
#,#,#,2.0,#,0.0,0.0,#,#,"-3.5344442896581,1.911374778921206","-3.303781623402219,1.36926861743073","-1.786837837494272,1.9017992489761713",#,#,#,#,"-2.4288019336091806,2.803979653195993",#,"-2.280049386854451,0.2875219095930879",0.0,0.10979242280002384,0.6428571428571429,1,102.6190125056,9977,8808,0.42105263157894735,0.0010293317511013962,9,14
0.0,#,"4.41,9.59",#,#,#,4.0,0.0,#,#,#,#,#,"-4.452249034011964,3.2234901298751555",#,"-1.9528734645260215,2.6059032967073668",#,"-2.475962381986223,2.312520581798212","-3.686893080703646,1.7430488832089004",1,1.0,1.0,1,124.5,9816,8823,0.42105263157894735,0.0012488115007453465,2,2
#,#,"10.41,15.59",2.0,#,#,1.0,2.0,#,"-6.158177876670227,1.414529256689226","-1.7929407632892276,1.5449522658771646","-2.923146875222176,1.6261721980913708",#,"0.7326868843998415,3.7180615041780127",#,"-1.3695944386308598,3.2516313193317536",#,#,#,0,0.02373046875,0.75,1,78.75,8826,8826,0.47368421052631576,0.000789910889025671,0,0
#,#,#,0.0,2.0,3.0,2.0,#,1.0,#,"-1.1126654271317888,2.3921222534929227",#,"-2.494972699663805,2.0868123029347014",#,#,"-0.16515405871731748,2.003322997827175","-2.812191826741916,1.78417037788425",#,#,1.0,1.0,1.0,1,96.0,9874,8828,0.47368421052631576,0.0009629389885265323,1,1
#,#,"-1.52,3.52",2.0,#,#,#,#,#,"-2.4220595466245887,1.3405063553029315",#,#,#,#,"-2.9552626456179705,2.329234087847897","-2.7927599586390377,1.1415268353021057",#,"-1.4826460561060784,2.1316722626246625",#,1,0.048282842081079885,0.5454545454545454,1,102.46227069897935,9980,8833,0.3157894736842105,0.0010277595344688221,60,110
#,#,"1.6443671904711814,3.52",2.0,#,#,#,#,#,"-2.4220595466245887,1.3405063553029315",#,#,#,#,"-2.9552626456179705,2.329234087847897",#,#,"-1.4826460561060784,2.1316722626246625",#,1,0.05732997788687484,0.5645161290322581,1,103.70361670421724,9980,8833,0.2631578947368421,0.0010402109976635641,35,62
#,2.0,#,#,0.0,#,#,#,0.0,#,#,#,#,"-2.1716222492102615,2.390875925428913",#,"-3.400162588780277,3.221602337976076",#,"-0.3819591091346297,0.19923739616937453",#,0.0,0.401877572016461,0.8333333333333334,1,93.24,9942,8834,0.3157894736842105,0.0009352544926063944,5,6
1.0,#,"8.69,13.31",#,3.0,#,4.0,#,#,#,"-3.0391459761755457,1.636715415209483","-4.779488250815838,0.7181205214734472",#,#,#,"-1.4117156699130768,1.2735911894435767",#,"-1.567551354276216,0.6854945265323646","-3.686893080703646,1.139086628841476",1.0,0.0,0.0,1,79.5,8841,8841,0.47368421052631576,0.0007974338498735346,0,2
#,#,#,#,#,#,#,#,#,#,#,"-1.786837837494272,1.9017992489761713","-1.7116567851500508,3.461326282299876",#,"-3.151498660084439,2.293465956433529",#,#,"-0.7081568865880458,1.4551937169345748",#,0.0,0.0297781948907956,0.49519890260631,1,100.36538745972877,9981,8843,0.21052631578947367,0.0009850738897612802,361,729
#,#,#,#,#,#,#,#,#,"-6.833099791776645,0.06397066189651257",#,#,#,#,"-2.820058160199381,1.966183333361201",#,#,#,#,0,0.05815805415994946,0.5661375661375662,1,90.3943249881783,9981,8847,0.10526315789473684,0.000860054035452821,321,567
#,#,"0.8200000000000003,11.18",#,#,#,#,#,1.0,#,#,"-1.786837837494272,1.9017992489761713","-1.7116567851500508,3.461326282299876",#,#,#,#,"-1.7144685145690535,1.3597665535946704",#,0.0,0.024764701136984563,0.4772727272727273,1,100.37995174570653,9981,8850,0.2631578947368421,0.0010068725958578414,231,484
#,#,#,2.0,#,3.0,#,5.0,#,#,#,"-0.365496246194124,2.093595144786172","-0.6033207900626162,1.3614925858507285","-1.8269848047374047,1.4086955347189223",#,#,#,#,#,1.0,0.15359020233154297,0.6875,2,102.33028558848,9944,8851,0.3157894736842105,0.0020528712854208774,11,16
#,#,#,#,#,#,4.0,#,1.0,"-1.7823981573710213,3.8881002669377898",#,"-2.7246074258989674,0.7181205214734472","-3.2188163076892637,1.8063672435478075","-4.452249034011964,3.2234901298751555","-2.9552626456179705,-0.08351774948162172",#,"-1.9022443525197328,0.5727199115097414",#,#,1,0.06092699470458736,0.5714285714285714,1,86.2584486516023,9952,8862,0.42105263157894735,0.0008652252426712681,16,28
4.0,#,#,#,0.0,#,#,#,1.0,#,#,#,#,"-2.1716222492102615,1.2065648205387216",#,"-3.400162588780277,3.221602337976076",#,#,#,0.0,0.1615055828898457,0.6944444444444444,1,99.66770661457983,9921,8863,0.2631578947368421,0.000999728339543778,25,36
#,#,#,#,#,0.0,#,#,0.0,#,"-4.038481940789128,1.8028308602520582",#,"-1.7229309860683415,2.4154554678916","-2.374576743884361,1.5535477558237587","-2.820058160199381,2.151308493333823",#,#,#,"-0.051922971069528034,1.858827761170501",0.0,0.16529662857527172,0.6976744186046512,1,90.65274996174851,9942,8865,0.3684210526315789,0.0009093027849511954,30,43
3.0,0.0,#,2.0,#,0.0,#,#,#,"-4.1831277881681075,-0.5609386624523252",#,#,#,#,"-2.820058160199381,2.151308493333823",#,#,#,"-0.051922971069528034,1.858827761170501",0,0.13168724279835387,0.6666666666666666,1,115.66666666666667,9317,8866,0.3684210526315789,0.0011602077396482872,2,3
#,#,#,#,#,#,#,0.0,1.0,#,"-2.6894661371699033,2.740303407820647",#,#,"-1.782503661040057,1.59629622155743",#,"-0.16515405871731748,3.4359433139903635",#,"-1.9943038597862701,1.1868029820810662",#,1.0,0.06468680856411259,0.5783132530120482,1,97.0262293312195,9989,8868,0.3157894736842105,0.000973232699299457,48,83
#,#,#,#,1.0,0.0,#,4.0,0.0,#,"-4.038481940789128,1.8028308602520582",#,#,"-2.374576743884361,1.5535477558237587","-2.820058160199381,2.151308493333823",#,#,#,"-0.051922971069528034,1.858827761170501",0.0,0.28462802079628785,0.7777777777777778,1,84.59487999999999,9707,8870,0.42105263157894735,0.0008485386268929517,7,9
#,#,"6.359999999999999,13.64",#,#,0.0,0.0,3.0,#,#,"-2.05593579889708,1.36926861743073",#,"-1.0261979196506739,1.1907948235421515",#,"-3.151498660084439,2.293465956433529",#,"-0.9839984203322802,2.803979653195993","-3.7485091530689223,1.5609248586523157",#,0,0.0,0.0,1,98.0,8872,8872,0.47368421052631576,0.0009830002174541683,0,1
#,#,#,#,#,#,4.0,4.0,#,#,#,"-2.7246074258989674,0.7181205214734472",#,#,#,#,#,#,#,1.0,0.03125,0.5,1,84.23276303788278,9972,8876,0.15789473684210525,0.000844906371255145,10,20
#,#,#,#,0.0,#,#,2.0,0.0,#,#,#,"-1.3143122271119698,2.0111768876772684","0.49013287434346475,5.518132233969858","-3.151498660084439,2.293465956433529",#,#,#,#,0.0,1.0,1.0,1,87.0,9129,8878,0.3157894736842105,0.0008726634583521699,3,3
#,#,#,#,#,#,4.0,#,#,#,#,"-2.7246074258989674,0.7181205214734472",#,#,#,"-1.4117156699130768,1.2735911894435767",#,#,"-3.686893080703646,3.648094298020681",1.0,0.05032843750000002,0.55,1,94.41380655190787,9996,8882,0.21052631578947367,0.000985680981319201,66,120
#,#,#,2.0,3.0,#,4.0,#,#,"-2.1644114724616834,2.3533694385199855",#,#,#,#,#,#,"-2.0477889567812677,0.21503551318853686",#,"-3.686893080703646,1.8991289236507412",1.0,0.08825375108068294,0.6153846153846154,1,94.167133696,9532,8885,0.3157894736842105,0.0009445542132673851,8,13
#,#,#,#,0.0,#,#,#,#,#,#,#,#,"-0.8459890678039528,1.6680106120092437","-3.151498660084439,-1.372616662625719",#,"-3.2572933943439333,1.2134175721730678","-1.7310265181842615,1.4570691080596003",#,0.0,0.08825375108068294,0.6153846153846154,1,98.61039052800001,9730,8889,0.2631578947368421,0.000989122809512903,8,13
#,3.0,#,#,1.0,0.0,#,#,0.0,#,"-4.038481940789128,1.8028308602520582",#,"-1.7229309860683415,2.4154554678916","-2.374576743884361,1.5535477558237587","-2.820058160199381,2.151308493333823",#,#,#,"-0.051922971069528034,1.858827761170501",0.0,1.0,1.0,1,64.0,9265,8891,0.47368421052631576,0.0006419593256843549,1,1
1.0,0.0,"7.75,18.25",#,4.0,#,#,#,#,#,#,"-3.1748482541706045,0.944129825721391",#,#,#,#,"-2.3013784065369616,0.49050963404355574","-2.0684165151279297,1.973633296716966",#,1.0,0.06092699470458736,0.5714285714285714,1,98.00800000000001,9659,8893,0.3684210526315789,0.000983080462369879,4,7
#,#,#,#,4.0,#,2.0,#,1.0,"-3.4412507677773125,3.4481625916472387",#,#,#,"-1.8830717197453999,1.361375225556053","-1.4294219741724836,1.4423229219638651",#,#,"-0.5298697953477025,1.9331706862980589",#,1.0,0.012969053815113136,0.41935483870967744,1,99.65025490594977,9877,8893,0.3684210526315789,0.01334897729815614,13,31
#,#,#,#,#,#,4.0,#,#,"-1.1583659345792618,5.772676516339855","-1.623109479070182,2.298914830200329",#,"-2.3624697268905885,2.514914308133628","-2.6860738356311153,3.1275504239369014",#,"-1.4117156699130768,1.2735911894435767","0.5819344923720953,2.4911926389091184",#,#,1.0,0.19474494400297804,0.7209302325581395,2,99.29151209898353,9961,8897,0.3684210526315789,0.0019919097547888573,31,43
2.0,#,#,2.0,0.0,#,#,1.0,#,#,"-3.303781623402219,1.36926861743073",#,"-1.7611248691716965,3.559657714491084",#,#,#,#,#,#,0.0,1.0,1.0,1,139.0,9379,8908,0.3157894736842105,0.0013942554104707083,1,1
#,#,#,#,0.0,0.0,#,1.0,#,#,#,#,#,#,"-3.151498660084439,2.293465956433529",#,#,#,"-1.339359348613811,0.2875219095930879",0,1.0,1.0,1,114.0,9601,8908,0.2631578947368421,0.0011434900488752572,2,2
#,2.0,#,0.0,#,#,#,#,#,"-4.1831277881681075,3.678456600719458",#,#,#,#,#,"-1.1477367392317264,3.067084518890238",#,#,#,0.0,0.029247474920065634,0.4934210526315789,1,78.84279838646107,9976,8910,0.21052631578947367,0.0007908417138631264,75,152
3.0,#,#,#,#,#,0.0,#,#,#,"-1.2564544661274333,1.36926861743073","-1.7805506950845214,0.9859271197683114","-1.0261979196506739,1.1907948235421515",#,#,#,"-0.9839984203322802,2.803979653195993",#,"-1.6252779828378052,1.8976686797297486",0,0.05032843750000002,0.55,1,97.76365676528927,9598,8914,0.3684210526315789,0.0009806295495856535,11,20
#,#,#,#,#,#,#,2.0,0.0,#,"-1.8680722654152286,1.636715415209483",#,"-1.0261979196506739,3.4468294858420023",#,#,"-0.8608307396461985,2.199170100085802","-2.4288019336091806,2.803979653195993",#,#,0.0,0.14387251916983998,0.6785714285714286,1,100.52300345460318,9976,8919,0.3157894736842105,0.001008307492398174,76,112
0.0,#,#,#,#,#,2.0,1.0,#,#,#,"-4.027961284732154,1.5532328109488525",#,"-2.1716222492102615,3.2234901298751555","-1.4294219741724836,2.329234087847897",#,#,#,"-3.385822113070022,0.7939451137050426",1.0,0.13168724279835387,0.6666666666666666,1,91.72,9986,8922,0.3684210526315789,0.0009200079586213911,4,6
#,0.0,"0.8200000000000003,11.18",#,1.0,#,#,#,#,#,"-2.825518818280704,3.0157939827604827",#,"-2.440837151079741,3.461326282299876","-1.5655768482166323,0.7912978516082394",#,#,#,#,#,0,0.0715918077410571,0.5901639344262295,1,85.00634755020172,9967,8923,0.3157894736842105,0.0008526658992533971,36,61
#,0.0,#,#,#,#,#,0.0,#,#,"-3.303781623402219,1.636715415209483",#,"-1.0261979196506739,2.6695231707312943","-4.527384989328969,1.7578969535189004",#,#,#,"0.06658648966507874,3.1977518368688718",#,0.0,0.058106795522064596,0.5660377358490566,2,91.94491858403222,9981,8928,0.3157894736842105,0.0018445280604471323,30,53
#,0.0,#,#,#,1.0,#,0.0,#,#,#,#,"-1.0261979196506739,1.10635123802878",#,"-3.151498660084439,2.293465956433529",#,#,"-1.5263174024666384,2.1834554603887533",#,0.0,0.06754356352880661,0.5833333333333334,1,88.71143423999999,9981,8943,0.3157894736842105,0.0008898301953937873,7,12
#,#,#,#,0.0,#,#,#,#,#,"-3.7076092948359887,1.365404555998472","0.005485259745119375,3.5096904918920413",#,#,"-1.668476048920858,0.587894940900559",#,#,#,"-1.339359348613811,0.2875219095930879",0,0.13168724279835387,0.6666666666666666,1,110.47554898161201,9977,8951,0.2631578947368421,0.0011118378052524535,30,45
#,#,"6.359999999999999,13.64",#,0.0,#,#,#,#,"-2.6584964972637337,3.678456600719458","-2.05593579889708,0.3252316819016958",#,#,#,"-3.151498660084439,2.293465956433529","-3.400162588780277,3.221602337976076",#,"-2.41101890342571,1.5609248586523157",#,0.0,0.08082104508786613,0.6046511627906976,1,96.46946847031052,9959,8951,0.3684210526315789,0.0009676480457551356,26,43
#,#,#,#,3.0,4.0,#,#,#,#,"0.2865831380952357,2.3921222534929227",#,#,"-2.1654763891275315,2.0768980705572377","-0.3953970246502907,2.329234087847897","-1.4912597595560824,2.229373145473857",#,#,#,1.0,0.13168724279835387,0.6666666666666666,1,107.91798853632,9678,8961,0.3157894736842105,0.0010824837367185613,10,15
#,#,#,#,#,#,4.0,#,#,"-1.1583659345792618,5.772676516339855","-1.623109479070182,2.298914830200329",#,#,"-2.6860738356311153,3.1275504239369014","-1.2356348858499793,2.5249834305190495","-1.4117156699130768,1.2735911894435767","-1.0166966290996757,2.4911926389091184",#,#,1.0,0.06372135114448194,0.5765765765765766,1,93.93625876141917,9988,8968,0.3684210526315789,0.0009422383958092457,64,111
#,#,#,#,#,#,4.0,#,#,#,#,#,"-2.3624697268905885,2.514914308133628",#,#,"-1.4117156699130768,1.2735911894435767",#,#,#,1.0,0.08015981989651712,0.6036585365853658,1,93.75124264235225,9996,8968,0.15789473684210525,0.0009773735774012107,99,164
#,#,"4.41,9.59",#,4.0,#,4.0,0.0,#,#,#,#,#,"-2.270156951634249,3.2234901298751555",#,#,#,"-2.475962381986223,2.1316722626246625","-3.686893080703646,2.4052342536894304",1.0,0.13168724279835387,0.6666666666666666,1,104.33333333333333,9909,8969,0.3684210526315789,0.0010465274423916828,2,3
#,#,#,#,1.0,#,0.0,#,#,"-4.080319898214707,-0.31775399628718737",#,#,"-1.7116567851500508,1.10635123802878",#,#,#,#,#,#,0,0.2097427655167115,0.7317073170731707,1,94.29638599997033,9916,8970,0.21052631578947367,0.0009458506932970718,30,41
#,#,#,#,#,#,#,#,#,"-6.158177876670227,3.678456600719458",#,#,#,"-1.4375386419730005,2.412023367740957",#,"-0.5358043871407504,3.067084518890238","-2.245003546424382,2.5634984522614532",#,"-0.36246808594052626,2.5036580124195176",0.0,0.03780792010796976,0.5194174757281553,1,96.3425844195408,9981,8973,0.2631578947368421,0.0010098645152899148,214,412
#,#,#,2.0,#,#,4.0,0.0,#,#,#,#,#,"-2.270156951634249,3.2234901298751555",#,#,#,#,"-1.4492874760158008,1.0585728600492377",1,0.19649623617673456,0.7222222222222222,1,98.08014874116095,9961,8980,0.2631578947368421,0.0009838041585765143,13,18
#,#,#,#,#,#,#,#,#,"-4.1831277881681075,-0.5609386624523252",#,#,#,#,"-2.4797402203244636,1.6988511764176162","-1.1477367392317264,2.199170100085802","-2.2794273396820195,2.803979653195993",#,#,0,0.06504222973314074,0.5789473684210527,1,97.39031175784302,9981,8983,0.21052631578947367,0.0009768846697539688,165,285
#,#,#,#,#,0.0,#,#,1.0,#,"-3.0391459761755457,3.05250880205312",#,#,"-4.527384989328969,1.7578969535189004",#,#,"-2.4288019336091806,1.0440961005861311",#,#,0,0.0478857813921108,0.5445544554455446,1,104.62985310460817,9977,8983,0.2631578947368421,0.0010385429032337583,55,101
1.0,0.0,"2.1999999999999997,7.800000000000001",#,4.0,#,2.0,#,1.0,"-3.4412507677773125,3.4481625916472387",#,#,#,"-1.8830717197453999,1.361375225556053","-1.4294219741724836,1.4423229219638651",#,#,"-0.5298697953477025,1.9331706862980589",#,0,1.0,1.0,1,91.0,9605,8984,0.5263157894736842,0.0009127859162074421,1,1
#,#,#,2.0,#,4.0,#,#,#,#,#,"-4.027961284732154,-0.1857498677115379",#,#,"-2.5462778383055062,2.2511455003527945","-0.5358043871407504,2.229373145473857",#,#,#,1.0,0.04924846832877054,0.5476190476190477,1,93.08370586223066,9980,8986,0.2631578947368421,0.0009336867663674754,23,42
#,#,#,#,#,#,#,#,1.0,#,"-0.3341676756567402,1.36926861743073",#,#,"-2.270156951634249,2.6039264701049643","-0.3953970246502907,1.4507246942945051",#,"-2.4288019336091806,2.803979653195993","-1.4209032577141394,1.3189027408650174",#,1,0.09486390884022088,0.6243386243386243,1,101.68345278217542,9997,8988,0.3157894736842105,0.0010016001461207683,118,189
#,0.0,#,#,#,0.0,#,#,#,#,"-3.0391459761755457,3.05250880205312",#,#,"-4.527384989328969,1.7578969535189004",#,#,"-2.4288019336091806,1.1861786457579755",#,#,0.0,0.08988803537961923,0.6176470588235294,1,105.14345689989578,9964,8993,0.2631578947368421,0.0010546534795559238,42,68
#,2.0,"9.219999999999999,16.78",#,#,#,#,#,1.0,"-1.2111666790955595,1.8489955965994165",#,"-0.40277464526576634,3.622382406135748","-0.8715720251613226,2.278769776088057","-3.069366394948335,3.392756959804105","-1.4294219741724836,3.898604577917996",#,#,"-1.4088388266222012,0.07134842841959166",#,1.0,0.10049355861780968,0.631578947368421,1,86.4889034701865,9922,8995,0.47368421052631576,0.0008110868134957274,12,19
#,#,#,#,#,#,1.0,5.0,1.0,"-2.1116000896400786,3.1107217252241814","-2.237862922295824,2.4864154743168405","-0.25068653465821744,2.6710895934596035",#,"-1.8830717197453999,2.336827164953202",#,#,#,"-2.063537035582994,0.7260466373803846",#,1,0.07042962777237427,0.5882352941176471,1,101.07735315151584,9975,8995,0.42105263157894735,0.0010138679604860391,20,34
#,1.0,#,#,4.0,#,#,2.0,#,#,"-1.8680722654152286,1.636715415209483",#,"-1.0261979196506739,3.4468294858420023",#,#,"-0.8608307396461985,2.199170100085802","-2.4288019336091806,2.803979653195993",#,#,0.0,1.0,1.0,1,105.0,9279,9003,0.3684210526315789,0.0010532145187008948,1,1
#,0.0,#,#,#,#,1.0,#,#,#,"-1.8680722654152286,1.36926861743073","-1.9188105749603561,1.5239173724120583","-1.0261979196506739,3.4468294858420023","-2.528854495286314,1.7578969535189004",#,#,"-2.4288019336091806,2.803979653195993",#,#,0.0,0.11235755559348279,0.6458333333333334,1,96.7033776791123,9981,9006,0.3684210526315789,0.0009699942988481629,31,48
#,#,"-2.31,9.25",1.0,0.0,#,#,#,#,"-4.203973618305193,0.5487412051822003",#,#,"-2.858448607850331,0.2453412326196247","-4.452249034011964,1.1140944485392188",#,#,#,#,#,1.0,0.014458261438686257,0.42857142857142855,1,109.656,9451,9007,0.3157894736842105,0.0010999170596444317,3,7
#,#,"6.359999999999999,16.31",2.0,0.0,#,0.0,#,0.0,#,"-1.2564544661274333,1.36926861743073","-2.0944095104713116,0.3032045957344769","-1.3143122271119698,2.0111768876772684",#,"-3.151498660084439,2.293465956433529","-3.400162588780277,3.221602337976076",#,#,"0.5476030264427361,3.4734400851852807",0.0,0.03125,0.5,1,105.5,9633,9015,0.5789473684210527,0.0010582298259328036,1,2
#,#,#,#,0.0,#,#,#,#,#,#,#,"-1.3143122271119698,1.1907948235421515","0.49013287434346475,5.518132233969858","-3.151498660084439,2.293465956433529","-3.400162588780277,3.221602337976076",#,#,#,0.0,0.08988803537961923,0.6176470588235294,1,91.58819765248823,9942,9015,0.2631578947368421,0.0009186859000880744,21,34
#,2.0,#,2.0,#,#,#,5.0,#,#,#,"-0.365496246194124,2.093595144786172","-0.6033207900626162,1.3614925858507285","-1.8269848047374047,1.4086955347189223",#,#,#,#,"-0.94083034423867,1.9252957541213735",1.0,0.2084017036410597,0.7307692307692307,1,99.21926783074304,9944,9017,0.3684210526315789,0.0009952302229924875,19,26
#,#,#,#,0.0,#,#,#,#,#,"-2.619821432198891,1.36926861743073",#,#,#,#,#,#,"0.06658648966507874,3.1977518368688718",#,0,0.0763614753690003,0.5978260869565217,2,88.17871104736159,9959,9024,0.15789473684210525,0.0017689733088649944,55,92
#,2.0,#,1.0,4.0,#,#,#,#,#,#,#,#,#,#,#,"-3.0423587078240875,1.2693093149609518","-0.8200028603289433,1.9695808126344354",#,1.0,0.04526613752481193,0.5384615384615384,1,101.597718016,9997,9026,0.2631578947368421,0.0010190875398221968,7,13
4.0,0.0,#,#,#,#,#,#,0.0,"-4.553763259574627,-0.5609386624523252","-3.3787156442202497,3.05250880205312",#,#,#,"-2.820058160199381,1.966183333361201",#,#,#,"-1.1281622440164576,2.000751241002046",0,0.095367431640625,0.625,1,101.6096,9916,9028,0.3684210526315789,0.001019206723422766,5,8
#,#,#,#,0.0,#,#,#,#,#,"-2.619821432198891,1.36926861743073",#,#,"-1.6895395248795158,3.259897344752715",#,#,#,"0.06658648966507874,3.1977518368688718",#,0,0.07628171615790688,0.5977011494252874,1,89.68673041787416,9921,9032,0.21052631578947367,0.0008996130153420784,52,87
#,#,#,#,#,4.0,#,#,#,#,#,#,#,#,"-0.3953970246502907,2.329234087847897",#,#,#,#,1.0,0.039158658202551634,0.5230769230769231,1,90.64122028723557,9980,9034,0.10526315789473684,0.0009091871352312627,68,130
#,#,#,#,3.0,4.0,#,#,#,#,"0.2865831380952357,2.3921222534929227","-0.40277464526576634,2.6710895934596035",#,"-3.2647329544691015,1.3704539551864796","-0.3953970246502907,2.329234087847897","-1.4912597595560824,2.229373145473857",#,#,#,1.0,0.2373046875,0.75,1,107.1232,9577,9034,0.3684210526315789,0.0010745115193304732,6,8
#,#,#,2.0,#,#,#,1.0,#,#,"-1.2564544661274333,2.6655698431430777",#,#,"-5.205327934708705,0.21548387488850107","1.425834773223193,3.3403313706474256","-0.5358043871407504,2.229373145473857","-0.8372671037370676,1.2134175721730678",#,#,0,1.0,1.0,1,64.5,9741,9037,0.3684210526315789,0.0006469746329162639,2,2
#,#,#,2.0,1.0,1.0,2.0,5.0,#,#,#,"-0.365496246194124,2.093595144786172","-0.6033207900626162,1.3614925858507285","-1.8269848047374047,1.4086955347189223",#,#,"-3.235705312451096,1.5020834215481833",#,#,1.0,0.0,0.0,1,91.0,9040,9040,0.47368421052631576,0.0009127859162074421,0,1
#,#,"-1.1099999999999994,9.11",1.0,#,#,#,#,1.0,#,#,#,"-2.116128903427073,-0.9173672096777548",#,#,#,"-1.4688922034614509,3.6224628539706094",#,"-1.2247827651138625,3.253539263573706",1.0,0.20346349914002398,0.7272727272727273,1,79.8312832,9997,9053,0.3157894736842105,0.0008007568239310745,8,11
#,#,#,#,#,#,3.0,#,#,#,#,#,"0.2453412326196247,0.45969840051141064","-1.782503661040057,1.59629622155743","-2.5462778383055062,2.329234087847897",#,#,"-1.0864753800348068,0.4002525156679132",#,1,0.07775999999999998,0.6,1,92.8,9906,9057,0.2631578947368421,0.0009308410222423145,3,5
#,0.0,#,#,0.0,#,#,#,#,#,#,#,"-1.3143122271119698,1.1907948235421515","0.49013287434346475,5.518132233969858","-3.151498660084439,2.293465956433529","-3.400162588780277,3.221602337976076",#,#,#,0.0,0.2373046875,0.75,1,92.57165056,9921,9061,0.3157894736842105,0.0009285505370466458,9,12
#,#,"0.8200000000000003,11.18",#,1.0,3.0,0.0,2.0,0.0,#,#,#,"-4.31234186262562,3.461326282299876","-1.5655768482166323,0.7912978516082394",#,#,"-2.4288019336091806,3.0084422803512423",#,#,0,1.0,1.0,1,114.0,9916,9062,0.47368421052631576,0.0011434900488752572,1,1
#,0.0,#,#,#,#,#,#,0.0,#,"-2.825518818280704,3.0157939827604827","-4.074790035732754,-0.7550166579093547","-2.440837151079741,3.4468294858420023",#,#,"-0.8608307396461985,2.0997972668354894",#,#,#,0.0,0.10595390899440861,0.6382978723404256,1,107.42935477255222,9950,9062,0.3157894736842105,0.0010775824398202023,30,47
#,#,#,#,0.0,#,#,#,#,#,#,#,#,"-1.6895395248795158,5.518132233969858","-3.151498660084439,2.293465956433529","-3.400162588780277,3.221602337976076",#,"0.06658648966507874,3.1977518368688718",#,0.0,0.06327006860516261,0.5757575757575758,1,89.27438795518167,9921,9066,0.2631578947368421,0.0008954769670717487,57,99
#,2.0,#,0.0,#,#,4.0,2.0,#,"-1.7823981573710213,3.8881002669377898",#,"-1.3488830789957142,0.7413446033375372",#,"-4.452249034011964,3.2234901298751555","-2.9552626456179705,-0.08351774948162172","-3.0687346514879064,0.6782051522655637","-2.0169610998896665,-0.03698968866608732",#,#,1.0,0.13168724279835387,0.6666666666666666,1,69.0,9835,9067,0.5263157894736842,0.0006921123980034451,2,3
#,2.0,#,0.0,#,#,4.0,2.0,#,"-1.7823981573710213,3.8881002669377898",#,"-1.3488830789957142,0.7413446033375372",#,"-4.452249034011964,3.2234901298751555","-2.9552626456179705,-0.08351774948162172",#,#,#,#,1.0,0.07775999999999998,0.6,1,69.6,9835,9067,0.42105263157894735,0.0006981307666817358,3,5
#,#,#,#,#,0.0,#,3.0,1.0,#,#,#,#,#,"-3.151498660084439,2.151308493333823","-2.7404445754259514,1.9432301792658866","-2.4288019336091806,1.0440961005861311",#,#,0,0.14995078952820548,0.6842105263157895,1,85.0865495866409,9977,9072,0.3157894736842105,0.0008534703749601315,13,19
#,#,"0.4500000000000002,13.64",#,#,0.0,0.0,#,1.0,"-4.1831277881681075,3.678456600719458","-3.0391459761755457,3.05250880205312",#,#,"-4.527384989328969,1.7578969535189004",#,"-3.400162588780277,3.221602337976076",#,#,#,0,0.040386107340619246,0.5263157894736842,1,101.17368355936667,9960,9072,0.42105263157894735,0.0009952085229463748,10,19
#,#,#,#,#,2.0,#,#,1.0,#,"-1.7962882281957364,2.209183406803934",#,"-2.647296022493727,2.377887528743344",#,"-1.8163398491641112,2.0807440635836048",#,#,#,#,1.0,0.032520160641024004,0.504,1,83.16936813082096,9989,9077,0.2631578947368421,0.0008342398669196203,63,125
#,0.0,#,#,#,1.0,#,0.0,#,#,#,#,#,"-4.527384989328969,1.7578969535189004",#,#,#,"-1.5263174024666384,3.1977518368688718",#,0.0,0.013233719653374115,0.42105263157894735,1,86.1155226222592,9981,9078,0.2631578947368421,0.0008637916067740833,8,19
#,0.0,#,#,#,#,#,#,0.0,#,"-2.825518818280704,3.0157939827604827","-4.074790035732754,-0.7550166579093547","-2.440837151079741,3.4468294858420023",#,"-1.7077533766898345,2.8733634814324374","-0.8608307396461985,2.0997972668354894",#,#,#,0.0,0.1111545949973751,0.6444444444444445,1,107.51070757682858,9950,9083,0.3684210526315789,0.001078398458435449,29,45
#,#,"11.41,16.59",#,#,#,0.0,#,#,#,"-1.2564544661274333,1.36926861743073",#,"-4.31234186262562,1.1907948235421515",#,#,"-1.1477367392317264,1.2877741332080295",#,"-1.4209032577141394,0.025846260118508546",#,0.0,0.18593443208187066,0.7142857142857143,1,100.128,9829,9086,0.3157894736842105,0.0010043453650331732,5,7
#,0.0,#,#,#,#,#,#,1.0,#,"-2.6894661371699033,2.209183406803934",#,"-2.647296022493727,2.377887528743344",#,"-1.8163398491641112,2.0807440635836048",#,#,"-1.9943038597862701,1.1868029820810662",#,1.0,0.03269651684675971,0.5045454545454545,1,87.91063869531466,9931,9089,0.3157894736842105,0.0008817977240207055,111,220
#,#,#,2.0,#,#,#,2.0,0.0,"-2.4683763567161563,2.2843384667712376","-1.8680722654152286,1.636715415209483",#,"-1.0261979196506739,3.4468294858420023",#,#,"-0.8608307396461985,2.199170100085802","-2.4288019336091806,2.803979653195993",#,#,0.0,0.1043582467665522,0.6363636363636364,1,112.71648600512859,9950,9091,0.42105263157894735,0.0011306156148337871,28,44
#,#,#,#,3.0,#,#,2.0,0.0,#,"-1.8680722654152286,1.636715415209483",#,"-3.4192369864425984,3.4468294858420023","-5.497518846511378,0.3946679030508027",#,"-0.8608307396461985,2.199170100085802","-2.4288019336091806,2.803979653195993",#,#,0.0,0.10979242280002384,0.6428571428571429,1,90.0536035328,9652,9091,0.42105263157894735,0.0009032929781150395,9,14
#,#,#,2.0,#,#,#,2.0,0.0,"-2.4683763567161563,2.2843384667712376","-1.8680722654152286,1.636715415209483",#,"-4.31234186262562,3.4468294858420023",#,#,"-0.8608307396461985,2.199170100085802","-2.4288019336091806,3.0084422803512423",#,#,0.0,0.0932669098545276,0.6222222222222222,1,112.96650784343348,9950,9092,0.42105263157894735,0.0011331234875013585,28,45
#,#,#,#,4.0,#,#,#,#,#,"-0.3341676756567402,3.05250880205312","-2.767795828240848,-0.1857498677115379","-3.4775323247471297,-1.1127400653414492","-2.132688393987853,0.9312487157844807",#,#,"-3.6259088772512156,0.9704533273749505",#,"-3.686893080703646,1.139086628841476",1.0,1.0,1.0,1,93.33333333333333,9980,9095,0.3684210526315789,0.0009361906832896841,3,3
#,#,#,#,#,#,#,#,#,#,"-0.3341676756567402,3.05250880205312","-2.767795828240848,-0.1857498677115379",#,"-2.132688393987853,0.9312487157844807","-1.2151831690729393,1.6565617270634094",#,"-3.6259088772512156,0.9704533273749505",#,"-3.686893080703646,1.139086628841476",1.0,0.021507498573824006,0.464,1,82.92781579069592,9980,9095,0.3157894736842105,0.0008318169485229929,58,125
#,2.0,#,#,#,#,4.0,2.0,#,"-1.7928023067834449,3.8881002669377898","-1.8452213847763186,3.05250880205312","-1.9409446624414453,0.5181467285388507",#,#,"-2.9552626456179705,-0.08351774948162172","-1.9528734645260215,2.6059032967073668","-2.0169610998896665,-0.03698968866608732",#,#,1.0,0.0003200000000000001,0.2,1,75.6,9835,9102,0.47368421052631576,0.0007583144534646441,1,5
0.0,2.0,#,2.0,#,#,#,5.0,#,#,#,"-4.027961284732154,2.093595144786172","-0.6033207900626162,2.0868123029347014","-1.8269848047374047,1.4086955347189223",#,#,#,#,"-0.94083034423867,1.9252957541213735",1.0,0.07775999999999998,0.6,1,99.6,9944,9107,0.42105263157894735,0.0009990492005962771,3,5
#,2.0,"10.36,17.64",#,#,#,0.0,3.0,1.0,#,#,"-1.786837837494272,1.9017992489761713","1.2942222368739495,3.95461352870534",#,"-3.151498660084439,2.293465956433529",#,#,"-2.152265471927648,1.5609248586523157","-2.280049386854451,0.8067787719372816",0.0,0.0,0.0,1,94.0,9112,9112,0.5263157894736842,0.0009428777595988962,0,1
#,#,#,#,#,#,0.0,#,#,#,#,#,#,#,"-3.151498660084439,2.293465956433529",#,#,#,#,0,0.12972764618429167,0.6646706586826348,1,93.10705210922416,9977,9112,0.10526315789473684,0.0008940669353237636,111,167
#,0.0,#,#,3.0,4.0,#,#,#,#,"0.2865831380952357,2.3921222534929227",#,#,#,"-0.3953970246502907,2.329234087847897","-1.4912597595560824,2.229373145473857",#,#,#,1.0,0.03125,0.5,1,94.0,9367,9116,0.3157894736842105,0.0009428777595988962,1,2
#,2.0,#,#,0.0,#,#,1.0,#,#,"-3.7076092948359887,1.365404555998472","0.005485259745119375,3.5096904918920413",#,#,"-1.668476048920858,0.587894940900559",#,#,#,"-1.339359348613811,0.2875219095930879",0,1.0,1.0,1,113.5,9696,9117,0.3684210526315789,0.001138474741643348,2,2
#,0.0,#,#,#,0.0,2.0,#,0.0,#,#,#,"-1.7229309860683415,2.4154554678916","-2.374576743884361,1.5535477558237587","-2.820058160199381,2.151308493333823",#,"-2.4288019336091806,2.803979653195993",#,#,0.0,0.0009765625,0.25,1,88.25,9809,9127,0.42105263157894735,0.0008852017264319424,1,4
#,#,#,#,0.0,0.0,#,1.0,#,"-1.0921701356980025,2.4723659819175428",#,#,#,#,"-3.151498660084439,2.293465956433529",#,#,#,"-1.339359348613811,0.2875219095930879",0,0.1,1.0,1,124.0,9140,9140,0.3157894736842105,0.0012437961935134376,0,0
#,0.0,#,2.0,#,#,#,#,0.0,#,#,"-2.0587818670988005,-0.33741789341259343",#,"-2.528854495286314,-0.3635730196383613","-3.151498660084439,2.293465956433529",#,#,#,#,0.0,0.2373046875,0.75,1,106.31014655999999,9633,9145,0.3157894736842105,0.001066356093735352,9,12
#,0.0,#,2.0,#,#,#,#,0.0,#,"-3.3787156442202497,1.12743994515438",#,"0.230831153219186,2.562502797504015",#,#,"-2.5414665876524785,2.199170100085802",#,#,"-1.1281622440164576,2.000751241002046",0.0,0.13168724279835387,0.6666666666666666,2,114.83877888,9950,9145,0.3684210526315789,0.0023038070328818606,8,12
#,#,"-1.52,3.52",2.0,2.0,2.0,#,#,#,"-2.4220595466245887,0.06397066189651257",#,#,#,#,#,"-3.400162588780277,2.229373145473857","-1.3644639291996739,1.6054931876356946","-1.4826460561060784,2.1316722626246625",#,1,0.03125,0.5,1,73.0,9198,9149,0.42105263157894735,0.0007322348558587172,1,2
#,0.0,"-1.52,3.52",2.0,2.0,2.0,#,#,#,"-2.4220595466245887,0.06397066189651257",#,#,#,#,#,"-3.400162588780277,2.229373145473857","-1.718030252632456,1.9590595110684768","-1.4826460561060784,2.1316722626246625","-1.6769108139338211,2.3834344920762414",1,0.1,1.0,1,73.0,9149,9149,0.5263157894736842,0.0007322348558587172,0,0
#,#,"9.219999999999999,16.78",#,#,#,1.0,#,1.0,"-2.1116000896400786,1.8489955965994165",#,"-0.40277464526576634,2.6710895934596035","-0.8715720251613226,2.278769776088057","0.18027830668786704,2.336827164953202","-1.4294219741724836,3.898604577917996",#,#,#,#,1,0.05292214940134466,0.5555555555555556,1,95.68768,9864,9152,0.42105263157894735,0.0009598062270171927,5,9
#,#,#,#,#,#,0.0,#,#,#,"-1.2564544661274333,1.36926861743073",#,#,#,#,#,#,#,#,0,0.13168724279835387,0.6666666666666666,2,101.6029186893139,9977,9157,0.10526315789473684,0.002001180776149818,78,117
1.0,#,#,#,#,4.0,3.0,#,0.0,#,#,#,#,"-1.9853633453486283,1.2187726187039962",#,#,"-1.3645284514535891,2.1004215181876744",#,#,1.0,0.009553811121668799,0.6251596424010217,1,86.69681103274694,9159,9159,0.3157894736842105,0.0008696222867119712,0,0
#,#,#,#,0.0,#,#,#,#,#,"-1.9547070498132337,1.36926861743073",#,#,#,#,#,#,"0.06658648966507874,3.1977518368688718",#,1,0.015434826001126169,0.4342105263157895,1,88.17870383452312,9907,9160,0.15789473684210525,0.009925213226096569,33,76
#,#,#,#,#,#,0.0,#,#,#,#,#,"-4.31234186262562,1.1907948235421515",#,#,#,"-2.173535773403202,2.634966225282633",#,#,0,0.13168724279835387,0.6666666666666666,1,96.10669446575737,9977,9164,0.15789473684210525,0.0009316772553334177,88,132
#,0.0,#,#,1.0,2.0,#,#,0.0,#,"-3.4877246493438876,1.1018782657599018",#,"-2.440837151079741,2.0182759549852545","-2.528854495286314,1.7578969535189004",#,"-4.59828008678535,2.6496563392383514","-4.117235494004234,4.764340584417004",#,"-3.786659237043167,3.496558925027852",0,0.0009765625,0.25,1,84.5,9896,9167,0.5263157894736842,0.0008475869221926248,1,4
#,#,#,#,0.0,#,#,#,0.0,#,"-3.303781623402219,1.36926861743073",#,"-1.0411702061667256,0.8063237464939623",#,"-3.151498660084439,2.293465956433529",#,#,"-0.3819591091346297,0.19923739616937453",#,0.0,0.401877572016461,0.8333333333333334,2,113.08,9942,9170,0.3157894736842105,0.002268523767137089,5,6
#,#,"6.359999999999999,16.56347588988982",0.0,0.0,#,#,#,#,#,"-3.7076092948359887,1.365404555998472",#,#,#,"-1.668476048920858,2.293465956433529",#,#,#,"-1.339359348613811,0.2875219095930879",0,0.3666478320532007,0.8181818181818182,1,95.6452608,9976,9173,0.3157894736842105,0.0009593807363761291,9,11
#,#,#,#,#,#,#,2.0,0.0,"-4.1831277881681075,0.06397066189651257",#,"-3.186644170388136,0.8093793399548452",#,#,#,#,"-2.4288019336091806,2.803979653195993",#,#,0,0.18593443208187066,0.7142857142857143,1,98.24321491591134,9950,9178,0.2631578947368421,0.0009854398125075249,55,77
0.0,#,#,#,4.0,#,3.0,#,#,#,"-0.3341676756567402,3.05250880205312","-4.027961284732154,1.5532328109488525",#,"-2.132688393987853,3.2234901298751555","-2.9552626456179705,2.329234087847897",#,#,"-0.5298697953477025,2.1316722626246625","-3.385822113070022,2.2318294845833173",1,0.2373046875,0.75,1,78.5,9760,9181,0.47368421052631576,0.0007874032354097166,3,4
#,#,#,2.0,#,0.0,#,#,#,#,"-3.0391459761755457,3.05250880205312",#,#,#,#,#,"-2.4288019336091806,1.0440961005861311",#,#,0,0.036817323816872444,0.5166666666666667,1,106.35087655724416,9977,9188,0.21052631578947367,0.0010667646406348208,31,60
#,#,#,#,#,1.0,#,#,1.0,"-1.1583659345792618,5.772676516339855",#,#,"-2.3624697268905885,2.514914308133628","-1.8269848047374047,3.1275504239369014",#,#,#,#,#,1.0,0.03125,0.5,1,86.7798905952121,9993,9191,0.2631578947368421,0.000870455625772882,43,86
#,#,#,2.0,#,#,#,#,#,"-3.670719695965005,2.666233402018187","-4.758718345890589,2.298914830200329",#,#,"-2.6860738356311153,-1.0088755462336354",#,"-1.4117156699130768,1.2735911894435767","1.239563015368958,2.4911926389091184",#,#,1.0,0.07775999999999998,0.6,1,73.6,9820,9191,0.3157894736842105,0.000738253224537008,3,5
#,#,"1.6443671904711814,3.52",2.0,#,#,#,#,0.0,"-2.4220595466245887,1.3405063553029315",#,#,#,"-2.012691290059003,3.800932969509014","-2.9552626456179705,2.329234087847897",#,#,"-1.4826460561060784,2.1316722626246625",#,1,1.6935087808430282e-05,0.1111111111111111,1,108.90688,9479,9192,0.3684210526315789,0.0010924029257372962,1,9
#,#,"-1.52,3.52",#,4.0,#,#,#,#,"-3.4412507677773125,1.2124491635540937","-3.0391459761755457,3.05250880205312",#,#,"-3.0854013924438846,0.30574498367344605",#,#,#,#,"-1.3728003214140467,0.3323739667518246",1,0.08825375108068294,0.6153846153846154,1,90.360587264,9980,9194,0.3157894736842105,0.0009063722135693711,8,13
#,#,"-1.52,3.52",2.0,#,2.0,#,#,#,"-2.4220595466245887,0.06397066189651257","-1.9566650163130457,0.37986010410342874",#,#,#,#,"-3.400162588780277,2.229373145473857",#,"-1.4826460561060784,2.1316722626246625",#,1,0.004115226337448558,0.3333333333333333,1,76.0,9198,9198,0.3684210526315789,0.0007623266992501715,1,3
#,#,"-1.52,3.52",2.0,2.0,2.0,#,#,#,"-2.4220595466245887,0.06397066189651257",#,#,#,#,"-1.5972360320450179,0.5907600792969623","-3.400162588780277,2.229373145473857",#,"-1.4826460561060784,2.1316722626246625",#,1,0.1,1.0,1,73.0,9198,9198,0.42105263157894735,0.0007322348558587172,0,0
#,2.0,#,#,#,4.0,#,#,1.0,#,#,#,#,#,#,#,#,#,"-1.6527469837413786,1.7507777580611736",1.0,0.09895227559841319,0.6296296296296297,1,80.11731873970345,9922,9199,0.21052631578947367,0.0008036259361527899,34,54
#,#,#,2.0,#,#,#,#,#,#,"-1.5878774414114463,-1.1126654271317888","-4.027961284732154,1.1354846249338837","-2.494972699663805,2.0868123029347014",#,#,"-2.865397091221069,0.9439917092616255",#,#,#,1.0,0.11602906250000002,0.65,1,81.57199643105034,9989,9199,0.2631578947368421,0.0008182172472438074,13,20
#,2.0,#,#,#,#,4.0,#,1.0,#,"-1.7962882281957364,2.740303407820647",#,#,"-1.782503661040057,1.59629622155743",#,"-0.16515405871731748,1.3973219740146952",#,"0.14803027867840313,1.571287254680127",#,1.0,0.3666478320532007,0.8181818181818182,1,115.0262528,9988,9206,0.3684210526315789,0.001153783995054471,9,11
#,#,#,#,#,#,#,#,#,#,#,#,#,"-2.215079029157972,3.44142025042172","-0.7366959289162589,2.955547508973333",#,#,#,#,1,0.0383645659901696,0.5209380234505863,1,96.0924515260106,9997,9215,0.10526315789473684,0.0009314986735366287,311,597
#,#,#,#,4.0,#,#,#,#,#,#,#,#,"-2.215079029157972,3.44142025042172",#,#,#,#,#,1,0.07277707679309771,0.5921052631578947,1,99.7998006257101,9997,9216,0.10526315789473684,0.0010532120188925997,90,152
#,#,#,#,#,#,#,#,#,"2.237022067784399,7.356289586877082",#,"-2.929297675156666,0.5749075569902558","-2.3624697268905885,2.514914308133628",#,#,"-3.714590503469175,1.2735911894435767",#,#,#,1.0,0.13168724279835387,0.6666666666666666,1,92.43263883397466,9996,9219,0.21052631578947367,0.0009271561640169358,18,27
#,#,#,#,4.0,#,#,#,#,#,#,#,#,#,"-1.4294219741724836,1.4423229219638651",#,"-3.6259088772512156,0.9704533273749505",#,#,1.0,0.05524294682255792,0.5603448275862069,1,99.80301316728126,9997,9225,0.15789473684210525,0.0010532522986000364,65,116
#,#,#,2.0,#,#,#,#,#,#,"-1.2564544661274333,2.6655698431430777",#,#,"-5.205327934708705,0.21548387488850107","1.425834773223193,3.3403313706474256",#,#,#,"-3.202705431936204,0.7979289136913568",0,0.014458261438686257,0.42857142857142855,1,77.976,9741,9229,0.2631578947368421,0.0007821471934306758,3,7
#,#,#,#,#,#,#,#,#,"-6.833099791776645,0.06397066189651257",#,#,#,#,#,"-1.1770287960306836,2.4450130142643376",#,#,"-1.6055175829767216,2.3354058022683386",0,0.047359679244475525,0.5433526011560693,1,88.10211909980484,9981,9230,0.15789473684210525,0.0008837183901355224,188,346
#,#,#,#,#,#,#,#,1.0,#,#,#,"-2.647296022493727,2.377887528743344","-1.8269848047374047,1.4086955347189223",#,#,#,#,#,1.0,0.04965637721189808,0.5485232067510548,1,95.9454237152019,9997,9232,0.15789473684210525,0.0009296551994295271,260,474
#,#,#,#,2.0,#,2.0,#,1.0,#,#,#,"-2.647296022493727,2.377887528743344","-1.8269848047374047,1.9719460587707163",#,"-0.16515405871731748,2.003322997827175",#,"-2.788401528498765,0.6843454929454411",#,1.0,0.014458261438686257,0.42857142857142855,1,81.248,9874,9233,0.3684210526315789,0.0008149673639562886,3,7
#,#,#,#,#,#,1.0,#,#,#,#,#,"-1.0261979196506739,3.4468294858420023","-2.528854495286314,1.7578969535189004",#,#,#,"-0.6774211145953091,3.0230470230091733",#,0,0.07006733621734958,0.5876288659793815,1,91.46641530532273,9981,9234,0.21052631578947367,0.0009174643483151584,57,97
#,0.0,"7.22,14.780000000000001",#,#,#,#,#,0.0,#,#,#,#,#,#,"-0.8608307396461985,2.0997972668354894",#,#,#,0.0,0.14539335680000004,0.68,1,99.23879165792974,9916,9235,0.21052631578947367,0.0009954260589758557,17,25
#,#,#,#,#,4.0,#,#,#,#,"-3.7654800184875636,2.3921222534929227",#,#,#,"-0.7742184111272399,4.080397960912778","-1.7897058833111048,1.7698869302546925","-2.812191826741916,1.78417037788425",#,#,1.0,0.05007754848108387,0.5494505494505495,1,93.38829553016812,9907,9236,0.2631578947368421,0.0009367419878962184,50,91
#,#,#,#,#,#,#,#,0.0,"-4.553763259574627,2.636935267438397",#,"-1.4234347744291633,0.6053156231295809",#,"-3.199466763658253,2.064220065950628",#,"-1.7842224285365882,2.6496563392383514","-2.4288019336091806,2.803979653195993",#,"-1.1281622440164576,2.4743026693586794",0.0,0.07961576368941153,0.6028368794326241,2,82.66528426317942,9987,9243,0.3684210526315789,0.0016583671919717553,85,141
#,0.0,#,2.0,#,#,#,2.0,0.0,#,#,#,#,#,#,#,#,#,"-0.2724015082363629,2.000751241002046",0.0,0.06092699470458736,0.5714285714285714,1,108.5126158012649,9950,9243,0.2631578947368421,0.0010884482135628982,16,28
3.0,#,#,#,#,4.0,#,#,1.0,#,#,#,"-2.647296022493727,2.377887528743344","-1.8269848047374047,1.4086955347189223",#,#,#,#,#,1.0,0.01734152991583261,0.4444444444444444,1,85.46272,9694,9244,0.2631578947368421,0.0008572435953492318,4,9
#,0.0,#,#,#,#,3.0,#,#,"-4.1831277881681075,-0.5609386624523252",#,#,#,#,"-2.820058160199381,2.151308493333823",#,#,#,"-0.051922971069528034,1.858827761170501",0,0.004115226337448558,0.3333333333333333,1,90.0,9752,9245,0.2631578947368421,0.000902755301743624,1,3
#,0.0,#,#,#,0.0,#,5.0,#,"-7.17304644128298,3.678456600719458",#,"0.18148986938382072,2.9479676842366533",#,"-2.528854495286314,1.7578969535189004","-3.151498660084439,2.151308493333823",#,#,#,"-0.051922971069528034,1.858827761170501",0,0.512908935546875,0.875,2,102.9536,9642,9245,0.42105263157894735,0.0020653757385242747,7,8
#,0.0,"8.69,13.31",#,0.0,#,#,#,#,#,#,#,"-1.3143122271119698,1.10635123802878",#,#,#,#,#,#,0.0,0.20346349914002398,0.7272727272727273,2,100.6622848,9959,9247,0.21052631578947367,0.0020194091397517026,8,11
#,0.0,#,#,#,0.0,#,5.0,#,"-7.17304644128298,3.678456600719458",#,"0.18148986938382072,2.9479676842366533",#,"-2.528854495286314,1.7578969535189004","-3.151498660084439,2.151308493333823",#,#,"-1.1562047034260137,2.7719845503387446","-0.051922971069528034,1.858827761170501",0,0.46266436603796024,0.8571428571428571,1,105.744,9642,9249,0.47368421052631576,0.0010606772958619754,6,7
#,2.0,#,#,4.0,#,#,#,#,"-1.7823981573710213,1.3281779717494513",#,#,"-1.4476116363595268,3.060273608132551",#,"-0.9658934139117437,2.3161007531012263",#,"-3.0423587078240875,1.2693093149609518",#,#,1.0,0.02448519270213934,0.47619047619047616,1,99.43684980374817,9997,9251,0.3157894736842105,0.000997412703877979,20,42
#,#,#,#,4.0,#,#,#,#,#,"-3.0391459761755457,3.05250880205312",#,#,#,#,#,#,#,"-2.9971676076303044,1.0034667379972566",1,0.10496077545745025,0.6370967741935484,1,99.2435316786864,9997,9252,0.15789473684210525,0.0010462373697103637,79,124
#,0.0,#,#,#,#,#,#,0.0,"2.237022067784399,7.356289586877082",#,"-2.929297675156666,0.5749075569902558",#,#,#,"-1.4117156699130768,0.46949227738886745",#,#,#,1.0,1.0,1.0,1,105.0,9996,9254,0.2631578947368421,0.0010532145187008948,1,1
#,#,#,#,0.0,#,#,#,0.0,#,"-3.303781623402219,1.36926861743073",#,"-1.0411702061667256,0.8063237464939623",#,"-3.151498660084439,2.293465956433529",#,#,#,#,0.0,0.2935778904262872,0.782608695652174,1,81.61461965642306,9987,9255,0.2631578947368421,0.0008186447843847257,18,23
#,#,#,#,#,#,4.0,#,1.0,"2.237022067784399,7.356289586877082","-2.6894661371699033,2.740303407820647","-1.2055195128416423,0.4543671760700574","-1.2013176125182417,1.0156751306745837",#,#,"-3.714590503469175,3.4359433139903635",#,"-1.9943038597862701,1.1868029820810662",#,1.0,0.13168724279835387,0.6666666666666666,1,93.15678208,9961,9257,0.42105263157894735,0.0009344197657343937,8,12
#,#,#,#,4.0,#,#,#,#,#,"-3.0391459761755457,3.05250880205312",#,"-1.4476116363595268,3.060273608132551","-0.9814250184836066,2.475324541259539",#,#,#,#,"-2.9971676076303044,1.7507777580611736",1.0,0.052400238793872615,0.5544554455445545,1,98.06284135090965,9997,9261,0.2631578947368421,0.0010314335578615044,56,101
#,#,#,#,4.0,#,#,#,#,#,#,#,#,#,#,#,#,#,"-2.1867815837217504,2.2318294845833173",1,0.06524637969720763,0.5793103448275863,1,99.91903565983,9997,9264,0.10526315789473684,0.001054707019714896,84,145
#,#,#,#,#,0.0,#,#,0.0,#,#,#,"-1.7229309860683415,2.4154554678916","-2.374576743884361,1.5535477558237587","-1.7818840025822098,3.0727323694578086",#,"-2.4288019336091806,1.0440961005861311",#,#,0,0.14265533057546828,0.6774193548387096,1,90.4111117419289,9987,9265,0.3157894736842105,0.0009068790051284615,21,31
#,3.0,#,2.0,1.0,0.0,#,#,#,#,"-4.038481940789128,3.05250880205312",#,#,#,"-2.820058160199381,2.151308493333823",#,#,#,"-0.051922971069528034,1.858827761170501",0.0,0.1,1.0,1,64.0,9265,9265,0.3684210526315789,0.0006419593256843549,0,0
#,#,#,2.0,0.0,#,#,#,0.0,#,"-3.303781623402219,1.12743994515438",#,#,#,#,"-2.5414665876524785,2.199170100085802",#,#,"-1.1281622440164576,2.000751241002046",0.0,0.06754356352880661,0.5833333333333334,1,88.62781695999999,9809,9268,0.3157894736842105,0.0008889914626955941,7,12
#,0.0,#,#,#,#,#,#,0.0,#,"-3.3787156442202497,1.36926861743073",#,"-1.0411702061667256,2.562502797504015",#,"-3.151498660084439,2.293465956433529",#,#,#,#,0.0,0.11673915256060861,0.6507936507936508,1,105.64604959771893,9950,9268,0.2631578947368421,0.001059694793140118,41,63
#,#,"6.359999999999999,16.56347588988982",0.0,0.0,0.0,#,#,0.0,#,"-3.7076092948359887,1.365404555998472",#,#,#,"-1.7818840025822098,3.0727323694578086",#,#,#,"-1.339359348613811,0.2875219095930879",0,0.1,1.0,1,96.0,9269,9269,0.42105263157894735,0.0009629389885265323,0,0
#,#,#,#,#,#,#,#,#,"-1.1583659345792618,5.772676516339855","-1.623109479070182,2.298914830200329",#,"-2.3624697268905885,2.514914308133628","-2.6860738356311153,3.1275504239369014",#,"-1.4117156699130768,1.2735911894435767","1.239563015368958,2.4911926389091184",#,#,0,0.04924846832877054,0.5476190476190477,1,87.35272368876247,9776,9273,0.3157894736842105,0.0008762014936864019,23,42
#,#,#,#,1.0,#,0.0,#,#,"-4.080319898214707,-0.31775399628718737",#,#,"-1.7116567851500508,2.4154554678916",#,#,#,"-5.034081940395984,1.0440961005861311",#,#,0,0.17831521367830508,0.7083333333333334,1,94.38976163704206,9916,9275,0.2631578947368421,0.0009467873083128516,17,24
#,#,#,#,#,#,#,#,#,#,#,#,#,"-2.528854495286314,1.7578969535189004",#,"-2.899933378121249,1.4090473961952423","-0.9839984203322802,3.965930107726668",#,#,0.0,0.02981148356717393,0.49530956848030017,1,88.42768103549153,9978,9280,0.15789473684210525,0.0008461400222853071,264,533
#,#,#,#,4.0,#,4.0,5.0,#,#,#,"0.15794065941842617,1.8793046331046335","-1.6009196744644902,1.3614925858507285",#,#,#,#,#,"-2.9971676076303044,1.0034667379972566",1.0,0.03125,0.5,1,114.52000000000001,9997,9282,0.3157894736842105,0.0011487059683964425,3,6
#,#,#,#,#,#,4.0,#,#,#,#,#,#,#,"0.2564137053401716,3.6067827508325783","-1.4117156699130768,0.46949227738886745",#,#,#,1.0,0.03125,0.5,1,83.96628723911007,9961,9287,0.15789473684210525,0.000842233455253718,14,28
#,#,#,#,4.0,#,#,#,#,#,#,"-1.3311610439261343,0.6361120688581023",#,"-2.215079029157972,3.44142025042172",#,#,#,#,#,1,0.04526613752481193,0.5384615384615384,1,96.92775015258744,9997,9293,0.15789473684210525,0.0010172014801219501,42,78
#,#,#,#,0.0,4.0,#,#,#,#,#,#,"-1.3143122271119698,1.1907948235421515","0.49013287434346475,5.518132233969858","-3.151498660084439,0.008009275757599355","-3.400162588780277,3.221602337976076",#,#,"-0.44492291405375173,2.0629374220112866",0.0,0.03125,0.5,1,72.5,9730,9295,0.3684210526315789,0.0007272195486268082,1,2
#,#,#,1.0,#,#,2.0,#,#,"-1.1583659345792618,5.772676516339855","-1.623109479070182,2.298914830200329",#,"-2.3624697268905885,2.514914308133628",#,#,"-1.4117156699130768,1.2735911894435767","1.239563015368958,2.4911926389091184",#,"-1.7693427996183575,0.14140793262167173",1.0,0.0,0.0,1,80.0,9299,9299,0.42105263157894735,0.0008024491571054436,0,1
0.0,#,#,#,#,#,#,1.0,#,#,#,"-4.027961284732154,1.5532328109488525",#,"-2.132688393987853,3.2234901298751555","-2.4797402203244636,2.329234087847897",#,#,#,"-3.385822113070022,0.7495485293742175",1.0,0.27550608968587587,0.7727272727272727,1,87.88587952912387,9986,9302,0.3157894736842105,0.0008815493743702001,17,22
#,#,#,#,#,#,#,1.0,1.0,#,#,#,#,#,#,#,#,#,"-1.1612022028658118,0.7939451137050426",1.0,0.07082177395044795,0.5888888888888889,1,88.59203882252203,9988,9302,0.15789473684210525,0.0008886325859923192,53,90
#,#,#,0.0,2.0,#,#,#,1.0,#,"-3.770547179064756,4.3737799427437265",#,"-2.647296022493727,2.377887528743344","-2.215079029157972,3.44142025042172",#,"-2.030566970620472,2.278413803696019",#,"0.06863743272468925,2.1181274781671715",#,1,0.014458261438686257,0.42857142857142855,2,67.9742962688,9797,9304,0.42105263157894735,0.0013636479186433566,6,14
0.0,0.0,#,2.0,#,#,#,#,0.0,#,"-3.3787156442202497,1.12743994515438",#,"0.230831153219186,2.562502797504015","-3.768498366095675,0.23818862360660753",#,"-2.5414665876524785,2.199170100085802",#,#,"0.47591412143083134,2.000751241002046",0.0,0.03125,0.5,1,131.0,9950,9308,0.47368421052631576,0.0013140104947601638,1,2
#,0.0,#,#,#,4.0,#,2.0,0.0,#,"-1.8680722654152286,1.636715415209483",#,"-1.0261979196506739,3.4468294858420023",#,#,"-0.8608307396461985,2.199170100085802","-2.4288019336091806,2.803979653195993",#,#,0.0,0.18593443208187066,0.7142857142857143,1,114.544,9950,9309,0.42105263157894735,0.001148946703143574,5,7
#,#,#,#,0.0,#,#,#,#,#,"-3.303781623402219,2.365572981762373",#,#,#,#,#,#,#,"-1.339359348613811,0.2875219095930879",0.0,0.11707060933908406,0.6511627906976745,1,88.98225804520237,9987,9310,0.15789473684210525,0.0008423491615752038,56,86
#,#,#,#,4.0,#,#,#,#,"-1.7823981573710213,1.3281779717494513","-3.0391459761755457,3.05250880205312",#,"-1.4476116363595268,3.060273608132551",#,"-0.9658934139117437,2.3161007531012263",#,"-3.0423587078240875,1.2693093149609518",#,#,1,0.028986493767943825,0.4925373134328358,1,103.79266912073146,9997,9314,0.3157894736842105,0.0010411042481206895,33,67
#,#,"-1.8000000000000003,3.8000000000000003",#,#,#,#,#,0.0,"-4.1831277881681075,0.06397066189651257",#,#,#,"-3.199466763658253,2.064220065950628",#,#,#,#,#,0,0.38470588034229997,0.8260869565217391,1,95.74859158509484,9950,9316,0.21052631578947367,0.0009604172076436591,19,23
#,#,#,0.0,#,#,#,2.0,0.0,#,#,"-3.186644170388136,0.8093793399548452",#,#,#,"-1.7842224285365882,2.6496563392383514","-2.4288019336091806,2.803979653195993",#,"-0.2724015082363629,2.4743026693586794",0.0,0.06642900775433695,0.5813953488372093,1,86.80820896166,9976,9316,0.3684210526315789,0.000870739676388966,25,43
3.0,0.0,#,2.0,#,0.0,#,#,#,"-4.1831277881681075,-0.5609386624523252",#,#,#,#,"-2.820058160199381,2.151308493333823","-2.357172134607318,2.199170100085802",#,#,"-2.5434328770717696,1.858827761170501",0,0.0,0.0,1,98.0,9317,9317,0.42105263157894735,0.0009830002174541683,0,2
#,#,#,1.0,#,#,#,#,#,"-1.1583659345792618,3.678456600719458",#,#,"-2.858448607850331,2.514914308133628","-2.6860738356311153,3.1275504239369014",#,#,#,#,"-0.36246808594052626,2.5036580124195176",1,0.04662947792084618,0.5416666666666666,1,99.04610898812032,9997,9319,0.2631578947368421,0.00101256089260507,26,48
#,#,#,1.0,#,#,#,5.0,#,"-1.1583659345792618,5.772676516339855",#,#,"-2.3624697268905885,2.514914308133628","-2.6860738356311153,3.1275504239369014",#,"-1.4117156699130768,1.2735911894435767",#,#,#,1.0,0.06754356352880661,0.5833333333333334,1,88.34705664,9993,9330,0.3157894736842105,0.0008861752641689361,7,12
#,2.0,#,2.0,4.0,#,#,#,#,#,"-1.5878774414114463,-1.1126654271317888",#,"-2.494972699663805,2.0868123029347014",#,#,"-2.865397091221069,0.9439917092616255",#,#,#,1.0,0.03125,0.5,1,90.75,9961,9333,0.3157894736842105,0.0009102782625914876,2,4
#,#,#,#,#,2.0,#,#,1.0,#,#,#,#,#,#,"-0.16515405871731748,3.4359433139903635",#,"0.14803027867840313,1.571287254680127",#,1,0.01996455762479919,0.45714285714285713,1,85.63867698567375,9989,9340,0.21052631578947367,0.0008590085520347407,16,35
#,#,#,#,1.0,#,#,#,0.0,#,#,#,"-2.440837151079741,3.4468294858420023",#,"-3.151498660084439,2.293465956433529","-9.405473625257756,2.6496563392383514",#,"-2.1175473257961603,0.5493556066578759",#,0.0,0.18109265572580094,0.7105263157894737,1,91.90755121828121,9916,9342,0.3157894736842105,0.0009218892125841894,27,38
#,#,#,#,4.0,#,#,#,#,"-1.1583659345792618,5.772676516339855",#,#,#,#,#,"-1.4117156699130768,1.2735911894435767","-0.22809055493931452,2.03473391503049",#,"-2.9971676076303044,1.0034667379972566",1,0.12254594871184625,0.6571428571428571,1,94.36753717831434,9961,9355,0.2631578947368421,0.0009851008435092022,23,35
#,#,#,#,4.0,#,3.0,5.0,#,#,"-3.0391459761755457,3.05250880205312",#,#,"-2.6860738356311153,3.1275504239369014",#,#,#,#,#,1.0,0.07775999999999998,0.6,1,97.6,9495,9355,0.2631578947368421,0.0009789879716686411,3,5
#,#,#,#,#,4.0,#,#,0.0,"-0.7032549276764335,3.455370542875036","-0.4512851561239448,3.05250880205312",#,#,#,#,"-1.4912597595560824,2.229373145473857",#,"-2.06598465090807,1.9760651609368258",#,1,0.01734152991583261,0.4444444444444444,2,91.11218802950143,9906,9357,0.3157894736842105,0.0018278224621576526,8,18
#,#,#,#,#,4.0,#,#,0.0,#,"-0.4512851561239448,3.05250880205312",#,"-1.609907305788575,3.415276245448496",#,#,"-1.4912597595560824,2.229373145473857",#,#,#,1,0.013554911484999717,0.4230769230769231,1,99.63868515645916,9906,9357,0.2631578947368421,0.012770537445483992,11,26
#,2.0,#,0.0,#,#,#,0.0,1.0,#,#,#,#,#,#,#,#,#,#,1,0.13168724279835387,0.6666666666666666,2,83.59435702042623,9877,9358,0.21052631578947367,0.0016770055332453136,12,18
#,#,#,#,4.0,4.0,#,#,#,"-3.4412507677773125,5.772676516339855",#,#,#,#,#,"-1.4117156699130768,1.2735911894435767","-0.22809055493931452,2.03473391503049",#,"-4.851665279385195,1.0034667379972566",1,0.07775999999999998,0.6,1,103.2,9906,9359,0.3157894736842105,0.0010351594126660224,3,5
#,2.0,#,#,4.0,#,#,#,#,#,#,#,#,#,#,#,#,"-0.5823679741154206,1.8087037455674755",#,1.0,0.03125,0.5,1,102.64978121432691,9997,9359,0.15789473684210525,0.0010296403801561852,23,46
#,2.0,#,#,4.0,#,#,#,#,"-2.575945289024246,2.4738142109311103",#,#,"-1.4476116363595268,3.060273608132551","-2.2111149029850115,0.381447266822348",#,#,"-3.0423587078240875,1.2693093149609518",#,"-2.9971676076303044,1.0034667379972566",1.0,0.025480396799999996,0.48,1,106.084330467115,9997,9360,0.3684210526315789,0.0010640910195678969,12,25
#,2.0,#,#,#,#,#,#,#,"-1.7823981573710213,1.3281779717494513",#,#,#,#,"-0.9658934139117437,2.3161007531012263",#,#,#,#,1.0,0.029552042842596833,0.49444444444444446,1,96.5027635617309,9997,9360,0.15789473684210525,0.000936643275836847,89,180
#,#,#,#,#,1.0,0.0,#,#,#,#,"-1.0495619552188897,1.8398704291829577","-1.0261979196506739,3.4468294858420023",#,#,"-2.9557357753617515,0.541408041474821",#,#,"-1.7607925245102574,0.8067787719372816",0,0.001903968584518355,0.2857142857142857,1,98.56800000000001,9854,9366,0.3157894736842105,0.0009886976064696171,2,7
#,#,#,#,#,#,#,#,#,#,"-2.4274140688863532,2.8297674520507146",#,#,#,"-3.151498660084439,2.293465956433529",#,#,#,#,0.0,0.03529283184648563,0.5123152709359606,1,94.7992170309455,9987,9366,0.10526315789473684,0.00094600005527396,312,609
#,#,"4.41,9.59",#,#,4.0,4.0,0.0,#,#,#,"-2.7246074258989674,0.7181205214734472",#,"-2.270156951634249,3.2234901298751555",#,#,#,"-2.475962381986223,2.1316722626246625","-3.686893080703646,2.4052342536894304",0,0.1,1.0,1,102.44,9367,9367,0.42105263157894735,0.0010275361456735205,0,0
#,#,#,#,3.0,4.0,#,0.0,#,#,"0.2865831380952357,2.3921222534929227",#,#,#,"-0.3953970246502907,2.329234087847897","-1.4912597595560824,2.229373145473857",#,"-1.2665902369723032,2.9462504119928",#,1.0,1.0,1.0,1,118.33333333333333,9577,9367,0.3684210526315789,0.0011869560448851352,3,3
#,#,#,#,#,#,1.0,#,#,"-6.833099791776645,0.0009217796007932044",#,#,#,"-2.528854495286314,1.7578969535189004",#,#,#,#,#,0,0.0373208748839,0.5180722891566265,2,92.77609046433804,9981,9372,0.15789473684210525,0.001861202389816161,43,83
#,#,#,2.0,#,#,#,#,#,#,#,"-4.027961284732154,1.1354846249338837","-2.494972699663805,2.0868123029347014",#,#,"-2.865397091221069,0.9439917092616255",#,#,#,1.0,0.05088888227709108,0.551219512195122,1,98.54939516897956,9996,9375,0.21052631578947367,0.0009885109885824864,113,205
#,#,#,#,0.0,#,0.0,1.0,#,#,"-3.7076092948359887,1.365404555998472","0.005485259745119375,3.5096904918920413",#,#,"-1.668476048920858,0.587894940900559",#,#,#,"-1.339359348613811,0.2875219095930879",0,0.066384,0.9,1,139.0,9379,9379,0.3684210526315789,0.0013942554104707083,0,0
#,2.0,#,2.0,4.0,#,#,#,#,#,"-1.5878774414114463,-1.1126654271317888","-4.027961284732154,1.1354846249338837","-2.494972699663805,2.0868123029347014",#,#,"-2.865397091221069,0.9439917092616255",#,#,#,0,0.13168724279835387,0.6666666666666666,1,83.33333333333333,9836,9384,0.3684210526315789,0.0008358845386515037,2,3
#,2.0,#,#,1.0,#,0.0,#,#,"-4.080319898214707,-0.31775399628718737",#,"-0.3147441660315271,2.451733648821306","-1.7116567851500508,1.10635123802878",#,#,#,"-0.5052283430001867,3.525427744133528",#,#,0,0.13168724279835387,0.6666666666666666,1,89.66666666666667,9620,9386,0.3684210526315789,0.0008994117635890181,2,3
#,0.0,#,0.0,#,4.0,#,#,0.0,"-0.7032549276764335,3.455370542875036","-0.4512851561239448,3.05250880205312",#,#,#,#,"-1.4912597595560824,2.229373145473857",#,"-2.06598465090807,1.9760651609368258","-1.1188232636901376,1.0904822704623962",1,0.03125,0.5,1,70.5,9387,9387,0.47368421052631576,0.0007071583196991721,1,2
#,#,#,#,1.0,#,0.0,#,0.0,"-4.080319898214707,-0.31775399628718737",#,"-4.470764129742166,-0.044399625977634916","-1.7116567851500508,2.4154554678916",#,#,#,"-5.034081940395984,1.0440961005861311",#,"-0.2377550232882486,2.0909724316292873",0,0.401877572016461,0.8333333333333334,1,106.8,9916,9388,0.42105263157894735,0.0010712696247357672,5,6
#,#,#,#,3.0,4.0,3.0,#,#,#,"0.2865831380952357,2.3921222534929227","-2.802507357749268,1.2549934373682203",#,#,"-0.3953970246502907,2.329234087847897","-1.4912597595560824,2.229373145473857",#,"-0.8857306425709414,2.757807215993472",#,1.0,0.0,0.0,1,113.0,9393,9393,0.42105263157894735,0.0011334594344114392,0,1
#,#,#,#,3.0,4.0,#,1.0,#,#,"0.2865831380952357,3.2084149917979716",#,#,#,"-0.3953970246502907,2.329234087847897","-1.4912597595560824,2.229373145473857",#,#,#,1.0,0.0,0.0,1,113.0,9393,9393,0.3157894736842105,0.0011334594344114392,0,1
#,#,#,2.0,#,#,#,#,#,#,#,"-4.027961284732154,1.1354846249338837","-2.494972699663805,2.0868123029347014",#,#,"-2.865397091221069,0.9439917092616255",#,#,"-1.507945804100663,2.6718214226744017",1.0,0.05020877888204157,0.5497382198952879,1,98.55383864730754,9996,9396,0.2631578947368421,0.000988555559400473,105,191
#,#,#,#,4.0,3.0,#,#,#,#,#,#,#,#,#,#,#,#,"-2.9971676076303044,1.0034667379972566",1,0.1473475405306393,0.6818181818181818,1,84.8457258505462,9952,9400,0.15789473684210525,0.0008657138204766303,15,22
3.0,#,#,2.0,#,#,#,#,#,"-3.670719695965005,2.666233402018187","-4.758718345890589,2.298914830200329",#,#,"-2.6860738356311153,-1.0088755462336354",#,"-1.4117156699130768,1.2735911894435767","1.239563015368958,2.4911926389091184",#,#,1.0,0.1,1.0,1,87.0,9401,9401,0.3684210526315789,0.0008726634583521699,0,0
#,#,#,2.0,#,0.0,#,#,#,"-3.670719695965005,2.666233402018187","-4.758718345890589,2.298914830200329",#,#,"-2.6860738356311153,-1.0088755462336354",#,"-1.4117156699130768,1.2735911894435767","1.239563015368958,2.4911926389091184",#,#,1.0,1.0,1.0,1,51.0,9820,9401,0.3684210526315789,0.0005115613376547203,1,1
#,2.0,#,#,#,#,4.0,#,#,"-1.7928023067834449,3.653016761795861","-1.8452213847763186,3.05250880205312",#,#,"-6.096394837796949,1.9381413956308031","-2.9354118668768665,-0.06366697074051797","-1.9528734645260215,2.6059032967073668",#,#,"-3.8873072784686764,1.7430488832089004",1,0.06391305182160717,0.5769230769230769,1,93.64070597518345,9952,9402,0.42105263157894735,0.0009392738197568079,15,26
#,#,#,#,#,3.0,4.0,#,#,"-1.1583659345792618,5.772676516339855",#,#,"-2.3624697268905885,2.514914308133628",#,#,"-1.4117156699130768,1.2735911894435767","-2.6514120540073725,2.4911926389091184",#,#,1.0,0.10737418240000002,0.64,1,86.48654748576034,9911,9408,0.3157894736842105,0.000886286882010036,16,25
4.0,#,#,#,0.0,#,#,#,1.0,#,#,#,"-1.3143122271119698,1.1907948235421515","-2.1716222492102615,5.518132233969858",#,"-3.400162588780277,3.221602337976076",#,#,#,0.0,0.043151275720164604,0.5333333333333333,1,102.1709784064,9921,9411,0.3157894736842105,0.001024837693785677,8,15
1.0,#,#,#,#,#,0.0,#,#,#,#,#,#,#,#,#,#,#,#,0,0.20346349914002398,0.7272727272727273,2,101.4765721042763,9977,9414,0.10526315789473684,0.0019980124414414884,16,22
#,2.0,#,#,#,#,0.0,#,#,#,#,"-1.2703735750849265,3.1603097150379313","-4.31234186262562,1.1907948235421515",#,#,#,#,"-1.4209032577141394,2.507285996050619",#,0.0,0.08648873310982921,0.6129032258064516,1,96.73087847744654,9977,9414,0.2631578947368421,0.0009395034418030844,19,31
#,#,#,2.0,#,#,#,#,0.0,#,"-3.4331394975225336,1.406805394768735","-1.625455974804824,0.9565899857244862","-2.3966317200072833,1.0027571528883827",#,#,#,#,"-1.138897843364909,2.0491977828789527","-1.7607925245102574,2.000751241002046",0.0,0.08176741702836612,0.6060606060606061,1,97.17833665248787,9912,9417,0.3684210526315789,0.0009747584291962241,20,33
#,#,#,0.0,2.0,#,#,#,1.0,#,"-3.770547179064756,4.3737799427437265",#,"-2.647296022493727,2.377887528743344",#,#,"-2.030566970620472,2.278413803696019","-2.426389823054948,1.0385601465863152","0.06863743272468925,2.1181274781671715",#,0,0.05292214940134466,0.5555555555555556,1,70.98048,9748,9418,0.42105263157894735,0.0007119778293367474,5,9
#,0.0,"9.73,18.27",2.0,#,#,#,#,0.0,"-4.553763259574627,2.636935267438397",#,#,#,"-2.528854495286314,-0.3635730196383613",#,#,#,#,"-1.1281622440164576,2.000751241002046",0.0,0.13168724279835387,0.6666666666666666,1,105.33333333333333,9633,9420,0.3684210526315789,0.0010565580568555008,2,3
#,0.0,#,#,2.0,#,#,#,0.0,#,"-0.9829867026709653,1.1866437662871894","-2.0587818670988005,-0.33741789341259343",#,#,"-3.151498660084439,2.293465956433529",#,#,#,#,0.0,0.2373046875,0.75,1,97.2128,9950,9420,0.3157894736842105,0.0009751041177482509,6,8
#,#,#,#,#,#,#,#,#,#,#,"0.3199050119337197,2.1642235551689413","-2.3624697268905885,3.060273608132551","-2.6860738356311153,3.1275504239369014",#,"-1.4117156699130768,1.2735911894435767","-3.0423587078240875,1.2693093149609518",#,"-2.9971676076303044,1.0034667379972566",1.0,0.06784375667116285,0.5838509316770186,1,90.14569813522006,9993,9422,0.3157894736842105,0.0009321662937972358,94,161
#,#,"8.76,13.24",#,#,#,1.0,#,#,"-4.553763259574627,0.0009217796007932044","-1.8832039744770224,1.36926861743073",#,"-1.0261979196506739,3.4468294858420023","-2.528854495286314,1.7578969535189004",#,#,#,#,#,0,0.018452812500000002,0.45,1,86.02042608451583,9894,9425,0.3157894736842105,0.0008628377300671355,9,20
#,#,#,#,#,#,1.0,#,#,"-6.833099791776645,-0.5609386624523252",#,#,#,#,#,#,#,#,"-0.051922971069528034,1.858827761170501",0,0.043151275720164604,0.5333333333333333,1,105.9678682327502,9894,9429,0.15789473684210525,0.0010629228317953889,16,30
#,#,#,#,#,#,4.0,#,#,"2.900619439857651,7.356289586877082",#,#,"-2.3624697268905885,2.514914308133628",#,#,#,#,#,#,1.0,0.18593443208187066,0.7142857142857143,1,99.88,9816,9431,0.15789473684210525,0.0010018577726461464,5,7
#,0.0,#,#,#,#,1.0,#,#,"-4.1831277881681075,0.0009217796007932044","-1.8832039744770224,1.36926861743073",#,"-1.0261979196506739,2.0724810461538645","-2.528854495286314,1.7578969535189004","-2.820058160199381,2.151308493333823",#,#,#,#,0,0.06092699470458736,0.5714285714285714,1,100.74968235127604,9981,9432,0.3684210526315789,0.001010581221017783,12,21
#,#,"8.76,13.24",#,#,#,1.0,#,#,#,#,#,"-0.7357097618903816,3.4468294858420023","-2.528854495286314,1.7578969535189004",#,#,"1.7779429416287715,3.545774558792681","-1.5691541577123167,0.5941964458103041",#,0,0.1,1.0,1,96.0,9432,9432,0.3157894736842105,0.0009629389885265323,0,0
#,#,#,#,1.0,#,0.0,#,#,"-4.080319898214707,-0.31775399628718737",#,#,"-1.7116567851500508,2.4154554678916",#,#,#,"-5.034081940395984,1.0440961005861311",#,#,1,0.0067876930607378766,0.3684210526315789,1,94.27566012573286,9993,9433,0.2631578947368421,0.0009456428000431701,7,19
#,#,#,#,1.0,#,0.0,#,#,"-4.080319898214707,-2.195227493782543",#,#,"-1.7116567851500508,2.4154554678916",#,#,#,"-5.034081940395984,1.0440961005861311",#,#,0,0.46266436603796024,0.8571428571428571,1,95.21600000000001,9916,9433,0.2631578947368421,0.000955074986786899,6,7
#,#,#,2.0,3.0,#,#,#,1.0,"-2.1644114724616834,5.261705439237369",#,"-2.327101625552846,0.9926717522705534",#,#,#,#,"-2.0477889567812677,0.21503551318853686",#,"-1.44468485776931,1.8991289236507412",1.0,0.3276800000000001,0.8,2,87.85331199999999,9989,9436,0.3684210526315789,0.0017624454040830386,8,10
#,0.0,#,#,2.0,#,#,#,#,#,"-0.9829867026709653,1.1866437662871894","-2.0587818670988005,-0.33741789341259343",#,#,"-3.151498660084439,2.293465956433529",#,#,#,#,0.0,0.07775999999999998,0.6,1,97.63468800000001,9950,9443,0.2631578947368421,0.0009793359136231622,6,10
#,#,"-0.573635052623183,8.41",2.0,#,#,#,#,#,"-4.1831277881681075,2.636935267438397",#,#,#,"-4.527384989328969,1.7578969535189004","-3.151498660084439,2.293465956433529","-0.24117766101601723,3.380864149279004",#,"-2.0640228982714217,1.3189027408650174",#,0,0.026221056655577907,0.4827586206896552,1,103.21280803182111,9977,9447,0.3684210526315789,0.00103528788509526,42,87
#,0.0,#,#,#,0.0,0.0,#,#,"-4.553763259574627,-0.5609386624523252",#,#,#,"-2.5588117321358794,3.176250037437975",#,"-2.357172134607318,2.199170100085802","-2.1131406004542836,2.1416296710943814",#,"-2.5434328770717696,0.9638228832863769",0.0,1.0,1.0,1,92.0,9666,9447,0.42105263157894735,0.0009228165306712601,4,4
#,0.0,#,#,2.0,#,#,#,1.0,#,#,#,#,"-4.452249034011964,1.9666157216409839","-0.3575209777208803,4.702220029757449",#,"-1.9607876306609822,2.352721515218958",#,"-1.08696624544455,1.8991289236507412",1.0,0.18593443208187066,0.7142857142857143,1,75.9289563136,9874,9448,0.3684210526315789,0.0007616140874218046,10,14
#,#,#,#,#,#,#,#,#,#,#,#,#,"-2.6685711880145973,1.1140944485392188",#,"-2.5247331560845874,1.03485965748121",#,#,"-1.44468485776931,0.4782394504434816",1,0.043916350189117374,0.5352112676056338,1,89.55115336680637,9993,9448,0.15789473684210525,0.0008494821236268033,152,284
#,2.0,"-1.75,1.75",#,#,4.0,#,#,#,"-1.422802747569294,2.3397631543582262",#,#,#,#,"-1.6755275557222657,1.196217340414083",#,#,#,"-1.7573447688890622,1.586469012530989",1.0,0.095367431640625,0.625,1,93.1424,9842,9451,0.3157894736842105,0.0009342755046347259,5,8
#,2.0,"-2.31,2.31",#,#,4.0,#,#,#,"-3.8368547842881027,2.104038745071139",#,#,#,#,#,#,#,"-0.294020587682692,1.3000272254392389",#,1.0,0.06092699470458736,0.5714285714285714,1,98.352,9842,9451,0.2631578947368421,0.0009865309937454323,4,7
#,2.0,#,0.0,4.0,#,#,#,#,"-2.575945289024246,2.4738142109311103",#,#,"-1.4476116363595268,3.060273608132551","-2.2111149029850115,0.381447266822348",#,#,"-3.0423587078240875,1.2693093149609518",#,"-2.9971676076303044,1.0034667379972566",1.0,0.010240000000000003,0.4,1,98.2,9877,9453,0.42105263157894735,0.0009850063403469321,2,5
#,2.0,#,#,4.0,#,#,#,#,"-2.575945289024246,2.4738142109311103",#,#,"-1.4476116363595268,3.060273608132551","-2.2111149029850115,-1.1814371633976322",#,#,"-3.0423587078240875,1.2693093149609518",#,"-2.9971676076303044,1.0034667379972566",1.0,0.010240000000000003,0.4,1,108.4,9988,9453,0.3684210526315789,0.0010873186078778762,2,5
#,#,#,0.0,0.0,#,1.0,#,1.0,#,#,#,"-1.3143122271119698,1.1907948235421515",#,#,#,#,#,#,0,0.010240000000000003,0.4,1,85.6,9962,9458,0.2631578947368421,0.0008586205981028246,2,5
4.0,#,"6.359999999999999,16.56347588988982",#,0.0,#,#,#,#,#,#,#,#,"-2.1716222492102615,5.518132233969858","-1.668476048920858,2.293465956433529","-3.400162588780277,3.221602337976076",#,#,"-1.339359348613811,0.2875219095930879",0.0,0.28462802079628785,0.7777777777777778,1,98.76192,9921,9458,0.3684210526315789,0.0009906427432264406,7,9
#,#,#,#,#,#,#,#,#,#,"-0.4512851561239448,3.05250880205312",#,"-2.3624697268905885,2.514914308133628",#,#,"-1.4117156699130768,2.229373145473857",#,#,#,1.0,0.04662947792084618,0.5416666666666666,2,100.00721738129775,9997,9459,0.15789473684210525,0.002006267682302081,169,312
#,#,#,#,#,#,#,#,#,#,"-2.4274140688863532,2.8297674520507146",#,#,#,#,#,#,#,#,0.0,0.033373027780154725,0.5066162570888468,1,94.79670202404134,9987,9460,0.05263157894736842,0.0009459606379854765,268,529
#,#,#,2.0,#,#,#,5.0,#,#,"-2.125977153022569,2.797415064997859","-0.365496246194124,2.093595144786172","-0.6033207900626162,1.3614925858507285","-1.8269848047374047,1.4086955347189223","-2.330630851399553,3.3616530601010903",#,#,#,#,1.0,0.2588642078729486,0.7631578947368421,1,101.35571795764989,9975,9466,0.3684210526315789,0.0010166601305366652,29,38
#,#,"-0.573635052623183,8.41",2.0,#,#,#,2.0,0.0,#,#,#,"-4.31234186262562,3.4468294858420023",#,"-3.151498660084439,2.293465956433529",#,#,"-2.0640228982714217,1.3189027408650174",#,0,0.08825375108068294,0.6153846153846154,1,101.88888622414831,9950,9471,0.3684210526315789,0.0010220081358622531,16,26
#,0.0,#,#,#,#,1.0,#,#,#,"-1.8680722654152286,1.36926861743073","-1.9188105749603561,1.5239173724120583","-1.0261979196506739,3.4468294858420023","-2.528854495286314,1.7578969535189004",#,#,"-1.0951852863533713,2.803979653195993","0.14938096341742213,2.3696618459801115",#,0.0,0.014458261438686257,0.42857142857142855,1,90.38399999999999,9778,9475,0.42105263157894735,0.0009066070576977301,3,7
#,0.0,#,#,3.0,#,1.0,4.0,#,"-4.1831277881681075,0.0009217796007932044","-1.8832039744770224,1.36926861743073",#,#,"-2.528854495286314,1.7578969535189004","-2.820058160199381,2.151308493333823",#,#,"-0.39418379779213575,2.110748479970898",#,0,0.1,1.0,1,92.5,9477,9477,0.47368421052631576,0.0009278318379031692,0,0
#,2.0,#,#,#,#,#,5.0,1.0,"-1.2111666790955595,3.1107217252241814","-2.237862922295824,2.4864154743168405","-0.365496246194124,3.622382406135748","-0.6033207900626162,1.3614925858507285",#,#,#,#,#,#,1.0,0.13168724279835387,0.6666666666666666,1,93.98085842530938,9993,9478,0.3684210526315789,0.0009426857578429442,22,33
#,#,"1.6443671904711814,3.52",#,#,#,#,#,#,"-2.4220595466245887,1.3405063553029315",#,#,#,#,"-2.9552626456179705,2.329234087847897",#,#,"-1.4826460561060784,2.1316722626246625",#,1,0.022132674897119342,0.4666666666666667,1,93.7079059134432,9980,9479,0.21052631578947367,0.0009399478764294839,21,45
#,#,#,#,4.0,#,#,#,0.0,"-0.7032549276764335,3.455370542875036",#,#,#,#,#,"-1.4912597595560824,2.229373145473857",#,#,#,1,0.023847592523562257,0.47368421052631576,1,95.44834656642664,9996,9480,0.21052631578947367,0.000998652321360489,9,19
3.0,2.0,#,#,#,#,#,#,#,#,"-0.4512851561239448,3.05250880205312","-3.3847789462808398,1.041585557483692","-2.858448607850331,0.49443642314725667","-1.782503661040057,1.361375225556053","-1.4294219741724836,1.4507246942945051",#,#,"-2.06598465090807,1.9760651609368258",#,1,0.0024299999999999994,0.3,1,82.055552,9690,9480,0.42105263157894735,0.0008230676067277737,3,10
#,#,#,#,1.0,#,0.0,#,#,"-4.080319898214707,-0.31775399628718737",#,"-4.470764129742166,-0.044399625977634916",#,#,#,#,"-5.034081940395984,1.0440961005861311",#,#,0,0.18593443208187066,0.7142857142857143,1,96.6185960448,9916,9483,0.2631578947368421,0.0009691438869607638,10,14
4.0,2.0,"0.41000000000000014,5.59",2.0,#,4.0,#,#,#,"-1.422802747569294,2.3397631543582262",#,#,#,"-1.8830717197453999,0.9262738389572363",#,#,#,#,"-2.781964260660801,0.9201152830542555",1.0,1.0,1.0,1,130.0,9842,9485,0.42105263157894735,0.0013039798802963458,2,2
#,2.0,#,#,#,4.0,1.0,5.0,#,#,#,#,#,#,#,#,#,#,"-0.94083034423867,1.9252957541213735",1.0,1.0,1.0,1,101.5,9922,9485,0.2631578947368421,0.0010181073680775316,2,2
#,#,"-2.31,9.25",1.0,#,#,#,#,#,"-1.1583659345792618,3.678456600719458",#,#,"-2.858448607850331,0.2453412326196247","-2.6860738356311153,1.1140944485392188",#,#,#,#,#,1.0,0.07775999999999998,0.6,1,103.65739186175999,9997,9489,0.2631578947368421,0.0010397473340902246,9,15
#,#,#,#,#,#,4.0,#,#,#,#,#,#,"-1.782503661040057,1.59629622155743",#,"-1.4117156699130768,3.4359433139903635",#,"-1.9943038597862701,1.8054762324980707",#,1.0,0.07628171615790688,0.5977011494252874,1,98.6955076373516,9997,9491,0.21052631578947367,0.0010393660973659477,52,87
#,#,#,#,#,#,4.0,#,1.0,#,"-2.6894661371699033,2.740303407820647",#,#,#,#,"-0.16515405871731748,1.2735911894435767",#,#,#,1.0,0.07307706433667734,0.5925925925925926,1,109.28410523803329,9988,9491,0.21052631578947367,0.0010961867266660302,16,27
#,#,#,#,4.0,#,#,5.0,#,#,"-3.0391459761755457,3.05250880205312","-2.767795828240848,-0.1857498677115379",#,"-2.132688393987853,3.1275504239369014",#,#,#,#,#,1.0,0.0,0.0,1,102.0,9495,9495,0.2631578947368421,0.0010231226753094405,0,2
#,#,#,#,4.0,#,3.0,#,#,#,#,#,#,"-2.6860738356311153,0.9312487157844807",#,#,"-3.6259088772512156,0.9704533273749505",#,"-3.686893080703646,1.139086628841476",1.0,0.043151275720164604,0.5333333333333333,1,88.93879601152,9760,9495,0.2631578947368421,0.0008921107736677152,8,15
#,#,#,0.0,#,#,#,#,#,#,"-0.4512851561239448,3.05250880205312",#,#,#,"-2.9552626456179705,2.329234087847897","-1.4912597595560824,2.229373145473857",#,"-2.06598465090807,2.1316722626246625",#,1,0.0328604910254172,0.5050505050505051,1,84.86616341690383,9951,9499,0.2631578947368421,0.0008512597662583414,50,99
#,#,#,#,0.0,2.0,#,#,#,#,#,#,"-1.3143122271119698,3.4468294858420023","0.49013287434346475,5.518132233969858","-3.151498660084439,2.841293240456944","-3.400162588780277,3.221602337976076",#,"-1.9193723442620856,1.3256535610218454","-0.8867980087593981,2.3111081634312054",0.0,1.0,1.0,1,87.5,9921,9500,0.42105263157894735,0.0008776787655840789,2,2
#,#,#,#,#,#,#,#,#,#,#,#,#,#,#,#,"-0.8663073091818176,1.8207967489073253","-0.6774211145953091,3.0230470230091733",#,0,0.0333750895235364,0.5066225165562914,1,95.27095056272898,9978,9500,0.10526315789473684,0.0009211984742312124,153,302
#,0.0,#,2.0,#,#,#,#,1.0,#,"-1.3393948408378449,3.834339354370062",#,"-0.6033207900626162,1.3614925858507285","-4.452249034011964,1.4086955347189223","-2.330630851399553,4.702220029757449",#,"-1.9607876306609822,1.5020834215481833",#,"-1.08696624544455,1.8991289236507412",1.0,0.07307706433667734,0.5925925925925926,2,109.14162737709412,9975,9501,0.47368421052631576,0.0021895151723466395,16,27
#,#,#,#,1.0,#,0.0,#,#,"-4.080319898214707,-0.31775399628718737",#,"-4.470764129742166,-0.044399625977634916",#,#,#,#,#,#,#,0,0.28462802079628785,0.7777777777777778,1,95.95423270191104,9916,9503,0.21052631578947367,0.0009624799144043513,14,18
#,#,#,#,1.0,#,0.0,#,#,#,#,"-4.470764129742166,-0.044399625977634916","-1.7116567851500508,2.4154554678916","-1.6761388662401064,1.230673263543902","-0.9913217660999171,2.2222975224336166",#,"-5.034081940395984,1.0440961005861311",#,"-1.7230296871912856,1.381940252698762",0,0.014458261438686257,0.42857142857142855,1,96.00800000000001,9896,9503,0.42105263157894735,0.0009630192334422429,3,7
#,#,#,#,#,#,#,#,#,#,#,#,#,#,#,#,#,"-1.4209032577141394,2.507285996050619",#,0.0,0.03754075749716056,0.5186813186813187,1,97.65323276907534,9981,9511,0.05263157894736842,0.0009510681671760551,236,455
#,2.0,#,#,#,#,#,#,#,#,#,"-2.346551538170193,2.264244819917861","-4.31234186262562,1.1907948235421515",#,"-3.151498660084439,2.293465956433529",#,#,#,#,0,0.023783657995968006,0.47342995169082125,1,92.86001544239927,9977,9511,0.21052631578947367,0.0009156072685515683,98,207
#,0.0,#,2.0,#,#,#,#,1.0,#,"-1.3393948408378449,3.834339354370062",#,"-0.6033207900626162,1.3614925858507285","-4.452249034011964,1.4086955347189223","-2.330630851399553,4.702220029757449","-2.283531506584702,1.7756532808148906","-1.9607876306609822,1.5020834215481833",#,"-1.08696624544455,1.8991289236507412",1.0,0.04662947792084618,0.5416666666666666,1,109.29859899102624,9975,9515,0.5263157894736842,0.0010963321079144363,13,24
#,#,#,#,0.0,#,#,#,#,#,#,"-2.8784593345281406,1.36347331491287","-1.3143122271119698,1.1907948235421515","0.49013287434346475,5.518132233969858","-3.151498660084439,0.008009275757599355","-3.400162588780277,3.221602337976076",#,#,"-0.44492291405375173,3.469658163239984",0.0,0.13168724279835387,0.6666666666666666,1,77.33333333333333,9942,9517,0.3684210526315789,0.0007757008518685955,2,3
#,#,#,1.0,#,#,#,3.0,#,"-1.1583659345792618,3.678456600719458",#,#,"-2.858448607850331,2.514914308133628","-2.6860738356311153,3.1275504239369014",#,#,#,#,"-0.36246808594052626,2.5036580124195176",1,0.03125,0.5,1,79.5,9522,9522,0.3157894736842105,0.0007974338498735346,1,2
#,0.0,#,#,#,#,1.0,#,0.0,#,"-1.7020590183013296,1.5449522658771646","-2.0587818670988005,-0.33741789341259343",#,#,#,#,#,#,#,0.0,0.3276800000000001,0.8,1,104.0,9884,9527,0.2631578947368421,0.0010431839042370768,4,5
#,0.0,#,2.0,#,#,#,#,0.0,"-4.553763259574627,1.414529256689226",#,#,"-2.1880440324926593,1.2113448404030065","-2.528854495286314,-0.3635730196383613","-3.151498660084439,2.293465956433529","-1.3695944386308598,2.199170100085802",#,"-2.7800390114015596,-1.2998517563597667",#,0.0,1.0,1.0,1,103.5,9594,9527,0.47368421052631576,0.0010381685970051676,2,2
0.0,#,#,#,#,#,#,1.0,#,#,#,"-4.027961284732154,1.5532328109488525",#,"-2.132688393987853,3.2234901298751555","-2.4797402203244636,2.329234087847897",#,"-1.1648932687798357,1.2393577305630818",#,"-3.385822113070022,0.7495485293742175",1.0,0.2693290743429045,0.7692307692307693,1,90.178851328,9986,9528,0.3684210526315789,0.0009045492904611338,10,13
1.0,#,#,#,0.0,#,0.0,#,#,#,#,#,#,#,#,#,#,#,#,0,0.401877572016461,0.8333333333333334,1,102.11202304000001,9977,9529,0.15789473684210525,0.0010069736749043902,10,12
#,#,#,2.0,#,#,4.0,#,1.0,#,"-2.125977153022569,2.740303407820647",#,#,#,"-2.330630851399553,3.3616530601010903","-0.16515405871731748,1.2735911894435767",#,#,#,1.0,0.048282842081079885,0.5454545454545454,1,110.23036160000001,9931,9532,0.3157894736842105,0.0011056782594168534,6,11
#,#,#,2.0,#,#,#,#,#,#,"-1.5878774414114463,-1.1126654271317888","-4.027961284732154,1.1354846249338837","-2.494972699663805,2.0868123029347014","-2.3920465727015316,1.2218279670299386",#,"-2.865397091221069,0.9439917092616255",#,#,#,1.0,0.048282842081079885,0.5454545454545454,1,83.350272,9989,9536,0.3157894736842105,0.0008360544438863682,6,11
#,0.0,#,2.0,#,#,#,#,#,#,"-1.5878774414114463,-1.1126654271317888","-4.027961284732154,1.1354846249338837","-2.494972699663805,2.0868123029347014",#,#,"-2.865397091221069,0.9439917092616255",#,#,#,1.0,0.13168724279835387,0.6666666666666666,1,83.66666666666667,9939,9536,0.3157894736842105,0.0008392280768061098,2,3
#,#,#,#,#,3.0,#,#,#,#,"-0.4512851561239448,3.05250880205312",#,"-2.3624697268905885,2.514914308133628",#,#,"-1.4117156699130768,2.229373145473857",#,#,#,1.0,0.1381412888330443,0.6730769230769231,1,84.56990918208913,9944,9538,0.21052631578947367,0.0008482881542456418,35,52
#,#,"6.76,11.24",#,4.0,#,#,#,0.0,#,"-0.4512851561239448,3.05250880205312",#,#,"-1.9177353953522367,2.796014004297507",#,"-1.4912597595560824,2.229373145473857",#,#,#,1,0.06092699470458736,0.5714285714285714,1,103.44,9906,9539,0.3157894736842105,0.0010375667601373385,4,7
#,#,#,#,#,#,#,3.0,1.0,"-3.5344442896581,1.911374778921206","-3.770547179064756,4.3737799427437265","-1.786837837494272,1.9017992489761713",#,#,"-3.4005370546980616,2.293465956433529","-2.030566970620472,3.221602337976076",#,"0.06863743272468925,2.1181274781671715","-2.280049386854451,0.2875219095930879",0,0.06922366952724099,0.5862068965517241,1,74.5315981180859,9959,9544,0.47368421052631576,0.0007475977260947462,17,29
#,2.0,#,#,#,4.0,4.0,#,#,"-1.1583659345792618,3.653016761795861",#,#,#,"-2.6860738356311153,1.9381413956308031","-2.9354118668768665,-0.06366697074051797","-1.9528734645260215,1.2735911894435767",#,#,"-3.8873072784686764,1.7430488832089004",1,0.18593443208187066,0.7142857142857143,1,102.408,9736,9545,0.42105263157894735,0.0010272151660106785,5,7
#,#,#,#,#,#,4.0,#,1.0,"-1.7928023067834449,5.772676516339855","-1.8452213847763186,3.05250880205312",#,"-2.3624697268905885,2.514914308133628","-6.096394837796949,3.1275504239369014","-2.6511262664545447,1.9299905916677267","-1.4117156699130768,2.6059032967073668","0.5819344923720953,2.4911926389091184",#,#,1.0,0.10049355861780968,0.631578947368421,1,104.64149660090368,9997,9545,0.47368421052631576,0.0010496185093205913,12,19
#,#,#,2.0,#,#,#,#,0.0,"-6.158177876670227,1.757765741191134",#,#,"-2.3966317200072833,1.0027571528883827",#,#,#,#,#,#,0,0.1111545949973751,0.6444444444444445,1,92.35413151055353,9912,9549,0.21052631578947367,0.0009263686873231121,29,45
#,#,#,#,#,#,#,#,0.0,#,#,"-2.7265855291323007,0.9565899857244862",#,#,"-1.8722015916037762,0.8627935475736993",#,#,"-1.8435475538392878,2.0491977828789527","-1.7607925245102574,2.000751241002046",0.0,0.1599128381160662,0.693069306930693,1,88.35026616030459,9987,9549,0.2631578947368421,0.00090965468637675,70,101
4.0,#,#,#,#,#,#,#,0.0,"-4.553763259574627,2.636935267438397",#,"-2.7265855291323007,0.9565899857244862",#,#,#,#,#,"-1.8435475538392878,2.0491977828789527","-1.1281622440164576,2.000751241002046",0.0,0.3276800000000001,0.8,1,96.3448642355026,9916,9553,0.3157894736842105,0.0009663981887152182,20,25
1.0,#,#,#,#,#,0.0,#,#,#,#,#,#,"-1.6972893738376786,2.387960105858766",#,#,#,#,#,0,0.1134276198236865,0.6470588235294118,1,101.0236128960512,9977,9555,0.15789473684210525,0.0009933268967388161,11,17
#,#,#,#,#,#,#,1.0,#,#,#,"-4.027961284732154,1.5532328109488525",#,"-2.132688393987853,3.2234901298751555","-2.4797402203244636,2.329234087847897",#,"-1.1648932687798357,1.2393577305630818",#,"-3.385822113070022,0.7495485293742175",1.0,0.053947741932415916,0.5576923076923077,1,89.2715665097792,9988,9557,0.3157894736842105,0.0008954486662406859,29,52
#,#,#,#,#,#,#,#,#,"-0.20552306886708616,3.2599981565924723",#,#,"-1.6770681747946912,2.6091177953781046",#,"-1.4294219741724836,1.6988511764176162",#,#,#,#,1,0.04746311849573747,0.5435897435897435,1,92.79850956637367,9997,9559,0.15789473684210525,0.0009654279546861248,106,195
#,#,#,#,#,#,#,#,#,#,#,#,#,#,#,"-0.5358043871407504,2.229373145473857",#,#,#,1,0.024983856417218807,0.4781144781144781,1,91.88963661853113,9997,9559,0.05263157894736842,0.0009540322620156219,142,297
#,#,#,#,#,#,4.0,#,#,"-0.20552306886708616,3.2599981565924723",#,#,#,#,#,#,"-2.0796910195133065,2.7995242438590853","-1.9943038597862701,1.1868029820810662",#,1.0,0.06391305182160717,0.5769230769230769,1,96.55806479422367,9997,9560,0.21052631578947367,0.0010125662659936183,45,78
#,0.0,#,1.0,0.0,#,#,#,#,#,#,#,#,#,#,#,#,#,#,0.0,0.03125,0.5,1,89.5,9565,9565,0.15789473684210525,0.000897739994511715,1,2
#,2.0,#,#,#,#,4.0,#,#,"-1.7928023067834449,3.653016761795861","-3.0391459761755457,3.05250880205312",#,#,"-6.096394837796949,1.9381413956308031",#,#,#,"0.2739426478863187,1.6971996238880427","-3.8873072784686764,1.7430488832089004",1,0.3540925979614258,0.8125,2,98.435066077184,9988,9566,0.3684210526315789,0.0019747283950813737,13,16
#,2.0,#,#,#,1.0,4.0,#,#,#,#,#,#,#,"-2.9354118668768665,-0.06366697074051797","-1.9528734645260215,2.6059032967073668",#,#,#,1.0,0.004115226337448558,0.3333333333333333,1,82.0,9789,9566,0.2631578947368421,0.0008225103860330797,1,3
#,#,#,#,#,0.0,4.0,#,1.0,#,#,#,#,"-5.789345329707389,3.2234901298751555","-2.330630851399553,3.898604577917996","-0.6991131872520162,3.672316583793699",#,#,#,1.0,0.014458261438686257,0.42857142857142855,1,107.256,9997,9569,0.3157894736842105,0.0010758435849312683,3,7
#,#,#,#,#,#,#,#,0.0,#,#,"-3.7999971361604308,-0.11136004968998758",#,#,#,#,#,"-1.8435475538392878,2.0491977828789527","-1.1281622440164576,2.000751241002046",0.0,0.2454868426366091,0.7551020408163265,1,91.38221281925546,9987,9573,0.21052631578947367,0.0009166197456405226,74,98
#,#,#,#,3.0,4.0,0.0,#,#,#,"0.2865831380952357,2.3921222534929227",#,#,#,"-0.3953970246502907,2.329234087847897",#,#,"-1.2665902369723032,2.9462504119928",#,1.0,0.06086030889718061,0.868421052631579,1,103.91299617954202,9577,9577,0.3157894736842105,0.0010423112024571834,0,0
#,#,#,#,#,4.0,#,0.0,#,#,#,#,#,#,#,"-1.4912597595560824,2.229373145473857",#,#,#,1.0,0.048282842081079885,0.5454545454545454,1,86.81679360000001,9980,9577,0.15789473684210525,0.000870825785586466,6,11
#,0.0,#,#,#,#,1.0,4.0,0.0,#,"-1.7020590183013296,1.5449522658771646","-2.0587818670988005,-0.33741789341259343",#,#,#,#,#,#,#,0.0,0.1,1.0,1,99.33333333333333,9578,9578,0.3157894736842105,0.0009963743700725923,0,0
0.0,#,#,2.0,4.0,4.0,#,#,#,#,"-0.3341676756567402,2.7065555842408697",#,"-2.1984550849471365,2.7528287081835074",#,#,#,"-0.22809055493931452,2.03473391503049",#,#,1,0.05873002218676683,0.8526785714285714,1,128.0,9580,9580,0.3684210526315789,0.0012839186513687098,0,0
#,#,#,#,4.0,#,#,#,#,"-3.4412507677773125,5.772676516339855",#,"-4.027961284732154,-0.1857498677115379",#,#,"-2.4797402203244636,2.329234087847897","-1.4117156699130768,1.2735911894435767",#,"-1.8122626063387757,1.3189027408650174","-4.851665279385195,1.139086628841476",1.0,0.10049355861780968,0.631578947368421,1,97.56832577768652,9980,9580,0.3684210526315789,0.0009786702597561734,12,19
#,2.0,#,#,#,#,2.0,#,#,#,#,"-2.346551538170193,2.264244819917861","-4.31234186262562,3.602949781588508",#,"-3.151498660084439,2.293465956433529",#,#,"-2.3837816766657736,1.2028259028585708",#,0,0.05712028543473131,0.5641025641025641,1,80.08383089017084,9942,9582,0.3157894736842105,0.000803290032444906,22,39
#,#,"-0.573635052623183,2.31",#,#,#,#,#,1.0,#,#,#,#,#,#,"-0.2700830651861885,3.227060751650384","-0.19190806356197987,2.1416296710943814",#,#,0.0,0.0067876930607378766,0.3684210526315789,1,96.35249427480576,9977,9582,0.21052631578947367,0.0009664747226978121,7,19
#,#,"9.08,16.92",#,#,#,#,#,#,"-1.1583659345792618,5.772676516339855",#,#,"-2.3624697268905885,2.514914308133628",#,#,"-1.4117156699130768,1.2735911894435767",#,#,#,1.0,0.01870420950752563,0.45121951219512196,1,88.49106603635748,9949,9586,0.21052631578947367,0.0008876197669029652,37,82
#,#,#,1.0,#,#,#,5.0,#,#,"-0.4512851561239448,3.05250880205312","-1.5114478675748027,0.455825245209434","-2.3624697268905885,2.514914308133628","-2.6860738356311153,3.1275504239369014",#,"-1.4117156699130768,2.229373145473857",#,#,#,1.0,1.0,1.0,1,81.75,9997,9586,0.3684210526315789,0.0008200027324171252,4,4
#,#,#,#,#,#,#,2.0,0.0,#,"-1.8680722654152286,1.636715415209483",#,"-1.0261979196506739,3.4468294858420023",#,#,"-0.8608307396461985,-0.6468570453754712","-2.4288019336091806,2.803979653195993",#,#,0.0,0.03125,0.5,1,90.32000000000001,9633,9590,0.3157894736842105,0.0009059650983720459,3,6
#,#,#,#,#,#,#,#,#,"-4.1831277881681075,0.06397066189651257",#,#,#,"-3.199466763658253,2.064220065950628",#,"-1.7842224285365882,2.6496563392383514",#,#,#,0.0,0.05292214940134466,0.5555555555555556,1,89.68282250363953,9981,9594,0.15789473684210525,0.0008995738165610331,105,189
#,#,#,#,0.0,#,#,1.0,#,#,"-3.303781623402219,1.36926861743073",#,#,#,#,#,#,#,"-1.339359348613811,0.2875219095930879",0,0.3276800000000001,0.8,2,102.6,9854,9601,0.21052631578947367,0.0020582820879754627,4,5
#,#,#,#,0.0,#,#,#,0.0,#,#,#,#,"-2.1716222492102615,2.390875925428913",#,"-3.400162588780277,3.221602337976076",#,"-0.3819591091346297,0.19923739616937453",#,1,0.004115226337448558,0.3333333333333333,1,95.0,9602,9602,0.2631578947368421,0.0009529083740627143,1,3
#,#,#,#,0.0,#,#,3.0,1.0,#,#,"-1.786837837494272,1.9017992489761713",#,#,"-3.4005370546980616,2.151308493333823","-2.030566970620472,1.9432301792658866",#,#,"-2.280049386854451,0.2875219095930879",0,0.07775999999999998,0.6,1,82.460736,9977,9604,0.3684210526315789,0.0008271318512186813,6,10
#,#,#,#,#,#,#,#,#,#,#,#,"-2.3624697268905885,2.6695231707312943",#,#,#,#,#,#,0,0.0316666607800829,0.5013262599469496,1,95.12851582352202,9987,9610,0.05263157894736842,0.0009511611009485473,189,377
#,#,#,#,#,#,#,#,#,"-1.1583659345792618,5.772676516339855","-1.623109479070182,2.298914830200329",#,"-1.0261979196506739,2.514914308133628","-2.6860738356311153,3.1275504239369014","-1.9486153418497678,0.9915044327660181","-1.4117156699130768,1.2735911894435767","1.239563015368958,2.4911926389091184",#,#,0.0,0.012558674125514407,0.4166666666666667,1,92.72068352,9723,9610,0.3684210526315789,0.0009300454292108074,5,12
#,#,#,0.0,4.0,#,#,#,1.0,#,#,#,#,#,#,"-0.49834347995078043,3.4359433139903635","-3.6259088772512156,1.862332151096177",#,#,1.0,0.06754356352880661,0.5833333333333334,1,94.99692032,9816,9611,0.2631578947368421,0.0009528774829799623,7,12
#,2.0,#,0.0,#,#,#,0.0,#,#,"-1.3109012098108872,2.740303407820647","-2.507284893427056,-0.04819350244676035",#,#,#,#,#,#,#,1,1.0,1.0,1,122.5,9877,9611,0.2631578947368421,0.0012287502718177105,2,2
#,#,"9.219999999999999,16.78",2.0,#,#,1.0,#,#,#,#,#,"-0.6033207900626162,2.278769776088057","-1.8269848047374047,2.336827164953202","-2.330630851399553,3.898604577917996",#,"-3.235705312451096,1.5020834215481833",#,#,1.0,0.13168724279835387,0.6666666666666666,1,96.12928,9989,9612,0.3684210526315789,0.0009642357463644146,6,9
#,#,#,0.0,#,#,#,0.0,#,#,#,#,#,#,#,#,#,#,#,1,0.03125,0.5,1,83.93397037820804,9877,9615,0.10526315789473684,0.000841909297281329,10,20
#,#,#,#,#,#,1.0,#,#,"-4.1831277881681075,-0.5609386624523252",#,#,"-0.7357097618903816,2.0724810461538645","-2.3745186595043966,2.574918210127834","-2.820058160199381,2.151308493333823",#,#,"-1.5691541577123167,0.5941964458103041",#,0,0.07775999999999998,0.6,1,101.31397689344,9981,9616,0.3157894736842105,0.0010162414420142665,9,15
#,#,#,#,#,#,#,#,#,"-4.1831277881681075,-0.5609386624523252",#,#,"-0.7357097618903816,2.0724810461538645",#,"-2.820058160199381,2.151308493333823",#,#,"-1.5691541577123167,0.5941964458103041","-0.051922971069528034,1.858827761170501",0,0.1148279438394322,0.6486486486486487,1,106.12628480661581,9977,9616,0.2631578947368421,0.001064511847372514,24,37
#,#,#,#,#,4.0,#,5.0,1.0,#,"0.2865831380952357,2.3921222534929227",#,#,#,"-2.5462778383055062,2.329234087847897","-1.4912597595560824,2.229373145473857",#,#,#,1,0.13168724279835387,0.6666666666666666,1,104.8,9842,9617,0.3157894736842105,0.0010512083958081312,4,6
#,2.0,#,#,#,#,#,#,#,#,#,"-3.7999971361604308,2.451733648821306",#,#,#,#,#,"-1.8435475538392878,2.0491977828789527",#,0,0.024285151350668766,0.47540983606557374,1,93.96214823270847,9977,9620,0.15789473684210525,0.0009328808140320739,87,183
#,#,#,#,1.0,#,0.0,#,0.0,"-4.080319898214707,-0.31775399628718737",#,"-0.3147441660315271,-0.11136004968998758","-1.7116567851500508,1.10635123802878",#,#,#,"-0.5052283430001867,3.525427744133528",#,"-1.1281622440164576,2.000751241002046",0.0,0.07009387860082306,0.9166666666666667,1,93.45423616000001,9620,9620,0.42105263157894735,0.0009374034129315635,0,0
#,#,#,0.0,#,#,#,0.0,#,#,#,#,#,#,#,#,#,#,#,0,0.040386107340619246,0.5263157894736842,1,83.62258868522188,9981,9622,0.10526315789473684,0.0008387859475678938,10,19
#,#,#,#,#,#,#,2.0,0.0,#,#,"-3.7999971361604308,-0.11136004968998758",#,#,"-3.2161486063292384,0.5444697100397904",#,#,#,#,0.0,0.13900144363810318,0.6739130434782609,1,95.0915188760389,9976,9623,0.21052631578947367,0.0009538263646244225,31,46
3.0,#,#,2.0,#,#,1.0,#,0.0,#,"-2.6072596743320524,2.232685217959216",#,#,#,#,#,#,"-1.8435475538392878,2.0491977828789527","-1.1281622440164576,2.000751241002046",0.0,1.0,1.0,1,72.0,9623,9623,0.3684210526315789,0.0007222042413948992,1,1
#,#,#,#,#,0.0,#,#,#,#,#,#,#,#,#,#,"0.5819344923720953,2.4911926389091184","-0.0982747472177189,1.6096336239843496",#,1.0,0.010240000000000003,0.4,1,105.11214000128,9997,9632,0.15789473684210525,0.0010543393518197065,6,15
#,#,#,#,#,4.0,#,2.0,0.0,#,#,#,#,#,#,#,#,#,#,0.0,0.401877572016461,0.8333333333333334,2,96.99709440000001,9976,9633,0.15789473684210525,0.0019458809160739288,10,12
#,#,#,#,#,0.0,#,#,#,"-0.20552306886708616,3.2599981565924723",#,#,#,#,"-0.7366959289162589,1.6988511764176162","-0.5358043871407504,2.229373145473857",#,#,#,1,0.014458261438686257,0.42857142857142855,1,104.10883348479999,9997,9635,0.21052631578947367,0.0010442755709638592,6,14
#,#,#,#,#,#,#,#,#,#,#,#,#,"-2.215079029157972,3.44142025042172","-1.4294219741724836,2.955547508973333",#,#,#,"-1.2669425585944973,0.8826520151755355",1,0.04245401678844722,0.5315985130111525,1,94.30478415162517,9997,9635,0.15789473684210525,0.0009382508902884947,143,269
#,2.0,#,#,#,#,4.0,#,#,"-1.7928023067834449,3.653016761795861","-3.0391459761755457,3.05250880205312",#,#,"-6.096394837796949,1.9381413956308031",#,#,#,"0.2739426478863187,1.6971996238880427","-3.8873072784686764,1.7430488832089004",0,0.00012860082304526745,0.16666666666666666,1,99.16447232,9638,9638,0.3684210526315789,0.0009946805903498761,2,12
1.0,#,#,#,#,#,0.0,#,#,"-4.553763259574627,2.636935267438397",#,#,"-1.0261979196506739,3.4468294858420023",#,#,#,#,#,#,0,0.06754356352880661,0.5833333333333334,1,103.26021376,9977,9639,0.21052631578947367,0.0010213699979584572,7,12
#,0.0,"-2.2502561959178857,2.31",1.0,1.0,#,#,#,#,#,"-1.8680722654152286,1.636715415209483","-3.2380217816335453,0.2047061657388689",#,#,"-2.764506070532069,1.8166107875902027",#,#,#,#,0.0,0.03125,0.5,1,62.5,9641,9641,0.3684210526315789,0.0006269134039886278,1,2
#,#,#,1.0,#,#,#,#,#,#,#,#,"-1.0261979196506739,3.602949781588508","-0.7972792350254823,1.2105706811421968",#,#,#,#,#,0.0,0.03125,0.5,2,98.30964887202754,9903,9641,0.15789473684210525,0.0019185969764934985,15,30
#,#,#,#,#,#,#,1.0,#,#,"-3.0391459761755457,3.05250880205312",#,#,#,"-2.9552626456179705,2.329234087847897",#,"-1.1648932687798357,1.2393577305630818","-1.4826460561060784,2.1316722626246625",#,1.0,0.07042962777237427,0.5882352941176471,1,89.0815433980628,9988,9643,0.2631578947368421,0.0008935426176678436,30,51
#,#,"-1.52,3.52",#,4.0,#,#,#,#,#,#,"-4.027961284732154,1.5532328109488525",#,"-2.132688393987853,3.2234901298751555",#,#,#,#,"-3.385822113070022,0.7495485293742175",1,0.13168724279835387,0.6666666666666666,1,89.05550592,9980,9643,0.2631578947368421,0.0009184971715443255,8,12
#,#,"8.57,15.43",#,#,#,#,#,#,#,#,#,#,"-2.215079029157972,3.44142025042172","-1.4294219741724836,2.955547508973333",#,#,#,#,1,0.03005739359980063,0.49612403100775193,1,99.04037485135049,9997,9645,0.15789473684210525,0.0009684605264683549,64,129
#,#,#,#,3.0,#,#,#,#,#,#,#,#,#,#,#,"-3.738578895107429,0.7870700448321801",#,"-1.2669425585944973,0.8826520151755355",1,0.0842909133538739,0.6097560975609756,1,85.13457536809588,9989,9645,0.15789473684210525,0.00085395210305823,25,41
#,#,#,#,#,#,4.0,#,#,#,#,#,#,#,"-2.823374409588389,2.329234087847897",#,"-1.1648932687798357,1.2393577305630818","-1.4826460561060784,2.1316722626246625",#,1,0.0710607135913654,0.5892857142857143,1,95.03429586401292,9997,9647,0.21052631578947367,0.0009934608426550079,33,56
#,2.0,#,#,#,#,#,1.0,1.0,#,"-3.0391459761755457,4.162986067723186",#,#,"-1.44004567411818,3.2234901298751555","-2.9552626456179705,2.0996168409310667",#,#,#,#,1.0,0.10189707818930038,0.6333333333333333,1,88.67790595044002,9988,9647,0.3157894736842105,0.0008894938860475799,19,30
#,#,#,#,#,#,2.0,5.0,1.0,"-1.2111666790955595,2.3533694385199855",#,#,"-0.8715720251613226,1.3614925858507285","-3.069366394948335,3.2234901298751555",#,#,#,"-0.6783942621173875,2.22504996892613",#,1.0,0.016028404235839844,0.4375,1,79.14644242431999,9920,9651,0.3684210526315789,0.0007938874501411262,7,16
#,#,"-4.48,4.48",#,#,#,#,2.0,#,#,"-1.8680722654152286,1.636715415209483",#,"-1.0261979196506739,3.4468294858420023",#,#,"-0.8608307396461985,2.199170100085802","-2.4288019336091806,2.803979653195993",#,#,0.0,0.3276800000000001,0.8,1,94.98246400000001,9950,9652,0.3157894736842105,0.0009527324772074768,8,10
#,2.0,"-4.48,4.48",#,#,#,#,2.0,0.0,#,"-1.8680722654152286,0.3674111863611653",#,"-1.0261979196506739,3.4468294858420023",#,#,"-0.8608307396461985,2.199170100085802","-2.4288019336091806,2.803979653195993",#,#,0.0,0.03125,0.5,1,83.0,9652,9652,0.42105263157894735,0.0008325410004968978,1,2
#,#,#,#,#,#,4.0,#,#,#,#,#,#,#,"-0.7742184111272399,4.080397960912778",#,#,"-1.1206881742851937,2.1243377309987372",#,1.0,0.13168724279835387,0.6666666666666666,2,100.66021654148597,9997,9659,0.15789473684210525,0.002019367647944171,26,39
#,#,#,#,#,#,#,#,#,"-1.1583659345792618,5.772676516339855","-1.623109479070182,2.298914830200329",#,"-1.0261979196506739,2.514914308133628",#,"-1.9486153418497678,0.9915044327660181","-1.4117156699130768,1.2735911894435767","1.239563015368958,2.4911926389091184",#,#,1,0.16806999999999994,0.7,1,93.224,9906,9660,0.3157894736842105,0.0009350940027749734,7,10
#,#,#,#,#,#,#,#,#,"-1.1583659345792618,5.772676516339855","-1.623109479070182,2.298914830200329",#,"-1.0261979196506739,2.514914308133628","-2.6860738356311153,3.1275504239369014","-1.9486153418497678,0.9915044327660181",#,"1.239563015368958,2.4911926389091184",#,#,0.0,0.0009765625,0.25,1,90.16215808,9723,9660,0.3157894736842105,0.000904381846926297,3,12
#,#,#,#,#,#,0.0,#,#,"-1.1583659345792618,5.772676516339855","-1.623109479070182,2.298914830200329",#,"-1.0261979196506739,2.514914308133628",#,"-1.9486153418497678,0.9915044327660181","-1.4117156699130768,1.2735911894435767","1.239563015368958,2.4911926389091184",#,#,1,1.0,1.0,1,83.0,9663,9663,0.3684210526315789,0.0008325410004968978,1,1
#,0.0,#,#,#,0.0,0.0,#,#,"-4.553763259574627,-0.5609386624523252",#,#,#,"-2.5588117321358794,3.176250037437975",#,"-2.357172134607318,2.199170100085802","-2.1131406004542836,2.1416296710943814",#,"-2.5434328770717696,0.9638228832863769",1,0.1,1.0,1,92.0,9666,9666,0.42105263157894735,0.0009228165306712601,0,0
#,#,#,#,#,#,3.0,#,1.0,#,#,"0.3199050119337197,2.1642235551689413",#,"-2.6860738356311153,3.1275504239369014",#,"-1.1770287960306836,1.2735911894435767","-3.0423587078240875,2.803979653195993",#,"-2.9971676076303044,1.0034667379972566",1.0,0.3276800000000001,0.8,2,90.53238595397222,9944,9667,0.3684210526315789,0.0018161909199877427,16,20
#,#,#,#,3.0,2.0,#,#,#,#,"-1.2564544661274333,1.36926861743073",#,"-4.31234186262562,3.060273608132551",#,#,"-1.4117156699130768,2.4450130142643376",#,"-1.4209032577141394,2.507285996050619",#,1,0.03125,0.5,1,93.4624,9951,9667,0.3157894736842105,0.0009374853012631476,4,8
#,#,#,#,#,#,#,5.0,1.0,#,#,#,#,"-1.8830717197453999,3.392756959804105",#,#,#,#,#,1.0,0.05228759859739279,0.5542168674698795,1,94.20781750206991,9997,9669,0.15789473684210525,0.0009449622968409932,46,83
#,#,#,#,#,#,#,5.0,1.0,"-2.1644114724616834,7.585036620699073",#,"-0.365496246194124,2.093595144786172","-0.9962427937134501,2.7726448697143535",#,#,#,#,#,#,1.0,0.07775999999999998,0.6,1,102.91390572325164,9997,9669,0.2631578947368421,0.0010322897112756547,27,45
#,#,#,#,#,#,4.0,#,#,#,#,#,#,"-5.789345329707389,3.2234901298751555","-2.330630851399553,4.080397960912778",#,#,"-1.1206881742851937,2.1243377309987372",#,1.0,0.051983837228233604,0.5535714285714286,1,101.81573672154299,9997,9671,0.21052631578947367,0.0010212744014033992,31,56
#,#,#,#,#,0.0,4.0,#,1.0,#,#,#,#,#,"-0.7742184111272399,3.898604577917996","-0.6991131872520162,3.672316583793699",#,#,#,1.0,0.010240000000000003,0.4,1,101.0,9997,9671,0.2631578947368421,0.0010130920608456225,2,5
#,#,#,#,3.0,2.0,#,#,#,#,"-1.2564544661274333,1.36926861743073",#,"-4.31234186262562,3.060273608132551",#,#,"-1.4117156699130768,2.4450130142643376",#,"-1.4209032577141394,2.507285996050619",#,0,0.13168724279835387,0.6666666666666666,1,91.6,9900,9674,0.3157894736842105,0.0009188042848857329,4,6
#,#,#,#,#,0.0,#,3.0,1.0,#,#,#,#,#,"-3.151498660084439,2.151308493333823","-2.7404445754259514,1.9432301792658866","-2.4288019336091806,0.36535017868556763",#,#,0,0.095367431640625,0.625,1,95.49600000000001,9977,9677,0.3157894736842105,0.0009578835588367681,5,8
#,#,#,#,#,#,4.0,5.0,#,"-1.422802747569294,2.3397631543582262",#,"-2.356261088048633,0.9635122897747661",#,#,#,#,"-1.7062574116580382,1.9708323520428945",#,"-0.332678814513204,1.139086628841476",1.0,1.0,1.0,1,118.5,9997,9678,0.3157894736842105,0.0011886278139624383,2,2
4.0,2.0,"0.41000000000000014,5.59",2.0,#,4.0,4.0,#,1.0,#,"-0.3341676756567402,3.05250880205312",#,#,"-1.8830717197453999,1.9381413956308031",#,#,#,"-0.19343670966465853,2.22504996892613","-2.1867815837217504,0.9201152830542555",1,0.1,1.0,1,115.5,9678,9678,0.5789473684210527,0.0011585359705709843,0,0
#,#,#,#,#,#,1.0,2.0,#,"-4.1831277881681075,-0.5609386624523252",#,#,"-0.7357097618903816,2.0724810461538645",#,"-2.820058160199381,2.151308493333823",#,#,"-1.5691541577123167,0.5941964458103041","-0.051922971069528034,1.858827761170501",0,0.0,0.0,1,105.0,9687,9687,0.3684210526315789,0.0010532145187008948,0,1
#,#,#,#,2.0,#,1.0,#,#,"-4.1831277881681075,-0.5609386624523252",#,#,"-0.7357097618903816,2.0724810461538645",#,"-2.820058160199381,2.151308493333823",#,#,"-1.5691541577123167,0.5941964458103041","-0.051922971069528034,1.858827761170501",0,0.03125,0.5,1,99.5,9687,9687,0.3684210526315789,0.0009980461391498954,1,2
4.0,0.0,#,#,#,#,#,#,0.0,"-3.0098977607114943,2.636935267438397",#,#,"-0.22163073872767358,1.7736627301458694",#,"-1.8722015916037762,0.8627935475736993",#,#,#,#,0.0,1.0,1.0,1,104.33333333333333,9894,9691,0.3157894736842105,0.0010465274423916828,3,3
4.0,0.0,#,#,#,#,#,#,0.0,#,#,#,#,#,#,#,#,#,"-1.7607925245102574,2.000751241002046",0.0,0.401877572016461,0.8333333333333334,1,97.2,9916,9691,0.21052631578947367,0.000974975725883114,5,6
3.0,2.0,#,#,0.0,#,#,3.0,1.0,"-2.0881959144849835,4.999177812039015",#,"0.2168688012568729,2.307096483590124",#,"-2.1716222492102615,1.2065648205387216",#,#,"-2.4288019336091806,1.0813733211523529",#,#,0,0.05658436213991769,0.8333333333333333,1,84.5,9692,9692,0.47368421052631576,0.0008475869221926248,0,0
#,2.0,#,#,0.0,#,#,1.0,#,"0.5746127351181858,3.148999931173857","-3.7076092948359887,1.365404555998472","0.005485259745119375,3.5096904918920413",#,#,"-1.668476048920858,0.587894940900559",#,#,#,"-1.339359348613811,0.2875219095930879",0,0.1,1.0,1,113.5,9696,9696,0.42105263157894735,0.001138474741643348,0,0
#,2.0,#,#,0.0,#,#,1.0,#,#,"-3.7076092948359887,1.365404555998472",#,#,#,"-4.332995877192603,0.587894940900559",#,#,#,"-1.339359348613811,0.2875219095930879",0,1.0,1.0,1,143.0,9854,9696,0.3157894736842105,0.0014343778683259805,1,1
#,#,#,#,#,#,1.0,#,1.0,"-4.1831277881681075,-0.5609386624523252",#,#,"-0.7357097618903816,2.0724810461538645","-2.3745186595043966,2.574918210127834",#,#,"-1.6970593534565928,0.8486181752594373","-1.5691541577123167,0.5941964458103041",#,0,0.07775999999999998,0.6,1,102.024704,9981,9704,0.3684210526315789,0.0010233704716091547,6,10
#,#,#,#,#,#,#,#,#,#,#,#,#,#,"-3.3999915878657183,2.151308493333823","-1.1770287960306836,2.4450130142643376",#,#,#,0.0,0.0331944363597478,0.5060728744939271,1,91.72709454382809,9987,9704,0.10526315789473684,0.0009519942659087527,125,247
#,#,#,#,#,#,4.0,#,#,"2.237022067784399,3.653016761795861","-3.0391459761755457,3.05250880205312",#,"-1.5511973719358423,0.7396951293634108",#,#,"-0.2179123458748683,1.5931085592726424",#,"0.2739426478863187,1.6971996238880427",#,1.0,1.0,1.0,1,133.0,9816,9706,0.3157894736842105,0.0013340717236878,1,1
#,#,#,#,1.0,#,0.0,#,0.0,"-4.080319898214707,-2.195227493782543","-1.2564544661274333,1.36926861743073",#,#,#,"-3.386571966192427,1.262919770409281","-1.1477367392317264,1.2877741332080295","-2.4288019336091806,1.0440961005861311",#,#,0.0,1.0,1.0,1,106.0,9916,9707,0.42105263157894735,0.0010632451331647128,2,2
#,#,#,#,#,#,0.0,#,#,#,#,"-2.0944095104713116,0.3032045957344769","-4.31234186262562,2.4154554678916",#,#,#,"-5.034081940395984,2.803979653195993","-1.4209032577141394,2.507285996050619","0.5476030264427361,3.4734400851852807",0,0.46266436603796024,0.8571428571428571,1,105.67999999999999,9950,9707,0.3157894736842105,0.001060035336536291,6,7
#,#,#,2.0,#,#,#,#,0.0,#,#,"-3.7999971361604308,-0.11136004968998758",#,#,#,#,#,"-1.8435475538392878,2.0491977828789527","-1.1281622440164576,2.000751241002046",0.0,0.1991161489782947,0.7241379310344828,1,99.4466661397692,9950,9712,0.2631578947368421,0.0009975111677600532,21,29
#,#,#,#,#,#,#,#,#,#,#,"-3.7999971361604308,-0.11136004968998758",#,#,#,#,#,"-1.8435475538392878,2.0491977828789527","-1.1281622440164576,2.000751241002046",0.0,0.06845877461429264,0.5849056603773585,1,85.20183104935407,9987,9712,0.15789473684210525,0.0008546267188674323,62,106
#,#,"3.1999999999999997,8.8",#,#,#,#,#,#,#,"-2.125977153022569,3.05250880205312","-0.365496246194124,2.093595144786172","-0.6033207900626162,1.3614925858507285",#,#,"-0.49834347995078043,3.4359433139903635","-3.511499155376157,1.014149784563452",#,#,1.0,0.06092699470458736,0.5714285714285714,1,95.83128786220875,9988,9714,0.3157894736842105,0.0009612467021169818,12,21
#,#,"-4.48,4.48",#,#,#,#,2.0,#,#,#,#,"-1.0261979196506739,3.4468294858420023",#,#,"-0.8608307396461985,2.199170100085802","-2.4288019336091806,2.803979653195993","-1.8435475538392878,2.0491977828789527","-1.1281622440164576,2.000751241002046",0.0,0.16806999999999994,0.7,1,94.13216,9950,9723,0.3684210526315789,0.0009821496213476366,7,10
#,#,#,#,4.0,4.0,4.0,#,#,"2.237022067784399,5.116895444413853","-0.3341676756567402,3.05250880205312",#,#,#,"-1.0026840574067182,1.8006859602501943",#,"-2.3920802772931795,1.426436015780866",#,"-2.1867815837217504,2.2318294845833173",1.0,0.1,1.0,1,110.2,9725,9725,0.42105263157894735,0.0011053737139127486,0,0
#,#,#,#,0.0,#,#,4.0,#,#,#,"-2.8784593345281406,1.36347331491287","-1.3143122271119698,1.1907948235421515","0.49013287434346475,5.518132233969858","-3.151498660084439,0.008009275757599355","-3.400162588780277,0.5799910355523581",#,#,"-0.44492291405375173,3.469658163239984",0.0,0.1,1.0,1,70.0,9730,9730,0.42105263157894735,0.0007021430124672631,0,0
#,#,#,#,#,#,#,#,1.0,#,#,#,#,#,#,#,#,"-1.4209032577141394,2.507285996050619",#,1,0.05264564974863123,0.5549738219895288,1,95.14478704539394,9997,9732,0.10526315789473684,0.0009196166022289787,106,191
#,#,#,#,#,#,#,#,#,#,#,#,"-1.4476116363595268,3.060273608132551",#,"-3.151498660084439,0.17280465374646203","-2.7404445754259514,1.9432301792658866","-1.1265981691220561,1.0440961005861311",#,"-1.6527469837413786,1.7507777580611736",1.0,0.0357074950308936,0.5135135135135135,1,87.77846739088335,9989,9733,0.2631578947368421,0.0008359650038888776,57,111
#,2.0,#,#,#,#,#,#,1.0,"-2.426939099660037,4.999177812039015",#,#,#,#,#,#,"-2.4288019336091806,0.9240865067880792",#,#,1,0.040127884995133076,0.5256410256410257,1,97.14707281464823,9997,9733,0.21052631578947367,0.0009447217979762023,41,78
#,#,#,#,#,4.0,#,0.0,#,#,#,#,#,#,#,"-1.4912597595560824,2.229373145473857","-0.9572236126452225,3.9219916507271693",#,#,1,0.014458261438686257,0.42857142857142855,1,89.824,9792,9734,0.21052631578947367,0.000900989913597992,3,7
#,#,#,#,#,#,3.0,#,1.0,#,#,#,#,#,#,#,#,#,#,1.0,0.2662118732867609,0.7674418604651163,3,86.00880965350477,9944,9734,0.10526315789473684,0.002588163630378654,33,43
#,#,#,#,#,#,#,0.0,#,#,#,#,#,#,#,"-1.4912597595560824,2.229373145473857",#,#,#,1,0.044483005273062606,0.5365853658536586,1,91.21479651388617,9989,9736,0.10526315789473684,0.0009149404572264064,22,41
#,#,#,#,#,4.0,#,#,1.0,#,"-1.3048183612722524,0.7813647819567426",#,#,#,#,#,#,"-1.4209032577141394,2.507285996050619",#,1.0,0.19649623617673456,0.7222222222222222,2,81.13327674359809,9922,9736,0.21052631578947367,0.0016276332384025744,13,18
#,2.0,#,#,#,#,1.0,#,#,"-6.833099791776645,-0.5609386624523252",#,#,"-3.0338593447151854,2.2869232389475953",#,"-3.3999915878657183,0.9915044327660181","-1.1770287960306836,2.4450130142643376","-2.4288019336091806,2.803979653195993",#,#,0,0.014458261438686257,0.42857142857142855,1,94.304,9838,9739,0.3684210526315789,0.000945927066395897,3,7
#,2.0,#,#,#,#,#,#,#,"-6.833099791776645,-0.5609386624523252","-1.4365351340094688,0.8165426606778461",#,"-3.0338593447151854,2.2869232389475953",#,"-3.3999915878657183,0.9915044327660181","-1.1770287960306836,2.4450130142643376","-2.4288019336091806,2.803979653195993",#,#,0,0.16291487262254356,0.6956521739130435,1,96.29831516672996,9977,9739,0.3684210526315789,0.0009659312729527102,16,23
#,#,#,#,#,#,#,#,#,"-4.1831277881681075,-0.5609386624523252","-1.2564544661274333,2.6655698431430777",#,"-0.819998561735038,3.8356861989698956",#,#,#,"-1.6970593534565928,0.8486181752594373","-1.5691541577123167,-1.246968876562137","-3.202705431936204,0.7979289136913568",0,0.05658436213991769,0.8333333333333333,1,95.5,9741,9741,0.3157894736842105,0.0009579236812946233,0,0
#,#,#,2.0,#,#,1.0,#,1.0,#,#,#,"-0.7357097618903816,2.0724810461538645","-5.205327934708705,2.574918210127834","1.425834773223193,3.3403313706474256",#,#,#,#,0,1.0,1.0,1,76.5,9861,9741,0.3157894736842105,0.0007673420064820805,2,2
#,#,#,#,#,#,#,0.0,#,#,#,#,#,#,"-1.5503431946816124,2.2102751216874164","-1.4912597595560824,2.229373145473857",#,#,#,1,0.046146775269833545,0.5405405405405406,1,93.25508684305268,9989,9745,0.15789473684210525,0.0009354058229125321,20,37
#,#,#,#,#,#,#,3.0,1.0,"-3.5344442896581,4.999177812039015",#,#,#,#,#,"-2.7404445754259514,3.221602337976076","-2.4288019336091806,1.0440961005861311","0.06863743272468925,2.1181274781671715","-2.280049386854451,0.2875219095930879",0,0.012558674125514407,0.4166666666666667,1,75.15660543999999,9933,9748,0.3684210526315789,0.0007538669335779299,5,12
#,#,#,#,#,0.0,#,#,#,#,"-3.391325476216652,-1.1382476815293374",#,#,#,"-2.871676201322166,1.9145652922384162",#,#,#,"-0.051922971069528034,1.858827761170501",0.0,0.2373046875,0.75,1,90.75,9836,9752,0.21052631578947367,0.0009102782625914876,3,4
#,0.0,#,#,#,#,#,#,#,#,#,#,#,"-4.452249034011964,1.9666157216409839",#,"-1.2926580783541763,2.5167307221285182","-1.834604608790391,2.352721515218958",#,"-0.8917156000050802,1.8991289236507412",1.0,0.018597653331269857,0.4507042253521127,1,94.41303012675925,9975,9754,0.2631578947368421,0.0009470207055623602,32,71
#,#,#,2.0,3.0,#,#,#,1.0,"-2.1644114724616834,5.261705439237369",#,#,#,#,#,"0.07263336368459994,3.81957316743807",#,#,"-1.44468485776931,1.8991289236507412",1.0,1.0,1.0,1,92.75,9989,9756,0.3157894736842105,0.0009303394915191237,4,4
#,#,#,#,0.0,#,#,#,#,"-6.074952651774705,-0.5609386624523252",#,#,#,"-2.769528836782005,2.808407952803525",#,"-2.521428491127124,2.199170100085802","-1.9414862477077062,2.803979653195993","-3.7485091530689223,0.29354065877597324",#,0,0.28462802079628785,0.7777777777777778,1,110.824,9977,9761,0.3157894736842105,0.001116206777533672,7,9
#,#,"2.13,7.87",2.0,#,#,#,5.0,#,#,"-2.125977153022569,2.797415064997859","-0.365496246194124,2.093595144786172","-0.6033207900626162,1.3614925858507285","-1.8269848047374047,1.4086955347189223","-2.330630851399553,3.3616530601010903",#,#,#,#,1.0,0.2373046875,0.75,1,101.25,9944,9764,0.42105263157894735,0.001015599714461577,3,4
0.0,#,#,0.0,0.0,#,#,#,0.0,#,"-3.303781623402219,1.36926861743073",#,"-1.0411702061667256,0.8063237464939623",#,"-3.151498660084439,2.293465956433529",#,#,"-0.3819591091346297,0.19923739616937453",#,0.0,0.1,1.0,1,123.75,9765,9765,0.42105263157894735,0.0012412885398974832,0,0
#,#,#,2.0,#,#,0.0,0.0,#,#,#,"-1.2703735750849265,3.1603097150379313","-1.0261979196506739,1.1907948235421515",#,#,#,#,#,#,0,0.03125,0.5,1,109.25,9768,9768,0.2631578947368421,0.0010958446301721214,2,4
#,#,#,#,#,#,#,#,#,#,#,#,#,#,#,"-1.0133878942644372,1.2972249847168695",#,"-1.4209032577141394,2.507285996050619",#,0.0,0.036346149473444035,0.5153374233128835,1,90.62228858487212,9981,9773,0.10526315789473684,0.0009089972386237112,84,163
1.0,#,#,#,0.0,#,#,#,#,#,#,#,#,"-2.769528836782005,2.808407952803525",#,"-2.521428491127124,2.199170100085802",#,#,#,0,0.20346349914002398,0.7272727272727273,1,96.49952,9977,9776,0.21052631578947367,0.0009366026071903318,8,11
#,#,#,#,0.0,#,0.0,#,#,"-6.074952651774705,-0.5609386624523252",#,#,#,"-1.6761411321872042,0.44504609765518044",#,#,"-1.9414862477077062,2.803979653195993","-3.7485091530689223,0.29354065877597324","-2.1938283131554077,2.1650717947671585",0,0.18593443208187066,0.7142857142857143,1,110.824,9977,9776,0.3684210526315789,0.001116206777533672,5,7
#,#,#,#,#,#,1.0,#,1.0,#,#,#,"-0.6033207900626162,2.278769776088057",#,#,#,"-3.235705312451096,1.5020834215481833",#,#,1.0,0.03125,0.5,1,88.80835266009157,9989,9777,0.21052631578947367,0.0008908023467001682,11,22
#,2.0,"9.219999999999999,16.78",2.0,#,#,1.0,#,#,"-2.426939099660037,4.999177812039015",#,#,#,"-1.8269848047374047,2.336827164953202","-2.330630851399553,3.898604577917996",#,#,#,#,1,0.004115226337448558,0.3333333333333333,1,85.66666666666667,9989,9777,0.3684210526315789,0.0008592893057337459,1,3
#,#,#,#,0.0,#,#,#,#,#,"-3.303781623402219,1.36926861743073",#,#,#,#,#,#,#,"-1.339359348613811,0.2875219095930879",0,0.18593443208187066,0.7142857142857143,2,91.52603413025317,9987,9778,0.15789473684210525,0.00174848741612897,20,28
#,0.0,#,#,#,#,#,#,0.0,#,#,"-3.7999971361604308,0.9565899857244862",#,#,#,#,#,"-1.8435475538392878,2.0491977828789527","-1.1281622440164576,2.000751241002046",0.0,0.17831521367830508,0.7083333333333334,1,97.39253094630371,9950,9781,0.2631578947368421,0.0009769069295778405,17,24
#,#,#,#,#,4.0,#,#,0.0,#,#,#,#,"-2.5095571119442677,3.304067147623749","-0.18588520974455203,0.8627935475736993",#,#,#,"-1.7607925245102574,2.000751241002046",0.0,1.0,1.0,1,91.096,9976,9781,0.2631578947368421,0.0009137488551959687,7,7
#,#,#,#,#,#,#,#,0.0,#,#,"-3.7999971361604308,-0.11136004968998758",#,#,#,#,#,#,"0.8969561975434674,1.858827761170501",0,0.48894551440329226,0.8666666666666667,1,104.02352310272,9950,9786,0.15789473684210525,0.0010434198554114538,13,15
#,#,#,#,#,#,#,#,#,"-4.1831277881681075,-0.5609386624523252",#,"-3.991997246913093,0.004026263429887544","-0.7357097618903816,2.0724810461538645","-3.2865555858801474,1.2700688337812713","-2.820058160199381,2.151308493333823",#,#,"-1.8435475538392878,2.0491977828789527","-0.051922971069528034,2.000751241002046",0.0,0.048282842081079885,0.5454545454545454,1,109.553088,9950,9786,0.3684210526315789,0.0010988847890487311,6,11
#,#,#,#,#,#,4.0,#,0.0,#,#,#,#,#,"-2.373602260399524,0.42976775725738847",#,#,#,#,1.0,0.1043582467665522,0.6363636363636364,1,91.219904,9996,9789,0.15789473684210525,0.0009456349749027105,7,11
#,#,#,#,#,#,4.0,0.0,#,#,#,#,#,#,"-2.3178040767157104,1.1693147257355707","-1.4912597595560824,2.229373145473857","-1.2906785768487792,3.9219916507271693",#,#,1,1.0,1.0,1,119.66666666666667,9931,9792,0.2631578947368421,0.0012003301975035594,3,3
#,#,"-2.1,2.1",#,#,#,#,#,#,#,#,#,#,#,#,#,"-0.9572236126452225,2.598550980911823",#,#,1.0,0.06600153808263474,0.5806451612903226,1,99.83161549067006,9920,9792,0.10526315789473684,0.0010013724462870368,18,31
#,#,"-4.48,4.48",#,#,#,#,2.0,0.0,#,#,"-3.7999971361604308,0.9565899857244862","-1.0261979196506739,3.4468294858420023",#,#,"-0.8608307396461985,2.199170100085802","-2.4288019336091806,2.803979653195993",#,"-1.1281622440164576,2.000751241002046",0.0,0.095367431640625,0.625,1,93.5792,9950,9798,0.42105263157894735,0.0009752164606302456,5,8
#,0.0,#,#,#,#,4.0,#,#,"0.2860339062056605,3.8505700238212057",#,#,#,#,#,"-1.855300757457296,0.2055161346071126",#,"-1.8435475538392878,2.0491977828789527","-1.1281622440164576,2.000751241002046",0.0,0.0003200000000000001,0.2,1,90.4,9798,9798,0.3157894736842105,0.0009067675475291513,1,5
#,#,#,#,#,1.0,#,#,#,#,"-2.5535056857889233,1.034729320564948",#,#,#,#,"-1.0133878942644372,3.067084518890238",#,#,#,0.0,0.06092699470458736,0.5714285714285714,2,91.42818467724798,9981,9800,0.15789473684210525,0.0018341617432484619,16,28
#,2.0,#,#,#,#,#,#,#,"-6.158177876670227,3.678456600719458",#,#,#,#,#,"-0.5358043871407504,1.2972249847168695",#,"-1.4209032577141394,2.507285996050619","-0.36246808594052626,2.5036580124195176",0.0,0.06092699470458736,0.5714285714285714,1,99.93492885962281,9977,9800,0.2631578947368421,0.00100240874285996,16,28
#,#,"-1.52,2.1",#,#,#,#,#,#,#,"-3.0391459761755457,3.05250880205312",#,#,#,#,#,#,"-1.4826460561060784,2.1316722626246625",#,1.0,0.048282842081079885,0.5454545454545454,1,98.3698754960497,9993,9801,0.15789473684210525,0.0009867102959546564,18,33
#,#,"-2.1,3.52",#,4.0,#,#,#,#,"-2.2320905225594245,1.4314604872121082",#,"-0.9401310642493703,2.379642313574029",#,#,"-2.9552626456179705,2.329234087847897",#,"-0.9572236126452225,2.598550980911823",#,#,1,0.03125,0.5,1,105.75,9801,9801,0.3157894736842105,0.0010607374795487583,2,4
#,0.0,#,#,#,#,0.0,#,#,"-4.8488938993945805,2.636935267438397",#,#,"-1.0261979196506739,3.4468294858420023","-2.528854495286314,1.7578969535189004",#,#,"-0.9839984203322802,3.965930107726668",#,"-1.339359348613811,0.2875219095930879",0,0.3276800000000001,0.8,1,98.2,9959,9805,0.3684210526315789,0.0009850063403469321,4,5
#,#,#,#,#,#,0.0,#,#,"-3.1061791195177486,0.1613123216298351",#,#,#,#,"-3.151498660084439,2.293465956433529",#,#,#,#,0.0,0.12171569466590881,0.65625,1,95.95104519204304,9977,9805,0.15789473684210525,0.0009297256830131654,21,32
#,#,"-2.1,2.1",#,#,#,#,1.0,#,#,#,#,#,#,"-2.4797402203244636,2.329234087847897",#,#,#,#,1.0,0.07775999999999998,0.6,1,75.6,9867,9808,0.15789473684210525,0.0007583144534646441,3,5
#,#,#,#,#,#,#,#,#,#,#,#,#,#,#,#,#,"-1.7364630710012752,2.191726182763483","-1.1612022028658118,0.7495485293742175",1.0,0.03968497669782069,0.5244755244755245,1,87.57238744882743,9993,9808,0.10526315789473684,0.0008327351469396762,75,143
4.0,0.0,#,#,#,0.0,#,#,0.0,"-3.0098977607114943,2.039861739243862",#,#,"-0.22163073872767358,1.7736627301458694",#,"-1.8722015916037762,0.8627935475736993",#,#,#,"-1.7607925245102574,2.000751241002046",0.0,0.1,1.0,1,101.0,9809,9809,0.42105263157894735,0.0010130920608456225,0,0
4.0,0.0,#,#,#,#,#,#,0.0,"-3.0098977607114943,2.636935267438397",#,#,"-0.22163073872767358,1.7736627301458694",#,"-1.8722015916037762,0.8627935475736993","-1.9542844421559615,0.23143044336689622",#,#,#,0.0,1.0,1.0,1,110.0,9894,9809,0.3684210526315789,0.001103367591019985,1,1
4.0,0.0,#,#,#,1.0,2.0,#,#,"-4.553763259574627,2.636935267438397","-4.322289694924713,-0.9843966657583207",#,"-2.440837151079741,1.10635123802878",#,#,#,#,"-1.5263174024666384,0.5493556066578759",#,0.0,0.05561787777967414,0.8229166666666667,1,82.0,9813,9813,0.42105263157894735,0.0008225103860330797,0,0
#,#,#,#,#,#,#,#,0.0,#,#,"-3.7999971361604308,0.9565899857244862",#,"-2.05048387750523,1.327703192243753",#,#,#,"-1.8435475538392878,2.0491977828789527","-1.1281622440164576,1.858827761170501",0,0.06504222973314074,0.5789473684210527,1,88.4921727355074,9987,9814,0.2631578947368421,0.0009114339490589252,22,38
#,0.0,#,#,#,3.0,#,#,0.0,#,#,"-3.7999971361604308,-0.11136004968998758",#,#,#,#,#,#,"0.8969561975434674,2.000751241002046",0.0,0.1,1.0,1,85.72,9814,9814,0.2631578947368421,0.0008598242718384828,0,0
#,#,#,#,#,#,3.0,#,#,#,#,#,#,#,"-2.4797402203244636,2.329234087847897",#,#,#,#,1.0,0.16446348194331412,0.696969696969697,1,81.44683813533278,9944,9820,0.10526315789473684,0.0008169618326325162,23,33
#,#,"-2.1,2.1",#,2.0,#,#,1.0,1.0,#,#,#,#,#,#,#,#,#,#,1.0,0.07564544677734375,0.9375,1,51.0,9820,9820,0.21052631578947367,0.0005115613376547203,0,0
#,0.0,#,#,#,0.0,#,5.0,#,#,"-3.0391459761755457,3.05250880205312","0.18148986938382072,2.9479676842366533",#,"-2.528854495286314,1.7578969535189004",#,"-0.8608307396461985,2.199170100085802","-2.4288019336091806,1.1861786457579755",#,#,0.0,0.019659376032161766,0.7156862745098038,1,87.39301119809716,9825,9825,0.42105263157894735,0.0008766056021602457,0,0
#,0.0,#,#,#,0.0,#,#,1.0,#,#,#,"-1.0261979196506739,3.4468294858420023","-4.527384989328969,1.7578969535189004","-2.820058160199381,2.151308493333823",#,#,"-0.5123483838449141,0.9109085921568099",#,0.0,0.004115226337448558,0.3333333333333333,1,108.47999999999999,9964,9825,0.3684210526315789,0.0010881210570349814,2,6
#,#,#,#,2.0,#,2.0,#,1.0,#,"-1.1126654271317888,2.3921222534929227","-2.356261088048633,2.712454947612946",#,"-1.249116030989942,0.045287924257792156",#,"-0.16515405871731748,2.003322997827175",#,"-2.788401528498765,0.6843454929454411",#,1.0,1.0,1.0,1,96.0,9874,9826,0.42105263157894735,0.0009629389885265323,1,1
#,#,#,#,4.0,#,#,#,0.0,#,"-0.3341676756567402,3.05250880205312",#,#,#,#,"-2.1260508123603423,0.746603037183985",#,#,#,1.0,1.0,1.0,1,109.33333333333333,9996,9828,0.21052631578947367,0.001096680514710773,3,3
#,#,#,#,4.0,#,4.0,2.0,#,#,#,"-4.027961284732154,-0.1857498677115379","-2.4615539011098444,2.7528287081835074","-4.759902634861567,3.2234901298751555","-0.14433540970660985,3.479533149703545",#,#,"-1.8122626063387757,-0.3689877312286918","-3.686893080703646,1.7430488832089004",1,0.0,0.0,1,115.0,9828,9828,0.47368421052631576,0.0011535206633390752,0,1
#,#,#,#,0.0,#,0.0,#,#,#,#,#,"-4.31234186262562,3.4468294858420023","0.49013287434346475,5.518132233969858","-3.151498660084439,2.841293240456944","-1.1477367392317264,3.221602337976076","-2.4288019336091806,2.803979653195993","-1.4209032577141394,1.3256535610218454",#,0.0,0.2373046875,0.75,2,99.5,9960,9829,0.42105263157894735,0.001996092278299791,3,4
#,#,"-2.1,2.1",#,#,#,4.0,#,#,#,#,#,#,#,"-2.373602260399524,0.42976775725738847",#,#,#,#,1.0,0.004115226337448558,0.3333333333333333,1,85.66666666666667,9867,9835,0.15789473684210525,0.0008592893057337459,1,3
#,2.0,#,#,#,0.0,#,#,#,#,#,#,#,#,"-3.3999915878657183,2.151308493333823","-4.0644364380953455,2.4450130142643376","-2.4288019336091806,2.803979653195993",#,#,0,0.13168724279835387,0.6666666666666666,1,102.99683440639998,9977,9838,0.2631578947368421,0.001018067677016343,10,15
#,#,"-2.0599999999999996,6.06",#,3.0,0.0,#,#,#,"-6.833099791776645,-0.5609386624523252","-1.4365351340094688,0.8165426606778461",#,"-3.0338593447151854,2.2869232389475953",#,"-2.820058160199381,0.9915044327660181",#,#,#,"-0.051922971069528034,1.858827761170501",0,0.023447562284173187,0.7454106280193237,1,87.71200096144659,9838,9838,0.42105263157894735,0.0008798052654943085,0,0
0.0,0.0,#,#,#,3.0,#,1.0,#,#,#,"-4.027961284732154,1.5532328109488525",#,"-2.132688393987853,3.2234901298751555","-2.4797402203244636,2.329234087847897",#,"-1.9349997831859391,2.9442154801864526",#,"-3.385822113070022,0.7495485293742175",1.0,1.0,1.0,1,94.0,9911,9841,0.47368421052631576,0.0009428777595988962,2,2
0.0,#,#,#,#,#,#,1.0,#,#,#,"-4.027961284732154,1.5532328109488525",#,#,"-2.4797402203244636,2.329234087847897",#,"-1.1648932687798357,1.2393577305630818",#,"-3.385822113070022,0.7495485293742175",1.0,0.3276800000000001,0.8,1,88.0,9986,9841,0.3157894736842105,0.000882694072815988,4,5
4.0,#,"0.41000000000000014,5.59",#,#,#,#,#,1.0,#,#,#,#,"-1.8830717197453999,0.9262738389572363",#,#,"-3.235705312451096,1.5020834215481833",#,#,1.0,0.401877572016461,0.8333333333333334,1,92.4,9988,9842,0.2631578947368421,0.0009268287764567874,5,6
0.0,#,#,#,#,#,#,#,0.0,#,#,#,#,#,#,#,#,#,"-1.1281622440164576,2.000751241002046",0.0,0.03125,0.5,1,90.18719999999999,9987,9845,0.15789473684210525,0.0009046330327712507,4,8
#,#,#,#,#,4.0,#,#,0.0,#,#,"-3.7999971361604308,-0.11136004968998758",#,"-2.5095571119442677,3.304067147623749","-0.18588520974455203,0.8627935475736993",#,#,"-1.8435475538392878,2.0491977828789527","-1.7607925245102574,2.000751241002046",0.0,1.0,1.0,1,111.25,9976,9845,0.3684210526315789,0.0011159058590997574,4,4
#,#,"-4.48,4.48",0.0,#,#,#,2.0,#,#,#,"-3.7999971361604308,0.9565899857244862","-1.0261979196506739,3.4468294858420023",#,#,"-0.8608307396461985,2.199170100085802","-2.4288019336091806,2.803979653195993",#,"-1.1281622440164576,2.000751241002046",0.0,0.13168724279835387,0.6666666666666666,1,85.0,9884,9847,0.42105263157894735,0.0008526022294245338,2,3
#,0.0,#,#,#,#,#,#,#,"-3.962449279711118,0.06397066189651257","-3.3168855204828227,0.6051387887876882","-1.6572266157361573,1.7855013316362571",#,#,"-2.820058160199381,1.966183333361201",#,"-2.4288019336091806,2.803979653195993",#,#,0,0.09091180653955425,0.6190476190476191,1,96.30079195597898,9978,9849,0.3157894736842105,0.0009659561166707752,13,21
#,#,#,#,#,#,#,#,#,"-6.833099791776645,0.06397066189651257",#,#,#,#,#,#,#,#,#,0,0.06624966388563604,0.581081081081081,1,90.07777364070346,9981,9849,0.05263157894736842,0.0008560850297971682,43,74
#,0.0,"8.69,13.31",#,0.0,#,2.0,#,#,#,"-2.211280598327126,2.1279803395891834",#,"-1.3143122271119698,1.10635123802878",#,#,#,#,#,#,0.0,0.0,0.0,1,83.0,9851,9851,0.3157894736842105,0.0008325410004968978,0,1
1.0,#,#,#,0.0,#,#,1.0,#,#,"-3.7076092948359887,1.365404555998472",#,#,"-2.769528836782005,2.808407952803525","-0.7466920202781653,1.7148036049815625",#,#,#,"-1.339359348613811,0.2875219095930879",0,0.1,1.0,1,143.0,9854,9854,0.3684210526315789,0.0014343778683259805,0,0
#,2.0,#,#,0.0,#,#,#,#,#,#,"-2.221938916527926,1.9585164481385766",#,#,"-4.332995877192603,0.587894940900559","-2.521428491127124,2.199170100085802",#,#,#,0,0.03125,0.5,1,96.771648,9977,9854,0.2631578947368421,0.0009400146210063441,5,10
1.0,#,#,#,0.0,#,#,#,#,#,#,"-2.221938916527926,1.9585164481385766","-1.6255119624022127,2.5867742496641557",#,#,#,#,#,#,0,0.095367431640625,0.625,1,93.2432,9977,9858,0.21052631578947367,0.0008957739940768068,5,8
#,#,#,#,2.0,#,#,#,0.0,#,#,"-3.7999971361604308,-0.11136004968998758",#,#,#,#,#,#,"0.8969561975434674,1.858827761170501",0,0.2373046875,0.75,1,110.75,9950,9860,0.21052631578947367,0.0011108905518678485,3,4
#,#,#,2.0,#,#,1.0,#,1.0,#,#,#,"-0.7357097618903816,2.0724810461538645","-5.205327934708705,2.574918210127834","1.425834773223193,3.3403313706474256",#,#,#,"-1.060657365177888,2.8205550596846716",0,1.0,1.0,1,80.0,9861,9861,0.3684210526315789,0.0008024491571054436,1,1
#,#,#,2.0,#,#,1.0,5.0,#,#,"-2.125977153022569,2.797415064997859",#,"-0.6033207900626162,1.3614925858507285","-1.8269848047374047,1.4086955347189223","-2.330630851399553,3.3616530601010903",#,#,#,#,1.0,0.03125,0.5,1,82.5,9975,9864,0.3684210526315789,0.0008275256932649887,1,2
#,#,"-2.1,2.1",#,4.0,#,4.0,#,#,#,#,#,#,#,"-2.373602260399524,0.42976775725738847",#,#,#,#,1.0,0.0,0.0,1,81.5,9867,9867,0.21052631578947367,0.0008174950788011707,0,2
#,#,"-2.1,2.1",#,#,#,4.0,#,#,#,#,#,#,#,"-2.373602260399524,0.42976775725738847",#,#,"-1.7893922317332134,-0.3661352557314893",#,1.0,0.1,1.0,1,94.0,9867,9867,0.21052631578947367,0.0009428777595988962,0,0
#,2.0,"4.109999999999999,7.890000000000001",#,#,#,#,#,#,#,#,#,#,"-3.8103801250132427,2.390875925428913",#,#,#,"-1.8435475538392878,0.49059388680353944",#,0,0.03125,0.5,1,97.16,9960,9868,0.21052631578947367,0.0009745745013045612,3,6
#,#,#,#,#,#,3.0,#,1.0,#,"-1.0504489808007031,1.2026288138866117","0.3199050119337197,2.1642235551689413",#,#,#,"-1.1770287960306836,1.2735911894435767","-3.0423587078240875,2.803979653195993","-1.8048393159170688,1.3263260312867242","-2.9971676076303044,1.0034667379972566",1.0,0.401877572016461,0.8333333333333334,1,92.03999999999999,9944,9870,0.42105263157894735,0.0009232177552498128,5,6
#,#,#,#,#,3.0,#,1.0,1.0,#,"-1.1126654271317888,2.3921222534929227",#,"-2.494972699663805,2.0868123029347014",#,#,#,"-2.812191826741916,1.2393577305630818",#,#,0,0.010240000000000003,0.4,1,86.0,9874,9874,0.3157894736842105,0.0008626328438883519,2,5
0.0,#,#,0.0,2.0,#,2.0,#,#,#,#,"-4.027961284732154,1.5532328109488525",#,"-2.132688393987853,3.2234901298751555","-2.4797402203244636,2.329234087847897","-0.16515405871731748,2.003322997827175","-1.1648932687798357,1.78417037788425",#,"-3.385822113070022,0.7495485293742175",1.0,0.066384,0.9,1,92.11494400000001,9874,9874,0.5263157894736842,0.0009239694896201893,0,0
#,#,#,0.0,0.0,#,#,#,#,#,"-3.7076092948359887,1.36926861743073",#,#,#,#,#,#,#,#,1,0.004115226337448558,0.3333333333333333,1,76.62944,9876,9876,0.15789473684210525,0.0007686403692182771,3,9
#,2.0,"6.359999999999999,16.56347588988982",#,0.0,#,#,#,#,#,#,#,#,#,"-1.668476048920858,2.293465956433529",#,#,#,"-1.339359348613811,0.2875219095930879",0,0.03125,0.5,1,105.0,9976,9876,0.2631578947368421,0.0010398403660824708,2,4
#,2.0,"7.85,14.15",#,#,#,#,0.0,#,#,#,#,#,#,#,#,"-3.6259088772512156,0.9704533273749505",#,#,1.0,0.13168724279835387,0.6666666666666666,1,80.33333333333333,9989,9877,0.21052631578947367,0.0006620205546119909,2,3
#,#,#,0.0,4.0,#,#,#,#,#,"-1.3109012098108872,3.05250880205312","-2.767795828240848,-0.04819350244676035",#,"-2.132688393987853,0.9312487157844807",#,#,#,#,"-3.686893080703646,1.139086628841476",1,0.004115226337448558,0.3333333333333333,1,90.66666666666667,9877,9877,0.3157894736842105,0.0009094423780528361,1,3
#,2.0,#,#,#,#,4.0,#,#,#,"-3.0391459761755457,3.05250880205312",#,#,#,#,#,#,"0.2739426478863187,1.6971996238880427","-3.8873072784686764,1.7430488832089004",1,0.2373046875,0.75,1,94.75,9988,9879,0.2631578947368421,0.0009504007204467598,3,4
#,#,#,#,#,#,4.0,#,0.0,"-1.7928023067834449,3.653016761795861",#,#,#,"-6.096394837796949,1.9381413956308031","-2.373602260399524,0.42976775725738847",#,#,#,#,1.0,0.06092699470458736,0.5714285714285714,1,95.44800000000001,9996,9879,0.2631578947368421,0.0009986479760177246,4,7
#,#,"-4.48,4.48",#,#,#,#,2.0,#,#,#,"-3.7999971361604308,0.9565899857244862","-1.0261979196506739,3.4468294858420023",#,#,"-0.8608307396461985,2.199170100085802","-2.4288019336091806,2.803979653195993",#,"-1.1281622440164576,2.000751241002046",0.0,0.03125,0.5,1,101.24,9950,9884,0.3684210526315789,0.0010712696247357672,3,6
#,#,"-1.1099999999999994,9.11",1.0,#,#,#,1.0,1.0,#,#,#,#,#,#,#,"-1.4688922034614509,3.6224628539706094",#,#,1.0,0.13168724279835387,0.6666666666666666,1,104.66666666666667,9988,9889,0.2631578947368421,0.0010498709805462888,2,3
#,#,#,1.0,#,#,#,#,1.0,#,#,#,"-2.116128903427073,-0.9173672096777548",#,#,#,#,#,"-1.2247827651138625,3.253539263573706",1.0,0.13168724279835387,0.6666666666666666,1,102.33333333333333,9997,9889,0.21052631578947367,0.0010264662134640465,2,3
#,#,#,#,#,#,0.0,#,#,#,#,#,"-4.31234186262562,1.1907948235421515",#,"-2.5019373145297887,-0.7925653525438665",#,"-2.4288019336091806,2.803979653195993",#,"-1.7435524572525796,1.0031517203424625",0.0,1.0,1.0,2,102.2,9916,9890,0.2631578947368421,0.0020502575964044083,5,5
#,#,#,#,#,#,0.0,#,1.0,#,"-1.2564544661274333,1.36926861743073",#,"-4.31234186262562,1.1907948235421515",#,#,#,"-2.4288019336091806,1.365528040840432","-1.4209032577141394,2.507285996050619",#,0,0.28462802079628785,0.7777777777777778,1,100.10015999999999,9977,9890,0.3157894736842105,0.000981748396769084,7,9
#,#,#,#,#,4.0,#,2.0,0.0,"-3.0098977607114943,2.636935267438397",#,#,"-0.22163073872767358,1.7736627301458694",#,"-1.8722015916037762,-0.8862131362438467",#,#,#,"-0.12623699733988758,2.32191237834265",0.0,0.0,0.0,1,105.0,9894,9894,0.3684210526315789,0.0010532145187008948,0,1
#,0.0,#,#,#,#,#,#,#,#,#,"-3.7999971361604308,0.9565899857244862",#,#,#,#,#,"-1.8435475538392878,2.0491977828789527","-1.1281622440164576,2.000751241002046",0.0,0.051122245760098564,0.5517241379310345,1,94.30195146265152,9981,9896,0.21052631578947367,0.0009459065183075395,16,29
#,#,#,#,#,4.0,#,#,#,#,"0.2865831380952357,3.0871726792388117",#,#,"-1.782503661040057,1.59629622155743","-2.5462778383055062,2.329234087847897","-1.4912597595560824,2.229373145473857",#,"-1.0864753800348068,0.4002525156679132",#,1,0.004115226337448558,0.3333333333333333,1,96.8,9980,9897,0.3157894736842105,0.0009709634800975867,2,6
#,2.0,#,#,#,#,#,#,0.0,#,#,#,"-2.858448607850331,0.2453412326196247",#,#,#,#,#,#,1,0.0063582343481257495,0.36363636363636365,1,80.6969984,9897,9897,0.15789473684210525,0.0008094404793377416,4,11
#,#,#,#,#,#,#,#,#,"-1.2140364896998364,5.419961284751317","-2.4274140688863532,2.8297674520507146",#,#,#,#,#,#,#,#,0.0,0.013233719653374115,0.42105263157894735,1,94.30664556705415,9987,9898,0.10526315789473684,0.010747105952982705,32,76
2.0,#,#,#,#,#,#,#,#,#,#,#,#,#,#,#,#,"-1.4209032577141394,2.507285996050619",#,0.0,0.02094302882090425,0.46153846153846156,1,93.07282278400001,9964,9898,0.10526315789473684,0.0009335776024055642,6,13
#,#,#,#,1.0,#,0.0,#,1.0,"-4.080319898214707,-0.31775399628718737",#,#,"-1.7116567851500508,2.4154554678916",#,#,#,"-5.034081940395984,1.0440961005861311",#,#,0,0.004115226337448558,0.3333333333333333,1,88.66666666666667,9903,9903,0.3157894736842105,0.0008893811491252,1,3
#,#,#,#,#,#,#,#,#,"-3.4412507677773125,5.772676516339855","-0.3341676756567402,3.05250880205312",#,#,#,#,"-2.1260508123603423,1.2735911894435767","-0.22809055493931452,2.03473391503049",#,"-4.851665279385195,1.0034667379972566",1,0.0164916224,0.44,1,96.22845812483128,9944,9906,0.2631578947368421,0.012870135420183632,11,25
#,#,#,#,4.0,4.0,#,#,0.0,#,#,#,#,#,#,"-1.4117156699130768,0.746603037183985",#,#,#,1.0,0.061865234375,0.875,1,94.0,9906,9906,0.21052631578947367,0.0009428777595988962,0,0
#,#,#,#,#,4.0,#,#,#,#,"-1.3048183612722524,0.7813647819567426",#,#,#,#,#,#,"-1.4209032577141394,2.507285996050619",#,0,0.13168724279835387,0.6666666666666666,1,99.66666666666667,9950,9907,0.15789473684210525,0.0009997179082271985,2,3
#,#,#,#,2.0,#,0.0,#,1.0,#,"-1.2564544661274333,1.36926861743073",#,"-4.31234186262562,1.1907948235421515",#,#,#,"-2.4288019336091806,1.365528040840432","-1.4209032577141394,2.507285996050619",#,0,0.1,1.0,1,79.0,9908,9908,0.3684210526315789,0.0007924185426416256,0,0
#,#,#,#,4.0,#,#,#,#,#,"-0.3341676756567402,3.05250880205312",#,#,#,#,#,#,#,"-2.9212586771685864,1.0034667379972566",1.0,0.06754356352880661,0.5833333333333334,3,107.51881983999999,9997,9909,0.15789473684210525,0.0032354394882592513,7,12
4.0,#,#,#,4.0,3.0,4.0,#,#,#,#,#,#,"-4.759902634861567,3.2234901298751555","-0.14433540970660985,3.479533149703545","0.26594035515962955,2.3267572472240383",#,#,"-2.9971676076303044,1.139086628841476",0,0.024794824637007985,0.7472587719298245,1,94.328971292672,9909,9909,0.42105263157894735,0.0009461775438053528,0,0
#,#,#,#,#,#,3.0,#,#,"0.2146725834683456,3.482164024615929",#,#,#,#,"-2.4797402203244636,0.17280465374646203",#,"-2.4288019336091806,1.0440961005861311",#,#,1.0,0.5549289573066435,0.8888888888888888,1,86.99968,9940,9910,0.21052631578947367,0.0008726602485555414,8,9
#,#,#,#,#,#,#,#,#,"-2.426939099660037,4.999177812039015",#,#,#,#,"-3.151498660084439,2.329234087847897","-2.7404445754259514,1.9432301792658866",#,#,#,1,0.04486341644287108,0.5375,1,95.48265033748433,9997,9910,0.15789473684210525,0.0009567113927889964,43,80
0.0,#,#,#,#,#,#,1.0,#,#,#,"-4.027961284732154,1.5532328109488525",#,#,"-2.4797402203244636,2.329234087847897",#,"-1.9349997831859391,2.9442154801864526",#,"-3.385822113070022,0.7495485293742175",1.0,0.03125,0.5,1,88.0,9986,9911,0.3157894736842105,0.000882694072815988,1,2
0.0,0.0,#,#,#,3.0,#,1.0,#,#,#,#,#,"-2.132688393987853,3.2234901298751555",#,#,#,"-2.642022366916353,1.2292366078083363",#,1.0,0.1,1.0,1,94.0,9911,9911,0.3157894736842105,0.0009428777595988962,0,0
#,#,#,2.0,#,#,0.0,#,#,"-3.9935893836589456,-1.1221575111353117",#,#,"-4.31234186262562,1.1907948235421515",#,"-2.5019373145297887,-0.7925653525438665",#,"-2.4288019336091806,2.803979653195993",#,"-1.7435524572525796,1.0031517203424625",0.0,0.1,1.0,1,97.0,9912,9912,0.3684210526315789,0.0009729696029903503,0,0
#,#,#,#,#,#,#,#,#,#,#,#,"-4.31234186262562,1.1907948235421515",#,"-2.5019373145297887,-0.7925653525438665","-0.6472762111569371,1.4135406809074715","-2.4288019336091806,2.803979653195993",#,"-1.7435524572525796,1.0031517203424625",0.0,0.07775999999999998,0.6,1,82.350784,9981,9916,0.2631578947368421,0.0008344315707110382,6,10
#,#,"4.640000000000001,11.36",#,#,#,0.0,#,#,"-5.628541573683456,0.3123519556757861",#,#,"-4.31234186262562,1.1907948235421515",#,"-2.5019373145297887,-0.7925653525438665",#,"-2.4288019336091806,2.803979653195993",#,"-1.7435524572525796,1.0031517203424625",0.0,1.0,1.0,1,109.5,9916,9916,0.3684210526315789,0.0010983522837880759,2,2
#,0.0,"1.6443671904711814,3.52",2.0,#,#,2.0,#,#,"-2.4220595466245887,1.3405063553029315",#,#,#,#,"-2.9552626456179705,2.329234087847897",#,#,"-1.4826460561060784,2.1316722626246625",#,1,0.02373046875,0.75,1,113.5,9920,9920,0.3684210526315789,0.001138474741643348,0,0
#,#,"8.71,15.29",2.0,#,2.0,0.0,#,1.0,#,"-1.2564544661274333,1.36926861743073",#,"-4.31234186262562,1.1907948235421515",#,#,#,"-2.4288019336091806,1.365528040840432","-1.4209032577141394,2.507285996050619",#,0,0.1,1.0,1,91.66666666666667,9921,9921,0.47368421052631576,0.0009194729925166542,0,0
#,2.0,#,#,#,4.0,1.0,5.0,#,#,#,#,#,#,#,#,#,#,"-0.94083034423867,-0.3942822290051544",1.0,0.1,1.0,1,101.5,9922,9922,0.2631578947368421,0.0010181073680775316,0,0
#,2.0,#,#,#,4.0,1.0,5.0,#,#,#,#,#,#,#,#,#,"-2.6974405774832952,1.4015395134016693","-0.94083034423867,1.9252957541213735",1.0,0.1,1.0,1,101.5,9922,9922,0.3157894736842105,0.0010181073680775316,0,0
#,0.0,#,#,#,0.0,#,#,#,#,#,"0.18148986938382072,2.9479676842366533",#,"-2.528854495286314,1.7578969535189004","-2.820058160199381,2.151308493333823",#,"-2.4288019336091806,1.1861786457579755",#,#,0.0,0.03125,0.5,1,128.0,9964,9927,0.3157894736842105,0.0012839186513687098,1,2
#,0.0,#,#,#,0.0,#,#,#,#,"-3.0391459761755457,3.05250880205312",#,#,"-4.527384989328969,1.7578969535189004",#,#,#,"-1.2082072914197046,2.063847627185798",#,1,0.07775999999999998,0.6,1,113.6,9975,9927,0.2631578947368421,0.0011394778030897298,3,5
#,#,#,#,#,#,#,#,#,#,#,#,#,#,"-2.4797402203244636,2.329234087847897",#,#,#,#,1.0,0.03125,0.5,1,94.79922167819853,9997,9928,0.05263157894736842,0.0009460001281095905,35,70
#,#,#,#,#,#,4.0,#,1.0,"-1.3654114129599861,2.2981395968115463","-0.3341676756567402,2.7065555842408697","-2.356261088048633,0.9635122897747661",#,"-1.44004567411818,1.9381413956308031","-0.7742184111272399,4.080397960912778",#,#,"-0.19343670966465853,2.22504996892613","-1.3728003214140467,1.122339288707984",1.0,1.0,1.0,1,118.5,9997,9931,0.47368421052631576,0.0011886278139624383,2,2
4.0,#,#,#,#,#,#,#,0.0,#,#,#,"-2.1346395919544934,3.0383434754954335",#,"-2.820058160199381,2.151308493333823",#,#,#,#,0.0,0.010609492732729556,0.6343808756379263,1,88.56664724755396,9935,9935,0.21052631578947367,0.0008883778928931854,0,0
#,#,#,#,#,#,#,#,0.0,#,#,"-1.786837837494272,1.9017992489761713",#,"-2.374576743884361,2.390875925428913",#,#,#,#,#,0.0,0.048282842081079885,0.5454545454545454,1,84.89096959999999,9987,9935,0.15789473684210525,0.000866281098736216,6,11
#,2.0,#,#,4.0,0.0,#,#,#,"-6.833099791776645,-0.5609386624523252","-3.386404912836954,1.4535399794543142",#,"-3.0338593447151854,2.2869232389475953",#,"-3.3999915878657183,0.9915044327660181",#,"-2.4288019336091806,3.4316472333785266",#,#,0.0,1.0,1.0,1,109.0,9938,9938,0.42105263157894735,0.001093336976556167,1,1
3.0,2.0,#,#,#,#,#,#,#,"-4.1831277881681075,-0.5609386624523252",#,#,#,"-2.419147372510335,2.5302894971218954",#,"-1.1770287960306836,4.885487516193823","-1.8718476181132027,2.803979653195993",#,#,0,0.010853622982115722,0.6413793103448275,1,90.3490607411654,9938,9938,0.3157894736842105,0.0009062565954627088,0,0
#,0.0,#,2.0,#,#,#,#,#,"2.237022067784399,5.504513508931982",#,#,#,"-4.452249034011964,1.1140944485392188",#,#,#,#,#,0,0.0,0.0,1,105.0,9939,9939,0.21052631578947367,0.0010532145187008948,0,1
#,#,#,#,#,#,#,#,#,"0.2146725834683456,5.261705439237369",#,#,#,#,"-2.4797402203244636,0.17280465374646203","0.07263336368459994,3.81957316743807",#,#,#,1.0,0.05292214940134466,0.5555555555555556,1,87.3808,9996,9940,0.15789473684210525,0.0008764831163399917,5,9
3.0,#,#,2.0,3.0,#,3.0,#,1.0,"-2.1644114724616834,3.482164024615929",#,#,#,#,#,#,"-2.4288019336091806,1.0440961005861311",#,#,1.0,0.07009387860082306,0.9166666666666667,1,94.33333333333333,9940,9940,0.3684210526315789,0.0009462212977535022,0,0
#,#,#,#,#,#,3.0,5.0,1.0,"-3.4412507677773125,5.772676516339855",#,#,#,#,#,#,#,#,"-4.851665279385195,1.0034667379972566",1.0,0.3276800000000001,0.8,1,85.8,9944,9944,0.2631578947368421,0.0008606267209955882,4,5
#,#,#,#,#,3.0,#,#,#,#,"-1.0504489808007031,3.05250880205312","0.3199050119337197,2.1642235551689413",#,#,#,"-2.1260508123603423,1.2735911894435767","-3.0423587078240875,2.803979653195993","-1.8048393159170688,0.24483073231831431","-2.9971676076303044,1.0034667379972566",1,1.0,1.0,1,81.5,9944,9944,0.3684210526315789,0.0008174950788011707,2,2
#,#,#,#,#,#,#,#,#,"-2.426939099660037,4.999177812039015",#,"0.3199050119337197,2.1642235551689413","-2.3624697268905885,3.060273608132551",#,"-3.151498660084439,2.329234087847897","-2.7404445754259514,1.9432301792658866","-3.0423587078240875,1.2693093149609518",#,"-2.9971676076303044,1.0034667379972566",1,0.022132674897119342,0.4666666666666667,1,96.00862783488,9993,9949,0.3684210526315789,0.0009649549513718401,7,15
#,#,#,#,#,#,#,#,#,#,#,#,#,"-2.6860738356311153,3.1275504239369014",#,#,#,#,#,1.0,0.0164916224,0.44,1,94.79717094919894,9997,9949,0.05263157894736842,0.013046168482902533,22,50
#,#,"-2.62,6.62",#,#,#,#,#,0.0,#,#,"-3.7999971361604308,-0.11136004968998758",#,#,#,#,#,#,"-1.7607925245102574,2.000751241002046",0.0,0.07775999999999998,0.6,1,85.2,9987,9950,0.21052631578947367,0.0008546083523172975,3,5
#,#,#,#,#,4.0,#,#,0.0,#,"-1.96824474527654,3.4558314271188473",#,#,"-2.5095571119442677,3.304067147623749","-0.18588520974455203,0.8627935475736993",#,#,#,#,0,1.0,1.0,1,88.5,9976,9950,0.2631578947368421,0.000887709380047897,2,2
#,#,#,#,#,#,4.0,#,#,"-1.422802747569294,2.2981395968115463","-0.3341676756567402,2.7065555842408697",#,#,"-1.44004567411818,1.9381413956308031",#,#,#,"-0.19343670966465853,2.22504996892613","-1.3728003214140467,1.139086628841476",1.0,1.0,1.0,1,118.5,9997,9951,0.3157894736842105,0.0011886278139624383,2,2
#,2.0,#,#,#,#,4.0,#,#,"-1.7928023067834449,3.653016761795861",#,#,#,"-6.096394837796949,1.9381413956308031",#,#,#,"0.2739426478863187,1.6971996238880427","-3.8873072784686764,1.7430488832089004",1,1.0,1.0,1,101.0,9988,9952,0.3157894736842105,0.0010130920608456225,2,2
#,#,#,#,#,#,0.0,#,#,#,"-1.8680722654152286,1.636715415209483","-0.8949350185683727,3.1010884917746084",#,#,#,#,"-2.4288019336091806,2.803979653195993",#,#,0.0,0.07775999999999998,0.6,1,97.0,9977,9960,0.21052631578947367,0.0009428777595988962,3,5
#,#,#,0.0,0.0,#,0.0,#,#,#,#,#,#,"-4.527384989328969,1.7578969535189004","-2.2550858281227417,3.8064547286714694","-1.1477367392317264,3.067084518890238",#,"-1.4209032577141394,2.063847627185798",#,0,0.13168724279835387,0.6666666666666666,1,87.0,9960,9960,0.3684210526315789,0.0008726634583521699,2,3
1.0,2.0,#,#,#,#,4.0,#,#,"-1.7928023067834449,3.653016761795861","-3.0391459761755457,3.05250880205312",#,#,"-6.096394837796949,1.9381413956308031",#,#,#,"0.2739426478863187,1.6971996238880427","-3.8873072784686764,1.7430488832089004",1,0.1,1.0,1,88.0,9961,9961,0.42105263157894735,0.000882694072815988,0,0
#,2.0,#,#,#,#,4.0,#,#,#,#,"-2.3348947585484625,1.0463559040494446",#,"-6.096394837796949,1.9381413956308031",#,#,#,"0.2739426478863187,1.6971996238880427",#,1,0.03276800000000001,0.8,1,94.54383259648,9961,9961,0.2631578947368421,0.0009483327347070442,0,0
#,#,#,#,0.0,#,#,#,#,"-1.0093802597293136,2.25811118141827",#,#,#,#,#,"-3.400162588780277,3.221602337976076","-2.4288019336091806,2.803979653195993",#,#,0,0.28462802079628785,0.7777777777777778,1,86.44896,9987,9962,0.21052631578947367,0.0008105859915584928,7,9
2.0,#,#,#,#,0.0,#,#,#,#,#,"0.005485259745119375,3.5096904918920413",#,"-2.528854495286314,1.7578969535189004",#,#,"-3.0805440489467943,1.869384479112154","-0.5123483838449141,0.9109085921568099","-1.339359348613811,0.2875219095930879",0.0,0.015379680612973363,0.6872093023255814,1,109.1471384358486,9964,9964,0.3684210526315789,0.0010948128654789736,0,0
#,0.0,"4.96,15.04",#,1.0,1.0,#,#,#,#,#,"-1.786837837494272,1.9017992489761713",#,#,"-3.151498660084439,2.293465956433529",#,#,"-1.2381085571382013,0.5493556066578759",#,0,0.013168724279835387,0.6666666666666666,1,76.85302297185224,9967,9967,0.3684210526315789,0.0007708830438096015,0,0
#,0.0,#,0.0,1.0,1.0,#,#,1.0,#,#,"-1.786837837494272,1.9017992489761713",#,#,"-3.151498660084439,2.293465956433529",#,#,"-1.2381085571382013,0.5493556066578759",#,0,0.013168724279835387,0.6666666666666666,1,76.85302297185224,9967,9967,0.42105263157894735,0.0007708830438096015,0,0
#,#,#,#,4.0,#,#,#,#,#,"-0.3341676756567402,3.05250880205312",#,"-1.3345141026654297,1.0302781567402508",#,#,#,#,#,"-2.9212586771685864,1.0034667379972566",1.0,0.07775999999999998,0.6,1,99.8,9997,9975,0.21052631578947367,0.001001055323489041,3,5
#,2.0,#,#,#,4.0,#,#,0.0,#,#,"-3.7999971361604308,-0.11136004968998758",#,"-1.7723020067855142,1.213072612992657","-0.18588520974455203,0.8627935475736993",#,#,#,#,0.0,0.1,1.0,1,123.33333333333333,9976,9976,0.3157894736842105,0.0012371091172042254,0,0
#,#,#,#,#,4.0,1.0,#,0.0,#,#,#,#,"-2.5095571119442677,3.304067147623749",#,#,#,"-1.8435475538392878,2.0491977828789527","-1.7607925245102574,2.000751241002046",0.0,0.1,1.0,1,95.12,9976,9976,0.3157894736842105,0.0009541120477983725,0,0
#,#,#,#,0.0,#,0.0,#,#,#,#,#,#,#,#,#,"-2.4288019336091806,2.803979653195993",#,#,1,0.03125,0.5,1,91.0,9977,9977,0.15789473684210525,0.0008526022294245338,2,4
#,#,#,2.0,#,#,0.0,#,#,#,"-1.8680722654152286,1.636715415209483","-0.8949350185683727,3.1010884917746084",#,#,#,#,#,#,#,0,0.05904900000000001,0.9,1,106.737536,9977,9977,0.21052631578947367,0.0010706430724338994,0,0
#,#,#,#,#,1.0,#,#,#,"-6.833099791776645,0.06397066189651257",#,#,#,#,#,#,#,#,#,0,0.13168724279835387,0.6666666666666666,1,88.0,9981,9978,0.10526315789473684,0.000882694072815988,2,3
#,#,"0.41000000000000014,5.59",#,#,#,#,#,#,#,#,"-2.767795828240848,-0.1857498677115379","-3.4775323247471297,-1.1127400653414492","-1.8830717197453999,0.9312487157844807",#,#,#,#,#,1.0,0.066384,0.9,1,87.0,9980,9980,0.21052631578947367,0.0008726634583521699,0,0
4.0,#,#,#,#,#,#,#,1.0,"-3.370113785875323,0.9865414689881209","-0.3341676756567402,3.05250880205312",#,#,"-2.132688393987853,0.9262738389572363",#,#,"-3.6259088772512156,1.5020834215481833",#,"-3.686893080703646,1.139086628841476",1.0,0.0,0.0,1,83.0,9980,9980,0.3684210526315789,0.0008325410004968978,0,1
#,0.0,#,0.0,#,#,1.0,#,#,#,#,#,"-1.0261979196506739,3.4468294858420023","-2.528854495286314,1.7578969535189004",#,"-2.2350246139367043,2.1988541538382353",#,#,"-1.5564892231725473,1.4290587959524983",0,0.05658436213991769,0.8333333333333333,1,92.0,9981,9981,0.3684210526315789,0.0009228165306712601,0,0
#,#,#,#,#,1.0,#,0.0,#,"-6.833099791776645,2.636935267438397",#,#,#,#,#,#,#,#,#,1,0.05658436213991769,0.8333333333333333,1,92.46227935789057,9981,9981,0.15789473684210525,0.0009274534766848417,0,0
0.0,#,#,#,#,#,#,1.0,#,#,#,"-4.027961284732154,1.5532328109488525",#,#,"-2.4797402203244636,2.329234087847897",#,"-1.1648932687798357,1.2393577305630818",#,#,0,0.03276800000000001,0.8,1,88.0,9986,9986,0.2631578947368421,0.000882694072815988,0,0
0.0,#,#,#,#,#,#,1.0,#,#,#,"-4.027961284732154,1.5532328109488525",#,"-2.132688393987853,3.2234901298751555","-2.4797402203244636,2.329234087847897","-4.634359318530816,-0.013133560568201919","-1.1648932687798357,1.2393577305630818",#,"-3.385822113070022,0.7495485293742175",1.0,0.02693290743429045,0.7692307692307693,1,90.178851328,9986,9986,0.42105263157894735,0.0009045492904611338,0,0
#,#,#,#,0.0,#,#,#,#,"-1.0093802597293136,2.25811118141827",#,#,#,#,#,"-3.400162588780277,3.221602337976076","-2.4288019336091806,2.803979653195993",#,#,1,1.0,1.0,1,109.0,9987,9987,0.21052631578947367,0.0008105859915584928,1,1
#,#,#,#,0.0,#,#,#,0.0,#,"-3.303781623402219,1.36926861743073",#,"-1.0411702061667256,0.8063237464939623",#,"-3.151498660084439,2.293465956433529",#,#,"-2.482670045588761,-0.3762497211062097",#,0.0,0.02935778904262872,0.782608695652174,1,81.61461965642306,9987,9987,0.3157894736842105,0.0008186447843847257,0,0
#,#,#,#,#,#,#,#,#,"-1.422802747569294,2.2981395968115463","-0.3341676756567402,3.320420860952513",#,#,"-1.44004567411818,1.9381413956308031",#,#,#,"-0.19343670966465853,2.22504996892613","-1.3728003214140467,1.139086628841476",1.0,0.07775999999999998,0.6,1,98.6,9997,9988,0.2631578947368421,0.0009629389885265323,3,5
#,2.0,#,#,#,#,4.0,#,#,"-1.422802747569294,2.2981395968115463","-0.3341676756567402,2.7065555842408697",#,#,"-1.44004567411818,1.9381413956308031",#,#,#,"-0.19343670966465853,2.22504996892613","-1.3728003214140467,1.139086628841476",1.0,1.0,1.0,1,123.0,9997,9988,0.3684210526315789,0.0012337655790496196,1,1
#,#,#,2.0,3.0,#,#,#,1.0,"-2.1644114724616834,5.261705439237369",#,#,#,#,#,#,"-2.63612405817261,0.21503551318853686",#,"-1.44468485776931,1.8991289236507412",1.0,0.013168724279835387,0.6666666666666666,1,86.88115474608647,9989,9989,0.3157894736842105,0.0008714713674293087,0,0
#,#,"8.83,13.17",#,3.0,2.0,#,#,1.0,#,#,"-4.027961284732154,1.1354846249338837",#,#,"-1.8163398491641112,2.0807440635836048",#,"-2.0477889567812677,1.2134175721730678",#,#,1.0,0.03276800000000001,0.8,1,87.85331199999999,9989,9989,0.3684210526315789,0.0008812227020415193,0,0
#,2.0,"-2.31,9.25",1.0,#,#,#,#,#,#,#,#,#,#,#,#,"-2.63612405817261,-2.0106712890692213","-0.39675415290369154,2.4497597990997564",#,0,0.1,1.0,1,89.0,9993,9993,0.2631578947368421,0.000892724687279806,0,0
#,#,#,#,#,1.0,#,#,0.0,"2.237022067784399,7.356289586877082","-0.3341676756567402,3.05250880205312","-2.929297675156666,0.5749075569902558",#,"-2.9006038414795388,2.520207968117667",#,#,#,#,#,1.0,0.1,1.0,1,109.33333333333333,9996,9996,0.3157894736842105,0.001096680514710773,0,0
#,0.0,#,#,4.0,#,#,#,0.0,#,#,#,"-1.7741367505244232,1.40355284805196",#,#,"-2.1260508123603423,0.46949227738886745",#,#,#,1.0,0.1,1.0,1,105.0,9996,9996,0.2631578947368421,0.0010532145187008948,0,0
#,#,#,#,#,#,4.0,#,#,#,"-1.1353615571092779,-0.3341676756567402","-2.356261088048633,0.9635122897747661",#,#,#,#,#,#,"-1.3728003214140467,1.139086628841476",1.0,0.1,1.0,1,118.5,9997,9997,0.21052631578947367,0.0011886278139624383,0,0
#,#,#,#,#,#,4.0,#,1.0,"-1.422802747569294,2.2981395968115463",#,#,#,"-1.44004567411818,1.9381413956308031","-0.7742184111272399,4.080397960912778",#,#,"-0.19343670966465853,2.22504996892613",#,1.0,0.1,1.0,1,118.5,9997,9997,0.3157894736842105,0.0011886278139624383,0,0
