Education_Level,Internet_Connection_Quality,Payment_Mode,Fee_Paid,PC1,PC2,PC3,PC4,PC5,PC6,PC7,PC8,PC9,PC10,PC11,PC12,PC13,Completed,Fitness,Accuracy,Numerosity,Avg Match Set Size,TimeStamp GA,Iteration Initialized,Specificity,Deletion Probability,Correct Count,Match Count
#,2.0,5.0,#,#,#,#,#,#,"-2.126920139797365,2.6377602231119264","-1.6894917965036933,1.6461981358474864","-2.389391468378131,1.8437515735817718",#,#,#,#,#,0.0,0.025292489089603316,0.47928994082840237,1,206.16892882951097,9965,0,0.29411764705882354,0.0007222099696107396,567,1183
#,#,#,#,#,#,#,#,#,"-0.7758661443778136,3.704355689402565",#,#,"-0.656323342312448,1.6565279433301896",#,#,#,#,1.0,0.03037958125420719,0.4971830985915493,1,173.45831198397667,9986,68,0.11764705882352941,0.0006461849816124433,2471,4970
3.0,1.0,3.0,#,"-3.9394638873907035,0.931260706454641",#,"-0.2010190746671643,3.0339742384308455","-3.762331227338433,1.8953347997633452",#,"-1.9000520336410742,0.660074728519142",#,"-0.9147753763595365,1.0093805518040557",#,#,"-3.216538980718987,0.5377170196427026","0.07940631358999783,2.575984369028834",#,0.0,1.0,1.0,1,107.5,9892,74,0.5882352941176471,0.0003765726104992086,2,2
#,#,#,1.0,"-4.700465497872565,-1.2688186249360722",#,#,#,#,#,"-3.3880340896773022,2.199246547010924",#,"-0.48366454332934206,5.221368627922498",#,#,#,#,0.0,0.09854842400114233,0.6291148500365764,1,201.3948162642809,9963,80,0.23529411764705882,0.0007242227642288051,860,1367
#,2.0,#,#,"-4.078213230812062,0.7925113630332825","-1.9500828290676002,1.6276134834514437",#,"-0.8077324234617786,4.84993360364",#,#,"-0.4915233742218712,5.2625417590839145","-1.1908299782204113,3.4175621633320077",#,#,#,"-2.2618384761954164,0.21911772386345008",#,0.0,0.06962167201357028,0.5868794326241135,1,195.91249296932602,9965,274,0.4117647058823529,0.0007002170340569238,331,564
#,2.0,#,#,"-2.4657427339140217,4.750439584903314",#,#,#,"-4.984978662259402,-0.07042770270866239",#,"-2.3016367773345308,3.1188593627361363","-1.7373263765591003,3.419411510919327",#,#,"-1.1702923727520687,1.732593628258118",#,#,0.0,0.03047747952932237,0.4975031210986267,1,195.79827127452455,9965,414,0.35294117647058826,0.0006858815455356273,797,1602
#,#,#,#,"-2.4449490196409442,4.750439584903314",#,#,#,"-4.984978662259402,3.6152275190244323",#,#,"-2.0555415678571554,2.02366899984966","-3.5074355944887428,1.8892174053440793",#,#,#,#,0.0,0.024784291355044733,0.4773482130995084,1,168.63802910083749,9997,567,0.23529411764705882,0.0006198014567774378,3593,7527
0.0,#,4.0,#,"-6.160280652451897,1.4779010969873934",#,#,"-0.628538151239318,2.819102084025828","-3.336908183275525,2.5806123598569983","-1.878276025268764,2.5308311762293862",#,"-2.3748682670519505,1.3964773521486902","-2.8014211976240677,2.672326845063508",#,#,#,"-1.094514743274269,1.7420476094658417",0.0,0.07968465929249387,0.6029411764705882,1,201.60073816779516,9929,693,0.5294117647058824,0.0007062075930271076,82,136
#,#,#,1.0,#,"-3.4321038590688175,2.1903904290686342","-3.5407837971125606,3.019063754447292",#,"-5.393047844513039,1.4271453238430905","-0.7758661443778136,3.704355689402565",#,"-2.4125119750616584,2.965346826612948","-0.1673972722163488,1.7422270161429914","-2.444053904976381,2.792098636933594",#,#,#,0.0,0.02592584748519805,0.4816666666666667,1,202.2875945426789,9938,782,0.47058823529411764,0.0007086136516143448,867,1800
#,#,#,#,"-1.7551451188382274,5.111212617529356",#,"-0.10024779488085356,6.2798779059513326","-2.806359486160953,3.204910667634687",#,"-0.7758661443778136,3.704355689402565",#,#,"-0.8611848327552905,1.8371416671611207",#,#,#,#,1.0,0.056937390121442964,0.5637408568443051,1,178.27431376850592,9972,1014,0.29411764705882354,0.0006725450741149002,1079,1914
3.0,#,2.0,#,"-5.593737895110935,0.9374609920907764",#,"-4.677093338024809,0.6088946784474558",#,"-2.924380322559624,1.4271453238430905",#,"-1.844671767624959,2.9086863859754724","-3.3430255350369604,3.3971279101550635",#,#,#,#,"-1.0408860174909784,1.8553950159131332",0.0,0.11972396047533948,0.6540880503144654,1,193.8179555920247,9906,1097,0.47058823529411764,0.0006789444976642645,104,159
#,2.0,#,#,"-4.078213230812062,0.7925113630332825",#,"-1.7122768894304405,-0.09418614446929574","-0.26618012238381694,3.1814601128813296",#,#,"-1.844671767624959,5.2625417590839145","-1.1908299782204113,3.4175621633320077",#,"-2.3344922254121285,0.6660981303036979",#,"-2.2618384761954164,0.21911772386345008","-1.0408860174909784,3.0697866795753286",0.0,0.08586865585015233,0.6120218579234973,1,192.93679705648768,9743,1115,0.5294117647058824,0.0006758577984085358,112,183
#,2.0,#,#,#,"-1.9500828290676002,1.6276134834514437",#,"-3.1175488901707165,4.84993360364",#,#,#,#,#,#,"-2.6103716768476137,1.1369899906274274","-2.2618384761954164,1.3361710742899655",#,0.0,0.037957290239669,0.519827247742442,1,192.79886291712913,9970,1254,0.29411764705882354,0.0006865832224652427,1324,2547
#,#,0.0,#,#,#,#,#,#,"-2.1046941026740127,0.028744865792833973","-2.49109401120322,0.8445959211479594",#,#,"-0.9245114280994219,2.9012412754382564","-3.329875770008803,0.8840850467237062","-1.5851702211360021,1.3519804323214526",#,0.0,0.04095015037828753,0.5277777777777778,1,199.7317040197104,9759,1309,0.35294117647058826,0.0006996603644851872,133,252
#,2.0,#,#,#,"-1.0207679094859314,4.6439179186692225",#,"-3.410035674256777,1.363620036110349",#,"-1.416889105552542,3.063332728227836","-2.5465273057497195,2.6237920893946094",#,#,"-3.313647815230543,-0.9881902895507781",#,"-3.924857919274663,5.442670924517323",#,0,0.029914729255417254,0.4956521739130435,1,202.74831294953614,9906,1407,0.4117647058823529,0.000710227548667138,171,345
#,0.0,2.0,0.0,#,"-2.016702397456217,1.958515727564943","-4.522933133863378,0.7788614626028043","-1.7630237032250218,3.09903303881557",#,"-1.4078031799670887,2.4323869632732356",#,"-2.9837912781921965,0.4796893925022696",#,#,#,"-1.742712451420994,2.0021546317372607",#,1,0.016409411086281554,0.43956043956043955,1,170.58161269662182,9709,1637,0.5294117647058824,0.0005975475646170403,80,182
#,#,#,#,"-4.700465497872565,4.750439584903314",#,#,#,#,"-3.4281988776242387,1.7631692789784217","-3.297581027849014,2.199246547010924","-1.1908299782204113,2.965346826612948",#,#,#,#,#,0.0,0.035003783068500015,0.5114733343883526,1,181.40778108876728,9982,1758,0.23529411764705882,0.0006896959166832836,3232,6319
#,0.0,1.0,#,"-1.0512331892719642,3.2016121067684984",#,"-0.9567706825729017,4.07544113780178",#,"-3.7381976433363597,3.08199552501977",#,#,#,#,"-2.351697009810229,2.1729898842826465",#,"-0.3547488816844052,1.9215428747451222","-6.591006542829081,2.360568520026181",1.0,0.09212394683496279,0.6206896551724138,1,187.46708073878943,9885,1760,0.47058823529411764,0.0006566973765253195,90,145
#,#,#,#,"-6.160280652451897,1.4779010969873934","-5.297340419429549,0.8642476743532486",#,"-3.892082047534725,0.06771528602128085","-3.336908183275525,4.312282503867113","-1.878276025268764,2.5308311762293862",#,"-2.1359716927808208,0.9426777922809271",#,"-1.5114371387674888,0.964049904698068","-1.3108592795996428,1.983691904391228","-2.4153020081427257,0.21911772386345008","-1.226131424232172,1.6870947758792931",0.0,0.09208333497400248,0.6206349206349207,2,208.3363548664747,9971,1900,0.5882352941176471,0.0014596049304922397,391,630
#,#,#,#,#,#,"-1.111124208263888,1.1632727222122345",#,#,#,#,#,"-2.298111372984801,-0.02130120286305659",#,#,"-2.4153020081427257,1.6232801403612744",#,0.0,0.03133202095223183,0.5002621919244887,1,197.41055697145626,9982,1909,0.17647058823529413,0.0007479369458088963,954,1907
#,#,#,1.0,#,#,"-2.9205393581615975,1.4948426272872866",#,#,#,"-2.1628238439339293,2.206307360530433","-2.3748682670519505,1.3964773521486902",#,#,#,"-2.4760792705356116,3.0310782046971156",#,0.0,0.022531706675226817,0.46833737537052006,1,210.0121600475175,9988,1970,0.29411764705882354,0.0007356728125178724,1738,3711
#,2.0,2.0,#,#,#,"-2.9205393581615975,1.1632727222122345","-3.910331139284657,2.819102084025828",#,#,#,"-2.3748682670519505,1.3964773521486902",#,#,#,"-2.938319228603314,1.6232801403612744",#,0.0,0.07336567797541065,0.5930599369085173,1,204.51319672873348,9982,1993,0.35294117647058826,0.0007164099383597896,376,634
0.0,#,0.0,#,#,"-1.9500828290676002,1.6276134834514437","-3.5407837971125606,4.4896210992289545",#,#,"-2.1046941026740127,0.028744865792833973","-2.49109401120322,0.8445959211479594","-2.797475166986748,1.2817354007200676","-1.148524824529483,1.3185165468226638","-2.605138129075363,2.9012412754382564",#,"-1.5851702211360021,1.3519804323214526",#,0.0,0.04158799090330928,0.5294117647058824,1,189.28048388039,9759,2095,0.5882352941176471,0.0006630497295943427,54,102
#,#,#,#,"-5.391974624984213,2.7996985555738654","-5.1738356050184775,3.457607096413822","-2.8947996417878437,2.835881499066778",#,#,#,#,"-1.1908299782204113,2.965346826612948",#,"-1.321529330127873,3.4794152390174493","-1.146105905326503,2.693132182588063",#,#,0.0,0.043200814145665616,0.5334557323541411,1,183.81473582706292,9988,2111,0.35294117647058826,0.0006884042265039598,2615,4902
3.0,#,2.0,0.0,#,#,#,#,"-2.924380322559624,3.6152275190244323",#,#,"-1.2673236239074122,1.6573933869012483",#,"-1.7680304653907828,3.8692877160993424","-1.146105905326503,2.408070003615866",#,#,0.0,0.07355208265517488,0.5933609958506224,1,172.68872507917408,9906,2261,0.4117647058823529,0.0006049287814590209,143,241
#,#,#,#,"-4.078213230812062,-1.2688186249360722",#,"-2.3760521720355707,2.835881499066778",#,#,"-0.8476424664889048,1.4991403988246268",#,#,#,"-1.321529330127873,3.4794152390174493",#,"-2.2618384761954164,0.21911772386345008",#,0.0,0.11296109610828925,0.6465256797583081,1,215.57396840557954,9938,2402,0.29411764705882354,0.0007551558329131442,428,662
#,#,#,#,#,#,#,#,#,#,"-3.3880340896773022,2.199246547010924",#,"-2.298111372984801,-1.4313427092191848",#,"-1.136114327771569,2.6947591419852572",#,#,0.0,0.023078380428451596,0.47058823529411764,1,185.46516927243925,9953,2419,0.17647058823529413,0.0006496846786009309,176,374
#,#,2.0,0.0,"-4.700465497872565,-1.2688186249360722",#,"-3.179488678075136,0.8642529632973761",#,#,#,"-2.3016367773345308,3.1188593627361363",#,"-1.7699899505211891,3.763913891393699",#,#,"0.11339928174151859,1.6232801403612744",#,0.0,0.1688882555115708,0.7006802721088435,1,224.18471216925008,9982,2509,0.4117647058823529,0.0007853192771682623,103,147
#,0.0,#,1.0,"-1.7551451188382274,5.111212617529356","-4.326684604277345,3.027468927011802","-0.2937523323204678,6.2798779059513326",#,"-1.7888487497090786,2.62421741805077",#,#,"-2.87729410265943,-0.029543328977313266",#,#,"-0.6366717984937571,0.6631968636509954",#,"-1.7722266442483492,0.5276887768922812",1.0,0.11263663532574009,0.6461538461538462,1,221.8240282433776,9921,2684,0.5294117647058824,0.000777049798949385,84,130
#,#,2.0,0.0,#,#,#,#,"-2.924380322559624,3.6152275190244323","-0.8528394274574214,2.2762043929606204","-2.5200526417307376,0.732245042311663","0.2520735732219054,2.1762295013854978",#,"-1.7680304653907828,3.8692877160993424","-1.146105905326503,2.408070003615866",#,"-2.7956731036248597,1.5741661965423388",0.0,0.04225552124920333,0.5311004784688995,1,200.40023692827083,9744,2751,0.5294117647058824,0.0007020022359510591,111,209
#,#,#,1.0,"-2.1006571200866855,5.111212617529356",#,"-0.9567706825729017,6.2798779059513326",#,#,#,#,#,#,"-0.6676287790756468,2.8580648888904494","-1.26939300293823,0.7226612013353197",#,#,1.0,0.046819834781683695,0.5421081985499163,1,167.53461461126298,9860,2767,0.29411764705882354,0.000613761984759971,972,1793
0.0,#,#,#,"-5.022644740788682,-2.107580708787543",#,#,"-3.1175488901707165,3.158924358645318",#,"-0.7238467378058193,1.4991403988246268","-3.3880340896773022,0.408534540950941","-2.4125119750616584,2.965346826612948",#,"-1.321529330127873,3.4794152390174493","-1.9277087851780337,1.1369899906274274",#,#,0.0,0.1669613627108735,0.6990740740740741,1,234.52877222197762,9561,2857,0.47058823529411764,0.0008215545301656223,151,216
#,#,#,0.0,#,"-2.6792517740822865,3.3568286738966764",#,#,"1.2986481478879548,4.919696722954724",#,"-1.5494198312620533,2.3700158392505832","-2.4725645857395513,3.3971279101550635","-2.531645923220931,2.942102119466645","0.07006151010441419,2.9570087353121055",#,#,"-3.158171280634813,1.978306493245928",0.0,0.05000705644767001,0.5492957746478874,1,160.80819538112306,9630,2863,0.47058823529411764,0.0005633112737147562,78,142
0.0,#,5.0,#,"-4.354789691755726,2.3978057678935008","-2.5819929100368304,3.8190434918673613","-3.5407837971125606,1.4948426272872866","-3.1175488901707165,3.158924358645318",#,#,#,"-2.4125119750616584,1.3964773521486902","-1.4957647837567014,0.23801754686866827","-2.605138129075363,2.792098636933594","-1.3705466807799158,0.621507523493634",#,#,0.0,0.03125,0.5,1,214.35124463474398,9965,2866,0.5882352941176471,0.00075087263028707,119,238
#,#,2.0,#,"-5.022644740788682,-1.2688186249360722",#,"-4.677093338024809,-0.36271747436461577",#,#,#,#,#,#,#,#,#,#,0.0,0.22713020123090188,0.743455497382199,1,214.45250781155673,9982,2984,0.17647058823529413,0.0007512273552995334,284,382
#,#,#,#,"-5.022644740788682,-0.9268081505096428",#,"-0.5506058499798772,3.942440418211803","-3.892082047534725,4.84993360364","-4.300021356221249,2.219280937060345",#,"-2.8237415257108274,0.9289096481842498",#,#,"-3.5054485612787643,0.995436972294975",#,#,#,0.0,0.08151842995077387,0.6056910569105691,1,214.16828833040915,9963,2999,0.35294117647058826,0.0007502317341649245,596,984
3.0,#,#,1.0,"-1.270949427044028,3.2160827413947928","-1.3011847413522775,2.5746529305433534",#,#,#,"-3.377262548507561,0.7473861238616755",#,#,"-2.1277807129361315,2.420826815494389","-3.128155853851908,4.165889778200121",#,#,"-1.3772899392043072,0.6301619737888222",1.0,0.05032843750000002,0.55,1,163.19543480898457,9761,3011,0.47058823529411764,0.0005716737758843976,143,260
#,#,#,#,#,#,#,#,"-1.9412350300973298,4.919696722954724","-1.3815660263433363,1.0363314712524234",#,#,#,#,#,#,#,0.0,0.031084743892638832,0.4994700582935877,1,190.2981906284774,9997,3143,0.11764705882352941,0.000675633400468259,1885,3774
#,#,#,0.0,#,"-3.2967626479891488,3.9580104301744683",#,#,"-2.924380322559624,3.6152275190244323",#,#,#,#,"-1.7680304653907828,3.8692877160993424","-1.146105905326503,2.408070003615866","-1.884785779312208,2.3740826682011007",#,0.0,0.06412956788017703,0.5773134328358209,1,168.87049048475862,9997,3145,0.35294117647058826,0.0005915535017500216,967,1675
#,#,#,#,"-4.078213230812062,-0.9268081505096428",#,#,#,#,#,#,#,"0.11435017558569305,2.5042965040830856",#,#,#,#,0.0,0.11499093262145273,0.6488326848249028,1,187.60386632138867,9963,3220,0.11764705882352941,0.0006638356244467254,667,1028
#,#,#,1.0,"-2.1006571200866855,5.111212617529356",#,#,#,#,#,#,#,#,#,"-0.8779129549474121,2.4166382290434587","-0.3547488816844052,1.9215428747451222",#,1.0,0.06635504384835211,0.5812658227848101,1,180.51713205474732,9972,3229,0.23529411764705882,0.0006739648397489259,1148,1975
1.0,#,#,#,#,#,"-0.9567706825729017,6.2798779059513326",#,"-0.8852311744923563,2.62421741805077",#,#,#,#,#,#,#,#,1.0,0.052090056721251006,0.5537974683544303,1,180.94331325504828,9994,3267,0.17647058823529413,0.0006338446123239961,175,316
#,#,#,0.0,"-5.022644740788682,-1.2688186249360722","-3.239104450471593,2.7267072295446515","-4.677093338024809,-0.36271747436461577",#,"-2.7257897114080802,1.6872764563517682",#,#,#,#,"-2.444053904976381,3.8692877160993424",#,#,#,0.0,0.21348443304808698,0.7342995169082126,1,211.9594976525264,9982,3465,0.35294117647058826,0.000742494338149886,304,414
#,#,2.0,#,"-5.022644740788682,-1.2688186249360722","-3.239104450471593,4.41386851811194",#,"-3.1175488901707165,3.158924358645318",#,#,"-3.3880340896773022,0.408534540950941",#,#,"-1.286017689040062,2.8397940500691994",#,"-3.951719895036189,0.38057731881355683",#,0.0,0.24789699485687572,0.756578947368421,1,210.12449954425003,9835,3513,0.4117647058823529,0.0007360663378904001,115,152
#,#,#,1.0,"-4.078213230812062,-1.2688186249360722","-5.32342511488184,1.7325870570307182",#,#,"-4.5003506143940815,1.216576012022086",#,#,"-1.225924687117638,0.6982312410459544",#,"-0.5925005810624101,1.9884396872526124",#,#,"-1.0503709838077109,4.239434484815739",0.0,0.08807988637687708,0.6151419558359621,1,190.45314201886964,9892,3652,0.4117647058823529,0.000676311894068032,195,317
#,#,#,1.0,"-2.1006571200866855,5.111212617529356",#,"-2.9205393581615975,6.2798779059513326",#,#,"-0.7091140335088874,1.7338171913849396","-1.0247460461738556,1.8105903963246475",#,#,#,"-1.26939300293823,2.0476413418436654",#,#,1.0,0.06063046544290466,0.5708712613784135,1,190.95825002681516,9972,3686,0.35294117647058826,0.0006785236364068239,878,1538
#,#,1.0,1.0,#,"-2.6092401182342755,2.3597825380421744",#,"-3.9186713536450686,2.7114060218648284",#,#,#,#,#,#,"-2.7408917760837643,2.315861203995247","-1.933512156751823,2.410857164780857",#,1.0,0.03807568683237763,0.5201511335012594,1,197.5515589413165,9972,3708,0.35294117647058826,0.0006920233140346031,413,794
0.0,#,#,#,#,#,"-3.4634285485013327,0.49045216750734544","-0.8410898478366797,5.612185464326286",#,#,#,#,#,#,"-3.094306943635483,0.9676594121061625","-0.5737047601312204,4.713166416092197",#,0.0,0.04681856720187683,0.5421052631578948,1,206.75833221311308,9929,3736,0.29411764705882354,0.0007242746502693452,515,950
#,#,#,#,#,#,#,"0.3376236623352824,6.702497942824783",#,#,#,#,#,#,"-3.2022340780874328,2.1609887795721243",#,#,0.0,0.021204813429189864,0.4626865671641791,1,178.26840028500098,9988,3798,0.11764705882352941,0.0006229579405449905,1147,2479
#,#,#,#,"-5.391974624984213,2.7996985555738654",#,"-2.8947996417878437,2.835881499066778",#,#,#,#,"-1.1908299782204113,2.965346826612948","-1.6887094760499548,2.8598980523805655","-2.236716764068896,1.3639916627900952","-1.5019254395379065,2.693132182588063",#,#,0.0,0.04144985936087398,0.5290596158643053,1,196.0194123017787,9988,3810,0.35294117647058826,0.0006866562027814092,2121,4009
#,#,0.0,#,"-1.7551451188382274,6.784599247218066",#,#,"-1.9026561925231131,1.6333850744154985",#,#,#,#,#,#,#,"-1.933512156751823,2.410857164780857",#,1,0.054469476363871304,0.558766859344894,1,168.68624493720125,9944,3823,0.23529411764705882,0.0005909080894075423,290,519
#,#,#,#,"-4.700465497872565,0.7925113630332825",#,#,"-2.705357864938452,1.803094750408278",#,"-4.285920005984353,0.6921042537716231",#,"-1.1908299782204113,3.4175621633320077",#,#,"-2.419134616802306,0.18585934263233672","-2.938319228603314,1.6232801403612744",#,0.0,0.08454870843421712,0.610128617363344,1,182.84790046509912,9963,3828,0.35294117647058826,0.0006430104328426782,759,1244
#,#,#,#,"-1.0512331892719642,6.1458357499477465",#,#,#,#,#,#,#,#,#,#,#,"-1.3772899392043072,3.6825239873050792",1.0,0.0542414889248803,0.5582983193277311,1,154.96247150073685,9986,3844,0.11764705882352941,0.0005620673370135203,2126,3808
#,#,5.0,#,#,"-1.9500828290676002,3.8793537698024054",#,#,#,#,"-4.095192340391116,0.491381316591756",#,#,#,#,#,"-1.0408860174909784,2.5688095232808754",0.0,0.023365707321098366,0.4717542120911794,1,191.75091031604836,9965,3885,0.23529411764705882,0.0006717036359378043,476,1009
#,#,#,#,"-2.1006571200866855,6.784599247218066",#,"-0.9567706825729017,6.2798779059513326",#,#,#,#,#,#,"-4.595402840626736,0.5806155229830652","-2.044719663877573,1.3542372640047673","-1.8433215931282647,2.048403022702863","-1.0408860174909784,2.5688095232808754",1.0,0.04265315389241392,0.5320962888665998,1,196.4556209052016,9972,3901,0.35294117647058826,0.0007025952562039903,1061,1994
#,#,4.0,0.0,"-1.0512331892719642,6.1458357499477465",#,#,#,"-5.148304310974876,-0.13345639306595736",#,"-1.0168381347111326,3.2361665290366215",#,#,"-2.684272918260536,1.516553579741621",#,"-1.47115149514118,3.4485758494000573",#,1.0,0.03525146660039371,0.5121951219512195,1,140.71482539080063,9986,3940,0.4117647058823529,0.0004929241779846894,63,123
#,0.0,3.0,1.0,#,#,"-3.4238118807346885,6.2798779059513326",#,"-3.1596275453768596,2.9584869144720205",#,#,"-0.748458783922075,2.1762582268865853","-2.1277807129361315,2.420826815494389","-3.128155853851908,2.058593473817262",#,#,#,1.0,0.058687278378269564,0.5671641791044776,1,186.38061631405793,9994,3949,0.47058823529411764,0.0006528914905287088,76,134
1.0,#,#,1.0,#,"-4.326684604277345,3.027468927011802",#,#,#,#,#,#,#,#,#,"-1.6246986078109975,0.5781643822820931",#,1.0,0.03835518601539994,0.5209125475285171,1,189.407805612766,9994,3996,0.23529411764705882,0.0006634957377537298,137,263
#,#,#,#,#,#,#,"-0.8489434283437998,3.394306091982534","-2.336261000310441,4.584229126403867",#,#,"-1.1908299782204113,2.965346826612948","-1.8103756479397395,1.9672814519432353",#,"-0.8779129549474121,2.4166382290434587","-1.933512156751823,1.9215428747451222",#,1.0,0.03805399309383072,0.5200918484500574,1,181.29139736508574,9973,4046,0.35294117647058826,0.0006890588974587723,1359,2613
#,#,2.0,#,"-9.931000107569567,-1.2688186249360722","-3.239104450471593,2.3262009245580315",#,"-1.0287272741846305,2.7725170877743768","-3.755048622624797,3.466332379164045",#,#,#,"-3.580948578857835,1.2374915995643274",#,#,#,#,0.0,0.19349176319999997,0.72,1,213.07658070377795,9982,4047,0.35294117647058826,0.0007464074812266694,162,225
#,#,4.0,#,"-1.7551451188382274,6.784599247218066",#,#,"0.5283537374303775,3.1716575193722933",#,#,"-1.0168381347111326,3.2361665290366215",#,#,#,"-2.044719663877573,0.10056947918624981",#,"-1.8501188365977952,3.2096950899115915",1.0,0.033449861179010436,0.5068493150684932,2,161.87469769066806,9663,4062,0.35294117647058826,0.0011340944648026994,37,73
#,#,#,#,#,#,#,"-2.8396126344233465,3.1716575193722933",#,#,"-1.0247460461738556,3.2361665290366215",#,#,#,"-0.689626259013298,3.907421904694893","-0.9903951973011125,1.5061828581377241",#,1.0,0.030450945851583228,0.49741646572511194,1,191.94563623740063,9994,4070,0.23529411764705882,0.0006723857610404601,1444,2903
#,#,#,0.0,"-5.022644740788682,-1.2688186249360722",#,#,#,#,#,#,"-2.329444653545997,0.36437364588303256",#,"-0.7808719651870056,2.4447626672075073",#,#,#,0.0,0.20158654242863244,0.725925925925926,1,209.56568762068204,9982,4087,0.23529411764705882,0.0007341088191477388,196,270
#,#,#,1.0,#,"-2.4419250550409655,3.8190434918673613",#,"-1.3554958168398166,3.158924358645318",#,"-3.4575509652177208,2.7043883160380675",#,#,#,#,"-3.094306943635483,0.7226612013353197","-3.3004197133980506,0.6647336687695136","-2.4027699727303222,2.350388564293647",1,0.03846803567554911,0.5212187159956474,1,183.32357676599736,9952,4101,0.4117647058823529,0.0006450933010564208,958,1838
#,#,#,1.0,"-1.7551451188382274,5.111212617529356",#,"-0.2937523323204678,6.2798779059513326",#,"-1.7888487497090786,2.62421741805077",#,#,#,#,#,"-0.6366717984937571,0.6631968636509954",#,#,1.0,0.09108943799481192,0.6192893401015228,1,188.92792301372918,9972,4127,0.29411764705882354,0.0007107936014673788,610,985
#,2.0,#,1.0,"-1.7551451188382274,5.111212617529356",#,#,#,#,#,#,#,#,#,"-3.094306943635483,0.7226612013353197",#,"-2.4027699727303222,2.350388564293647",1,0.05882494954717203,0.5674300254452926,1,181.64284381802617,9952,4183,0.29411764705882354,0.000637733789500961,669,1179
#,#,4.0,0.0,"-1.7551451188382274,6.784599247218066",#,#,"0.5283537374303775,3.1716575193722933","-3.3780266204983835,3.2415726311413886",#,#,#,#,"-2.684272918260536,1.516553579741621",#,#,#,1.0,0.03385277864242071,0.5080645161290323,1,154.02922999312767,9979,4211,0.35294117647058826,0.0005395645509925124,63,124
#,2.0,4.0,#,#,#,#,"1.07771970248483,3.1814601128813296",#,"-1.381296094429551,2.103320887399632","-1.844671767624959,5.2625417590839145",#,#,#,#,"-2.2618384761954164,0.21911772386345008","-1.0503709838077109,3.0697866795753286",1,0.040386107340619246,0.5263157894736842,1,173.79098356413238,9979,4221,0.4117647058823529,0.0006087899940648408,10,19
#,#,#,#,#,#,#,#,#,#,"-3.2386680306027653,2.8489660959381373",#,#,#,#,"-0.3547488816844052,1.9215428747451222",#,1.0,0.03039901632811532,0.4972466960352423,1,173.76873284556765,9994,4221,0.11764705882352941,0.0006444152780408842,1806,3632
#,#,#,#,"-4.700465497872565,-1.2688186249360722","-3.239104450471593,2.4954538925932863",#,#,"-4.984978662259402,2.873018971095232","-0.30257044623848095,1.8308685222283656","-3.3880340896773022,2.199246547010924",#,"-3.580948578857835,2.0469895495392505",#,#,#,#,0.0,0.10551009263043792,0.6377622377622377,1,211.7419530928574,9938,4230,0.35294117647058826,0.0007695303029117067,456,715
#,#,#,#,#,#,"-1.73969877905602,6.2798779059513326",#,"-1.7888487497090786,2.62421741805077","-3.4575509652177208,2.7043883160380675",#,#,#,"-1.3582128940221352,1.7173922205865868",#,"-3.3004197133980506,0.6647336687695136",#,1.0,0.034378300521880435,0.5096322241681261,1,193.23095644104393,9994,4272,0.29411764705882354,0.0006884752525382706,1455,2855
0.0,#,#,0.0,#,"-2.6792517740822865,3.3568286738966764",#,"-2.090131656410898,4.009539529058207",#,"-1.7305240103368889,1.6118637069278379",#,"-2.4125119750616584,2.965346826612948",#,"0.07006151010441419,2.9570087353121055","-3.094306943635483,1.732593628258118",#,#,0.0,0.04845072384555642,0.5458333333333333,1,181.1550975390662,9850,4339,0.47058823529411764,0.0006345864928886039,131,240
#,#,#,#,"-4.700465497872565,0.7925113630332825","-3.239104450471593,2.4954538925932863","-3.1801512701428423,0.9534512965935034","-3.8512669221020324,0.4803836298977662",#,#,"-3.3880340896773022,5.2625417590839145","-2.4638899396416156,1.6922868651917435",#,#,#,#,#,0.0,0.08866988458915924,0.6159638554216867,1,215.46241100788012,9982,4349,0.35294117647058826,0.0007547650472343334,818,1328
#,#,2.0,#,"-6.411880602767104,-0.9268081505096428",#,#,#,#,#,#,"-2.6444703790848356,1.126875240115805","-3.580948578857835,2.0469895495392505",#,#,#,"-1.0408860174909784,2.5688095232808754",0.0,0.21108133764886253,0.7326388888888888,1,214.88588935366965,9982,4367,0.29411764705882354,0.0007527454912870277,211,288
#,#,#,0.0,#,"-2.4814487221850836,4.872704809104063",#,#,"-2.924380322559624,-0.07042770270866239","-4.130042320706689,1.7631692789784217","-2.20417625758114,2.1495115709171415",#,#,#,"-1.146105905326503,2.408070003615866",#,#,0.0,0.06188898084805699,0.5732217573221757,1,168.1662362953962,9997,4436,0.35294117647058826,0.0005890864986007825,274,478
4.0,#,#,#,"-1.7551451188382274,2.8941829025596006","-5.031760337714111,1.924871381072919","-1.73969877905602,1.7648773101334905","0.29496380390005017,3.5658019758182657",#,#,#,#,#,#,#,"-0.3547488816844052,1.9215428747451222","-7.184888681582457,0.7274056083617082",1.0,0.04526613752481193,0.5384615384615384,1,153.74437068800003,9733,4462,0.4117647058823529,0.0005385666885538436,7,13
#,#,#,#,"-6.160280652451897,2.7996985555738654","-5.1738356050184775,0.8642476743532486","-0.14638985638800683,5.964153068352679","-3.892082047534725,0.06771528602128085",#,#,"-2.49109401120322,0.8445959211479594","-1.1908299782204113,0.9426777922809271",#,"-2.5373767476114226,0.964049904698068",#,"-4.002353011276364,1.4313756976199277","-1.226131424232172,0.21054173810507404",0.0,0.03642313768873986,0.5155555555555555,1,199.53471848947123,9971,4520,0.5294117647058824,0.000698970323970278,116,225
#,#,#,#,#,#,"-1.73969877905602,6.2798779059513326","-1.3554958168398166,3.5339888143281977",#,"-3.4575509652177208,2.7043883160380675",#,#,#,"-1.3582128940221352,1.7173922205865868",#,#,#,1.0,0.03649366323157894,0.5157550535077289,1,202.55411876878367,9973,4557,0.23529411764705882,0.0007292990615599548,1735,3364
#,#,#,1.0,"-0.4107893573261929,5.111212617529356",#,#,"-1.3554958168398166,3.5339888143281977",#,#,#,#,"-3.1193462740096782,2.3544017686778975","-1.3582128940221352,1.7173922205865868",#,"-3.3004197133980506,0.6647336687695136",#,1.0,0.09216857620474565,0.6207497820401047,1,178.73146423990613,9973,4573,0.35294117647058826,0.0006260965029503945,712,1147
0.0,#,4.0,0.0,#,#,"-3.179488678075136,0.8642529632973761",#,#,"-2.9110011907330406,1.6118637069278379",#,#,"-1.7699899505211891,2.547332449345068",#,#,"0.11339928174151859,2.6099773371803554",#,0.0,0.10707223044731819,0.6396396396396397,1,174.2648886347018,9997,4627,0.4117647058823529,0.0006104500840141724,71,111
0.0,#,2.0,#,#,"-3.239104450471593,2.3262009245580315",#,#,"-2.924380322559624,3.6152275190244323",#,#,#,#,#,"-1.146105905326503,3.9121342500426746","-1.969166598661812,1.5554141854871335",#,0.0,0.06387053948320183,0.5768463073852296,1,183.61101419005382,9877,4661,0.35294117647058826,0.0006431895714414493,289,501
0.0,2.0,#,#,#,"-5.225292600875165,3.8190434918673613",#,"-1.3554958168398166,3.5339888143281977",#,"-3.4575509652177208,2.7043883160380675",#,"-1.5707598888435232,3.8938429471410787","-4.927350324399889,0.23801754686866827",#,#,"-3.3004197133980506,0.6647336687695136",#,1,0.03847423754661963,0.5212355212355212,1,219.72974734485786,9856,4683,0.47058823529411764,0.0007697135308091599,270,518
0.0,#,#,#,#,#,"-1.8947167869924764,4.665130764567376",#,#,#,#,#,"-3.169884361917054,1.3787231665134665",#,"-1.146105905326503,2.408070003615866","-1.5738845359587559,1.803838715517317",#,0,0.02774167976349167,0.4882323485227842,1,212.2074533115695,9938,4692,0.29411764705882354,0.0007433629270783876,975,1997
0.0,#,#,#,#,"-1.4313969880801625,2.4444406838154684","-1.8947167869924764,4.665130764567376",#,#,#,#,#,#,#,"-1.146105905326503,2.408070003615866",#,#,0,0.026073955853099927,0.4822157434402332,1,199.94079786733633,9938,4701,0.23529411764705882,0.0007003928204483484,827,1715
#,#,#,#,#,"-5.1738356050184775,3.3568286738966764",#,"-3.910331139284657,4.84993360364",#,#,#,#,#,#,#,#,"1.7961306120731653,4.364369499013536",0.0,0.03398961265408045,0.5084745762711864,1,173.13017457469908,9963,4708,0.17647058823529413,0.0006064751794956107,90,177
#,#,#,0.0,"-6.160280652451897,-1.2688186249360722",#,#,"-3.892082047534725,2.7794733894096524","-3.336908183275525,3.6152275190244323","-1.878276025268764,2.5308311762293862",#,#,"0.11435017558569305,2.5042965040830856","-3.0953869555605404,0.5803362301913466",#,"-2.938319228603314,1.6232801403612744","-0.7392796732069618,2.863921153246692",0.0,0.3787874412704941,0.8235294117647058,1,222.66888803935632,9929,4736,0.5294117647058824,0.0007800093436831295,84,102
#,#,#,#,"-4.700465497872565,-1.2688186249360722",#,#,"-3.892082047534725,4.84993360364",#,#,"-3.3880340896773022,2.6500212156556926",#,"-2.298111372984801,1.8892174053440793",#,#,#,#,0.0,0.10893601183055286,0.641851106639839,2,210.06356668181414,9988,4753,0.23529411764705882,0.0015243621325156703,957,1491
2.0,#,4.0,#,#,#,#,#,#,"-2.400520241609476,2.861962547275412",#,#,#,"-4.677355968987028,1.8491294881919278",#,#,#,0,0.06235046117101463,0.5740740740740741,1,162.7365526177885,9970,4757,0.23529411764705882,0.0005700663110969529,31,54
0.0,#,#,0.0,#,"-2.6792517740822865,3.3568286738966764",#,#,#,#,#,"-2.4725645857395513,3.3971279101550635",#,#,#,#,#,0.0,0.05886122948310547,0.5675,1,168.9569508384938,9997,4765,0.23529411764705882,0.0005918563724580286,454,800
#,2.0,#,#,"-5.022644740788682,-1.2688186249360722",#,"-4.677093338024809,-0.36271747436461577","-3.892082047534725,4.84993360364","-2.7257897114080802,1.6872764563517682",#,#,#,"-0.16682283038724888,1.8892174053440793",#,#,#,#,0.0,0.15625972473644284,0.689873417721519,1,215.2863792029621,9982,4778,0.35294117647058826,0.0007541484076407626,109,158
0.0,#,#,#,#,#,#,"-4.797464118099263,1.037003972349446",#,"-2.144095388111262,3.0472727684913985","-1.8161104768991811,1.8105903963246475",#,#,"-1.6991867370639058,1.3014036186519207",#,"-1.5738845359587559,1.6232801403612744",#,0,0.04066660244334639,0.5270448548812665,1,196.80255012126352,9997,4805,0.35294117647058826,0.0006893995353680517,799,1516
0.0,#,2.0,#,"-5.022644740788682,-1.2688186249360722",#,"-3.179488678075136,0.8642529632973761",#,#,#,#,#,#,#,"-2.4035092412798447,1.732593628258118",#,#,0.0,0.230025959045606,0.7453416149068323,1,232.68363271687036,9835,4808,0.29411764705882354,0.0008150910045826134,120,161
0.0,#,2.0,#,#,"-3.8237393755265408,2.3262009245580315",#,#,"-2.924380322559624,3.6152275190244323",#,#,#,#,#,"-4.1038283877823085,2.408070003615866",#,#,0.0,0.06369595605826536,0.576530612244898,1,198.1951408009367,9877,4816,0.29411764705882354,0.0006942777819503903,339,588
#,#,0.0,1.0,#,"-4.326684604277345,3.027468927011802",#,#,"-2.8962154143528154,2.620117295346995","2.7264949574677315,3.3784478820683255",#,#,#,#,#,#,#,1,0.08825375108068294,0.6153846153846154,2,135.19200512,9724,4884,0.29411764705882354,0.0009471554657983401,8,13
#,#,#,#,"-4.700465497872565,-1.2688186249360722",#,#,"-3.892082047534725,4.84993360364",#,#,"-3.3880340896773022,2.6500212156556926",#,"-3.5675639806740356,1.8892174053440793",#,#,#,#,0.0,0.10641369367481995,0.6388508891928865,1,209.9373003000838,9988,4920,0.23529411764705882,0.000761628177176597,934,1462
#,#,#,1.0,#,"-4.326684604277345,3.027468927011802",#,#,"-1.7888487497090786,2.62421741805077",#,"-3.734955297994394,1.5187563454587136",#,#,#,"-0.6366717984937571,0.6631968636509954","-5.398197047024251,2.410857164780857",#,1.0,0.04321019334617362,0.5334788937409025,1,193.56497605457486,9994,4926,0.35294117647058826,0.0007310981034280129,733,1374
#,#,#,1.0,"-5.697968659544334,5.111212617529356",#,#,#,#,"-3.4575509652177208,2.7043883160380675",#,#,"-3.1193462740096782,2.3544017686778975",#,#,"-3.3004197133980506,0.6647336687695136",#,1.0,0.04176873725558835,0.5298711440843421,1,183.87253823261926,9994,4939,0.29411764705882354,0.0007031866148214654,1357,2561
#,1.0,#,#,"-4.700465497872565,0.7925113630332825",#,#,"-3.892082047534725,4.84993360364",#,"-4.285920005984353,3.0472727684913985",#,#,"-3.5675639806740356,2.5042965040830856","-3.2995593307731372,-0.07392469837862436",#,#,#,0,0.054244193579556656,0.558303886925795,1,178.84572840888734,9938,4960,0.35294117647058826,0.0006264967704517878,158,283
0.0,#,2.0,#,"-6.932102039450315,0.9274762824364906",#,#,#,"-2.924380322559624,3.6152275190244323",#,#,#,#,#,"-2.4035092412798447,2.408070003615866",#,#,0.0,0.13260173402408978,0.667590027700831,1,222.70229282947815,9877,4975,0.29411764705882354,0.0007801263606972631,241,361
#,#,#,#,"-0.4107893573261929,5.111212617529356",#,#,#,"-0.7797358526259717,2.630360731552093","-0.7758661443778136,2.7043883160380675",#,#,#,#,#,#,#,1.0,0.09346990274479755,0.6224928366762178,1,157.77535127429027,9986,4991,0.17647058823529413,0.000574384237936165,869,1396
#,#,#,#,"-0.4107893573261929,5.111212617529356","-5.225292600875165,2.128860930413981",#,"-3.892082047534725,4.84993360364",#,"-3.4575509652177208,3.704355689402565",#,#,#,"-1.3582128940221352,1.7173922205865868",#,"-3.3004197133980506,0.6647336687695136",#,1.0,0.06061928323962768,0.5708502024291497,1,161.19796082262596,9986,4991,0.35294117647058826,0.0005646766224569807,987,1729
#,#,#,#,"-0.4107893573261929,5.111212617529356",#,#,#,#,#,#,#,#,#,"-0.8779129549474121,3.907421904694893",#,#,1.0,0.07284551488943676,0.5922165820642978,1,158.65920967965286,9986,4993,0.11764705882352941,0.0005782544340642935,1400,2364
0.0,#,2.0,#,#,#,#,#,"-2.924380322559624,3.6152275190244323",#,"-1.5816277982209834,4.589398576628699",#,#,#,"0.9110103760620101,2.408070003615866",#,#,0.0,0.035151660700160806,0.5119047619047619,1,217.5785812948459,9821,4998,0.29411764705882354,0.0007621779939247851,43,84
#,#,2.0,#,"-5.593737895110935,0.9374609920907764","-3.8237393755265408,2.1903904290686342","-4.677093338024809,0.6088946784474558",#,#,#,#,#,#,#,#,#,"-2.5266741785335385,4.239434484815739",0.0,0.11767008207436702,0.6518282988871225,1,199.5947782492449,9982,5024,0.29411764705882354,0.0006991807133705007,410,629
#,#,#,#,"-4.700465497872565,0.7925113630332825",#,#,#,#,"-4.285920005984353,0.6921042537716231",#,"-1.1908299782204113,3.4175621633320077",#,#,"-2.419134616802306,0.18585934263233672",#,#,0.0,0.07220656853928448,0.5911740216486261,1,183.18393460281703,9963,5044,0.23529411764705882,0.0006444818427549722,710,1201
#,#,#,#,#,#,#,#,#,#,#,#,"-3.1193462740096782,2.3544017686778975","-4.677355968987028,3.9961478560829238","-0.8779129549474121,0.6631968636509954","-0.3547488816844052,0.6647336687695136",#,1.0,0.02832247185944016,0.4902597402597403,1,187.31540532622074,9994,5055,0.23529411764705882,0.0007037327875713183,604,1232
#,#,0.0,1.0,"-2.573120017015833,5.111212617529356",#,"-2.4938486298100324,4.155859847113654","-0.9347571388115801,2.07087793808624",#,#,#,#,"-0.8611848327552905,3.40025315036931",#,"-0.8779129549474121,2.4166382290434587",#,"-2.76550790909565,0.5276887768922812",1.0,0.03048784159720073,0.4975369458128079,1,220.96169104237026,9921,5067,0.47058823529411764,0.0007740290308478603,101,203
#,#,#,#,"-0.4107893573261929,5.111212617529356","-5.225292600875165,2.128860930413981",#,"-1.3554958168398166,3.5339888143281977",#,#,#,#,"-3.1193462740096782,2.3544017686778975","-1.3582128940221352,3.9961478560829238",#,"-3.3004197133980506,0.6647336687695136",#,1.0,0.06418720773457978,0.5774171737660582,1,155.35728130667513,9979,5071,0.35294117647058826,0.0005637961109585536,854,1479
0.0,#,#,#,"-5.022644740788682,-0.9268081505096428",#,#,"-0.9852343656750038,2.992812059630934",#,#,#,#,#,"-2.444053904976381,3.8692877160993424","-3.329875770008803,1.1369899906274274",#,#,0.0,0.08633685197583353,0.6126878130217028,1,207.40082540402173,9988,5077,0.29411764705882354,0.0007265253045775167,367,599
#,#,#,#,#,#,#,"-3.892082047534725,4.84993360364",#,#,#,#,"0.3092423644285358,3.932709378602002","-1.3582128940221352,3.9961478560829238",#,#,#,1,0.027166562212735106,0.4861910241657077,1,179.73563742441897,9973,5102,0.17647058823529413,0.0006296141226479322,845,1738
#,#,#,#,"-0.9867779207639877,6.430007256227787","2.0547604392619223,3.3568286738966764",#,"-3.910331139284657,4.84993360364","-4.486973262044639,1.6311411978042405",#,#,"-3.3430255350369604,2.965346826612948",#,"-1.5449488098919741,2.5808629292172873",#,"-2.552643603449921,2.734227572773497","1.297815604159362,4.364369499013536",0.0,0.005252187499999998,0.35,1,153.9771482547552,9788,5126,0.47058823529411764,0.012194705174492781,7,20
0.0,2.0,2.0,#,#,#,#,#,#,#,#,#,#,#,"-2.4035092412798447,1.732593628258118",#,#,0.0,0.07194636235483874,0.5907473309608541,1,210.120804032298,9835,5152,0.23529411764705882,0.0007360533925082335,166,281
#,#,#,1.0,"-4.078213230812062,0.29564452280749287","-5.32342511488184,1.7325870570307182",#,#,#,#,#,"-1.225924687117638,0.6982312410459544",#,"-0.5925005810624101,2.1830454979747294",#,#,"-1.0503709838077109,4.239434484815739",0.0,0.0525431882017066,0.5547576301615799,1,176.95203850386875,9892,5175,0.35294117647058826,0.0006171939197044979,309,557
#,0.0,3.0,1.0,"-1.270949427044028,6.784599247218066","-1.3011847413522775,2.5746529305433534","-3.4238118807346885,2.5968701186421628","-2.762039369416929,3.160829752705246",#,"-3.377262548507561,0.7473861238616755",#,"-3.0696825275663033,-0.5297967023903616",#,"-0.4168935696482948,2.058593473817262",#,#,"-1.582092944976031,1.6377886446208514",1.0,0.07775999999999998,0.6,1,158.8,8935,5185,0.6470588235294118,0.0005562765632304589,3,5
#,#,2.0,0.0,#,#,"-4.677093338024809,-0.36271747436461577",#,"-2.7257897114080802,3.6152275190244323",#,#,#,#,#,#,#,"-2.797231225307385,2.799229632801482",0.0,0.06011247441448353,0.5698924731182796,1,180.52237045139893,9982,5287,0.29411764705882354,0.0006323700492501255,477,837
#,#,2.0,#,#,"-2.6792517740822865,2.1903904290686342",#,"-3.408513428529598,5.612185464326286","-2.6792474916499436,1.6872764563517682",#,#,#,"-1.7699899505211891,2.547332449345068","-2.444053904976381,3.8692877160993424",#,"-2.426450679361152,3.007278029535139",#,0.0,0.05360412686055194,0.5569800569800569,1,187.00711267854112,9982,5287,0.4117647058823529,0.0006550861079374687,391,702
#,#,#,#,"-9.931000107569567,-1.2688186249360722","-3.239104450471593,2.7267072295446515",#,"-2.077106742197428,2.3429448414758363",#,#,#,"-2.4725645857395513,3.3971279101550635","-3.580948578857835,2.0469895495392505",#,#,#,#,0.0,0.10664060076188468,0.6391231028667791,1,208.36909327400465,9988,5292,0.29411764705882354,0.0007547613886462037,758,1186
#,1.0,2.0,0.0,#,#,#,#,"-2.924380322559624,3.6152275190244323","-1.849822963280639,1.7059086508307721",#,#,#,#,#,#,"-2.1244561007649736,-0.1311960691097609",0.0,0.06754356352880661,0.5833333333333334,1,193.86606791423844,9630,5335,0.35294117647058826,0.0006791130351784339,28,48
#,#,#,#,#,#,#,"-3.910331139284657,4.84993360364","-4.984978662259402,1.6311411978042405",#,#,#,#,#,#,#,"1.7961306120731653,4.364369499013536",0.0,0.025801304551779793,0.48120300751879697,1,181.76304027744897,9963,5344,0.17647058823529413,0.0006367161169260629,64,133
0.0,#,#,#,"-5.022644740788682,0.7925113630332825",#,"-0.4031973155842743,4.359431728698906","-1.774490735949442,2.1151546576830307","-4.984978662259402,-0.07042770270866239","-4.285920005984353,3.0472727684913985",#,#,#,#,#,"-1.5738845359587559,1.6232801403612744",#,0.0,0.06798734362756603,0.5840978593272171,1,222.13944102329478,9938,5372,0.4117647058823529,0.0007781546902416476,191,327
2.0,#,2.0,#,"-4.700465497872565,-1.2688186249360722","-3.239104450471593,2.3262009245580315",#,#,"-0.44403000854895813,4.771411826076317",#,"-2.20417625758114,1.6318671646227172",#,#,#,#,"-2.5139623978995838,-0.5313857068158017",#,0.0,0.03125,0.5,1,177.0,7079,5380,0.4117647058823529,0.0006200311819382319,1,2
#,2.0,#,#,"-5.022644740788682,-0.9268081505096428",#,"-1.73969877905602,6.2798779059513326",#,"-4.984978662259402,-0.13345639306595736",#,"-1.0168381347111326,3.2361665290366215","-2.870018425813978,1.0552596676397505",#,#,#,#,#,0,0.12420700136697883,0.6589147286821705,1,214.37290397174223,9963,5381,0.35294117647058826,0.0007509485029668385,170,258
#,#,#,0.0,#,#,"-4.677093338024809,3.497782123670487",#,#,"-3.3685471204857804,1.751706403834652",#,#,#,"0.07006151010441419,2.9570087353121055","-1.7350804638521573,3.8579948019928088",#,"-3.158171280634813,2.799229632801482",0.0,0.05806977067585959,0.5659655831739961,1,159.47816989987496,9971,5391,0.35294117647058826,0.0005586521930868115,296,523
0.0,#,2.0,0.0,#,"-2.6792517740822865,3.3568286738966764",#,#,"-2.7257897114080802,3.6152275190244323",#,#,"-2.4725645857395513,3.3971279101550635",#,#,#,"-1.884785779312208,2.3740826682011007","-2.797231225307385,1.978306493245928",0.0,0.05439826936657718,0.5586206896551724,1,191.3521300192311,9877,5391,0.47058823529411764,0.0006703067081481474,243,435
#,0.0,#,1.0,#,"-3.2713528628214896,2.3262009245580315",#,"0.05659417638497377,3.5339888143281977","-2.924380322559624,1.4271453238430905",#,"-1.0168381347111326,1.6318671646227172",#,#,#,#,"-3.3004197133980506,1.9215428747451222",#,1.0,0.05308222838114881,0.5558912386706949,1,164.38965750570318,9973,5396,0.4117647058823529,0.000575857139218544,184,331
#,#,2.0,#,#,#,#,#,#,#,#,#,"-3.580948578857835,2.0469895495392505",#,"-1.7350804638521573,3.8579948019928088",#,#,0.0,0.061094009392440154,0.5717415115005476,1,180.18387628204692,9982,5409,0.17647058823529413,0.0006311843038269475,522,913
0.0,#,#,#,#,#,#,#,#,#,#,"-3.3430255350369604,2.965346826612948",#,"-1.5449488098919741,2.5808629292172873",#,"-2.4153020081427257,2.734227572773497","1.297815604159362,4.364369499013536",0.0,0.032766711146467724,0.5047619047619047,1,172.95045324510326,9929,5428,0.29411764705882354,0.0006058456154933011,106,210
#,#,5.0,#,#,#,"-4.677093338024809,-0.36271747436461577",#,"-2.796197938451855,1.6872764563517682",#,"-2.695280106714755,1.7245090536505587",#,"-1.4727551680794764,-0.16682283038724888","-2.444053904976381,3.8692877160993424",#,"-2.4153020081427257,1.6232801403612744",#,0.0,0.034372621162129066,0.5096153846153846,1,174.8018161838073,9965,5447,0.4117647058823529,0.0006123309417705965,53,104
0.0,#,#,1.0,"-5.022644740788682,-1.2688186249360722","-1.9500828290676002,3.8793537698024054",#,#,"-4.984978662259402,2.873018971095232",#,"-3.3880340896773022,2.199246547010924",#,#,"-2.444053904976381,3.8692877160993424","-3.329875770008803,1.1369899906274274","-0.4302499060534146,1.9194706167125493",#,0.0,0.09993277007112772,0.6308724832214765,1,211.76767173877622,9988,5450,0.5294117647058824,0.0007418223717768414,188,298
#,2.0,#,#,"-0.4107893573261929,6.784599247218066","-5.225292600875165,2.128860930413981",#,"-1.3554958168398166,3.5339888143281977",#,#,#,#,"-1.869208291078781,1.3582867807559975","-4.595402840626736,0.5806155229830652",#,#,"-2.4027699727303222,2.350388564293647",1.0,0.06440573055861844,0.5778097982708934,1,178.00942271626678,9952,5479,0.4117647058823529,0.0006235671907508997,401,694
#,#,4.0,#,#,#,#,#,#,"-1.878276025268764,2.5308311762293862","-1.8430561633861058,0.408534540950941",#,"-1.2646539405557276,2.5042965040830856","-3.0953869555605404,2.792098636933594",#,"-2.938319228603314,0.8523385404468903","-0.7392796732069618,2.863921153246692",0.0,0.08908632773796363,0.6165413533834586,1,155.44596699375336,9997,5527,0.4117647058823529,0.0005445273821619677,82,133
#,#,2.0,0.0,"-0.7460541548337496,4.124670439011595",#,"-4.677093338024809,-0.36271747436461577",#,"-2.7257897114080802,3.6152275190244323",#,#,#,#,#,#,#,"-2.797231225307385,2.799229632801482",0.0,0.025160295379683544,0.47878787878787876,1,141.5880673577104,9877,5530,0.35294117647058826,0.0004959831454923795,237,495
0.0,#,#,#,"-4.691909600830407,-0.9268081505096428","-3.239104450471593,2.3262009245580315","-2.1533886250332905,3.0585450460690584",#,"-4.984978662259402,-0.07042770270866239",#,#,#,"-1.3243589370201043,2.547332449345068",#,#,#,#,0,0.12339034882038566,0.6580459770114943,1,217.21848679806968,9938,5539,0.35294117647058826,0.000760916582532437,229,348
#,0.0,#,1.0,"-4.700465497872565,0.7925113630332825",#,#,#,"-2.7257897114080802,1.6872764563517682",#,#,"-1.3818766044560389,4.661955911537927",#,#,"-1.8150184371249243,1.3542372640047673",#,#,0.0,0.05392824509780489,0.5576519916142557,1,173.34524460538265,9988,5548,0.35294117647058826,0.0006072285700341656,266,477
#,0.0,#,#,#,"-4.326684604277345,3.027468927011802",#,#,"-1.8734752344269026,2.840481808407481",#,"-3.734955297994394,1.6318671646227172","-2.401121500748787,0.7544942214395045",#,#,#,#,#,1.0,0.03900232947935416,0.5226586102719033,1,162.590214220551,9994,5570,0.29411764705882354,0.0005695536875410087,519,993
#,#,#,1.0,"-0.4107893573261929,5.111212617529356",#,"-2.4938486298100324,4.155859847113654","-0.9347571388115801,3.5339888143281977",#,#,#,#,"-1.869208291078781,3.40025315036931","-4.595402840626736,0.5806155229830652",#,#,#,1.0,0.09517095986636413,0.6247422680412371,3,193.47231879880442,9952,5573,0.35294117647058826,0.002033201194867002,606,970
#,#,#,#,"-5.022644740788682,-0.9268081505096428","-3.239104450471593,2.3262009245580315",#,#,"-4.984978662259402,-0.07042770270866239",#,#,#,#,#,#,#,#,0.0,0.11627312859480826,0.6502732240437158,1,211.15866091557248,9963,5595,0.17647058823529413,0.0007396890062371567,476,732
#,#,#,#,"-0.4107893573261929,5.111212617529356",#,#,#,#,"-3.4575509652177208,2.7043883160380675",#,#,#,"-1.3582128940221352,1.7173922205865868",#,#,#,1.0,0.06501511072512352,0.5788990825688073,1,159.5594043836231,9986,5630,0.17647058823529413,0.0005589367575668821,1262,2180
#,#,#,#,#,"-5.1738356050184775,3.3568286738966764",#,"-3.910331139284657,4.84993360364",#,#,"-3.3880340896773022,2.6500212156556926",#,"-1.4942384882579764,2.591798783044017","-2.444053904976381,3.8692877160993424",#,#,"1.297815604159362,4.364369499013536",0.0,0.032169054967150404,0.502906976744186,1,159.12610187028574,9963,5650,0.35294117647058826,0.0005574188984172698,173,344
#,#,#,0.0,"-4.700465497872565,0.3017144216799241",#,#,"-2.705357864938452,0.3967237137977504","-5.393047844513039,3.6152275190244323","-4.285920005984353,0.6921042537716231",#,#,#,#,#,"-2.938319228603314,1.6232801403612744",#,0.0,0.18888103629223998,0.7165354330708661,1,198.90089909143967,9953,5671,0.35294117647058826,0.0006967500539674708,182,254
#,#,#,#,"-0.4107893573261929,6.784599247218066",#,#,#,"-2.8962154143528154,2.620117295346995",#,#,#,#,#,#,#,"-2.4027699727303222,2.350388564293647",1.0,0.0694343638456168,0.58656330749354,1,153.807259846898,9986,5714,0.17647058823529413,0.0005570089524999714,1362,2322
#,#,#,#,#,#,#,"-1.3554958168398166,3.5339888143281977",#,"-3.4575509652177208,2.7043883160380675",#,#,"-3.6851128651498826,1.8657302203924475",#,#,"-3.3004197133980506,1.9215428747451222",#,1.0,0.03413060052986797,0.5088957055214723,1,176.9734092674388,9979,5741,0.23529411764705882,0.0006654246525454667,1659,3260
#,#,5.0,#,"-2.1006571200866855,5.111212617529356",#,"-1.73969877905602,6.2798779059513326","0.05659417638497377,3.5339888143281977","-1.7888487497090786,2.62421741805077",#,"-3.0380627564110596,2.465825631968387",#,#,"-1.3582128940221352,1.7173922205865868","-0.689626259013298,2.4166382290434587",#,"-8.780854370825324,2.360568520026181",1.0,0.10581655626593997,0.6381322957198443,1,188.55336997941006,9973,5745,0.5294117647058824,0.0006605026488518099,164,257
#,#,#,1.0,#,#,#,#,"-2.534658998290285,0.9757345442459583","-2.4361114375626656,2.5308311762293862",#,#,#,"-4.152037313406177,3.8692877160993424",#,#,"-0.7392796732069618,2.863921153246692",0.0,0.027273416215241274,0.48657289002557547,1,184.9715358529537,9988,5761,0.29411764705882354,0.0007092019113741074,761,1564
#,2.0,#,1.0,"-0.4107893573261929,5.111212617529356",#,#,#,#,"-3.4575509652177208,2.7264949574677315","-3.4238308590053017,1.6630962878302475",#,"-0.8611848327552905,3.13602294911382","-1.3582128940221352,1.786821995661154",#,#,#,1.0,0.07968465929249387,0.6029411764705882,1,198.08679669333037,9815,5790,0.4117647058823529,0.0006938982524300783,328,544
#,#,#,#,"1.7843362461298131,5.111212617529356",#,#,#,#,#,#,#,"-0.8611848327552905,3.13602294911382",#,#,#,#,1.0,0.12047070547378574,0.6549019607843137,2,155.48930821061396,9979,5814,0.11764705882352941,0.0010893584129783615,501,765
#,#,#,1.0,"-2.1006571200866855,5.111212617529356",#,#,#,#,#,#,#,#,"-3.30718569763531,0.4435522470094726",#,#,#,1.0,0.05906572989290768,0.5678937839468919,1,194.56952755138383,9972,5849,0.17647058823529413,0.0006943365225075674,941,1657
2.0,2.0,#,#,#,"-5.110442869915595,2.128860930413981","-1.73969877905602,1.7648773101334905",#,#,#,"-3.574293503911311,2.2631638777032546",#,#,#,"-0.8507218843961911,2.826916646570362",#,#,1.0,0.048282842081079885,0.5454545454545454,1,178.96076980925238,9961,5851,0.35294117647058826,0.0006268997605955175,60,110
#,#,#,#,"-6.160280652451897,1.4779010969873934","-5.297340419429549,0.8642476743532486",#,"-3.910331139284657,0.06771528602128085","-3.336908183275525,4.312282503867113","-3.7606217233834878,2.5308311762293862",#,"-2.1359716927808208,0.9426777922809271","-2.298111372984801,1.7879258983171924",#,#,"-2.4153020081427257,0.21911772386345008","-1.226131424232172,3.0697866795753286",0.0,0.07690173026554505,0.5986696230598669,1,208.34052503656955,9971,5853,0.5294117647058824,0.0007298170733562486,270,451
#,#,#,#,"-6.160280652451897,1.4779010969873934","-5.297340419429549,0.8642476743532486",#,#,#,"-3.7606217233834878,2.5308311762293862",#,#,"-2.298111372984801,1.7879258983171924","-1.5114371387674888,0.964049904698068","-1.3108592795996428,1.6861067601681563",#,"-1.226131424232172,3.0697866795753286",0.0,0.06247824386952135,0.5743091859596714,1,208.00763409410197,9988,5853,0.4117647058823529,0.0007531786487977751,769,1339
#,#,#,#,"-8.580103419387239,1.4779010969873934","-5.297340419429549,0.8642476743532486","-0.2937523323204678,6.2798779059513326","-3.910331139284657,0.06771528602128085",#,"-3.7606217233834878,2.5308311762293862","-1.0889983192065107,0.9958078885129767","-2.1359716927808208,0.9426777922809271",#,#,"-0.6366717984937571,0.6631968636509954","-2.4153020081427257,0.21911772386345008",#,0.0,0.06712507929425139,0.5826086956521739,1,219.9463271112051,9971,5869,0.5294117647058824,0.0007704722099532965,67,115
#,#,#,1.0,"-0.4107893573261929,5.111212617529356","-5.225292600875165,2.128860930413981",#,"-4.308669840530996,3.9763747579164734","-2.62575842039736,4.495325623033303","-3.4575509652177208,2.7264949574677315",#,#,#,"-1.3582128940221352,1.786821995661154","-2.044719663877573,0.7226612013353197",#,#,1.0,0.07419727240840344,0.5943983402489627,1,175.0480706410296,9952,5871,0.47058823529411764,0.0006131935713873712,573,964
0.0,#,#,#,"-6.160280652451897,1.4779010969873934",#,"-3.9796625782530892,2.041019421123762",#,"-3.245394883354107,4.276876993509271",#,"-3.85262133766207,1.453796831691134",#,#,#,#,#,#,0.0,0.04902881908640855,0.5471296952515946,1,196.4366577630101,9997,5874,0.29411764705882354,0.0006881178140609892,772,1411
#,#,2.0,#,"1.7843362461298131,6.784599247218066","-5.225292600875165,3.027468927011802",#,#,#,#,#,#,"-1.869208291078781,3.13602294911382","-4.595402840626736,0.5806155229830652","-2.044719663877573,1.3542372640047673","-3.3668441841579173,2.066884524738374",#,1.0,0.07224740599782421,0.5912408759124088,1,160.85173516796402,9876,5886,0.4117647058823529,0.0005634637936328147,81,137
#,#,5.0,#,"-6.160280652451897,1.4779010969873934",#,"-4.677093338024809,2.041019421123762",#,"-3.245394883354107,1.6872764563517682",#,"-2.695280106714755,1.453796831691134",#,"-1.4727551680794764,-0.16682283038724888",#,#,#,#,0.0,0.05688464101433706,0.5636363636363636,1,181.9279668571518,9965,5908,0.35294117647058826,0.0006801425344527001,124,220
#,#,#,1.0,#,"-4.326684604277345,2.128860930413981","-0.2937523323204678,6.2798779059513326",#,"-1.7888487497090786,2.62421741805077",#,#,#,#,"-1.3582128940221352,1.1549011736562544",#,"-3.3004197133980506,0.6647336687695136",#,1.0,0.04696287013510709,0.5424390243902439,1,197.59278457862453,9994,5915,0.35294117647058826,0.0007075746131001035,556,1025
#,#,3.0,#,"-4.078213230812062,-1.2688186249360722",#,"-0.22978173427336435,3.2747943549161462",#,#,"-2.394045336951879,0.8061131157483914",#,#,"0.11435017558569305,2.5042965040830856","-3.2995593307731372,-0.07392469837862436",#,"-2.938319228603314,1.6232801403612744",#,0.0,0.008416533573215765,0.38461538461538464,1,203.00417536,9846,5928,0.4117647058823529,0.0007111238349539938,5,13
#,#,4.0,0.0,"-5.022644740788682,4.459404396655014",#,#,"-0.9852343656750038,2.992812059630934",#,#,#,#,#,"-5.4641996347483115,3.8692877160993424",#,"-2.938319228603314,0.8523385404468903","-0.7392796732069618,2.863921153246692",0.0,0.08065039260427032,0.6043956043956044,1,156.2426555858307,9970,5937,0.4117647058823529,0.0005473181831189305,110,182
#,#,#,1.0,"1.7843362461298131,5.111212617529356",#,#,"-4.308669840530996,3.9763747579164734",#,#,#,#,#,#,"-2.044719663877573,3.2714818065869467","-1.9058092998400178,3.234204343710528","-0.8797523063113197,1.3434992674579562",1.0,0.14652489720273607,0.6810551558752997,1,165.77750988045463,9952,5939,0.35294117647058826,0.0005807187875138712,284,417
3.0,#,4.0,#,"-0.4107893573261929,5.111212617529356",#,#,#,"-4.069949946699147,4.583447671985041",#,#,#,#,"-3.089518583356625,1.7173922205865868",#,#,"-3.720275524746478,-0.8070493246350128",1.0,0.095367431640625,0.625,1,151.92487768064,9986,5958,0.35294117647058826,0.0005321930026788052,10,16
0.0,#,2.0,#,"-6.160280652451897,1.4779010969873934",#,"-4.852703281905953,1.5274224189262329",#,"-3.245394883354107,4.276876993509271",#,"-2.549031087130281,1.453796831691134",#,#,#,"-1.3486336952875613,3.8579948019928088",#,#,0.0,0.08825375108068294,0.6153846153846154,1,215.02812021740527,9877,5964,0.4117647058823529,0.0007532437261488927,176,286
#,#,#,#,"-5.022644740788682,-1.2688186249360722","-2.4994865942218034,4.556525577690755","-0.22978173427336435,3.2747943549161462",#,#,#,#,#,"0.11435017558569305,2.5042965040830856","-3.2995593307731372,-0.07392469837862436","-3.313858063530807,1.1299551613871115",#,#,0.0,0.06274739432390897,0.5748031496062992,1,200.13025110869052,9963,5968,0.35294117647058826,0.000701056475347551,73,127
#,#,5.0,#,"-2.1006571200866855,5.111212617529356",#,#,"0.05659417638497377,3.9763747579164734",#,#,"-6.540564624963331,2.465825631968387","-3.9725641648574985,0.41451135135549255","-0.8611848327552905,3.13602294911382","-1.3582128940221352,1.786821995661154",#,#,"-8.780854370825324,2.360568520026181",1.0,0.08108260164929125,0.6050420168067226,1,168.87863113752573,9973,5975,0.47058823529411764,0.0005915820184650326,144,238
#,#,#,1.0,"-1.7551451188382274,5.111212617529356",#,#,#,#,"-0.7581254772598526,1.8020012849003635",#,#,#,"-4.028093861386719,1.786821995661154","-0.6366717984937571,2.4166382290434587","-3.3004197133980506,0.6647336687695136",#,1.0,0.0781559258611829,0.600609756097561,1,206.23917135450324,9961,5988,0.35294117647058826,0.0007224560292479897,394,656
#,#,#,#,"-8.23048747878215,2.7996985555738654",#,"-2.8947996417878437,2.835881499066778",#,#,#,#,"-1.1908299782204113,2.965346826612948","-1.6887094760499548,2.8598980523805655","-2.236716764068896,1.3639916627900952","-1.5019254395379065,2.693132182588063",#,"-3.468310038416217,2.2814785144353587",0.0,0.04200204927437374,0.5304617772603802,1,193.6513853674991,9988,6000,0.4117647058823529,0.0006783610019965338,1367,2577
#,#,#,#,"-5.022644740788682,-1.2688186249360722","-3.239104450471593,2.3262009245580315",#,#,"-0.44403000854895813,4.771411826076317",#,#,#,#,"-1.286017689040062,2.8397940500691994",#,#,#,0.0,0.11087712485379735,0.644122383252818,1,196.96637268535633,9988,6012,0.23529411764705882,0.0007048317112175946,400,621
#,#,#,#,"-0.4107893573261929,5.111212617529356",#,#,#,"-2.260237758994071,1.1498588251839936","-3.4575509652177208,1.8020012849003635",#,#,"-0.8611848327552905,3.13602294911382","-4.028093861386719,1.786821995661154",#,#,#,1.0,0.07255952347215486,0.5917508417508418,1,165.59727438330154,9979,6024,0.29411764705882354,0.0005800874223820799,703,1188
#,#,#,#,#,#,#,#,"-2.6792474916499436,1.6872764563517682",#,#,#,#,"-0.5925005810624101,3.8692877160993424",#,#,"-1.0503709838077109,4.239434484815739",0.0,0.034627041328915614,0.5103675777568332,1,175.88701939552502,9982,6025,0.17647058823529413,0.0006594783637360704,1083,2122
#,#,#,1.0,"-5.022644740788682,-1.2688186249360722","-3.239104450471593,2.3262009245580315",#,#,"-0.44403000854895813,4.771411826076317",#,#,#,#,"-1.286017689040062,2.8397940500691994",#,#,#,0.0,0.07443999796681638,0.5947867298578199,1,193.70658353271747,9988,6026,0.29411764705882354,0.0006905579052770573,251,422
0.0,#,#,#,#,"-5.297340419429549,0.8642476743532486",#,"-3.910331139284657,0.06771528602128085","-3.336908183275525,4.312282503867113","-3.7606217233834878,2.5308311762293862",#,"-2.1359716927808208,0.9426777922809271","-2.298111372984801,1.7879258983171924","-1.5114371387674888,0.964049904698068",#,"-2.4153020081427257,0.21911772386345008","-1.226131424232172,3.0697866795753286",0.0,0.060069686691530164,0.569811320754717,1,225.09858577726942,9938,6058,0.5882352941176471,0.0007885205773565245,151,265
#,#,#,#,"-5.022644740788682,-1.2688186249360722","-5.32342511488184,2.3262009245580315",#,#,#,#,#,#,#,"-1.286017689040062,2.8397940500691994",#,#,#,0.0,0.11809542304211199,0.6522988505747126,1,210.2220587185391,9988,6061,0.17647058823529413,0.000762875063467287,681,1044
#,#,#,#,#,"-1.7640015591275704,0.7205097690106547","-0.255797549344003,4.327109644211511","-1.3554958168398166,3.9763747579164734",#,#,#,#,#,"-3.089518583356625,1.786821995661154",#,#,#,1.0,0.03303322395535203,0.5055803571428571,1,202.32411439472392,9972,6087,0.23529411764705882,0.0007282919296115138,453,896
2.0,2.0,#,#,#,"-5.110442869915595,2.128860930413981","-1.73969877905602,1.7648773101334905",#,#,"-2.2884690424030567,1.6442472400177508",#,#,#,#,"-0.8507218843961911,2.826916646570362",#,#,0,0.019650655743473095,0.45569620253164556,1,178.87183999970108,9982,6100,0.35294117647058826,0.0006265882393812484,36,79
#,0.0,#,#,"-0.4107893573261929,5.111212617529356",#,#,#,#,#,#,#,#,"-1.3582128940221352,1.7173922205865868","-1.7583867987231487,2.8386613649850423","-3.3004197133980506,0.6647336687695136","-3.720275524746478,-0.8070493246350128",1.0,0.1076688424378685,0.6403508771929824,1,169.01074545737745,9986,6134,0.35294117647058826,0.0005920448150632734,73,114
#,#,#,#,"-0.4107893573261929,6.784599247218066",#,#,"-2.9719616496392085,3.5339888143281977","-2.8962154143528154,2.620117295346995",#,"-3.766348808311664,2.0711085733029013",#,#,#,#,#,#,1.0,0.06659917734683908,0.5816929133858267,1,153.5650099428247,9986,6137,0.23529411764705882,0.0005559482004212498,1182,2032
#,#,#,#,#,#,"-4.224991946498015,0.7173589485128335","-1.045738935994497,1.8714951092298575",#,#,"-2.531753784288747,1.3876818862238895",#,"-1.7832800208283266,3.13602294911382",#,#,"-3.3004197133980506,0.6647336687695136",#,1.0,0.02426063434043094,0.47531380753138075,1,170.54544607887587,9979,6171,0.29411764705882354,0.0006303013069697135,568,1195
#,#,#,0.0,#,#,"-3.882672463674786,-0.10851359839377483",#,"-2.924380322559624,3.6152275190244323",#,#,#,#,"-0.7769330019902478,3.498908254904805",#,"-3.549641264480243,0.8523385404468903",#,0.0,0.06398293269380541,0.5770491803278689,1,156.42479273299222,9997,6222,0.29411764705882354,0.000547956209732656,352,610
#,2.0,#,#,"1.7843362461298131,5.111212617529356",#,#,"-2.9719616496392085,3.0393085041564314",#,#,#,"0.18349601304616459,2.107651941209757",#,"-1.3582128940221352,1.786821995661154",#,"-1.1147420272896842,1.2349784954762797",#,1.0,0.12887351670646602,0.6637931034482759,2,183.54746747583403,9952,6226,0.35294117647058826,0.0012859339344724356,77,116
0.0,#,#,#,"-4.354789691755726,-0.9268081505096428",#,#,#,#,#,#,"-2.4125119750616584,2.965346826612948",#,#,#,#,"-0.7895816979012491,2.8184249617225525",0.0,0.09717420378604415,0.6273504273504273,1,208.26208474772972,9988,6236,0.23529411764705882,0.000729542296943814,367,585
#,#,#,#,"1.7843362461298131,6.784599247218066",#,#,"-2.9719616496392085,3.0393085041564314","-2.8962154143528154,2.620117295346995","-3.4575509652177208,2.7264949574677315",#,#,#,#,#,"-3.3668441841579173,2.066884524738374",#,1.0,0.11329182716618555,0.6469038208168643,1,155.72923019798378,9979,6240,0.29411764705882354,0.000545519653457553,491,759
#,#,#,1.0,#,"-5.225292600875165,0.7205097690106547",#,"-1.3554958168398166,3.5339888143281977",#,#,"-2.7630028475562685,2.6574932925143986",#,"-2.2079249516561656,-0.1263587945777913",#,#,#,"-0.4486921753683991,1.5567503135094511",1.0,0.027997769396427834,0.4891304347826087,1,168.28973535989968,9972,6259,0.35294117647058826,0.0006204241107606914,180,368
#,#,#,1.0,"-1.7551451188382274,5.111212617529356",#,"-1.73969877905602,4.155859847113654",#,#,#,#,#,"-1.7832800208283266,3.13602294911382","-4.028093861386719,1.786821995661154",#,#,#,1.0,0.06066392517247293,0.5709342560553633,1,187.3645050235547,9973,6289,0.29411764705882354,0.0006627875208562857,990,1734
#,#,#,#,"-6.160280652451897,1.4779010969873934",#,#,"-3.892082047534725,2.819102084025828","-3.336908183275525,2.5806123598569983","-1.878276025268764,1.119620176548746",#,"-2.1359716927808208,1.3964773521486902",#,#,#,"-2.4153020081427257,0.21911772386345008",#,0.0,0.052809644872757126,0.5553191489361702,1,203.65170851972744,9971,6293,0.35294117647058826,0.0007341051340921649,522,940
0.0,#,#,#,#,#,#,#,"-5.393047844513039,4.276876993509271",#,#,#,#,#,"-1.3486336952875613,3.8579948019928088","-2.938319228603314,1.6232801403612744",#,0.0,0.03201966753389402,0.5024390243902439,1,191.28097763196544,9997,6307,0.23529411764705882,0.0006700574612624183,927,1845
#,#,#,#,#,#,#,"-1.3554958168398166,3.1814601128813296",#,#,#,#,"-3.6851128651498826,1.8657302203924475",#,#,"-3.3004197133980506,1.9215428747451222",#,1.0,0.03252376172849932,0.5040111614928496,1,178.1170058139326,9979,6314,0.17647058823529413,0.0006716840586046389,1445,2867
#,#,#,#,#,"-5.225292600875165,3.027468927011802",#,#,#,"-3.4575509652177208,2.7264949574677315",#,#,#,#,#,"-0.3547488816844052,0.6647336687695136",#,1.0,0.025422235681152122,0.47978067169294036,1,163.9535132880443,9994,6332,0.17647058823529413,0.0006014368727920533,700,1459
#,#,#,#,"-0.4107893573261929,6.784599247218066",#,#,#,"-0.8998191158419633,4.616513593857847",#,#,#,"-1.869208291078781,3.13602294911382","-4.595402840626736,1.7173922205865868",#,#,#,1.0,0.07767346539918564,0.5998663994655978,1,168.1306069939798,9986,6332,0.23529411764705882,0.0005889616891212975,898,1497
0.0,#,#,#,"-1.7551451188382274,5.111212617529356",#,#,#,#,"-3.4575509652177208,2.7264949574677315","-4.3947311045682245,-0.4752954340555884",#,"-0.8611848327552905,3.13602294911382","-1.3582128940221352,1.786821995661154","-0.6366717984937571,2.4166382290434587","-3.3004197133980506,0.6647336687695136","-2.376491904044695,0.6900619908094789",0,0.02480276553363388,0.4774193548387097,1,191.73146843984557,9997,6334,0.5294117647058824,0.0006716355310254817,74,155
#,#,#,1.0,#,#,#,#,"-0.8998191158419633,4.616513593857847",#,#,#,#,"-4.028093861386719,1.7173922205865868",#,#,#,1.0,0.051530162879784146,0.5526018099547512,1,191.30340470352218,9994,6360,0.17647058823529413,0.0006800349828909352,977,1768
#,0.0,#,1.0,"1.7843362461298131,5.111212617529356",#,"-2.4938486298100324,4.155859847113654","-0.9347571388115801,3.0393085041564314","-2.8962154143528154,2.620117295346995","-3.4575509652177208,2.7264949574677315",#,#,"-1.869208291078781,3.40025315036931",#,#,#,#,1.0,0.23207791712921816,0.7466666666666667,1,184.2223793610253,9973,6362,0.47058823529411764,0.0006453311842637845,112,150
#,#,#,#,#,#,"-4.677093338024809,0.8642529632973761",#,#,#,#,#,#,#,"-4.016938711719369,1.039814268359642",#,#,0.0,0.043151275720164604,0.5333333333333333,1,189.25989448918565,9982,6366,0.11764705882352941,0.0007122472219920754,1160,2175
#,#,5.0,#,#,#,#,"-3.271926634110362,-0.6198956839064034",#,#,#,#,"0.11435017558569305,2.5042965040830856",#,#,"-2.7903442589349123,2.055954319269888",#,0.0,0.040255153795497114,0.525974025974026,1,196.1557774034673,9834,6388,0.23529411764705882,0.0006871338898727941,81,154
#,2.0,#,1.0,#,"-1.6947135545663619,4.168733179839848",#,#,#,#,#,"-1.7328576358601073,1.4997243234547275",#,#,#,#,#,0,0.023834657184029773,0.4736328125,1,194.9479974064888,9965,6402,0.23529411764705882,0.0006959937478718946,485,1024
#,#,#,1.0,#,"-2.04355452048074,1.7325870570307182","-4.677093338024809,-0.36271747436461577",#,"-2.7257897114080802,1.6872764563517682",#,#,#,#,"-2.444053904976381,2.1830454979747294",#,#,"-0.6976869261899826,4.239434484815739",0.0,0.02624782375895758,0.4828571428571429,1,173.59842583477186,9988,6421,0.35294117647058826,0.0006081154641409609,169,350
#,#,#,#,"-5.022644740788682,-1.2688186249360722","-5.32342511488184,2.7267072295446515",#,#,#,#,#,"-1.225924687117638,0.6982312410459544",#,"-0.5925005810624101,3.8692877160993424",#,"-2.4153020081427257,1.6232801403612744",#,0.0,0.12663406309280395,0.6614699331848553,1,194.32066949583972,9982,6421,0.29411764705882354,0.0006932468349771022,297,449
#,#,#,#,"-4.700465497872565,0.3017144216799241",#,#,"-1.7570797699396035,0.3967237137977504",#,"-4.285920005984353,0.6921042537716231",#,#,#,#,"-1.8755160674469415,2.798149565656386","-2.938319228603314,1.6232801403612744",#,0.0,0.0854786989298342,0.6114649681528662,1,201.9809692707385,9953,6447,0.29411764705882354,0.0007075395429715576,384,628
#,#,2.0,#,"-5.593737895110935,0.9374609920907764","-3.8237393755265408,2.1903904290686342","-4.677093338024809,0.6088946784474558","-3.0008706996653682,-0.5256418128083398",#,#,#,#,#,"-2.170125156133357,0.23034712843930427",#,#,"-2.5266741785335385,4.239434484815739",0.0,0.23333647121053863,0.7474747474747475,1,222.53316125482615,9835,6457,0.4117647058823529,0.0007795338926174069,74,99
#,#,#,#,#,"-5.225292600875165,3.027468927011802",#,"-1.511753511686114,4.84993360364",#,"-1.7400086416559772,1.6734937078909775",#,#,#,#,#,#,#,1.0,0.02889084689354778,0.49221183800623053,1,179.9665779983888,9979,6458,0.17647058823529413,0.0006818075793285837,1106,2247
#,#,#,1.0,"-0.4107893573261929,5.111212617529356","-4.326684604277345,3.027468927011802",#,#,"-0.7797358526259717,2.62421741805077","-0.7758661443778136,1.7860529564084437",#,#,#,#,#,#,#,1.0,0.10979242280002384,0.6428571428571429,2,166.52310876082817,9944,6460,0.29411764705882354,0.001225376984540227,369,574
#,#,4.0,0.0,#,#,#,#,#,"-1.878276025268764,2.5308311762293862",#,#,"0.11435017558569305,2.5042965040830856","-5.4641996347483115,3.8692877160993424","-3.329875770008803,1.1369899906274274",#,#,0.0,0.1055374240189117,0.6377952755905512,2,169.49674312101928,9970,6481,0.35294117647058826,0.0011874945307571352,81,127
#,#,2.0,#,"1.7843362461298131,6.784599247218066",#,#,#,"-2.8962154143528154,2.620117295346995",#,#,#,#,"-3.8122654725982406,0.5806155229830652","-1.9552201383606334,1.3542372640047673",#,#,1.0,0.05889627844571949,0.5675675675675675,1,161.61198003980437,9876,6484,0.29411764705882354,0.0005661269322003268,63,111
#,#,#,0.0,"-3.5505724868319133,-0.22962390011917866",#,#,"-2.705357864938452,0.3967237137977504","-5.393047844513039,3.6152275190244323","-4.285920005984353,0.6921042537716231",#,#,#,"-1.5428664423392373,2.357901020091337",#,"-2.938319228603314,1.6232801403612744",#,0.0,0.23983456533865202,0.7515923566878981,1,198.32887604126435,9953,6490,0.4117647058823529,0.0006947462566347244,118,157
#,#,#,1.0,#,"-2.4544299105162724,2.3158318395091193",#,"-1.3554958168398166,3.9763747579164734",#,#,"-1.717960255703939,2.118083166499918",#,#,#,"-2.044719663877573,3.2714818065869467","-3.3004197133980506,3.234204343710528",#,1.0,0.04032611610442461,0.5261593341260404,1,198.89410026026883,9973,6498,0.35294117647058826,0.0007132727508131309,885,1682
#,#,0.0,1.0,"-1.7551451188382274,5.111212617529356",#,"-2.4938486298100324,4.155859847113654","-0.9347571388115801,3.5339888143281977",#,#,#,#,"-1.869208291078781,3.40025315036931",#,"-0.8779129549474121,2.4166382290434587",#,#,1.0,0.04845072384555642,0.5458333333333333,1,169.3499990829818,9921,6499,0.4117647058823529,0.0005932332208624842,131,240
2.0,#,5.0,#,"-2.1006571200866855,5.111212617529356",#,"-1.73969877905602,6.2798779059513326","0.05659417638497377,3.5339888143281977","-1.7888487497090786,2.62421741805077",#,"-3.0380627564110596,2.465825631968387",#,#,"-1.3582128940221352,1.7173922205865868","-0.689626259013298,2.4166382290434587",#,"-8.780854370825324,2.360568520026181",1.0,0.038660462936795,0.5217391304347826,1,212.15241144519266,9973,6513,0.5882352941176471,0.000743170115363892,12,23
#,#,#,1.0,"-2.344694233706256,5.111212617529356",#,#,"-4.028840239677384,4.388244728384772","-1.7888487497090786,1.6793056155963766",#,#,#,"-1.869208291078781,3.40025315036931","-2.351697009810229,1.1549011736562544",#,#,#,1.0,0.05698628120462648,0.5638376383763838,1,192.76832017319072,9973,6519,0.35294117647058826,0.0006864494833859788,764,1355
#,#,#,1.0,"-2.1006571200866855,5.111212617529356",#,#,#,#,"-2.400520241609476,2.861962547275412",#,#,"-3.6760316122600543,1.8748114732822758",#,"-1.5747297628835288,0.4173244413900209",#,#,1.0,0.05188753522204101,0.5533661740558292,1,169.1133200780263,9972,6519,0.29411764705882354,0.0006224029329987564,674,1218
3.0,#,#,#,"-5.022644740788682,-1.2688186249360722",#,"-0.22978173427336435,3.2747943549161462",#,#,#,#,#,#,"-3.2995593307731372,-0.07392469837862436",#,"-2.938319228603314,1.6232801403612744",#,0.0,0.1364580276075444,0.6714285714285714,1,195.98615759786782,9963,6520,0.29411764705882354,0.0006865397115194269,47,70
0.0,#,#,#,"-0.4107893573261929,6.784599247218066","-5.225292600875165,3.027468927011802",#,"0.05659417638497377,3.5339888143281977",#,#,#,#,"-1.869208291078781,3.13602294911382",#,#,#,#,1.0,0.08559570143333152,0.6116322701688556,1,165.18445956191013,9979,6528,0.29411764705882354,0.0005786413316384136,326,533
#,#,#,#,"-1.7551451188382274,5.111212617529356",#,#,"-1.3554958168398166,3.5339888143281977",#,"-3.4575509652177208,2.7264949574677315",#,#,"-3.462749456565576,3.13602294911382","-3.089518583356625,1.786821995661154","-0.689626259013298,2.4166382290434587","-3.3004197133980506,3.3041855675218192",#,1.0,0.05722526663306495,0.5643097643097643,1,185.52776293099163,9979,6530,0.4117647058823529,0.0006499039442511798,838,1485
0.0,#,#,#,"-0.4107893573261929,6.784599247218066","-5.225292600875165,3.027468927011802",#,"0.05659417638497377,3.5339888143281977",#,#,#,#,"-1.869208291078781,6.640418024930424",#,#,#,#,1.0,0.08559570143333152,0.6116322701688556,1,165.18445956191013,9979,6533,0.29411764705882354,0.0005786413316384136,326,533
#,#,#,#,"-1.7551451188382274,5.111212617529356",#,#,"-1.3554958168398166,3.9763747579164734",#,"-3.4575509652177208,2.7264949574677315",#,#,#,"-3.089518583356625,1.786821995661154",#,"-3.3004197133980506,3.234204343710528",#,1.0,0.04857653246793794,0.5461165048543689,1,179.39765413309618,9979,6539,0.29411764705882354,0.0006279026622832869,1125,2060
#,#,#,#,"-1.7551451188382274,5.111212617529356",#,#,"-4.308669840530996,3.5339888143281977",#,#,#,#,"-3.462749456565576,3.13602294911382",#,#,"-3.3004197133980506,3.3041855675218192",#,1.0,0.04647122544891637,0.5412985017287745,1,168.63076492229277,9986,6566,0.23529411764705882,0.0006197616967385176,1409,2603
#,0.0,#,1.0,"1.7843362461298131,5.111212617529356",#,"-2.4938486298100324,4.155859847113654",#,"-2.8962154143528154,2.620117295346995",#,#,"-2.878286081891644,1.123958248688628",#,#,#,#,#,1.0,0.16733478677977418,0.6993865030674846,1,183.54442505035527,9973,6581,0.35294117647058826,0.0006429563096166384,114,163
#,2.0,#,#,#,#,#,"-2.705357864938452,0.3967237137977504","-3.245394883354107,3.6152275190244323","-4.285920005984353,1.6118637069278379",#,"-2.4725645857395513,2.965346826612948",#,#,#,"-1.7445887069332158,0.8988468811784931",#,0.0,0.04633621169505929,0.5409836065573771,1,205.94582210854554,9963,6582,0.35294117647058826,0.0007214284265378663,363,671
#,#,#,#,"-0.4107893573261929,5.111212617529356",#,"-2.3154269749203227,4.24442057663953",#,#,#,#,#,#,"-3.089518583356625,1.7173922205865868","-0.689626259013298,3.907421904694893","-3.3004197133980506,1.9215428747451222","-3.720275524746478,-0.8070493246350128",1.0,0.08415667080532072,0.6095617529880478,1,166.85904215942105,9986,6589,0.35294117647058826,0.0005845073961987971,153,251
#,#,2.0,#,"-5.593737895110935,0.9274762824364906",#,"-4.677093338024809,0.6088946784474558",#,#,#,#,#,#,#,#,#,#,0.0,0.11761269323324586,0.6517647058823529,1,199.5947561009456,9982,6599,0.17647058823529413,0.0006991806357849854,277,425
4.0,#,2.0,0.0,#,"-2.6792517740822865,2.1903904290686342",#,#,"-4.297657749919862,3.6152275190244323",#,#,#,"-1.7699899505211891,2.547332449345068",#,"-1.6064825683551203,1.0751288604746583","-2.426450679361152,3.007278029535139","-2.797231225307385,2.799229632801482",0.0,0.022132674897119342,0.4666666666666667,1,162.67424772095998,9925,6600,0.5294117647058824,0.0005698480569793195,7,15
0.0,#,#,#,#,#,#,"-2.9719616496392085,3.5339888143281977",#,#,#,"0.18349601304616459,2.107651941209757",#,#,#,"-1.1147420272896842,4.347845278751323",#,1.0,0.02608281857988303,0.4822485207100592,1,199.4552196691376,9972,6619,0.23529411764705882,0.0006986918395209326,326,676
#,#,#,1.0,#,"-2.656413807842137,-1.5974220529385552","-4.677093338024809,-0.36271747436461577","-0.9683041837027706,4.512559780052078","-4.984978662259402,1.6872764563517682",#,#,#,#,"-2.444053904976381,3.8692877160993424","-1.8150184371249243,0.18585934263233672",#,#,0.0,0.02094302882090425,0.46153846153846156,1,186.90825216000002,9485,6662,0.4117647058823529,0.0006547397994394005,6,13
#,#,#,#,"1.7843362461298131,6.784599247218066",#,#,#,"-2.8962154143528154,2.620117295346995",#,#,"0.18349601304616459,2.107651941209757",#,#,#,"-1.1147420272896842,4.347845278751323",#,1.0,0.0852316508323596,0.6111111111111112,1,170.09234086070336,9952,6682,0.23529411764705882,0.0005958336448728956,165,270
#,#,#,#,#,#,#,"-2.9719616496392085,3.5339888143281977","-0.8069524077427048,5.01027117703164","-3.4575509652177208,2.7264949574677315",#,#,#,#,#,#,#,0,0.027858040325928722,0.48864123446206603,1,178.15460911174395,9988,6688,0.17647058823529413,0.0006718898779653977,1140,2333
#,#,#,1.0,#,#,"-0.2937523323204678,9.974334044946207",#,"-1.7888487497090786,2.62421741805077",#,#,#,#,#,#,"-3.3004197133980506,1.9215428747451222",#,1.0,0.04553528434799449,0.5391003460207613,1,188.93337800284485,9994,6706,0.23529411764705882,0.0007308868131294896,779,1445
#,#,4.0,0.0,"-2.290580739609711,3.9085232889207275",#,#,#,#,#,"-2.0511599001392593,3.285943991622628",#,#,"-0.7769330019902478,3.498908254904805","-2.4035092412798447,1.732593628258118",#,#,0.0,0.05020877888204157,0.5497382198952879,1,155.51725466778174,9970,6725,0.35294117647058826,0.0005447771029573657,105,191
#,#,#,#,#,#,#,"0.05659417638497377,3.5339888143281977","-2.3208003958532437,1.3901870633993558",#,"-1.0168381347111326,3.2361665290366215",#,#,#,"-0.689626259013298,2.4166382290434587","-3.3004197133980506,1.9215428747451222",#,1.0,0.04117421501259232,0.5283540802213001,1,181.53856490640015,9979,6727,0.29411764705882354,0.0006359297794705408,382,723
#,#,#,#,"-6.160280652451897,1.4779010969873934","-5.297340419429549,0.8642476743532486",#,"-3.910331139284657,0.06771528602128085",#,"-5.525487379311076,2.5308311762293862",#,#,"-2.298111372984801,1.7879258983171924",#,"-1.3108592795996428,1.6861067601681563","-2.4153020081427257,0.21911772386345008","-1.226131424232172,3.0697866795753286",0.0,0.08672063734211662,0.6132315521628499,1,209.75982394095462,9971,6737,0.47058823529411764,0.0007347888788772064,241,393
#,#,#,#,"-2.1006571200866855,5.111212617529356",#,"-3.7691989205194325,-0.44434468205758915","0.05659417638497377,3.5339888143281977",#,#,"-1.0168381347111326,3.2361665290366215",#,"-0.8611848327552905,1.8892174053440793",#,"-0.689626259013298,3.907421904694893","-3.3004197133980506,1.9215428747451222",#,1.0,0.05608552507094265,0.5620437956204379,1,167.60466991286467,9979,6754,0.4117647058823529,0.0005871193309855406,154,274
#,#,#,#,#,"-5.1738356050184775,1.2980724370604109","-4.677093338024809,-0.36271747436461577",#,#,#,"-3.3880340896773022,2.6500212156556926",#,"-1.4942384882579764,2.591798783044017",#,#,#,#,0.0,0.0426041827165235,0.5319740500463392,1,169.90237427201893,9988,6777,0.23529411764705882,0.0005951681917174674,574,1079
#,#,#,#,#,"-5.297340419429549,0.8642476743532486",#,"-3.910331139284657,0.06771528602128085",#,"-3.7606217233834878,2.5308311762293862",#,"-2.1359716927808208,0.9426777922809271","-2.298111372984801,1.7879258983171924",#,"-1.3108592795996428,1.6861067601681563","-2.4153020081427257,0.21911772386345008","-2.2952061494284517,3.0697866795753286",0.0,0.052702464568239904,0.5550935550935551,1,202.59538637907932,9971,6783,0.47058823529411764,0.0007096918467336345,267,481
#,#,#,#,"-0.4107893573261929,5.111212617529356",#,#,#,#,"-0.7758661443778136,2.7043883160380675",#,#,#,#,#,#,#,1.0,0.06895305348061131,0.5857478465152701,1,149.9679147795889,9986,6786,0.11764705882352941,0.0005401974153534151,748,1277
#,2.0,#,#,#,#,#,"-0.6572785933113267,3.1814601128813296",#,"-0.8476424664889048,3.704355689402565",#,#,#,#,#,#,"-1.7722266442483492,0.7274056083617082",1,0.03397054307834105,0.5084175084175084,1,208.7127277675523,9961,6792,0.23529411764705882,0.0007562660786263527,302,594
#,#,#,1.0,"-0.4107893573261929,5.111212617529356","-4.326684604277345,3.027468927011802","-0.2937523323204678,6.2798779059513326",#,"-2.134463531953035,2.62421741805077",#,#,#,#,#,"-1.1363455699235026,1.4686483895111397",#,#,1.0,0.09231281823870426,0.6209439528023599,1,172.63834686855768,9921,6797,0.35294117647058826,0.0006394655989916476,421,678
#,#,#,#,"-5.022644740788682,-0.967416992521877","-2.123470143807269,3.1436938718457683","-1.8672899185268834,0.9183987677519584","-1.7570797699396035,0.3967237137977504",#,"-4.285920005984353,0.7504208789888989",#,#,"-0.16682283038724888,1.8892174053440793",#,#,#,#,0.0,0.13168724279835387,0.6666666666666666,1,203.79594096696488,9929,6801,0.35294117647058826,0.0007138973906890472,64,96
#,2.0,#,#,"-4.700465497872565,0.3017144216799241",#,#,#,"-2.7257897114080802,1.6872764563517682",#,#,#,#,"-2.1550556005261043,0.020372407367869494",#,"-2.938319228603314,1.6232801403612744",#,0.0,0.07464169290522031,0.595108695652174,1,220.96045170337317,9982,6801,0.29411764705882354,0.0007740246894420795,219,368
#,#,#,#,"-0.4107893573261929,5.111212617529356","-4.326684604277345,3.027468927011802","-0.2937523323204678,6.2798779059513326",#,"-1.7888487497090786,2.62421741805077","-0.7758661443778136,2.7043883160380675","-3.3011556954391383,1.9525559480139694",#,#,"-1.2620083118976853,3.1638624627831584","-0.6366717984937571,0.6631968636509954",#,#,1.0,0.07438384565662319,0.5946969696969697,1,194.12368508564242,9860,6812,0.47058823529411764,0.000733544551315671,157,264
#,#,#,0.0,"-5.022644740788682,-1.2688186249360722",#,#,"-3.892082047534725,2.7794733894096524","-3.336908183275525,1.6872764563517682",#,#,#,"0.11435017558569305,2.5042965040830856","-3.0953869555605404,3.8692877160993424",#,#,#,0.0,0.2826596464670028,0.7766990291262136,1,227.4379267335637,9929,6818,0.35294117647058826,0.000796715291131031,80,103
#,0.0,#,#,"-4.700465497872565,0.7925113630332825","-5.1738356050184775,1.2980724370604109",#,#,#,#,"-3.3880340896773022,2.6500212156556926","-1.3818766044560389,4.661955911537927","-1.4942384882579764,2.591798783044017",#,"-0.7910518790590556,3.96787961919798",#,#,0.0,0.05400152831092488,0.5578034682080925,1,188.07757440166574,9988,6838,0.4117647058823529,0.0006588359364539015,193,346
#,#,#,0.0,#,"-3.636974535930373,2.1903904290686342","-4.677093338024809,0.6088946784474558","-3.892082047534725,2.7794733894096524","-3.336908183275525,1.6872764563517682",#,"-1.7204935516394457,4.200356078283898",#,"0.11435017558569305,2.5042965040830856",#,#,#,#,0.0,0.06898305916052268,0.5857988165680473,1,162.25360589308647,9997,6839,0.4117647058823529,0.0005683745482239009,198,338
0.0,#,#,#,#,#,"-2.584344019616507,1.7044920278037228","-3.910331139284657,4.84993360364",#,"-4.130042320706689,1.7631692789784217",#,#,#,#,#,#,#,0.0,0.03467396915722321,0.5105058365758754,1,195.33800608065815,9997,6843,0.23529411764705882,0.0006842692360884068,656,1285
#,#,5.0,1.0,"-1.7551451188382274,5.111212617529356",#,#,"0.05659417638497377,3.9763747579164734",#,#,"-6.540564624963331,2.465825631968387","-3.9725641648574985,1.2737806721790257","-0.8611848327552905,3.13602294911382","-1.3582128940221352,1.786821995661154",#,#,"-8.780854370825324,2.360568520026181",1.0,0.07722593608827394,0.5991735537190083,1,169.32604737304572,9973,6869,0.5294117647058824,0.0005931493179979581,145,242
3.0,#,#,#,"-2.1006571200866855,5.111212617529356","-4.326684604277345,3.027468927011802",#,#,#,#,"-1.0168381347111326,3.2361665290366215","-2.4578041292119295,1.7753389127479737",#,"0.7514881778322458,3.2269752212978027","0.011978598279882569,3.907421904694893",#,#,1.0,0.06563567679999997,0.58,1,166.60055154249397,9761,6872,0.4117647058823529,0.0005836019033019992,29,50
#,#,#,1.0,"-1.7551451188382274,5.111212617529356",#,#,#,#,#,"-1.4367932825334835,1.565327656582578","-1.573970101503091,1.2737806721790257","-3.233834008402949,1.7002487343013448",#,"-3.094306943635483,0.7226612013353197",#,"-2.4027699727303222,2.350388564293647",1,0.05257489240321936,0.5548245614035088,2,181.256635741396,9972,6885,0.4117647058823529,0.0012720853607783755,506,912
#,1.0,#,#,#,"-2.4994865942218034,1.2980724370604109",#,#,#,#,#,#,"0.11435017558569305,1.7879258983171924",#,#,#,"-1.8432542744330722,0.456661146707558",0.0,0.046146775269833545,0.5405405405405406,1,176.73132445175997,9892,6888,0.23529411764705882,0.0006190900112165756,60,111
0.0,#,#,#,"-5.022644740788682,1.4779010969873934","-5.1738356050184775,4.556525577690755","-0.22978173427336435,3.2747943549161462","-3.368350136839047,0.8748993834872862","-3.336908183275525,4.312282503867113","0.919604555533843,4.973138595620853","-1.9773250712081838,3.192994323936145","-2.1359716927808208,4.661955911537927",#,#,"-0.7910518790590556,1.3542372640047673","-2.4153020081427257,1.6232801403612744",#,0.0,0.037022548078608386,0.5172413793103449,1,195.47935731379883,9814,6888,0.6470588235294118,0.0006847643896033934,45,87
0.0,2.0,#,#,"-5.022644740788682,0.3017144216799241",#,#,#,"-2.7257897114080802,1.6872764563517682","-1.5252473540424043,0.7504208789888989",#,#,"-0.16682283038724888,1.8892174053440793","-2.1550556005261043,0.020372407367869494","-0.9701417127165629,0.9452950221618502",#,#,0.0,0.09895227559841319,0.6296296296296297,1,207.31574553241208,9929,6903,0.47058823529411764,0.0007262272696998145,34,54
#,#,#,#,#,"-5.1738356050184775,3.3568286738966764",#,"-8.14968523842106,4.84993360364",#,#,#,#,#,#,#,#,#,1,0.029109057438996278,0.49295313012127173,1,178.53212342136277,9994,6916,0.11764705882352941,0.000673956179550775,1504,3051
#,#,#,0.0,"1.7843362461298131,5.111212617529356",#,"-1.9606232024786503,1.5439528867108603",#,#,#,#,#,#,#,#,"-3.3004197133980506,0.6647336687695136",#,1.0,0.06355277623596342,0.576271186440678,1,158.23753930552394,9840,6922,0.23529411764705882,0.0005543062628395561,68,118
#,#,4.0,0.0,#,"-3.636974535930373,2.1903904290686342",#,"-3.892082047534725,2.7794733894096524","-3.336908183275525,1.6872764563517682","-1.878276025268764,2.5308311762293862",#,#,"0.11435017558569305,2.5042965040830856","-5.4641996347483115,3.8692877160993424",#,#,#,0.0,0.07775999999999998,0.6,1,159.45916701074955,9997,6931,0.47058823529411764,0.0005585856259466721,57,95
#,#,5.0,1.0,#,#,"-1.73969877905602,6.2798779059513326","0.05659417638497377,3.9763747579164734",#,#,"-6.540564624963331,2.465825631968387","-3.9725641648574985,1.2737806721790257","-0.8611848327552905,3.13602294911382","-1.3582128940221352,1.786821995661154","-3.3902775992485186,0.9003006868791272","-0.3604410942004359,2.1361369612384005","-8.780854370825324,2.360568520026181",1.0,0.06652328677372028,0.5815602836879432,1,189.4418967759795,9815,6951,0.6470588235294118,0.000663615159133509,82,141
#,#,5.0,1.0,"-1.7551451188382274,5.111212617529356",#,#,"0.05659417638497377,3.5339888143281977","-1.7888487497090786,2.62421741805077",#,#,#,"-0.8611848327552905,3.13602294911382",#,#,#,#,1.0,0.08250009529139642,0.6071428571428571,1,165.08312448935243,9973,6951,0.35294117647058826,0.0006063831592911899,153,252
#,#,#,#,"-5.022644740788682,-1.2688186249360722","-5.32342511488184,2.7267072295446515",#,#,#,#,#,#,#,"-0.5925005810624101,3.8692877160993424",#,"-2.4153020081427257,1.6232801403612744",#,0.0,0.12392488916427012,0.6586151368760065,1,196.6954171315378,9982,6954,0.23529411764705882,0.0007036452642381678,409,621
#,#,#,0.0,#,#,#,#,"-3.336908183275525,1.6872764563517682",#,"-1.7204935516394457,4.200356078283898",#,"0.11435017558569305,2.5042965040830856",#,#,#,#,0.0,0.06435158317184007,0.5777126099706745,1,162.26441483678087,9997,6968,0.23529411764705882,0.000568412411964773,197,341
0.0,2.0,#,#,"1.7843362461298131,5.111212617529356",#,#,"-2.9719616496392085,3.0393085041564314",#,#,#,"0.18349601304616459,2.107651941209757",#,"-1.3582128940221352,1.786821995661154",#,"-1.1147420272896842,1.2349784954762797",#,1.0,0.0972521051799771,0.6274509803921569,1,201.31615691245193,9728,6972,0.4117647058823529,0.0007052107045971193,32,51
#,#,1.0,1.0,"-1.7551451188382274,5.111212617529356",#,#,#,#,"-0.8361526791790197,2.9329228317790763","-1.4367932825334835,1.565327656582578","-1.573970101503091,1.2737806721790257",#,#,"-3.094306943635483,0.7226612013353197",#,"-2.4027699727303222,2.350388564293647",1,0.07224740599782421,0.5912408759124088,1,180.95714074704455,9972,6979,0.47058823529411764,0.0006338930500426724,81,137
#,2.0,#,#,"-6.160280652451897,1.4779010969873934","-5.297340419429549,0.8642476743532486",#,"-3.910331139284657,0.06771528602128085",#,"-5.525487379311076,2.5308311762293862",#,#,#,#,#,#,"-1.226131424232172,2.863921153246692",0.0,0.08670366524311153,0.6132075471698113,1,217.33597147140352,9939,6987,0.35294117647058826,0.000761328131463888,195,318
4.0,#,2.0,0.0,#,"-2.6792517740822865,2.1903904290686342",#,#,"-4.297657749919862,2.172899565129288",#,#,#,"-1.7699899505211891,2.547332449345068",#,"-1.6064825683551203,1.0751288604746583","-2.426450679361152,3.007278029535139",#,0.0,0.0063582343481257495,0.36363636363636365,1,162.21396479999999,9925,6996,0.47058823529411764,0.000568235685434072,4,11
4.0,#,2.0,0.0,#,"-2.6792517740822865,2.1903904290686342",#,#,"-4.297657749919862,3.6152275190244323",#,#,"-2.3389908445672534,1.9711184345191937","-1.7699899505211891,2.547332449345068",#,#,"-2.426450679361152,3.007278029535139","-2.797231225307385,2.799229632801482",0.0,0.0029802322387695312,0.3125,1,167.246911627264,9925,6996,0.5294117647058824,0.0005858661033433419,5,16
#,2.0,#,1.0,"-5.022644740788682,0.7925113630332825",#,#,#,#,"-1.5252473540424043,3.0472727684913985",#,"-0.21917295999892672,3.24430771069554","-0.16682283038724888,1.8892174053440793",#,#,"-1.5738845359587559,1.6232801403612744",#,1,0.02822818522874137,0.4899328859060403,1,201.91283103228182,9961,7001,0.4117647058823529,0.0007073008546522045,73,149
0.0,#,#,0.0,"-6.160280652451897,1.4779010969873934","-3.239104450471593,2.1903904290686342",#,"-3.892082047534725,2.7794733894096524",#,#,"-1.518890204539215,3.9016059355314523","-2.1568175670179786,3.307785268966623","0.11435017558569305,2.5042965040830856","-1.5342380996556921,2.366529362774882",#,#,"-3.158171280634813,3.3887516467802206",0.0,0.11893691474125663,0.6532258064516129,1,188.8697876725093,9997,7002,0.5882352941176471,0.0006616110603559821,81,124
#,#,#,1.0,#,#,#,#,#,#,#,#,#,"-0.012976817305121013,1.8491294881919278",#,"-3.3004197133980506,1.9215428747451222","-3.720275524746478,0.22438213838716958",1.0,0.04804239015854802,0.5449101796407185,1,175.21070086187854,9973,7040,0.23529411764705882,0.0006095690352672329,273,501
#,#,#,#,#,#,#,#,#,#,#,#,#,#,#,#,"-2.4027699727303222,2.350388564293647",1.0,0.02884089730852199,0.49204152249134947,2,177.676514200856,9994,7065,0.058823529411764705,0.001338546109167439,1422,2890
#,2.0,#,#,"1.7843362461298131,5.111212617529356","-2.680019079241653,0.30139451452421673",#,#,#,#,#,#,"-3.2564218862491905,0.7525203421980486","-3.800417551161073,0.7004679824126661",#,"-1.1147420272896842,1.2349784954762797","-2.4027699727303222,2.350388564293647",1.0,0.07307706433667734,0.5925925925925926,1,177.82262756981382,9913,7066,0.4117647058823529,0.0006229128471608682,64,108
#,#,#,#,#,#,#,#,#,#,#,#,#,#,#,#,"-2.4027699727303222,2.350388564293647",0,0.033877913110432936,0.5081399376515414,1,177.676514200856,9997,7068,0.058823529411764705,0.0006692730545837194,1467,2887
#,#,#,1.0,"-4.078213230812062,-0.9268081505096428",#,#,#,#,#,#,#,"0.11435017558569305,2.5042965040830856",#,#,#,#,0,0.07179858374379033,0.5905044510385756,1,186.01105181998292,9963,7074,0.17647058823529413,0.0006568610859021282,199,337
2.0,#,#,#,"-4.700465497872565,-1.2688186249360722","-3.239104450471593,2.3262009245580315",#,#,"-0.44403000854895813,4.771411826076317",#,"-2.20417625758114,1.6318671646227172","-1.7805812527779277,0.37447338676529573",#,#,#,"-2.5139623978995838,-0.5313857068158017",#,0.0,0.095367431640625,0.625,1,178.5264,9168,7079,0.4117647058823529,0.0006253781627072178,5,8
#,2.0,#,#,"-6.160280652451897,0.3017144216799241","-5.32342511488184,2.7267072295446515",#,#,"-3.336908183275525,4.312282503867113",#,"-3.913737157929171,2.340681465229291",#,"-2.298111372984801,1.7879258983171924",#,#,"-2.6418220671452035,2.3513340437324697","-1.226131424232172,5.016948403268922",0.0,0.09429383045872841,0.6235864297253635,1,209.26466502695752,9982,7087,0.47058823529411764,0.0007586828746101434,386,619
#,#,#,#,#,#,#,"-2.9719616496392085,3.0393085041564314","-2.8962154143528154,2.620117295346995",#,#,#,#,#,#,#,#,1.0,0.029791029252076464,0.4952415812591508,1,178.7343644011891,9994,7097,0.11764705882352941,0.0006750631332386113,1353,2732
#,#,#,#,"-5.022644740788682,-1.2688186249360722",#,#,#,#,#,#,#,#,#,#,"-2.938319228603314,1.6232801403612744",#,0.0,0.1216481573827732,0.6561771561771562,1,210.14371906849635,9988,7101,0.11764705882352941,0.0007625320336240057,563,858
#,#,#,1.0,"-0.4107893573261929,5.111212617529356","-4.326684604277345,3.027468927011802",#,#,"-1.7888487497090786,2.62421741805077","-0.7758661443778136,2.7043883160380675",#,#,#,"-1.2620083118976853,1.8491294881919278","-1.26939300293823,0.6631968636509954","-3.3004197133980506,1.9215428747451222","-3.720275524746478,0.22438213838716958",1.0,0.07831781693701473,0.6008583690987125,1,192.7324192930058,9952,7107,0.5294117647058824,0.0006751418628929789,140,233
2.0,2.0,1.0,#,#,#,#,#,#,"-2.2884690424030567,1.8361796299661794",#,#,"-2.4868899175805756,1.444957268011909",#,#,#,"-1.9883568201150301,1.6915078537099784",1.0,0.20346349914002398,0.7272727272727273,1,160.244544,9898,7112,0.35294117647058826,0.0005613368023473051,8,11
#,#,4.0,#,#,#,#,#,#,"-3.4575509652177208,2.7264949574677315",#,#,"-0.8611848327552905,3.13602294911382",#,#,#,"-1.9787842785126732,-0.8070493246350128",1.0,0.0423150360584259,0.53125,1,154.708528988631,9986,7116,0.23529411764705882,0.0005419441360720118,17,32
#,#,#,#,#,"-6.433704844816181,3.027468927011802",#,#,"-1.7888487497090786,2.62421741805077","-0.7758661443778136,2.7043883160380675",#,#,#,#,#,#,"-8.780854370825324,2.360568520026181",1.0,0.029020074638293977,0.49265138154027044,1,177.14426006484757,9994,7126,0.23529411764705882,0.0006663597939813111,838,1701
#,#,#,0.0,"-5.022644740788682,-1.2688186249360722",#,#,"-3.892082047534725,2.7794733894096524","0.6527874531593838,1.6872764563517682",#,#,#,"0.11435017558569305,2.5042965040830856","-3.0953869555605404,3.8692877160993424","-1.8344605931693916,0.9237683050555232","-2.482696612658505,2.06988690020055","-0.7392796732069618,2.863921153246692",0.0,0.2994492622121735,0.7857142857142857,1,206.3754672128,9046,7128,0.5294117647058824,0.0007229334737797017,11,14
#,#,#,#,"-5.022644740788682,0.3017144216799241",#,#,#,#,"-1.543571686515668,2.6521916181357974",#,#,#,#,#,"-2.938319228603314,1.6232801403612744",#,0.0,0.08046480015588628,0.604117181314331,1,203.37223411103713,9988,7135,0.17647058823529413,0.0007328813851660227,763,1263
#,#,#,0.0,#,#,#,"-3.892082047534725,2.7794733894096524",#,#,#,#,#,#,#,#,#,0.0,0.06580104753194627,0.5802919708029197,1,164.45970541662896,9997,7150,0.11764705882352941,0.0005761025171225192,477,822
0.0,#,#,#,#,"-5.1738356050184775,0.8642476743532486","-2.584344019616507,2.358006875394342","-3.910331139284657,4.84993360364","-4.984978662259402,4.312282503867113","-3.7606217233834878,1.7631692789784217",#,"-2.1359716927808208,0.9426777922809271",#,#,"-1.3108592795996428,1.6861067601681563",#,"-4.842885817508736,4.364369499013536",0.0,0.03731406276496733,0.5180533751962323,1,216.34991474378688,9965,7164,0.5294117647058824,0.0007578739737334795,330,637
#,#,#,1.0,"1.7843362461298131,6.784599247218066",#,#,"0.012307434350924629,3.194744574595675",#,#,#,"0.18349601304616459,2.107651941209757",#,#,"-2.044719663877573,3.2714818065869467","-1.9058092998400178,4.347845278751323",#,1.0,0.1800134415442498,0.7096774193548387,3,162.35297316988942,9952,7169,0.35294117647058826,0.0017061678956900438,66,93
#,#,#,#,"1.7843362461298131,5.111212617529356",#,#,"-4.308669840530996,3.9763747579164734","-2.8962154143528154,2.620117295346995",#,#,#,#,"-2.115247975632571,0.36023906783298576",#,"-1.1147420272896842,3.234204343710528","-0.8797523063113197,1.3434992674579562",1.0,0.07069580142108321,0.5886792452830188,1,188.00652415084795,9952,7169,0.35294117647058826,0.0006585870473522541,156,265
0.0,#,2.0,#,"0.10537891764865925,5.308198370165277","-3.8237393755265408,3.1883765903378953","-0.33029237167985137,0.8642529632973761","-1.3266363282330262,2.2094049387055854","-2.924380322559624,5.988345973147726","-1.6824184055788436,2.7978034282015347",#,#,#,#,#,#,#,0.0,0.03125,0.5,1,160.7515392,9015,7172,0.47058823529411764,0.0005631128070540453,6,12
#,#,2.0,#,"-2.1006571200866855,6.1458357499477465",#,#,#,"-1.7888487497090786,2.62421741805077",#,#,#,#,#,#,#,#,1.0,0.022631138563156128,0.46875,1,172.71905368924473,9876,7175,0.17647058823529413,0.0006050350226112731,195,416
#,#,0.0,1.0,"-2.573120017015833,5.111212617529356",#,#,#,#,"-1.0673790479708956,3.057269624398341",#,#,#,#,"-1.26939300293823,0.6631968636509954","-0.2187031321127768,3.526163951045478",#,1.0,0.05608552507094265,0.5620437956204379,1,197.29580107352683,9937,7211,0.35294117647058826,0.0006911273939608425,77,137
#,#,#,1.0,#,#,#,#,#,#,"-2.9884797694843495,2.598800867203877",#,"-2.6870419859538344,2.401230842459969","-3.089518583356625,1.8491294881919278","-0.8779129549474121,3.907421904694893","-3.3004197133980506,1.9215428747451222","-3.720275524746478,0.22438213838716958",1.0,0.04537672249860301,0.5387243735763098,1,206.11820207194998,9973,7211,0.4117647058823529,0.000744905295903094,473,878
#,#,#,0.0,"-5.022644740788682,-1.2688186249360722","-3.3159520516538907,2.7462555890033777",#,"-3.892082047534725,2.7794733894096524","0.6527874531593838,1.6872764563517682",#,#,#,"0.11435017558569305,2.5042965040830856","-3.0953869555605404,3.8692877160993424","-1.8344605931693916,0.9237683050555232","-2.482696612658505,2.06988690020055","-0.7392796732069618,2.863921153246692",0.0,0.2693290743429045,0.7692307692307693,1,207.63711385599998,9046,7218,0.5882352941176471,0.0007273530232676774,10,13
2.0,#,#,0.0,#,#,#,"-3.892082047534725,2.7794733894096524",#,"-0.10120388504593514,4.521247213298899",#,#,#,#,#,#,#,0.0,0.019403791345598595,0.45454545454545453,1,150.0979330029053,9890,7224,0.23529411764705882,0.0005257932135947849,20,44
#,#,4.0,0.0,#,#,"-2.7196964177018086,2.671959104128207",#,#,"-1.878276025268764,2.5308311762293862",#,#,"0.11435017558569305,2.5042965040830856","-5.4641996347483115,3.8692877160993424","-3.329875770008803,1.1369899906274274",#,#,0.0,0.09760600620741218,0.627906976744186,2,169.46417580118492,9970,7224,0.4117647058823529,0.0011872663640474237,54,86
#,#,#,#,#,#,#,"-2.705357864938452,4.84993360364",#,"-4.285920005984353,0.6921042537716231","-1.8430561633861058,0.408534540950941",#,#,#,"-1.146105905326503,2.408070003615866","-2.938319228603314,1.6232801403612744",#,0.0,0.035513168989013084,0.5129533678756477,1,188.22943386747488,9997,7248,0.29411764705882354,0.0006593679003187271,495,965
0.0,#,2.0,#,#,#,#,#,#,#,#,#,"-1.7699899505211891,0.23142882906945417",#,"-1.146105905326503,2.408070003615866",#,#,0.0,0.058796892240830186,0.5673758865248227,1,226.39123583499378,9804,7261,0.23529411764705882,0.0007930487318374474,80,141
#,#,#,1.0,#,"-5.225292600875165,0.8642476743532486",#,"-4.308669840530996,3.9763747579164734",#,#,#,#,#,#,"-1.3108592795996428,1.983691904391228",#,#,1.0,0.03266252280636945,0.5044404973357016,1,190.6714000880294,9994,7277,0.23529411764705882,0.0007403997711777923,568,1126
#,#,#,#,"-6.160280652451897,1.2152075312186597",#,#,#,"-3.336908183275525,4.312282503867113",#,#,"-2.1359716927808208,0.9426777922809271",#,"-1.5114371387674888,3.1638624627831584","-0.6366717984937571,1.983691904391228",#,#,1,0.01972331993898312,0.4560327198364008,1,194.11342588008873,9994,7283,0.29411764705882354,0.0006799795303870666,446,978
0.0,#,2.0,0.0,#,#,"-3.088793933629197,-0.3929661727141889",#,#,#,#,#,#,#,"-1.146105905326503,2.408070003615866",#,#,0.0,0.06543562916833794,0.5796460176991151,1,202.68679716024985,9877,7293,0.29411764705882354,0.000710012058794036,131,226
#,#,#,1.0,"-2.1006571200866855,5.111212617529356","-4.326684604277345,3.027468927011802","-0.2937523323204678,6.2798779059513326",#,"-1.7888487497090786,2.62421741805077","-0.5607299089050878,1.7860529564084437",#,#,#,"-3.4209991188103803,1.1549011736562544","-0.6366717984937571,1.4686483895111397",#,#,1.0,0.07099216187585476,0.589171974522293,1,221.47374523053116,9972,7299,0.47058823529411764,0.0007758227571953282,185,314
#,#,#,1.0,#,"-4.326684604277345,3.027468927011802",#,#,#,#,#,#,#,"-3.4209991188103803,1.1549011736562544","-1.1363455699235026,0.6631968636509954",#,#,1.0,0.030145871989019014,0.496415770609319,1,197.37688841651772,9994,7299,0.23529411764705882,0.0007066292575028789,554,1116
#,0.0,#,#,#,#,#,"-2.9719616496392085,3.0393085041564314",#,#,#,#,#,"-0.012976817305121013,1.786821995661154",#,#,#,1.0,0.04092172461902112,0.5277044854881267,1,167.86286665272087,9994,7303,0.17647058823529413,0.0005880237944306572,200,379
#,#,2.0,0.0,#,#,#,#,#,#,#,#,#,"-3.405966899670493,1.2449481516890375",#,#,#,0.0,0.06744693469838915,0.5831663326653307,1,180.1792996498272,9982,7308,0.17647058823529413,0.0006311682718795774,291,499
#,#,#,#,"-5.022644740788682,-0.9268081505096428",#,#,#,#,#,"-2.8647337942371616,2.0554088559808283",#,"0.11435017558569305,2.5042965040830856",#,#,#,#,0.0,0.11865207014755205,0.6529126213592233,3,187.52202501968048,9963,7311,0.17647058823529413,0.0019904317852251444,269,412
#,#,#,#,#,#,#,#,#,"-4.285920005984353,3.0472727684913985","-1.8430561633861058,0.408534540950941",#,#,#,"-2.419134616802306,2.408070003615866","-2.938319228603314,1.6232801403612744",#,0.0,0.031754999230120255,0.5016056518946692,1,188.69177002714136,9997,7320,0.23529411764705882,0.000660987464361274,781,1557
#,#,#,0.0,#,"-3.239104450471593,3.3568286738966764",#,"-2.8199507355265023,1.2464967214529015","-3.245394883354107,3.6152275190244323","-4.285920005984353,0.6921042537716231",#,#,#,#,#,#,"-3.158171280634813,3.3887516467802206",0.0,0.07584482317163513,0.5970149253731343,1,173.8175928679796,9997,7339,0.35294117647058826,0.0006088832064835695,240,402
#,1.0,#,#,"-4.078213230812062,-0.9268081505096428",#,#,"-1.3624322630319072,4.0300306690494745",#,#,"-2.8647337942371616,2.0554088559808283",#,#,#,#,"-2.4153020081427257,1.6232801403612744",#,0.0,0.10544304249748125,0.6376811594202898,1,175.24423842752722,9938,7340,0.29411764705882354,0.0006138807473451131,88,138
#,2.0,#,#,"1.7843362461298131,5.111212617529356",#,#,"-0.5414572233436807,3.0829850752683963",#,#,"-1.0168381347111326,3.2361665290366215",#,#,"0.13779887710971273,2.8383301972539563",#,"-1.47115149514118,1.9215428747451222",#,1.0,0.0829769731839134,0.6078431372549019,1,179.2864555813955,9952,7377,0.35294117647058826,0.0006280406381901072,31,51
#,#,#,1.0,#,"-2.8588899594540855,4.197122212458473",#,#,"-3.9166292952039536,1.9005942895703911",#,"-2.9884797694843495,2.598800867203877",#,"-2.6870419859538344,2.401230842459969","-3.089518583356625,1.8491294881919278","-1.26939300293823,3.907421904694893","-3.3004197133980506,1.9215428747451222","-3.720275524746478,0.22438213838716958",1.0,0.0408368406791698,0.5274853801169591,1,206.89351432002664,9973,7384,0.5294117647058824,0.0007483001954055387,451,855
0.0,#,#,#,#,#,"-0.4031973155842743,4.359431728698906","-3.1175488901707165,3.158924358645318","-4.984978662259402,-0.07042770270866239","-4.285920005984353,3.0472727684913985","-3.3880340896773022,0.408534540950941",#,#,#,#,#,#,0.0,0.022432571265611417,0.4679245283018868,1,200.71361966614347,9938,7387,0.35294117647058826,0.000703100016003953,124,265
#,#,0.0,#,"1.7843362461298131,5.111212617529356",#,#,#,#,#,#,#,"-0.8611848327552905,3.13602294911382",#,#,#,#,1.0,0.2314600316517187,0.746268656716418,1,165.33850511348965,9944,7388,0.17647058823529413,0.00057918095336394,50,67
#,#,#,#,#,"-5.435937548406575,1.831334217705129",#,#,"-2.8962154143528154,2.620117295346995",#,"-2.7542355517845687,1.7489458568895249",#,#,#,#,#,#,1.0,0.028066902563073544,0.4893717524799244,1,178.8493336319709,9994,7396,0.17647058823529413,0.0006756924103223696,1036,2117
#,#,#,#,"-6.160280652451897,-0.9268081505096428","-2.4994865942218034,0.8642476743532486",#,"-2.5241193248734124,0.06771528602128085",#,#,#,#,#,"-1.5114371387674888,0.964049904698068","-1.3108592795996428,1.983691904391228",#,"-1.226131424232172,1.6870947758792931",0.0,0.1187024309514594,0.6529680365296804,1,225.4308751866219,9938,7403,0.35294117647058826,0.0007896845874990464,143,219
0.0,#,#,#,"-5.022644740788682,1.4779010969873934","-5.297340419429549,4.556525577690755",#,"-3.892082047534725,0.8351198787182685","-3.336908183275525,4.312282503867113","-1.878276025268764,2.5308311762293862",#,"-2.1359716927808208,0.9426777922809271",#,"-1.0731226103106501,0.8772611209046369",#,"-2.4153020081427257,0.21911772386345008",#,0.0,0.07835631622361591,0.6009174311926605,1,214.12736244432762,9938,7403,0.5294117647058824,0.0007500883707439131,131,218
#,#,5.0,#,"-2.1006571200866855,5.111212617529356",#,"-1.73969877905602,6.2798779059513326","0.05659417638497377,3.5339888143281977","-1.7888487497090786,2.62421741805077","-0.1944909703979938,2.86343821773782","-3.0380627564110596,2.465825631968387",#,#,"-1.3582128940221352,1.7173922205865868","-0.689626259013298,2.4166382290434587",#,"-8.780854370825324,2.360568520026181",1.0,0.0763614753690003,0.5978260869565217,1,202.9365606818332,9900,7421,0.5882352941176471,0.0007108869806668744,55,92
#,#,#,#,#,#,"-1.73969877905602,6.2798779059513326","0.05659417638497377,3.5339888143281977",#,#,#,"-3.2120809907113204,2.0985893710201946",#,#,#,"-3.3004197133980506,1.9215428747451222",#,1.0,0.04466332102477516,0.5370196813495782,1,175.51229424333184,9973,7434,0.23529411764705882,0.0006574273284340195,573,1067
#,#,#,1.0,"1.7843362461298131,6.784599247218066",#,#,"0.012307434350924629,3.194744574595675",#,#,#,"0.18349601304616459,2.107651941209757",#,#,"1.571947130038719,3.2714818065869467",#,#,1.0,0.13168724279835387,0.6666666666666666,1,179.32,9843,7435,0.29411764705882354,0.0006281581443229589,4,6
0.0,#,2.0,#,"-4.078213230812062,2.0812622380594155",#,#,#,#,#,"-2.8647337942371616,2.0554088559808283",#,#,#,#,#,#,0.0,0.1148279438394322,0.6486486486486487,2,194.55000000992518,9877,7436,0.23529411764705882,0.001363017700025276,144,222
#,#,0.0,#,#,#,"-4.677093338024809,0.635531360067853",#,#,#,#,"-2.4125119750616584,1.891997354316962",#,#,#,"-1.5738845359587559,1.6232801403612744",#,0.0,0.02008902455584329,0.4577114427860697,1,174.65929023394386,9988,7437,0.23529411764705882,0.0006118316732217226,92,201
#,#,5.0,1.0,#,#,#,"-1.0769086030336514,3.0779398856192173","-1.7888487497090786,2.62421741805077","-3.4575509652177208,2.7264949574677315",#,#,"-1.869208291078781,3.40025315036931",#,#,#,"-8.780854370825324,2.360568520026181",1.0,0.04226341977272404,0.5311203319502075,1,171.23743729077262,9973,7444,0.4117647058823529,0.0006333313643779282,256,482
#,2.0,#,#,"-6.160280652451897,0.3017144216799241","-5.32342511488184,2.7267072295446515",#,#,"-3.336908183275525,4.312282503867113",#,"-3.913737157929171,2.340681465229291",#,"-2.298111372984801,1.7879258983171924",#,#,"-0.3021581835427507,2.3513340437324697","-1.226131424232172,5.016948403268922",0.0,0.11144092816601477,0.6447761194029851,1,216.06382342901404,9982,7461,0.47058823529411764,0.0007568717955637571,216,335
#,#,#,0.0,#,#,#,#,#,"-1.878276025268764,2.5308311762293862","-3.3880340896773022,3.1188593627361363",#,#,"-1.321529330127873,3.4794152390174493",#,#,#,0.0,0.0694568578080578,0.5866013071895425,1,161.5737284570235,9997,7472,0.23529411764705882,0.0005659929368665266,359,612
#,#,#,#,"1.7843362461298131,6.784599247218066","-5.225292600875165,3.027468927011802",#,#,#,#,#,#,"-1.869208291078781,3.13602294911382","-4.595402840626736,0.5806155229830652","-2.044719663877573,1.3542372640047673","-3.3668441841579173,2.066884524738374",#,1.0,0.09751633601943424,0.6277915632754343,1,183.50234891506614,9979,7482,0.35294117647058826,0.0006428089168714705,253,403
#,0.0,#,#,#,"-5.1738356050184775,1.2980724370604109",#,"-2.0967103609231215,3.5339888143281977",#,#,#,"-1.3818766044560389,4.661955911537927","-2.298111372984801,2.591798783044017","-3.089518583356625,-0.1386220085598857",#,"-3.3004197133980506,1.6232801403612744",#,0,0.021353434032510284,0.4633333333333333,1,187.45726464919233,9988,7485,0.4117647058823529,0.0006566629907533709,139,300
#,#,5.0,1.0,#,#,#,#,#,#,"-2.9884797694843495,2.598800867203877",#,#,#,#,"-3.3004197133980506,1.9215428747451222",#,1.0,0.03418759448461297,0.5090655509065551,1,174.25128191276355,9973,7499,0.23529411764705882,0.0006465282403888831,365,717
#,0.0,0.0,#,#,"-5.1738356050184775,1.2980724370604109",#,"-2.0967103609231215,2.1151546576830307","-4.984978662259402,-0.07042770270866239","-4.285920005984353,3.0472727684913985",#,"-1.3818766044560389,4.661955911537927","-2.298111372984801,2.591798783044017","-3.089518583356625,-0.1386220085598857",#,#,#,0.0,0.02448519270213934,0.47619047619047616,1,184.70404659873446,9759,7505,0.5294117647058824,0.0006470184650925853,10,21
#,0.0,#,1.0,#,#,#,#,#,#,"-2.9884797694843495,2.598800867203877",#,"-2.6870419859538344,2.401230842459969",#,"0.8498576450825182,3.907421904694893","-3.3004197133980506,1.9215428747451222","-3.720275524746478,0.22438213838716958",1.0,0.06872850940451601,0.5853658536585366,1,170.86725424599376,9973,7508,0.4117647058823529,0.000598548167258101,48,82
#,#,#,0.0,"-5.164747504292822,0.3017144216799241",#,#,#,"-5.393047844513039,3.6152275190244323",#,#,#,#,#,#,#,#,0.0,0.15414952512716792,0.688,1,197.18676983171719,9982,7516,0.17647058823529413,0.0006907454574087102,258,375
#,#,#,0.0,"-4.700465497872565,-0.9268081505096428",#,"-4.677093338024809,0.8642529632973761","-2.705357864938452,0.3967237137977504",#,"-4.285920005984353,0.6921042537716231",#,#,"-3.5675639806740356,1.8892174053440793",#,#,"-2.938319228603314,1.6232801403612744",#,0.0,0.30235651478560427,0.7872340425531915,1,225.6109295479359,9929,7516,0.4117647058823529,0.0007903153181118072,74,94
#,#,5.0,1.0,#,#,#,"0.05659417638497377,3.5339888143281977","-1.7888487497090786,2.62421741805077",#,"-6.540564624963331,2.598800867203877",#,#,#,"-0.689626259013298,2.4166382290434587","-3.3004197133980506,1.9215428747451222","-1.6731122830046126,2.3900716276771674",1.0,0.04865654650505348,0.5462962962962963,1,173.02282258673728,9973,7518,0.47058823529411764,0.0006411491225366296,118,216
#,#,#,0.0,"-5.164747504292822,-1.2688186249360722",#,#,"-3.892082047534725,2.7794733894096524","-5.393047844513039,1.6872764563517682",#,#,#,#,"-3.0953869555605404,3.8692877160993424",#,#,#,0.0,0.2813107141574534,0.7759562841530054,1,210.97219989521858,9982,7519,0.29411764705882354,0.0007390358330911938,142,183
#,#,#,1.0,"-0.4107893573261929,5.111212617529356",#,"-1.73969877905602,4.155859847113654","-1.3554958168398166,3.5339888143281977",#,#,#,#,"-1.869208291078781,1.3582867807559975","-4.595402840626736,0.5806155229830652",#,#,"-2.4027699727303222,2.350388564293647",1.0,0.09360793329326772,0.6226765799256505,1,194.15522690542412,9921,7545,0.4117647058823529,0.0006801259594217837,335,538
#,#,#,#,#,"-2.379528394068477,2.88763562158456",#,"-1.3554958168398166,0.3967237137977504",#,"-1.8115832142583281,2.1708361935464526",#,#,"-3.1193462740096782,2.3544017686778975","-5.4641996347483115,3.9961478560829238",#,#,#,1,0.02386639087713201,0.47375886524822697,1,185.32134320055533,9972,7552,0.29411764705882354,0.0006491808557232827,334,705
#,#,#,#,"-0.4107893573261929,5.111212617529356","-5.225292600875165,2.128860930413981",#,"-2.705357864938452,3.5339888143281977",#,"-4.285920005984353,2.5308311762293862",#,#,#,#,#,"-3.3004197133980506,0.6647336687695136",#,1.0,0.06117820517193033,0.5718990120746432,1,156.72496795290868,9986,7552,0.29411764705882354,0.0005697848706180546,521,911
0.0,#,#,#,#,"-2.7039809973689755,3.3568286738966764",#,"-3.408513428529598,1.3651422818375276",#,#,#,#,"-3.848351548554911,0.8544460655851192","-1.5449488098919741,2.9012412754382564","-1.6740635729347195,0.8840850467237062","-1.5851702211360021,1.3519804323214526",#,0.0,0.04404669542900566,0.5355285961871751,1,202.5570976356958,9929,7559,0.4117647058823529,0.0007095577212262052,309,577
#,#,#,0.0,#,#,#,#,"-5.393047844513039,3.1715331789169623",#,#,#,#,"0.4117972105780119,3.8692877160993424","-2.642284674222611,-0.5736130005539246",#,#,0.0,0.06693506692530402,0.5822784810126582,1,170.15075189216495,9773,7566,0.23529411764705882,0.0005960382587761463,46,79
#,#,#,0.0,"-4.700465497872565,-0.9268081505096428",#,"-4.677093338024809,0.8642529632973761","-6.357078514791986,0.3967237137977504",#,"-4.285920005984353,0.6921042537716231","-1.4958580303431328,3.257500123257299",#,"-3.5675639806740356,1.8892174053440793",#,#,"-2.938319228603314,1.6232801403612744",#,0.0,0.28462802079628785,0.7777777777777778,1,228.36502070936103,9929,7578,0.47058823529411764,0.0007999629022812086,70,90
#,#,2.0,#,"1.7843362461298131,6.784599247218066",#,#,#,#,#,#,#,#,"-4.595402840626736,0.5806155229830652","-0.834700650537268,1.3542372640047673","-3.3668441841579173,2.066884524738374",#,1.0,0.038901487519704334,0.5223880597014925,2,165.85572305129713,9876,7581,0.29411764705882354,0.0011619855366634556,35,67
#,0.0,2.0,#,"1.7843362461298131,6.784599247218066","-5.225292600875165,3.027468927011802",#,#,"-2.8962154143528154,2.620117295346995",#,#,#,"-1.869208291078781,3.13602294911382",#,"-2.044719663877573,1.3542372640047673","-3.510513375368582,1.776357800854836",#,1.0,0.03125,0.5,1,154.0711856622106,9876,7581,0.47058823529411764,0.0005397115217444362,18,36
#,#,#,1.0,#,#,"-0.2937523323204678,6.2798779059513326",#,"-1.7888487497090786,2.62421741805077",#,"-2.9884797694843495,2.598800867203877",#,#,#,#,"-3.3004197133980506,0.6647336687695136",#,1.0,0.045071461495219005,0.5379975874547648,1,185.05196762646352,9994,7590,0.29411764705882354,0.0007096421497886083,446,829
#,#,#,#,"-6.160280652451897,0.7925113630332825",#,"-0.22978173427336435,4.359431728698906","-2.0967103609231215,2.1151546576830307","-4.984978662259402,4.312282503867113",#,#,"-2.1359716927808208,0.9426777922809271","-2.298111372984801,1.7879258983171924",#,#,"-1.5738845359587559,1.6232801403612744","-1.226131424232172,5.016948403268922",0.0,0.06160095932358531,0.5726872246696035,1,205.14087639930872,9971,7595,0.47058823529411764,0.0007406258298582753,260,454
#,#,#,#,"-2.1006571200866855,5.111212617529356",#,"-1.73969877905602,6.2798779059513326","0.05659417638497377,3.5339888143281977","-1.7888487497090786,2.62421741805077","-0.1944909703979938,2.86343821773782","-3.0380627564110596,2.465825631968387",#,#,"-1.3582128940221352,1.7173922205865868","-0.689626259013298,2.4166382290434587",#,"-8.780854370825324,2.360568520026181",1.0,0.06152666522462726,0.5725490196078431,1,174.06912988314198,9901,7608,0.5294117647058824,0.000609764340906238,146,255
#,#,5.0,1.0,"-2.1006571200866855,5.111212617529356",#,"-2.4938486298100324,6.2798779059513326",#,"-1.7888487497090786,2.620117295346995","-3.4575509652177208,2.7264949574677315","-3.0380627564110596,2.465825631968387","-4.60906191198448,0.9325071611266658","-1.869208291078781,3.40025315036931",#,"-0.689626259013298,2.4166382290434587",#,"-8.780854370825324,2.360568520026181",1.0,0.05500395541468689,0.5598591549295775,1,188.84639444340792,9973,7613,0.6470588235294118,0.0006615291138503941,159,284
#,#,#,#,"-4.078213230812062,-0.9268081505096428","-1.070970914803723,2.109203585213205",#,#,#,#,#,"-2.8808877472821477,-0.18706944785311852","0.11435017558569305,2.5042965040830856",#,#,"-2.4153020081427257,1.6232801403612744",#,0.0,0.14387251916983998,0.6785714285714286,1,188.61087831278502,9963,7619,0.29411764705882354,0.0006607041006027351,76,112
#,2.0,#,#,"-5.022644740788682,0.3017144216799241",#,#,#,"-3.336908183275525,4.312282503867113",#,"-3.913737157929171,2.340681465229291",#,"-2.298111372984801,1.7879258983171924","-1.321529330127873,3.4794152390174493","-1.9277087851780337,1.1369899906274274","-2.6418220671452035,1.6232801403612744",#,0.0,0.11269990011594666,0.6462264150943396,2,204.65346907853424,9982,7623,0.47058823529411764,0.0014769831888523535,274,424
3.0,#,4.0,#,"-0.4107893573261929,6.784599247218066",#,#,#,"-4.069949946699147,4.583447671985041",#,#,#,#,"-1.0371110405087758,3.7638335286365465",#,#,#,1.0,0.026524537874001226,0.4838709677419355,1,150.93180911345985,9986,7633,0.29411764705882354,0.0005287142824671984,15,31
3.0,#,4.0,#,#,#,#,#,"-4.069949946699147,4.583447671985041",#,#,#,#,"-3.089518583356625,1.8465160732167343",#,#,"-3.720275524746478,-0.8070493246350128",1.0,0.043151275720164604,0.5333333333333333,1,162.11152154624,9986,7633,0.29411764705882354,0.0005678768266108494,8,15
3.0,#,0.0,#,#,"-1.186438891077814,1.2980724370604109","0.44587945785644223,4.4896210992289545",#,"-1.916016026491035,2.8982379747015266",#,"-2.49109401120322,0.8445959211479594",#,#,"-0.9245114280994219,2.9012412754382564","-3.329875770008803,0.8840850467237062","-1.5851702211360021,1.3519804323214526",#,0.0,0.04526613752481193,0.5384615384615384,1,164.133587968,9297,7645,0.5294117647058824,0.0005749601273647559,7,13
0.0,#,#,#,#,#,"-0.22978173427336435,3.2747943549161462",#,"-2.7257897114080802,4.312282503867113",#,#,#,#,#,"-2.419134616802306,2.7820297265832665","-2.4153020081427257,1.6232801403612744","-1.226131424232172,3.0697866795753286",0.0,0.021813535689107728,0.4653130287648054,1,210.79890028047853,9938,7650,0.35294117647058826,0.0007384287643626248,275,591
#,#,#,#,"-4.078213230812062,1.4779010969873934","-2.04355452048074,1.517565223430081",#,"-2.705357864938452,2.439381078524966","-3.336908183275525,-0.07042770270866239","-2.7882013958366123,1.265332644250397",#,"-2.1359716927808208,0.9426777922809271","0.11435017558569305,1.7879258983171924",#,#,#,#,0.0,0.07975886738875618,0.6030534351145038,1,204.58015775479456,9963,7650,0.4117647058823529,0.0007166445029029107,79,131
#,0.0,#,#,#,"-5.32342511488184,2.7267072295446515",#,#,#,#,#,#,#,#,#,#,"-1.226131424232172,5.016948403268922",0.0,0.02798077427164279,0.4890710382513661,1,161.22795037901645,9997,7665,0.17647058823529413,0.0005895023107021412,358,732
#,#,#,#,"1.7843362461298131,6.784599247218066","-5.225292600875165,3.027468927011802",#,#,#,#,#,#,"-0.8611848327552905,3.13602294911382",#,#,"-3.3668441841579173,2.066884524738374",#,1.0,0.10737418240000002,0.64,1,156.62097228982742,9979,7683,0.23529411764705882,0.0005486434269219026,272,425
#,#,#,#,"1.7843362461298131,5.111212617529356",#,"-2.2426381766558765,2.879434569082639",#,#,#,#,#,"-1.869208291078781,3.13602294911382","-4.595402840626736,0.5806155229830652","-2.044719663877573,1.3542372640047673",#,#,1.0,0.09760600620741218,0.627906976744186,1,181.7617225204101,9979,7683,0.29411764705882354,0.0006367115008218012,216,344
3.0,#,#,1.0,#,"-5.225292600875165,2.128860930413981",#,"-4.308669840530996,3.9763747579164734","-4.258513055166464,0.7563348627424544",#,#,#,#,"-1.3582128940221352,1.786821995661154",#,"-3.3004197133980506,0.6647336687695136",#,1.0,0.02376930108584942,0.47337278106508873,1,190.76889399990554,9913,7693,0.4117647058823529,0.0006682636317729419,80,169
#,#,#,#,"-6.160280652451897,0.7925113630332825","-5.32342511488184,2.7267072295446515",#,#,"-4.984978662259402,4.312282503867113",#,#,"-2.4125119750616584,2.965346826612948","-2.298111372984801,1.7879258983171924",#,#,"-1.5738845359587559,2.3513340437324697",#,0.0,0.07493152568950538,0.5955701394585726,1,204.87950117334108,9988,7694,0.35294117647058826,0.0007394813327517351,726,1219
#,2.0,#,#,#,"-5.32342511488184,2.7267072295446515",#,#,#,#,"-3.62254122360945,2.340681465229291",#,#,#,#,#,#,0.0,0.03492263059245773,0.5112359550561798,1,204.19987176473938,9982,7700,0.17647058823529413,0.0007365054046055819,546,1068
0.0,#,#,#,"-6.160280652451897,0.7925113630332825",#,#,#,#,#,"-3.913737157929171,0.13010995028562689","-2.4125119750616584,2.965346826612948","-2.298111372984801,1.7879258983171924",#,#,"-1.5738845359587559,2.3513340437324697","-1.226131424232172,5.016948403268922",0.0,0.07702013859047445,0.5988538681948424,1,198.12368786297293,9988,7700,0.4117647058823529,0.0006940274822352567,209,349
3.0,#,#,#,#,"-3.5392943012097433,1.727869714443294",#,#,#,"-1.878276025268764,0.6921042537716231",#,"-2.4125119750616584,2.965346826612948","0.11435017558569305,2.5042965040830856",#,"-3.329875770008803,1.1369899906274274","-2.938319228603314,2.3513340437324697",#,0.0,0.08768067671438307,0.6145833333333334,1,192.5920001354089,9892,7709,0.4117647058823529,0.0006746499744395803,59,96
#,#,#,1.0,"-0.4107893573261929,5.111212617529356",#,#,"-0.9347571388115801,3.5339888143281977",#,#,#,#,"-1.869208291078781,1.3582867807559975","-4.595402840626736,0.5806155229830652",#,#,#,1.0,0.08151842995077387,0.6056910569105691,1,193.71434236115593,9952,7739,0.29411764705882354,0.0006785815404100272,298,492
3.0,2.0,#,#,#,#,#,#,#,#,#,#,#,#,#,#,#,0.0,0.04389378269206645,0.53515625,1,155.5137373981011,9963,7741,0.11764705882352941,0.0005447647819580591,137,256
#,#,2.0,#,#,"-5.32342511488184,2.7267072295446515","-5.655504398856166,-0.6232925784814838",#,#,"-2.2306394047055744,2.747384855050402","-3.62254122360945,2.340681465229291",#,#,#,"-2.2040419299811473,-0.13537025631246125",#,#,0.0,0.11235755559348279,0.6458333333333334,1,180.37760673129935,9906,7741,0.35294117647058826,0.0006318629417898142,124,192
#,#,4.0,0.0,#,"-2.6792517740822865,3.3568286738966764",#,#,#,#,"-2.0511599001392593,2.3700158392505832",#,"-2.531645923220931,2.942102119466645","0.07006151010441419,3.498908254904805",#,#,"-3.158171280634813,1.978306493245928",0.0,0.08356049390158359,0.6086956521739131,1,159.21771717724212,9953,7779,0.4117647058823529,0.0005577398269317093,42,69
#,#,#,1.0,#,#,"-2.4938486298100324,6.2798779059513326",#,"-1.7888487497090786,2.620117295346995","-3.4575509652177208,2.7264949574677315","-3.0380627564110596,2.465825631968387","-3.2513279711390553,-0.1726784860773074",#,#,"-0.6366717984937571,2.4166382290434587",#,"-8.780854370825324,2.360568520026181",1.0,0.060543324674300576,0.5707070707070707,1,196.14667841856382,9921,7792,0.47058823529411764,0.0006871020161193243,226,396
#,#,#,#,"-0.4107893573261929,5.111212617529356","-4.326684604277345,3.027468927011802",#,#,"-0.7797358526259717,2.630360731552093","-0.7758661443778136,2.7043883160380675",#,#,#,#,#,#,#,1.0,0.1053816098246583,0.6376068376068376,1,157.78436473330459,9986,7797,0.23529411764705882,0.0005744237056314049,373,585
#,#,#,#,#,"-5.32342511488184,2.7267072295446515",#,#,"-2.9674261579358996,0.44267042624216524",#,#,#,"-2.298111372984801,1.7879258983171924",#,"0.3233537592657716,2.545260371724731",#,"-1.226131424232172,5.016948403268922",0.0,0.02742315839245632,0.4871060171919771,1,188.46153888844088,9997,7799,0.29411764705882354,0.0006601809644457517,170,349
#,#,#,1.0,"1.7843362461298131,5.111212617529356",#,#,"-4.308669840530996,4.348414082983151","-2.8962154143528154,2.62421741805077",#,#,#,#,#,#,#,"-0.8797523063113197,1.3434992674579562",1.0,0.14082878195139625,0.6756756756756757,1,165.77905327413796,9952,7813,0.29411764705882354,0.0005807241940235303,150,222
#,#,#,#,"-5.022644740788682,-2.107580708787543",#,#,"-3.1175488901707165,3.158924358645318",#,#,#,"-2.4125119750616584,2.965346826612948",#,"-1.321529330127873,3.4794152390174493",#,"-1.5738845359587559,1.6232801403612744",#,0.0,0.1691608877242515,0.7009063444108762,2,206.7456578098132,9988,7819,0.29411764705882354,0.0014484605036431154,232,331
#,#,#,#,"-6.160280652451897,0.7925113630332825",#,"-0.22978173427336435,4.359431728698906","-2.0967103609231215,2.1151546576830307","-4.984978662259402,4.312282503867113","-2.3490929127530036,1.7044411273340059",#,"-5.1812943472070225,0.9426777922809271","-2.298111372984801,1.7879258983171924",#,#,"-1.5738845359587559,1.6232801403612744","-1.226131424232172,5.016948403268922",0.0,0.05605543304187358,0.5619834710743802,1,206.02186832658728,9971,7822,0.5294117647058824,0.0007444834743918103,204,363
#,#,#,0.0,"-5.164747504292822,-1.2688186249360722",#,#,"-3.892082047534725,2.7794733894096524","-5.393047844513039,3.1715331789169623",#,#,#,#,"-3.0953869555605404,3.8692877160993424",#,#,#,0.0,0.28224421495967555,0.7764705882352941,1,209.3603698216936,9982,7826,0.29411764705882354,0.0007333895906868363,132,170
#,#,#,0.0,#,"-3.239104450471593,3.3568286738966764",#,"-2.8199507355265023,1.2464967214529015","-3.245394883354107,3.6152275190244323","-4.285920005984353,0.6921042537716231",#,"-1.2815374988920165,1.7201457490431877",#,#,#,#,"-3.158171280634813,3.3887516467802206",0.0,0.07407537008390232,0.5942028985507246,1,185.898822457854,9982,7835,0.4117647058823529,0.0006512037661551907,164,276
#,#,#,#,"-6.160280652451897,-1.2688186249360722","-5.32342511488184,2.7267072295446515",#,#,#,#,#,#,"-2.298111372984801,1.7879258983171924","-2.9793096056871544,2.121693999029751",#,#,#,0.0,0.13672571634778546,0.6716917922948074,1,210.175335643454,9988,7837,0.23529411764705882,0.0007626704747422247,401,597
#,1.0,#,#,"-6.160280652451897,-1.2688186249360722","-5.32342511488184,2.7267072295446515","-0.22978173427336435,5.399053977836653",#,#,#,#,"-2.4125119750616584,2.965346826612948","-2.298111372984801,1.7879258983171924",#,#,#,"-1.226131424232172,5.016948403268922",0.0,0.09091180653955425,0.6190476190476191,1,181.08995587412264,9938,7837,0.4117647058823529,0.0006343583015693475,39,63
#,#,#,#,#,"-3.2713528628214896,2.7267072295446515",#,"-3.910331139284657,4.84993360364",#,#,#,#,"-1.7699899505211891,1.7879258983171924","-2.9793096056871544,2.121693999029751",#,"-2.9185726407688315,1.5605821057537868",#,0.0,0.03248992620592617,0.50390625,1,190.06262909743924,9997,7848,0.29411764705882354,0.0006746019351115584,903,1792
0.0,0.0,#,#,"-6.160280652451897,-1.2688186249360722","-5.32342511488184,3.1883765903378953","-4.677093338024809,0.8642529632973761",#,"-0.4238558218673598,2.1838650954452774",#,#,#,"-2.298111372984801,2.547332449345068",#,#,#,"0.8759785397613098,3.17589396090194",0.0,0.06092699470458736,0.5714285714285714,1,198.344,9821,7848,0.47058823529411764,0.0006947992358777213,4,7
#,2.0,#,1.0,"-0.4107893573261929,6.784599247218066","-5.225292600875165,2.128860930413981",#,"-1.3554958168398166,3.5339888143281977",#,#,#,"-0.7640973469734818,3.392079457859878","-1.869208291078781,1.3582867807559975","-4.595402840626736,0.5806155229830652","-0.9926705153911008,1.3058535664629947",#,"-2.4027699727303222,2.350388564293647",1.0,0.06483132773918608,0.5785714285714286,1,202.50369754786928,9952,7854,0.5882352941176471,0.0007093706606636588,81,140
#,#,#,0.0,#,"-3.239104450471593,3.3568286738966764",#,"-3.892082047534725,2.7794733894096524","-4.368646582420915,3.1536252944424623",#,#,#,#,#,#,#,"-3.158171280634813,3.3887516467802206",0.0,0.06158071183515803,0.5726495726495726,1,164.98460830082908,9997,7863,0.29411764705882354,0.0005779412524654197,335,585
#,0.0,1.0,#,#,#,#,#,#,#,#,#,#,"-1.3582128940221352,1.7173922205865868","-2.044719663877573,3.2714818065869467","-1.9058092998400178,3.234204343710528",#,1.0,0.06256472372210835,0.574468085106383,1,183.97691022887852,9972,7872,0.29411764705882354,0.0006444713056415567,54,94
#,#,#,#,#,"-5.32342511488184,2.7267072295446515",#,#,#,#,#,#,"-2.298111372984801,1.7879258983171924",#,#,#,#,0.0,0.032875567411209165,0.5050968399592253,1,178.5339190364353,9997,7873,0.11764705882352941,0.0006739660077405325,991,1962
#,#,#,#,"-6.160280652451897,-1.2688186249360722","-5.32342511488184,2.7267072295446515","-0.22978173427336435,5.399053977836653",#,#,#,#,"-2.4125119750616584,2.965346826612948",#,"-2.9793096056871544,2.121693999029751",#,#,"-1.226131424232172,5.016948403268922",0.0,0.11673915256060861,0.6507936507936508,1,208.86505037265357,9963,7873,0.35294117647058826,0.0007569330614291553,205,315
3.0,2.0,#,1.0,"-0.4107893573261929,6.784599247218066","-5.225292600875165,2.128860930413981",#,"-4.308669840530996,3.9763747579164734",#,#,#,#,#,"-4.595402840626736,1.786821995661154",#,#,"-2.4027699727303222,2.350388564293647",1.0,0.10616683880710083,0.6385542168674698,1,178.61594680589548,9913,7883,0.47058823529411764,0.0006256918452603148,53,83
3.0,#,#,0.0,#,"-3.239104450471593,3.3568286738966764",#,#,"-3.245394883354107,3.6152275190244323","-4.285920005984353,0.6921042537716231",#,#,"0.9181259514962778,2.8455020228651424",#,#,"-2.938319228603314,1.6232801403612744",#,0.0,0.21208362139917689,0.7333333333333333,1,172.81304102912003,9800,7885,0.4117647058823529,0.0006053642603594658,11,15
#,#,#,#,"-6.160280652451897,0.3017144216799241","-5.32342511488184,2.7267072295446515",#,#,"-3.336908183275525,4.312282503867113",#,"-3.913737157929171,2.340681465229291","-1.6332704223403571,2.67683885674609","-2.298111372984801,1.7879258983171924",#,#,#,#,0.0,0.08482462363580778,0.6105263157894737,1,203.5333171711075,9988,7896,0.35294117647058826,0.0007335867278222774,580,950
#,#,#,#,"-6.160280652451897,-1.2688186249360722","-5.32342511488184,2.7267072295446515",#,#,#,#,#,#,"-2.298111372984801,1.7879258983171924",#,#,#,#,0.0,0.13680401634364017,0.6717687074829932,1,210.06563480839242,9988,7908,0.17647058823529413,0.0007621901220697472,395,588
#,#,#,#,"-0.4107893573261929,5.111212617529356",#,#,#,"-0.7797358526259717,1.1498588251839936","-3.4575509652177208,2.7043883160380675",#,#,#,"-4.028093861386719,1.786821995661154",#,#,#,1.0,0.09329499891282714,0.6222596964586846,1,160.6863316985025,9986,7910,0.23529411764705882,0.0005628843851092727,369,593
#,#,#,0.0,"-2.1006571200866855,5.111212617529356",#,#,"1.1041929194862263,3.0829850752683963","-0.7797358526259717,1.1498588251839936",#,#,#,#,"-4.028093861386719,1.786821995661154","-0.689626259013298,2.4166382290434587","-3.3004197133980506,3.4854755751539237","-2.163673282520863,0.21290598599112198",1.0,0.019403791345598595,0.45454545454545453,1,164.485141614117,9840,7918,0.47058823529411764,0.0005761916201484657,10,22
#,#,#,#,"-0.4107893573261929,5.111212617529356",#,#,#,"-0.7797358526259717,1.1498588251839936",#,"-1.7319393661584912,4.272302512073631",#,#,"-4.028093861386719,1.786821995661154",#,#,#,1.0,0.09036959055314593,0.6183074265975821,1,160.86797775722542,9986,7923,0.23529411764705882,0.000563520691439693,358,579
0.0,0.0,#,#,#,#,#,#,#,"-3.4575509652177208,2.7043883160380675",#,"0.18349601304616459,2.107651941209757",#,#,#,#,#,1.0,0.0646409833969504,0.5782312925170068,2,209.12781228901136,9972,7923,0.23529411764705882,0.0014651498828216092,85,147
2.0,#,#,#,#,"-5.32342511488184,3.8159600923869834","-5.655504398856166,-0.6232925784814838",#,#,"-2.2306394047055744,2.747384855050402",#,#,"0.11435017558569305,2.5042965040830856","-5.4641996347483115,3.8692877160993424",#,#,#,0.0,0.047144147081573134,0.5428571428571428,1,170.88952515389252,9970,7941,0.35294117647058826,0.0005986261822713626,19,35
#,#,2.0,0.0,#,#,#,#,#,#,"-3.62254122360945,2.340681465229291",#,#,#,"-3.3535344339056556,1.1369899906274274",#,#,0.0,0.0852316508323596,0.6111111111111112,1,183.89781834367065,9982,7941,0.23529411764705882,0.000644194246686375,209,342
3.0,#,#,1.0,"1.7843362461298131,5.111212617529356",#,"-3.788878788609802,2.0520813600393826",#,"-2.8962154143528154,2.62421741805077",#,#,#,#,#,#,"-3.3004197133980506,0.6647336687695136",#,1.0,0.17703971667429347,0.7073170731707317,2,188.04676763775507,9913,7951,0.35294117647058826,0.0013174560406565123,29,41
#,2.0,#,#,"-6.160280652451897,0.3017144216799241","-5.32342511488184,2.7267072295446515",#,#,#,"-2.846200921000215,-0.9261058493800527","-3.913737157929171,2.340681465229291",#,"-2.298111372984801,1.7879258983171924",#,#,"-0.3021581835427507,2.3513340437324697",#,0.0,0.15222617720811396,0.6862745098039216,1,196.07421510678304,9923,7956,0.4117647058823529,0.0006868481770636712,35,51
0.0,#,#,#,#,#,#,"-3.910331139284657,4.84993360364",#,#,#,#,"-1.7699899505211891,2.547332449345068","-1.5342380996556921,2.366529362774882",#,#,"0.8759785397613098,3.3887516467802206",0.0,0.01929253136760437,0.4540229885057471,1,168.40734860566437,9929,7963,0.29411764705882354,0.0005899311152714911,79,174
0.0,#,#,0.0,"-6.160280652451897,1.4779010969873934","-3.2713528628214896,3.3568286738966764","-4.677093338024809,0.8642529632973761",#,#,"-1.4198433575462284,3.131493108516378",#,#,#,#,#,#,"-3.158171280634813,3.17589396090194",0.0,0.13168724279835387,0.6666666666666666,1,198.64517421199884,9997,7963,0.4117647058823529,0.00069585424945193,132,198
2.0,#,#,1.0,#,#,"-2.4938486298100324,6.2798779059513326",#,"-1.7888487497090786,2.620117295346995",#,#,"-3.2513279711390553,-0.1726784860773074",#,#,#,"-0.3547488816844052,2.6787821132132352","-8.780854370825324,2.360568520026181",1.0,0.28462802079628785,0.7777777777777778,1,158.55759285721956,9898,7970,0.4117647058823529,0.0005554274107601288,21,27
#,#,#,#,"-6.160280652451897,-1.2688186249360722",#,#,#,#,#,#,"-2.4125119750616584,2.965346826612948","-2.298111372984801,1.7879258983171924",#,#,"-2.5034933358065934,2.1225189433888976",#,0.0,0.1277278655951466,0.662608695652174,1,210.30956467038257,9988,7974,0.23529411764705882,0.0007632582302663557,381,575
#,#,#,#,#,"-5.32342511488184,2.7267072295446515","-0.22978173427336435,5.399053977836653",#,#,#,#,#,#,#,#,"-2.4153020081427257,1.6232801403612744","-1.226131424232172,5.016948403268922",0.0,0.027420556673510864,0.4870967741935484,1,189.003197999017,9971,7974,0.23529411764705882,0.0007312689686269256,453,930
#,#,#,1.0,"1.7843362461298131,6.784599247218066",#,"-3.4480784145140433,2.662464510226642","0.012307434350924629,3.194744574595675",#,#,#,"0.18349601304616459,2.107651941209757",#,#,"-2.044719663877573,3.2714818065869467","-1.9058092998400178,4.347845278751323",#,1.0,0.126916476145353,0.6617647058823529,1,177.43282137030965,9952,7976,0.4117647058823529,0.0006215473556433236,45,68
#,#,#,0.0,"-5.022644740788682,-1.2688186249360722",#,#,"-3.892082047534725,2.7794733894096524","-3.6987653988265876,2.01816122758958","-1.878276025268764,2.5308311762293862",#,#,#,"-3.0953869555605404,3.8692877160993424",#,#,#,0.0,0.25209478444642136,0.7591240875912408,1,216.7100241935325,9982,7979,0.35294117647058826,0.0007591354375060948,104,137
#,#,#,0.0,"-5.164747504292822,-1.2688186249360722","-3.239104450471593,2.7267072295446515","-4.677093338024809,-0.36271747436461577","-3.892082047534725,2.7794733894096524","-5.393047844513039,3.1715331789169623",#,"-2.424990729102196,2.9121131626596912",#,"0.11435017558569305,2.5042965040830856","-3.0953869555605404,3.8692877160993424",#,#,"-0.7392796732069618,2.863921153246692",0.0,0.2935778904262872,0.782608695652174,1,218.4112604601961,9906,7979,0.5882352941176471,0.0007650948698969175,36,46
#,#,#,1.0,"-1.7551451188382274,5.111212617529356",#,"-0.2937523323204678,6.2798779059513326",#,"-1.7888487497090786,2.62421741805077",#,"-6.540564624963331,2.465825631968387",#,#,"-1.3582128940221352,1.1549011736562544",#,#,#,1.0,0.0832406659003754,0.6082289803220036,1,189.181854677399,9973,7985,0.35294117647058826,0.0006707452429881227,340,559
#,2.0,#,#,"-6.160280652451897,0.3017144216799241","-5.32342511488184,2.7267072295446515",#,#,"-3.336908183275525,4.312282503867113","-3.462359446839626,-1.6133790075016918","-3.913737157929171,2.340681465229291",#,"-2.298111372984801,1.7879258983171924",#,#,"-2.6418220671452035,2.3513340437324697","-1.226131424232172,5.016948403268922",0.0,0.11235755559348279,0.6458333333333334,1,191.16851833370757,9963,7988,0.5294117647058824,0.000669663516225024,31,48
#,1.0,#,#,"-6.160280652451897,-1.2688186249360722","-3.1983155483766064,0.5781416703934954","-0.22978173427336435,5.399053977836653",#,#,#,#,"-2.4125119750616584,2.965346826612948","-2.298111372984801,1.7879258983171924",#,#,"-1.7831658784774558,0.19941081260632632","-1.226131424232172,5.016948403268922",0.0,0.057686950493471195,0.5652173913043478,1,193.12529490672154,9938,7992,0.47058823529411764,0.0006765181065716618,13,23
#,#,#,#,"-6.160280652451897,-1.2688186249360722","-5.32342511488184,2.7267072295446515",#,#,#,#,"-2.258510252259965,3.161985887810702",#,#,#,"0.055192616382793824,2.8134215146077084",#,#,0.0,0.0891768994341564,0.6166666666666667,1,213.770021247666,9988,7992,0.23529411764705882,0.0007488366041646966,148,240
#,0.0,#,1.0,"-0.4107893573261929,5.111212617529356",#,"-2.4938486298100324,4.155859847113654",#,"-2.8962154143528154,1.1498588251839936","-3.4575509652177208,2.7264949574677315",#,#,#,#,#,#,"-3.791200302935872,1.4219413183162235",1.0,0.09789024016223827,0.6282722513089005,1,166.0820385528704,9973,7994,0.4117647058823529,0.0006107571555302984,120,191
2.0,2.0,#,#,"1.7843362461298131,5.111212617529356",#,#,"-2.9719616496392085,3.0393085041564314",#,#,#,"0.18349601304616459,3.415904000283757",#,"-1.3582128940221352,1.786821995661154",#,"-1.1147420272896842,1.2349784954762797",#,0,0.007415771484375,0.375,1,174.0432,9970,7998,0.4117647058823529,0.0006096735084989383,3,8
3.0,#,#,0.0,#,"-3.239104450471593,3.3568286738966764",#,"-0.2580324782164185,3.278008788722193","-3.245394883354107,3.6152275190244323","-4.285920005984353,0.6921042537716231",#,#,"0.9181259514962778,2.8455020228651424",#,#,"-2.938319228603314,1.6232801403612744",#,0.0,0.46266436603796024,0.8571428571428571,1,178.024,9800,8004,0.47058823529411764,0.0006236182549908011,6,7
#,#,#,#,"-0.4107893573261929,5.111212617529356","-3.282482310687419,2.4815839705932623",#,"-2.8396126344233465,3.5339888143281977","-1.7888487497090786,1.1498588251839936","-3.4575509652177208,2.7043883160380675",#,#,#,#,"-2.044719663877573,0.10056947918624981","1.0094270022868521,3.579433824062125","-8.780854370825324,2.360568520026181",1.0,0.10111083906138961,0.6323529411764706,1,161.74230566815396,9944,8012,0.47058823529411764,0.0005665834630103971,43,68
#,#,#,#,"-6.160280652451897,-1.2688186249360722","-1.4800621737664235,4.482765013765316",#,#,#,#,#,"-2.4125119750616584,2.965346826612948",#,#,#,#,#,0.0,0.11177418429208745,0.6451612903225806,1,201.0273135798877,9988,8013,0.17647058823529413,0.0007226135613773234,320,496
#,#,#,#,#,#,#,#,"-0.7797358526259717,1.1498588251839936",#,#,"-0.03568334721460409,2.8120674264675127","-0.8611848327552905,3.13602294911382","-4.028093861386719,1.786821995661154",#,#,#,1.0,0.028883704886538908,0.4921875,1,171.4642396996413,9885,8021,0.23529411764705882,0.0006006394079158695,189,384
#,#,#,#,#,"-5.32342511488184,2.7267072295446515",#,#,#,"-3.462359446839626,-1.6133790075016918",#,#,"-2.298111372984801,1.7879258983171924",#,#,#,#,0.0,0.02403303169628156,0.4744186046511628,1,164.6919641132448,9963,8023,0.17647058823529413,0.000576916119575503,102,215
#,2.0,#,#,#,"-5.225292600875165,3.027468927011802",#,#,#,"-3.4575509652177208,2.7264949574677315",#,#,"-1.869208291078781,3.13602294911382",#,"-2.044719663877573,2.4166382290434587","-2.57904540230788,2.48753947490623",#,1.0,0.025864854532186253,0.4814398200224972,1,204.7140207854145,9979,8029,0.35294117647058826,0.0007387567352904801,428,889
#,#,#,#,"-0.4107893573261929,5.111212617529356",#,"-4.104031100404528,1.2876244214254875",#,"-2.260237758994071,1.1498588251839936",#,#,#,"-1.3965535943468415,0.9933927341505511",#,#,#,#,1.0,0.06716453214334021,0.5826771653543307,1,152.2217611060208,9986,8038,0.23529411764705882,0.0005500664478511885,296,508
#,#,#,#,"-0.4107893573261929,5.111212617529356",#,#,"-0.9347571388115801,2.5614108726078504",#,"-3.4575509652177208,2.7043883160380675",#,"-3.2120809907113204,2.0985893710201946","-1.869208291078781,3.40025315036931",#,#,#,#,1.0,0.07157891203395372,0.5901426718547341,1,154.80658761466225,9979,8043,0.29411764705882354,0.0005613847602470799,455,771
#,#,#,1.0,"-5.294127551375517,1.126373049602436",#,#,#,#,#,#,#,#,#,#,"-1.885215154168383,3.328227255718599",#,1.0,0.019957784467844058,0.4571118349619978,1,202.41713554663224,9994,8047,0.17647058823529413,0.0007286992460999529,421,921
#,#,#,#,"-0.4107893573261929,3.696424038061159",#,"-3.4951951013233318,0.09924191323001263",#,#,"-3.4575509652177208,2.7043883160380675",#,#,#,#,#,"-1.692098958430846,1.0247653960172998",#,1.0,0.049784938953493604,0.5488069414316703,1,157.36943736678046,9986,8053,0.23529411764705882,0.0005512653008558161,253,461
#,#,#,#,#,#,"-1.73969877905602,6.2798779059513326","-2.705357864938452,3.5339888143281977",#,"-4.285920005984353,0.6921042537716231",#,#,"-2.6870419859538344,2.401230842459969",#,"-0.689626259013298,2.408070003615866","-3.3004197133980506,1.6232801403612744",#,0.0,0.026880089604896157,0.48516129032258065,1,202.15144423244016,9982,8059,0.35294117647058826,0.0007081367169376296,376,775
#,#,4.0,0.0,#,"-2.6792517740822865,3.3568286738966764",#,#,#,#,"-2.0511599001392593,2.3700158392505832","-2.035191375756273,1.5822217691912805","-2.531645923220931,2.942102119466645","0.07006151010441419,3.498908254904805",#,#,"-3.158171280634813,1.978306493245928",0.0,0.05507317760000002,0.56,1,163.69457950518805,9953,8063,0.47058823529411764,0.000573422280268269,28,50
#,#,#,#,#,#,"-0.2937523323204678,6.2798779059513326",#,"-0.7797358526259717,2.62421741805077",#,#,#,"-1.267682599884475,0.9680736429034079","-4.028093861386719,1.1549011736562544",#,#,#,1.0,0.05345031037749519,0.5566600397614314,1,177.3473301866589,9972,8064,0.23529411764705882,0.0006189248036684155,280,503
#,#,#,1.0,"-1.7551451188382274,5.111212617529356",#,#,#,"-1.7888487497090786,1.1498588251839936","-3.4575509652177208,2.7043883160380675","-6.540564624963331,2.465825631968387",#,#,"-1.3582128940221352,1.786821995661154",#,#,#,1.0,0.06660286007415527,0.5816993464052288,1,184.31369763629124,9973,8064,0.35294117647058826,0.0006494287940894011,356,612
#,#,#,#,#,"-5.32342511488184,2.7267072295446515",#,#,#,#,"-3.913737157929171,2.340681465229291",#,"-2.298111372984801,1.7879258983171924","-2.1550556005261043,0.020372407367869494",#,"-2.938319228603314,2.3513340437324697",#,0.0,0.03778862516255216,0.519364448857994,1,191.63614324012264,9997,8068,0.29411764705882354,0.0006713016067528675,523,1007
#,2.0,#,#,"-4.078213230812062,-1.2688186249360722","-5.32342511488184,2.7267072295446515",#,#,#,#,#,#,#,#,#,"-2.5034933358065934,1.6232801403612744",#,0.0,0.14885337921894712,0.683206106870229,1,216.14165403093472,9982,8080,0.23529411764705882,0.0007887954990473765,179,262
#,1.0,#,#,"-3.796082110191672,-1.2688186249360722","-5.32342511488184,2.7267072295446515","-0.22978173427336435,4.359431728698906",#,#,#,"-3.62254122360945,0.13010995028562689",#,#,#,#,#,"-1.226131424232172,5.016948403268922",0.0,0.07379350066184998,0.59375,1,168.71818669695944,9938,8089,0.35294117647058826,0.0005910199814248081,19,32
#,#,#,1.0,#,"-2.3316150469853945,1.1467008124081208",#,#,#,#,#,#,"-2.298111372984801,1.7879258983171924",#,#,"-2.5034933358065934,2.3513340437324697",#,0.0,0.02855461283328697,0.49106078665077474,1,192.2104879996212,9988,8089,0.23529411764705882,0.000684006875039217,412,839
#,#,#,1.0,"1.7843362461298131,6.784599247218066",#,"-1.2519041855860824,5.218082440609937","0.012307434350924629,3.194744574595675",#,#,#,"0.18349601304616459,2.107651941209757",#,#,"-2.044719663877573,3.2714818065869467","-1.9058092998400178,4.347845278751323",#,1.0,0.10979242280002384,0.6428571428571429,1,165.24245926296936,9901,8092,0.4117647058823529,0.000578844504650842,36,56
#,0.0,#,1.0,"1.7843362461298131,6.784599247218066",#,#,"0.012307434350924629,3.194744574595675",#,#,#,"0.18349601304616459,2.107651941209757",#,#,"-2.044719663877573,3.2714818065869467","-1.9058092998400178,4.347845278751323",#,1.0,0.17831521367830508,0.7083333333333334,1,192.88772404091458,9843,8092,0.4117647058823529,0.0006756858955845411,17,24
#,#,2.0,#,"-4.700465497872565,0.7925113630332825","-5.32342511488184,2.4954538925932863","-3.1801512701428423,0.9534512965935034",#,#,#,#,#,#,"-2.1550556005261043,0.020372407367869494",#,#,#,0.0,0.19583993670940167,0.7217391304347827,2,198.21624400311197,9982,8094,0.29411764705882354,0.0013887034129786043,83,115
0.0,#,5.0,#,"-6.160280652451897,2.3622503499959744",#,#,#,"-4.984978662259402,1.6872764563517682",#,#,#,"-1.4727551680794764,-0.16682283038724888","-2.605138129075363,0.7705260211049416",#,#,"-2.8829824992048527,5.070867663366923",0.0,0.054740611075523096,0.559322033898305,1,195.86044404926264,9965,8103,0.4117647058823529,0.0006860993368294421,33,59
#,#,0.0,1.0,#,"-4.326684604277345,3.027468927011802",#,"-3.5180669854107185,1.7859949149971985","-2.8962154143528154,2.620117295346995","2.7264949574677315,3.3784478820683255","-2.856607376692428,1.3963972870553265",#,#,#,#,#,#,1,0.07775999999999998,0.6,1,119.8,9724,8106,0.4117647058823529,0.0004196595231423739,3,5
#,#,4.0,0.0,#,"-2.6792517740822865,3.3568286738966764",#,#,#,#,#,#,#,"0.07006151010441419,3.498908254904805",#,#,"-3.158171280634813,1.978306493245928",0.0,0.03724344570958624,0.5178571428571429,1,159.21055633309783,9953,8109,0.29411764705882354,0.0005577147424873113,29,56
#,#,#,1.0,"-0.4107893573261929,5.111212617529356",#,#,"-1.3554958168398166,3.5339888143281977",#,#,#,#,"-1.7832800208283266,2.3544017686778975",#,"-0.02086098465146735,3.3503076687345397","-3.3004197133980506,0.6647336687695136",#,1.0,0.14710334512439496,0.681592039800995,1,189.63617074148974,9973,8124,0.35294117647058826,0.0006642957010343855,137,201
#,#,#,#,#,#,#,"0.05659417638497377,3.5339888143281977",#,#,#,#,"-3.1193462740096782,3.13602294911382","-1.3582128940221352,1.7173922205865868","-0.689626259013298,2.4166382290434587","-1.588567601582318,2.1562994815759366",#,1.0,0.05094976870500772,0.5513513513513514,1,176.34282488226285,9979,8124,0.29411764705882354,0.0006177290968252886,306,555
#,#,#,#,#,#,#,"0.05659417638497377,1.6350383779679702",#,#,#,#,"-3.1193462740096782,3.13602294911382","-1.3582128940221352,1.7173922205865868","-0.689626259013298,2.4166382290434587","-1.588567601582318,2.1562994815759366",#,1.0,0.03744666519253166,0.5184210526315789,1,183.62822201441446,9979,8127,0.29411764705882354,0.0006432498504678726,197,380
3.0,#,#,0.0,"-5.022644740788682,-1.2688186249360722",#,#,#,"-3.6987653988265876,2.01816122758958","-1.878276025268764,2.5308311762293862",#,"-1.732392244444749,2.1159196118824353",#,#,#,"-2.938319228603314,1.6232801403612744",#,0.0,0.43375716751999094,0.8461538461538461,1,216.42308511969844,9906,8136,0.4117647058823529,0.0007581302896355096,22,26
#,#,#,0.0,#,#,#,"-3.892082047534725,2.7794733894096524",#,"-1.878276025268764,0.6921042537716231",#,#,"0.11435017558569305,2.5042965040830856","-3.0953869555605404,3.8692877160993424","-3.329875770008803,1.1369899906274274",#,#,0.0,0.04934163604394605,0.5478260869565217,1,181.10408869407834,9971,8136,0.35294117647058826,0.0006344078088521795,63,115
#,#,#,#,"1.7843362461298131,6.784599247218066",#,#,#,#,"-3.4575509652177208,2.7264949574677315","-3.0380627564110596,2.465825631968387","-1.3762809484175795,2.010233485150343","-0.7742839888587877,2.2324226824766416","-4.595402840626736,0.5806155229830652","-2.044719663877573,1.3542372640047673",#,#,1.0,0.07893994807860882,0.6018099547511312,1,196.2737493323049,9921,8140,0.4117647058823529,0.0006875471456607755,133,221
#,#,#,#,"1.7843362461298131,6.784599247218066",#,#,#,#,#,#,#,"-1.869208291078781,3.13602294911382",#,"-3.539673942296877,2.2066362623383626","-3.3668441841579173,2.066884524738374",#,1.0,0.10686026734662718,0.639386189258312,1,159.51224400949303,9979,8140,0.23529411764705882,0.0005587715547278283,250,391
#,0.0,2.0,0.0,"-6.160656228846008,1.145430661922008","-3.8237393755265408,2.3262009245580315",#,#,"-5.393047844513039,3.6152275190244323",#,#,#,"-1.1583241976457062,1.3087171737064407","-0.4768882878229269,2.448687309000004",#,#,#,0.0,0.05292214940134466,0.5555555555555556,1,180.3361014219259,9971,8144,0.47058823529411764,0.0006317175486484156,25,45
#,#,#,#,"-0.4107893573261929,5.111212617529356","-5.225292600875165,2.128860930413981",#,"-4.308669840530996,3.9763747579164734","-0.7797358526259717,1.1498588251839936","-3.4575509652177208,2.7264949574677315",#,#,#,#,"-1.26939300293823,0.7226612013353197",#,#,1.0,0.06658142023526195,0.5816618911174785,1,172.99954853071182,9937,8145,0.35294117647058826,0.0006410472112339038,203,349
#,#,#,#,"-5.022644740788682,-1.2688186249360722","-5.32342511488184,2.7267072295446515",#,#,#,#,#,#,#,"-0.5925005810624101,3.8692877160993424",#,#,#,0.0,0.12426321380331677,0.658974358974359,2,195.53801771743153,9982,8173,0.17647058823529413,0.0013971546001330742,257,390
#,2.0,#,#,"-0.4107893573261929,5.111212617529356",#,#,#,"-0.7797358526259717,1.1498588251839936","-3.516076790650669,2.7043883160380675",#,#,#,"-4.028093861386719,1.786821995661154",#,#,#,1.0,0.09918165026951144,0.6299212598425197,2,165.2649386432459,9979,8175,0.29411764705882354,0.0011578464998861144,160,254
#,#,#,#,#,#,#,"-4.308669840530996,4.348414082983151",#,#,#,#,#,#,"-2.044719663877573,1.3542372640047673",#,#,1,0.027412730278804046,0.4870689655172414,1,188.85286304644148,9994,8178,0.11764705882352941,0.0007304461194184861,791,1624
#,#,#,#,"-0.4107893573261929,5.111212617529356",#,#,"-4.308669840530996,4.348414082983151",#,#,#,#,#,#,#,"-3.3004197133980506,0.6647336687695136","-2.4027699727303222,2.350388564293647",1.0,0.06368851998037549,0.5765171503957783,1,157.28517528087275,9986,8179,0.23529411764705882,0.0005722378791751733,437,758
#,2.0,#,#,"-0.4107893573261929,5.111212617529356",#,#,#,"-0.7797358526259717,1.1498588251839936","-3.516076790650669,2.7043883160380675","-1.0786270584618407,2.257062873889339",#,"-0.6147528797264763,1.3897182344971433","-4.028093861386719,1.786821995661154",#,#,#,1.0,0.11878715787945013,0.6530612244897959,1,167.05789348530004,9979,8183,0.4117647058823529,0.0005852039725977505,96,147
#,#,#,#,"-4.700465497872565,0.7925113630332825",#,#,#,#,"-4.285920005984353,0.6921042537716231",#,"-1.225924687117638,3.4175621633320077",#,#,#,"-2.4153020081427257,1.6232801403612744",#,0.0,0.06115298479275266,0.5718518518518518,1,184.9735679187482,9982,8198,0.23529411764705882,0.0006523182019365601,386,675
3.0,#,#,1.0,"-5.022644740788682,0.7925113630332825",#,#,#,#,#,#,"-1.225924687117638,0.6982312410459544","-2.705867473988784,2.1511202258607556",#,#,#,#,0.0,0.10255278437793762,0.6341463414634146,1,172.23127398782995,9963,8210,0.29411764705882354,0.0006033263298158286,78,123
#,#,#,#,"-5.391974624984213,2.7996985555738654","-5.1738356050184775,2.7267072295446515","-2.8947996417878437,2.835881499066778",#,#,#,"-3.913737157929171,2.340681465229291",#,#,"-1.321529330127873,0.020372407367869494","-1.146105905326503,2.693132182588063","-2.938319228603314,2.3513340437324697",#,0.0,0.04742799752648131,0.543509272467903,1,191.4125040292252,9997,8212,0.4117647058823529,0.0006705181983672152,381,701
#,#,#,0.0,"-5.022644740788682,-0.9268081505096428",#,"-3.738600943887914,-0.3238857800622372","-2.1433814405302334,1.9230660164491706","-0.4391573219774585,3.1715331789169623",#,#,#,#,#,#,"-2.938319228603314,1.6232801403612744","-5.463372779772042,1.5910032294296377",0.0,0.19075113096875485,0.717948717948718,1,213.48455221864674,9982,8216,0.4117647058823529,0.0007478366058626086,56,78
#,0.0,#,#,#,#,#,#,#,"-3.4575509652177208,2.7264949574677315",#,#,#,#,#,"-0.3604410942004359,2.1361369612384005",#,1.0,0.03653541607974629,0.5158730158730159,1,156.56061586224052,9994,8247,0.17647058823529413,0.0005690652136898695,195,378
#,#,#,#,"-0.4107893573261929,5.753595524321555","-5.225292600875165,2.128860930413981",#,"-4.308669840530996,4.348414082983151","-2.8962154143528154,2.62421741805077",#,#,#,#,"-1.3582128940221352,1.7173922205865868","-1.26939300293823,0.7226612013353197",#,"-1.1317821902110607,0.8614778414441523",1.0,0.04432061920189143,0.5361930294906166,2,182.05066541317433,9952,8247,0.4117647058823529,0.001275447336144317,200,373
#,#,#,#,"-5.164747504292822,-1.2688186249360722",#,#,"-3.892082047534725,2.7794733894096524","-5.393047844513039,3.1715331789169623","-2.342936662410499,0.359419364314174",#,#,#,"-3.0953869555605404,3.8692877160993424",#,#,#,0.0,0.11865964913436226,0.6529209621993127,1,208.32171471301655,9982,8248,0.29411764705882354,0.0007545539297114015,190,291
#,#,4.0,0.0,"-4.612100267384468,-1.5125482531192485",#,#,"-2.4924502738592427,2.8116116265486744","-3.11607257016789,1.5978844726664936",#,"-2.0511599001392593,2.3700158392505832","-2.035191375756273,1.5822217691912805","-2.531645923220931,2.942102119466645","-1.6627380995474963,3.498908254904805",#,#,#,0.0,0.16291487262254356,0.6956521739130435,1,215.1927338210723,9773,8264,0.5294117647058824,0.0007538203677717446,16,23
#,#,#,#,"-4.700465497872565,0.7925113630332825",#,#,#,#,"-4.285920005984353,0.6921042537716231",#,#,#,#,#,"-2.4153020081427257,2.3513340437324697","-2.548039005488002,0.6718425841088802",0.0,0.06629000590361254,0.581151832460733,1,195.85041182656673,9982,8278,0.23529411764705882,0.0006999451961733,333,573
#,#,#,0.0,#,"-3.239104450471593,2.7267072295446515",#,"-2.8199507355265023,1.2464967214529015","-3.245394883354107,3.6152275190244323","-2.2306394047055744,0.6921042537716231",#,#,#,#,"-2.2040419299811473,-0.13537025631246125",#,"-0.3647736382090334,2.70178025664514",0.0,0.08988803537961923,0.6176470588235294,1,191.30691738759938,9953,8282,0.4117647058823529,0.0006701483282530674,42,68
#,#,2.0,#,#,"-5.32342511488184,3.3568286738966764","-5.655504398856166,-0.6232925784814838",#,#,"-4.285920005984353,2.747384855050402","-3.62254122360945,2.340681465229291",#,#,#,#,#,"-3.158171280634813,3.3887516467802206",0.0,0.06178753183972413,0.5730337078651685,1,172.23073090627847,9982,8282,0.35294117647058826,0.0006033244274005955,153,267
#,#,#,#,"-4.752314449411705,2.553772441356311",#,#,#,"-2.8962154143528154,2.620117295346995",#,"-4.53012891957975,0.8032317734881842",#,#,#,"-0.8779129549474121,2.4166382290434587",#,#,1.0,0.02767325514859906,0.48799126637554585,1,182.4499286311228,9994,8286,0.23529411764705882,0.000682428075241131,447,916
#,#,#,#,"-2.1006571200866855,5.111212617529356","-4.326684604277345,3.027468927011802","-0.9567706825729017,6.2798779059513326",#,#,#,#,#,#,#,"-1.9088429573023866,1.6921781042690305","-1.933512156751823,2.410857164780857",#,1.0,0.047915673884453225,0.5446224256292906,1,175.5451028028123,9986,8286,0.29411764705882354,0.0006576069040864944,476,874
#,#,#,1.0,#,#,"-0.9567706825729017,6.2798779059513326",#,"-2.8962154143528154,2.620117295346995",#,#,#,#,#,#,"-1.933512156751823,2.410857164780857",#,1.0,0.04273795237271694,0.5323076923076923,1,189.12969494503355,9994,8288,0.23529411764705882,0.0007319613419580538,519,975
#,#,#,#,"-5.022644740788682,-1.2688186249360722","-5.32342511488184,2.7267072295446515",#,#,#,#,#,#,#,"-0.5925005810624101,3.8692877160993424","-0.6314087110423061,3.276082228109657",#,"0.1939010396080194,4.717068034517926",0.0,0.095367431640625,0.625,1,205.70614182109972,9852,8291,0.29411764705882354,0.0007205888262445763,55,88
#,2.0,#,#,"-6.160280652451897,0.3017144216799241",#,#,"-3.910331139284657,0.06771528602128085","-3.245394883354107,4.312282503867113","-5.525487379311076,2.5308311762293862","-3.85262133766207,2.340681465229291",#,"-2.298111372984801,1.7879258983171924","-1.321529330127873,3.4794152390174493",#,"-2.6418220671452035,1.6232801403612744",#,0.0,0.17152811451914082,0.7028571428571428,1,220.99301739708034,9889,8297,0.5294117647058824,0.00077413876710061,123,175
#,#,#,#,#,"-2.4734725851500334,4.18501777426041",#,#,#,#,"-3.85262133766207,1.453796831691134",#,#,#,#,#,"0.1939010396080194,4.717068034517926",0.0,0.03265238218911418,0.5044091710758377,1,168.42323598942323,9997,8313,0.17647058823529413,0.000589986768793129,286,567
#,#,#,1.0,"-1.7551451188382274,5.753595524321555","-5.225292600875165,2.128860930413981",#,"-4.308669840530996,4.348414082983151",#,#,#,#,#,#,#,#,#,1.0,0.06669716365838725,0.5818639798488665,1,177.47438818698066,9973,8320,0.23529411764705882,0.0006681667301550154,462,794
0.0,#,#,1.0,#,"-4.326684604277345,2.128860930413981",#,"-4.308669840530996,1.7859949149971985",#,"2.7264949574677315,3.3784478820683255",#,#,#,#,#,#,#,1,0.02094302882090425,0.46153846153846156,1,166.72563558400003,9558,8321,0.29411764705882354,0.0005840400728279688,6,13
#,#,0.0,1.0,"-1.7551451188382274,5.753595524321555","-5.225292600875165,3.027468927011802",#,"-3.5180669854107185,4.348414082983151","-2.8962154143528154,2.620117295346995",#,"-2.856607376692428,1.3963972870553265",#,#,#,#,#,#,1.0,0.07472287811932173,0.5952380952380952,1,165.21829345992288,9944,8321,0.4117647058823529,0.0005787598518179301,100,168
#,#,#,#,"-0.2423601280365526,6.510235331612674",#,"-0.2937523323204678,6.2798779059513326",#,#,#,"-6.540564624963331,2.465825631968387",#,#,"-1.3582128940221352,1.7173922205865868","-1.26939300293823,0.7226612013353197",#,"-1.1317821902110607,0.8614778414441523",1.0,0.0577907039747272,0.5654205607476636,1,185.50697719530032,9921,8328,0.35294117647058826,0.0006498311317976875,121,214
#,0.0,#,0.0,#,#,#,#,#,"-1.4198433575462284,3.131493108516378",#,"-2.603052699304661,-0.29406558550835027",#,#,#,#,#,1,0.008114897268567102,0.38181818181818183,1,169.96799368593827,9709,8331,0.23529411764705882,0.008712431501284878,21,55
#,#,#,1.0,"-0.4107893573261929,5.111212617529356",#,"-2.4938486298100324,4.155859847113654",#,#,"-3.4575509652177208,2.7043883160380675",#,"-2.878286081891644,1.123958248688628","-0.8611848327552905,3.13602294911382","-4.028093861386719,1.786821995661154","-2.1741915836338146,1.1203596003570562",#,"1.4977578035124384,3.5676816825390056",1.0,0.12171569466590881,0.65625,1,184.70124922175197,9856,8343,0.5294117647058824,0.0006470086658781401,21,32
#,#,1.0,#,#,#,"-0.2937523323204678,6.2798779059513326",#,"-2.8962154143528154,2.62421741805077",#,#,#,#,#,"-1.26939300293823,0.7226612013353197",#,"0.8614778414441523,2.337588742505658",1.0,0.0852316508323596,0.6111111111111112,1,192.0437110797107,9741,8350,0.29411764705882354,0.0006727293173138833,11,18
#,#,#,#,"-6.160280652451897,-1.2688186249360722","-5.32342511488184,2.7267072295446515","-0.22978173427336435,5.399053977836653",#,#,"-2.9697284427628965,0.5148885390662861",#,"-2.4125119750616584,2.965346826612948","-2.298111372984801,1.7879258983171924",#,#,"-2.5034933358065934,2.1225189433888976",#,0.0,0.08791168268995803,0.6149068322981367,1,204.50573996387726,9963,8358,0.4117647058823529,0.0007378447253755591,99,161
#,#,#,#,#,"-5.32342511488184,2.7267072295446515",#,#,#,#,#,#,"-2.298111372984801,1.7879258983171924",#,#,#,"-1.226131424232172,5.016948403268922",0.0,0.0339647918484696,0.508400292184076,1,178.9781108139653,9997,8358,0.17647058823529413,0.0006763972643862703,696,1369
#,0.0,0.0,#,"-5.022644740788682,-1.2688186249360722",#,#,#,"-0.4238558218673598,2.1838650954452774",#,#,"-1.215744055496908,1.7089729553117525",#,#,"-0.6314087110423061,3.276082228109657",#,"0.1939010396080194,3.17589396090194",0.0,0.13168724279835387,0.6666666666666666,1,187.88,9988,8361,0.4117647058823529,0.0006581438331217797,4,6
0.0,0.0,#,#,"-6.160280652451897,-1.2688186249360722","-5.32342511488184,3.1883765903378953","-4.677093338024809,0.8642529632973761","-2.086556898898953,2.9523019064885694",#,#,#,#,"-2.298111372984801,2.547332449345068","-0.5925005810624101,3.8692877160993424",#,#,"0.8759785397613098,4.717068034517926",0.0,0.014458261438686257,0.42857142857142855,1,187.94400000000002,9821,8361,0.5294117647058824,0.0006583680251875654,3,7
#,#,#,#,"-2.1006571200866855,5.111212617529356","-4.326684604277345,3.027468927011802","-0.9408998632565558,6.2798779059513326","-3.0348090532756693,2.004049752111853",#,#,#,#,#,#,"-1.9088429573023866,1.6921781042690305","-1.933512156751823,2.410857164780857",#,1.0,0.04544605040411352,0.5388888888888889,1,175.37169930431952,9986,8371,0.35294117647058826,0.0006566577905967107,388,720
#,#,#,0.0,#,"-3.239104450471593,3.3568286738966764",#,#,"-3.245394883354107,3.6152275190244323",#,#,#,#,#,#,"-2.938319228603314,1.6232801403612744",#,0.0,0.06163379682203423,0.5727482678983834,1,167.2979074717942,9997,8374,0.23529411764705882,0.0005860447418391498,248,433
#,#,#,0.0,"-3.5505724868319133,-0.22962390011917866",#,#,"-2.705357864938452,0.3967237137977504","-5.393047844513039,3.6152275190244323","-4.285920005984353,2.7070962362297895",#,#,#,"-1.5428664423392373,2.357901020091337",#,"-2.938319228603314,1.6232801403612744",#,0.0,0.2994492622121735,0.7857142857142857,2,196.6484800860972,9953,8377,0.4117647058823529,0.001377719655752991,88,112
0.0,#,5.0,#,"-0.4107893573261929,5.111212617529356",#,"-1.6942372639088856,3.0683917803742955","0.05659417638497377,3.5339888143281977",#,"-3.4575509652177208,2.7264949574677315","-4.3947311045682245,-0.4752954340555884",#,#,"-1.3582128940221352,1.786821995661154","-0.689626259013298,2.4166382290434587",#,#,1.0,0.2373046875,0.75,1,217.4623778347352,9514,8382,0.5294117647058824,0.0007617709330845719,15,20
#,#,#,#,"-4.700465497872565,-1.2688186249360722","-4.796314966489763,2.7267072295446515",#,#,#,#,#,#,#,"-0.5925005810624101,3.8692877160993424",#,"-2.5034933358065934,2.1225189433888976","-2.872581965923576,1.1139380973868496",0.0,0.10831276219814122,0.6411149825783972,1,195.7220780047401,9982,8389,0.29411764705882354,0.0006993832542860839,184,287
#,#,#,1.0,"-5.022644740788682,-1.2688186249360722",#,"-3.1801512701428423,0.9534512965935034",#,#,#,#,#,#,#,#,#,#,0.0,0.08687193469415898,0.6134453781512605,1,211.25859607013177,9988,8389,0.17647058823529413,0.0007400390791863012,146,238
#,2.0,5.0,#,"-6.160280652451897,6.984264047598813","-5.32342511488184,2.7267072295446515","-3.9796625782530892,6.2798779059513326",#,#,#,#,#,#,#,#,"-1.933512156751823,2.410857164780857",#,0.0,0.026054256582427524,0.48214285714285715,1,199.62708035908258,9965,8401,0.35294117647058826,0.0006992938676944654,108,224
#,1.0,#,0.0,#,#,"-0.22978173427336435,4.359431728698906",#,#,#,"-3.62254122360945,0.13010995028562689",#,#,"0.040805624015679,1.9911893552309663",#,#,#,0.0,0.03125,0.5,1,172.0,9032,8410,0.29411764705882354,0.0006025161767987338,2,4
#,#,#,0.0,"-4.700465497872565,0.3017144216799241",#,#,"-2.705357864938452,0.3967237137977504",#,#,#,#,#,#,#,"-2.938319228603314,2.3513340437324697",#,0.0,0.19314966327996874,0.7197452229299363,2,191.4551599783788,9953,8410,0.23529411764705882,0.0013413352444018923,113,157
0.0,2.0,#,#,"-0.4107893573261929,5.111212617529356",#,#,"-2.071657847460218,1.6411854828253238",#,"-3.516076790650669,2.7043883160380675","-1.0786270584618407,2.257062873889339",#,"-0.6147528797264763,1.3897182344971433","-4.028093861386719,1.786821995661154",#,#,#,1.0,0.056313514709472656,0.5625,1,190.16365136407458,9979,8413,0.47058823529411764,0.0006661434661974973,54,96
#,#,0.0,1.0,"-0.4107893573261929,5.111212617529356",#,#,"-1.3554958168398166,3.5339888143281977",#,#,#,#,"-1.7832800208283266,2.3544017686778975",#,"-0.02086098465146735,3.3503076687345397","-3.3004197133980506,0.6647336687695136",#,1.0,0.08123088727470104,0.6052631578947368,1,189.0712974586792,9921,8420,0.4117647058823529,0.0006623169493440672,23,38
3.0,#,#,#,#,"-3.5392943012097433,1.727869714443294",#,#,#,#,#,#,"0.11435017558569305,2.5042965040830856",#,"-3.329875770008803,1.1369899906274274","-2.4153020081427257,2.3513340437324697",#,0.0,0.06797159487997843,0.584070796460177,1,187.554215656429,9963,8425,0.29411764705882354,0.0006570026102313769,66,113
#,0.0,#,#,#,#,#,"-3.892082047534725,0.3967237137977504",#,"-1.878276025268764,0.6921042537716231",#,"-2.4125119750616584,2.965346826612948",#,#,#,"-2.938319228603314,1.6232801403612744","-2.0121975970240165,1.5910032294296377",0.0,0.0373208748839,0.5180722891566265,1,181.6374914279833,9997,8425,0.35294117647058826,0.000636276319177333,86,166
#,#,#,#,"-5.164747504292822,-1.2688186249360722",#,"-3.9513927869824554,0.9010971826645593","-3.892082047534725,2.7794733894096524","-5.393047844513039,3.1715331789169623","-2.342936662410499,0.359419364314174",#,#,#,"-3.0953869555605404,3.8692877160993424",#,#,#,0.0,0.12124135504590608,0.6557377049180327,1,212.13617886644155,9982,8428,0.35294117647058826,0.0007431132526238413,120,183
#,#,#,#,#,#,#,#,#,"-1.878276025268764,0.6921042537716231",#,#,#,#,#,"-2.938319228603314,1.6232801403612744",#,0.0,0.03510134079642758,0.5117581187010078,1,184.15376904056762,9997,8439,0.11764705882352941,0.0006487285065453882,457,893
#,0.0,#,0.0,#,"-3.239104450471593,3.3568286738966764",#,"-3.892082047534725,0.3967237137977504","-3.245394883354107,3.6152275190244323",#,#,"-2.4125119750616584,2.965346826612948",#,#,#,"-2.938319228603314,1.6232801403612744","-2.0121975970240165,1.5910032294296377",0.0,0.08881231734115537,0.6161616161616161,2,160.5193625187851,9997,8439,0.47058823529411764,0.0011245989838021904,61,99
#,0.0,#,#,#,#,#,"-4.308669840530996,4.348414082983151",#,#,#,#,#,#,"-0.8779129549474121,3.907421904694893","-3.3004197133980506,1.9215428747451222",#,1.0,0.0474579837951391,0.5435779816513762,1,163.69690558923335,9994,8440,0.23529411764705882,0.0006003132515011761,237,436
#,#,#,#,#,#,#,#,"-3.336908183275525,4.312282503867113",#,#,#,"-1.4942384882579764,2.1511202258607556",#,#,#,"-1.226131424232172,5.016948403268922",0.0,0.03401605136830687,0.5085536547433903,1,178.1897994469348,9997,8442,0.17647058823529413,0.0006720824901221879,654,1286
3.0,0.0,#,1.0,"-5.022644740788682,0.7925113630332825",#,"-0.22978173427336435,6.2798779059513326","-2.611810308846032,0.30542373637832254",#,#,"-3.3880340896773022,2.6500212156556926","-1.225924687117638,0.6982312410459544","-2.705867473988784,1.7879258983171924",#,"-0.7910518790590556,1.3542372640047673",#,#,0.0,0.010240000000000003,0.4,1,191.672512,9465,8442,0.5882352941176471,0.0006714290065561013,4,10
#,#,4.0,#,#,#,#,#,#,#,#,"-2.035191375756273,1.5822217691912805","-2.531645923220931,2.942102119466645","-0.2945186671108828,3.4562192775339",#,"-2.938319228603314,1.6232801403612744","-3.158171280634813,1.978306493245928",0.0,0.026221056655577907,0.4827586206896552,1,164.44791341193567,9953,8453,0.35294117647058826,0.0005760612097179576,28,58
#,#,#,#,"-6.160280652451897,-0.9268081505096428",#,#,"-1.3624322630319072,4.0300306690494745",#,#,"-2.8647337942371616,2.0554088559808283",#,#,#,"0.608346633921923,3.366575532146838","-2.4153020081427257,2.1225189433888976",#,0.0,0.054368024582844836,0.5585585585585585,1,187.50919304535523,9988,8458,0.29411764705882354,0.0006568448959785067,62,111
#,1.0,#,#,"-4.078213230812062,-1.2688186249360722",#,#,#,#,#,#,"-2.4125119750616584,2.965346826612948","-2.298111372984801,1.7879258983171924",#,#,"-2.5034933358065934,1.6232801403612744","-0.6710734212603087,2.012161236737094",0.0,0.09161328319999999,0.62,1,178.66071208173267,9938,8458,0.35294117647058826,0.0006258486580675868,31,50
#,#,#,#,"-5.022644740788682,-1.2688186249360722","-5.32342511488184,2.7267072295446515",#,#,#,#,#,#,#,"-0.5925005810624101,3.8692877160993424","-0.6314087110423061,6.530833662829208",#,"0.1939010396080194,4.717068034517926",0.0,0.07453389774543417,0.5949367088607594,1,205.70614071089693,9852,8462,0.29411764705882354,0.0007205888223555348,47,79
#,#,#,#,"-4.700465497872565,0.7925113630332825",#,#,"-3.892082047534725,0.3967237137977504",#,"-4.285920005984353,0.6921042537716231",#,"-3.4501981173683713,0.9368773988446197",#,#,#,"-2.938319228603314,2.3513340437324697","-2.548039005488002,1.5910032294296377",0.0,0.07565850286412752,0.5967213114754099,1,205.04428282519308,9971,8475,0.35294117647058826,0.0007182703335015907,182,305
#,#,#,#,#,#,#,"-0.9652680984842757,1.2447576933523563","-0.7797358526259717,1.1498588251839936","-3.516076790650669,2.7043883160380675",#,#,"-0.6147528797264763,1.3897182344971433","-4.028093861386719,1.786821995661154",#,#,#,0,0.036447674967348576,0.515625,1,176.7254977787649,9982,8479,0.29411764705882354,0.0006190696003750846,132,256
#,#,#,#,#,"-5.32342511488184,2.7267072295446515",#,#,#,#,#,#,#,"-0.5925005810624101,3.8692877160993424",#,"-2.5034933358065934,2.564884907134375","-6.100525769580228,4.717068034517926",0.0,0.02799160981326947,0.4891089108910891,1,172.08126539486534,9982,8486,0.23529411764705882,0.0006386478009606892,494,1010
#,#,#,#,#,#,#,"-3.910331139284657,1.2447576933523563","-3.245394883354107,1.1498588251839936","-5.525487379311076,2.7043883160380675","-3.85262133766207,2.340681465229291",#,"-0.6147528797264763,1.7879258983171924",#,#,#,#,0.0,0.04724509810899614,0.5430894308943089,1,170.61651071325855,9997,8492,0.29411764705882354,0.0006306124813288258,334,615
#,#,#,#,"-0.4107893573261929,5.111212617529356",#,"-2.4766961858663654,0.03940972432097545","0.05659417638497377,3.5339888143281977",#,#,#,#,"-1.7832800208283266,3.13602294911382","-1.3582128940221352,1.7173922205865868","-0.689626259013298,2.4166382290434587",#,#,1.0,0.1388425122076295,0.6737588652482269,1,172.15895426719356,9979,8505,0.35294117647058826,0.000603072993760102,95,141
#,#,#,#,"-0.4107893573261929,5.111212617529356",#,#,#,#,"-5.676503676162292,-1.0540525778174574",#,#,#,"-1.3582128940221352,1.7173922205865868","-1.7583867987231487,2.8386613649850423","-3.3004197133980506,0.6647336687695136","-3.720275524746478,-0.8070493246350128",1.0,0.049594799370753236,0.5483870967741935,1,169.94483791059696,9973,8505,0.35294117647058826,0.0005953169418870546,17,31
#,2.0,#,1.0,"-2.1006571200866855,5.111212617529356",#,#,#,#,#,#,#,#,"-3.30718569763531,0.4435522470094726",#,#,#,1.0,0.05292214940134466,0.5555555555555556,1,193.99512738665706,9961,8507,0.23529411764705882,0.0006918213670482378,165,297
#,#,#,#,#,#,#,"-3.8011476741265455,2.29852351134256",#,#,#,#,"-2.298111372984801,2.1511202258607556","-2.1550556005261043,3.4794152390174493",#,#,"-1.226131424232172,5.016948403268922",0.0,0.03359664168611927,0.5072933549432739,1,178.97811108098597,9997,8508,0.23529411764705882,0.0006763972658477916,626,1234
#,#,#,#,#,"-5.32342511488184,3.457607096413822",#,#,"-3.336908183275525,4.312282503867113",#,#,"-1.1908299782204113,2.965346826612948",#,#,#,#,#,0.0,0.030654098356713035,0.4980784012298232,1,180.7507657912876,9988,8508,0.17647058823529413,0.0006860997834607568,648,1301
#,2.0,5.0,#,"-0.4107893573261929,5.111212617529356",#,"1.8021506250161519,6.2053359678439985",#,"-0.7797358526259717,1.1498588251839936","-3.516076790650669,2.7043883160380675",#,#,#,"-4.028093861386719,1.786821995661154",#,"-2.856290098326602,0.8885769848316527",#,1.0,0.06754356352880661,0.5833333333333334,2,224.68621312,9369,8521,0.47058823529411764,0.001574152071028464,7,12
#,2.0,#,#,"-6.160280652451897,0.3017144216799241",#,#,"-3.910331139284657,0.06771528602128085","-3.245394883354107,4.312282503867113","-5.525487379311076,4.726970732687057","-3.85262133766207,2.340681465229291",#,"-2.298111372984801,1.7879258983171924","-1.321529330127873,3.4794152390174493",#,"-2.6418220671452035,1.6232801403612744",#,0.0,0.16356033485884772,0.6962025316455697,2,219.70297519081828,9889,8525,0.5294117647058824,0.00153923949585208,110,158
3.0,2.0,#,#,"-6.160280652451897,0.3017144216799241",#,#,"-3.910331139284657,0.3967237137977504","-3.245394883354107,3.6152275190244323","-5.525487379311076,4.726970732687057","-3.85262133766207,2.340681465229291",#,"-2.298111372984801,1.7879258983171924",#,#,"-2.938319228603314,1.6232801403612744",#,0.0,0.09281764811892691,0.6216216216216216,1,196.88790587395442,9963,8529,0.5294117647058824,0.000689698536657465,23,37
#,0.0,1.0,#,"-0.4107893573261929,5.111212617529356",#,"-2.4766961858663654,0.03940972432097545","0.05659417638497377,3.5339888143281977",#,#,#,#,#,#,#,#,#,1.0,0.18593443208187066,0.7142857142857143,1,214.616,9761,8536,0.29411764705882354,0.0007518000686037038,5,7
#,#,#,1.0,"-1.7112614627920495,3.0487648448295364",#,#,#,"-2.8962154143528154,2.620117295346995",#,#,#,"-1.7832800208283266,3.13602294911382","-1.3582128940221352,1.7173922205865868","-0.689626259013298,2.4166382290434587",#,#,1.0,0.07435746952904411,0.5946547884187082,1,200.84018739233753,9972,8536,0.35294117647058826,0.0007035433828789097,267,449
#,#,#,#,#,#,#,#,#,#,#,#,#,"-0.5925005810624101,3.8692877160993424","-0.6314087110423061,3.276082228109657",#,#,0.0,0.019905769215625105,0.4568733153638814,1,172.63820130618257,9982,8542,0.11764705882352941,0.0006394649616102105,339,742
#,#,#,0.0,#,#,"-4.677093338024809,0.8642529632973761","-0.9652680984842757,1.2447576933523563",#,"-3.516076790650669,3.131493108516378",#,#,"0.11435017558569305,1.3897182344971433",#,#,#,#,0,0.044483005273062606,0.5365853658536586,1,184.62841882237942,9971,8547,0.29411764705882354,0.0006467535409142757,44,82
#,#,#,1.0,"-0.4107893573261929,5.111212617529356",#,#,"-1.3554958168398166,3.9763747579164734",#,"0.2471405847121082,2.522808817743411",#,#,#,#,"-2.044719663877573,3.3503076687345397","-1.9058092998400178,0.6647336687695136",#,1.0,0.11976724462545654,0.6541353383458647,1,175.68213591988857,9952,8552,0.35294117647058826,0.0006527935942110498,87,133
#,2.0,4.0,0.0,"-4.839353059769236,1.5811475412087175",#,"-1.9067340785415006,2.676173115014013","-3.910331139284657,2.7794733894096524","-3.245394883354107,4.312282503867113","-2.6169804767964457,0.8676365050327368",#,"-2.035191375756273,1.5822217691912805","-2.531645923220931,2.942102119466645","-3.0953869555605404,3.4794152390174493",#,"-2.6418220671452035,1.7094917474174398",#,0.0,0.03125,0.5,1,206.4205513326592,9929,8559,0.7058823529411765,0.0007230914034979104,9,18
2.0,#,#,#,"-4.700465497872565,-1.2688186249360722","-3.239104450471593,2.3262009245580315",#,#,"-0.44403000854895813,4.771411826076317",#,"-2.20417625758114,1.6318671646227172","0.37447338676529573,0.6074072538671866",#,#,#,"-2.5139623978995838,-0.5313857068158017",#,0.0,0.1,1.0,1,181.75,8577,8577,0.4117647058823529,0.000636670436820755,0,0
#,#,#,#,"-5.164747504292822,-1.2688186249360722",#,#,"-3.892082047534725,2.7794733894096524","-5.393047844513039,3.1715331789169623","-2.342936662410499,0.359419364314174",#,#,#,"-3.0953869555605404,3.8692877160993424",#,"-3.03177335124054,-0.5351952958017034",#,0.0,0.11083015098357983,0.6440677966101694,1,213.182745644818,9852,8577,0.35294117647058826,0.0007467793771242597,38,59
#,#,#,1.0,#,#,"-2.4938486298100324,4.155859847113654","-1.1200996070138851,1.9739365015574002","-2.8962154143528154,2.62421741805077","-3.4575509652177208,2.7264949574677315",#,#,#,#,#,#,#,1.0,0.05326336135473688,0.5562700964630225,1,186.69655199692176,9973,8581,0.29411764705882354,0.0007186436821951442,346,622
#,0.0,#,1.0,"1.7843362461298131,5.111212617529356",#,#,"-4.308669840530996,4.348414082983151","-2.8962154143528154,2.620117295346995",#,#,#,"-1.869208291078781,3.40025315036931",#,#,#,"-0.8797523063113197,1.3434992674579562",1.0,0.2103677435165825,0.7321428571428571,1,198.98131980085395,9921,8581,0.4117647058823529,0.0006970317677952134,41,56
#,2.0,#,#,"-6.160280652451897,1.3892877638596568",#,#,"-3.910331139284657,0.06771528602128085","-3.245394883354107,4.312282503867113","-5.525487379311076,4.726970732687057","-3.85262133766207,2.340681465229291",#,"-2.298111372984801,1.7879258983171924","-1.321529330127873,3.4794152390174493",#,"-2.6418220671452035,1.6232801403612744",#,0.0,0.09335553290956458,0.6223404255319149,1,210.96087459542323,9939,8586,0.5294117647058824,0.0007389961605543694,117,188
0.0,#,2.0,0.0,"-6.160280652451897,1.4779010969873934","-3.2713528628214896,3.3568286738966764","-4.677093338024809,0.8642529632973761",#,#,"-1.4198433575462284,2.5308311762293862",#,#,#,"-2.3407918622126385,1.786821995661154",#,#,"-3.158171280634813,3.17589396090194",0.0,0.12460896543645054,0.6593406593406593,1,225.3846173636283,9877,8590,0.5294117647058824,0.0007895225462975514,60,91
#,2.0,#,1.0,"-2.1006571200866855,5.111212617529356","-4.326684604277345,5.50067662761075",#,#,"-1.7888487497090786,2.62421741805077",#,#,"-2.4578041292119295,1.7753389127479737",#,#,"-0.689626259013298,3.907421904694893",#,#,1,0.09172788574157907,0.6201550387596899,2,200.03155008348295,9952,8596,0.4117647058823529,0.0014014214511095882,160,258
#,#,#,#,#,"-0.2633896536699307,3.027468927011802","-1.73969877905602,6.2798779059513326","-2.6146146749256713,1.3634317503802666","-1.7888487497090786,2.62421741805077","-1.5252473540424043,3.0472727684913985","-1.0168381347111326,3.2361665290366215",#,#,"-1.3582128940221352,1.7173922205865868","0.011978598279882569,2.4166382290434587",#,#,1.0,0.04265868641325416,0.5321100917431193,1,193.78821830675224,9986,8596,0.47058823529411764,0.0006788403279233881,58,109
#,#,#,#,"-2.750808610630109,4.444579993914149","-5.32342511488184,3.457607096413822",#,#,"-5.393047844513039,4.312282503867113",#,#,#,#,"-1.5428664423392373,3.8692877160993424",#,"-2.6418220671452035,1.6232801403612744",#,0.0,0.02569897269554707,0.4808206958073149,1,170.6525425418427,9997,8604,0.29411764705882354,0.0006308277734251861,539,1121
#,#,#,#,"1.7843362461298131,5.111212617529356",#,#,#,#,#,#,"-2.878286081891644,1.123958248688628",#,#,"-2.044719663877573,1.3542372640047673",#,#,1.0,0.11258146456106359,0.6460905349794238,1,162.54533643832957,9979,8607,0.17647058823529413,0.0005693964806237573,157,243
#,#,#,#,#,#,"-2.4938486298100324,4.155859847113654",#,"-2.8962154143528154,2.620117295346995",#,#,#,"-1.869208291078781,3.13602294911382","-4.595402840626736,0.5806155229830652",#,#,#,1.0,0.030756068960117483,0.4984093319194062,1,205.23207822529778,9994,8607,0.23529411764705882,0.0007410251799710078,470,943
#,#,#,0.0,"-5.164747504292822,-1.2688186249360722",#,#,"-3.892082047534725,2.7794733894096524","-5.393047844513039,3.1715331789169623",#,#,#,#,"-3.0953869555605404,3.8692877160993424",#,#,"-1.790174723356757,1.4297068662401253",0.0,0.19001178639019078,0.717391304347826,1,212.4353781724589,9982,8615,0.35294117647058826,0.000744161348100367,66,92
#,#,4.0,0.0,"-4.612100267384468,-1.5125482531192485",#,#,#,#,#,"-2.0511599001392593,2.3700158392505832",#,"-2.531645923220931,2.942102119466645","-1.6627380995474963,3.498908254904805",#,#,#,0.0,0.056313514709472656,0.5625,1,216.669419098112,9773,8622,0.35294117647058826,0.0007589931978150988,9,16
#,0.0,1.0,1.0,"-0.4107893573261929,5.111212617529356",#,#,"-0.9347571388115801,3.5339888143281977","-2.8962154143528154,2.620117295346995",#,#,#,#,#,#,#,#,1.0,0.3109652044351208,0.7916666666666666,1,187.85908254763186,9885,8632,0.35294117647058826,0.000658070559264633,19,24
#,0.0,#,#,#,#,"-2.4938486298100324,4.155859847113654",#,#,"-3.4575509652177208,2.7264949574677315",#,#,"-1.869208291078781,3.40025315036931","-2.7936105249410645,1.7822897675255702",#,#,#,1.0,0.04382974158437501,0.535,2,174.75004726176158,9994,8632,0.29411764705882354,0.0012242991903669144,214,400
#,2.0,#,#,#,"-3.3232068569665527,0.552630814929078","-3.9796625782530892,2.041019421123762",#,#,#,#,"-0.5026133535617396,1.4215425746018526",#,#,#,#,#,0.0,0.022724424250973346,0.4691358024691358,1,195.7896519440359,9970,8636,0.23529411764705882,0.0006858513520120657,114,243
#,#,#,0.0,"-5.022644740788682,1.4779010969873934","-5.297340419429549,3.3568286738966764",#,#,"-3.336908183275525,4.276876993509271",#,"-3.913737157929171,1.453796831691134",#,#,#,"-1.9277087851780337,1.1369899906274274","-2.938319228603314,1.6232801403612744",#,0.0,0.09000014316734804,0.6178010471204188,1,199.34840311392696,9982,8636,0.4117647058823529,0.000698317661018233,118,191
#,#,#,#,#,#,#,"-2.6146146749256713,-0.2631515731690566","-1.7888487497090786,2.62421741805077",#,"-1.0168381347111326,3.2361665290366215",#,"-0.3015486712262394,3.4761084286567354",#,#,#,#,0,0.05373507041574527,0.5572519083969466,1,167.23371108072303,9997,8639,0.23529411764705882,0.0005858198618152401,146,262
2.0,#,#,#,"-0.5207635278269369,3.4643747762283446",#,#,"0.05659417638497377,4.84993360364",#,#,"-3.0380627564110596,2.465825631968387",#,#,"-3.089518583356625,1.8491294881919278","-1.146105905326503,3.907421904694893","-2.938319228603314,1.9215428747451222",#,0,0.02094302882090425,0.46153846153846156,1,186.65584874704285,9970,8640,0.4117647058823529,0.0006538556300243662,12,26
#,#,#,1.0,"-5.022644740788682,-2.107580708787543",#,"-3.1801512701428423,0.9534512965935034",#,#,#,#,#,#,"-1.321529330127873,3.4794152390174493",#,"-1.5738845359587559,1.6232801403612744",#,0.0,0.13465305267540978,0.6696428571428571,1,204.29753451664283,9988,8657,0.29411764705882354,0.000715654473409157,75,112
#,#,#,#,"-5.022644740788682,-1.2688186249360722","-3.0109748778067305,1.1630041534654876",#,"-3.1175488901707165,3.158924358645318",#,#,#,"-2.4125119750616584,2.965346826612948",#,#,#,#,#,0.0,0.11865964913436226,0.6529209621993127,1,210.76955982402646,9988,8657,0.23529411764705882,0.00076527243463641,190,291
#,#,#,#,"-1.7551451188382274,3.0487648448295364",#,#,#,"-2.8962154143528154,2.620117295346995","-0.7581254772598526,1.8020012849003635",#,#,#,"-4.028093861386719,1.786821995661154","-0.689626259013298,2.4166382290434587",#,#,1.0,0.05864819000988355,0.5670886075949367,1,191.3685155683394,9979,8660,0.29411764705882354,0.0006703641067435165,224,395
#,#,#,1.0,"-1.7112614627920495,5.111212617529356","-1.5421714183757262,3.82437305040284",#,#,#,"-1.6138868212407878,2.4396472188462215",#,#,"-1.7832800208283266,3.13602294911382",#,"-0.6366717984937571,2.4166382290434587","-3.3004197133980506,0.6647336687695136",#,1.0,0.07346494597185316,0.5932203389830508,1,182.46933075789687,9961,8660,0.4117647058823529,0.0006391902532050676,175,295
#,2.0,5.0,#,"-0.4107893573261929,5.111212617529356",#,#,"-3.6402286894865883,4.917482874018337","-0.7797358526259717,1.1498588251839936","-3.516076790650669,2.7043883160380675",#,#,#,"-4.028093861386719,1.786821995661154","-2.1741915836338146,1.1203596003570562",#,#,1.0,0.09381424937119162,0.6229508196721312,1,216.55276270401257,9913,8663,0.47058823529411764,0.0007585845503466574,38,61
#,#,5.0,1.0,#,#,#,#,#,#,"-2.385956962247954,1.6168709565734614",#,"-0.8611848327552905,3.13602294911382",#,#,#,#,1.0,0.02832247185944016,0.4902597402597403,1,167.01633560434652,9973,8663,0.23529411764705882,0.000614848209944904,151,308
#,#,#,0.0,"-4.700465497872565,0.3017144216799241",#,#,"-6.26731687353352,0.3967237137977504",#,"-4.285920005984353,0.6921042537716231",#,#,#,#,#,"-2.938319228603314,1.6232801403612744",#,0.0,0.19075113096875485,0.717948717948718,1,198.88040966165477,9953,8665,0.29411764705882354,0.0006966782794738732,56,78
#,#,#,0.0,"-4.700465497872565,0.3017144216799241",#,#,"-2.705357864938452,0.3967237137977504","-5.393047844513039,3.6152275190244323",#,#,#,#,#,#,"-2.938319228603314,2.3513340437324697",#,0.0,0.17405764484871927,0.7049180327868853,1,191.45515997836756,9953,8665,0.29411764705882354,0.0006706676222009068,86,122
#,2.0,#,#,"-5.022644740788682,1.4779010969873934","-5.297340419429549,0.8642476743532486",#,#,#,#,"-3.913737157929171,2.340681465229291",#,"-2.298111372984801,1.7879258983171924","-1.321529330127873,3.4794152390174493",#,#,#,0.0,0.06619543200913586,0.5809859154929577,1,207.62796415664693,9982,8671,0.35294117647058826,0.0007515161685713157,165,284
#,#,#,#,#,"-5.32342511488184,2.7267072295446515",#,#,"-3.336908183275525,4.312282503867113",#,#,"-1.1908299782204113,2.965346826612948",#,#,#,#,#,1,0.03534882145817933,0.5124777183600713,1,180.7507659080481,9994,8672,0.17647058823529413,0.0006860997840998382,575,1122
#,#,#,#,#,"-5.32342511488184,3.457607096413822",#,#,#,#,#,"-1.1908299782204113,2.965346826612948",#,#,#,#,#,0.0,0.027901358436403276,0.48879310344827587,1,180.75079073572692,9988,8672,0.11764705882352941,0.0006860999199926266,567,1160
3.0,2.0,#,0.0,#,"-5.297340419429549,0.8642476743532486",#,#,#,"-1.878276025268764,0.6921042537716231",#,#,"0.11435017558569305,2.5042965040830856",#,"-3.329875770008803,1.1369899906274274","-2.938319228603314,1.6232801403612744",#,0.0,0.014458261438686257,0.42857142857142855,1,180.11200000000002,9154,8677,0.47058823529411764,0.0006309325211370556,3,7
3.0,2.0,#,#,"-5.022644740788682,1.4779010969873934",#,"-3.9796625782530892,2.041019421123762",#,"-3.336908183275525,4.276876993509271",#,"-3.913737157929171,1.453796831691134","-1.732392244444749,2.1159196118824353",#,#,#,#,#,0.0,0.03125,0.5,1,161.32353063488083,9963,8677,0.4117647058823529,0.0005651164936383826,41,82
#,#,#,1.0,"-0.4107893573261929,5.111212617529356",#,#,"-1.3554958168398166,3.5339888143281977",#,#,"-2.1500157959796753,1.435850881297843",#,"-1.7832800208283266,2.3544017686778975",#,"-0.02086098465146735,3.3503076687345397","-3.3004197133980506,0.6647336687695136",#,1.0,0.12930166754733288,0.6642335766423357,1,189.9766466324059,9973,8679,0.4117647058823529,0.0006654883884302398,91,137
#,#,#,1.0,"-0.1607863234841833,4.931334842808677",#,"-3.788878788609802,2.0520813600393826","-4.308669840530996,4.348414082983151",#,#,#,#,#,#,#,"-3.3004197133980506,0.6647336687695136","-0.8797523063113197,1.3434992674579562",1.0,0.06995715880977578,0.5874439461883408,1,175.24457389113132,9952,8682,0.35294117647058826,0.0006508776189154168,131,223
#,#,#,#,"-0.4107893573261929,5.111212617529356","-5.32342511488184,2.7267072295446515",#,"-0.9347571388115801,3.5339888143281977","-3.336908183275525,4.312282503867113",#,#,#,#,#,#,#,#,1,0.09039970077917053,0.618348623853211,1,154.784248051673,9979,8692,0.23529411764705882,0.0005612869408569372,337,545
#,#,#,0.0,"-4.700465497872565,0.3017144216799241",#,#,#,#,"-1.8406124410555331,0.6921042537716231",#,#,#,#,#,#,#,0.0,0.14829450103977332,0.6826923076923077,2,206.4074888081944,9982,8694,0.17647058823529413,0.0014460912909225665,71,104
#,#,4.0,0.0,"-4.700465497872565,0.3017144216799241",#,#,"-2.705357864938452,0.3967237137977504","-5.393047844513039,3.6152275190244323","-4.285920005984353,-2.200826275547657",#,#,#,#,#,"-2.938319228603314,2.3513340437324697",#,0.0,1.0,1.0,1,192.0,8694,8694,0.4117647058823529,0.0006725761973567262,1,1
#,#,#,#,"-5.022644740788682,0.7925113630332825",#,#,#,"-2.7257897114080802,1.5038377501252613",#,#,#,#,"-1.321529330127873,3.4794152390174493",#,"-1.5738845359587559,2.3513340437324697","-4.210836634568473,1.30896037616904",0.0,0.08926489715715898,0.6167883211678832,2,202.65254691626757,9988,8697,0.29411764705882354,0.0014594601078744352,338,548
#,0.0,#,1.0,#,#,#,#,"-1.7888487497090786,2.620117295346995",#,#,"-3.2513279711390553,-0.1726784860773074",#,#,"-0.02086098465146735,3.2714818065869467","-3.3004197133980506,2.6787821132132352","-8.780854370825324,2.360568520026181",1.0,0.06828907024910248,0.5846153846153846,1,167.74835624822384,9921,8699,0.4117647058823529,0.000587622664365999,38,65
#,#,#,#,"-0.4107893573261929,5.111212617529356",#,#,#,"-3.336908183275525,4.312282503867113",#,#,"-1.1908299782204113,2.965346826612948",#,#,#,#,#,1.0,0.07578649894864053,0.5969230769230769,1,162.71662356668645,9986,8707,0.17647058823529413,0.0005960208403354096,388,650
#,#,#,1.0,#,#,#,#,#,#,"-2.385956962247954,1.6168709565734614",#,"-0.8611848327552905,3.13602294911382",#,#,#,#,1.0,0.036511194775851595,0.5158045977011494,1,179.89841447968377,9973,8716,0.17647058823529413,0.0006814344904596946,359,696
#,#,#,0.0,#,"-3.239104450471593,3.3568286738966764","-2.3182914074059036,0.7369800549644392",#,"-3.245394883354107,3.6152275190244323","-4.285920005984353,0.6921042537716231","-1.464012587668637,0.9543626132859682",#,#,#,#,"-2.938319228603314,1.6232801403612744","-3.158171280634813,3.3887516467802206",0.0,0.0585657726676438,0.5669291338582677,1,173.91416238903355,9971,8720,0.47058823529411764,0.0006092214896150851,72,127
#,#,#,0.0,#,"-3.239104450471593,3.3568286738966764",#,"-2.8199507355265023,1.2464967214529015",#,#,#,#,#,#,#,#,#,0.0,0.05311348018284613,0.555956678700361,1,167.5620853471922,9997,8720,0.17647058823529413,0.0005869701572082174,154,277
#,#,#,#,"-5.022644740788682,-1.2688186249360722",#,#,#,#,#,"-3.913737157929171,2.340681465229291",#,#,"-1.321529330127873,3.8692877160993424",#,#,#,0.0,0.12615496345643593,0.6609686609686609,1,210.11393911499303,9988,8724,0.17647058823529413,0.0007624016346143395,232,351
#,#,#,#,"-5.022644740788682,-1.2688186249360722",#,#,#,#,#,"-3.913737157929171,2.340681465229291",#,"-0.9445022555750137,1.985109372905661","-1.321529330127873,3.8692877160993424",#,#,#,0.0,0.15514789954105912,0.6888888888888889,1,202.37492083466972,9988,8732,0.23529411764705882,0.0007285143983757064,186,270
0.0,0.0,#,1.0,#,#,#,#,"-1.7888487497090786,2.620117295346995","-1.6790365344574671,3.014529196169596",#,#,#,#,"-0.02086098465146735,3.3503076687345397",#,"-8.780854370825324,2.360568520026181",1.0,0.06205524171514277,0.5735294117647058,1,183.85801521711352,9921,8733,0.4117647058823529,0.0006440548162931317,39,68
#,#,2.0,0.0,#,"-3.239104450471593,3.3568286738966764","-2.3182914074059036,0.7369800549644392",#,"-3.245394883354107,3.6152275190244323","-4.285920005984353,0.6921042537716231","-1.464012587668637,0.9543626132859682",#,#,#,#,"-2.938319228603314,1.6232801403612744","-3.158171280634813,3.3887516467802206",0.0,0.08825375108068294,0.6153846153846154,1,189.3957125311167,9971,8735,0.5294117647058824,0.0006634533756762818,56,91
#,#,#,#,"-0.4107893573261929,5.111212617529356",#,#,#,#,#,"-1.0786270584618407,2.257062873889339",#,"-0.6147528797264763,3.13602294911382","-4.595402840626736,1.786821995661154","-2.044719663877573,1.3542372640047673",#,#,1.0,0.0652659473493273,0.5793450881612091,1,174.9157568995939,9986,8744,0.29411764705882354,0.0006127300762151166,230,397
3.0,#,#,0.0,"-5.164747504292822,-1.2688186249360722",#,#,"-3.892082047534725,2.7794733894096524",#,#,"-2.424990729102196,2.9121131626596912",#,#,#,#,#,#,0.0,0.3540925979614258,0.8125,2,207.580092317696,9906,8746,0.29411764705882354,0.0014543065535207722,13,16
3.0,#,#,0.0,#,#,#,#,"-5.393047844513039,3.1715331789169623","-1.878276025268764,2.5308311762293862",#,"-1.732392244444749,2.1159196118824353",#,"-3.0953869555605404,3.8692877160993424",#,"-2.938319228603314,1.6232801403612744",#,0.0,0.07204491900081343,0.5909090909090909,1,163.8160078069531,9906,8746,0.4117647058823529,0.0005738476437341681,39,66
#,#,#,#,"-4.700465497872565,0.7925113630332825",#,#,#,"-2.7257897114080802,1.5038377501252613",#,#,#,#,#,#,"-2.938319228603314,2.3513340437324697",#,0.0,0.07191158482578289,0.5906902086677368,1,204.37097794423326,9988,8754,0.17647058823529413,0.0007372546360088906,368,623
#,#,#,1.0,#,#,#,"-4.308669840530996,4.348414082983151",#,#,#,"-0.821269315541237,2.2573801695205105",#,#,"-0.8779129549474121,3.907421904694893","-3.3004197133980506,1.9215428747451222",#,1.0,0.048707117521551845,0.5464098073555166,1,183.88691926253017,9994,8756,0.29411764705882354,0.0007032653285129658,312,571
#,#,#,#,"-5.022644740788682,-1.2688186249360722","-5.32342511488184,2.7267072295446515",#,#,"-2.7257897114080802,1.5038377501252613",#,#,#,#,"-1.321529330127873,3.8692877160993424",#,#,#,0.0,0.14680859619069647,0.6813186813186813,1,209.33626193383776,9988,8761,0.23529411764705882,0.0007589963796581382,186,273
#,2.0,#,#,"1.7843362461298131,5.111212617529356",#,"-2.5820935030516297,2.9892838695060537",#,"-0.7797358526259717,1.1498588251839936","-3.516076790650669,2.7043883160380675","-1.0786270584618407,2.257062873889339",#,#,#,#,#,#,1.0,0.10644534557634333,0.6388888888888888,1,177.20556491189123,9979,8763,0.35294117647058826,0.000620751276035887,46,72
#,2.0,#,#,"-0.4107893573261929,5.111212617529356",#,"-2.2426381766558765,2.879434569082639","-4.2936914487764355,2.3363859267334615","-0.7797358526259717,1.1498588251839936",#,#,#,"-1.869208291078781,1.3897182344971433","-4.028093861386719,1.786821995661154",#,#,#,1.0,0.0946929829227794,0.624113475177305,1,167.64102613541172,9979,8763,0.4117647058823529,0.0005872466868704935,88,141
#,#,#,#,"-6.160280652451897,0.7925113630332825",#,#,"-2.705357864938452,1.803094750408278",#,"-3.841008677872386,1.208130214165817",#,#,#,#,"-2.419134616802306,0.18585934263233672","-2.938319228603314,2.3513340437324697",#,0.0,0.06817245642686091,0.5844155844155844,1,187.84809717390735,9963,8764,0.29411764705882354,0.0006649050506059976,180,308
#,#,#,#,"-4.700465497872565,0.7925113630332825",#,#,#,#,"-4.285920005984353,0.6921042537716231",#,"-1.1908299782204113,3.4175621633320077",#,#,#,#,#,0.0,0.04940846971541906,0.5479744136460555,1,184.91806137020345,9982,8764,0.17647058823529413,0.0006520751525658008,257,469
#,#,#,0.0,"-4.700465497872565,0.3017144216799241",#,#,"-2.705357864938452,0.3967237137977504",#,"-1.8406124410555331,0.22171189512908496",#,"-1.9275388794323378,2.7674015852868274",#,#,#,"-2.938319228603314,2.3513340437324697",#,0.0,0.21208362139917689,0.7333333333333333,1,216.60432496987076,9929,8776,0.35294117647058826,0.0007587651730169596,33,45
0.0,#,#,1.0,"-0.1607863234841833,4.931334842808677","-4.326684604277345,2.128860930413981",#,"-4.308669840530996,4.348414082983151","-4.046223253782981,2.5733759978567914","2.7264949574677315,3.3784478820683255",#,#,#,#,#,#,#,1,0.06092699470458736,0.5714285714285714,1,175.416,9558,8780,0.4117647058823529,0.0006144824283100389,4,7
#,#,#,1.0,#,#,"-3.788878788609802,2.0520813600393826","-4.308669840530996,1.7859949149971985","-2.591917357589394,1.1190701016632052",#,#,#,#,#,#,"-3.3004197133980506,0.6647336687695136","-0.8797523063113197,1.3434992674579562",1.0,0.023456175628903744,0.4721189591078067,1,192.0999464932699,9994,8780,0.35294117647058826,0.0007246831033540697,127,269
#,#,#,0.0,"-4.700465497872565,0.3017144216799241",#,#,#,#,"-1.8406124410555331,0.6921042537716231",#,#,#,#,#,"0.2552836923737025,3.4861494111769025",#,0.0,0.1148279438394322,0.6486486486486487,1,208.66434863416657,9982,8781,0.23529411764705882,0.0007309514277514892,24,37
#,#,4.0,0.0,"-4.612100267384468,-1.5125482531192485",#,#,#,#,#,"-2.0511599001392593,2.3700158392505832",#,"-2.531645923220931,2.942102119466645","-1.6627380995474963,3.498908254904805",#,#,#,1,0.022132674897119342,0.4666666666666667,1,217.92784451584,9934,8781,0.35294117647058826,0.0007634014633469351,7,15
#,#,#,#,"-5.022644740788682,0.7925113630332825",#,#,#,"-3.561515621570299,0.04917487932412179",#,#,#,#,"-0.5925005810624101,3.4794152390174493",#,"-1.5738845359587559,2.3513340437324697","-4.210836634568473,1.30896037616904",0.0,0.07569203348887295,0.5967741935483871,1,184.603935746666,9965,8786,0.29411764705882354,0.0006466677766748855,148,248
3.0,0.0,#,0.0,#,"-3.239104450471593,3.3568286738966764",#,#,"-3.245394883354107,3.6152275190244323","-4.285920005984353,0.6921042537716231",#,#,"0.11435017558569305,2.8455020228651424",#,#,#,#,0.0,0.007415771484375,0.375,1,156.98719999999997,9800,8802,0.4117647058823529,0.0005499263229670824,3,8
#,2.0,5.0,#,"1.7843362461298131,5.111212617529356",#,"-2.2426381766558765,2.879434569082639","-4.2936914487764355,2.3363859267334615","-0.7797358526259717,1.1498588251839936","-3.516076790650669,2.7043883160380675",#,#,"-1.869208291078781,1.3897182344971433",#,#,#,#,1.0,0.11602906250000002,0.65,1,226.23403484308437,9913,8803,0.47058823529411764,0.0007924980566012019,13,20
#,0.0,#,#,"-5.022644740788682,0.7925113630332825",#,#,#,"-2.7257897114080802,1.5038377501252613","-1.8406124410555331,0.6921042537716231",#,#,#,#,#,"-1.5738845359587559,2.3513340437324697",#,0.0,0.0478857813921108,0.5445544554455446,2,192.4073274271464,9971,8806,0.29411764705882354,0.0013480061315054234,55,101
#,2.0,#,1.0,"-0.4107893573261929,5.111212617529356",#,#,"-1.3554958168398166,3.9763747579164734",#,"0.2471405847121082,2.522808817743411",#,#,#,#,"-2.044719663877573,3.3503076687345397","-1.9058092998400178,0.6647336687695136",#,1,0.17405764484871927,0.7049180327868853,3,201.7905828562527,9952,8816,0.4117647058823529,0.002120617857497747,43,61
#,#,#,#,#,"-5.32342511488184,2.7267072295446515",#,#,"-3.336908183275525,4.312282503867113",#,#,"-2.40309194587053,3.1384771272406153",#,#,#,#,#,1.0,0.03339354693982327,0.5066785396260017,1,178.5321224660608,9994,8816,0.17647058823529413,0.000673956174321988,569,1123
#,#,#,#,"-5.022644740788682,0.7925113630332825",#,"-4.206064199770359,1.6348959488788255","-1.783882379643908,2.19416404566203",#,"-1.8406124410555331,0.6921042537716231",#,#,#,"-1.321529330127873,3.4794152390174493",#,#,"-4.210836634568473,1.30896037616904",0.0,0.05515484006725987,0.5601659751037344,1,207.86657463973407,9982,8827,0.35294117647058826,0.0007281568246289605,135,241
#,0.0,#,#,"-4.700465497872565,0.3017144216799241",#,#,#,#,"-1.8406124410555331,0.6921042537716231",#,#,#,#,#,#,#,0.0,0.037360342810662465,0.5181818181818182,1,186.42534448406326,9852,8827,0.17647058823529413,0.0006530481733542134,57,110
#,0.0,#,1.0,#,#,"-2.4938486298100324,4.155859847113654",#,"-2.8962154143528154,2.62421741805077",#,#,"-2.878286081891644,1.123958248688628",#,"-1.3582128940221352,1.7173922205865868",#,"-0.3604410942004359,2.1361369612384005",#,1.0,0.04433667972469779,0.5362318840579711,1,186.66348796557295,9994,8833,0.4117647058823529,0.0006538823902147295,74,138
#,0.0,#,#,"1.7843362461298131,5.111212617529356",#,#,"-1.5744550391390237,4.348414082983151","-2.8962154143528154,2.620117295346995",#,#,#,"-2.184035541096963,2.7500472016073307",#,#,#,"-2.7012699374482625,0.1352924152918482",1.0,0.057686950493471195,0.5652173913043478,1,175.5712898740381,9973,8833,0.35294117647058826,0.0006150264088984167,26,46
#,#,#,0.0,"-4.612100267384468,-1.5125482531192485",#,#,#,#,#,"-2.0511599001392593,2.3700158392505832","-2.035191375756273,1.5822217691912805","-2.531645923220931,2.942102119466645","-1.6627380995474963,3.498908254904805",#,#,#,0.0,0.2503403425672665,0.7580645161290323,1,212.67664178329863,9982,8845,0.35294117647058826,0.0007450064947771333,47,62
#,#,4.0,0.0,"-4.612100267384468,-1.5125482531192485",#,#,#,#,#,"-2.0511599001392593,2.3700158392505832",#,#,"-1.6627380995474963,3.498908254904805",#,#,#,0.0,0.03125,0.5,1,219.0176924672,9773,8845,0.29411764705882354,0.0007672192018408034,7,14
0.0,#,#,#,"-1.7551451188382274,3.0487648448295364",#,#,#,"-2.8962154143528154,2.620117295346995","-0.7581254772598526,1.8020012849003635",#,#,#,"-4.028093861386719,1.786821995661154",#,#,#,1.0,0.049292908380315505,0.5477178423236515,1,182.83539166251688,9979,8848,0.29411764705882354,0.0006404725649302253,132,241
#,#,#,0.0,"-4.612100267384468,-1.5125482531192485",#,#,#,"-0.6897403604462475,2.419465348657282",#,"-2.0511599001392593,2.3700158392505832","-2.035191375756273,1.5822217691912805","-2.531645923220931,2.942102119466645","-1.6627380995474963,3.498908254904805",#,#,#,0.0,0.3933994473226094,0.8297872340425532,1,211.44790646729433,9982,8850,0.4117647058823529,0.0007407022337021537,39,47
#,#,#,#,#,#,"-2.4766961858663654,0.03940972432097545","0.05659417638497377,3.5339888143281977",#,"-3.4575509652177208,2.7264949574677315","-4.3947311045682245,-0.4752954340555884",#,"-1.2749009672812228,1.96309083261847","-1.3582128940221352,1.7173922205865868","-0.689626259013298,2.4166382290434587",#,#,1.0,0.057686950493471195,0.5652173913043478,1,170.31978088044326,9934,8851,0.4117647058823529,0.00059663036749583,26,46
#,1.0,#,#,"-0.4107893573261929,5.111212617529356","-5.32342511488184,2.7267072295446515",#,"-0.9347571388115801,3.5339888143281977","-3.336908183275525,4.312282503867113",#,#,#,#,#,#,#,#,1,0.05987655447650599,0.5694444444444444,1,139.7396795920545,9944,8859,0.29411764705882354,0.0004895082412493298,41,72
#,#,#,#,"-0.4107893573261929,5.111212617529356","-5.32342511488184,2.7267072295446515",#,"-0.9347571388115801,3.5339888143281977","-3.336908183275525,4.312282503867113",#,#,#,#,#,"-2.0987088278185526,2.574956805284775",#,#,1,0.08203152345244188,0.6064516129032258,1,154.784248051673,9979,8859,0.29411764705882354,0.0005612869408569372,282,465
0.0,#,#,#,#,"-3.239104450471593,3.3568286738966764",#,#,#,#,"-3.913737157929171,5.2625417590839145",#,"-2.298111372984801,0.8544460655851192","-1.5449488098919741,2.9012412754382564",#,"-2.938319228603314,1.3519804323214526",#,0.0,0.029584610662712393,0.49455337690631807,1,188.48093039714166,9997,8866,0.35294117647058826,0.0006602488929206631,227,459
#,#,#,1.0,#,#,#,"-3.8512669221020324,1.3651422818375276",#,#,#,"-2.4638899396416156,1.6922868651917435","-3.848351548554911,1.7879258983171924",#,"-1.6740635729347195,0.8840850467237062","-1.5851702211360021,2.3513340437324697",#,0.0,0.033399442369329464,0.5066964285714286,1,203.5660875300621,9963,8866,0.35294117647058826,0.0007130922138633105,227,448
0.0,#,#,#,"-4.700465497872565,0.7925113630332825","-5.32342511488184,2.4954538925932863","-3.1801512701428423,0.9534512965935034",#,#,#,#,#,#,"-2.1550556005261043,0.020372407367869494",#,#,#,0.0,0.0897444901592002,0.6174496644295302,1,215.2213578802728,9988,8871,0.29411764705882354,0.0007539206378805465,92,149
#,#,#,1.0,#,#,#,"-4.308669840530996,4.348414082983151",#,#,#,"-0.821269315541237,2.2573801695205105",#,"-2.605493022641061,2.9455991354332176","-0.8779129549474121,3.907421904694893","-3.3004197133980506,1.9215428747451222",#,1.0,0.04489357874946054,0.5375722543352601,1,184.10747271731708,9994,8875,0.35294117647058826,0.0007044725144173804,279,519
3.0,#,#,0.0,"-4.700465497872565,-1.2688186249360722",#,#,"-6.26731687353352,2.7794733894096524",#,#,"-2.424990729102196,2.9121131626596912","-1.340243492574896,1.7384059924868516",#,"-3.0953869555605404,3.8692877160993424",#,"-2.938319228603314,1.6232801403612744",#,0.0,0.3666478320532007,0.8181818181818182,1,215.4007552,9906,8877,0.47058823529411764,0.0007545490668759533,9,11
#,2.0,#,#,"-0.4107893573261929,5.111212617529356",#,#,"-4.2936914487764355,-0.13451228167592655",#,"-1.4172920502504394,3.41850294494108",#,"-1.1908299782204113,2.965346826612948",#,"-4.028093861386719,1.786821995661154",#,#,#,1.0,0.08383214677338237,0.6090909090909091,1,179.7144598660908,9913,8883,0.35294117647058826,0.0006295399376393402,67,110
3.0,#,#,#,"-0.4107893573261929,5.111212617529356",#,"-2.2426381766558765,2.879434569082639",#,"-3.336908183275525,4.312282503867113",#,#,#,"-1.869208291078781,1.3897182344971433",#,#,#,#,1.0,0.038660462936795,0.5217391304347826,1,148.30076571223168,9986,8883,0.29411764705882354,0.0005194977347282476,60,115
#,2.0,#,#,"1.7843362461298131,5.111212617529356",#,"-2.2426381766558765,2.879434569082639",#,"-0.7797358526259717,1.1498588251839936","-3.516076790650669,2.7043883160380675",#,#,"-1.869208291078781,1.3897182344971433","-1.7621495303984012,3.863957386568773",#,#,#,1.0,0.1590361251087416,0.6923076923076923,1,178.79940811420445,9979,8884,0.4117647058823529,0.000626334510411901,45,65
#,2.0,#,#,#,#,#,"-3.910331139284657,0.06771528602128085","-3.336908183275525,4.312282503867113","-5.525487379311076,4.726970732687057","-3.85262133766207,2.340681465229291","-1.0128936983383232,2.2196882609765116",#,"-1.321529330127873,3.4794152390174493",#,#,#,0.0,0.05526347865419856,0.5603864734299517,1,198.66841507621524,9939,8886,0.4117647058823529,0.0006959356622231694,116,207
#,#,#,#,#,"-5.32342511488184,2.7267072295446515",#,#,#,#,#,#,"-2.298111372984801,1.7879258983171924",#,#,"-2.4153020081427257,1.6232801403612744",#,1,0.03156757869015895,0.5010121457489879,1,178.64996096472683,9994,8890,0.17647058823529413,0.0006746011561687899,495,988
#,#,#,#,"-6.160280652451897,-1.2688186249360722","-5.32342511488184,2.7267072295446515",#,#,#,#,#,#,#,"-2.9793096056871544,2.121693999029751",#,#,#,0.0,0.11588835300589308,0.6498422712933754,1,210.01614616665748,9988,8890,0.17647058823529413,0.0007619734236161635,206,317
#,#,#,#,"-0.4107893573261929,5.111212617529356","-5.32342511488184,2.7267072295446515",#,#,#,#,"-1.0786270584618407,2.257062873889339",#,"-0.6147528797264763,1.7879258983171924","-4.595402840626736,1.786821995661154",#,#,#,1,0.06052189644322976,0.5706666666666667,1,164.6734634894845,9986,8907,0.29411764705882354,0.000576851311871454,214,375
2.0,2.0,1.0,#,#,#,"-3.754225757496334,1.8171516150613491",#,#,"-2.2884690424030567,1.8361796299661794",#,#,"-2.4868899175805756,1.444957268011909",#,#,#,"-1.9883568201150301,1.6915078537099784",1.0,0.03125,0.5,1,168.25,9696,8911,0.4117647058823529,0.0005893799229441103,2,4
0.0,#,#,#,"-5.022644740788682,-2.107580708787543",#,#,"-3.1175488901707165,3.158924358645318",#,#,#,"-2.4125119750616584,2.965346826612948",#,"-1.321529330127873,3.4794152390174493",#,"-1.5738845359587559,1.6232801403612744",#,0.0,0.17206514639208775,0.7032967032967034,1,207.06401226950456,9988,8915,0.35294117647058826,0.000725345447821093,64,91
#,#,#,1.0,"-0.4107893573261929,5.111212617529356",#,"-2.2426381766558765,2.879434569082639",#,"-3.336908183275525,4.312282503867113",#,#,#,"-1.7832800208283266,1.3897182344971433",#,"-0.02086098465146735,3.3503076687345397","-3.3004197133980506,0.6647336687695136",#,1.0,0.11501067445782005,0.648854961832061,2,186.7838616782508,9973,8923,0.4117647058823529,0.001308608118907944,85,131
#,#,#,#,#,#,#,"-3.1175488901707165,3.158924358645318",#,#,#,"-2.4125119750616584,2.965346826612948",#,#,#,"-2.4153020081427257,1.6232801403612744","-2.0935869765093114,2.1229246289151775",0.0,0.03206291180891418,0.5025746652935118,1,177.85329110951054,9997,8932,0.23529411764705882,0.0006702406322286035,488,971
#,#,#,#,"-5.022644740788682,-1.2688186249360722","-5.32342511488184,2.7267072295446515",#,#,#,#,#,#,#,"-1.321529330127873,3.4794152390174493",#,#,"-1.0586250369960277,1.087962689401894",0.0,0.14012604492187505,0.675,1,209.90292609522092,9988,8932,0.23529411764705882,0.0007614776610828871,162,240
#,#,#,0.0,"-3.5505724868319133,-0.22962390011917866",#,#,#,"-5.393047844513039,3.6152275190244323","-4.285920005984353,2.7070962362297895","-2.8012493839351844,3.369776990914498",#,#,"-1.5428664423392373,2.357901020091337",#,"-2.938319228603314,1.6232801403612744",#,0.0,0.18972115966825526,0.7171717171717171,1,197.40868156733512,9982,8934,0.4117647058823529,0.0006915228144466827,71,99
#,#,#,1.0,#,#,#,"-1.3554958168398166,3.5706153408343417",#,#,"-2.1500157959796753,1.435850881297843",#,"-1.7832800208283266,2.3544017686778975",#,"-0.02086098465146735,3.3503076687345397","-3.3004197133980506,0.6647336687695136",#,1.0,0.05980429216960822,0.5693069306930693,1,202.01690529900432,9973,8936,0.35294117647058826,0.0007076654269155113,115,202
#,2.0,#,1.0,#,#,#,"-1.3554958168398166,3.5339888143281977",#,#,"-2.1500157959796753,1.435850881297843",#,"-1.7832800208283266,2.3544017686778975",#,"-0.02086098465146735,3.3503076687345397",#,#,1.0,0.07584482317163513,0.5970149253731343,1,215.94408733644914,9961,8936,0.35294117647058826,0.0007564523599084257,80,134
#,#,#,#,"-5.022644740788682,-1.2688186249360722",#,"-1.8378802894513726,1.7565567251019718","-3.1175488901707165,3.158924358645318",#,#,#,#,#,#,#,#,#,0.0,0.14611348098110966,0.680672268907563,1,219.08259403151288,9982,8949,0.17647058823529413,0.0007674465520873037,162,238
#,#,#,#,"-6.160280652451897,-2.107580708787543","-5.32342511488184,2.7267072295446515",#,#,#,#,#,"-2.4125119750616584,2.965346826612948","-2.298111372984801,1.7879258983171924","-2.9793096056871544,3.4794152390174493",#,"-1.5738845359587559,1.6232801403612744",#,0.0,0.15956908751645743,0.6927710843373494,1,206.7445513352257,9988,8949,0.35294117647058826,0.0007242263758399405,115,166
#,1.0,#,#,#,#,#,#,"-3.336908183275525,4.312282503867113",#,#,#,#,#,#,#,#,1.0,0.02116209625244141,0.4625,1,155.3685563053745,9944,8953,0.11764705882352941,0.0005442562124410061,74,160
3.0,#,#,0.0,#,#,#,"-6.26731687353352,4.77891800520772",#,"-1.878276025268764,0.6921042537716231",#,#,"0.11435017558569305,2.5042965040830856",#,"-3.329875770008803,1.1369899906274274","-2.938319228603314,1.6232801403612744",#,0.0,0.0063582343481257495,0.36363636363636365,1,160.90695680000002,9575,8958,0.4117647058823529,0.0005636572350665991,4,11
#,#,#,#,#,"-5.32342511488184,2.7267072295446515","-1.8378802894513726,1.7565567251019718","-3.1175488901707165,3.158924358645318",#,#,#,#,"-2.298111372984801,1.7879258983171924",#,#,"-1.5738845359587559,1.6232801403612744",#,0.0,0.03222344583200438,0.5030769230769231,1,196.1313118339651,9982,8963,0.29411764705882354,0.0007423354495194374,327,650
#,#,#,#,"-5.022644740788682,-1.2688186249360722","-4.862404594355745,1.59732485880364","-1.8378802894513726,1.7565567251019718","-3.1175488901707165,3.158924358645318",#,#,#,#,#,"0.18536130992587663,2.2857745589269554",#,#,#,0.0,0.0998510187910895,0.6307692307692307,1,190.11112253543445,9923,8964,0.29411764705882354,0.0006659594576567766,41,65
0.0,#,#,1.0,#,#,#,"-4.308669840530996,3.5339888143281977",#,#,#,"-1.2147435377068792,2.7105345557468494",#,#,#,"-3.3004197133980506,3.234204343710528",#,1.0,0.045177865052619455,0.5382513661202186,1,191.97790273900998,9972,8969,0.29411764705882354,0.0006724987906287643,197,366
#,#,5.0,1.0,"-2.1006571200866855,5.111212617529356",#,#,"0.05659417638497377,4.348414082983151",#,#,"-6.540564624963331,2.465825631968387",#,#,#,"-0.689626259013298,3.907421904694893",#,#,1.0,0.05876156606290277,0.5673076923076923,1,178.4683064698649,9973,8972,0.35294117647058826,0.0006649935420866381,59,104
#,#,2.0,#,"-4.700465497872565,0.7925113630332825","-5.32342511488184,2.4954538925932863","-3.1801512701428423,0.9534512965935034",#,#,"-2.508798502790127,2.3981111246836213",#,#,#,"-2.1550556005261043,0.020372407367869494",#,#,#,0.0,0.191817969083786,0.71875,1,196.49364611658683,9982,8975,0.35294117647058826,0.0006883174443221469,46,64
#,2.0,#,#,"-0.4107893573261929,5.111212617529356",#,#,"-1.3554958168398166,3.9763747579164734",#,"0.2471405847121082,2.522808817743411",#,#,#,#,"-2.044719663877573,3.3503076687345397","-1.9058092998400178,0.6647336687695136",#,1,0.10255278437793762,0.6341463414634146,1,198.02292973775133,9952,8977,0.35294117647058826,0.0006936745264190362,52,82
#,#,4.0,0.0,#,#,#,"-6.26731687353352,0.3967237137977504",#,"-4.285920005984353,3.498542209542599",#,"-1.732392244444749,2.1159196118824353",#,#,#,"-2.938319228603314,1.6232801403612744",#,0.0,0.049881473747554805,0.5490196078431373,1,165.0542338704136,9953,8988,0.35294117647058826,0.0005781851509072424,28,51
#,#,#,#,#,"-5.32342511488184,2.7267072295446515",#,#,"-3.336908183275525,4.312282503867113",#,#,"-1.1908299782204113,2.965346826612948","-2.4483861700855654,1.637651101216428",#,#,#,#,1,0.03125,0.5,1,180.75962102008313,9994,8996,0.23529411764705882,0.0006861482520163398,402,804
#,#,#,#,"-5.022644740788682,-1.2688186249360722","-5.32342511488184,2.7267072295446515",#,#,"-2.4113607661756777,2.2022993183005273",#,"-1.1199153272250086,5.051111047624674",#,#,"-0.5925005810624101,3.8692877160993424",#,"-2.5034933358065934,1.6232801403612744",#,0.0,0.09715775894612545,0.6273291925465838,1,197.27250755540518,9982,9003,0.35294117647058826,0.0007061721996731659,101,161
#,2.0,#,#,"-4.078213230812062,-1.2688186249360722","-5.32342511488184,2.7267072295446515",#,#,#,#,#,"-1.225924687117638,0.6982312410459544",#,#,#,"-2.4153020081427257,1.6232801403612744",#,0.0,0.10595390899440861,0.6382978723404256,1,211.48807284825222,9982,9003,0.29411764705882354,0.0007684186244644376,60,94
#,#,2.0,#,#,#,#,#,"-3.245394883354107,3.6152275190244323",#,#,"-1.2815374988920165,1.7201457490431877",#,#,"-2.4035092412798447,1.732593628258118",#,#,1,0.009915975743381216,0.3974358974358974,1,185.57734571647566,9876,9015,0.23529411764705882,0.007784751572338469,62,156
#,#,#,0.0,"-5.022644740788682,2.0812622380594155","-3.239104450471593,3.3568286738966764",#,"-2.8199507355265023,1.2464967214529015",#,"-4.285920005984353,0.6921042537716231",#,#,#,#,#,#,"-3.158171280634813,3.3887516467802206",1,0.014684875537332649,0.42990654205607476,1,183.06852328479934,9934,9015,0.35294117647058826,0.0006412892252427167,46,107
#,#,4.0,0.0,"-3.5505724868319133,0.3017144216799241",#,#,#,"-5.393047844513039,3.6152275190244323","-4.285920005984353,3.498542209542599",#,"-1.732392244444749,2.1159196118824353",#,"-1.5428664423392373,2.357901020091337",#,"-2.938319228603314,1.6232801403612744",#,0.0,0.12071966324265888,0.6551724137931034,1,179.62000157667222,9953,9018,0.47058823529411764,0.0006292090501544133,19,29
2.0,#,#,1.0,#,#,"-2.4938486298100324,5.285583223255339",#,"-1.7888487497090786,2.620117295346995","-1.55567036319011,2.497863676896899",#,"-3.2513279711390553,-0.1726784860773074",#,#,#,"-0.3547488816844052,2.6787821132132352","-8.780854370825324,2.360568520026181",1.0,0.20346349914002398,0.7272727272727273,2,162.1890048,9898,9019,0.47058823529411764,0.0011362965010568312,8,11
0.0,#,#,#,"1.7843362461298131,5.111212617529356",#,"-2.2426381766558765,5.32830150574568",#,#,"-0.9573042316921454,3.949605395781603",#,#,#,#,#,#,#,1.0,0.1084728176764643,0.6413043478260869,1,157.37387197343156,9979,9020,0.23529411764705882,0.0005512808352874732,59,92
#,#,1.0,#,"-0.4107893573261929,5.111212617529356",#,#,"-4.308669840530996,3.9763747579164734",#,#,#,#,#,"-1.0844363469978475,2.2162130442895616","-2.044719663877573,3.2714818065869467",#,"-0.8797523063113197,1.3434992674579562",1.0,0.1981094971036366,0.723404255319149,2,165.97613117572752,9898,9020,0.35294117647058826,0.0011628291162307496,34,47
#,#,#,0.0,"-4.700465497872565,0.3017144216799241",#,"-4.476287256079912,1.9038384447522732",#,#,"-1.8406124410555331,0.6921042537716231",#,#,#,#,#,"-2.938319228603314,3.4861494111769025",#,0.0,0.09783795953954658,0.6282051282051282,1,206.40748928565972,9982,9025,0.29411764705882354,0.0007230456471338448,49,78
#,#,#,0.0,"-4.700465497872565,0.3017144216799241",#,#,"-2.705357864938452,0.3967237137977504",#,"-1.8406124410555331,0.22171189512908496","-3.5847776356619754,2.0858952493350307","-1.9275388794323378,2.7674015852868274",#,#,#,"-2.938319228603314,2.3513340437324697",#,0.0,0.17525145137855438,0.7058823529411765,1,217.32566130923612,9835,9032,0.4117647058823529,0.0007612920149552177,24,34
#,#,4.0,0.0,"-5.164747504292822,-1.2688186249360722",#,#,"-3.892082047534725,2.7794733894096524",#,#,"-2.424990729102196,2.9121131626596912",#,#,"-3.0953869555605404,3.8692877160993424",#,#,"-1.7504388510488706,1.7760981280334291",0.0,0.06092699470458736,0.5714285714285714,1,214.2259749888,9929,9039,0.4117647058823529,0.0007504338105885636,8,14
#,0.0,#,#,"-0.4107893573261929,5.111212617529356",#,"-2.4766961858663654,5.32830150574568",#,#,#,#,#,#,#,#,#,#,1.0,0.08008797923085711,0.6035502958579881,1,160.71175772401952,9986,9045,0.17647058823529413,0.0005872420314508307,102,169
#,2.0,4.0,0.0,#,"-2.6792517740822865,3.3568286738966764",#,#,#,"0.28773506372083735,2.4211740321876842","-2.0511599001392593,2.3700158392505832",#,"-2.531645923220931,2.942102119466645","0.07006151010441419,3.498908254904805","-3.7289326434740566,1.557672744790364","-3.6585635748859335,0.5268761062909402","-3.158171280634813,1.978306493245928",0.0,0.03125,0.5,1,144.0,9322,9046,0.6470588235294118,0.0005044321480175446,2,4
0.0,#,#,#,#,"-5.1738356050184775,3.3568286738966764",#,#,#,#,#,#,"-3.848351548554911,2.591798783044017","-2.444053904976381,2.9012412754382564","-1.6740635729347195,0.8840850467237062",#,"1.297815604159362,4.364369499013536",0.0,0.012022058760696874,0.41304347826086957,1,188.7193493297192,9929,9052,0.35294117647058826,0.0006610840746865529,19,46
#,2.0,1.0,#,#,"-2.7039809973689755,3.3568286738966764",#,"-3.910331139284657,4.84993360364",#,#,"-3.3880340896773022,1.1166922213138692",#,#,"-1.5449488098919741,3.8692877160993424",#,"-1.5851702211360021,1.3519804323214526",#,0.0,0.026916905876128723,0.4852941176470588,1,208.07286489366382,9866,9052,0.4117647058823529,0.0007288794596005221,33,68
0.0,#,#,#,"1.7843362461298131,6.784599247218066",#,#,#,"-2.8962154143528154,2.620117295346995",#,#,#,#,#,#,"-3.3668441841579173,2.066884524738374",#,1.0,0.09370601882276472,0.6228070175438597,1,159.34643799284157,9979,9060,0.23529411764705882,0.0005581907360810663,71,114
0.0,#,#,#,"1.7843362461298131,5.111212617529356",#,#,#,#,"-0.9573042316921454,3.949605395781603",#,#,#,#,#,#,#,1.0,0.0932669098545276,0.6222222222222222,1,156.74586916089697,9979,9060,0.17647058823529413,0.0005490809407896407,56,90
#,#,#,#,"-5.022644740788682,-1.2688186249360722","-5.32342511488184,2.7267072295446515",#,#,#,"-1.4187306761472194,1.2836253505774533",#,#,"-2.213699202287633,1.6410529404500964","-1.321529330127873,3.4794152390174493",#,#,"-1.0586250369960277,1.087962689401894",0.0,0.14165913803291463,0.6764705882352942,1,216.8538906751724,9982,9062,0.35294117647058826,0.000791914206168467,92,136
0.0,#,0.0,#,"1.7843362461298131,6.784599247218066",#,#,#,#,#,#,#,#,#,#,"-3.3668441841579173,2.066884524738374",#,1.0,0.16806999999999994,0.7,1,163.79612937099017,9944,9070,0.23529411764705882,0.0005737780095525569,14,20
#,#,0.0,#,"1.7843362461298131,5.111212617529356",#,#,#,"-2.8962154143528154,2.620117295346995","-2.655538038261663,0.6868496790030638",#,#,"-0.8611848327552905,3.13602294911382",#,#,#,#,1.0,0.095367431640625,0.625,1,179.07846045696,9944,9070,0.29411764705882354,0.0006273120310554114,10,16
#,#,0.0,#,#,"-2.04355452048074,0.8642476743532486",#,"-2.705357864938452,2.439381078524966",#,#,#,#,#,#,#,"-1.5880727032943254,0.8350765858080749",#,0.0,0.04526613752481193,0.5384615384615384,1,188.6412547421684,9988,9077,0.23529411764705882,0.0006608105092660891,28,52
#,2.0,#,#,"-5.022644740788682,1.4779010969873934","-5.297340419429549,1.517565223430081",#,#,"-3.336908183275525,-0.07042770270866239","-2.7882013958366123,1.265332644250397","-3.913737157929171,2.340681465229291","-2.1359716927808208,0.9426777922809271","-2.298111372984801,1.7879258983171924","-1.321529330127873,3.4794152390174493",#,#,#,0.0,0.06872850940451601,0.5853658536585366,1,226.64867217047845,9965,9077,0.5294117647058824,0.0007939505315852689,48,82
#,#,#,#,"-5.022644740788682,-0.22962390011917866",#,#,"-2.705357864938452,0.3967237137977504","-5.393047844513039,3.6152275190244323",#,"-3.913737157929171,2.340681465229291","-2.1359716927808208,0.9426777922809271","-2.298111372984801,1.7879258983171924","-1.5428664423392373,3.4794152390174493",#,#,#,0.0,0.13567747655595352,0.6706586826347305,1,217.92924489973626,9963,9080,0.4117647058823529,0.0007634063688931631,112,167
#,#,#,#,#,"-2.480824347226493,1.1962524184180803",#,#,#,"-3.7606217233834878,2.5308311762293862","-3.913737157929171,2.340681465229291",#,"-2.298111372984801,1.7879258983171924","-1.321529330127873,0.964049904698068","-1.3108592795996428,1.6861067601681563",#,"-1.226131424232172,3.0697866795753286",0.0,0.05333049738208261,0.5564102564102564,1,204.83146767652133,9988,9084,0.4117647058823529,0.0007392710060158186,217,390
#,#,1.0,#,"-4.320200727227181,5.111212617529356",#,#,"-4.308669840530996,3.9763747579164734",#,#,#,#,#,"-1.0844363469978475,2.2162130442895616","-2.044719663877573,3.2714818065869467",#,"-0.8797523063113197,1.3434992674579562",1.0,0.06922366952724099,0.5862068965517241,1,190.86568668250467,9972,9089,0.35294117647058826,0.0006686026966395798,51,87
#,#,4.0,0.0,"-4.700465497872565,0.3017144216799241",#,#,#,"-5.393047844513039,3.6152275190244323","-1.2672113592135368,3.498542209542599",#,#,#,"-1.5428664423392373,2.357901020091337",#,"-2.938319228603314,1.6232801403612744",#,0.0,0.038020403200000004,0.52,1,188.00575975380337,9929,9090,0.4117647058823529,0.0006585843696686213,13,25
3.0,#,4.0,0.0,"-3.5505724868319133,0.3017144216799241",#,#,#,#,"-4.285920005984353,3.498542209542599",#,"-1.732392244444749,2.1159196118824353",#,#,#,#,#,0.0,0.03125,0.5,1,178.75,9575,9090,0.35294117647058826,0.0006261614337370562,2,4
0.0,#,#,#,#,"-5.32342511488184,2.7267072295446515",#,"-3.1175488901707165,3.158924358645318",#,#,#,"-2.4125119750616584,2.965346826612948",#,#,"-2.1835838445304603,0.8044974618798644","-1.5738845359587559,1.6232801403612744",#,0.0,0.041795930442984,0.5299401197604791,1,205.66521564761314,9965,9093,0.35294117647058826,0.0007204454618167848,177,334
#,#,#,#,"-6.160280652451897,-1.2688186249360722",#,"-1.8378802894513726,1.7565567251019718",#,#,#,#,#,"-2.298111372984801,1.7879258983171924","-2.9793096056871544,3.4794152390174493",#,#,#,0.0,0.14518282489673606,0.6798029556650246,1,219.8095351257755,9982,9093,0.23529411764705882,0.0007699930274877282,138,203
#,#,#,#,"-5.022644740788682,-1.2688186249360722","-5.32342511488184,2.7267072295446515",#,#,#,"-1.4187306761472194,1.2836253505774533",#,#,"-2.213699202287633,1.6410529404500964",#,#,#,"-1.0586250369960277,1.087962689401894",0.0,0.12453206531201291,0.6592592592592592,1,216.84396302487335,9982,9106,0.29411764705882354,0.0007918707354569642,89,135
#,#,#,#,"-5.022644740788682,-1.2688186249360722","-5.32342511488184,2.7267072295446515",#,"-4.940002885628085,1.601673458208346",#,"-1.4187306761472194,1.2836253505774533",#,#,"-2.213699202287633,1.6410529404500964","-1.321529330127873,3.4794152390174493",#,#,"-1.0586250369960277,1.087962689401894",0.0,0.15535829807201998,0.6890756302521008,2,216.8746081751563,9982,9108,0.4117647058823529,0.0015840098458962818,82,119
#,2.0,#,1.0,"-2.1006571200866855,5.111212617529356","-4.326684604277345,5.50067662761075",#,"-2.3613279343089917,2.0587236493642727","-1.7888487497090786,2.62421741805077",#,#,"-2.4578041292119295,1.7753389127479737",#,#,"-0.689626259013298,3.907421904694893",#,#,1,0.0874685803534242,0.6142857142857143,1,201.96684860125328,9952,9114,0.47058823529411764,0.0007074900782518362,86,140
0.0,#,#,#,"-5.022644740788682,-1.2688186249360722","-5.32342511488184,2.7267072295446515",#,"-4.869666436092268,1.0532026860299073",#,"-1.4187306761472194,1.2836253505774533",#,#,"-2.213699202287633,1.6410529404500964","-1.321529330127873,3.4794152390174493",#,#,"-1.0586250369960277,1.087962689401894",0.0,0.12669967319610118,0.6615384615384615,1,232.9247137259855,9938,9123,0.47058823529411764,0.0008159355116053508,43,65
0.0,#,#,#,#,#,#,"-4.869666436092268,1.0532026860299073",#,"-1.4187306761472194,1.2836253505774533",#,#,"-1.2801280506659094,1.1098182778314831","-1.321529330127873,3.4794152390174493",#,#,"-1.0586250369960277,1.087962689401894",0.0,0.07071407662557172,0.5887096774193549,2,193.37928857503988,9997,9137,0.35294117647058826,0.001354815693305722,73,124
#,#,#,#,"-5.022644740788682,-1.2688186249360722","-5.32342511488184,2.7267072295446515",#,#,#,"-1.4187306761472194,1.2836253505774533",#,#,"-2.213699202287633,1.6410529404500964","-1.321529330127873,3.4794152390174493",#,#,#,0.0,0.11140698952326321,0.6447368421052632,1,214.58093613565464,9982,9137,0.29411764705882354,0.0007819615035580921,98,152
#,2.0,5.0,1.0,"-2.1006571200866855,5.111212617529356",#,"-2.4938486298100324,6.2798779059513326","-3.6402286894865883,4.917482874018337",#,"-3.516076790650669,2.7264949574677315",#,"-1.416012736320224,2.586231594260048",#,"-4.028093861386719,1.786821995661154","-0.689626259013298,1.1203596003570562",#,#,1.0,0.03724344570958624,0.5178571428571429,1,200.64442634737685,9815,9145,0.5882352941176471,0.0007028576317371898,29,56
#,#,5.0,#,"-0.4107893573261929,5.111212617529356",#,#,#,"-0.7797358526259717,1.1498588251839936",#,"-2.9884797694843495,2.465825631968387","-1.646911447699855,2.8171303056396786","-1.869208291078781,2.401230842459969",#,"-2.1741915836338146,3.907421904694893",#,#,1.0,0.05596287125058509,0.5617977528089888,1,173.62559652729198,9973,9145,0.4117647058823529,0.0006437885197033223,50,89
#,2.0,#,0.0,"-6.160280652451897,1.4779010969873934","-5.297340419429549,3.3568286738966764",#,#,#,"-2.7882013958366123,3.131493108516378","-3.913737157929171,2.340681465229291","-2.1359716927808208,0.9426777922809271","-2.298111372984801,1.7879258983171924","-3.284050622532223,3.4794152390174493",#,#,"-3.158171280634813,3.17589396090194",0.0,0.11950274109665414,0.6538461538461539,1,197.10173088590835,9982,9150,0.5882352941176471,0.0006904475658941302,34,52
0.0,#,#,#,#,#,"-4.677093338024809,0.8642529632973761",#,"-4.12056540088707,-0.07042770270866239","-1.4198433575462284,1.265332644250397",#,#,#,#,#,#,#,0.0,0.08988803537961923,0.6176470588235294,2,194.77122340627912,9997,9150,0.23529411764705882,0.0013645675915949227,63,102
#,#,#,0.0,"-4.700465497872565,0.3017144216799241",#,#,"-6.26731687353352,0.3967237137977504",#,"-1.8406124410555331,0.6921042537716231",#,"0.3596890085783613,3.438338493640109",#,#,#,"-2.938319228603314,3.4861494111769025",#,0.0,0.07042962777237427,0.5882352941176471,1,227.17258953932802,9744,9154,0.35294117647058826,0.0007957858146668833,10,17
#,#,2.0,0.0,#,"-6.473264419373783,-0.21229587246545645",#,#,#,#,#,#,#,#,#,"0.2552836923737025,1.6232801403612744",#,0.0,0.04591650240000002,0.54,1,182.07938784261086,9982,9154,0.23529411764705882,0.0006378242827719986,27,50
#,#,#,#,"-0.4107893573261929,5.111212617529356","-5.32342511488184,2.7267072295446515","-3.087690846425004,1.4952163471305095","-0.9347571388115801,3.5339888143281977","-3.336908183275525,4.312282503867113",#,#,#,#,#,"-2.0987088278185526,2.574956805284775",#,#,1,0.06788161872655088,0.583916083916084,1,163.01029393032456,9979,9157,0.35294117647058826,0.0005973067498175195,167,286
#,#,#,#,"-5.022644740788682,-1.2688186249360722","-5.32342511488184,2.7267072295446515",#,#,#,#,#,#,"-2.213699202287633,1.7053839585887551","-1.321529330127873,3.4794152390174493",#,#,"-1.0586250369960277,1.087962689401894",0.0,0.12985828173704894,0.664804469273743,1,210.27697277710462,9988,9159,0.29411764705882354,0.0007631155184717885,119,179
#,#,4.0,0.0,"-5.022644740788682,0.3017144216799241",#,#,#,#,"-4.285920005984353,3.498542209542599",#,#,"-2.213699202287633,1.7053839585887551","-1.5428664423392373,3.4794152390174493",#,"-2.938319228603314,1.6232801403612744","-1.0586250369960277,1.087962689401894",0.0,0.05292214940134466,0.5555555555555556,1,190.3091101445325,9773,9161,0.47058823529411764,0.0006666530084549584,10,18
#,#,#,#,#,#,#,#,#,#,#,#,"-1.7832800208283266,1.3897182344971433",#,"-0.6366717984937571,2.4166382290434587","-3.3004197133980506,0.6647336687695136",#,1.0,0.027781404364645906,0.4883720930232558,1,175.22986017571174,9994,9165,0.17647058823529413,0.0006508131912151178,210,430
#,#,#,#,"1.7843362461298131,5.111212617529356",#,#,#,"-2.8962154143528154,2.620117295346995","-2.655538038261663,0.6868496790030638",#,#,"-0.8611848327552905,1.3897182344971433",#,"-0.6366717984937571,2.4166382290434587",#,#,1.0,0.04526613752481193,0.5384615384615384,1,178.12388491765472,9979,9170,0.29411764705882354,0.0006239681519600173,35,65
#,#,#,#,"-5.022644740788682,-1.2688186249360722","-5.32342511488184,2.7267072295446515",#,"-2.8665783680759374,2.6142855956789104",#,"-1.4187306761472194,1.2836253505774533",#,#,"-2.213699202287633,1.6410529404500964","-1.321529330127873,3.4794152390174493",#,#,"-1.0586250369960277,1.087962689401894",0.0,0.11298385033754997,0.646551724137931,1,216.85389067115418,9982,9183,0.4117647058823529,0.0007919142061508721,75,116
#,#,#,#,#,#,#,#,#,"-2.058053357588257,2.0665953147809795",#,#,#,#,#,"-2.4153020081427257,1.6232801403612744",#,0.0,0.031716409659998196,0.5014836795252225,2,179.2242807921886,9997,9187,0.11764705882352941,0.001355489321543648,338,674
#,#,#,#,"-4.078213230812062,-0.9268081505096428","-1.070970914803723,2.109203585213205",#,#,#,#,#,"-2.8808877472821477,-0.18706944785311852","0.11435017558569305,2.5042965040830856",#,#,#,#,0.0,0.22481780895283973,0.7419354838709677,2,180.78239368361568,9963,9187,0.23529411764705882,0.0012665618217997173,23,31
#,0.0,#,1.0,#,#,#,"-1.4768482889048127,3.473609484809244","1.8599445785955413,2.620117295346995",#,"-1.5178023033584218,2.401633367154215",#,"-1.869208291078781,3.40025315036931",#,#,#,"-0.8797523063113197,1.3434992674579562",1.0,0.512908935546875,0.875,1,195.4384,9972,9188,0.4117647058823529,0.0006846209160910561,7,8
#,#,#,#,"1.7843362461298131,5.111212617529356",#,#,"-4.308669840530996,4.348414082983151","-2.8962154143528154,2.620117295346995","-2.655538038261663,0.6868496790030638",#,#,#,#,"-0.6366717984937571,2.4166382290434587",#,#,1.0,0.06269801026030646,0.5747126436781609,1,172.3191275172577,9979,9188,0.29411764705882354,0.0006036340808197186,50,87
0.0,#,2.0,0.0,"-6.160280652451897,1.4779010969873934","-3.239104450471593,2.1903904290686342",#,#,#,#,"-1.518890204539215,3.9016059355314523",#,"0.11435017558569305,2.5042965040830856",#,#,#,#,0.0,0.16806999999999994,0.7,1,195.1275726454915,9877,9189,0.4117647058823529,0.0006835320875487135,14,20
0.0,#,#,#,"-6.932102039450315,1.4779010969873934",#,#,"-3.892082047534725,2.7794733894096524",#,#,#,#,#,"-1.5342380996556921,2.366529362774882",#,#,"-3.158171280634813,3.3887516467802206",0.0,0.048005991652637296,0.5448275862068965,1,191.82441618909246,9997,9189,0.29411764705882354,0.0006719611270866345,158,290
#,#,#,#,"-5.022644740788682,0.3017144216799241","-6.473264419373783,2.7267072295446515",#,"-6.26731687353352,2.6142855956789104",#,"-1.4187306761472194,1.2836253505774533",#,#,"-3.342121461486945,1.3606761526530846","-1.321529330127873,3.4794152390174493",#,"-2.938319228603314,1.6232801403612744",#,0.0,0.07111274222699647,0.5893719806763285,1,205.50314587704102,9982,9203,0.4117647058823529,0.0007422121177993664,122,207
#,#,#,#,#,#,"-0.2937523323204678,6.2798779059513326",#,"-1.7888487497090786,2.62421741805077",#,#,#,"-1.7832800208283266,1.3897182344971433","-3.4209991188103803,1.1549011736562544",#,"-3.3004197133980506,0.6647336687695136",#,1.0,0.033831290272768,0.508,1,195.29729845432377,9994,9204,0.29411764705882354,0.0006975232502839098,127,250
#,2.0,#,#,"-0.4107893573261929,5.111212617529356",#,#,#,"-0.7797358526259717,1.1498588251839936","-3.516076790650669,2.7043883160380675",#,#,#,"-4.028093861386719,1.786821995661154","-1.812678525466055,2.784369638242136",#,#,1.0,0.05071737256932988,0.5508474576271186,1,165.6073006401391,9979,9210,0.35294117647058826,0.0005801225443700878,65,118
#,2.0,5.0,#,#,#,#,#,"-3.245394883354107,4.312282503867113","-5.525487379311076,2.5308311762293862",#,#,#,#,#,#,#,0.0,0.032608494584992084,0.5042735042735043,1,199.99721728107133,9965,9213,0.23529411764705882,0.0007005904577126555,59,117
#,2.0,#,#,"-6.160280652451897,0.3017144216799241",#,#,"-3.910331139284657,0.06771528602128085",#,"-5.525487379311076,4.726970732687057","-3.85262133766207,2.340681465229291",#,"-2.298111372984801,1.7879258983171924","-1.321529330127873,3.4794152390174493",#,"-2.6418220671452035,1.6232801403612744",#,0.0,0.18593443208187066,0.7142857142857143,1,219.70296881217303,9889,9213,0.47058823529411764,0.0007696197255816392,50,70
#,#,#,1.0,"-0.4107893573261929,5.111212617529356",#,#,#,"-3.336908183275525,4.312282503867113","0.2471405847121082,2.522808817743411",#,"-3.2513279711390553,2.965346826612948",#,#,"-2.044719663877573,3.2714818065869467","-3.3004197133980506,2.6787821132132352",#,1.0,0.13168724279835387,0.6666666666666666,2,169.93200578091577,9952,9221,0.4117647058823529,0.001255230408953654,86,129
0.0,#,#,1.0,"-0.4107893573261929,5.111212617529356",#,#,#,"-3.336908183275525,4.312282503867113","0.2471405847121082,2.522808817743411",#,"-3.2513279711390553,2.965346826612948",#,#,"-2.044719663877573,3.2714818065869467","-3.3004197133980506,2.6787821132132352",#,1.0,0.1590361251087416,0.6923076923076923,1,186.5185148042546,9815,9226,0.47058823529411764,0.0006533745490816135,54,78
#,#,1.0,#,"-0.4107893573261929,5.111212617529356",#,"-0.5597033451751937,2.1361244157398143","-4.308669840530996,3.9763747579164734",#,#,#,#,#,"-1.0844363469978475,2.2162130442895616","-2.044719663877573,3.2714818065869467",#,"-0.8797523063113197,1.3434992674579562",1.0,0.3276800000000001,0.8,1,167.95283702729824,9885,9240,0.4117647058823529,0.0005883389607452823,20,25
#,#,#,0.0,"-4.612100267384468,-1.5125482531192485",#,#,#,"-0.6897403604462475,2.419465348657282",#,"-2.0511599001392593,3.3038191628321494","-2.035191375756273,1.5822217691912805","-2.531645923220931,2.942102119466645","-1.6627380995474963,3.498908254904805",#,#,#,0.0,0.401877572016461,0.8333333333333334,1,211.436526517563,9982,9242,0.4117647058823529,0.0007406623697265475,30,36
#,#,#,0.0,"-4.612100267384468,-1.5125482531192485",#,#,#,"-0.6897403604462475,2.419465348657282",#,"-2.0511599001392593,2.3700158392505832","-2.035191375756273,1.5822217691912805","-2.531645923220931,2.942102119466645","-1.6627380995474963,3.498908254904805","-1.8631383172200287,1.9677351525367976",#,#,0.0,0.3787874412704941,0.8235294117647058,2,210.45944983941735,9982,9242,0.47058823529411764,0.001474479338237333,28,34
0.0,#,#,1.0,"-0.4107893573261929,5.111212617529356",#,#,#,"-3.336908183275525,5.232584136729476","-3.4575509652177208,2.7264949574677315","-4.3947311045682245,-0.4752954340555884","-3.2513279711390553,2.965346826612948",#,"-1.3582128940221352,1.786821995661154","-2.044719663877573,2.4166382290434587","-3.3004197133980506,2.6787821132132352",#,1.0,0.07504138949927083,0.5957446808510638,1,181.21587624095693,9944,9249,0.5882352941176471,0.0006347994007438016,28,47
0.0,#,5.0,1.0,"-0.4107893573261929,5.111212617529356",#,"-1.6942372639088856,3.0683917803742955","0.05659417638497377,3.5339888143281977",#,#,#,#,#,#,"-0.689626259013298,3.2714818065869467",#,#,1.0,0.08250009529139642,0.6071428571428571,1,209.79669822289037,9843,9249,0.4117647058823529,0.0007349180495247303,17,28
#,#,#,1.0,"-0.4107893573261929,5.111212617529356",#,#,"-1.3554958168398166,3.9763747579164734",#,"0.2471405847121082,2.522808817743411","-2.478710282381609,2.5248246161451604",#,#,#,"-2.044719663877573,3.3503076687345397","-1.9058092998400178,0.6647336687695136",#,1.0,0.09679934942503075,0.6268656716417911,1,176.0281826185556,9913,9272,0.4117647058823529,0.0006543088466374647,42,67
3.0,#,5.0,#,#,#,#,#,"-3.336908183275525,1.6872764563517682",#,#,#,"0.11435017558569305,2.363878274384373",#,#,"-3.198850250097186,1.4271620290983051","-3.374098317197004,2.5688095232808754",0.0,0.15359020233154297,0.6875,1,193.68301789593602,9799,9274,0.35294117647058826,0.0006784718107761635,11,16
#,#,#,#,#,"-5.32342511488184,3.027468927011802",#,#,"-0.7797358526259717,4.312282503867113","-0.7758661443778136,2.7043883160380675",#,#,#,#,#,#,#,1.0,0.03600550737209047,0.514367816091954,1,178.8390186023911,9994,9276,0.17647058823529413,0.000675635951636087,179,348
#,#,#,#,"-0.4107893573261929,5.111212617529356","-4.326684604277345,2.7267072295446515",#,"-0.9347571388115801,3.5339888143281977","-3.336908183275525,2.630360731552093",#,#,#,#,#,"-2.6474138260748497,1.7963993988430689","-0.8885303200602953,0.9471888383506138",#,1,0.053795433328567205,0.5573770491803278,1,166.2810059586583,9979,9276,0.35294117647058826,0.0006116283843140404,102,183
0.0,#,1.0,#,"-6.160280652451897,0.7925113630332825","-3.7832314614667273,2.080215272939483","-0.4031973155842743,4.359431728698906","-1.774490735949442,2.1151546576830307","-4.984978662259402,4.312282503867113",#,#,#,#,#,#,"-1.5738845359587559,2.3513340437324697",#,0.0,0.026221056655577907,0.4827586206896552,1,217.7289121184553,9866,9278,0.47058823529411764,0.0007627046029544138,14,29
#,#,#,0.0,#,#,#,#,#,#,"-2.0511599001392593,2.3700158392505832","-2.035191375756273,1.5822217691912805",#,"-1.6627380995474963,3.498908254904805",#,#,#,0.0,0.07472287811932173,0.5952380952380952,1,164.2927915165331,9997,9292,0.23529411764705882,0.0005755178175589126,100,168
3.0,#,#,#,#,"-5.32342511488184,2.7267072295446515",#,#,"-4.984978662259402,-0.07042770270866239","-4.285920005984353,0.6921042537716231",#,"-2.4125119750616584,3.4175621633320077",#,#,#,#,#,0.0,0.15694357368977896,0.6904761904761905,3,163.9852460066219,9963,9297,0.29411764705882354,0.0017233214559647036,29,42
0.0,#,#,#,"-5.022644740788682,-1.2688186249360722",#,#,#,#,"-1.4187306761472194,1.2836253505774533",#,#,"-2.213699202287633,1.6410529404500964","-1.321529330127873,3.4794152390174493",#,#,#,0.0,0.1043582467665522,0.6363636363636364,1,225.96294302032862,9938,9301,0.29411764705882354,0.0007915484216674334,49,77
#,#,#,1.0,#,#,#,"-1.3554958168398166,3.5706153408343417",#,#,#,"0.18349601304616459,2.107651941209757",#,"-4.028093861386719,1.786821995661154","0.17185413425355978,3.3503076687345397",#,#,1.0,0.06092699470458736,0.5714285714285714,1,195.3339357577282,9901,9302,0.29411764705882354,0.0006842549777429993,40,70
#,0.0,#,1.0,"-1.7551451188382274,5.111212617529356","-4.326684604277345,3.027468927011802","-0.2937523323204678,6.2798779059513326",#,"-1.7888487497090786,2.62421741805077",#,#,"-2.87729410265943,-0.029543328977313266","-1.4310614273563376,0.573409686867282",#,"-0.6366717984937571,0.6631968636509954",#,"-1.7722266442483492,0.5276887768922812",1.0,0.007415771484375,0.375,1,221.88479999999998,9307,9307,0.5882352941176471,0.0007772626824753005,3,8
#,#,#,1.0,"-1.7551451188382274,5.111212617529356","-4.326684604277345,3.027468927011802","-0.2937523323204678,6.2798779059513326",#,#,#,#,"-2.87729410265943,-0.029543328977313266",#,#,"-0.6366717984937571,0.6631968636509954",#,"-1.7722266442483492,0.5276887768922812",1.0,0.08648873310982921,0.6129032258064516,1,210.23846421154423,9921,9307,0.4117647058823529,0.0007364655562370759,19,31
#,2.0,#,#,"1.7843362461298131,5.111212617529356",#,#,#,"-0.7797358526259717,1.1498588251839936","-3.516076790650669,2.7043883160380675","-1.0786270584618407,2.257062873889339",#,"-1.869208291078781,1.3897182344971433",#,"-3.270522192560163,1.1732910323577557",#,#,1.0,0.14012604492187505,0.675,1,181.27062760848975,9979,9311,0.4117647058823529,0.0006349911948405479,27,40
1.0,2.0,#,#,"1.7843362461298131,5.111212617529356",#,"-2.5820935030516297,2.9892838695060537",#,#,#,#,#,#,#,#,#,#,1.0,0.01734152991583261,0.4444444444444444,1,175.0352,9901,9311,0.23529411764705882,0.0006131484855186148,4,9
#,#,2.0,#,"-7.399058266634794,0.7925113630332825","-5.32342511488184,2.4954538925932863","-3.1801512701428423,0.9534512965935034",#,#,#,#,#,#,"-2.1550556005261043,0.020372407367869494","-1.1553487436211427,1.602880154603772",#,#,0.0,0.28962137296388657,0.7804878048780488,1,206.4868783218439,9982,9314,0.35294117647058826,0.000723323747009202,32,41
#,#,#,1.0,#,"-1.5421714183757262,3.82437305040284",#,"-1.3554958168398166,3.5706153408343417",#,#,#,#,"-1.7832800208283266,3.13602294911382",#,"-0.6366717984937571,3.3503076687345397",#,#,1.0,0.051496309376642686,0.5525291828793775,1,192.40560719307928,9973,9319,0.29411764705882354,0.0006739970397710063,142,257
0.0,#,#,#,#,#,#,"-4.869666436092268,1.0532026860299073",#,#,"-2.0511599001392593,2.3700158392505832","-2.035191375756273,1.5822217691912805","-1.2801280506659094,1.1098182778314831","-1.6627380995474963,3.498908254904805",#,"-0.8452606297755229,1.5778886593268773",#,0.0,0.043333810466691956,0.5337837837837838,2,199.58420129823088,9997,9322,0.4117647058823529,0.0013982873246004529,79,148
#,1.0,#,#,"-0.4107893573261929,5.111212617529356",#,#,"-1.3554958168398166,3.5339888143281977",#,"-2.1062568979656078,0.8094430256057499",#,#,"-1.7832800208283266,3.13602294911382",#,"-0.689626259013298,3.3503076687345397",#,#,1.0,0.01734152991583261,0.4444444444444444,1,139.2011928627831,9655,9324,0.35294117647058826,0.0004876219216831818,12,27
#,#,0.0,#,"1.7843362461298131,5.111212617529356",#,#,#,#,#,#,#,#,#,#,#,#,1.0,0.2535525376,0.76,1,164.13293332039353,9944,9326,0.11764705882352941,0.0005749578341335175,19,25
#,#,0.0,#,"1.7843362461298131,5.111212617529356",#,#,#,"-2.8962154143528154,2.620117295346995","-5.050140063868855,0.6868496790030638",#,#,"-0.8611848327552905,3.13602294911382",#,#,"-2.3749789150819285,-0.025258392315964606",#,1.0,0.03125,0.5,1,180.0,9856,9326,0.35294117647058826,0.0006305401850219307,2,4
#,2.0,#,#,"-6.160280652451897,0.3017144216799241","-5.32342511488184,0.9680962280578804","-2.2372928953661932,1.8064487460063188",#,"-3.3664196982331682,4.312282503867113",#,"-3.913737157929171,2.340681465229291","-2.1089436966252286,0.04611094291799489","-2.298111372984801,1.7879258983171924",#,#,"-0.3021581835427507,2.3513340437324697",#,0.0,0.08648873310982921,0.6129032258064516,1,207.80980813391517,9982,9327,0.5294117647058824,0.0007279579715007266,19,31
#,2.0,#,#,"-6.160280652451897,0.3017144216799241","-5.32342511488184,0.9680962280578804","-2.2372928953661932,1.8064487460063188",#,"-3.336908183275525,0.1408553141441624",#,"-3.913737157929171,2.340681465229291","-2.1089436966252286,0.04611094291799489","-2.298111372984801,1.7879258983171924",#,#,"-0.3021581835427507,2.3513340437324697",#,0.0,0.06504222973314074,0.5789473684210527,1,201.45056501121024,9923,9327,0.5294117647058824,0.0007056815363052278,11,19
#,#,#,#,#,"-5.32342511488184,2.7267072295446515",#,#,#,#,#,"-2.4125119750616584,2.965346826612948",#,"-1.321529330127873,3.4794152390174493",#,"-1.5738845359587559,1.6232801403612744",#,0.0,0.034207254906776535,0.5091240875912408,1,178.76896753109855,9997,9331,0.23529411764705882,0.0006752525313630509,279,548
2.0,#,#,1.0,"-1.3249889430791635,6.6452876650313994",#,"-2.4938486298100324,6.2798779059513326",#,"-1.7888487497090786,2.620117295346995",#,"-1.640798734940871,2.2786369355717655","-3.2513279711390553,-0.1726784860773074",#,#,#,"-0.3547488816844052,2.6787821132132352","-8.780854370825324,2.360568520026181",1.0,0.3666478320532007,0.8181818181818182,1,158.2377984,9898,9333,0.5294117647058824,0.0005543071704477721,9,11
#,2.0,#,0.0,#,"-5.297340419429549,3.3568286738966764",#,#,#,#,#,#,"-2.298111372984801,1.7879258983171924","-3.284050622532223,2.357901020091337",#,#,"-3.158171280634813,3.17589396090194",1,0.013030752342177864,0.41975308641975306,2,183.7193685785765,9979,9339,0.35294117647058826,0.023458524887711107,34,81
#,2.0,#,0.0,"-6.160280652451897,1.4779010969873934","-5.297340419429549,1.517565223430081",#,#,#,"-4.285920005984353,3.131493108516378","-3.913737157929171,2.340681465229291","-0.6518165163382932,0.9426777922809271",#,"-1.321529330127873,3.4794152390174493",#,"-2.938319228603314,1.6232801403612744",#,0.0,0.11798236980223087,0.6521739130434783,1,214.83857480662203,9773,9339,0.5294117647058824,0.0007525797483800854,15,23
#,2.0,#,0.0,#,"-5.297340419429549,3.3568286738966764",#,#,#,#,#,#,#,"-3.284050622532223,2.357901020091337",#,#,"-3.158171280634813,3.17589396090194",1,0.010240000000000003,0.4,1,183.73472784446062,9979,9347,0.29411764705882354,0.007463568938046463,32,80
#,#,#,#,"-6.160280652451897,-2.107580708787543",#,"-1.8378802894513726,1.7565567251019718",#,#,#,#,#,#,"-1.321529330127873,3.4794152390174493",#,"-1.5738845359587559,1.6232801403612744",#,0.0,0.13952361225946727,0.6744186046511628,1,212.63395964729233,9929,9352,0.23529411764705882,0.0007448569792108303,58,86
#,#,#,0.0,"-4.700465497872565,0.3017144216799241",#,#,#,#,"-1.8406124410555331,0.6921042537716231",#,#,#,#,#,"0.2552836923737025,3.4861494111769025","-2.2420779878599406,1.8211059228218394",0.0,0.03943364769872244,0.5238095238095238,1,208.66791176227258,9982,9354,0.29411764705882354,0.0007309639093929071,11,21
#,#,#,0.0,"-4.700465497872565,0.3017144216799241",#,#,#,#,"-1.8406124410555331,0.6921042537716231",#,#,#,#,#,"0.2552836923737025,3.4861494111769025","-1.7437629799461376,1.3227909149080361",1,0.01734152991583261,0.4444444444444444,1,207.59526688751617,9934,9354,0.29411764705882354,0.0007272064332940641,8,18
0.0,2.0,5.0,#,#,#,"-0.35749940290528537,2.068745581918222","-4.869666436092268,1.0532026860299073","-4.293626645749481,4.312282503867113",#,#,#,#,#,#,"-0.8452606297755229,1.5778886593268773",#,0.0,0.014458261438686257,0.42857142857142855,1,206.11359188288407,9788,9359,0.4117647058823529,0.0007220161242298247,9,21
#,#,#,#,#,#,"-0.8068040297244534,2.5180502087373897",#,#,"-5.525487379311076,2.5308311762293862","-2.0511599001392593,2.3700158392505832","-2.035191375756273,1.5822217691912805","-1.2801280506659094,1.1098182778314831","-1.6627380995474963,3.498908254904805",#,#,#,0.0,0.0335810884056647,0.5072463768115942,1,189.2579983398743,9963,9359,0.35294117647058826,0.0006629709627228033,140,276
#,#,5.0,#,"-2.1006571200866855,5.111212617529356","-0.6568349939448421,4.0140463029550215","-1.73969877905602,6.2798779059513326","0.05659417638497377,3.5339888143281977","-1.7888487497090786,2.62421741805077","-4.143416782951962,0.5501489476751009","-3.0380627564110596,2.465825631968387",#,#,"-1.3582128940221352,1.7173922205865868","-0.689626259013298,2.4166382290434587",#,"-8.780854370825324,2.360568520026181",1.0,0.13168724279835387,0.6666666666666666,1,184.95998352550265,9973,9360,0.6470588235294118,0.0006479150124101317,14,21
#,#,5.0,1.0,"-2.1006571200866855,5.111212617529356",#,#,"0.05659417638497377,3.5339888143281977","-1.7888487497090786,2.62421741805077",#,"-3.0380627564110596,2.465825631968387",#,#,"-1.3582128940221352,1.7173922205865868","-0.689626259013298,2.4166382290434587",#,"-8.780854370825324,2.360568520026181",1.0,0.06845877461429264,0.5849056603773585,1,188.55339984578208,9973,9360,0.5294117647058824,0.0006605027534737417,31,53
0.0,#,#,#,"-6.815945575803171,-1.2688186249360722",#,#,#,#,#,#,#,"-2.298111372984801,1.7879258983171924",#,#,#,#,0.0,0.10088920205974097,0.6320754716981132,1,215.63053493337767,9988,9363,0.17647058823529413,0.0007553539855181658,67,106
0.0,#,2.0,#,"-5.022644740788682,-0.1740484023777018",#,"-3.179488678075136,0.8642529632973761","-3.1175488901707165,3.158924358645318",#,"-0.3762960415678389,1.6149136623345515",#,"-2.4125119750616584,2.965346826612948",#,"-2.9793096056871544,3.4794152390174493","-2.4035092412798447,1.732593628258118",#,#,0.0,0.10979242280002384,0.6428571428571429,1,217.291540992,9804,9363,0.5294117647058824,0.0007611724914488673,9,14
#,#,1.0,1.0,"0.880419147626017,6.30463517259015",#,#,#,#,#,#,#,#,#,#,#,#,1.0,0.18593443208187066,0.7142857142857143,1,172.72007313245993,9898,9365,0.17647058823529413,0.0006050385937219038,30,42
0.0,0.0,#,#,"-0.4107893573261929,5.111212617529356",#,"-2.2426381766558765,3.0683917803742955","-0.9347571388115801,3.5339888143281977","-2.8962154143528154,2.620117295346995",#,#,#,#,#,#,#,"1.134993897337118,3.5115731658491027",1.0,0.03125,0.5,1,202.92000000000002,9709,9365,0.4117647058823529,0.0007108289685813899,3,6
0.0,2.0,5.0,1.0,"-0.4107893573261929,5.111212617529356",#,#,"-1.3554958168398166,3.9763747579164734",#,"-1.4179607474037133,2.522808817743411",#,"-0.4425908071051857,2.2512274923238436",#,#,"-2.044719663877573,3.3503076687345397","-1.9058092998400178,0.6647336687695136",#,1,0.06092699470458736,0.5714285714285714,1,218.71200000000002,9815,9369,0.5882352941176471,0.0007661483608139807,4,7
#,#,#,#,"-6.160280652451897,-2.107580708787543","-5.32342511488184,2.7267072295446515",#,"-3.1175488901707165,3.158924358645318",#,#,#,"-2.4125119750616584,2.965346826612948",#,"-0.41498068688549705,2.510594909937434",#,"-1.5738845359587559,1.6232801403612744",#,0.0,0.0998510187910895,0.6307692307692307,1,200.69252113282087,9938,9376,0.35294117647058826,0.0007030261078200368,41,65
#,#,#,#,#,#,#,#,#,#,#,"-2.4125119750616584,2.965346826612948","-2.298111372984801,1.7879258983171924","-2.9793096056871544,3.4794152390174493",#,#,#,0.0,0.03151348923282702,0.5008403361344538,1,178.53391902622724,9997,9376,0.17647058823529413,0.0006739660076846595,298,595
#,2.0,#,#,"1.7843362461298131,5.111212617529356",#,"-2.5820935030516297,2.9892838695060537",#,#,"-3.516076790650669,2.7043883160380675","-1.0786270584618407,2.257062873889339",#,#,#,"-3.270522192560163,1.1732910323577557",#,#,1.0,0.051983837228233604,0.5535714285714286,1,170.77179880400246,9979,9378,0.35294117647058826,0.0005982137867466869,31,56
0.0,#,#,1.0,"-1.7551451188382274,5.111212617529356","-1.5421714183757262,3.027468927011802",#,#,#,"-0.8537127840275689,2.4396472188462215",#,#,#,#,"-0.6366717984937571,0.6631968636509954","-3.3004197133980506,0.6647336687695136",#,1.0,0.018946175363929542,0.4523809523809524,1,202.94105846474804,9815,9385,0.4117647058823529,0.0007109027364050483,19,42
#,#,#,#,"-6.160280652451897,-2.107580708787543","-5.32342511488184,2.7267072295446515",#,"-3.1175488901707165,3.158924358645318",#,#,#,"-2.4125119750616584,2.965346826612948","-2.298111372984801,1.7879258983171924",#,#,"-1.5738845359587559,1.6232801403612744",#,0.0,0.1383367902011654,0.6732673267326733,3,206.7463156714594,9988,9398,0.35294117647058826,0.002172697668934742,68,101
0.0,#,#,#,#,#,#,#,#,#,#,#,#,"-2.9793096056871544,3.4794152390174493",#,#,#,0.0,0.034675556473384425,0.5105105105105106,1,191.42096396763557,9997,9398,0.11764705882352941,0.0006705478335401626,170,333
#,#,#,1.0,"-1.7112614627920495,5.111212617529356","-4.326684604277345,3.82437305040284","-0.5597033451751937,6.2798779059513326","-4.308669840530996,3.9763747579164734",#,#,#,"-2.87729410265943,-0.029543328977313266","-1.7832800208283266,3.13602294911382","-1.0844363469978475,2.2162130442895616","-0.6366717984937571,3.2714818065869467",#,"-1.7722266442483492,1.3434992674579562",1.0,0.06987243415118785,0.5873015873015873,1,192.8506013350504,9973,9402,0.5882352941176471,0.0006755558547077404,37,63
#,#,1.0,#,#,#,#,#,#,#,#,#,#,#,"-2.044719663877573,2.4166382290434587",#,#,1.0,0.043151275720164604,0.5333333333333333,1,196.46832632873733,9972,9402,0.11764705882352941,0.0006882287490792839,56,105
#,1.0,#,0.0,#,#,"-2.295914658551342,1.9275488335488378",#,#,#,"-2.0511599001392593,2.3700158392505832","-2.035191375756273,1.5822217691912805",#,"-1.6627380995474963,3.498908254904805",#,#,#,0.0,0.03125,0.5,1,151.19968057395118,9850,9412,0.35294117647058826,0.0005296526364686444,10,20
#,#,#,#,"-6.160280652451897,-2.107580708787543","-5.32342511488184,2.7267072295446515",#,"-3.1175488901707165,3.158924358645318","-4.0843042561844545,2.5352949954553172",#,#,"-2.4125119750616584,2.965346826612948","-2.298111372984801,1.7879258983171924",#,#,"-1.5738845359587559,1.6232801403612744",#,0.0,0.15359020233154297,0.6875,1,206.75867781308398,9988,9417,0.4117647058823529,0.0007242758609063985,66,96
#,0.0,#,1.0,"1.7843362461298131,5.111212617529356",#,"-2.4938486298100324,4.155859847113654",#,"-2.8962154143528154,2.620117295346995","-3.4575509652177208,2.7264949574677315",#,#,"-1.869208291078781,3.40025315036931",#,#,#,#,1.0,0.2731986815017553,0.7714285714285715,1,184.7828867041976,9973,9418,0.4117647058823529,0.0006472946420630623,27,35
#,0.0,#,1.0,"1.7843362461298131,5.111212617529356",#,"-2.4938486298100324,4.155859847113654","-0.9347571388115801,3.0393085041564314","-2.8962154143528154,2.620117295346995","-3.4575509652177208,2.7264949574677315","-1.3263026721890732,3.0100942398674606",#,"-1.869208291078781,3.40025315036931",#,#,#,#,1.0,0.3437397318290407,0.8076923076923077,2,192.7703780123145,9973,9418,0.5294117647058824,0.00135054966465147,21,26
3.0,#,#,0.0,#,#,#,#,#,#,#,"-1.732392244444749,2.1159196118824353","0.11435017558569305,2.5042965040830856","-3.332117230325075,0.868709267677082","-3.329875770008803,1.1369899906274274","-2.938319228603314,1.6232801403612744",#,0.0,0.28462802079628785,0.7777777777777778,1,174.33856,9906,9419,0.4117647058823529,0.0006107081548825387,7,9
3.0,#,#,#,#,#,#,#,#,"-1.878276025268764,4.026826245091794",#,"-1.732392244444749,2.1159196118824353","-0.5629777679961823,1.518588389082192",#,"-3.329875770008803,1.1369899906274274","-2.938319228603314,1.6232801403612744",#,0.0,0.1043582467665522,0.6363636363636364,1,190.15705679644356,9906,9419,0.35294117647058826,0.0006661203654203073,35,55
#,#,#,#,"-6.160280652451897,-2.107580708787543",#,#,"-3.1175488901707165,3.158924358645318","-4.0843042561844545,2.5352949954553172",#,#,"-2.4125119750616584,2.965346826612948","-2.298111372984801,5.510757901514746",#,#,#,#,0.0,0.13473542943342093,0.6697247706422018,1,205.40689578669708,9988,9423,0.29411764705882354,0.000719540567078469,73,109
0.0,#,#,0.0,"-4.612100267384468,-1.5125482531192485",#,#,#,#,#,"-2.0511599001392593,2.3700158392505832","-2.035191375756273,1.5822217691912805","-2.531645923220931,2.942102119466645","-1.6627380995474963,3.498908254904805",#,"-2.099228025723319,1.939354122780681",#,0.0,0.3276800000000001,0.8,1,229.15433900728647,9835,9425,0.47058823529411764,0.0008027278850901814,16,20
#,#,#,1.0,#,#,"-2.4938486298100324,4.155859847113654","-0.9347571388115801,3.0393085041564314",#,#,#,#,"-1.869208291078781,3.40025315036931",#,#,"-3.3004197133980506,2.6787821132132352",#,1.0,0.05590838319365496,0.5616883116883117,1,183.84608780708137,9973,9432,0.29411764705882354,0.0007030418400279536,173,308
#,#,#,0.0,"-4.612100267384468,-1.5125482531192485",#,#,#,"-0.6897403604462475,2.419465348657282",#,"-2.0511599001392593,3.3038191628321494","-2.035191375756273,1.5822217691912805","-2.531645923220931,2.942102119466645","-1.6627380995474963,2.4420402189748494",#,#,#,0.0,0.3137972914145376,0.7931034482758621,1,211.46016532111238,9982,9438,0.4117647058823529,0.0007407451764796792,23,29
#,#,#,0.0,"-4.612100267384468,-1.5125482531192485","-2.7520839679418008,0.7262318914517145",#,#,#,#,"-2.0511599001392593,2.3700158392505832",#,#,"-1.6627380995474963,3.498908254904805","-1.8631383172200287,1.9677351525367976",#,#,0.0,0.16806999999999994,0.7,1,217.28401385381582,9982,9438,0.35294117647058826,0.0007611461238760711,21,30
0.0,#,#,#,#,#,"-4.677093338024809,0.8642529632973761",#,"-4.12056540088707,-0.07042770270866239","-1.4198433575462284,1.265332644250397",#,#,#,#,#,#,"-0.6331741082795135,3.6600013445163295",0.0,0.05688464101433706,0.5636363636363636,1,192.7478238576167,9997,9457,0.29411764705882354,0.0006751958250986453,31,55
#,#,#,#,"-6.160280652451897,-2.107580708787543",#,#,"-3.1175488901707165,3.158924358645318",#,#,#,"-2.4125119750616584,2.965346826612948",#,#,#,#,#,0.0,0.1172625283295594,0.6513761467889908,1,205.40209857372832,9988,9462,0.17647058823529413,0.0007195237624365084,71,109
#,#,#,#,"-6.160280652451897,0.7925113630332825",#,#,#,#,"-1.722338618835296,2.0467368921228",#,"-2.4638899396416156,1.6922868651917435",#,"-1.7850004174242968,2.3408113216849644",#,#,#,0.0,0.07307706433667734,0.5925925925925926,1,205.8690541567144,9982,9465,0.23529411764705882,0.0007438143391491325,144,243
#,#,#,#,#,"-3.239104450471593,2.4954538925932863",#,"-3.8512669221020324,0.4803836298977662",#,#,"-3.3880340896773022,5.2625417590839145",#,#,#,#,"-1.5738845359587559,2.3513340437324697",#,0.0,0.042144822940271796,0.5308219178082192,1,181.0757454933114,9997,9465,0.23529411764705882,0.0006764108690607865,155,292
#,#,1.0,#,"-0.4107893573261929,5.111212617529356",#,"-0.5597033451751937,2.1361244157398143","-4.308669840530996,3.9763747579164734",#,#,#,#,#,"-1.0844363469978475,2.2162130442895616","-2.044719663877573,3.2714818065869467",#,"-0.8797523063113197,1.1434648163369374",1.0,0.3540925979614258,0.8125,1,167.50306593996802,9885,9472,0.4117647058823529,0.000586763412164045,13,16
#,#,#,1.0,"-0.4107893573261929,5.111212617529356",#,#,#,#,#,#,#,#,#,"-0.02086098465146735,3.3503076687345397",#,#,1.0,0.11915514755361713,0.6534653465346535,1,174.44037110054774,9973,9479,0.17647058823529413,0.000611064799272409,66,101
#,2.0,#,#,#,#,"-2.2426381766558765,2.879434569082639",#,"-3.336908183275525,4.312282503867113","-3.516076790650669,2.7043883160380675",#,#,"-1.7832800208283266,1.3897182344971433","-4.028093861386719,1.786821995661154",#,"-3.3004197133980506,0.6647336687695136",#,1.0,0.0332785580508952,0.5063291139240507,1,193.72226681470502,9979,9479,0.4117647058823529,0.0006786092997789552,80,158
#,2.0,5.0,#,#,#,"-2.2426381766558765,2.879434569082639",#,"-3.336908183275525,4.312282503867113","-3.516076790650669,2.7043883160380675",#,#,"-1.7832800208283266,1.3897182344971433","-4.028093861386719,1.786821995661154",#,"0.13597672436008823,0.6647336687695136",#,1.0,0.01183710753970294,0.4117647058823529,1,199.1053707763712,9961,9481,0.47058823529411764,0.0006974663184899623,7,17
#,0.0,#,#,"-6.357376813432612,0.6166152186641307",#,#,"-4.308669840530996,4.348414082983151",#,#,#,#,#,#,"-0.8779129549474121,3.907421904694893","-3.3004197133980506,1.9215428747451222",#,1.0,0.019620349370861486,0.45555555555555555,1,185.19504295190538,9994,9495,0.29411764705882354,0.0006487384258224379,41,90
3.0,#,#,1.0,#,#,"-3.788878788609802,2.0520813600393826","-0.3307241403822047,3.194744574595675",#,#,#,"0.18349601304616459,2.107651941209757",#,#,#,"-3.3004197133980506,4.347845278751323","-2.4202085372930195,-0.19695696352374337",1.0,0.012558674125514407,0.4166666666666667,1,183.88027391999998,9761,9504,0.4117647058823529,0.0006441327885522227,5,12
#,#,5.0,1.0,"1.7843362461298131,6.784599247218066",#,"-0.8394615703489012,3.3840019217512785",#,"-2.8962154143528154,2.62421741805077",#,#,#,#,#,"-2.044719663877573,3.2714818065869467",#,#,1.0,0.14995078952820548,0.6842105263157895,1,187.66931491616546,9973,9504,0.35294117647058826,0.0006574058030565442,26,38
#,#,#,#,#,#,#,#,#,#,#,#,#,"-1.321529330127873,3.4794152390174493",#,"-1.5738845359587559,1.6232801403612744",#,1,0.03239039161017185,0.5035971223021583,1,178.7689672645453,9994,9511,0.11764705882352941,0.0006752525299040876,210,417
0.0,#,#,#,"-5.022644740788682,-1.2688186249360722","-5.32342511488184,2.7267072295446515",#,"-3.1175488901707165,3.158924358645318",#,#,#,"-2.4125119750616584,2.965346826612948",#,"-1.321529330127873,3.4794152390174493",#,#,"-1.0586250369960277,1.087962689401894",0.0,0.12646223009721802,0.6612903225806451,1,216.21397878488148,9988,9511,0.4117647058823529,0.0007573977899297053,41,62
#,#,5.0,#,"1.7843362461298131,6.784599247218066",#,"-0.8394615703489012,3.3840019217512785",#,"-2.8962154143528154,2.62421741805077",#,#,#,#,#,"-2.044719663877573,3.2714818065869467",#,#,1.0,0.14082878195139625,0.6756756756756757,1,187.67020227158562,9973,9514,0.29411764705882354,0.0006574089114634932,25,37
#,#,#,0.0,"-5.022644740788682,-0.9268081505096428","-3.301927591068383,1.7664755183335958","-3.738600943887914,-0.3238857800622372","-2.1433814405302334,1.9230660164491706","-0.4391573219774585,3.1715331789169623",#,#,#,#,#,#,"-2.938319228603314,1.6232801403612744","-5.463372779772042,1.5910032294296377",0.0,0.17831521367830508,0.7083333333333334,1,220.75365970279975,9982,9515,0.47058823529411764,0.0007733002968515094,17,24
#,#,#,0.0,"-5.022644740788682,-0.9268081505096428",#,#,"-2.1433814405302334,1.9230660164491706","-0.4391573219774585,3.1715331789169623",#,#,#,#,#,#,"-2.938319228603314,1.6232801403612744","-5.463372779772042,1.5910032294296377",0.0,0.17256359665582893,0.7037037037037037,1,213.62961274206626,9982,9515,0.35294117647058826,0.0007483447530252549,19,27
#,2.0,#,0.0,"-4.700465497872565,-0.9268081505096428",#,"-4.677093338024809,0.8642529632973761","-6.357078514791986,0.3967237137977504",#,"-4.285920005984353,0.6921042537716231","-1.4958580303431328,3.257500123257299",#,"-3.5675639806740356,1.8892174053440793",#,#,"-2.938319228603314,1.6232801403612744",#,0.0,0.512908935546875,0.875,1,244.5248,9929,9522,0.5294117647058824,0.0008565706257469478,7,8
#,#,0.0,#,#,#,#,#,"-2.8962154143528154,2.620117295346995","-5.050140063868855,0.6868496790030638",#,#,"-0.8611848327552905,3.13602294911382",#,#,"-2.3749789150819285,-0.025258392315964606",#,0,0.023078380428451596,0.47058823529411764,1,182.810776518656,9889,9524,0.29411764705882354,0.0006403863380559789,8,17
#,0.0,0.0,#,"1.7843362461298131,5.111212617529356",#,#,#,"-2.8962154143528154,2.620117295346995","-5.050140063868855,0.6868496790030638",#,#,"-0.8611848327552905,3.13602294911382",#,#,"-2.3749789150819285,-0.025258392315964606",#,1.0,0.1,1.0,1,227.0,9524,9524,0.4117647058823529,0.0007951812333332126,0,0
#,#,#,#,#,"-3.239104450471593,3.457607096413822",#,"-3.8512669221020324,1.3651422818375276",#,"-1.5305613763711072,3.163004354255956","-3.3880340896773022,5.2625417590839145",#,#,#,#,#,#,0.0,0.030254859120342058,0.4967741935483871,1,180.57366176208538,9997,9530,0.23529411764705882,0.000674212369277566,154,310
#,#,#,#,#,"-2.7039809973689755,2.4954538925932863","-4.677093338024809,2.041019421123762",#,"-4.131380041286297,1.3849526684135136",#,#,#,#,#,#,"-1.5738845359587559,2.3513340437324697",#,0.0,0.03331883385469587,0.5064516129032258,1,193.47708180988528,9997,9530,0.23529411764705882,0.0006777504164550461,157,310
#,2.0,#,#,"1.7843362461298131,5.111212617529356",#,#,#,#,#,#,#,"-0.8611848327552905,3.13602294911382",#,#,#,#,1.0,0.10595390899440861,0.6382978723404256,1,181.62949422568812,9979,9532,0.17647058823529413,0.0006362483049694727,30,47
#,#,#,#,"1.7843362461298131,5.111212617529356",#,#,#,#,#,#,#,"-0.8611848327552905,3.13602294911382",#,#,"-3.144176021578927,-0.5007404334672183",#,1.0,0.28462802079628785,0.7777777777777778,1,167.76034502901763,9973,9532,0.17647058823529413,0.0005876646610774429,14,18
0.0,#,#,#,#,#,#,"-4.869666436092268,1.0532026860299073",#,"-2.186158580596839,1.2836253505774533",#,#,"-1.2801280506659094,1.1098182778314831","-1.321529330127873,3.4794152390174493",#,#,"-1.0586250369960277,1.087962689401894",0.0,0.02744384574697083,0.48717948717948717,1,193.3111227910691,9997,9538,0.35294117647058826,0.0006771690618415437,38,78
0.0,#,#,#,#,#,#,"-4.869666436092268,1.0532026860299073",#,"-2.186158580596839,1.2836253505774533","-1.9580817785804743,2.2115306368585004",#,"-1.2801280506659094,1.1098182778314831",#,#,#,"-1.0586250369960277,1.087962689401894",0.0,0.025750313847269852,0.4810126582278481,1,193.2145927331714,9997,9539,0.35294117647058826,0.0006768309169495049,38,79
#,#,#,1.0,"-5.022644740788682,-1.2688186249360722","-5.32342511488184,2.7267072295446515",#,"-4.940002885628085,1.601673458208346",#,"-1.4187306761472194,1.2836253505774533",#,#,"-2.213699202287633,4.747855413046093","-1.321529330127873,3.4794152390174493","-2.6226008086448234,1.514742538692549",#,"-1.0586250369960277,1.087962689401894",0.0,0.09760600620741218,0.627906976744186,1,220.49129372304782,9892,9549,0.5294117647058824,0.0008078414894379578,27,43
#,#,#,0.0,"-4.612100267384468,-1.5125482531192485",#,#,#,"-0.6897403604462475,2.419465348657282","-0.44115281468059697,4.607986077357607","-2.0511599001392593,3.3038191628321494","-2.035191375756273,1.5822217691912805","-2.531645923220931,2.942102119466645","-1.6627380995474963,3.498908254904805",#,#,#,0.0,0.3276800000000001,0.8,1,208.46553811412582,9925,9550,0.47058823529411764,0.0007302549942954291,16,20
#,#,#,1.0,"-0.4107893573261929,5.111212617529356","-4.326684604277345,3.027468927011802",#,#,"-0.7797358526259717,2.62421741805077","-0.40896790110913395,1.7860529564084437",#,#,"-0.2208143691716309,2.014941873616252","-0.7314109802375048,3.1693564821930695",#,#,#,1.0,0.06391305182160717,0.5769230769230769,1,211.2351244429298,9860,9552,0.4117647058823529,0.0007399568580520861,15,26
#,#,#,#,"-6.160280652451897,0.3017144216799241","-5.32342511488184,2.7267072295446515",#,#,"-3.336908183275525,4.312282503867113",#,"-3.913737157929171,2.340681465229291",#,#,#,#,"-0.3021581835427507,2.3513340437324697","-1.226131424232172,5.016948403268922",0.0,0.08908632773796363,0.6165413533834586,1,203.48563023628105,9988,9553,0.35294117647058826,0.0007128103718804935,82,133
#,2.0,#,#,"-6.160280652451897,0.3017144216799241","-5.32342511488184,2.7267072295446515",#,#,#,#,"-3.913737157929171,2.340681465229291",#,"-2.298111372984801,1.7879258983171924",#,#,"-0.3021581835427507,2.3513340437324697","-1.226131424232172,5.016948403268922",0.0,0.10049355861780968,0.631578947368421,1,216.06376980165163,9982,9553,0.4117647058823529,0.0007568716077070515,36,57
#,0.0,1.0,1.0,#,#,#,"-1.3554958168398166,3.5339888143281977","-2.8962154143528154,2.620117295346995",#,"-1.1843251421276348,1.8177957969884266",#,"-1.7832800208283266,2.3544017686778975",#,"-0.02086098465146735,3.3503076687345397",#,#,1.0,1.0,1.0,1,192.4608,9761,9558,0.47058823529411764,0.0006741903802303823,8,8
#,#,#,1.0,"-0.4107893573261929,5.111212617529356",#,#,#,#,#,#,#,#,#,#,"-3.3004197133980506,0.6647336687695136",#,1.0,0.12437314232952602,0.6590909090909091,1,169.38755593890818,9973,9558,0.17647058823529413,0.0006252311940315863,87,132
#,#,#,0.0,"-5.022644740788682,-0.9268081505096428",#,"-4.677093338024809,0.8642529632973761","-3.1175488901707165,3.158924358645318",#,#,"-4.263433307511462,0.07296360454507234",#,"-3.5675639806740356,1.8892174053440793","-1.321529330127873,3.4794152390174493",#,#,#,0.0,0.10979242280002384,0.6428571428571429,1,205.8635111424,9835,9561,0.4117647058823529,0.0007211400911388511,9,14
#,0.0,#,1.0,#,#,#,"-1.4768482889048127,3.5339888143281977","1.8599445785955413,2.620117295346995","-3.4575509652177208,2.7264949574677315","-4.3947311045682245,2.401633367154215",#,"-1.869208291078781,1.96309083261847",#,#,#,#,1.0,0.512908935546875,0.875,1,206.20639999999997,9972,9564,0.4117647058823529,0.0007223412311594791,7,8
#,#,#,#,#,#,"-2.4766961858663654,0.03940972432097545",#,#,#,"-1.5178023033584218,-0.4752954340555884",#,"-1.2749009672812228,3.40025315036931","-1.3582128940221352,1.7173922205865868","-0.689626259013298,2.4166382290434587","-2.7192322378804734,-0.4429404814509461","-0.8797523063113197,1.3434992674579562",0,0.18593443208187066,0.7142857142857143,1,219.07999999999998,9743,9564,0.4117647058823529,0.0007674374651922476,5,7
0.0,0.0,#,#,#,"-3.102353066570156,1.0716259647020618",#,#,#,"-3.4575509652177208,2.7043883160380675",#,"0.18349601304616459,2.107651941209757",#,#,#,#,#,1.0,0.1134276198236865,0.6470588235294118,2,211.0303051800576,9972,9581,0.29411764705882354,0.0014784787519274225,11,17
2.0,#,#,1.0,#,#,"-2.4938486298100324,6.2798779059513326",#,#,#,#,"-3.2513279711390553,-0.1726784860773074",#,#,#,"-0.3547488816844052,2.6787821132132352","-8.780854370825324,2.360568520026181",1.0,0.28462802079628785,0.7777777777777778,1,157.74208000000002,9961,9585,0.35294117647058826,0.0005525706683830234,7,9
2.0,#,#,1.0,#,#,"-2.4938486298100324,6.2798779059513326",#,"-1.7888487497090786,2.620117295346995",#,#,"-3.2513279711390553,-0.1726784860773074",#,"-0.3091331550128604,2.9165014773816527",#,"-0.3547488816844052,2.6787821132132352","-8.780854370825324,2.360568520026181",1.0,0.03125,0.5,1,133.0,9898,9585,0.47058823529411764,0.0004658991367106488,2,4
#,#,#,#,"-6.160280652451897,0.3017144216799241","-5.32342511488184,2.7267072295446515",#,#,#,"-2.846200921000215,-0.9261058493800527","-3.913737157929171,2.340681465229291","-2.8808877472821477,-0.18706944785311852","-2.298111372984801,2.5042965040830856",#,#,#,#,0.0,0.07775999999999998,0.6,1,185.26991233449985,9963,9586,0.35294117647058826,0.0006490006933466245,12,20
#,2.0,#,#,#,#,#,#,#,#,#,#,"0.11435017558569305,1.7879258983171924",#,#,"-0.3021581835427507,2.3513340437324697",#,0.0,0.015390751712381561,0.4339622641509434,1,197.66189238339462,9970,9586,0.17647058823529413,0.0006924098121956144,23,53
3.0,#,#,#,#,#,#,#,"-4.984978662259402,-0.07042770270866239","-4.285920005984353,0.6921042537716231",#,"-2.4125119750616584,3.4175621633320077",#,#,#,#,#,0.0,0.10737418240000002,0.64,1,162.46141341633455,9963,9590,0.23529411764705882,0.0005691024981914443,16,25
3.0,#,#,#,#,"-5.32342511488184,2.7267072295446515",#,#,"-4.984978662259402,-0.07042770270866239","-4.285920005984353,3.0472727684913985",#,"-0.3892027259582973,2.458548047723819","-2.298111372984801,1.7879258983171924",#,#,#,#,0.0,0.09895227559841319,0.6296296296296297,1,155.5812978860728,9963,9590,0.35294117647058826,0.0005450014464168692,17,27
#,#,#,#,"-6.160280652451897,-1.2688186249360722",#,"-1.8378802894513726,1.7565567251019718","-3.1175488901707165,3.158924358645318",#,#,#,#,"-2.298111372984801,1.7879258983171924",#,#,#,#,0.0,0.1281474705737889,0.6630434782608695,1,219.80958983835325,9982,9595,0.23529411764705882,0.0007699932191459442,61,92
#,#,#,#,"-0.4107893573261929,5.111212617529356",#,#,"-0.9347571388115801,3.5339888143281977","-3.336908183275525,4.312282503867113",#,#,#,#,#,#,#,#,1,0.10523299666283854,0.6374269005847953,1,154.78394435542026,9979,9597,0.17647058823529413,0.0005612856110465802,109,171
#,#,#,#,#,"-5.32342511488184,2.7267072295446515",#,"-0.9347571388115801,3.5339888143281977","-3.336908183275525,4.312282503867113",#,#,#,#,#,"-2.0987088278185526,2.574956805284775",#,#,0,0.024443294709391734,0.476027397260274,1,186.34545405040814,9988,9597,0.23529411764705882,0.0007167219689646274,139,292
#,#,#,#,#,#,#,#,#,"-2.2884690424030567,1.8361796299661794",#,#,"-3.1193462740096782,3.13602294911382",#,"-0.689626259013298,2.4166382290434587","-1.588567601582318,2.1562994815759366","-1.9883568201150301,1.6915078537099784",1.0,0.029926041737989195,0.4956896551724138,1,181.88422574307134,9994,9602,0.29411764705882354,0.0006799510029932184,115,232
2.0,2.0,1.0,#,#,#,#,"0.05659417638497377,3.5339888143281977",#,#,#,#,#,"-1.3582128940221352,1.7173922205865868",#,#,#,1.0,0.014462476940068185,0.6517441860465116,1,180.71200000000002,9602,9602,0.29411764705882354,0.0006330343217537954,0,0
#,2.0,#,#,"-6.160280652451897,4.459404396655014",#,#,"-3.910331139284657,2.992812059630934",#,"-5.525487379311076,4.726970732687057",#,#,"-4.463638550153579,0.933014449679243",#,#,"-2.6418220671452035,0.8523385404468903",#,0.0,0.025182731882073227,0.4788732394366197,1,203.07422548308918,9965,9605,0.35294117647058826,0.0007315764795034919,68,142
#,#,#,0.0,"-5.022644740788682,1.3892877638596568",#,#,"-0.9852343656750038,0.06771528602128085","-3.245394883354107,4.312282503867113",#,"-3.85262133766207,2.340681465229291",#,"-2.298111372984801,1.7879258983171924","-5.4641996347483115,3.8692877160993424",#,"-2.938319228603314,1.6232801403612744","-0.7392796732069618,2.863921153246692",0.0,0.5904900000000001,0.9,1,199.677184,9971,9605,0.5294117647058824,0.0006994693808001006,9,10
#,#,1.0,1.0,#,#,#,#,#,"-2.192562412134631,1.4342838342590087",#,#,#,#,#,"-3.3004197133980506,0.6647336687695136","-2.9651915400447235,1.3434992674579562",1.0,0.027781404364645906,0.4883720930232558,1,196.49803361944936,9898,9607,0.29411764705882354,0.0006883328137491842,21,43
#,#,#,1.0,#,#,"-0.5597033451751937,2.1361244157398143","-4.308669840530996,3.9763747579164734",#,#,#,#,"-1.7832800208283266,2.3544017686778975","-1.0844363469978475,2.2162130442895616","-2.044719663877573,3.3503076687345397",#,#,1.0,0.06577550563040965,0.5802469135802469,1,204.5867383150444,9994,9607,0.35294117647058826,0.0007166675546122302,94,162
#,#,#,#,"-5.022644740788682,0.7925113630332825",#,#,"-4.229788983586687,0.9858718851477644","-2.7257897114080802,1.5038377501252613",#,#,"-3.339358499060231,1.6634469141651085",#,"-1.321529330127873,3.4794152390174493",#,"-1.5738845359587559,2.3513340437324697","-4.210836634568473,1.30896037616904",0.0,0.13761815908027375,0.672566371681416,2,215.61588454368587,9982,9614,0.4117647058823529,0.0015106053303760327,76,113
#,0.0,#,#,#,#,"-2.4938486298100324,4.155859847113654",#,#,"-3.4575509652177208,2.7264949574677315",#,#,"-1.869208291078781,3.40025315036931","-2.7936105249410645,1.7822897675255702",#,"-3.146578691752747,1.2591472884334345",#,1.0,0.04181954930000001,0.53,1,177.7732586750267,9994,9618,0.35294117647058826,0.0006227399078716828,53,100
3.0,2.0,#,0.0,#,"-4.493902225486562,1.9658272276728226",#,#,#,#,#,"-1.732392244444749,2.1159196118824353","0.11435017558569305,2.5042965040830856","-3.332117230325075,0.868709267677082","-3.329875770008803,1.1369899906274274","-2.938319228603314,1.6232801403612744",#,0.0,1.0,1.0,2,226.0,9906,9619,0.5294117647058824,0.001583356464610626,2,2
3.0,#,#,0.0,#,#,#,#,#,#,#,"-1.732392244444749,2.1159196118824353","0.11435017558569305,2.5042965040830856","-3.4249179841797064,1.000952790501137","-3.329875770008803,1.1369899906274274","-2.938319228603314,1.6232801403612744",#,0.0,0.401877572016461,0.8333333333333334,1,181.6,9906,9619,0.4117647058823529,0.0006361449866665701,5,6
#,#,#,#,"-3.5505724868319133,-0.22962390011917866",#,"-2.2257768216691947,0.8294946407011483","-3.8888656931871957,-2.705357864938452","-5.393047844513039,3.6152275190244323","-4.285920005984353,2.7070962362297895",#,#,#,"-1.5428664423392373,2.357901020091337","-1.8671255675140452,0.3547810449449139","-2.938319228603314,1.6232801403612744",#,0.0,1.0,1.0,1,167.0,9620,9620,0.47058823529411764,0.0005850011716592357,1,1
#,0.0,#,0.0,"-3.5505724868319133,-0.22962390011917866",#,#,"-2.705357864938452,0.3967237137977504","-5.393047844513039,3.6152275190244323","-4.285920005984353,2.7070962362297895",#,#,#,"-1.5428664423392373,2.357901020091337",#,"-2.938319228603314,1.6232801403612744",#,0.0,0.620921323059155,0.9090909090909091,1,193.1765888,9953,9620,0.47058823529411764,0.0006766977891325413,10,11
#,0.0,#,#,"1.7843362461298131,5.111212617529356",#,"-2.4938486298100324,4.155859847113654",#,"-2.8962154143528154,2.620117295346995","-3.4575509652177208,2.7264949574677315",#,#,"-1.869208291078781,3.40025315036931",#,#,#,#,1.0,0.22481780895283973,0.7419354838709677,2,176.1087585198291,9973,9629,0.35294117647058826,0.001233818324234173,23,31
#,0.0,#,1.0,"1.7843362461298131,5.111212617529356",#,"-2.4938486298100324,4.155859847113654",#,"-2.8962154143528154,2.620117295346995","-3.4575509652177208,2.7264949574677315",#,"-2.442200632297774,0.48251637851088647","-1.869208291078781,3.40025315036931",#,#,#,#,1.0,0.2693290743429045,0.7692307692307693,1,181.77483776,9973,9629,0.47058823529411764,0.0006367574435195657,10,13
#,#,2.0,#,#,#,"-2.4766961858663654,0.03940972432097545",#,"-3.336908183275525,3.6152275190244323",#,#,#,"-1.2749009672812228,3.40025315036931",#,"-0.689626259013298,2.4166382290434587",#,"-0.8797523063113197,2.863921153246692",0,0.1991161489782947,0.7241379310344828,1,208.71759320530276,9982,9630,0.35294117647058826,0.0007311379435389093,21,29
#,#,#,0.0,"-6.160280652451897,-1.2688186249360722",#,#,"-3.892082047534725,2.7794733894096524",#,"-1.878276025268764,2.5308311762293862","-1.5178023033584218,-0.4752954340555884","-1.1097892775910976,0.8143666505724946",#,"-1.3582128940221352,0.5803362301913466",#,"-2.938319228603314,1.6232801403612744","-0.7392796732069618,1.3434992674579562",1,0.0,0.0,1,219.0,9630,9630,0.5294117647058824,0.0007671572251100157,0,4
0.0,#,#,0.0,#,"-3.102353066570156,1.0716259647020618",#,#,"-2.060144768494346,4.25856360807089","-3.4575509652177208,2.7043883160380675",#,"0.18349601304616459,2.107651941209757",#,#,#,#,#,1.0,0.002200925867886696,0.29411764705882354,1,211.69621983150083,9876,9631,0.35294117647058826,0.0007415720756722103,5,17
#,#,#,1.0,"-1.7551451188382274,5.111212617529356",#,"-0.2937523323204678,6.2798779059513326",#,"-1.7888487497090786,2.62421741805077",#,#,#,"-3.1193462740096782,3.13602294911382",#,"-0.689626259013298,2.4166382290434587",#,#,1.0,0.10737418240000002,0.64,1,188.22088497187443,9973,9644,0.35294117647058826,0.000707697657733152,64,100
#,#,#,0.0,#,#,#,"-2.705357864938452,0.3967237137977504","-5.393047844513039,3.6152275190244323",#,#,"-2.3186567086809875,1.529655147646197",#,#,#,"-2.938319228603314,2.3513340437324697",#,0.0,0.0972521051799771,0.6274509803921569,1,167.06566861448871,9997,9648,0.29411764705882354,0.0005852312088832904,32,51
#,#,#,0.0,"-5.164747504292822,0.3017144216799241",#,#,#,#,#,#,#,#,#,#,#,#,0.0,0.1981094971036366,0.723404255319149,1,197.18752792382134,9982,9648,0.11764705882352941,0.0006907481130061302,34,47
#,0.0,#,#,"-1.7551451188382274,5.111212617529356",#,#,#,"-1.7888487497090786,2.62421741805077",#,#,#,#,#,"-0.689626259013298,2.4166382290434587",#,#,1.0,0.10682523578800285,0.639344262295082,1,160.02685037471534,9986,9650,0.23529411764705882,0.000584242992515045,39,61
#,#,#,1.0,#,#,#,#,#,"-3.4575509652177208,2.7264949574677315",#,#,"-3.1193462740096782,3.40025315036931","-2.7936105249410645,1.7822897675255702",#,"-3.146578691752747,1.2591472884334345",#,1.0,0.04265868641325416,0.5321100917431193,1,202.40058671683624,9994,9650,0.29411764705882354,0.0007286267828902205,116,218
0.0,#,#,#,#,#,#,"-4.869666436092268,1.0532026860299073",#,"-2.186158580596839,1.2836253505774533",#,#,"-1.2801280506659094,1.1098182778314831",#,#,#,#,0.0,0.027781404364645906,0.4883720930232558,1,192.70947102526023,9997,9652,0.23529411764705882,0.0006750614750874777,42,86
0.0,#,#,#,#,"1.4536549500670832,4.435068543832953",#,"-4.869666436092268,1.0532026860299073",#,#,#,#,#,"-1.321529330127873,3.4794152390174493",#,#,"-1.0586250369960277,1.087962689401894",0.0,0.016028404235839844,0.4375,1,168.611080306688,9997,9652,0.29411764705882354,0.0005906447876295926,7,16
#,#,#,#,"-5.64882291226725,2.4321519820670714",#,#,"-6.357078514791986,1.0532026860299073",#,#,"-1.4958580303431328,3.257500123257299",#,"-3.5675639806740356,1.8892174053440793",#,#,"-2.938319228603314,1.6232801403612744",#,0.0,0.044589525830752326,0.5368421052631579,1,194.48160167401815,9997,9653,0.29411764705882354,0.0006812692505716491,102,190
0.0,2.0,#,0.0,"-4.700465497872565,-0.9268081505096428",#,"-4.677093338024809,0.8642529632973761","-4.869666436092268,0.3967237137977504",#,"-4.285920005984353,1.2836253505774533","-0.4465880989550237,3.5562398198663914",#,"-2.8518723416203624,1.1570698868268767",#,#,"-2.229462701960514,0.560830418824068",#,0.0,1.0,1.0,1,253.5,9835,9653,0.5882352941176471,0.0008880107605725525,2,2
#,#,#,1.0,"-0.4107893573261929,5.111212617529356",#,#,"-1.3554958168398166,3.5339888143281977",#,#,#,#,#,#,#,"-3.3004197133980506,0.6647336687695136",#,1.0,0.1281474705737889,0.6630434782608695,1,169.41660757383863,9973,9655,0.23529411764705882,0.0006253584039153659,61,92
#,#,#,1.0,"-0.4107893573261929,5.111212617529356","-3.323271445706748,3.4345993668292243","-2.4938486298100324,4.155859847113654","-0.9347571388115801,3.5339888143281977",#,#,#,"-0.21571988932667008,2.8629295957350775","-1.869208291078781,3.40025315036931",#,"-0.02086098465146735,3.3503076687345397",#,#,1.0,0.2373046875,0.75,1,171.2313861586426,9973,9655,0.47058823529411764,0.000599823721722401,21,28
#,#,#,#,#,#,#,#,#,#,#,"-2.4125119750616584,2.965346826612948",#,"-2.9793096056871544,3.4794152390174493","-2.6109730173274674,0.913430574848813","-1.5738845359587559,1.6232801403612744",#,1,0.028603282692162904,0.49122807017543857,1,184.689503760163,9994,9670,0.23529411764705882,0.0007076582258882534,112,228
#,#,#,#,"-5.022644740788682,0.3017144216799241",#,#,#,#,#,"-3.913737157929171,2.340681465229291",#,#,"-1.321529330127873,3.4794152390174493",#,"-2.6418220671452035,1.4271620290983051","-3.374098317197004,2.5688095232808754",0.0,0.12273235869974486,0.6573426573426573,1,203.59285514337108,9988,9675,0.29411764705882354,0.0007338474297948252,94,143
3.0,2.0,5.0,#,#,#,#,#,"-3.336908183275525,4.312282503867113",#,#,#,"-2.298111372984801,2.363878274384373","-3.6805373423614176,1.9455695746057566","-1.9277087851780337,1.1369899906274274","-3.198850250097186,1.6232801403612744",#,0.0,0.06092699470458736,0.5714285714285714,1,203.01600000000002,9675,9675,0.47058823529411764,0.0007111652566800683,4,7
#,#,#,#,#,#,#,#,#,#,#,"-2.4125119750616584,2.965346826612948",#,"-2.9793096056871544,3.4794152390174493",#,"-1.5738845359587559,1.6232801403612744",#,1,0.029167432617460975,0.4931506849315068,1,178.88832033381874,9994,9676,0.17647058823529413,0.0006759058016608813,144,292
0.0,2.0,#,#,"-5.6801574817339,2.2901191263766627","-5.32342511488184,2.7267072295446515",#,#,#,#,"-3.913737157929171,2.340681465229291",#,"-3.0498291270414484,-0.04312245570601925","-1.321529330127873,3.4794152390174493","-2.2040419299811473,-0.13537025631246125",#,"-3.374098317197004,2.5688095232808754",0.0,0.1043582467665522,0.6363636363636364,1,210.0238464,9866,9680,0.5294117647058824,0.0007357137498226309,7,11
#,#,2.0,#,"-5.022644740788682,0.3017144216799241",#,#,#,#,"-2.2306394047055744,2.747384855050402",#,#,#,"-2.0538035195391178,1.4718901484269784",#,"-2.6418220671452035,1.4271620290983051",#,0.0,0.2693290743429045,0.7692307692307693,2,207.0746085349694,9982,9680,0.29411764705882354,0.0014507651330998165,20,26
#,#,#,1.0,"-0.4107893573261929,5.111212617529356",#,#,#,#,#,#,#,#,#,#,"-3.3004197133980506,0.6647336687695136","-2.164135558938404,0.05911601483087181",1.0,0.13952361225946727,0.6744186046511628,1,182.39296039939086,9973,9683,0.23529411764705882,0.00063892272776072,29,43
#,#,#,1.0,#,#,#,"-1.3554958168398166,3.5339888143281977",#,#,#,#,#,#,#,#,"-2.049139787881373,-0.055879756226159705",1.0,0.03922566478885844,0.5232558139534884,1,205.51430061601053,9973,9683,0.17647058823529413,0.0007199168063059554,45,86
#,#,#,#,#,"-3.239104450471593,2.4954538925932863",#,"-4.229788983586687,0.4803836298977662",#,#,"-3.3880340896773022,5.2625417590839145","-2.4638899396416156,1.6634469141651085",#,"-1.321529330127873,3.4794152390174493",#,#,"-4.210836634568473,1.30896037616904",0.0,0.041939238830436674,0.5303030303030303,1,192.9134922783251,9997,9689,0.35294117647058826,0.0006757761617466773,70,132
2.0,#,#,1.0,#,#,"-2.4938486298100324,6.2798779059513326",#,"-1.7888487497090786,2.620117295346995",#,#,"-3.2513279711390553,2.965346826612948",#,#,"-2.6109730173274674,0.913430574848813","-1.5738845359587559,2.6787821132132352",#,1.0,0.28462802079628785,0.7777777777777778,2,165.56192,9952,9696,0.4117647058823529,0.0012059291218606098,7,9
#,#,#,#,#,#,#,#,#,#,#,"-2.4125119750616584,-0.1726784860773074",#,"-2.9793096056871544,3.4794152390174493",#,"-0.3547488816844052,1.6232801403612744","-8.780854370825324,2.360568520026181",1,0.016409411086281554,0.43956043956043955,1,165.29650723733306,9986,9696,0.23529411764705882,0.0005790338347605939,40,91
#,#,#,#,#,#,#,#,"-2.679142952597564,2.1351110485949976",#,#,"-2.4125119750616584,2.965346826612948",#,#,"-2.6109730173274674,0.913430574848813","-1.5738845359587559,1.6232801403612744",#,1,0.021967629587144172,0.46596858638743455,1,184.56074956156368,9994,9698,0.23529411764705882,0.0007069534976225661,89,191
#,#,#,#,#,#,#,#,#,#,#,"-2.4125119750616584,2.965346826612948","-1.5078889704856344,0.8820573580117581","-2.9793096056871544,3.4794152390174493",#,"-1.5738845359587559,1.6232801403612744",#,1,0.03125,0.5,1,177.42216732428525,9994,9698,0.23529411764705882,0.0006678809024429845,109,218
#,2.0,#,#,#,"-0.3705279229012506,3.9028315614964963",#,#,"-3.336908183275525,2.62421741805077","-5.525487379311076,4.726970732687057","-1.0168381347111326,2.340681465229291","-1.0128936983383232,2.2196882609765116","-0.3015486712262394,3.4761084286567354",#,#,#,#,0.0,0.023078380428451596,0.47058823529411764,1,182.258086121802,9970,9703,0.4117647058823529,0.000638450263027689,16,34
#,2.0,#,#,"-1.0685360186463893,6.680344017016659",#,#,"-3.910331139284657,0.06771528602128085","-1.7888487497090786,4.312282503867113",#,"-3.85262133766207,3.2361665290366215","1.1301623494308064,3.0543182775943984",#,"-1.321529330127873,3.4794152390174493",#,#,#,0,0.0009765625,0.25,1,149.25,9703,9703,0.4117647058823529,0.0005228229034140176,1,4
#,2.0,#,#,"-6.160280652451897,-1.2688186249360722",#,#,"-3.1175488901707165,3.158924358645318",#,#,"-3.913737157929171,2.340681465229291",#,#,#,#,#,#,0.0,0.2770383778382806,0.7735849056603774,1,215.7855790698586,9982,9706,0.23529411764705882,0.0007872363353540529,41,53
#,0.0,#,#,"-0.4107893573261929,5.111212617529356",#,#,#,"-2.8962154143528154,2.620117295346995",#,#,"-2.4125119750616584,2.965346826612948",#,#,"-2.6109730173274674,0.913430574848813",#,#,1,0.08082104508786613,0.6046511627906976,1,171.03675904512156,9921,9709,0.29411764705882354,0.0006324526442519373,26,43
#,#,#,#,"1.7843362461298131,5.111212617529356",#,#,"-3.2146460485244654,0.23299418674068062",#,#,#,#,"-0.8611848327552905,3.13602294911382",#,#,"-3.144176021578927,-0.5007404334672183",#,1.0,0.2373046875,0.75,1,172.25,9715,9715,0.23529411764705882,0.0006033919270557087,3,4
#,#,#,#,"-6.160280652451897,1.4779010969873934",#,#,"-4.869666436092268,1.0532026860299073",#,#,"-2.0511599001392593,2.3700158392505832","-2.1359716927808208,1.5822217691912805","-2.298111372984801,1.7879258983171924","-3.7854362387801688,1.8406706781870055",#,"-2.4153020081427257,1.5778886593268773",#,0.0,0.08457703295940151,0.6101694915254238,1,195.87293291265888,9997,9720,0.4117647058823529,0.0006861430853307564,72,118
0.0,#,#,#,#,"-5.297340419429549,0.8642476743532486",#,#,"-3.336908183275525,4.312282503867113","-3.7606217233834878,2.5308311762293862",#,"-2.035191375756273,0.9426777922809271",#,"-1.6627380995474963,3.498908254904805",#,"-0.8452606297755229,0.21911772386345008","-1.226131424232172,3.0697866795753286",0.0,0.051122245760098564,0.5517241379310345,1,217.93075992447723,9965,9720,0.47058823529411764,0.0007634116760263879,16,29
#,#,#,#,"-1.7551451188382274,5.111212617529356",#,#,#,#,"-3.4575509652177208,2.7264949574677315",#,"-2.4125119750616584,2.965346826612948",#,#,#,"-3.3004197133980506,3.234204343710528",#,1,0.058687278378269564,0.5671641791044776,1,168.63076492212755,9986,9722,0.23529411764705882,0.0006197616967376134,114,201
#,#,#,#,#,#,#,"-1.3554958168398166,3.9763747579164734",#,#,#,#,#,"-3.089518583356625,3.4794152390174493","-2.6109730173274674,0.913430574848813",#,#,0,0.03306638318170604,0.5056818181818182,1,182.86470516425294,9982,9722,0.17647058823529413,0.0006976703018926552,89,176
#,2.0,#,1.0,"-0.4107893573261929,5.111212617529356",#,"-2.4938486298100324,6.2798779059513326","-0.9347571388115801,3.5339888143281977",#,#,#,"-0.21571988932667008,2.8629295957350775","-1.869208291078781,3.40025315036931",#,#,#,#,1.0,0.13168724279835387,0.6666666666666666,2,181.24035586559444,9952,9724,0.4117647058823529,0.0012697703057881387,14,21
#,#,#,1.0,#,"-4.326684604277345,3.4345993668292243",#,#,"-2.134463531953035,2.62421741805077","0.2382656159804819,5.287404508018685",#,#,#,#,"-1.1363455699235026,3.3503076687345397",#,"-1.7082686440455148,2.201587571893557",1.0,0.06205524171514277,0.5735294117647058,1,184.69316599303292,9952,9724,0.35294117647058826,0.0006922506537218736,39,68
#,2.0,#,0.0,"-4.700465497872565,0.3017144216799241",#,#,#,#,"-1.8406124410555331,0.6921042537716231",#,#,#,"-2.280905504050742,0.34461105720060603",#,#,#,0.0,0.3276800000000001,0.8,1,216.36121599999998,9982,9727,0.29411764705882354,0.0007579135620456106,8,10
#,#,#,1.0,"-0.4107893573261929,4.339967175380039",#,"-2.4938486298100324,6.2798779059513326","-0.9347571388115801,3.5339888143281977",#,#,#,"1.6016042075861008,2.8629295957350775","-1.869208291078781,3.40025315036931","-1.1978802483921047,2.1027691428953044",#,#,#,1.0,1.0,1.0,1,183.5,9748,9728,0.4117647058823529,0.0006428006886195793,2,2
#,2.0,#,#,"1.7843362461298131,5.111212617529356",#,#,#,#,#,#,#,"-0.8611848327552905,3.13602294911382","-3.411021103214875,1.8400120192878213",#,#,#,1.0,0.038020403200000004,0.52,1,181.7455550645626,9979,9733,0.23529411764705882,0.000636654866207349,13,25
#,2.0,#,0.0,"1.7843362461298131,5.111212617529356",#,#,#,#,#,#,#,"-0.8611848327552905,3.13602294911382",#,#,#,#,1.0,0.014458261438686257,0.42857142857142855,1,161.11200000000002,9979,9733,0.23529411764705882,0.0005643755016069629,3,7
#,#,#,#,"-6.160280652451897,1.4779010969873934",#,"-1.4065111670791,2.008203996746577","-4.869666436092268,1.0532026860299073",#,#,"-2.0511599001392593,2.3700158392505832",#,"-2.298111372984801,1.7879258983171924","-3.7854362387801688,1.8406706781870055",#,"-2.4153020081427257,1.5778886593268773","-2.905567658541238,1.770927031111377",0.0,0.06537888651725378,0.5795454545454546,1,211.84945289424113,9982,9737,0.47058823529411764,0.0007421088512484978,51,88
#,#,#,#,"-6.160280652451897,1.4779010969873934",#,#,"-4.869666436092268,1.0532026860299073","-3.2875689875649448,0.42341847168765434",#,"-2.0511599001392593,2.3700158392505832","-2.1359716927808208,1.5822217691912805","-2.298111372984801,1.7879258983171924","-3.7854362387801688,1.8406706781870055",#,"-2.4153020081427257,1.5778886593268773","-3.2122230480266554,2.0775824205967943",0.0,0.13168724279835387,0.6666666666666666,1,194.42194240269197,9997,9737,0.5294117647058824,0.0006810602640828698,46,69
#,#,#,0.0,"-5.022644740788682,1.3892877638596568",#,"-3.0338236907479414,1.8186662788990728","-0.9852343656750038,0.06771528602128085","-3.245394883354107,4.312282503867113",#,"-3.85262133766207,2.340681465229291",#,"-2.298111372984801,1.7879258983171924","-5.4641996347483115,3.8692877160993424",#,"-2.938319228603314,1.6232801403612744","-0.7392796732069618,2.863921153246692",0.0,0.512908935546875,0.875,2,190.9568,9971,9743,0.5882352941176471,0.0013378437333688425,7,8
#,#,#,0.0,"-5.164747504292822,-1.2688186249360722",#,"-2.3937017167373003,1.7399008499990452","-3.892082047534725,2.7794733894096524","-5.393047844513039,1.6872764563517682",#,#,#,#,"-3.0953869555605404,3.8692877160993424",#,#,#,0.0,0.534824985896467,0.8823529411764706,2,216.85454590115836,9982,9744,0.35294117647058826,0.001519283394392924,15,17
#,#,#,0.0,#,#,#,#,"-5.393047844513039,3.1715331789169623",#,#,"0.24335077290932206,2.9371690723383512",#,#,#,#,#,0.0,0.0852316508323596,0.6111111111111112,1,168.46340019306496,9953,9744,0.17647058823529413,0.0005901274640397708,11,18
#,0.0,#,#,"-0.4107893573261929,5.111212617529356",#,#,"0.9215592853825021,4.192397457300718","-2.8962154143528154,2.620117295346995","-0.3648154585835983,4.613208801172378",#,"-2.4125119750616584,2.965346826612948",#,#,"-2.6109730173274674,0.913430574848813",#,#,1,0.03125,0.5,1,165.5,9748,9748,0.4117647058823529,0.0005797466701173863,2,4
0.0,#,0.0,#,#,"-5.297340419429549,0.8642476743532486",#,"-3.910331139284657,0.06771528602128085","-3.336908183275525,4.312282503867113","-3.7606217233834878,2.5308311762293862",#,"-2.1359716927808208,0.9426777922809271","-2.298111372984801,1.7879258983171924",#,#,"-2.4153020081427257,0.21911772386345008","-1.226131424232172,3.0697866795753286",0.0,0.03125,0.5,1,232.75,9759,9759,0.5882352941176471,0.0008153234892436355,2,4
#,#,#,0.0,"-5.022644740788682,1.3892877638596568",#,#,"-1.5897617922108276,0.06771528602128085","-3.245394883354107,4.312282503867113",#,"-3.85262133766207,2.340681465229291",#,"-2.298111372984801,1.7879258983171924","-5.4641996347483115,3.8692877160993424",#,"-2.938319228603314,1.6232801403612744","-0.7392796732069618,2.863921153246692",0.0,0.6472278485082303,0.9166666666666666,2,180.29023232,9997,9767,0.5294117647058824,0.0012631137382744409,11,12
#,#,#,0.0,"-5.164747504292822,-1.2688186249360722",#,#,"-3.892082047534725,2.7794733894096524","-5.393047844513039,3.1715331789169623",#,#,#,#,"-3.0953869555605404,3.8692877160993424",#,#,#,1,0.0003200000000000001,0.2,1,209.0732621885342,9934,9773,0.29411764705882354,0.27177141284121087,4,20
#,#,#,1.0,#,#,"-2.4938486298100324,4.155859847113654",#,#,#,#,#,#,"-4.595402840626736,0.5806155229830652","-0.02086098465146735,3.3503076687345397",#,#,1.0,0.039158658202551634,0.5230769230769231,1,203.3595169240259,9961,9777,0.23529411764705882,0.000712368596818032,34,65
#,#,#,#,"-0.4107893573261929,5.111212617529356",#,#,"-0.9347571388115801,3.5339888143281977",#,#,#,#,"-1.869208291078781,3.40025315036931",#,#,#,#,1.0,0.1281474705737889,0.6630434782608695,1,154.7839443534953,9979,9777,0.17647058823529413,0.0005612856110381513,61,92
#,2.0,#,#,#,#,#,"-3.910331139284657,0.06771528602128085","-3.336908183275525,4.312282503867113","-5.2156843397083446,4.726970732687057","-3.85262133766207,2.340681465229291","-1.0128936983383232,2.2196882609765116",#,"-1.321529330127873,3.4794152390174493",#,#,#,0.0,0.051544044179978286,0.5526315789473685,1,198.6585030638099,9939,9781,0.4117647058823529,0.0006959009404335248,21,38
#,2.0,#,#,#,#,"-2.2426381766558765,2.879434569082639",#,#,#,#,#,"-1.869208291078781,1.3897182344971433","-1.7621495303984012,3.863957386568773",#,#,#,0,0.04378213161539298,0.5348837209302325,1,207.0890996318721,9982,9789,0.23529411764705882,0.0007254333288772538,46,86
#,#,#,#,"1.7843362461298131,5.111212617529356",#,#,#,"-0.7797358526259717,1.1498588251839936","-3.516076790650669,2.7043883160380675",#,"-2.878286081891644,1.123958248688628",#,#,"-2.044719663877573,1.3542372640047673",#,#,1.0,0.1991161489782947,0.7241379310344828,1,156.61798259247777,9979,9789,0.29411764705882354,0.0005486329540090137,21,29
#,#,5.0,1.0,#,#,#,"0.05659417638497377,3.5339888143281977","-1.7888487497090786,2.62421741805077","0.6186142493408238,3.1787410115010397","-3.0380627564110596,2.465825631968387","-2.4578041292119295,1.7753389127479737",#,"-1.3582128940221352,1.7173922205865868","-0.689626259013298,3.907421904694893",#,#,1,0.13168724279835387,0.6666666666666666,1,198.8,9900,9791,0.5294117647058824,0.0006963966043464435,4,6
#,2.0,#,#,"-2.1006571200866855,5.111212617529356","-4.326684604277345,5.50067662761075","-1.73969877905602,6.2798779059513326",#,"-1.7888487497090786,2.62421741805077",#,#,#,#,#,"-0.689626259013298,2.4166382290434587",#,"-8.780854370825324,2.360568520026181",1.0,0.042580499692325975,0.5319148936170213,1,202.07956649623623,9901,9791,0.4117647058823529,0.0007078849291538242,25,47
3.0,#,#,#,#,"-5.32342511488184,2.7267072295446515",#,#,"-4.984978662259402,-0.07042770270866239","-4.285920005984353,0.6921042537716231",#,"-2.4125119750616584,3.4175621633320077",#,"-3.416293603741547,0.1844148231174445",#,#,#,0.0,0.2373046875,0.75,1,189.75,9963,9799,0.35294117647058826,0.000664694445043952,3,4
3.0,#,#,#,#,"-5.32342511488184,2.7267072295446515",#,"-2.976350302039967,2.2393105666944844","-4.984978662259402,-0.07042770270866239","-4.285920005984353,0.6921042537716231",#,"-2.4125119750616584,3.4175621633320077",#,#,#,#,#,0.0,0.2373046875,0.75,2,165.77695232000002,9963,9799,0.35294117647058826,0.0011614336687580512,9,12
#,#,#,0.0,"-7.399058266634794,0.7925113630332825","-3.239104450471593,2.4954538925932863","-3.1801512701428423,0.9534512965935034","-0.2580324782164185,3.278008788722193","-3.245394883354107,3.6152275190244323","-4.285920005984353,0.6921042537716231",#,#,#,#,"-1.1553487436211427,1.602880154603772","-2.938319228603314,1.6232801403612744",#,0.0,0.06092699470458736,0.5714285714285714,1,205.728,9982,9800,0.5294117647058824,0.000720665395467732,4,7
#,#,2.0,0.0,"-5.022644740788682,1.3892877638596568",#,#,"-1.5897617922108276,0.06771528602128085","-3.245394883354107,4.312282503867113",#,"-3.85262133766207,2.340681465229291",#,"0.5267917433014788,1.7879258983171924","-5.4641996347483115,3.8692877160993424",#,"-2.938319228603314,1.6232801403612744","-2.307220456928506,2.863921153246692",0.0,1.0,1.0,1,209.0,9971,9804,0.5882352941176471,0.0007321272148310196,3,3
#,2.0,1.0,1.0,#,#,#,#,#,#,#,#,#,#,#,#,#,0,0.07775999999999998,0.6,1,197.1479348084343,9916,9807,0.17647058823529413,0.0006906094182822317,12,20
0.0,#,#,#,"-4.691909600830407,0.3017144216799241","-3.239104450471593,2.3262009245580315",#,"-3.2167304309078557,2.794539722887784","-4.984978662259402,-0.07042770270866239",#,#,#,"-1.3243589370201043,2.547332449345068","-1.321529330127873,3.4794152390174493",#,"-2.6418220671452035,1.4271620290983051","-3.374098317197004,2.5688095232808754",0.0,0.20346349914002398,0.7272727272727273,1,214.19602808007164,9938,9814,0.5294117647058824,0.0007503289065365058,16,22
#,#,#,#,"-5.022644740788682,-0.9268081505096428",#,"-2.1533886250332905,3.0585450460690584",#,#,#,"-3.913737157929171,2.340681465229291",#,#,#,#,#,#,0,0.20528663711548756,0.7285714285714285,1,221.14834732661248,9982,9814,0.17647058823529413,0.0007746828880034247,51,70
3.0,#,#,#,#,"-5.32342511488184,2.7267072295446515",#,"-2.976350302039967,2.2393105666944844","-4.984978662259402,-0.07042770270866239","-4.285920005984353,0.6921042537716231",#,"-2.4125119750616584,3.4175621633320077","-2.0643832048390056,3.640649966412834",#,#,#,#,0.0,0.20346349914002398,0.7272727272727273,1,163.1869696,9963,9816,0.4117647058823529,0.0005716441222486233,8,11
#,#,#,#,"-5.022644740788682,-1.2688186249360722",#,"-2.3937017167373003,3.0585450460690584",#,"-5.393047844513039,1.6872764563517682",#,#,#,#,"-3.0953869555605404,3.8692877160993424",#,#,#,0.0,0.2994492622121735,0.7857142857142857,2,216.2116294254052,9988,9821,0.23529411764705882,0.00151477912024209,44,56
#,#,#,0.0,"-5.164747504292822,-0.9268081505096428",#,#,#,#,#,"-3.913737157929171,2.340681465229291",#,#,#,"0.024719396954206108,3.395888050340213",#,#,0,0.095367431640625,0.625,1,219.1808,9982,9821,0.23529411764705882,0.00076779056769586,5,8
2.0,1.0,#,1.0,#,#,"-2.4938486298100324,6.2798779059513326",#,"-1.7888487497090786,2.620117295346995",#,#,"-3.2513279711390553,2.965346826612948",#,#,"-2.6109730173274674,0.913430574848813",#,#,1.0,1.0,1.0,1,135.0,9832,9832,0.4117647058823529,0.00047290513876644807,1,1
#,#,#,#,"-5.022644740788682,0.7925113630332825",#,#,"-4.229788983586687,0.9858718851477644",#,#,#,"-3.339358499060231,1.6634469141651085",#,"-1.321529330127873,3.4794152390174493",#,"-1.5738845359587559,2.3513340437324697","-4.210836634568473,1.30896037616904",0.0,0.09848375240851535,0.6290322580645161,1,213.70409609777167,9982,9834,0.35294117647058826,0.0007486056682968523,39,62
0.0,2.0,#,0.0,#,#,#,#,#,#,"-3.85262133766207,3.5562398198663914",#,"0.5267917433014788,1.1570698868268767",#,#,#,"-2.307220456928506,2.863921153246692",0.0,1.0,1.0,1,228.0,9929,9835,0.35294117647058826,0.0007986842343611122,1,1
0.0,2.0,#,0.0,"-5.022644740788682,1.3892877638596568",#,"-4.677093338024809,0.8642529632973761","-4.869666436092268,0.3967237137977504","-3.245394883354107,4.312282503867113","-4.285920005984353,1.2836253505774533","-0.4465880989550237,2.340681465229291",#,"-2.8518723416203624,1.7879258983171924","-5.4641996347483115,3.8692877160993424",#,"-2.938319228603314,1.6232801403612744",#,0.0,1.0,1.0,1,246.0,9835,9835,0.7058823529411765,0.0008617382528633053,1,1
#,#,#,#,"1.7843362461298131,5.111212617529356",#,#,#,#,#,#,#,"-0.8611848327552905,3.13602294911382","-0.7242627679457977,1.376150481055281",#,"-3.144176021578927,-0.5007404334672183",#,1.0,1.0,1.0,2,198.0,9973,9840,0.23529411764705882,0.0013871884070482477,2,2
#,0.0,#,1.0,"1.7843362461298131,5.111212617529356",#,"-2.4938486298100324,4.155859847113654",#,"-2.8962154143528154,2.620117295346995","-3.4575509652177208,2.7264949574677315","-1.3263026721890732,3.0100942398674606",#,#,#,#,#,#,1.0,0.28462802079628785,0.7777777777777778,1,194.72512,9973,9843,0.4117647058823529,0.000682122295517876,7,9
#,#,#,#,"-5.022644740788682,-0.9268081505096428",#,#,#,#,#,"-3.913737157929171,2.340681465229291",#,#,#,#,#,#,0,0.13168724279835387,0.6666666666666666,1,209.3828233395822,9988,9846,0.11764705882352941,0.0007592002604733672,42,63
#,#,#,#,"-5.022644740788682,-0.9268081505096428",#,"-2.1533886250332905,3.0585450460690584",#,#,#,"-3.913737157929171,2.340681465229291",#,"-1.9283121108129024,2.928675589036637",#,#,#,#,0,0.17927081284810403,0.7090909090909091,1,220.9583123533419,9982,9846,0.23529411764705882,0.000774017195296721,39,55
#,#,#,0.0,#,#,"-1.9002481278333736,0.8854405584454682",#,"-5.393047844513039,3.1715331789169623",#,#,"0.24335077290932206,2.9371690723383512",#,#,#,#,#,0.0,0.06092699470458736,0.5714285714285714,1,192.968,9953,9850,0.23529411764705882,0.0006759671023517329,4,7
#,#,#,0.0,#,#,#,#,"-5.393047844513039,3.1715331789169623",#,#,"0.24335077290932206,2.9371690723383512","-3.1619119462612546,2.6202162678453393",#,#,#,#,0.0,0.03125,0.5,1,167.82688000000002,9953,9850,0.23529411764705882,0.0005878977331491854,5,10
#,0.0,#,#,"-5.022644740788682,0.7925113630332825",#,#,"-4.229788983586687,0.9858718851477644",#,#,#,"-3.339358499060231,1.6634469141651085",#,"-1.321529330127873,3.4794152390174493",#,"-1.5738845359587559,2.3513340437324697","-4.210836634568473,1.30896037616904",0.0,0.03125,0.5,1,187.36210075054902,9971,9852,0.4117647058823529,0.0006563296315186044,10,20
#,#,#,#,"-5.022644740788682,0.7925113630332825",#,#,"-4.229788983586687,0.9858718851477644",#,#,"-0.04065551948733859,5.880194110436005","-3.339358499060231,1.6634469141651085",#,"-1.321529330127873,3.4794152390174493",#,"-1.5738845359587559,2.3513340437324697","-4.210836634568473,1.30896037616904",0.0,0.06092699470458736,0.5714285714285714,1,208.98022617118767,9982,9852,0.4117647058823529,0.0007320579470883645,16,28
#,#,#,1.0,"1.7843362461298131,5.111212617529356",#,#,#,#,#,#,#,#,#,#,"-3.144176021578927,-0.5007404334672183",#,0,0.004115226337448558,0.3333333333333333,1,186.56,9856,9856,0.17647058823529413,0.0006535198717649522,2,6
#,#,0.0,1.0,"1.7843362461298131,5.111212617529356",#,#,#,#,#,#,#,"-0.8611848327552905,3.13602294911382",#,#,#,#,1.0,1.0,1.0,1,171.25,9944,9856,0.23529411764705882,0.0005998889260278091,4,4
#,0.0,#,#,"-0.4107893573261929,5.111212617529356","-4.326684604277345,3.027468927011802",#,#,"-1.7888487497090786,2.620117295346995",#,#,"-2.4125119750616584,-0.029543328977313266",#,#,"-2.6109730173274674,0.913430574848813",#,#,1,0.0063582343481257495,0.36363636363636365,1,176.98976,9921,9860,0.35294117647058826,0.0006199953112077061,4,11
#,#,#,1.0,"0.8642844998240213,5.111212617529356",#,"-0.2937523323204678,6.2798779059513326",#,"-2.8962154143528154,2.62421741805077",#,#,"-2.87729410265943,2.965346826612948",#,#,#,#,"-1.7722266442483492,0.5276887768922812",1.0,0.5549289573066435,0.8888888888888888,1,165.64137543204862,9973,9860,0.35294117647058826,0.0005802419084011723,16,18
#,#,#,#,"-5.022644740788682,-1.2688186249360722",#,#,#,#,#,"-3.913737157929171,2.340681465229291",#,#,#,#,#,#,0.0,0.1590361251087416,0.6923076923076923,1,209.93861108582254,9988,9866,0.11764705882352941,0.0007616339167813347,36,52
#,2.0,#,#,"-6.160280652451897,-0.9268081505096428",#,"-2.1533886250332905,3.0585450460690584","-3.1175488901707165,3.158924358645318",#,#,"-3.913737157929171,2.340681465229291",#,"-1.9283121108129024,2.928675589036637",#,#,#,#,0,0.2994492622121735,0.7857142857142857,2,220.50164292043317,9982,9866,0.35294117647058826,0.0015448349636076626,22,28
#,#,#,#,"1.7843362461298131,6.784599247218066",#,#,#,#,"-3.3737698130884524,1.462025182103067",#,#,"-1.869208291078781,3.13602294911382",#,"-3.539673942296877,2.2066362623383626","-3.3668441841579173,2.066884524738374",#,1.0,0.27550608968587587,0.7727272727272727,1,159.68792047200213,9979,9876,0.29411764705882354,0.0005593869495565754,17,22
#,0.0,#,0.0,"-3.5505724868319133,-0.22962390011917866",#,#,"-2.705357864938452,0.3967237137977504","-5.393047844513039,3.6152275190244323",#,#,#,#,"-1.5428664423392373,2.357901020091337",#,"-2.938319228603314,1.6232801403612744",#,0.0,1.0,1.0,1,185.0,9953,9877,0.4117647058823529,0.0006480551901614288,2,2
#,#,1.0,#,"-0.4107893573261929,5.111212617529356",#,"-0.5597033451751937,2.1361244157398143","-4.308669840530996,3.9763747579164734",#,#,#,#,"-3.0140818413932453,1.6887157727467845","-1.0844363469978475,2.2162130442895616","-2.044719663877573,3.2714818065869467",#,"-0.8797523063113197,1.1434648163369374",1.0,0.13168724279835387,0.6666666666666666,1,150.0,9885,9885,0.47058823529411764,0.0005254501541849423,2,3
#,#,1.0,#,"-0.4107893573261929,5.111212617529356",#,"-0.5597033451751937,2.1361244157398143","-4.308669840530996,3.9763747579164734",#,#,#,#,#,"-1.0844363469978475,2.2162130442895616","-2.044719663877573,3.2714818065869467",#,"-2.0687828938645403,-0.8797523063113197",1.0,1.0,1.0,1,199.0,9885,9885,0.4117647058823529,0.0006970972045520235,1,1
#,2.0,#,#,"-6.160280652451897,1.4779010969873934","-5.297340419429549,2.4954538925932863",#,"-4.229788983586687,-3.5149852201253777","-1.8983748795263333,2.0132064964426233",#,"-3.3880340896773022,5.2625417590839145","-2.4638899396416156,1.6634469141651085",#,"-1.321529330127873,3.4794152390174493",#,#,"-4.210836634568473,2.863921153246692",0.0,0.007412962620260796,0.5933795712484237,1,177.80616805005283,9890,9890,0.5294117647058824,0.0006228551894462268,0,0
#,#,#,#,#,"-3.239104450471593,0.8642476743532486",#,"-3.910331139284657,0.4803836298977662",#,"-5.525487379311076,2.5308311762293862",#,#,#,#,"-0.04224938049550442,3.6353891504710485",#,"-1.226131424232172,1.30896037616904",0.0,0.025480396799999996,0.48,1,215.79758485000588,9982,9890,0.29411764705882354,0.000755939161547825,12,25
3.0,1.0,#,#,"-3.9394638873907035,-0.026974195954541424",#,"-0.2010190746671643,3.0339742384308455","-3.762331227338433,1.8953347997633452",#,"-1.9000520336410742,0.660074728519142",#,#,#,#,"-3.216538980718987,0.5377170196427026","0.07940631358999783,2.575984369028834",#,0.0,0.1,1.0,1,107.5,9892,9892,0.47058823529411764,0.0003765726104992086,0,0
3.0,#,3.0,#,"-3.9394638873907035,0.931260706454641",#,"-0.2010190746671643,3.0339742384308455","-3.762331227338433,1.8953347997633452",#,"-1.9000520336410742,0.660074728519142",#,"-0.9147753763595365,1.0093805518040557",#,#,"-3.216538980718987,0.5377170196427026","0.07940631358999783,2.575984369028834",#,0.0,0.1,1.0,1,107.5,9892,9892,0.5294117647058824,0.0003765726104992086,0,0
#,#,5.0,#,#,#,"-1.73969877905602,6.2798779059513326","0.05659417638497377,6.627674520529691","-1.7888487497090786,2.62421741805077",#,"-3.0380627564110596,2.465825631968387",#,#,"-1.3582128940221352,1.7173922205865868",#,#,#,1.0,0.06092699470458736,0.5714285714285714,1,167.10399999999998,9973,9900,0.35294117647058826,0.0005853654837661372,4,7
#,#,5.0,1.0,"-4.2796535402543,5.111212617529356",#,#,"0.05659417638497377,3.5339888143281977","-1.7888487497090786,2.62421741805077","-2.851576217673397,3.1787410115010397","-3.0380627564110596,2.465825631968387","-2.4578041292119295,1.7753389127479737",#,#,"-0.689626259013298,3.907421904694893",#,"-8.780854370825324,2.360568520026181",1,0.06092699470458736,0.5714285714285714,1,181.536,9973,9900,0.5882352941176471,0.0006359207946007846,4,7
#,2.0,#,#,"1.7843362461298131,5.111212617529356",#,#,#,"-0.7797358526259717,1.1498588251839936","-3.516076790650669,2.7043883160380675",#,"-2.878286081891644,1.123958248688628",#,#,"-2.044719663877573,1.3542372640047673",#,#,1.0,0.13168724279835387,0.6666666666666666,1,167.66666666666666,9979,9901,0.35294117647058826,0.0005873365056778355,2,3
#,#,#,#,"1.7843362461298131,5.111212617529356",#,#,#,"-0.7797358526259717,1.1498588251839936","-3.516076790650669,2.7043883160380675",#,"-2.878286081891644,1.123958248688628",#,#,"0.4217921439803556,1.3542372640047673",#,#,1.0,0.07775999999999998,0.6,1,146.6,9979,9901,0.29411764705882354,0.0005135399506900835,3,5
3.0,2.0,#,0.0,#,"-4.493902225486562,1.9658272276728226","-3.241748908101446,-0.276338371094937",#,#,#,#,"-1.732392244444749,2.1159196118824353","0.11435017558569305,2.5042965040830856","-3.332117230325075,0.868709267677082","-3.329875770008803,1.1369899906274274","-2.938319228603314,1.6232801403612744",#,0.0,0.1,1.0,1,226.0,9906,9906,0.5882352941176471,0.000791678232305313,0,0
#,2.0,#,#,#,#,#,#,"-0.7797358526259717,2.62421741805077",#,"-1.6595552436843422,1.0089967021966015","-2.87729410265943,1.123958248688628",#,#,#,#,"-1.7722266442483492,0.5276887768922812",1.0,0.048282842081079885,0.5454545454545454,1,199.2813568,9913,9913,0.29411764705882354,0.0007149684508840548,6,11
#,#,#,#,"-5.022644740788682,0.7925113630332825",#,#,"-4.229788983586687,-0.39815891290592487",#,#,#,"-3.339358499060231,1.6634469141651085",#,"-1.321529330127873,3.4794152390174493",#,"-1.5738845359587559,2.3513340437324697","-4.210836634568473,1.30896037616904",0.0,0.016028404235839844,0.4375,1,205.224232472576,9923,9916,0.35294117647058826,0.0007189006973013434,7,16
#,#,#,#,"-5.022644740788682,0.7925113630332825",#,#,"-4.229788983586687,0.9858718851477644",#,#,#,"-3.339358499060231,1.6634469141651085",#,"-1.321529330127873,3.4794152390174493",#,"-1.5738845359587559,5.586473456166262","-4.210836634568473,1.30896037616904",0.0,0.048282842081079885,0.5454545454545454,1,213.698076965579,9982,9916,0.35294117647058826,0.0007485845832705943,18,33
#,#,0.0,1.0,"1.7843362461298131,5.111212617529356",#,#,#,#,#,#,#,"-0.8611848327552905,3.13602294911382",#,#,#,"-1.7895039492146323,1.4303776403822501",1.0,1.0,1.0,1,111.5,9944,9921,0.29411764705882354,0.0003905846146108071,2,2
0.0,#,0.0,1.0,"1.7843362461298131,5.111212617529356",#,#,#,#,#,#,#,"-0.8611848327552905,3.13602294911382",#,#,#,#,1.0,1.0,1.0,1,111.5,9944,9921,0.29411764705882354,0.0003905846146108071,2,2
#,#,4.0,0.0,"-5.164747504292822,-1.2688186249360722",#,"-2.3937017167373003,1.7399008499990452","-3.892082047534725,2.7794733894096524","-5.393047844513039,1.6872764563517682",#,#,#,#,"-3.0953869555605404,3.8692877160993424",#,#,#,0.0,0.0,0.0,1,197.0,9929,9929,0.4117647058823529,0.0006900912024962242,0,1
#,#,#,#,#,"-4.56705790684706,0.7001061088059777",#,#,#,"-3.4575509652177208,2.7264949574677315",#,#,#,"-1.3582128940221352,1.786821995661154","-0.689626259013298,2.4166382290434587",#,#,1.0,0.038020403200000004,0.52,1,207.78565817723728,9994,9934,0.23529411764705882,0.0007278733741776603,13,25
#,0.0,#,#,#,#,"-2.4766961858663654,0.03940972432097545","-2.9719616496392085,3.5339888143281977",#,#,"-4.3947311045682245,-0.4752954340555884",#,"-1.2749009672812228,1.96309083261847",#,#,#,#,1.0,0.03125,0.5,1,181.5,9934,9934,0.29411764705882354,0.0006357946865637802,1,2
1.0,#,#,1.0,"-0.4107893573261929,5.111212617529356",#,#,#,"-0.9352418139099242,1.973369978477248",#,#,#,#,#,#,#,#,1.0,0.004115226337448558,0.3333333333333333,1,183.33333333333334,9937,9937,0.23529411764705882,0.0006422168551149295,1,3
#,#,#,#,#,"-4.326684604277345,3.027468927011802","-3.1793826106254652,0.5947762546555457",#,"-0.7797358526259717,2.62421741805077","-3.4575509652177208,2.7043883160380675",#,#,#,"-4.028093861386719,1.786821995661154",#,#,#,1.0,0.011457744751662521,0.4090909090909091,1,185.6479392084811,9986,9937,0.29411764705882354,0.0067397881303352955,9,22
#,1.0,#,1.0,"-5.022644740788682,-0.9268081505096428",#,"-2.3937017167373003,3.0585450460690584",#,#,#,"-3.913737157929171,2.340681465229291",#,#,"-3.0953869555605404,3.8692877160993424",#,#,#,0,0.0009765625,0.25,1,160.5,9938,9938,0.35294117647058826,0.0005622316649778882,1,4
3.0,2.0,#,#,#,"-5.32342511488184,2.7267072295446515",#,"-4.894970888170368,-0.032914146129777055","-4.984978662259402,-0.07042770270866239","-4.285920005984353,0.6921042537716231",#,"-2.4125119750616584,3.4175621633320077",#,#,#,#,#,0.0,1.0,1.0,1,158.0,9963,9939,0.4117647058823529,0.0005534741624081392,1,1
#,#,0.0,1.0,"1.7843362461298131,6.784599247218066",#,#,#,#,"-3.3737698130884524,1.462025182103067",#,#,#,#,"-3.539673942296877,2.2066362623383626",#,#,1.0,1.0,1.0,1,103.0,9944,9944,0.29411764705882354,0.00036080910587366034,1,1
#,#,#,#,"1.7843362461298131,5.111212617529356",#,#,#,#,#,#,#,"-1.869208291078781,3.13602294911382",#,#,"-3.3668441841579173,2.066884524738374",#,0,0.0009765625,0.25,1,148.776,9970,9944,0.17647058823529413,0.0005211624809267932,2,8
#,2.0,#,1.0,"-0.4107893573261929,5.111212617529356",#,#,#,#,#,#,#,"-1.7832800208283266,2.3544017686778975",#,"-0.02086098465146735,3.3503076687345397","-3.3004197133980506,0.6647336687695136",#,1.0,0.13168724279835387,0.6666666666666666,1,193.66666666666666,9952,9952,0.35294117647058826,0.0006784145324032255,2,3
#,#,#,1.0,"-0.4107893573261929,5.111212617529356",#,"-2.4766961858663654,0.03940972432097545","-1.3554958168398166,3.9763747579164734",#,"0.2471405847121082,2.522808817743411",#,#,#,"-1.3582128940221352,1.7173922205865868","-2.044719663877573,2.4166382290434587","-1.9058092998400178,0.6647336687695136",#,1,0.0,0.0,1,200.0,9952,9952,0.47058823529411764,0.000700600205579923,0,1
#,0.0,#,0.0,"-3.5505724868319133,-0.22962390011917866","-3.4300700585185027,1.0420503321303027",#,"-2.705357864938452,0.3967237137977504","-5.393047844513039,3.6152275190244323",#,#,#,#,"-1.5428664423392373,2.357901020091337",#,#,#,0.0,0.06209213230591551,0.9090909090909091,1,193.1765888,9953,9953,0.4117647058823529,0.0006766977891325413,0,0
#,0.0,#,0.0,"-3.5505724868319133,-0.22962390011917866",#,#,"-2.705357864938452,0.3967237137977504",#,#,#,#,#,"-1.5428664423392373,2.357901020091337",#,"-2.938319228603314,1.6232801403612744",#,0.0,0.1,1.0,1,185.0,9953,9953,0.35294117647058826,0.0006480551901614288,0,0
#,#,5.0,#,"-2.1006571200866855,5.111212617529356",#,#,"0.05659417638497377,3.9763747579164734",#,#,"-6.540564624963331,2.465825631968387",#,#,"-4.028093861386719,1.786821995661154",#,"-3.3004197133980506,0.6647336687695136","-8.780854370825324,2.360568520026181",1.0,0.2373046875,0.75,1,175.0,9973,9961,0.4117647058823529,0.0006130251798824326,3,4
#,#,#,1.0,"-1.7551451188382274,5.111212617529356",#,#,"-1.1720191731310983,1.5684128087463256",#,"-0.7581254772598526,1.8020012849003635",#,"-3.9725641648574985,0.41451135135549255","-0.8611848327552905,3.13602294911382",#,"-0.6366717984937571,2.4166382290434587",#,#,1.0,1.0,1.0,1,194.66666666666666,9961,9961,0.4117647058823529,0.0006819175334311251,3,3
3.0,2.0,#,#,#,"-5.32342511488184,2.7267072295446515",#,"-4.894970888170368,-0.032914146129777055","-4.984978662259402,-0.07042770270866239",#,#,"-2.4125119750616584,3.4175621633320077",#,#,#,#,#,0.0,0.1,1.0,1,158.0,9963,9963,0.35294117647058826,0.0005534741624081392,0,0
#,#,#,1.0,"-5.022644740788682,0.7925113630332825",#,#,#,"-2.7257897114080802,1.5038377501252613",#,#,#,#,"-1.321529330127873,3.4794152390174493",#,"-1.5738845359587559,2.3513340437324697","-4.210836634568473,1.30896037616904",0.0,0.02094302882090425,0.46153846153846156,1,204.09055231999997,9988,9965,0.35294117647058826,0.0007360267219464674,6,13
#,#,4.0,0.0,#,#,#,#,#,#,#,#,"0.11435017558569305,2.5042965040830856","-5.4641996347483115,3.8692877160993424",#,#,#,0.0,0.004115226337448558,0.3333333333333333,1,141.66666666666666,9997,9970,0.23529411764705882,0.0004962584789524455,1,3
#,#,2.0,0.0,"-5.022644740788682,1.3892877638596568",#,#,"-1.5897617922108276,0.06771528602128085","-3.245394883354107,4.312282503867113",#,"-3.85262133766207,2.340681465229291",#,"0.5267917433014788,1.7879258983171924","-5.4641996347483115,3.8692877160993424",#,"-2.938319228603314,5.252961846179632","-2.307220456928506,2.863921153246692",0.0,0.1,1.0,1,209.0,9971,9971,0.5882352941176471,0.0007321272148310196,0,0
#,#,2.0,0.0,"-5.022644740788682,1.3892877638596568",#,#,"-1.5897617922108276,0.06771528602128085","-3.245394883354107,4.312282503867113",#,"-3.85262133766207,2.340681465229291",#,"0.5267917433014788,1.7879258983171924","-5.4641996347483115,3.8692877160993424",#,#,"-2.307220456928506,2.863921153246692",0.0,0.1,1.0,1,209.0,9971,9971,0.5294117647058824,0.0007321272148310196,0,0
#,0.0,#,#,#,#,#,#,"-1.7888487497090786,2.620117295346995",#,"-1.5178023033584218,2.401633367154215",#,"-1.869208291078781,3.40025315036931",#,"-0.689626259013298,2.4166382290434587",#,"-0.8797523063113197,1.3434992674579562",1.0,0.004115226337448558,0.3333333333333333,1,160.64000000000001,9994,9972,0.35294117647058826,0.0005627220851217943,2,6
#,0.0,#,1.0,"-1.7551451188382274,5.111212617529356",#,#,"-1.4768482889048127,3.473609484809244","1.8599445785955413,2.62421741805077",#,"-2.489377746597054,3.5982563799438485",#,#,#,#,#,#,1.0,1.0,1.0,1,199.0,9972,9972,0.35294117647058826,0.0006970972045520235,1,1
#,#,#,#,"1.7843362461298131,5.111212617529356",#,#,#,#,#,#,#,"-0.8611848327552905,3.13602294911382","-0.7242627679457977,1.376150481055281",#,"-3.144176021578927,-0.8128070021903442","-3.631033098357495,0.9687977439237658",1.0,0.1,1.0,1,198.0,9973,9973,0.29411764705882354,0.0006935942035241238,0,0
#,#,#,0.0,"1.7843362461298131,6.784599247218066",#,#,#,#,#,#,#,#,#,#,#,#,0,1.0,1.0,1,161.0,9979,9979,0.11764705882352941,0.000563983165491838,1,1
#,#,4.0,#,#,#,#,"-1.2679457279735937,3.859314109087393","-0.7797358526259717,1.1498588251839936","-3.516076790650669,2.7043883160380675",#,"-2.878286081891644,1.123958248688628","-1.869208291078781,3.13602294911382",#,"-3.539673942296877,2.2066362623383626","-3.3668441841579173,2.066884524738374",#,1.0,0.029247970502240733,0.7797619047619048,1,159.35990059000267,9979,9979,0.47058823529411764,0.0005582378955727598,0,0
#,#,#,#,"-6.160280652451897,-0.9268081505096428",#,"-2.1533886250332905,3.0585450460690584",#,#,#,"-3.913737157929171,3.3038191628321494","-2.035191375756273,1.5822217691912805","-2.531645923220931,2.942102119466645",#,#,#,#,0,0.03125,0.5,1,224.68,9982,9982,0.29411764705882354,0.0007870542709484856,3,6
#,2.0,#,0.0,#,#,#,"-3.1175488901707165,3.158924358645318","-0.6897403604462475,2.419465348657282",#,#,#,#,"-1.6627380995474963,3.498908254904805",#,#,#,0.0,1.0,1.0,1,204.0,9982,9982,0.29411764705882354,0.0007146122096915215,1,1
#,#,#,1.0,"-5.022644740788682,-1.2688186249360722",#,"-2.3937017167373003,3.0585450460690584",#,"-5.393047844513039,1.6872764563517682",#,#,#,#,"-3.0953869555605404,3.8692877160993424",#,#,#,0.0,0.0,0.0,1,238.0,9988,9988,0.29411764705882354,0.0008337142446401085,0,3
#,#,#,#,"-5.022644740788682,1.4779010969873934",#,#,"-4.869666436092268,0.06771528602128085",#,#,#,#,"-2.298111372984801,1.7879258983171924","-5.4641996347483115,1.8406706781870055",#,"-2.938319228603314,1.6232801403612744",#,0.0,0.06472278485082304,0.9166666666666666,1,180.29023232,9997,9997,0.29411764705882354,0.0006315568691372204,0,0
#,#,#,#,"-6.160280652451897,1.3892877638596568",#,#,"-1.5897617922108276,1.0532026860299073","-3.2875689875649448,4.312282503867113",#,#,"-2.1359716927808208,1.5822217691912805",#,"-3.7854362387801688,3.8692877160993424",#,#,"-3.2122230480266554,2.863921153246692",0.0,0.013168724279835387,0.6666666666666666,1,194.42194240269197,9997,9997,0.35294117647058826,0.0006810602640828698,0,0
