Age,Employment_Status,City,Internet_Connection_Quality,Video_Completion_Rate,Quiz_Score_Avg,Progress_Percentage,Payment_Mode,Fee_Paid,PC1,PC2,PC3,PC4,PC5,PC6,PC7,PC8,PC9,PC10,Completed,Fitness,Accuracy,Numerosity,Avg Match Set Size,TimeStamp GA,Iteration Initialized,Specificity,Deletion Probability,Correct Count,Match Count
4.0,2.0,"4.0600000000000005,9.94",#,1.0,3.0,1.0,5.0,1.0,"-2.968366828775359,1.0912437496201237",#,"-0.9281609823647297,3.0063852432037437","-1.047820955251342,1.095272029835056",#,"0.622831807109574,2.8792027969309912",#,#,"-1.8570434503705175,1.9572852453141028","-1.6872173490199311,2.671682758902635",1.0,1.0,1.0,1,11.5,3956,3,0.7368421052631579,0.00018362021413973639,2,2
3.0,0.0,"11.48,16.52",#,0.0,1.0,#,#,#,"-3.3823255231080283,2.261523329783252","-1.5507252240602416,2.3712990852102696",#,"-1.399662153094868,3.2560226076100656","-3.0755542259299116,2.8166325236322685",#,"0.701973153812623,2.7003410491478075","-0.4645912993635555,2.1517994940390315","-1.7207852986693561,1.5242406066145748","-0.790463938491509,2.1353731202510358",1.0,1.0,1.0,1,9.0,3979,26,0.6842105263157895,0.00014370277628327196,2,2
0.0,0.0,"-3.4299999999999997,3.4299999999999997",#,2.0,#,#,4.0,0.0,#,#,"-1.5210526863192095,3.0897436717688445","-2.038834811591733,3.0602484977517665","-4.58350438567071,1.1515573839031445","0.2591593002405428,2.857404682459144",#,"-3.943573397793113,0.9356418655792789","-2.852971452778287,-0.6896208492556661",#,1.0,1.0,1.0,1,8.0,3983,30,0.631578947368421,0.00012773580114068618,2,2
#,3.0,"-1.8000000000000003,3.8000000000000003",2.0,#,1.0,1.0,4.0,0.0,"-3.507640852072007,2.2352228929752602",#,"-4.316475190830964,-0.9352245282330576","-4.353709372658181,0.5975744204724627","-1.1664184330499519,1.1118937767807575","-2.9437800454978786,0.611713635432839","-3.197554966937701,1.048976810649566","-1.2078312695471534,1.903552376661328",#,#,1.0,1.0,1.0,1,6.0,3992,39,0.7368421052631579,9.580185085551464e-05,2,2
1.0,0.0,"0.6600000000000001,9.34",1.0,2.0,2.0,#,0.0,1.0,#,"-2.4312869895893408,3.7438151143684846",#,"-0.37541292172378427,3.3195749835975916","-1.668801104962774,1.3165735148153972","-2.107984402681083,2.131258063044004",#,#,"-1.482150059885674,1.8767364034783944",#,1.0,1.0,1.0,1,14.0,3993,40,0.6842105263157895,0.00022353765199620081,2,2
4.0,0.0,"4.22,11.780000000000001",0.0,1.0,#,#,2.0,#,"-1.8669733721229451,1.895592529804575","-0.2772658951058511,3.9785477170812986","-2.863353629865894,-0.21983038456207638","-3.082531211092688,2.164351614463665","-1.1019797514084002,1.0977699684281472","-3.3110209028527873,1.2017210767900475","-2.5984383097042736,0.149317546381605",#,#,"-1.5600776463749344,2.739111501165131",0.0,1.0,1.0,1,7.5,3996,43,0.7368421052631579,0.00011975231356939328,2,2
3.0,2.0,"5.34,10.66",0.0,#,3.0,0.0,4.0,0.0,"-5.343039196690591,0.5978543326686507",#,"-1.686277768534765,0.9572454767690528","-1.6665174438205794,0.2548762669465361","-1.856399604165866,3.8786621654079885","-1.817686891781944,2.2164309385048315","-1.6660570366786738,1.0192498226779798",#,"-1.1435066823272848,2.7846825714374734",#,0.0,1.0,1.0,1,9.0,4001,48,0.7894736842105263,0.00014370277628327196,2,2
4.0,#,#,0.0,0.0,1.0,0.0,#,#,"-2.79856408880711,4.033463469956019",#,"-1.7889706361716469,1.9611437350733039",#,"-1.3105470092517408,1.9890775705030794",#,"-2.8036364975781973,0.31881333888302765","1.6573664863943065,4.273757279796893","-0.09518178391226806,1.8404477034500766",#,0.0,1.0,1.0,1,6.0,4003,50,0.5789473684210527,9.580185085551464e-05,2,2
0.0,#,"0.69,5.3100000000000005",0.0,#,#,1.0,#,#,#,"-0.2058248054395415,4.884462064039206","-1.163104879426534,0.8656455181322101","-3.4395555781104514,0.6988308758494899","-2.228551365718891,2.3280730539425276","-1.542463550479853,0.30365816846494287","-1.241410641404719,1.8810391950565062","-0.1900400590761202,2.7092037930726924",#,#,0.0,1.0,1.0,1,9.5,4010,57,0.5789473684210527,0.00015168626385456482,2,2
#,2.0,#,1.0,3.0,1.0,#,#,1.0,"-4.263325483584856,0.9844638006824744","-3.2517159461604748,2.9233861577973506","-2.2858605564088506,0.2347081193459526",#,#,"-4.261390418428677,0.7983505890496516","-0.9777656281915309,1.3952962475190003","-2.082140815308053,0.8878163015273153","-0.6081669113167891,1.3843928550856246","-2.701095498700334,-0.6709228456953025",1.0,1.0,1.0,1,8.5,4012,59,0.6842105263157895,0.00013571928871197907,2,2
0.0,2.0,"5.6899999999999995,10.31",#,2.0,3.0,4.0,#,1.0,#,#,"-0.3439712041263929,2.6069384650499616","-2.6703635847634835,1.1724238367707476","-0.26212240167441414,3.2731896480628935","-0.06404896779916869,2.5341964144194327",#,"-2.3446450780781833,-0.08182060810837877",#,"-0.4640303037864526,3.6560259626061105",1.0,1.0,1.0,1,7.5,4015,62,0.6842105263157895,0.00011975231356939328,2,2
4.0,0.0,"2.99,9.01",#,1.0,3.0,#,2.0,0.0,"-0.5538480907889229,3.0106880268266223",#,"-2.844938136829399,1.704380936484148","-3.4429162086806384,1.6561671006628613","-1.6176805608446923,0.9748816089626671","-1.4902150192408152,0.2875318212245438","-2.963292560483352,1.3456882138331387","-1.3312684036328988,3.9722264478588305",#,#,1.0,1.0,1.0,1,9.5,4019,66,0.7368421052631579,0.00015168626385456482,2,2
2.0,#,"10.83,15.17",0.0,1.0,3.0,2.0,5.0,1.0,#,#,"-1.1026375885831494,3.077817776083353",#,"-1.2310401216253373,0.8901471082170473","-1.9125111919701272,0.6173593117690372","-1.1922398347887695,1.1183730441925372","-0.5875400336469597,2.2409905538152963","-0.8455110112086364,0.8623973599934323","-2.118739285618287,-0.38712143452576064",0.0,1.0,1.0,1,6.0,4021,68,0.7894736842105263,9.580185085551464e-05,2,2
3.0,2.0,"10.08,17.92",2.0,0.0,3.0,1.0,5.0,#,#,"-2.6698863530630637,3.0045317965198035","-3.766352627860819,0.3526254520311767","-0.4705972358458932,2.263693814091925","-1.4589231436933388,1.9978264160498067","-1.0998057014410287,2.660812614928","-0.7960672492057105,1.7643416166924943","-1.5556510422894605,3.2528509563963746","-1.0579016777655523,2.870287575999206","-2.358422078860802,0.9853917025592492",0.0,1.0,1.0,1,5.5,4024,71,0.8947368421052632,8.781836328422175e-05,2,2
0.0,#,"4.0600000000000005,9.94",2.0,#,2.0,#,3.0,#,"-1.8540255861982489,1.116421178481372",#,"-1.020181919142012,0.5167502002206728",#,#,"-2.910970500856826,0.029149273758959593",#,#,#,"-1.0606807945536256,1.2083356999814092",0.0,1.0,1.0,1,8.0,4025,72,0.47368421052631576,0.00012773580114068618,2,2
#,2.0,"-1.6600000000000001,3.66",0.0,1.0,0.0,2.0,3.0,1.0,"-2.852305134349333,4.078737316569784","-0.9412196903113905,1.2284107786467642",#,"-1.361831640159374,2.1853567489491468","-3.487103206882768,1.2266461927669756",#,"-3.855640001208635,0.26599378292018216","-3.2820868315823635,1.9506947552228102",#,#,0.0,1.0,1.0,1,4.0,4027,74,0.7368421052631579,6.386790057034309e-05,2,2
2.0,2.0,"-3.08,3.08",2.0,0.0,3.0,3.0,3.0,1.0,"-0.8575714367503324,5.182336984764897",#,#,"-2.0211084135551802,0.4175836039569282","-3.4298267640320836,0.18404777569938657","-0.007291308740449143,2.5909540734781524",#,#,"-0.1825946350758858,2.6639193169275623","-1.6547097901239838,1.1517053478535593",1.0,1.0,1.0,1,4.5,4034,81,0.7894736842105263,7.185138814163598e-05,2,2
#,2.0,#,0.0,0.0,#,2.0,5.0,1.0,"-1.6692755233162977,4.172603113886956",#,#,"-2.8248120258023146,1.9786722511154746","-0.47794204832221254,4.707182291292506",#,#,"-0.6243963497618599,3.123406678625629","-1.7119821709700942,2.38699791991487","-0.072854075438195,1.7184747360368324",1.0,1.0,1.0,1,8.5,4037,84,0.631578947368421,0.00013571928871197907,2,2
0.0,0.0,#,2.0,4.0,#,4.0,2.0,0.0,#,"-4.3090239439613605,-0.5538942861491696",#,"-2.8451281844618226,2.1800553667752487","-0.3144864415868216,3.9278880180979474",#,"-2.5945520143360534,1.839326753438886",#,"-1.3622435457167308,0.9149676158860278",#,0.0,1.0,1.0,1,6.0,4039,86,0.631578947368421,9.580185085551464e-05,2,2
0.0,0.0,"8.379999999999999,17.62",2.0,2.0,2.0,2.0,#,#,"-2.724038220502893,2.5237510637644376",#,"-0.776976532695858,2.727228699451064",#,"-1.3562722641264648,2.4932897455874925","-0.42239587526231626,3.2014726841478387",#,"-1.5805122512653704,2.3087173064952315","-0.7015790948914088,2.486516531352453",#,0.0,1.0,1.0,1,28.0,4040,87,0.6842105263157895,0.00044707530399240163,2,2
2.0,#,#,0.0,0.0,3.0,2.0,2.0,0.0,#,"-3.506254553964301,2.752294875722684","-2.981697860375065,1.4446666433894666","-3.5152056003331893,-1.2243130990339361",#,#,"-2.1167845632843907,1.3179102568229573","-2.811757957414405,1.99674404127143","-2.4166865152465276,-0.025614795563631443","-0.6718873702747674,2.3733716092327795",1.0,1.0,1.0,1,7.0,4041,88,0.7368421052631579,0.00011176882599810041,2,2
3.0,0.0,"6.0600000000000005,11.94",2.0,#,1.0,0.0,#,0.0,"-2.747019382080005,0.3224422747556037",#,"-0.308816466245438,1.6584566465387987","-1.8881752088108494,0.698316324914114",#,#,"-2.2728225944796736,1.9737091831075932","-1.2428674352857791,3.6363478280866124","-3.341036349839439,0.7010134620054569","0.08538450305252143,1.817002354145048",0.0,1.0,1.0,1,13.5,4050,97,0.7368421052631579,0.00021555416442490792,2,2
2.0,#,"8.52,17.48",#,2.0,1.0,1.0,1.0,1.0,"-3.74534581021387,3.482741317173208","0.960652960903851,3.380625407049485",#,"-0.8250200643818987,2.5004690504073395","-1.1984848847841054,1.708327244999903","-1.7263664790946582,2.102626715753807","-1.3428740762640872,2.3416167307601583","-2.8467823566750354,1.1131604657721232","-1.089540182533314,1.2446012581095134",#,1.0,1.0,1.0,2,4.5,4052,99,0.7894736842105263,0.00014370277628327196,2,2
4.0,#,"9.5,16.5",#,3.0,3.0,4.0,#,0.0,"1.553761755153015,4.920268088456586",#,"-2.5131936573897726,1.4828298529532082","-3.28859148845587,0.40639641686550587",#,#,"-2.03860219128677,0.45935767788221005","-0.4181483027630202,3.753934313743807","-2.550289699778863,-0.44386937529631165",#,1.0,1.0,1.0,1,7.5,4054,101,0.631578947368421,0.00011975231356939328,2,2
#,2.0,"-1.0099999999999998,5.01",0.0,#,4.0,2.0,1.0,1.0,#,#,"-0.2914797657250455,1.7987479166082059","-0.9480979423435106,1.5644938332750251",#,#,"-1.7175750154819895,2.7787527490221744","-1.064537589490063,2.117559321404975","-0.4752188790857327,2.2005042357975086",#,1.0,1.0,1.0,1,5.0,4057,104,0.631578947368421,7.983487571292886e-05,2,2
3.0,#,"4.99,11.01",0.0,#,#,3.0,2.0,0.0,"-2.0338044443816483,1.8277763497018593","-2.355517516931444,2.317532723901505",#,"-2.5245301701991463,0.20976087973867186","-2.8928277321980658,1.3495467274867035","-1.4591728904303518,0.4553237069938808","-3.1017271993257216,0.20806962732317769",#,#,#,0.0,1.0,1.0,1,5.5,4073,120,0.631578947368421,8.781836328422175e-05,2,2
#,0.0,"4.34,9.66",1.0,0.0,1.0,2.0,2.0,0.0,#,#,#,"-0.8478883193658102,3.6599969251262676","-0.12743367891900892,4.350628250748248","-0.8960551235157626,1.8389400156617128","-1.4229703465445742,2.0741734702919983","-2.3675961088866995,0.8852140666948947","-2.6739309932505266,-0.05513815740735439","-0.6873906590454814,1.760758716637056",0.0,1.0,1.0,1,4.5,4077,124,0.7894736842105263,7.185138814163598e-05,2,2
0.0,#,"-2.64,4.640000000000001",2.0,0.0,3.0,#,2.0,#,#,"-1.383238697072891,3.2063642180308984","-3.0732634872133118,1.1686691622276988","-1.3011885070731615,2.911097704993207",#,"-2.9527499981921608,1.0813678320946145","-1.8283789365165632,2.355703844341479","-2.20507689134762,1.6134394017264255",#,"-1.0036530240226325,3.3552470838999335",0.0,1.0,1.0,1,8.0,4080,127,0.6842105263157895,0.00012773580114068618,2,2
4.0,2.0,"8.83,13.17",0.0,1.0,0.0,0.0,#,1.0,"-4.45907283310603,-0.10241757824258624","-0.3351049308623013,3.002788098304091","-0.1610509540952587,2.2980404368850373",#,"-1.0691294144397485,2.3090576553092346",#,"-1.4115088100568967,1.398696042758206",#,"-1.5226228827790524,2.291705812905568",#,0.0,1.0,1.0,1,12.5,4082,129,0.7368421052631579,0.00019958718928232214,2,2
4.0,0.0,"2.0799999999999996,9.92",0.0,3.0,3.0,2.0,4.0,0.0,#,"-2.8472690709609747,1.325097215497015","-2.8787773179160103,0.07213235126034401","-0.3934414015716199,2.488649164579053",#,#,#,#,"-1.2924066671989234,1.7248981219247317","-1.155177171633714,1.1138393229013208",0.0,1.0,1.0,1,4.0,4087,134,0.7368421052631579,6.386790057034309e-05,2,2
4.0,0.0,"0.3099999999999996,9.690000000000001",0.0,4.0,#,4.0,#,#,"1.7510999881017697,5.810710566497253","-0.2174698478659005,4.288685741508729",#,#,"-0.6569416787247573,1.935620491082602",#,"-1.1785783708485011,1.1320345081328056",#,"-0.25406545568218897,2.1939365430407762","-1.1484500148218955,2.732762410040664",1.0,1.0,1.0,1,6.5,4092,139,0.631578947368421,0.00010378533842680752,2,2
3.0,#,"7.25,10.75",0.0,#,3.0,2.0,2.0,0.0,#,#,"-3.3055895576557415,-0.41615717325389423","-2.30587930726507,2.7193042439720014","-0.5204754963706302,5.0574612932148995","-0.07469722053093708,3.1389220680025964",#,#,#,"-2.1805114323944763,1.6409900320855821",0.0,1.0,1.0,1,4.0,4096,143,0.631578947368421,6.386790057034309e-05,2,2
4.0,0.0,"9.8,18.2",1.0,4.0,1.0,#,2.0,#,"-0.7907182314338128,2.3777583175577828","-2.3330024754165617,1.0883378794789902",#,"-3.1815640459469976,1.917519263396502","-1.6711861180530412,2.806875811614216","-3.325588737951771,0.9136537277733159","-2.2287774817075907,1.3308153318582066","-2.258748357623125,0.0040761123466794835",#,"0.5412858080797069,2.810302302614742",0.0,1.0,1.0,1,5.5,4100,147,0.7894736842105263,8.781836328422175e-05,2,2
#,0.0,"-0.9600000000000002,2.96",#,1.0,0.0,#,#,0.0,#,"-3.864301835922064,1.3094323592858432","-3.0274056309194894,-0.5068369551646863",#,"-4.013547819904608,1.7215139496692462","-2.0204321177327036,0.782937899924209","-2.291160190823374,0.3941466685332796",#,"-1.3246801254856932,0.4401585247564444","-2.0486794350478066,0.8174466633122369",0.0,1.0,1.0,1,6.5,4101,148,0.631578947368421,0.00010378533842680752,2,2
2.0,#,#,0.0,#,1.0,3.0,5.0,1.0,"0.1924709720005897,3.657992197460148","0.8185144865805734,3.7391708871011664",#,#,"-2.088823007637422,2.939176351988971","1.0754827401302702,3.605353243869435",#,"0.6622050731367628,2.7836030137334546","-2.2700528027966573,1.4873456138478944","-1.7559397996820065,1.3490301402080411",0.0,1.0,1.0,1,5.0,4106,153,0.6842105263157895,7.983487571292886e-05,2,2
0.0,0.0,#,1.0,#,4.0,0.0,5.0,1.0,#,"-4.060115769239305,1.113618425968602",#,#,#,"-2.299075448708905,1.5982926246189977","-0.9997936515827219,1.6230642110447073","-0.9002496558055261,1.2918615494777221","-1.6098203936860327,1.7490660696780358",#,1.0,1.0,1.0,1,16.0,4108,155,0.631578947368421,0.00025547160228137235,2,2
4.0,#,"7.970000000000001,12.03",0.0,2.0,0.0,1.0,#,1.0,"-3.372307686710556,1.5784369210888123",#,"0.29176178877498193,3.0582396036278148","-2.1831527822484618,2.472531978456472","0.6199945300713754,3.6053691498495466","1.1575624113374265,3.2771836441999698","-3.517119474255439,-1.3314045887325814","-2.050431972786773,0.7780986146754828","-2.058687511631535,2.154153137333568","-2.044316693292377,1.7771847711876814",1.0,1.0,1.0,2,3.0,4112,159,0.8421052631578947,9.580185085551464e-05,2,2
2.0,2.0,"7.25,10.75",1.0,0.0,#,0.0,#,1.0,"-2.3485196082413204,0.720942048594288","-2.036227078167178,3.22095444276989",#,"-3.264897277435683,0.6517899022049762","-0.31004298725792645,3.2252690624793816",#,"-0.5569906898682626,1.503826202196146","-0.5994900426930689,1.4511946332170664","-0.9540206538880103,1.607841902915093","-2.468247206422455,1.7712309807351094",1.0,1.0,1.0,1,10.0,4113,160,0.7894736842105263,0.0001596697514258577,2,2
2.0,0.0,"-1.0599999999999996,7.06",#,#,2.0,1.0,4.0,0.0,#,"-1.4258902081636815,3.4975020098567464","-1.577665992739994,1.1273345373383312","-3.126168043461966,0.2732208294337002","-2.3903281481800924,0.9092964315747281",#,"-2.6625074641345896,-1.101282545903977","-1.6160911277079233,3.475263929724137","-1.2954834937878552,1.266379063015248","-1.181548308603157,1.9234216312868906",0.0,1.0,1.0,1,8.0,4120,167,0.7894736842105263,0.00012773580114068618,2,2
1.0,2.0,"8.870000000000001,17.13",1.0,2.0,3.0,1.0,3.0,1.0,#,"-1.7542625922076132,1.6670777626879387",#,"-1.566010622213903,3.7547719614488777","-2.666804742924931,1.6541322067540007","-2.031248202015324,0.7037469371621514","-3.2758478111121168,0.5335409893705776","-0.68412407151729,1.3665606043928453","-1.1477697059859375,2.6665589896986828","-1.6149799201307278,1.4302790593768189",1.0,1.0,1.0,1,6.0,4122,169,0.8947368421052632,9.580185085551464e-05,2,2
#,0.0,"5.73,14.27",2.0,0.0,3.0,#,1.0,1.0,#,"-0.5216774018546766,5.0692934219990295","-0.9595881452388306,2.9749580803296425","-1.7504815611324749,2.8313034414660314",#,"-2.1604986422827914,1.7368694310451112",#,#,"-0.07354313795728606,1.406644117084507","-1.2616879989602996,0.2907969709847242",0.0,1.0,1.0,1,8.0,4126,173,0.6842105263157895,0.00012773580114068618,2,2
3.0,2.0,"11.62,16.38",2.0,4.0,#,3.0,4.0,0.0,"-0.9528860973659854,2.116575559469623","-1.8334243031681785,2.9230732633939303","-2.737626024283316,1.5657839099322017",#,#,"-0.7829186794110795,2.430700609122454",#,#,"-2.1525856231462632,2.0602550258188397","-0.10028105066508508,2.9449779288424613",1.0,1.0,1.0,2,5.0,4138,185,0.7368421052631579,0.0001596697514258577,2,2
3.0,2.0,#,2.0,0.0,#,0.0,4.0,#,#,"-1.2743150860606534,0.8953153828975013","-2.9462074346726586,1.6031116386408883","0.9996090449998272,4.251198401682638","-1.5956577657594144,3.746591553843629","-0.6654375840023082,1.7960580412574196","0.909765161917277,2.8456840605232365","-1.5196375156002284,3.359577747772163","-2.853807569556451,-0.06422389659307237",#,1.0,1.0,1.0,1,11.0,4140,187,0.7368421052631579,0.0001756367265684435,2,2
1.0,2.0,#,2.0,3.0,4.0,4.0,#,1.0,#,"-1.9494342414936647,2.7236159993392843","-2.1846605554909773,1.8728402396265111","-3.0946167378913,1.3393687484943508","-2.346838313861143,0.9527862658936774","-2.4382511402480302,0.9121179052443764","-3.507442114139951,0.551742673259642",#,#,"-2.8537186904711103,0.07211836827143459",1.0,1.0,1.0,1,15.0,4141,188,0.7368421052631579,0.00023950462713878657,2,2
#,1.0,"-2.1799999999999997,8.18",2.0,#,2.0,4.0,2.0,#,#,"-4.20836681794634,1.716393308824006","-1.8814846531105758,1.376811439938316","-0.2100285056464386,3.4110596415685093",#,#,"-1.848364070300888,1.1491877727018882","-1.8979847350525856,1.9205315580214601","-1.8442980500341155,-0.07945939979197791","-1.176444179647747,2.6450572848323115",0.0,1.0,1.0,1,13.5,4145,192,0.6842105263157895,0.00021555416442490792,2,2
#,0.0,#,1.0,2.0,#,0.0,3.0,#,"-4.321396922931594,-0.5588310210040739","-2.682654603748338,3.575894825938647","-1.9320596963209717,0.834418118531861",#,"-2.9708482849508915,0.4073387847980918",#,#,#,#,"-2.435059992528039,1.0878866700395144",0.0,1.0,1.0,1,5.5,4147,194,0.5263157894736842,8.781836328422175e-05,2,2
1.0,2.0,#,1.0,4.0,1.0,#,5.0,1.0,"-1.4789414750964367,5.05604140719873","-3.480266228160916,0.7755473840262339","-1.8572276283762117,0.29447733873154713","-1.4007499766002134,3.7722330908497135",#,"-1.9884079027830976,1.088461628791562","-3.0621377512641863,0.9970470361354065","-0.6462375628644919,1.8287267011649824","0.11719433793565148,1.5973815929774444","-2.3292623700681627,0.835418530204386",1.0,1.0,1.0,1,10.0,4148,195,0.8421052631578947,0.0001596697514258577,2,2
2.0,2.0,"6.1,15.9",1.0,#,1.0,2.0,2.0,0.0,#,"-2.0460255265732528,0.8746308739473407","-1.3841203326190232,0.1528117867436617","-2.6407866431062765,2.679995940556504","-1.2402301886310476,1.7451444311471236","-1.1528698533795416,2.402623827551176","-0.8386018298704152,1.4720110491108915",#,"-2.9817588399279944,1.2310818090371085","0.4222729360222526,2.9898442324697916",0.0,1.0,1.0,1,6.5,4149,196,0.8421052631578947,0.00010378533842680752,2,2
4.0,0.0,"-2.55,6.55",2.0,4.0,4.0,#,5.0,1.0,"-1.46944877549266,1.7980426656549235","1.2102897867994262,3.4633675814867413","-0.7142971868014157,1.929226058502402","-0.45309526446628556,4.793787561090068","-1.9066138841523221,3.0428229854799085","-1.2449185396637334,2.1054505058286734","0.478410910288663,2.2269828187069494","-1.2499943018444974,0.5885505800059689","-1.2214376775043336,2.5359607391402177",#,0.0,1.0,1.0,1,7.0,4154,201,0.8947368421052632,0.00011176882599810041,2,2
#,0.0,"-2.08,4.08",0.0,0.0,3.0,0.0,4.0,0.0,#,"-0.736215139978065,1.6003099804384096",#,"1.8350818093193546,4.05207455251218",#,"-2.868474046379327,1.0972689054280116",#,"-1.5708167249498293,3.520538332482231","-2.142268710308234,1.9567113805767302","-2.2127434114423696,2.205867656862698",0.0,1.0,1.0,1,6.0,4157,204,0.7368421052631579,9.580185085551464e-05,2,2
#,0.0,"7.199999999999999,12.8",2.0,#,4.0,4.0,4.0,#,#,"-3.513516022995944,-1.427332879766949",#,#,"-1.1026664707520697,1.1756457390786397",#,#,"-2.8723230226030045,1.794752446709718","-2.0858485447596853,0.8745259653239006","-0.4145838928226774,1.1976120375048476",0.0,1.0,1.0,1,6.0,4158,205,0.5789473684210527,9.580185085551464e-05,2,2
2.0,0.0,"9.57,16.43",#,#,2.0,#,1.0,1.0,#,#,"-2.932357778167366,0.6948020235285699","-2.778890992373719,2.61579134939549","-2.361718216689054,1.2521563230424162","-1.0272929796894994,1.9812016734057232",#,"-1.4479096970933492,1.592760684428576","-0.4948447868522192,2.0670177699508843","-1.8259437181784426,1.9358467859191149",1.0,1.0,1.0,1,5.0,4162,209,0.6842105263157895,7.983487571292886e-05,2,2
3.0,0.0,"6.71,13.29",1.0,0.0,0.0,0.0,2.0,0.0,"-5.141520466430245,-0.5868354272548264",#,#,"-1.243416090682863,0.6040778619778249","-3.481080929178769,2.175418350400923","-2.6424103287170473,-0.1809147034573193","-2.5591872838248664,1.5624465003039507","-1.7293464536480365,2.7963024862915726",#,"-0.7981444790728898,2.903935064642167",0.0,1.0,1.0,1,15.5,4164,211,0.8421052631578947,0.00024748811471007946,2,2
4.0,2.0,"10.06,15.94",#,0.0,4.0,3.0,1.0,1.0,"0.4644630683221067,3.533924725157715","-1.983193868595361,0.3533312518211136","-3.1129269807744855,1.0060510991175102","-2.136708557015481,3.1101742685408724","-2.4890048755437926,1.20343215418184","-0.8390831061778146,1.4172878836436027","-0.9794329516685469,1.2062819338543107",#,"-0.18461730425630352,1.7510121831060412","-2.2481740038320033,0.7373740152930424",1.0,1.0,1.0,1,6.5,4171,218,0.8947368421052632,0.00010378533842680752,2,2
1.0,2.0,"7.38,16.62",#,#,#,3.0,2.0,0.0,#,"-3.216453097233818,2.9586490067240074","-2.1019308943032233,1.340797053069191",#,"-2.9174331247712466,1.010691374936873",#,#,"-2.922132810034913,1.9570824533374789","-3.257907795979998,-0.5821846810967568","-0.4772982767597813,1.493163415862749",1.0,0.004487102949207168,0.5,1,16.0,4172,219,0.631578947368421,0.00025547160228137235,2,4
#,2.0,"4.75,15.25",0.0,4.0,1.0,4.0,1.0,#,#,"-1.1656792292420906,1.588082519820183","-0.4047539622071141,4.20604239588094","-1.9798164182860032,2.601968584312503","-1.7246576879473787,0.7893419918658178","-0.27709929204766426,1.6373973053765685","-1.0107022048229641,1.1750126806998935","-2.2052266831592684,0.9061569630492128","-0.18492165546218153,2.035359227100508","-1.2514751059115539,1.1966742697709836",1.0,1.0,1.0,1,11.0,4186,233,0.8421052631578947,0.0001756367265684435,2,2
#,2.0,"8.73,17.27",2.0,4.0,4.0,#,#,1.0,"-2.9997681978799817,2.8421104393232723",#,"-0.060117053457433345,3.382610893914981",#,"-1.6449773563577477,2.283147143350372","-2.482169702812246,0.7314495857212875","-1.4117776968059874,1.1486311690922175",#,"-1.8278932138717259,1.9864354818128944",#,1.0,1.0,1.0,1,12.5,4188,235,0.631578947368421,0.00019958718928232214,2,2
3.0,0.0,#,#,4.0,2.0,#,#,#,#,"-0.7332547201847845,3.9397955206481647",#,"-5.463312056232289,-1.4727251184852028","-4.583324995288362,1.2302992642796549","-0.7200723539282374,2.014922785249238","-2.4536060513729927,0.10680281452521201","-0.7314650911113231,1.6020726435450383",#,"-4.252050422949373,0.22627160573819527",0.0,1.0,1.0,1,14.0,4189,236,0.5789473684210527,0.00022353765199620081,2,2
1.0,3.0,"-0.7600000000000007,8.760000000000002",2.0,4.0,0.0,#,3.0,1.0,"-0.9098663603433099,3.3477740023641465","1.2558230584143901,4.510268761851623",#,#,"-2.423193117319157,2.4476812623189113","-3.015135650728334,1.7027309643528112",#,"-3.9786831720635187,1.2540984147416547","-1.0067275296506746,1.5551350271524287",#,1.0,1.0,1.0,1,4.5,4190,237,0.7368421052631579,7.185138814163598e-05,2,2
4.0,#,#,0.0,#,2.0,4.0,0.0,#,"0.97765913704513,4.938254823284625","-1.9790841160472565,3.2780974048898113","-1.7629485990199023,2.4175067656466003",#,"0.73923122643229,5.610105606070358","-0.9196309787455194,2.7042375806646355",#,"-2.2201674579120443,0.11337027674431721","-1.160822176753603,1.344110101009431","-2.219289281314738,0.9453916189578105",1.0,1.0,1.0,2,7.5,4198,245,0.6842105263157895,0.00023950462713878657,2,2
#,#,#,#,4.0,1.0,4.0,2.0,#,"-2.1180218060081524,4.317946184131027","-0.13448280092592868,2.0351476680322262","-4.642638754571983,-0.09331968125843604","-1.2177539374203414,3.364031065178165","-2.920117334852856,0.1438197749194774","-0.7170457933450158,1.6760749534352752",#,#,"-1.1668653762818646,0.9395549482006867","-1.1337614007771872,2.9265839052328753",0.0,1.0,1.0,1,4.0,4206,253,0.631578947368421,6.386790057034309e-05,2,2
#,#,"-4.25,6.25",#,2.0,1.0,#,5.0,#,"-3.1043941208115724,2.242410055611746","-1.0308216366480762,4.393254535747311","-1.0944691456740525,1.180190390982721","-4.108638396640428,-0.7831492818511896","0.03438053144057829,2.4698177212596124","-1.3648192725213106,1.8488000160122229","-1.4434979852486012,2.2409928217756443","-2.420914182092495,2.5290143459664534",#,#,1.0,1.0,1.0,1,10.5,4207,254,0.631578947368421,0.0001676532389971506,2,2
#,0.0,"10.129999999999999,15.870000000000001",#,4.0,1.0,4.0,2.0,0.0,"-0.9750403181761402,3.678659613155266","-4.026309010429252,0.9805305333203358","-3.1519170083879064,-0.5698710478585962","-2.3608472022279785,2.8121358652219484","-2.8321275188251445,2.0387468608129238","-1.0995285044646417,1.2935922423156494","-1.3267158014257745,1.2961420612016548","-2.3959312182884345,1.1397320160393853","-1.7599212291841755,1.2004532808994104",#,1.0,1.0,1.0,1,14.5,4211,258,0.8421052631578947,0.0002315211395674937,2,2
4.0,#,#,#,4.0,3.0,2.0,5.0,1.0,"-2.222866957380162,0.6485649151434715","0.6219758703927969,5.628815414142385",#,"-3.3139238899123136,-0.5796328399744954","-0.8956083889648008,2.1683287208075326","-2.1084313200026923,1.2419377254897144","-2.3397519926478343,1.6569837980225341","-1.6862588113822583,0.5765656585875464","-0.017796751212298956,1.6331813409497007","-1.7440260745325091,1.1818109842100355",0.0,1.0,1.0,1,6.0,4217,264,0.7894736842105263,9.580185085551464e-05,2,2
#,0.0,"-4.9,4.9",#,2.0,1.0,3.0,5.0,1.0,"-0.09821249816942434,3.3673087272901343","0.2574639597482302,4.429830246206221","-3.3954485348036982,1.0923932537353414","-4.884686172386083,-0.45070068600043145",#,"-2.7977356124480997,0.6893831900031813","-3.3068024758402137,0.7523823115593791","-1.3970344469619005,2.4921951107987015",#,"-2.62341276952926,-0.9515058788192345",1.0,1.0,1.0,1,6.0,4218,265,0.7894736842105263,9.580185085551464e-05,2,2
1.0,3.0,"-0.4800000000000004,8.48",#,1.0,#,#,2.0,#,"-0.691613743127228,4.754205325452078","-1.0136627192609489,1.1559677496972058",#,"-3.048746086094519,1.0896403678654223","-3.075272606534279,1.5599143031213023","-2.512174009798732,1.3851940635291706","-1.4183534400369897,2.2661373669872558",#,"-2.2654304451833642,0.638013785860153","0.37983996564307,2.8877003017081084",1.0,1.0,1.0,1,13.0,4220,267,0.6842105263157895,0.00020757067685361503,2,2
1.0,0.0,"-2.52,2.52",#,0.0,0.0,0.0,5.0,#,"-3.1819160929249186,2.362917867810374","-2.8343739449737466,2.1724655987758412","-2.8986120922561183,0.48263857034178836",#,"-3.6198698308182444,0.9367545888431743","-0.2337505639367693,1.885870668925774","-1.9083710757593817,-0.09735017061187101","-1.4795452299922416,2.0561180043355782",#,"-2.501417472065481,1.2006620716495755",0.0,1.0,1.0,1,6.5,4224,271,0.7894736842105263,0.00010378533842680752,2,2
4.0,3.0,"-3.2,5.2",2.0,3.0,3.0,4.0,4.0,#,"-2.5253213958790686,3.6136019177921486","-4.306341400557468,1.7853133776711978",#,"-1.7168642134615422,1.7564244175405512","-1.6537769994184213,3.2170973802196468","-1.642344973029218,2.118273343339811","-2.8793019920332177,1.179882795366375","-0.7393946102044202,4.210533917854528",#,"-0.5600708569242765,1.3506798753157527",0.0,1.0,1.0,1,4.5,4225,272,0.8421052631578947,7.185138814163598e-05,2,2
3.0,#,"6.9,11.1",0.0,4.0,0.0,2.0,#,1.0,"-3.9608397313602213,0.2968006313472349","-3.413471996235722,1.843709524701346","-2.476656345767225,0.47425332340912996",#,"-2.5855574897213556,1.1854420299984396","-2.7658491014611744,1.3366436073050383",#,"-2.773563046763949,0.6913869228773146","-0.9145319828840437,1.7042608529591283",#,1.0,1.0,1.0,1,4.5,4231,278,0.7368421052631579,7.185138814163598e-05,2,2
2.0,0.0,"3.17,12.83",2.0,3.0,2.0,3.0,1.0,#,"-2.1571445649255554,2.8926149350298007","-2.9986020759154495,3.2599473537715355","-0.44966869855974245,2.624195540165627","-1.9966604433485267,1.9200267362921322",#,"-2.8335342099768424,-0.16691394927880387","-2.3739654691382572,1.810117311719785","-1.1285508160339515,1.5585532420551915",#,"-1.6162507063516252,1.3095863523909195",1.0,1.0,1.0,1,13.0,4239,286,0.8421052631578947,0.00020757067685361503,2,2
#,#,#,2.0,4.0,1.0,3.0,#,0.0,"-2.3468407432846834,0.5245911292389501","-4.578235450814624,-1.323789747377392","-2.766918224508397,1.5979689944816278","-2.938312956762858,1.8651713201549314","-0.010776288373676612,3.8387857213402805","-1.7087161344779327,2.051902181891096",#,#,"-2.497144622661219,0.6909510035826425","-1.238071616458204,1.1503667988418325",0.0,1.0,1.0,1,11.0,4240,287,0.6842105263157895,0.0001756367265684435,2,2
0.0,0.0,"12.18,15.82",#,0.0,0.0,#,0.0,#,"-5.104885787997551,-1.3423198860700312","-3.0997714411872472,0.8222528680832637",#,"-3.130383447731334,1.5253013129735997",#,"-1.0521636191231294,2.5033300618075884","-0.6735328822995711,2.636263944349328","-0.584724508275744,3.021651990738632","-1.8527773335950333,2.075411920169725","-0.3664241925751337,1.7234594208123986",0.0,1.0,1.0,1,4.0,4244,291,0.7368421052631579,6.386790057034309e-05,2,2
0.0,#,#,1.0,4.0,3.0,1.0,#,#,"-4.17303647229058,-0.31145567820707276","-0.7197270280319492,1.8671400695720044",#,"-1.613056184560188,2.229731236974043",#,"-0.6328591502559588,2.170510867400954",#,"-1.979519003673153,2.333990142206787","-3.094317663756386,-0.19087343271286872",#,0.0,1.0,1.0,1,6.5,4246,293,0.5789473684210527,0.00010378533842680752,2,2
3.0,0.0,"8.9,13.1",#,1.0,1.0,3.0,5.0,#,"0.4649790227539372,3.5344406795895456","-2.314770798594161,0.9396749048430717","-2.378956888813854,0.5719527803625004",#,"-3.052859690676918,0.40388986906622715","-2.034624269466457,2.8883669810529984","-2.551313398927133,1.1956264048263372","-2.8242481935578674,2.408533393247306","-0.2885723314596127,1.1346846445421113","-2.622025355500813,0.24410074285923056",0.0,1.0,1.0,1,13.0,4249,296,0.8421052631578947,0.00020757067685361503,2,2
#,#,"1.85,8.15",2.0,#,2.0,3.0,5.0,1.0,"-0.09231807992746477,2.779113792596169","-2.860206926934085,0.8114754051489466","-0.8005111658586108,2.6422167815138033","-4.1181682804660955,0.9070152707709755",#,"1.0552882419245861,5.9099046139646045",#,"-3.238628193570182,0.65060136419042","-1.4039508280541355,1.7841447981897263","-1.9144874228535333,1.6084592397140205",0.0,1.0,1.0,1,2.5,4253,300,0.7368421052631579,3.991743785646443e-05,2,2
#,2.0,"1.85,8.15",1.0,3.0,#,#,0.0,1.0,"-0.03677928531578112,3.8248015087677265","-3.468309134936609,2.039214363187938",#,#,"-4.350824579613736,-0.9726375098647528","0.5265126491414611,2.372634368086257","-1.8721756648349184,0.6257842043340618",#,"-1.6582948995291562,2.6114760284760155","-1.8914602466866715,-0.15984239559414493",0.0,1.0,1.0,1,7.5,4256,303,0.6842105263157895,0.00011975231356939328,2,2
#,0.0,"-0.6600000000000001,4.66",1.0,#,2.0,#,#,1.0,#,"-2.0865505053035323,0.5003165923004212","-1.4396733695587594,0.5275997432254773",#,"-1.6727152538862016,0.99840940591532",#,"0.896595239519719,3.894147082522495","-1.641684998469184,1.9646915005451921","0.17990785467394632,2.7987006905171183","-1.348718777048536,1.0397196382515004",0.0,1.0,1.0,1,7.5,4258,305,0.631578947368421,0.00011975231356939328,2,2
2.0,0.0,"3.2399999999999993,12.760000000000002",0.0,1.0,1.0,2.0,1.0,1.0,"-2.0847621469329085,3.955146274582321",#,"-1.8279143562402749,1.8607227302301683","-2.1643537269116577,2.934729582431842","0.7100056334900862,3.066880333314958","0.11735435601959932,2.4421002243204533","-1.2631838811813352,1.5470209716337675","-0.6552473572016314,2.3854230243202936","-1.028803302433103,2.6716648351713794","-1.8633095978527963,0.16686305515223498",0.0,1.0,1.0,1,5.0,4259,306,0.9473684210526315,7.983487571292886e-05,2,2
1.0,2.0,"-3.36,3.36",1.0,3.0,0.0,2.0,5.0,#,#,#,"-0.3501000704449866,3.5844461551234867","-2.143752587714451,2.58583193109691",#,#,"-1.2799255096901927,0.7808913823742158","-0.8048546307002785,2.16510248613509","0.023677483955085954,1.9593069713174307","-0.8209675750462574,1.209205077958774",0.0,1.0,1.0,1,5.0,4260,307,0.7368421052631579,7.983487571292886e-05,2,2
2.0,#,"8.83,13.17",2.0,1.0,4.0,#,5.0,1.0,"-0.5407885529398626,3.7168518097675936","-3.8761924339094254,0.7968578069235235","-2.586597646112117,1.6553350033288934","-0.8751606711042004,1.4896315883014801","-3.3590943337053574,2.1402799658860108","-3.6194850959548344,1.1667563976057476","-1.5393890439848108,0.02183587424580169","-3.4217155579958947,1.5989262347496096","-0.39142422739619964,2.455089724607248",#,0.0,1.0,1.0,1,16.0,4261,308,0.8421052631578947,0.00025547160228137235,2,2
2.0,0.0,"-0.009999999999999787,6.01",0.0,4.0,3.0,3.0,1.0,1.0,#,#,"-1.566179974406694,0.03222942973049847","-3.3287556311750133,0.14453299982708012","-1.0021939573937997,1.668930702407722","-2.893235794169689,-0.7736145613071457","-2.500492555445949,2.1831821992458886",#,"-1.8518726656911948,2.190177146153701",#,1.0,1.0,1.0,1,7.0,4265,312,0.7894736842105263,0.00011176882599810041,2,2
1.0,0.0,"3.9400000000000004,12.059999999999999",0.0,1.0,2.0,1.0,5.0,#,"-4.277102556154184,2.950984571232894","-4.488521325755974,0.5183182179936137","-0.2583269266362479,1.954855325246018","-2.727911613844821,2.223372179285823","-3.004991136905562,2.1015707127149934",#,#,"-1.127568834295237,2.26666787065947","-1.07449223246232,0.8611372549000248","-1.3118355944802715,0.5989151377597577",1.0,1.0,1.0,1,7.0,4267,314,0.8421052631578947,0.00011176882599810041,2,2
#,2.0,"7.03,16.97",1.0,2.0,#,3.0,0.0,1.0,#,"-2.5613068777588337,2.195190688803275","0.4171334966939,2.445883894252644",#,"-1.2204236074326877,1.136451092392184",#,"-1.8751979205900917,1.4970479027880317","-2.8074880975689522,2.0717271658034395","-1.4138340484202017,2.5143552053445566","-1.5480155788671193,0.541868034520413",0.0,1.0,1.0,1,14.0,4273,320,0.7368421052631579,0.00022353765199620081,2,2
0.0,#,#,2.0,3.0,0.0,#,2.0,0.0,"0.34870783106329384,4.705363085926738","-0.3115978701502464,1.7745852730787486","-4.417904390237415,-1.405517436286553","-3.2108641806520466,1.001422031414322","-0.18713939187249085,2.0126103279640564","-0.04266214760774556,3.99145568267903","-2.9684619695449594,-0.5329510971052038","-0.44168624732077966,4.225389221991943","-3.0795872079085953,0.2792992554554732","-2.728991651805807,-0.22113131574076839",1.0,1.0,1.0,1,7.0,4289,336,0.8421052631578947,0.00011176882599810041,2,2
#,3.0,"0.6600000000000001,9.34",2.0,#,2.0,4.0,5.0,1.0,"-0.8693448386777827,4.972533798525472","-3.9372410981035415,-0.7662427203954689",#,"-3.0100812330080355,-0.054090908750934696",#,"1.1497691086690867,3.816389369367125","-0.7807640488074454,1.3425018399861879",#,"-1.1600618213407452,2.8819879905041503","-1.525248846693734,2.475385498933827",0.0,1.0,1.0,1,4.0,4291,338,0.7368421052631579,6.386790057034309e-05,2,2
#,0.0,#,2.0,#,2.0,4.0,#,1.0,"-2.1394503980425053,2.7122793176008755","-3.4398408839754957,1.817340636961572",#,"-3.03176398274452,1.1066224712154213","-1.731525986647553,1.9609110430780796","-2.2671202420280423,2.108871980655918","-1.7032368576253747,1.3567639821066257","-1.7835203227458103,0.12573782379121268","-1.9999783791212336,0.6757447357620076","-1.4812431035013824,1.3848829948586612",0.0,0.14082285294353686,0.7777777777777778,1,29.06752,6021,348,0.7368421052631579,0.00046412036929661477,7,9
#,2.0,#,1.0,0.0,3.0,0.0,#,0.0,#,"-2.937603181826181,0.31684252161105175","-1.0581865137341397,0.9090865990500968",#,#,"0.7324111829462199,2.9204072942882","-2.2893639116458138,1.2077799051907587",#,"-3.101795327235168,0.25709113612890055","0.8524709397867494,2.5243778304967748",0.0,1.0,1.0,1,5.5,4303,350,0.631578947368421,8.781836328422175e-05,2,2
3.0,0.0,#,2.0,#,1.0,3.0,5.0,#,#,#,"-0.9754022103616202,0.8689163328736014","-2.1030946573977696,2.1830913127750264",#,#,"-0.8649560126739145,1.1958608793904941","-2.5721872827078736,-0.6629291361708505","-0.8649766777639099,0.729071135358021",#,0.0,1.0,1.0,1,4.0,4314,361,0.5789473684210527,6.386790057034309e-05,2,2
0.0,1.0,"8.52,17.48",#,2.0,2.0,1.0,#,1.0,"-3.157200456715292,1.001425013836178","-0.04902917478982216,5.541941649063885",#,"-4.024737385631887,1.5177444723501765","-0.640338141103241,2.4235989686690926","-3.4579448400276673,0.5077981117796715","-1.9999237851011267,1.5596690284646706","-0.1793816753363353,3.992700941170492","-3.010069189091741,0.17802643715212052","-3.062333572958961,0.22176924807858955",1.0,1.0,1.0,1,3.0,4317,364,0.8421052631578947,4.790092542775732e-05,2,2
3.0,2.0,"12.04,15.96",0.0,3.0,1.0,2.0,5.0,1.0,"-3.1831308912775125,1.371554147897907","-1.9330513844134547,3.073788159336133",#,#,#,"-2.9232356610348935,1.5211314401285039",#,#,#,#,1.0,1.0,1.0,1,4.5,4318,365,0.631578947368421,7.185138814163598e-05,2,2
#,2.0,"10.71,17.29",#,4.0,2.0,1.0,2.0,0.0,#,#,"-3.3525948539651065,0.09013309340730769",#,"-3.456645532739393,2.199853746840299","-0.948907275105271,1.991212499510515","-0.783892835883414,2.6508019842239343",#,#,"-1.1096587078481894,2.4729989151018654",1.0,1.0,1.0,1,8.0,4319,366,0.631578947368421,0.00012773580114068618,2,2
#,#,"3.8900000000000006,14.11",2.0,4.0,2.0,1.0,3.0,1.0,#,#,#,"-1.6559516362090774,3.8865302217729862","-1.3383277643351899,3.218296655326229",#,#,"-0.2854198646592818,2.4723974581164176",#,#,0.0,1.0,1.0,1,7.5,4320,367,0.5263157894736842,0.00011975231356939328,2,2
#,#,"3.8200000000000003,14.18",#,3.0,0.0,4.0,#,0.0,"-2.050798825679452,4.583198948771702","-3.410272094201971,0.5951995407976995","-0.8938674300187901,0.9504511132164315","-1.6364730497737237,0.5805196934191017","-2.143939643715487,2.2555597959576077","-3.3389763368201146,0.1481424656311663","-2.9126121596648455,0.5220826604425026","-1.8961174439126383,1.5688325257286253","-3.560820307839304,-0.14500356543516646",#,1.0,0.04231439924197695,0.6666666666666666,1,17.240000000000002,7114,368,0.7368421052631579,0.00027527065145817873,4,6
4.0,2.0,"0.3599999999999999,7.640000000000001",2.0,2.0,1.0,3.0,#,#,"-0.44681298680188797,2.622648670033721",#,#,#,"-3.2058207813216963,1.1936786583513987","-1.9106168413257536,0.9611280548105953","-3.027109284586709,1.5316674766466791","-1.4931906097905805,1.8303328304775701","-2.368110384004433,0.5922641260791529",#,1.0,1.0,1.0,1,5.5,4326,373,0.6842105263157895,8.781836328422175e-05,2,2
4.0,1.0,"-2.87,2.87",0.0,2.0,4.0,#,5.0,1.0,"-2.2883371874255802,3.6525563419336615",#,#,"-2.708428081943936,1.5777578882288599","-3.351677286516175,0.49788472319778254","-1.3817706685629068,2.378847647806122","-1.6312468241893399,0.4295700678750688","-2.221779328408416,1.1017441118597344",#,#,1.0,1.0,1.0,1,10.0,4329,376,0.7368421052631579,0.0001596697514258577,2,2
0.0,#,#,2.0,2.0,3.0,2.0,1.0,#,#,#,"-1.8596868058770222,1.5215638567208847",#,"-3.7118385993289063,0.059160920390888716","-0.6580552377347241,1.9401901444838776",#,"-1.831036865361958,1.775339633652418",#,"-3.717119654921997,-0.492727794266947",1.0,1.0,1.0,1,5.0,4330,377,0.5789473684210527,7.983487571292886e-05,2,2
4.0,0.0,#,0.0,4.0,#,4.0,2.0,0.0,"-2.8943521676713564,4.333734959715722",#,"-2.2723176458278322,0.8015465928975372","-3.294411247402424,2.100271094366785","-2.679786637133218,1.3269003525690641",#,"-3.9258927012703504,-1.2405858419136966","-2.358848934741272,2.449653063944563","-0.8449277316278981,1.3184228718947224",#,1.0,1.0,1.0,1,4.0,4331,378,0.7368421052631579,6.386790057034309e-05,2,2
2.0,#,"-3.2699999999999996,5.27",2.0,2.0,1.0,#,#,0.0,#,"-2.5280086297006816,2.812620216965546","-3.1021490718535825,-0.02828483312821284","-5.133517640512576,-0.773431912233352",#,"-0.39442026856089285,2.067075356698835","-1.4343761332108047,1.8129716967088696","-1.7453054593192951,3.4167628627993216","-2.7683378539051002,0.1351063771384171",#,1.0,1.0,1.0,1,8.5,4333,380,0.6842105263157895,0.00013571928871197907,2,2
0.0,0.0,"5.52,14.48",2.0,3.0,2.0,3.0,1.0,1.0,"-0.496910655164448,2.7705807859831353","0.585842943095582,5.258893183928532","-2.0193366331342766,1.6693004533361666",#,#,"-1.9191356928390624,2.7303560437626455","-1.6111135016769067,1.0741933576797469","0.5599106506198742,2.3984555324703405","-1.2694293212826548,1.0647121193601725","-2.1014440021108673,2.0186122642816957",0.0,1.0,1.0,1,8.5,4334,381,0.8947368421052632,0.00013571928871197907,2,2
2.0,0.0,"0.3599999999999999,7.640000000000001",0.0,1.0,2.0,1.0,5.0,1.0,"-1.7887742405630997,2.666895906456332","-1.904132296769621,3.770285852813246","-2.7386393090612984,1.0114750621836524","-3.596893412394582,0.9109918320974961","-2.5830155203227663,1.3451089793853535","-1.4578158259675809,1.5506788271276417",#,"-2.924932318336836,1.1764370334834346","-1.159397437433005,1.0608834451296845",#,0.0,1.0,1.0,1,3.5,4335,382,0.8947368421052632,5.5884412999050204e-05,2,2
#,2.0,"8.71,15.29",0.0,2.0,1.0,2.0,#,1.0,#,"-1.8555400226106757,3.6519834755138714",#,#,"0.4796990748897625,4.64351104458037","0.8283203142623056,2.6060671547276644","2.133628817214216,3.944649722361727","-1.5448093610433762,0.7887283736129851","-3.0383496844444773,0.9467698483603504","-3.538377192441886,0.7608119550981793",0.0,1.0,1.0,1,3.0,4336,383,0.7368421052631579,4.790092542775732e-05,2,2
2.0,1.0,"-2.1,2.1",0.0,2.0,0.0,3.0,0.0,1.0,"-2.9326440315369986,4.196428203694092","-4.016522806229048,-0.09449849695853763","-0.9483215127011373,2.4944064346712773","-1.8260565846035295,2.1645303531435567","-2.405264696709143,2.9369846228939003","-2.274245433203411,-0.35974883577917816",#,"-1.7873034230677367,1.111940429081076","-1.0043842394063802,1.5005480383566538","-2.2488493554705142,0.5575657825070287",1.0,1.0,1.0,1,5.0,4337,384,0.9473684210526315,7.983487571292886e-05,2,2
2.0,1.0,"-2.9699999999999998,6.97",1.0,4.0,3.0,3.0,1.0,1.0,"-1.8631820176334237,1.4043094235141598",#,"-1.2819633479600012,3.2058784405790384",#,"0.023199708383781603,2.4586368982028155",#,"-1.430529338428722,2.0666144784078506","0.11301497626558887,1.9515598581160551",#,"-1.302441227703787,1.4442629498912551",1.0,1.0,1.0,1,3.5,4340,387,0.7894736842105263,5.5884412999050204e-05,2,2
3.0,0.0,"7.359999999999999,14.64",0.0,2.0,1.0,2.0,5.0,#,"-3.409130406564117,2.927822691419075","-0.8685703936885042,2.469322635477888",#,"0.201882660305847,2.1232763710729623","-1.9223957276586097,0.9058539121312364","-2.3782110640505447,1.724281644715668",#,"-2.7138726934288613,0.25608442340650694","-1.729120283704089,0.4911605988586003","-2.222568633984041,-0.13268502059650866",0.0,1.0,1.0,1,7.0,4341,388,0.8421052631578947,0.00011176882599810041,2,2
2.0,#,"-3.01,3.01",#,0.0,2.0,2.0,2.0,#,"-1.3247254116364895,1.744736245199119",#,"-0.4153873123432351,1.1215448070194496",#,"-3.373044850825705,2.0477669587715006","-0.8934352950030727,1.568060330256655","-1.3339653254140136,1.8509335077764364","-1.295589471776955,0.6843819394466244",#,#,0.0,1.0,1.0,2,7.0,4344,391,0.631578947368421,0.00022353765199620081,2,2
2.0,1.0,"1.87,10.129999999999999",#,1.0,3.0,#,5.0,1.0,#,#,#,"-2.371545448756305,1.7668410052036365","-0.11635892539282455,3.8903280643094575","-2.3251820158962198,1.84568557134943",#,"-2.3032429916184705,1.2324202427093494","-2.017722840815522,1.3980939015886151","-0.4847002962828405,1.0677846736621834",0.0,0.004487102949207168,0.5,1,12.0,4345,392,0.6842105263157895,0.00019160370171102928,2,4
#,2.0,"-2.45,2.45",0.0,4.0,4.0,4.0,5.0,1.0,"0.594213257802847,6.13904721853814","-3.208905176523219,2.548960298788808",#,"-0.8735660711899478,1.1217273976835953","-3.244729718297985,-0.023667628537326957","-1.661706156422467,2.57753630930262",#,"-2.7364620478663157,-0.33221104852339844","-0.4625576966350619,1.2453506745670067","-2.3989318308210104,1.4822805940415493",1.0,1.0,1.0,1,7.5,4346,393,0.8421052631578947,0.00011975231356939328,2,2
4.0,0.0,"6.03,15.969999999999999",0.0,0.0,#,0.0,1.0,1.0,"-2.5020574880974458,-0.026685184197761336","-2.8732305770866136,1.4660303608296958","-0.19859016984396582,2.7523194993323887","-1.3291570331380977,2.8092294208218433",#,#,"-0.38512988931523373,3.923850885001257","-2.112772859853345,1.776456697907257",#,"-2.285090207456227,0.8198797324338204",0.0,1.0,1.0,1,5.5,4347,394,0.7894736842105263,8.781836328422175e-05,2,2
2.0,#,#,0.0,4.0,0.0,3.0,3.0,1.0,"-2.0999658819115026,1.365555343548056",#,"-2.2621788421792144,1.918276522487288",#,"-2.1441229670590842,2.4125014526023345","-1.9795083624936205,-0.2017615220282617",#,"-1.227428591102729,1.1061091435536323","-0.2439923381059781,2.4886610558173317","-0.9414793660542683,1.506670009628269",0.0,1.0,1.0,2,5.0,4349,396,0.7368421052631579,0.0001596697514258577,2,2
3.0,2.0,"4.8,13.2",2.0,1.0,1.0,#,1.0,1.0,"0.31522029622982894,3.6817266295334","-3.1332461269196195,3.1253033027673656","-0.8955938000203727,2.4856568625775344",#,"-2.4727741246516555,1.141100415079815","-1.3001776808592596,1.229692822879905","0.17842771257171053,1.989448617719221","-2.768004510903909,1.828357693722257","-0.9142044393895745,0.9075644898926323","-1.4667593933284317,2.5338749522991293",0.0,1.0,1.0,1,11.0,4350,397,0.8947368421052632,0.0001756367265684435,2,2
#,#,"10.34,15.66",#,4.0,3.0,4.0,2.0,0.0,#,"-1.8759787598618956,2.129492875137775","-1.6985560752919044,0.39167160704134685","-1.7539986750442347,0.315194551935736","-1.703062459010424,1.7536871007327215","-0.9153491054158356,3.665767752706436","-3.1040724699078837,-0.41876561055123007","-0.9056908483120818,1.4278468863442795",#,"-0.24528944311754497,3.3970791402150105",0.0,1.0,1.0,1,4.0,4352,399,0.7368421052631579,6.386790057034309e-05,2,2
#,#,"1.29,8.71",2.0,2.0,#,4.0,3.0,1.0,"-1.521036155491299,5.905080756207754",#,"-0.22379571544371735,2.2967729603110856",#,"-0.07986569336749927,2.119884026469048","-0.7954824493035257,3.443760016421561","-1.9826469735704861,1.0773538661615143",#,"-1.172257126827967,1.3896054299751364","-0.7891164353608,3.1518069498842607",0.0,1.0,1.0,1,5.0,4354,401,0.6842105263157895,7.983487571292886e-05,2,2
2.0,2.0,"2.41,7.59",2.0,3.0,0.0,2.0,4.0,0.0,"-3.1515114454729454,1.2051438093904987","-2.0539166693664512,1.53431833698742","-0.9630497773609786,1.7419507527173468","-0.40411078345843054,2.25628050837296",#,#,"-1.2946211901818607,2.7021146004885077","-3.2456380712586137,1.1385843393078832","-3.4993982597360254,0.03027904074824983",#,1.0,1.0,1.0,1,8.5,4357,404,0.8421052631578947,0.00013571928871197907,2,2
4.0,0.0,"5.17,14.83",0.0,3.0,0.0,2.0,2.0,0.0,"-3.9026027225995,1.147156777355856","-3.1359792991165687,1.3701762902580612","-1.4917640737427578,1.15175917156106","-3.6010746657555246,1.7936076760136843","0.33744919603533763,3.4799487958018336","-3.262734841710514,0.8397578670556984","-1.2740083851802335,0.4745635232380528","-1.793266235711299,2.0252500573627468","-3.5821425969079623,-1.0202800401048593","-2.3764519438816643,2.101870084805904",1.0,1.0,1.0,1,8.0,4358,405,1.0,0.00012773580114068618,2,2
#,2.0,"5.27,10.73",2.0,3.0,#,#,5.0,1.0,"-0.09585559235102492,3.963754986044458",#,"0.012965155651479043,1.6728518445631786","-1.5953167149138894,2.4691699809396246","-0.9512152837147207,4.7052839958649715","0.32543129404966087,4.2911742458569995",#,#,"-2.633754205361549,1.408295606483347","-1.7103700820135948,0.08095872946143279",1.0,1.0,1.0,1,8.0,4359,406,0.6842105263157895,0.00012773580114068618,2,2
#,3.0,"-1.5,5.5",0.0,0.0,3.0,1.0,#,1.0,"-1.3209173945172838,2.9367229681901725",#,"-1.8765453094443012,1.750614492251635",#,#,"-1.5303745927831829,0.5892466400793606","-1.3448878714920345,0.5910310271139252","-1.1238352030441834,0.7854229434928394","-1.2070194826982599,1.867215585465464","-2.10077361147392,1.5415949718586353",0.0,1.0,1.0,1,4.0,4361,408,0.7368421052631579,6.386790057034309e-05,2,2
1.0,1.0,"-1.31,3.31",#,0.0,0.0,#,4.0,0.0,"-2.397706641329122,1.958948613534322",#,#,"-3.55621328798222,-1.3392205447893948","-2.0975650070251866,1.1234970827354718","-1.076975094055924,1.7947698020804248","-0.5637395967786889,2.870955223328659",#,"-2.6280476146295086,1.6417233133756632","-0.8936921415784687,1.4947462737215678",0.0,1.0,1.0,1,8.5,4363,410,0.7368421052631579,0.00013571928871197907,2,2
3.0,#,"2.69,7.3100000000000005",2.0,0.0,0.0,1.0,3.0,1.0,#,"-3.64104381416863,2.2002689868725565","-0.12125626500291786,2.645221549849915","-0.8474043587556923,1.369588384437133","-2.972067549334013,1.820244340309893","-1.9912468533981427,2.6582448832035652","-3.3023126333332735,1.0691171377124415","-0.6607415853706838,2.097075737405016","-0.17289660155522124,1.2503603744465028","-1.2672117458738024,1.3600705109562377",0.0,1.0,1.0,1,6.5,4365,412,0.8947368421052632,0.00010378533842680752,2,2
#,#,"10.2,15.8",2.0,3.0,0.0,0.0,#,1.0,"-4.0484179274148975,-1.375015839203238","-0.8174883229111507,1.6024841232344835","-0.10054277257402644,2.1126394793082395","-1.9152318761854006,1.9275555453488304","-1.21313684701671,2.793550142685572",#,"-0.5450375167860875,2.702310313133587","-1.38514800827389,1.3726693145018096","-0.695604632653892,2.2647698774296936","-1.2386576209383624,0.25411638862416036",0.0,1.0,1.0,1,5.5,4367,414,0.7894736842105263,8.781836328422175e-05,2,2
#,#,#,2.0,1.0,4.0,2.0,4.0,0.0,"-3.2799087037455825,3.5521188550175467","-3.535288238825353,1.3046566534659156","-1.5902203474821364,2.4058031628608445",#,"-2.779627681609268,0.9128093481163642","-2.8273536194145703,1.0700144539133323",#,"-2.0698668496295367,0.19295762034026787",#,#,0.0,1.0,1.0,1,6.5,4368,415,0.631578947368421,0.00010378533842680752,2,2
4.0,#,"-2.87,2.87",#,4.0,#,4.0,#,0.0,#,"-2.0654505937880634,0.938653132461689","-2.5154042119733937,2.0953921461146603",#,"-0.6488374493549163,3.0435995803707163","-2.518207404779317,-0.3302112934373367","-1.2302674038281984,1.1427944718823326","-0.8964985737446327,1.5077524255982848","-0.5547937184842655,1.1531146527178031","0.40235888372029116,4.104438427435348",0.0,1.0,1.0,1,4.0,4374,421,0.6842105263157895,6.386790057034309e-05,2,2
2.0,#,"5.99,12.01",2.0,2.0,1.0,3.0,2.0,#,"-2.360282979377178,4.075685010762001","-4.127022297965473,1.9646324802631923",#,"-1.7854026667850436,0.9488883831527746","-2.249153825721224,0.5005333240744602","-1.7087789324525557,0.2740925434511138",#,"-1.8700048796016295,1.3120920312934086","-1.8790636899823032,2.276846679942731",#,1.0,1.0,1.0,1,7.0,4376,423,0.7368421052631579,0.00011176882599810041,2,2
3.0,#,"-1.08,5.08",0.0,#,1.0,1.0,#,1.0,#,"-1.6913332151654676,1.396217836813445",#,"-3.244850747243518,0.00673860943929272","0.18319719264484524,3.0900093224288536","0.604032670139989,3.954401715632396","-2.4130320710500803,1.0841117457864922","-3.047448835352471,0.7003541930350183",#,"-2.6877299605286784,1.6711701473938878",0.0,1.0,1.0,1,2.5,4389,436,0.6842105263157895,3.991743785646443e-05,2,2
#,1.0,"-0.5,6.5",2.0,4.0,4.0,1.0,2.0,#,"-5.160894913885278,0.9780283997859387","-1.520374351584017,2.651991934873973","-2.0020271111378305,-0.03475399835359361","-0.35725199916096684,3.042136873734699","-1.898808635239635,3.6791281543458947","-0.6715684028425251,1.7899272224172027",#,"-1.5685420452636931,0.5528558953329985",#,#,0.0,1.0,1.0,1,4.5,4390,437,0.7368421052631579,7.185138814163598e-05,2,2
3.0,#,"5.27,10.73",2.0,#,#,0.0,#,1.0,"-2.543396387901712,0.22902059246593431","-2.436153835433138,0.15071326217081582","-1.7644383206892373,1.6168123419086695","-1.4893922135998099,0.6537007714865881","0.48786586727792103,3.08042803708528","-0.37269611933602154,1.6101753565676478","-1.1163716529953147,1.1317922292567673","-0.4760676295291508,2.706029281365887","0.3369802023281383,2.500330805850759","-1.8755044634845788,0.6323558725804597",1.0,1.0,1.0,1,8.0,4393,440,0.7894736842105263,0.00012773580114068618,2,2
#,2.0,"1.29,8.71",1.0,#,1.0,#,1.0,1.0,"-4.5285749142689795,2.699512213118098",#,"-0.9369959560184421,2.1368682827069274",#,"-1.402234432905644,3.3115149667440997","-0.8158180144789904,2.876425423410601","-1.3839385174078798,1.051572355031876",#,"-0.4483550726253548,1.9996469260976104","-0.29860093331262205,2.4481032442824198",0.0,0.018602861511813194,0.6,1,15.6,4397,444,0.6842105263157895,0.00024908481222433803,3,5
#,#,"-3.4800000000000004,5.48",1.0,2.0,#,3.0,2.0,0.0,#,"-1.256150924242858,2.1651894306526938",#,"-0.6063750521995057,1.3889184166740374","-0.8681040326071028,1.7244581372002565","-2.50851694194923,0.36322795418711906",#,"-0.8968191201674037,2.7095573788469722",#,"-1.2081839752279098,3.2701380534596582",0.0,1.0,1.0,1,4.0,4399,446,0.631578947368421,6.386790057034309e-05,2,2
#,3.0,"-2.73,2.73",0.0,0.0,0.0,0.0,#,1.0,"-3.8598985300740076,1.1898609698813485","-3.7023486355408983,-0.030666303457866917","-2.836188933005477,1.4057437164355338","-1.0039614320188561,1.3608308273868244","-1.1807880510847326,3.0615864086000366","-1.3755722407232072,2.932045103481316","-1.6419497456197372,2.667031028696754",#,#,"-3.102962090405928,-0.6548127147233904",1.0,1.0,1.0,1,5.5,4400,447,0.7894736842105263,8.781836328422175e-05,2,2
0.0,0.0,"0.16999999999999993,9.83",0.0,#,3.0,1.0,#,0.0,"-5.543821528342739,1.882295383356314","-2.785095621976394,-0.6154651530182391","-2.9801683632773672,-0.8899406809441162","-2.496744543197359,2.971837556678277",#,"-0.5706772834972035,1.2070695569681553","-1.1101403851862988,2.5743504218379467",#,"-2.15855527115079,1.9973550987742439","-1.523955270117723,1.4018817886248216",0.0,1.0,1.0,1,5.0,4403,450,0.7894736842105263,7.983487571292886e-05,2,2
0.0,2.0,#,#,3.0,3.0,4.0,1.0,1.0,"-0.314771601494096,3.5468091925894116",#,"-0.558184959128599,1.7164745775281744","-3.0209849552707957,2.373697386498413","-3.2156105197390055,1.1838889199340894","-2.2486363361885484,1.033357830824422","-2.351026669139302,2.2701990888233117",#,#,"-1.217558127076282,1.350013169371257",1.0,1.0,1.0,1,16.0,4404,451,0.7368421052631579,0.00025547160228137235,1,1
2.0,#,"7.92,14.08",#,3.0,4.0,4.0,2.0,#,#,"-2.2783403691476987,3.062288477518529","-1.6218202967963922,0.40693010076235203","-2.637264723577769,1.796720762807882","-0.7253579826583869,1.238704267195673","-2.1371332150431757,1.0764860734903579",#,#,"-2.7140837530544752,-0.8923148237722685","-1.277125006100094,2.186110696084959",0.0,1.0,1.0,1,5.0,4405,452,0.6842105263157895,7.983487571292886e-05,2,2
4.0,#,#,1.0,0.0,1.0,#,#,#,#,"-0.6978676541617438,2.6400253750046483","-0.7874806760144685,1.7330879997403348","-2.76521461507423,2.407768452375697","-4.3367914163688255,1.4768328431991908","-2.0885118361885695,2.2874803864953908","-2.564202685036494,1.7447780892799971","-2.868913446677463,0.9496028463965827","-1.707632557581835,0.6834391621010611",#,0.0,1.0,1.0,1,9.5,4410,457,0.631578947368421,0.00015168626385456482,2,2
#,0.0,"10.62,15.38",#,#,0.0,0.0,2.0,#,"-4.124454874863861,0.7272748407795189","-2.3029951471622656,2.203160442212364",#,"-1.2515697423500256,3.03461622782277","-2.5054768529040534,0.7941477268507668","-1.0322807414513766,1.3608400053289145","-1.5578043551194123,1.7519924715294868",#,#,"-2.813319587037953,0.0528065113220908",0.0,1.0,1.0,1,11.5,4411,458,0.631578947368421,0.00018362021413973639,2,2
#,#,"-2.9699999999999998,6.97",2.0,4.0,1.0,4.0,0.0,1.0,"-0.6089650127669848,5.3319285165922565",#,"-3.106726318082046,0.950774477035442","-2.647976827003681,2.08160769180768",#,"0.16335154345085634,3.171846196546079","0.18371511269803809,3.1812669557008144",#,#,"-1.1302694730835412,0.4819264572439836",1.0,1.0,1.0,1,10.0,4412,459,0.6842105263157895,0.0001596697514258577,2,2
#,2.0,#,2.0,0.0,0.0,1.0,2.0,#,#,"-4.010853455670587,1.0794334138081607",#,"-2.9690435406345217,2.4995385592411146",#,#,"-0.8424851536786279,2.779556656616393","-1.9874668577606036,1.831049435313442",#,#,0.0,1.0,1.0,1,10.0,4418,465,0.5263157894736842,0.0001596697514258577,2,2
#,2.0,"5.87,14.129999999999999",#,0.0,4.0,2.0,2.0,0.0,#,"-0.482946580041994,1.603236563187001",#,#,#,#,"-1.4152316658580832,2.768851114999959","-2.176841772820932,2.631660225864903","-2.786076668861713,1.1421125849030451","-1.7541623171692398,1.410518583103309",0.0,1.0,1.0,1,5.5,4420,467,0.631578947368421,8.781836328422175e-05,2,2
#,2.0,"2.41,7.59",1.0,0.0,1.0,#,4.0,0.0,"-2.2334691635078374,1.3310669541077078","-3.270398427676633,1.0688625102396765","-0.577176976096197,2.189300838756636","-1.6257251679283082,1.3302651563287928",#,#,"-1.5094968974980465,2.299891902984648","-1.596495663105995,1.0198951302965917","-2.2245852191282287,-0.2889557317658842","-0.43376728137094456,2.1935149754590952",0.0,1.0,1.0,1,10.0,4421,468,0.7894736842105263,0.0001596697514258577,2,2
#,2.0,#,0.0,4.0,2.0,3.0,4.0,#,"-1.4823557996880594,1.983165425771499",#,"-2.1257625686987742,1.8702609416442066","-2.491899352004651,1.8681863762745725","-2.8367717127302905,2.4269151168785905","-2.0169504619128036,0.9231693127029824","-0.6174177410008773,1.3185011576050822","-1.32638441495737,1.7142859665645551",#,"0.43085324988753093,1.9833382198325546",0.0,1.0,1.0,1,9.0,4423,470,0.7368421052631579,0.00014370277628327196,2,2
1.0,#,"10.99,17.009999999999998",0.0,1.0,2.0,1.0,#,#,"-1.4019527727864718,2.4596280212970356","-0.9326172944993674,1.1535658487296276","-2.920003245629717,1.6907931124583369","1.0398786597088274,3.404670919114508","-1.7560128584107761,0.5222993514199332","-2.214014927360643,2.435476809241065",#,"-1.5378281912107714,2.4928278959229435","-2.105842083697957,-0.11328231729554317","-0.4882435944118968,2.55701538509565",0.0,1.0,1.0,1,7.5,4426,473,0.7894736842105263,0.00011975231356939328,2,2
#,#,"1.8200000000000003,12.18",0.0,0.0,2.0,0.0,1.0,1.0,"-4.332589943160457,2.5984525077586595",#,#,"-0.09500778678665678,2.417583988831879","-2.692028517475127,2.493095822139592",#,"-1.6647952218911608,2.0821445818623094",#,"-0.4134904571486808,2.8315354481352504",#,0.0,0.004487102949207168,0.5,1,11.75,4432,479,0.631578947368421,0.00018761195792538283,2,4
3.0,#,"-0.029999999999999805,4.029999999999999",0.0,#,3.0,2.0,0.0,1.0,"-3.842224766716408,0.6134453803030238","-2.205909683991479,3.218166488403908",#,#,"-1.3879575981246983,2.854416861560071","-1.4331064026061477,2.3958867922423175","-3.0425766410718413,0.7043631626816289","-1.7602840958590125,1.9875189325284766","-0.5808318212342857,2.265682130769162","-2.264877380379436,1.3177802425706187",1.0,1.0,1.0,1,6.0,4433,480,0.7894736842105263,9.580185085551464e-05,2,2
2.0,0.0,"-4.25,6.25",1.0,2.0,3.0,#,2.0,#,"-2.8966845003228663,1.9550452153205145",#,"-1.1573318310538496,1.6706232685734907","-2.1286559361216266,3.0443271313283002",#,"-1.7501017651960193,1.6002672802963875","-0.24297144403438642,2.504784412051492","-3.570071986908717,-0.10512201726745318",#,#,1.0,1.0,1.0,1,5.0,4435,482,0.6842105263157895,7.983487571292886e-05,2,2
1.0,#,"-3.64,3.64",#,#,0.0,2.0,1.0,1.0,"-2.3022318719794406,2.0544233828840035","-0.6483226896493762,2.6061230137878564","-0.8381974122494631,3.1578260980935178","-1.1221458865517628,2.8684410511953233","-1.7199887044698403,1.6581983652791428",#,"-2.7275973505469535,0.7695464662896189","-1.827309635745894,1.354787275149144","-1.822921583228806,0.9666620897345728","-1.9300635449724466,2.130281761037616",1.0,1.0,1.0,1,10.0,4437,484,0.7894736842105263,0.0001596697514258577,2,2
1.0,0.0,#,0.0,4.0,#,4.0,#,#,"-0.16706002306934042,2.407327172986331",#,"-0.5765250436507041,1.7596117777805769","-3.554945895554386,1.9136362043212505",#,"-2.8781442102013535,2.044847040318102","-1.4394565122878984,0.8711563666934083","-2.8971116382676376,1.204257713552633","-0.8661272195609608,2.208107848602763","-1.9962729743722538,-0.2646551232797273",1.0,1.0,1.0,1,5.5,4444,491,0.6842105263157895,8.781836328422175e-05,2,2
#,0.0,#,2.0,#,0.0,3.0,5.0,1.0,"-1.0208354553645385,1.9496113093150824",#,"-1.3363699066106782,1.368630623467647","-1.5305912613305406,0.9820005142879951","-1.5780344502529702,1.2502151895368758","-0.3229654413027534,2.1385301839569744","0.0801886412867977,2.0161075398927575","-4.007523061872684,-1.178992474410428","-1.4706805181038733,0.6357398063786781",#,1.0,1.0,1.0,1,8.0,4448,495,0.7368421052631579,0.00012773580114068618,2,2
3.0,0.0,"9.73,18.27",2.0,#,#,2.0,4.0,0.0,"-2.197292898031527,2.7534517097678415","-2.5908985492871017,0.16286319977517172","-3.373890363102382,-1.0377535416711012",#,"-1.8524902234983576,1.3685718662623008","0.24299015054828033,4.003608466917309","-1.1079271741053485,2.264318649272775","-0.07769984713454181,3.104397063760496","0.3231439471138253,2.2587734344761703","0.19953498072006726,2.1102857129600965",0.0,1.0,1.0,1,3.5,4462,509,0.8421052631578947,5.5884412999050204e-05,2,2
#,0.0,#,0.0,3.0,#,#,4.0,0.0,"-0.7530386021194961,5.385884711551721","-3.694964258816175,1.812559239308372","-0.022451615828057214,2.1907306360542087","-2.7332704363288025,0.9617174689925736",#,"-1.2207502798006755,3.0868670644038474",#,#,"-2.3187256048242606,0.6985791842993946",#,1.0,1.0,1.0,1,3.5,4463,510,0.5789473684210527,5.5884412999050204e-05,2,2
#,2.0,"4.31,13.690000000000001",2.0,4.0,2.0,4.0,4.0,#,"-0.477018822179359,5.364859815023895",#,"-4.291435994008969,0.2578830793045772",#,#,"-2.2487265554546365,0.6913932191611494","-0.3176309087361555,1.493389996411355","-0.5197660071449295,1.4602054040786498","-2.2306954322561188,0.6158185197473289","-3.1875576973923474,0.5742328067052103",0.0,1.0,1.0,1,5.5,4464,511,0.7368421052631579,8.781836328422175e-05,2,2
#,#,"-1.62,7.62",#,0.0,3.0,3.0,0.0,#,"0.4576694342121428,3.8241757675157135","-2.576570756230334,3.431636696269171","-2.293675001040668,0.4113255290376575","-3.1119690368081225,2.208813546854658",#,"-0.19903644387334918,2.8778330877013105","-0.882278941483137,1.1160889538520473",#,"-1.5432908720928844,0.790850568549943","-2.999947634725,0.7618428693725576",0.0,1.0,1.0,1,3.5,4467,514,0.6842105263157895,5.5884412999050204e-05,2,2
4.0,0.0,#,#,#,0.0,#,2.0,#,"-3.8988278925496784,1.4479762838736399","-4.677527683261874,0.5796538376751936","-2.9336243478171933,0.38614903000620604","-1.212614930436279,1.1521773289694015","-0.5368441361974436,3.5484053434990006","0.34504719216345103,5.4731630781212175","-3.6038853158790145,0.08060549114523075","-2.5601591266651447,-0.5094744507550095",#,#,0.0,1.0,1.0,1,5.0,4473,520,0.631578947368421,7.983487571292886e-05,2,2
#,#,"-3.62,5.62",0.0,#,3.0,1.0,0.0,1.0,"-2.4720668279814415,0.30035015238620466","1.0777327993665293,3.330810594053844","-1.4976927043428707,2.4983308060001104","-3.9642010315965823,-0.2692131262752062","-2.9423312507323516,0.278730839028307","-1.941423601193574,3.186692284764192","-1.3689772024745772,0.7542886863190561","-2.391169818986186,2.8416117678189874","-0.5878317496448496,2.0309610861983223","-0.6268270367974949,3.4335182692125676",1.0,1.0,1.0,1,2.5,4474,521,0.8421052631578947,3.991743785646443e-05,2,2
3.0,0.0,"3.6199999999999997,8.38",2.0,#,2.0,2.0,4.0,0.0,"-0.6411898056259326,2.626301635521651","-2.649905191133947,0.8548824894907647","-3.6062372033113337,-0.22498654071342683","-3.162970039863332,-0.13307995749980361","-2.508180272040491,1.8913191676326038","-1.7630749345949375,1.7924187463357804","-3.3610953550755265,0.5107424421363929","-2.4455977624833043,2.4336175008890875","-0.24743987515739418,1.5743290541248127","-0.47949620469327087,1.1924106860167547",1.0,1.0,1.0,1,3.5,4494,541,0.9473684210526315,5.5884412999050204e-05,2,2
2.0,0.0,"5.92,12.08",#,2.0,#,0.0,1.0,1.0,#,#,"-1.580527700529361,1.1244728295489643","-1.2281746031761656,1.5800162048680804","-1.5248060459549362,0.7535061638757733","-0.21834410726642695,1.7645273686372425","-3.0808659307187005,0.8534208632224434","-2.841163010819937,1.6137726644331165",#,"-2.3917964214807066,1.7879708052943581",0.0,1.0,1.0,1,11.0,4495,542,0.7368421052631579,0.0001756367265684435,2,2
3.0,0.0,"6.57,13.43",0.0,4.0,2.0,4.0,#,1.0,"-1.4885708424332291,4.353307794770025","-3.0777157884279287,1.7622291038633395",#,"-0.8431487193493774,1.743342814375586",#,"-1.4290974520256179,1.9896464719462261",#,"-3.8330046500338026,0.6926442899058065",#,#,0.0,1.0,1.0,1,24.5,4497,544,0.6842105263157895,0.0003911908909933514,2,2
1.0,#,"6.27,11.73",#,#,#,4.0,5.0,#,"-2.1062526463694877,3.7356259908337663","-2.178003133301018,0.8261005929487344","-2.177015458442278,2.187871760547747","-2.1447855571597687,2.289199929225882",#,"-3.766787855501485,1.2245782734974067","-2.1224068731368964,2.061675907721146","-1.7777194675038968,-0.009887850339986959","-0.00032675220025535356,1.7075816190018132","-3.337280989831266,1.0813300784738016",0.0,1.0,1.0,1,4.0,4498,545,0.6842105263157895,6.386790057034309e-05,2,2
1.0,2.0,#,2.0,2.0,3.0,3.0,#,1.0,"-1.7302088264531128,2.6264464284103313","-2.2831219869254635,2.306480928178326","0.018596493719836404,1.862915036955058","-1.3681898981926135,0.4793040544680745","-0.9769109144789097,1.379963785345962","-3.380536044562491,0.7219566642037216","-0.11580507587518385,3.7560327213367355","-1.9325347422506154,1.3909886980175352","-0.6625949564745484,2.639361227849451","-0.5682380651148053,2.775575716305246",0.0,1.0,1.0,1,3.5,4504,551,0.8947368421052632,5.5884412999050204e-05,2,2
#,3.0,"-2.2,6.2",0.0,4.0,#,#,3.0,1.0,"0.9438333949096185,6.3896524634889245",#,"-2.119710501219503,1.3230174461529114","-1.9477246904921128,2.486260795893538",#,"-0.08061349779476057,4.363753603368637","-4.007030275765494,0.614195482197119",#,"-0.6847377134818402,3.4142423774031245","-1.013225093992478,1.0169475590125532",0.0,1.0,1.0,2,3.5,4516,563,0.6842105263157895,0.00011176882599810041,2,2
0.0,#,"-4.41,4.41",#,4.0,#,1.0,#,0.0,"-4.257805845187625,1.1880132233916807",#,#,"-1.9317610521435897,0.06353241672995324",#,"-2.7238205612938087,0.48979872723972484","-3.5402558476217005,0.5189289397778922","-2.0716882893096917,3.1610932974954817","-2.4864411479287307,1.6694692219963034","-1.0591505062106643,3.1803276809469",1.0,1.0,1.0,1,5.0,4535,582,0.631578947368421,7.983487571292886e-05,2,2
2.0,1.0,"4.31,13.690000000000001",2.0,0.0,3.0,#,4.0,0.0,"-0.725450251208464,3.928249680122942","-5.1812078093785665,0.9104469688500987","-0.5189099897732341,1.2639312686874802","-0.8410852420962185,1.2281079848837522","-2.225450551720758,3.666736197841422","-2.265579737316239,1.153164186655605","-3.5262082262939427,0.5329765611056501",#,#,"-1.057929326624325,1.3305090886757114",0.0,1.0,1.0,1,3.0,4539,586,0.8421052631578947,4.790092542775732e-05,2,2
3.0,0.0,"10.01,17.990000000000002",#,1.0,2.0,2.0,0.0,1.0,#,"-3.3006745274140448,0.7882444333147853","1.0304010148001763,3.796878829653009","-2.2899340401619606,2.4396504786494004",#,#,"-3.0151054961543755,1.2314262814328911","-1.2510647636659442,1.0117597063038604","-2.1418116547790644,1.4447959247452797",#,1.0,1.0,1.0,2,4.0,4541,588,0.7368421052631579,0.00012773580114068618,2,2
3.0,2.0,"7.83,12.17",2.0,2.0,#,2.0,2.0,0.0,"-0.9480064132435577,1.6263807828121137","-4.0277828846055135,1.8135299164356733","-3.0298441044952473,-1.30848013080904","-2.2347353482827734,3.0860472353800072","-1.9468690117750034,0.25288070806154406","-0.36603356027070466,2.232211821947897",#,"-1.0693982119829482,3.1026844045238793","-1.17495322417984,2.5824451924647116","-0.7871583641670599,2.019256773810483",0.0,1.0,1.0,1,11.5,4542,589,0.8947368421052632,0.00018362021413973639,2,2
3.0,0.0,"1.5899999999999999,10.41",0.0,1.0,#,2.0,1.0,1.0,#,"-3.352183067440297,0.9036305447468524","0.2529952992669713,3.6342459618648784","-3.0197075889105096,2.3749747528586993","-3.5180527170318614,0.4100717826762581","-1.52752100932953,0.7288499804918873","-3.071798599299872,0.2379982273490271","-2.1250099967613503,0.7035205907009057","-1.1264688066628705,0.7522304016594052",#,1.0,1.0,1.0,1,4.0,4549,596,0.8421052631578947,6.386790057034309e-05,2,2
3.0,0.0,#,2.0,#,1.0,1.0,2.0,0.0,"-5.060594101853608,1.7714334569095205","-3.489682819547075,2.017840678577472",#,#,"-2.6853178367095607,0.771431723033585",#,"-1.5152945819025954,0.7953182970787115","-0.8795341149643857,1.524716884378532","-2.0181976103114874,1.853061364413202",#,0.0,1.0,1.0,1,12.0,4741,602,0.6842105263157895,0.00019160370171102928,4,4
1.0,0.0,"9.41,14.59",2.0,1.0,3.0,1.0,4.0,0.0,"-3.65842477721674,3.0745878893904015","-0.7010861018068477,2.8871489045470238","-2.603924326068551,1.883917462470489","-1.4163241555451562,2.722062298414785","-2.2247507086858933,2.881811140934662","-0.055108924210867105,2.338011822569424","-1.6614982395951678,1.7731965805121803",#,#,"-0.26351402897593657,1.8860805447940963",0.0,1.0,1.0,1,14.0,4558,605,0.8947368421052632,0.00022353765199620081,2,2
#,#,"10.97,15.03",0.0,3.0,2.0,4.0,2.0,#,"0.7746915386159103,6.517555283663178",#,#,"-1.2561585400155342,2.9561276720508345","-2.3335480661819825,1.8302639035086246",#,"-3.3112403654758262,1.1226384022991136","-1.4687941759470267,0.5818904999631086","-1.9369487151873241,0.34026244641543457","-0.21260636333313565,2.1161210915844",1.0,1.0,1.0,1,5.5,4561,608,0.6842105263157895,8.781836328422175e-05,2,2
3.0,#,"8.25,11.75",#,#,0.0,2.0,5.0,1.0,#,"-0.715145853367223,1.371037289861772","-0.226168928877288,1.987013323004978",#,"-1.7029283266762425,1.2038838031077659","-3.0541591821158427,1.0483335266503697","-1.371154689159994,3.1876220720733945","-2.2845130908595124,0.04902464379684868","-1.2911570805924593,1.8400082666113338",#,1.0,1.0,1.0,1,10.0,4564,611,0.6842105263157895,0.0001596697514258577,2,2
3.0,1.0,"8.78,15.22",0.0,3.0,2.0,#,#,1.0,"-1.1747709287473584,3.9740034633639842","-0.8449016667165021,5.1633057857830025",#,"-1.2789220264532744,1.9726673302295366","-2.6202722198883146,0.7579148498606685","-1.9007398244521359,1.3128794640813977",#,"-5.316014032321254,-0.36608550426230524","-0.932257254262622,2.6543503252617224","-2.2383024749768357,0.7472455441482098",1.0,1.0,1.0,2,3.0,4565,612,0.7894736842105263,9.580185085551464e-05,2,2
3.0,2.0,"-0.31000000000000005,4.3100000000000005",0.0,2.0,#,3.0,1.0,1.0,"-1.2964171540728808,3.7533423458824755","-0.8607635678471564,4.229523301631591","-0.9356077260045189,2.7530293604659244",#,#,"-2.0246486630827127,2.4197184380806847",#,"0.2683489154110481,2.0361805325749582","-2.618879631776772,1.5939610171883307","-0.8750817031763684,0.6176923063861545",0.0,1.0,1.0,1,9.0,4576,623,0.7894736842105263,0.00014370277628327196,2,2
2.0,0.0,#,2.0,1.0,3.0,1.0,#,#,"-3.2944147924162603,0.2701213251992849","-3.4403314401600196,1.3996134521312489",#,"-2.7984438053645544,2.5962385364046545","-2.309481436801525,2.2471429828598937","-2.7826336142000327,-0.6630123813374895","-2.0263499614138754,0.3467119142966556","-1.6291774373190955,0.7043602973372657","-0.8844015385934182,0.8235068326086504",#,1.0,1.0,1.0,1,10.0,4593,640,0.7368421052631579,0.0001596697514258577,2,2
#,0.0,#,#,3.0,4.0,4.0,4.0,0.0,"0.5114290680278111,3.3828609405514447","-0.755937233680585,2.5819557954858072","-1.0366242860334993,1.2380352506232741",#,#,"-1.0885996441448098,1.3045211026354813","-0.541571398337712,2.2061844577481664","-0.7961135042218738,2.598123200732833","-0.8166567907480632,2.713020509736212",#,1.0,1.0,1.0,1,9.5,4601,648,0.6842105263157895,0.00015168626385456482,2,2
#,2.0,"-2.6900000000000004,6.69",#,3.0,2.0,#,1.0,1.0,#,"-1.7642950055802535,2.7418605837943764","0.050365194567953075,2.1405928769012044","-2.4317834275843375,1.8544025425884585",#,"0.41476782315196814,2.3976392990556374","-1.7819822421581935,0.9657736139276849","-1.3554615041405924,1.8266354067544457","-0.9533763122209695,0.5268109428208234",#,0.0,1.0,1.0,1,15.0,4604,651,0.6842105263157895,0.00023950462713878657,2,2
#,2.0,"9.43,16.57",0.0,#,4.0,#,3.0,1.0,"-3.282996138216846,3.0539569597663454","-0.8550347381733419,1.648385033701452","-0.5284229010644377,3.221691470180513","-1.9393726035598817,1.4600162693357843","-1.4218189772728604,3.1348054423885583","-1.2498137186824052,0.4595582433035167",#,"-3.422411634099198,1.3860903645866371","-2.3878247706439746,0.1171075071190597","-2.5674008335099856,1.4929444725000767",0.0,0.004487102949207168,0.5,1,7.75,4605,652,0.7894736842105263,0.00012374405735503973,2,4
4.0,0.0,"-3.9699999999999998,5.97",1.0,#,1.0,3.0,1.0,#,"-3.590711155831738,1.855107912747568",#,#,"-2.3989680210239857,0.7048218194459702","-1.0884365677835561,2.9968129119128886",#,#,"-2.1715974418605493,-0.05019950126385786","-0.529279440682201,0.893977535319523",#,0.0,1.0,1.0,1,2.5,4607,654,0.631578947368421,3.991743785646443e-05,2,2
1.0,2.0,"-5.18,5.18",0.0,4.0,#,4.0,5.0,1.0,"-0.3892071069603844,3.076314118499174","-4.0083366753527985,0.7481608912093101","-1.8188495688983477,2.2386512262191407","-2.4906088282896026,1.721677383776766","-0.5853396924226295,1.3787225574314304","-0.20925218425208847,3.2094917397197555","-2.8507286799184026,-0.040523827103299714","-1.8257549245279536,1.1442021923074148","-1.7391802913439527,1.2781244977797024",#,1.0,1.0,1.0,1,9.5,4608,655,0.8947368421052632,0.00015168626385456482,2,2
1.0,2.0,"0.23999999999999932,9.760000000000002",0.0,#,4.0,4.0,1.0,1.0,"-2.326579487186584,4.30741828726457","-2.244691713989257,2.678700504031171",#,"-1.4734309980248987,2.8127549721478973",#,"-1.4460530470274782,3.545313081971414","-1.617676814951881,2.00436499534314","-3.6561922321743276,-0.9690881740851847","-0.9641153445987966,1.8823986074046513","-0.9508516239068785,1.0196100687156517",1.0,1.0,1.0,1,16.5,4618,665,0.8421052631578947,0.00026345508985266524,2,2
#,2.0,"2.13,7.87",2.0,2.0,4.0,1.0,1.0,1.0,"-2.887187339608192,3.3507508662190117","0.5358434430137684,3.2061578663468824","-0.18020277466255252,2.524797755415773",#,"-1.4866036954919755,2.2843958242278193","-0.6508210967384258,2.3576735563567968","-3.864393612712658,-0.30480079914686087","0.7002960182352049,4.094532723189912",#,"-1.309571237674349,0.9594452568606859",1.0,1.0,1.0,1,3.5,4625,672,0.8421052631578947,5.5884412999050204e-05,2,2
2.0,0.0,#,1.0,0.0,0.0,1.0,#,1.0,#,"-3.6299554406453445,1.209989451645924",#,"-3.754705437222876,1.4182776302270506","-2.260308185272681,3.0819411343303624","-1.6175019367463916,3.1003646783347536","-2.701146994166906,0.920894816128115",#,#,"-1.1853495699477405,2.636151894532318",0.0,1.0,1.0,2,4.0,4628,675,0.6842105263157895,0.00012773580114068618,2,2
#,3.0,"0.5899999999999999,9.41",2.0,2.0,3.0,3.0,5.0,1.0,"-1.6334385929628366,3.317306014836532","-1.0164301005674452,1.403542345578189","-0.3288844184962314,3.851570946170271","-1.7680868577206235,2.3702995962393176","-2.3722231617381078,1.2416513779933624","-2.3161309630263216,1.0342380824660853",#,#,"-1.9507312195445927,1.7497369180598896","-0.9603470651544516,1.5475132709105868",1.0,1.0,1.0,1,6.5,4635,682,0.8421052631578947,0.00010378533842680752,2,2
#,#,#,0.0,0.0,1.0,1.0,3.0,#,#,"-2.4512057701250627,1.1370292362288086","-0.527229789589249,3.345839151204717","-1.5332038578376568,0.7576886434615965","-5.017143896632298,0.010855462994094456",#,"-1.212475085111683,2.097321741537216","-1.3823825039087654,2.1532807304190547","-2.979181227261946,0.2658446780219854","-2.982369634511497,1.316819513028569",1.0,1.0,1.0,1,2.5,4636,683,0.6842105263157895,3.991743785646443e-05,2,2
3.0,0.0,"8.27,13.73",1.0,3.0,#,2.0,5.0,1.0,"-2.9118154103807314,2.335973873886599","-1.8626856876059328,1.2248653643729799",#,"-4.031401822526036,1.5110800354560274","-3.1785801591312053,1.3780442605302134","-1.5287000100415655,1.2062951291359099",#,"-1.5082230577946172,0.4010350887424058",#,"-1.894971002782891,1.2697098974896577",0.0,1.0,1.0,2,6.5,4638,685,0.7894736842105263,0.00020757067685361503,2,2
2.0,2.0,"1.96,12.04",0.0,1.0,3.0,4.0,0.0,#,#,#,#,"-1.377073172521459,2.3179147327999168","-0.5676862543043288,2.8890633054388166","0.08312482229935103,2.1343711766824573",#,#,"-1.8878505185228844,0.2755000849997362",#,1.0,1.0,1.0,1,8.5,4640,687,0.631578947368421,0.00013571928871197907,2,2
3.0,0.0,"11.83,16.17",2.0,0.0,#,0.0,5.0,#,"-4.125210610481477,2.01371270318974","0.9050620732088321,3.3250345193544666",#,#,#,"-1.3010388080876845,1.707455845007538",#,"0.28630740538600263,3.0441247281617025",#,"-1.3317608654293256,0.16101314413319712",1.0,1.0,1.0,1,13.5,4665,712,0.631578947368421,0.00021555416442490792,2,2
3.0,2.0,"7.13,12.870000000000001",0.0,2.0,4.0,3.0,2.0,#,"-1.5960366426792034,3.750767533744115","-3.0776482384586594,2.1795332824784084","-2.7956523485759135,0.27821189014945613",#,"-2.3664924481526013,2.6615069114737917","-3.4528893974359187,1.6068516100424102",#,#,#,"-2.021958450130121,1.441277252054932",1.0,1.0,1.0,1,11.0,4680,727,0.7368421052631579,0.0001756367265684435,2,2
#,0.0,"5.55,10.45",0.0,#,#,3.0,0.0,1.0,"-0.08122839236332391,4.176411970344132","-2.1897106324283877,3.15091821423784",#,"-0.5025405965353393,1.8622516628703412","-0.8904414502618063,1.152183289586416","-1.7396008494307078,1.200518925185078",#,"-1.9013324247441998,3.1900226326878602","0.3408763800748068,1.8779939141566686",#,0.0,1.0,1.0,1,12.0,4682,729,0.6842105263157895,0.00019160370171102928,2,2
3.0,0.0,#,2.0,3.0,#,1.0,2.0,#,"-2.58580278759724,0.6816886535503436",#,"-3.899363831945429,-0.45663588457301496",#,#,"-1.1001478480633315,1.8399719265524543",#,#,"-1.6071030756101936,2.03643478295422","-0.03188097970861481,1.8191587921489134",1.0,0.004487102949207168,0.5,1,8.75,4697,744,0.5789473684210527,0.0001397110324976255,2,4
2.0,0.0,#,#,0.0,#,3.0,0.0,1.0,"1.0891482151029215,4.059594979782542",#,"-0.06377086899015638,2.8871388001861984",#,"-2.772314436082493,2.5699348835205504",#,"-0.632338077322842,3.4268467100767506","-2.934856598019197,1.6615056066069687","-2.9204432812626875,1.1216065305822083",#,1.0,1.0,1.0,1,7.5,4699,746,0.631578947368421,0.00011975231356939328,2,2
4.0,#,"-1.29,5.29",2.0,0.0,#,2.0,0.0,1.0,"-0.5615714523217945,3.0029646652937507","-1.6102924374397862,1.5607059402682861","-1.8418368033907189,1.539413859207188","-1.2694616298919985,3.607922405132218","-1.9270306115936595,2.393906338085272",#,"0.39199535445986733,5.013221112422481","-0.04431201531873241,3.7034910130687564","-0.9896799327090466,1.287531228893712","-2.004383660666901,1.1005862792231467",1.0,1.0,1.0,1,9.0,4709,756,0.8421052631578947,0.00014370277628327196,2,2
0.0,#,#,1.0,2.0,#,3.0,0.0,1.0,"-2.0431694656498127,2.01644111274567",#,"-0.18297409695518674,2.2761172940251093",#,"-2.558890120948466,2.9404841786429023",#,"-0.5059558290037688,1.6797590565190887","-2.106369844905371,1.4292933894224487",#,"-1.1501228031465205,1.238315612153516",0.0,1.0,1.0,1,5.5,4715,762,0.631578947368421,8.781836328422175e-05,2,2
#,0.0,#,0.0,3.0,0.0,4.0,5.0,#,"-1.0849078990981755,3.5687920322332305","-1.305435900211848,2.1159044546837036","-0.17833908647016739,1.3585930328925175","-5.091484077676327,-1.1747968980356684","-1.9827274547802516,2.495334474887006",#,"-1.9038099317697792,2.717415826192834","-1.0778396627699118,3.0942429537369156",#,"-1.2771240431905233,2.484666460907034",1.0,1.0,1.0,1,8.5,4717,764,0.7368421052631579,0.00013571928871197907,2,2
0.0,1.0,"0.5499999999999998,5.45",0.0,0.0,3.0,1.0,#,#,"-0.9356086165012627,2.133853040334346","-3.7852641791957895,2.4732852504911955","-0.07744029021908316,3.61119679625136","-1.3103002390043974,1.054492020401283","-3.6008031273282546,1.0343837823273263","0.09889105992576619,3.3125103484592997","-0.1499766733541592,2.597779182731719","-0.9121977241543865,2.1284726573675385",#,"-2.471819501108266,1.528814844519295",0.0,1.0,1.0,1,4.5,4744,791,0.8421052631578947,7.185138814163598e-05,2,2
#,2.0,"11.97,16.03",1.0,4.0,3.0,4.0,1.0,1.0,#,"-2.2081062443665123,-0.03847577540835756",#,"-2.547555389444759,0.11283590238663121","-0.7859163931298319,1.6495207966892023","-1.501009063386064,0.7553619264353533","0.9928181193923085,4.177716952582759","-2.3660983877147514,2.018124022851745","0.025514717111097762,2.0180744835135114","-0.4613565079815613,1.0314175015809615",1.0,1.0,1.0,1,11.0,4777,824,0.8421052631578947,0.0001756367265684435,2,2
2.0,2.0,#,#,3.0,4.0,#,3.0,1.0,"-1.0629149442922148,4.184874339975115","-3.675069146177088,1.7490070262182993","0.017891373274950828,2.046641770833695","-0.3565271187656611,1.638766350107882",#,"-1.8093591254524455,2.771757732669826",#,"-2.309708939806111,2.2159400001334983","-1.0603581910647673,1.27378324957806","-1.2080412744345561,0.5832875370404713",1.0,1.0,1.0,1,9.0,4784,831,0.7368421052631579,0.00014370277628327196,2,2
#,0.0,"6.6899999999999995,11.31",0.0,1.0,#,#,1.0,#,#,#,"-0.21331005188592633,2.614645047741414","-1.303275544637016,0.9137171985558095","-1.9324466949830252,3.17411515463753","0.5161347981255915,5.165626534727299","-0.968039733348518,-0.9142514879430528","-1.1620837865078932,2.685899908313846",#,"-1.372780989198992,3.1055410394885765",0.0,0.1,1.0,1,5.5,908,908,0.631578947368421,8.781836328422175e-05,0,0
#,#,"3.38,12.620000000000001",2.0,3.0,#,#,#,#,"-1.9908910726043656,5.138181162626725","-0.4485144949292552,3.4735098143412557","-1.5604813241660187,2.189633047078932","-1.7117693116241313,2.5744166585486647","-2.069716406457424,1.3084706632915593",#,#,"-3.129759595593236,-0.01837594938475484",#,"-1.331554800823028,1.236016495624511",1,0.09881470174817197,0.7432432432432432,1,30.33480006904032,7518,1045,0.5263157894736842,0.00048435499865767597,55,74
#,#,#,#,#,#,1.0,4.0,#,"-2.0493203812992187,0.5250668147564528",#,#,#,#,"-0.5262503609461173,1.1909005291088546",#,"-0.845491573680846,1.823354100221664",#,#,0,0.0671413858531337,0.7073170731707317,1,20.09833735786945,7468,2101,0.2631578947368421,0.00032090965300040454,29,41
#,1.0,#,#,#,#,#,2.0,#,"-4.879643828027416,1.259279485643801",#,"-6.341485979907096,2.6735810794068864",#,"-0.645898720505292,2.2135720016415448","-2.3660379857192764,1.3262054521703153",#,#,#,#,0,0.06789751839147158,0.7083333333333334,1,26.482661063394286,7522,2746,0.3157894736842105,0.00042284799090874065,17,24
#,#,#,#,#,0.0,#,#,1.0,"0.2865233363525119,6.326431757867741","0.776703091962555,2.8628862351915503","-3.3993509338979555,0.5351952916705176","-2.5668948636658953,2.1626896551454657",#,#,#,#,"-3.6670638274500664,1.611904892742986",#,1.0,0.05042140117234821,0.6818181818181818,1,26.67122769008945,7596,2760,0.3684210526315789,0.0004258588295499036,15,22
3.0,#,"5.29,12.71",0.0,1.0,#,1.0,3.0,1.0,"-3.0523496088087168,3.4826332734864502","-3.8317179783503823,1.6758055197741648","-1.7387654202703589,0.3514622620628923","-4.058448355014663,0.8189356800095531",#,"-2.722257440119802,2.2007338103996537",#,"0.3127738894504031,2.3634585653605384","-1.2184871708276677,1.9696084554161941","-2.4942150534760885,-0.046065677793551085",1.0,1.0,1.0,1,13.5,6787,2834,0.7894736842105263,0.00021555416442490792,2,2
2.0,0.0,#,0.0,1.0,1.0,3.0,0.0,#,#,"-3.1078247116561397,2.3162514607392475","-0.4150420418724581,3.396549614147",#,"-2.771965874300263,0.056283765489582915","-0.6756905403094882,1.4439306925530553","-2.133192828456131,1.176603998192768","0.5257297289445464,3.2128337870336896","-2.4246395646327223,0.7065257825710707","-2.611836794666725,-0.6413751020441949",1.0,1.0,1.0,1,12.0,6851,2898,0.7894736842105263,0.00019160370171102928,2,2
#,#,#,#,#,0.0,#,#,1.0,"0.2865233363525119,6.326431757867741","0.776703091962555,2.8628862351915503","-3.3993509338979555,0.5351952916705176","-2.5668948636658953,2.1626896551454657","-1.4264322222356414,1.166129947571718",#,#,#,#,#,1.0,0.06191055711381182,0.7,1,28.575145458991106,7596,3008,0.3684210526315789,0.0004562586372394837,14,20
#,#,"-4.69,5.891760656427649",#,#,0.0,4.0,#,#,"-0.07559979429832153,6.326431757867741",#,#,#,#,"-1.5726691112593671,2.324698962068535",#,"-2.7242820512171066,0.9324295907378197","-1.8187117380096187,-0.11080336680754999","-2.126874313114682,1.0102177071767136",1.0,0.1754292063196716,0.8,1,26.2,6565,3059,0.42105263157894735,0.0004183347487357472,4,5
1.0,0.0,#,2.0,#,#,2.0,0.0,1.0,"-3.1009447352592283,2.641919009788039","-2.1980786038591114,1.47360372822392","-0.6156397916223597,3.687770142593158",#,#,"0.1951813887973115,2.4515523786187288",#,"-2.449420065417881,1.510522757029278",#,"-1.689989557016232,2.0120899866988244",0.0,1.0,1.0,1,15.5,7077,3124,0.631578947368421,0.00024748811471007946,2,2
2.0,#,"6.59,15.41",#,#,#,#,#,1.0,"-3.0842709032653066,0.3516476688116721",#,"-2.094665432197457,1.716705096533715","-1.5492493421029345,3.771533241559846","-4.387702561227509,0.40460932841639674",#,#,"-0.4425676463710677,1.9007355845581975","-2.2967720455391887,-0.8735150695374648","-2.863667688517184,1.5549433797878836",1.0,1.0,1.0,1,22.333333333333332,7143,3190,0.5263157894736842,0.0003565957781844156,3,3
2.0,#,"-5.109999999999999,5.109999999999999",2.0,4.0,#,2.0,#,#,#,"-1.7615903848595105,3.7459331132650364","-1.8177295181945017,1.1946574357563604",#,#,#,#,#,"0.4236180836126995,2.359247570975044","-2.863667688517184,2.5652012172481315",1,1.0,1.0,1,10.0,7259,3306,0.47368421052631576,0.0001596697514258577,1,1
4.0,#,"0.4500000000000002,9.55",2.0,2.0,2.0,1.0,0.0,#,"-2.440452602391513,1.0250686230680452",#,"-0.9020232648000155,2.9710456759939503",#,"-4.144858542426638,1.5902032271472162",#,#,"-2.8024368117109617,2.2182049810345426","-1.5692398455261052,1.732716338797894","-1.7499458549919114,2.2506884906356497",1.0,1.0,1.0,1,14.0,7278,3325,0.6842105263157895,0.00022353765199620081,3,3
2.0,#,#,#,3.0,#,4.0,#,0.0,#,#,"-3.3993509338979555,1.977007467565071",#,"-2.002122858585838,2.0831266211106065","-2.275985797385302,1.4846325189837266",#,#,#,#,1.0,0.014933135057530586,0.5833333333333334,1,24.78025472,7342,3338,0.3684210526315789,0.0003956657111411837,7,12
#,#,"-3.165257394256443,14.185636570673985",0.0,4.0,#,4.0,#,0.0,"-3.0842709032653066,2.829620261058283",#,#,#,"-1.154666026424377,2.0663960633362812",#,#,"0.1460799037604421,2.9746104912226983","-1.8187117380096187,-0.11080336680754999","-2.863667688517184,1.5549433797878836",1,0.30047963350765927,0.8571428571428571,1,18.216,7345,3392,0.5263157894736842,0.0002908544191973424,6,7
1.0,#,"-1.5,5.5",#,#,#,#,#,#,#,#,"-5.080302583779666,0.5351952916705176",#,#,#,"-0.6053363142855642,2.3297665319879877","-1.9516328337686364,2.8651208417380487",#,"1.6755958742205914,3.2877918045481165",0,0.004487102949207168,0.5,1,22.28,7476,3523,0.3157894736842105,0.00035574420617681104,3,6
3.0,#,#,#,2.0,#,3.0,#,#,#,#,#,"-2.5668948636658953,3.771533241559846",#,#,#,#,"-1.5787817115376048,-0.15552473553588086","-2.863667688517184,1.5172724074182917",1.0,0.04231439924197695,0.6666666666666666,1,23.01506029568,7505,3552,0.3157894736842105,0.00036748089564623534,10,15
#,0.0,"2.7300000000000004,14.760000000000002",2.0,#,#,4.0,2.0,#,#,#,#,"-0.34194873104235524,2.9096406256404554","-2.915356224776258,1.1698932549201864","-2.5265793215746797,2.122912415027028",#,"-7.287758534457058,1.9007355845581975","-2.1058216164586856,1.6392091069692498",#,1,0.0027964065569803416,0.47058823529411764,1,31.401168444620804,7542,3671,0.5263157894736842,0.0005013816760034091,8,17
0.0,#,"6.18,9.82",1.0,4.0,3.0,4.0,#,1.0,"-2.4205685496822564,3.7183547639889607",#,"0.16450409442957947,4.037573035223545","-4.311111337691449,0.6401724554391945","-0.8013907449830147,3.8337961646725667","-1.0788621589135932,1.7245078587433194",#,"-0.5425983262176892,4.548756731214371",#,"-3.0783311139674163,0.8028813108951434",0.0,1.0,1.0,1,9.0,3714,3714,0.7368421052631579,0.00014370277628327196,1,1
2.0,#,#,#,#,4.0,#,#,#,"-3.1830014140409233,2.460847438850357",#,"-0.5713927951512245,3.301676145642741",#,"0.7903422000917022,5.625718821116514",#,#,#,#,#,1,0.06608640574072565,0.7058823529411765,1,35.2926762098688,7585,3739,0.2631578947368421,0.0005635172837583033,12,17
4.0,2.0,"1.9,6.1",#,#,#,4.0,#,#,"-2.9393367290333323,3.3976163689498593",#,#,#,"-2.3152133327580797,2.2135720016415448","-1.1360943362118003,1.120276653609617","-2.5167023635668873,0.7061602477725467","-1.7337757428304168,1.7421868834109315",#,#,1.0,0.022664375168380387,0.6153846153846154,1,32.25279999999999,7246,3959,0.47368421052631576,0.0005149796558787902,8,13
#,#,"1.9400000000000004,10.059999999999999",1.0,#,#,#,2.0,#,#,#,#,#,"-3.749788983849549,0.17833551585857044","-1.386806247972685,2.3273310286955646","0.6816325315525291,4.9906133058690205",#,"-4.341914707184822,-0.64144656958034","-0.6753200952328101,2.131095042744733",0.0,1.0,1.0,1,29.0,7306,3969,0.42105263157894735,0.0004630422791349874,1,1
0.0,#,"-0.2400000000000002,3.8000000000000003",2.0,#,#,4.0,#,0.0,"-1.8443628803628513,2.829620261058283",#,#,"-3.235694221606259,1.2721910228858189",#,"-1.7517588454363107,2.7326083921285003","-1.2599962278816994,0.004130291350210147",#,"-0.34816391560796384,1.188953618473898","0.5491786872219437,4.370680151702002",0.0,0.020881862519934888,0.7444444444444445,1,9.6,3971,3971,0.5789473684210527,0.00015328296136882342,0,0
0.0,#,#,2.0,#,3.0,#,5.0,1.0,#,#,#,#,#,#,#,#,"-4.225922948167388,0.2176888632177979",#,1.0,0.08341400127400735,0.7272727272727273,1,26.7761664,7552,3976,0.3157894736842105,0.00042753438332254035,8,11
0.0,0.0,#,0.0,#,#,0.0,#,#,#,#,#,#,"-3.248551027975579,1.344363362859415","-1.7900505497700308,1.2956124714238921",#,#,"-1.8892841789912445,0.1921198470637111","-1.8067546158292596,1.7161920467382943",1.0,0.00010169738465997736,0.3076923076923077,1,34.808532991999996,6119,3980,0.42105263157894735,0.0005557869810331407,4,13
3.0,0.0,#,#,0.0,2.0,#,5.0,#,#,"-2.437426618775185,0.8170190846620473","-1.0491536974607343,0.4877784219019506","-2.796139889778205,2.7463419682038586","-1.0970780312218062,2.8310464684863135","-2.6417399243812643,0.36675472871395853","-0.6802267070898305,3.316509083580538","0.3802698866381471,3.3502270034735155",#,#,1.0,0.1,1.0,1,11.5,3985,3985,0.631578947368421,0.00018362021413973639,0,0
3.0,#,"8.17,17.83",1.0,#,1.0,3.0,0.0,#,"-2.9872384002407237,1.1531119524457023","-2.5624175938057503,5.316713040628459","0.6765574258088527,2.7667851081421038","-2.187250336821049,2.764033456309595",#,"-0.9007542295380168,1.0821172463656525","-0.3247686761164448,1.611150222489515",#,#,#,1.0,0.1,1.0,1,13.0,3986,3986,0.631578947368421,0.00020757067685361503,0,0
0.0,3.0,"-1.8000000000000003,3.8000000000000003",2.0,#,1.0,1.0,4.0,0.0,"-3.507640852072007,2.2352228929752602",#,"-4.316475190830964,-0.9352245282330576","-4.353709372658181,0.5975744204724627","-1.1664184330499519,1.1118937767807575","-2.9437800454978786,0.611713635432839","-3.197554966937701,1.048976810649566","-1.2078312695471534,1.903552376661328",#,#,1.0,0.1,1.0,1,6.0,3992,3992,0.7894736842105263,9.580185085551464e-05,0,0
#,#,"-3.165257394256443,14.563470902068715",#,#,#,1.0,#,#,#,#,"-2.518881303162842,2.814335879677551","-0.24879582441707448,2.781094257946454",#,"-2.627328336173115,3.178194295677873",#,#,"-0.5143353162045018,0.9089216597972222","1.6173356962174115,1.9464746370139543",1,0.00018986906563260434,0.3333333333333333,1,25.52,5546,3993,0.3684210526315789,0.0004074772056387889,2,6
3.0,2.0,"5.34,10.66",#,#,3.0,0.0,#,0.0,#,"-2.552585057480093,4.137190418184775","-1.686277768534765,0.9572454767690528",#,"-2.5437862165786975,3.8786621654079885","-1.817686891781944,1.2910301458959212","-1.9372659313850389,1.0192498226779798",#,"-1.1435066823272848,1.5837572347862372",#,0.0,0.0530955278556906,0.85,1,9.0,4001,4001,0.631578947368421,0.00014370277628327196,0,0
3.0,#,"5.985596068164975,12.27",1.0,#,1.0,0.0,#,1.0,#,#,#,"-2.8008867173931025,2.1518549367414965",#,"-2.1816688219147515,1.2910301458959212",#,"-1.9368789332059368,2.0862324767089833","-2.2905465419082685,1.8456418494170077",#,0.0,0.1,1.0,1,18.0,4004,4004,0.5263157894736842,0.0002874055525665439,0,0
1.0,3.0,"-0.1499999999999999,6.15",#,2.0,#,3.0,#,1.0,#,"-2.475877816976995,3.1150930068767115","0.15517427829722563,3.2905158017971026",#,"-2.5970972927767915,2.9022770068145767","-2.778674068301533,-0.38555332152124167","-2.4731387138172325,1.5919243450563543","-2.9040473390236565,0.2780495718713816","-2.760743691854316,0.7689336086299595","-1.4644912879317862,0.02828272163073675",0.0,0.1,1.0,1,12.5,4005,4005,0.7368421052631579,0.00019958718928232214,0,0
#,#,"-0.31000000000000005,4.3100000000000005",0.0,#,2.0,1.0,#,0.0,"-1.8268672438804279,3.1238773639189406",#,"-0.44803005210441205,1.6421976302288392","-1.7893297108254627,2.8663550498794708","-2.560914492954223,2.46708486667217","-3.2856448813850703,0.26984879954564756","-2.8340876633825136,-0.21122980075508435",#,#,"0.5497413116435175,2.579913964648549",0.0,0.1,1.0,1,4.5,4009,4009,0.631578947368421,7.185138814163598e-05,0,0
0.0,#,#,2.0,4.0,4.0,3.0,#,1.0,#,#,"-2.871851269290392,2.814335879677551","-1.7594293715790528,1.4147100315880419",#,#,"0.05481430010559585,2.1156311921700044","-2.180978107875133,1.0011188030199052","-0.37169605630706903,2.030838857337133","-2.863667688517184,1.7431459049466418",1.0,1.0,1.0,1,42.0,7048,4013,0.631578947368421,0.0006706129559886024,1,1
#,#,#,0.0,0.0,#,2.0,#,#,#,#,"-0.19603536435908508,3.431124437336851","-1.6424158960994741,0.7962761214126342",#,#,#,"-0.6243963497618599,3.123406678625629","-1.7119821709700942,2.38699791991487",#,1.0,2.013409287678367e-05,0.25,1,22.0,6499,4037,0.3684210526315789,0.000351273453136887,1,4
#,2.0,#,0.0,0.0,4.0,2.0,5.0,1.0,"-1.6692755233162977,4.172603113886956",#,#,"-2.8248120258023146,1.9786722511154746","-0.47794204832221254,4.707182291292506","-1.3376783147933171,1.1909005291088546",#,"-0.6951096144484163,3.1941199433121854",#,"-0.072854075438195,1.7236047483564618",1,0.1,1.0,1,24.5,4037,4037,0.6842105263157895,0.0003911908909933514,0,0
2.0,#,#,0.0,#,3.0,2.0,2.0,0.0,#,#,"-2.981697860375065,1.4446666433894666","-3.5152056003331893,-1.2243130990339361",#,#,#,"-2.811757957414405,1.99674404127143",#,"-0.6718873702747674,2.3733716092327795",1.0,0.1,1.0,1,7.0,4041,4041,0.5263157894736842,0.00011176882599810041,0,0
#,0.0,#,2.0,1.0,2.0,2.0,3.0,#,#,#,#,#,"-3.041998835551534,2.69306293402232",#,"2.1119128527129822,2.4717934605927043",#,"0.18257136827968745,2.6875036460427215","-1.5029969328183557,2.318504531661703",0.0,0.1,1.0,1,5.0,4049,4049,0.5263157894736842,7.983487571292886e-05,0,0
#,#,"2.7300000000000004,11.27",2.0,1.0,#,#,3.0,#,"-3.1057959863578244,1.8449486214415443","-2.622367472630174,2.384472071119414",#,#,"-5.075280710042882,3.0219024332395605","-2.910970500856826,0.1068221437096295","-0.6284328745553804,3.6180989030318864",#,#,"-1.2396321635694396,1.2083356999814092",0.0,0.0010823116037281745,0.4166666666666667,1,22.177991679999998,7593,4049,0.5263157894736842,0.000354115441867034,5,12
#,0.0,"-2.7800000000000002,4.78",#,#,1.0,3.0,0.0,1.0,#,"-2.5895698995349745,0.7483231296314179","-0.6629485327122975,1.1198927257484168","-3.2444945681121653,-0.06680496953578219","-2.5488198270584674,0.5151172827138661","-1.5074635383668569,2.663404048878793","-0.7023239695459871,2.669921853832136","-1.2249458495833336,3.795695943162171","0.12342140351535447,1.9451903327975613","0.03918534294543763,1.6513812732729625",1.0,0.1,1.0,1,6.5,4058,4058,0.7894736842105263,0.00010378533842680752,0,0
4.0,0.0,"5.41,10.59",2.0,#,0.0,#,#,1.0,#,"-0.6197417448893217,3.385729890110349","-2.5101093155953054,0.5022776383555569","-3.6297613474718013,0.730324380807422","-2.068203779633197,1.2548072758836246",#,#,"-1.4362565323796814,2.947965878186815","-1.3785269329111207,1.9234292514128786",#,1.0,1.0,1.0,1,31.0,6776,4065,0.631578947368421,0.0004949762294201589,2,2
#,0.0,"-2.7600000000000007,6.760000000000001",#,0.0,#,0.0,2.0,0.0,"-5.343039196690591,1.4514446245822863",#,"-1.640817302699592,1.5560015055747927",#,#,"-3.5708846240344783,2.2164309385048315","0.5337637561464749,2.3447846612939856",#,#,#,0.0,0.24120498592959838,0.8333333333333334,1,40.44,7408,4066,0.5263157894736842,0.0006457044747661686,5,6
4.0,0.0,"-2.62,6.62",#,#,1.0,2.0,5.0,#,#,#,#,"-1.6843890727156545,1.6411000420735837","-0.9203827118951275,1.9078669278947185","-2.469296203416743,1.906696019267217",#,#,"-1.741994399137191,1.6738223432669463","-1.9692282580521965,2.270249929105368",1.0,0.0,0.0,1,14.0,4086,4086,0.5789473684210527,0.00022353765199620081,0,1
2.0,#,"0.4500000000000002,9.55",2.0,1.0,0.0,2.0,#,1.0,#,"-1.2471979509675795,0.9224325179905752","-0.0591618317907161,3.5679979699052202",#,#,"0.3833106722724997,1.0578744413989947","-2.686638859047836,0.24846398722571594",#,#,#,1.0,0.05093014307559066,0.8,1,4.5,4090,4090,0.5789473684210527,7.185138814163598e-05,0,0
4.0,#,"-0.20000000000000018,8.2",#,3.0,#,#,#,1.0,"-2.1980818498038786,2.5546329736835154",#,"-1.364021944914569,2.0787060024578454",#,#,"-4.307537263005371,3.5547319844935235",#,"0.3109513509236894,2.432349291520381",#,#,1,0.012714615176326013,0.5714285714285714,1,26.570920140800002,7314,4104,0.42105263157894735,0.00042425722140378527,8,14
#,#,"7.82,18.18",2.0,0.0,4.0,#,0.0,1.0,#,"-1.129998103855359,5.045104000102466","-1.9470179598401156,2.110482835277373","-2.031163199056815,3.771533241559846","-3.071697485792626,1.0745750484870626","1.1470174304448204,3.676887934183985",#,"-3.3387142218969528,2.0862324767089833","-1.1181062632770689,3.122430748245862",#,0.0,1.0,1.0,1,23.0,6434,4110,0.6842105263157895,0.00036724042827947277,1,1
4.0,#,"0.29000000000000004,7.71",2.0,#,#,3.0,#,#,"0.8574779654849018,4.124969406632485",#,#,#,"-2.4386807314354533,0.38956890835439295","-1.193491325714017,3.5547319844935235",#,"-0.48366595074418783,2.274151372031512",#,"-2.1576076765060974,1.7236047483564618",0,1.0,1.0,1,18.666666666666668,7290,4116,0.47368421052631576,0.0002980502026616011,3,3
4.0,2.0,#,#,3.0,4.0,3.0,#,#,"-2.933059064480973,3.898968494282156","-1.370071233176182,3.5533209848442464","-3.755864580024434,-0.5590457717500494",#,"-0.8215029418800555,3.263746537816389","-2.8153491126655856,1.5606431100183746","-2.0556066530987027,2.1284761277593396","-2.2665122326487444,-0.3572540861117217",#,#,1.0,0.1,1.0,1,8.0,4131,4131,0.631578947368421,0.00012773580114068618,0,0
#,0.0,"0.8900000000000006,11.11",0.0,4.0,3.0,#,2.0,0.0,#,#,#,#,"-2.3746765951945648,2.4961977844435035","-3.9225672631550177,0.7952993519261276","-2.24974195058092,1.7469938400894485","-1.9477649080548192,2.79002382594446",#,#,1.0,0.1,1.0,1,10.0,4132,4132,0.5789473684210527,0.0001596697514258577,0,0
#,#,#,1.0,2.0,1.0,#,3.0,#,"-4.321396922931594,1.4343928109160933",#,#,#,"-2.5437862165786975,0.4073387847980918",#,#,"-1.3351720510105825,2.2004911833172374",#,"-2.435059992528039,0.002422890673730471",0.0,0.1,1.0,1,5.5,4147,4147,0.42105263157894735,8.781836328422175e-05,0,0
2.0,2.0,"6.1,15.9",1.0,#,1.0,2.0,2.0,0.0,#,"-2.0460255265732528,0.8746308739473407","-1.3841203326190232,0.1528117867436617","-2.6407866431062765,2.679995940556504","-1.2402301886310476,1.7451444311471236","-1.1528698533795416,2.402623827551176","-0.8386018298704152,1.4720110491108915",#,#,"0.4222729360222526,2.4948162375339997",0.0,0.1,1.0,1,6.5,4149,4149,0.7894736842105263,0.00010378533842680752,0,0
4.0,#,#,#,4.0,#,#,5.0,#,"-4.879643828027416,6.326431757867741",#,"-2.094665432197457,0.7935095814486335",#,"-3.6486741422485007,0.5937003174362683",#,#,#,"-1.3080131219089144,0.8553374816137063",#,0,6.04988484862513e-06,0.21428571428571427,1,40.731337728,7559,4154,0.3684210526315789,0.000650356257027242,3,14
2.0,0.0,"10.97,15.03",2.0,0.0,4.0,0.0,0.0,1.0,"-5.218656450627458,1.4153413238236958",#,"-2.1345170848200317,1.062301723454353",#,#,"-1.9001080649724067,2.749383671629301","-3.0997422363119487,1.5839325183798891",#,"-0.1736291045734455,1.4773489875885542",#,1.0,0.1,1.0,1,8.0,4165,4165,0.7368421052631579,0.00012773580114068618,0,0
2.0,#,"0.7999999999999998,9.2",#,1.0,#,0.0,#,#,#,"-1.1100130313716252,1.810643369148968",#,#,#,#,"-0.8163101134209829,4.112070458924877",#,"-2.629083414178866,1.8111839586132379",#,1.0,0.0003252125940293289,0.35714285714285715,1,39.774827519999995,7369,4170,0.3684210526315789,0.0006350836823124764,5,14
4.0,3.0,"3.2399999999999993,12.760000000000002",2.0,#,4.0,3.0,#,1.0,#,"-0.4936433573903536,1.9263290887552806","-1.413984997666173,2.459083943127793","-2.248813788471163,0.6332767776795101",#,"-2.843155082045274,1.8063366545564339",#,"-1.0617980072228548,0.8474601393141682","-0.9684954348800378,1.0809946105624446",#,1.0,1.0,1.0,1,2.0,4174,4174,0.6842105263157895,3.1933950285171544e-05,1,1
3.0,2.0,#,1.0,0.0,1.0,2.0,#,1.0,#,"-1.9098461279171346,2.095625507082536",#,#,"-2.919579654649889,1.087107335052393",#,"-1.2831858684487063,2.276406945117091","-0.7109790725735677,2.4711178383214705","-1.4917643829007234,0.21614398830134518","-1.8411777819669222,0.7263935144806168",1.0,0.1,1.0,1,10.5,4175,4175,0.6842105263157895,0.0001676532389971506,0,0
#,0.0,#,#,2.0,#,3.0,#,0.0,"-2.42236845334701,3.3204952917002575","-2.622367472630174,2.317532723901505","-3.351129706178987,0.6166998141709628","-3.437760907085008,1.8091219184713454","-3.1427081736663696,2.042416165948349",#,"-0.8163101134209829,0.770920466996759",#,#,#,1.0,1.0784192681666448e-05,0.23076923076923078,1,24.39044352,6440,4177,0.5263157894736842,0.00038944160540048227,3,13
0.0,#,#,2.0,1.0,2.0,#,5.0,1.0,#,"-2.5210703488243174,1.150611983258714","-3.246768650753156,1.2410731377858837","-1.6737786039595461,1.1344122040846998","-2.5407617727680716,1.3873627269400481","-0.9981631652424419,1.941956609373344","-1.446950562383892,1.8003972675357822","-0.28451554753479136,2.82686809867369",#,"-3.3918628824426973,0.7281933839498658",1.0,0.0,0.0,1,22.0,4178,4178,0.7368421052631579,0.000351273453136887,0,1
3.0,#,"3.9,8.1",#,4.0,1.0,#,2.0,0.0,#,#,"-1.0329732579352726,0.6269134309764272","-1.1828706983878898,2.881615997465624","-1.9255017489114312,3.181060100709124",#,"-3.8807195770778984,-0.19622877005365313",#,#,"0.5822470257556556,2.9109744806731914",0,0.1,1.0,1,7.0,4181,4181,0.5789473684210527,0.00011176882599810041,0,0
1.0,#,#,#,0.0,#,2.0,2.0,0.0,#,#,#,#,"-0.6849696604537071,1.4362175693886776","-3.574958730197717,1.2112827633628653",#,"-1.0401820840023304,2.9430827561793502","-1.6319218272853833,0.417568218157099",#,0,0.00889920320514209,0.7333333333333333,1,19.539812435552385,4196,4196,0.47368421052631576,0.0003119916994492533,0,0
#,0.0,#,#,4.0,1.0,#,2.0,#,"-2.1180218060081524,4.317946184131027","-0.13448280092592868,2.0351476680322262","-4.642638754571983,-0.09331968125843604","-1.2177539374203414,3.364031065178165","-2.920117334852856,0.1438197749194774","-0.7170457933450158,1.6760749534352752",#,"-4.309100509835703,0.21654843010390534","-1.1668653762818646,0.9395549482006867","-1.1337614007771872,2.9265839052328753",1,0.1,1.0,1,4.0,4206,4206,0.6842105263157895,6.386790057034309e-05,0,0
#,2.0,"7.779999999999999,14.22",1.0,4.0,3.0,4.0,#,#,#,#,#,"-2.0957690428733637,1.1558203138094472","-2.4977058650642974,2.608855984556258","-1.8964888898308874,2.54787821133251","-3.5171591460787175,-0.6445052965343898","-2.118599532432572,1.699916760641474","-0.9665141991035304,1.5953483576995728",#,0.0,0.1,1.0,1,9.0,4212,4212,0.631578947368421,0.00014370277628327196,0,0
3.0,#,#,2.0,#,4.0,3.0,#,#,"-3.2848784933291864,1.7648810066261698",#,"-1.364454735284815,2.6735810794068864",#,"-3.248551027975579,3.7365120505586327","-0.698671916606419,3.745695184556978",#,#,"0.12444600576914933,1.8111839586132379","-1.3386186806078793,3.0799923876971884",1.0,0.24120498592959838,0.8333333333333334,1,30.080000000000002,7594,4213,0.5263157894736842,0.00048028661228898006,5,6
1.0,3.0,#,#,#,#,4.0,2.0,#,"-0.691613743127228,4.754205325452078","-2.2985965858688027,1.213461708459834",#,"-1.0600066102491519,1.0896403678654223","-3.075272606534279,3.675376863259464","-2.3891737767760346,1.3851940635291706","-1.4183534400369897,2.2661373669872558","-1.5348309010750052,1.3644129510738074",#,#,1.0,0.0511869096297209,0.8095238095238095,1,13.0,4220,4220,0.5789473684210527,0.00020757067685361503,0,0
3.0,#,#,#,4.0,4.0,4.0,#,#,#,"-3.722839613073792,0.7936558973541105",#,#,#,#,"-2.697481961468271,3.4979976316604224","-1.071776944274061,1.7766875917226197",#,"-1.5811034636875,2.419530881940061",1.0,0.004487102949207168,0.5,1,38.160000000000004,6430,4223,0.42105263157894735,0.0006092997714410731,4,8
4.0,#,"-3.2,5.2",2.0,3.0,3.0,4.0,4.0,#,"-2.5253213958790686,3.6136019177921486","-4.306341400557468,1.7853133776711978",#,"-1.7168642134615422,1.7564244175405512","-1.6537769994184213,3.2170973802196468",#,"-2.8793019920332177,1.179882795366375","-0.7393946102044202,4.210533917854528",#,#,0.0,0.1,1.0,1,4.5,4225,4225,0.6842105263157895,7.185138814163598e-05,0,0
#,0.0,#,2.0,1.0,4.0,3.0,#,1.0,"-0.17003014431289953,3.097461296834684",#,"-1.7386615710260283,2.6735810794068864","0.22453415882795302,2.5744166585486647",#,"-2.3660379857192764,2.9839162089385516",#,#,"0.14445256884714774,1.4079703658864424","-1.5926808883092072,2.2288205761708513",0,0.1,1.0,1,6.0,4238,4238,0.631578947368421,9.580185085551464e-05,0,0
2.0,0.0,#,2.0,3.0,#,3.0,1.0,#,"-2.1571445649255554,2.8926149350298007","-2.9986020759154495,3.2599473537715355",#,"-1.9966604433485267,1.9200267362921322",#,#,#,"-1.1285508160339515,1.592760684428576","-0.4948447868522192,0.8746786269790418",#,1.0,0.1,1.0,1,13.0,4239,4239,0.5789473684210527,0.00020757067685361503,0,0
#,#,"-3.41,5.41",0.0,#,#,4.0,#,1.0,#,#,#,#,#,"0.07322520940042421,2.192846442262968",#,"-2.06096512699568,1.9007355845581975",#,#,1.0,0.028361702724585783,0.6333333333333333,1,37.97124107067831,7517,4241,0.3157894736842105,0.0006062858623086526,19,30
2.0,0.0,#,0.0,1.0,#,2.0,1.0,1.0,"-2.0847621469329085,3.955146274582321",#,"-2.2582553496618267,2.29106372365172","-2.1643537269116577,2.934729582431842","0.7100056334900862,3.066880333314958",#,"-3.911909685846859,1.5470209716337675","-0.6552473572016314,2.3854230243202936","-1.028803302433103,2.6378237920837617","-1.8633095978527963,0.16686305515223498",0.0,0.1,1.0,1,5.0,4259,4259,0.7894736842105263,7.983487571292886e-05,0,0
1.0,2.0,#,#,#,#,2.0,5.0,#,#,#,"-1.8382669512943801,3.5844461551234867","-2.143752587714451,2.58583193109691",#,"-0.37315430426450946,1.4045925362008496","-1.1322919397011528,0.7808913823742158",#,"0.023677483955085954,1.9593069713174307",#,0,0.004487102949207168,0.5,1,14.5,4874,4260,0.47368421052631576,0.0002315211395674937,1,2
3.0,2.0,"2.27,7.73",1.0,#,#,1.0,#,0.0,"-2.4202243608739837,2.2334755704574225","-2.146203739674221,2.359951849700409","-3.0308211380761794,-0.5717297470958835","0.421429615970778,3.746918730760016","-3.457527379669558,0.9419720600035373","-0.4059619715808006,1.9871587751994904","-0.15736828791207258,2.9650815485491524","-1.0532147615903278,3.6138607077223948","-1.3385562899713783,1.223306266831725","-3.0447554316739986,1.788473885903299",1.0,0.1,1.0,1,8.0,4263,4263,0.8421052631578947,0.00012773580114068618,0,0
2.0,#,"-0.009999999999999787,6.01",0.0,#,#,#,#,1.0,"-3.0842709032653066,2.032629485984714",#,"-2.094665432197457,0.5351952916705176","-3.3287556311750133,0.14453299982708012","-2.069716406457424,1.668930702407722",#,"-2.500492555445949,0.08416584867202181","-0.8570817382175023,1.9007355845581975","-1.8518726656911948,0.8746786269790418",#,1.0,0.10604198640626919,0.75,1,26.1584,7588,4265,0.5789473684210527,0.0004176705225698157,6,8
#,#,#,#,#,#,0.0,#,#,#,#,#,#,#,"-4.307537263005371,2.5751222534294897",#,#,#,#,0,0.044596388782826867,0.6711711711711712,1,34.557917153063315,7591,4278,0.10526315789473684,0.0005517854041625004,447,666
#,0.0,#,2.0,4.0,3.0,#,0.0,#,"-3.1399683003707124,-1.223799690819905","-2.136399028217239,0.5339153951158748","-0.35328517398093195,3.15092005816599","-2.310471490232117,1.0150176245571216","-1.9374904286723051,1.8335090910474898","-1.308318110519151,1.016427757781703","-2.805510279186494,1.7532664820468944","-2.162864363272424,1.9385049885478465","-1.9586611592960192,0.0908288861464629","-1.5633670651221139,0.4668055878829175",1.0,0.1,1.0,1,10.5,4280,4280,0.7894736842105263,0.0001676532389971506,0,0
1.0,2.0,"10.69,15.31",#,2.0,4.0,#,1.0,1.0,"-1.3096951200424467,2.6509005661970484","-1.6979101376615982,2.724798125983872",#,"1.8252682956221444,3.038872433732403",#,"-1.1191157204583408,1.4107547832808236",#,"-4.255867284755059,2.4216390963121754","-1.420003890592911,0.1740439225290198",#,0.0,0.1,1.0,1,9.0,4284,4284,0.6842105263157895,0.00014370277628327196,0,0
#,3.0,"0.6600000000000001,9.34",2.0,#,2.0,4.0,5.0,1.0,"-0.8693448386777827,4.972533798525472","-3.9372410981035415,-0.7662427203954689",#,"-3.0100812330080355,-0.054090908750934696",#,"1.1497691086690867,3.816389369367125","-0.7807640488074454,1.3425018399861879",#,#,"-1.525248846693734,2.475385498933827",0.0,0.1,1.0,1,4.0,4291,4291,0.6842105263157895,6.386790057034309e-05,0,0
1.0,#,"1.3099999999999996,15.809256806239134",#,2.0,4.0,#,4.0,0.0,"-1.8484947414995758,2.7061902976758434",#,"-2.386335338631058,1.3637790326138926","-1.4698333088854203,3.4075507261387963","-3.081714815543105,1.3963471141241521","-0.2635816310461987,3.428661806843393",#,"-4.285681786785728,1.0178130647060004","-1.9142158886797003,1.1600191794840236","-0.9504811885514065,2.453043553251146",0.0,0.1,1.0,1,9.0,4297,4297,0.7368421052631579,0.00014370277628327196,0,0
3.0,#,#,2.0,2.0,#,#,5.0,#,"-1.1410493808592976,3.5126505504721086",#,#,"-0.5078182916524594,3.3349691298817716",#,#,"-1.600206515287191,0.9170691401712869",#,#,#,0.0,0.008845386389190801,0.5454545454545454,1,28.991039999999998,7215,4299,0.3684210526315789,0.00046289921503770977,6,11
#,2.0,#,1.0,0.0,3.0,0.0,2.0,0.0,#,"-5.775338589070119,0.31684252161105175","-1.0581865137341397,0.9090865990500968",#,#,"0.7324111829462199,2.9204072942882","-2.2893639116458138,1.2077799051907587",#,"-3.101795327235168,0.25709113612890055","0.8524709397867494,2.5243778304967748",0.0,0.1,1.0,1,5.5,4303,4303,0.6842105263157895,8.781836328422175e-05,0,0
2.0,2.0,"-1.0299999999999998,3.03",0.0,0.0,2.0,4.0,2.0,#,#,"-2.7538373477973517,0.7509503328273599","-1.6865828206837612,0.8562717947986412",#,"-3.423134312308154,2.233364967271538",#,#,"-2.9408252596931703,1.7766875917226197","-2.82118912247742,0.3669065037664416","-0.6468567956759794,1.0250500950340462",1.0,0.1,1.0,1,5.5,4308,4308,0.7368421052631579,8.781836328422175e-05,0,0
#,0.0,"7.890000000000001,18.11",0.0,2.0,#,0.0,1.0,1.0,#,"-3.859260172801216,2.399289256885769","-1.5379709410251472,1.044075019504163","-1.6793847265914867,2.8285005179005913","-2.5020909933204742,-0.38090376347808963","-1.5933968909871736,3.397969238011718","-0.20387714339978413,3.230817676707564","-0.06952753566028602,3.3954224339809773","-0.012717365019444427,1.9229121223429004",#,1.0,0.1,1.0,1,6.0,4310,4310,0.7894736842105263,9.580185085551464e-05,0,0
3.0,2.0,"12.04,15.96",0.0,#,1.0,2.0,5.0,1.0,"-3.1831308912775125,1.371554147897907","-1.9330513844134547,3.073788159336133",#,#,#,"-2.9232356610348935,0.8210841734020303",#,#,#,#,1.0,0.1,1.0,1,4.5,4318,4318,0.5789473684210527,7.185138814163598e-05,0,0
#,#,"2.7300000000000004,14.11",2.0,4.0,#,1.0,3.0,1.0,"-4.262088382884982,1.8449486214415443","-2.622367472630174,2.384472071119414",#,#,"-1.3383277643351899,3.0219024332395605","-2.910970500856826,0.1068221437096295",#,#,"-1.3147146508955263,2.841195719029508",#,0.0,0.004487102949207168,0.5,1,14.0,6417,4320,0.5789473684210527,0.00022353765199620081,1,2
4.0,2.0,"0.3599999999999999,7.640000000000001",#,2.0,#,3.0,#,#,#,"-1.1100130313716252,1.810643369148968","-3.3993509338979555,2.6735810794068864","-2.5668948636658953,0.6759882772792637",#,#,#,"-1.4931906097905805,1.8303328304775701",#,#,1.0,1.0,1.0,1,15.0,5937,4326,0.47368421052631576,0.00023950462713878657,1,1
2.0,#,"6.1499999999999995,11.27",0.0,#,#,2.0,#,#,#,#,"-1.659765796829379,0.9222801636999313",#,"-2.4774718663518076,1.4087251198788382","-1.659534320300451,2.989957416301257","-1.3324479973852679,0.2912259175745693",#,#,#,1,0.00018986906563260434,0.3333333333333333,1,24.333333333333332,4676,4327,0.42105263157894735,0.0003885297284695871,1,3
2.0,#,"-3.2699999999999996,5.27",2.0,2.0,1.0,#,#,0.0,#,"-2.5280086297006816,2.812620216965546","-3.1021490718535825,-0.02828483312821284","-5.133517640512576,-0.773431912233352",#,"-0.39442026856089285,2.488806153171362","-1.4343761332108047,1.8129716967088696","-1.7453054593192951,3.4167628627993216","-2.7683378539051002,0.1351063771384171",#,1.0,0.1,1.0,1,8.5,4333,4333,0.6842105263157895,0.00013571928871197907,0,0
#,#,"-1.83,7.83",2.0,2.0,#,#,2.0,#,#,#,"-2.8869785751428063,-0.24345532983898877","-3.5237526930727334,0.9841325514193444","-2.5911618644632206,2.122587535186523","-0.7988896307681247,2.0044803868887877","-0.8163101134209829,3.203789831136472","-1.4831176116229243,2.560786752157732","-1.8608421287012205,1.0652275453968396","-2.2963362376041587,1.3036375545744125",1.0,0.004487102949207168,0.5,1,28.8992,7302,4333,0.631578947368421,0.00046143280804061473,4,8
2.0,0.0,#,0.0,1.0,2.0,1.0,5.0,1.0,"-1.7887742405630997,2.666895906456332","-2.424491142156107,3.770285852813246","-1.7242641102819265,-0.002900136595719305",#,"-2.5830155203227663,1.3451089793853535","-1.4578158259675809,1.5506788271276417","-0.36765045620406184,3.274490343571005","-2.924932318336836,1.1764370334834346","-1.743155775349614,1.0608834451296845",#,0.0,0.1,1.0,1,6.0,4335,4335,0.8421052631578947,9.580185085551464e-05,0,0
#,0.0,"0.3599999999999999,7.640000000000001",#,1.0,#,1.0,5.0,#,#,"-1.904132296769621,2.000625372153766","-2.7386393090612984,1.0114750621836524","-3.596893412394582,0.9109918320974961",#,#,#,#,"-1.159397437433005,1.9573123622548683",#,0.0,0.10604198640626919,0.75,1,21.7648,7467,4335,0.47368421052631576,0.00034751802058335084,6,8
#,2.0,"8.71,15.29",0.0,2.0,1.0,#,#,1.0,#,"-1.8555400226106757,3.6519834755138714",#,#,"0.4796990748897625,4.64351104458037","0.8283203142623056,2.6060671547276644","2.133628817214216,3.944649722361727","-1.5448093610433762,0.7887283736129851","-3.0383496844444773,0.9467698483603504","-3.538377192441886,0.7608119550981793",0.0,0.1,1.0,1,3.0,4336,4336,0.6842105263157895,4.790092542775732e-05,0,0
2.0,#,"0.039999999999999813,6.97",#,4.0,#,#,1.0,1.0,"-1.8631820176334237,1.4043094235141598","-2.7571138854359223,1.9872700028584607","-1.2819633479600012,2.6735810794068864",#,#,#,#,"0.11301497626558887,1.9515598581160551",#,"-0.7236879212994255,1.4442629498912551",1,0.004487102949207168,0.5,1,23.0,5787,4340,0.5263157894736842,0.00036724042827947277,1,2
#,0.0,"6.03,15.969999999999999",0.0,0.0,#,0.0,1.0,1.0,"-2.5020574880974458,-0.026685184197761336","-2.8732305770866136,1.4660303608296958","-0.19859016984396582,2.7523194993323887","-1.3291570331380977,2.8092294208218433",#,#,"-0.38512988931523373,3.923850885001257","-2.112772859853345,1.776456697907257",#,"-2.285090207456227,0.8198797324338204",0.0,0.1,1.0,1,5.5,4347,4347,0.7368421052631579,8.781836328422175e-05,0,0
3.0,#,#,#,#,3.0,#,0.0,1.0,"-2.0990847401496184,2.9506747598057377","-0.5194872776438307,1.733590517043484","-3.1971281109408487,2.925872143589716",#,"-2.5911618644632206,3.675376863259464","-0.11715014827478731,1.2910301458959212","-1.573011609471214,0.6127032760516435","-3.7773546239147042,0.5361545219652357",#,"-0.8927551169225086,1.8760300171077517",1,1.0,1.0,1,23.0,6237,4364,0.631578947368421,0.00036724042827947277,2,2
2.0,2.0,"-3.41,5.41",0.0,#,#,#,1.0,#,#,#,"-4.206550274179772,0.5351952916705176",#,#,#,#,#,#,#,1.0,0.0007871689090540713,0.4,1,12.4,6803,4366,0.3157894736842105,0.00019799049176806357,2,5
#,#,#,2.0,1.0,4.0,2.0,4.0,0.0,"-3.2799087037455825,3.5521188550175467","-3.535288238825353,1.3046566534659156","-1.5902203474821364,4.723087613384519",#,"-2.779627681609268,0.9128093481163642","-2.8273536194145703,1.0700144539133323",#,"-2.0698668496295367,0.19295762034026787",#,#,0.0,0.1,1.0,1,6.5,4368,4368,0.631578947368421,0.00010378533842680752,0,0
4.0,#,"-3.8500000000000005,3.8500000000000005",#,#,2.0,#,#,0.0,#,#,#,#,#,"-2.518207404779317,-0.3302112934373367","-1.2302674038281984,2.3297665319879877","-0.8964985737446327,1.5077524255982848","-0.5547937184842655,1.1531146527178031","-0.5610845449412448,4.104438427435348",0.0,0.05211571996209885,0.8333333333333333,1,14.36,4374,4374,0.47368421052631576,0.00022928576304753168,0,0
#,#,#,2.0,2.0,1.0,3.0,#,#,#,#,"-3.7192374719831536,-0.15355495506172478","-1.7854026667850436,0.9488883831527746","-2.249153825721224,2.560707919758447",#,#,#,#,#,1.0,0.004487102949207168,0.5,1,27.0,6440,4376,0.3684210526315789,0.00043110832884981585,1,2
#,2.0,#,0.0,3.0,3.0,2.0,#,#,"-1.8323624994015026,0.8410395888101566","-2.4618645563803034,2.711869638827604","-1.0527043420705986,1.0990006250371602",#,"-2.9477114823365813,-0.19802433254089724","-0.6378146586728157,1.1399321817925432","-1.078273138744361,0.9200947565908233","-1.8826295106354556,1.6530337236923642","-3.145743988475746,-0.2992300364722984","-1.0467905354801472,2.71499996861741",0.0,0.1,1.0,1,7.5,4380,4380,0.7368421052631579,0.00011975231356939328,0,0
#,#,"1.1499999999999995,8.850000000000001",#,0.0,1.0,#,5.0,#,#,"-3.579979977171599,1.8440961952237882","1.0655140649520667,2.725400753863766",#,#,"-2.5157514003258488,1.44999155148149","-0.4611885155722455,2.5988123241597547","-0.025627584138522397,1.954343827085057","-1.7625922313595854,-0.054683860157516806","-2.863667688517184,-0.5268466833828056",1.0,0.1,1.0,1,6.5,4387,4387,0.5789473684210527,0.00010378533842680752,0,0
#,#,#,0.0,0.0,#,3.0,5.0,1.0,"-0.7342976230435535,2.731223602416005",#,#,"-3.9822307474727956,-0.5828418745771295","-2.7103771489145654,2.641338123036021",#,#,#,#,"-3.3929727817428494,2.944092216490538",1.0,0.1,1.0,1,13.5,4387,4387,0.47368421052631576,0.00021555416442490792,0,0
3.0,#,"-1.08,5.08",0.0,#,1.0,1.0,#,1.0,#,"-1.6913332151654676,1.396217836813445",#,"-3.244850747243518,0.00673860943929272","0.18319719264484524,3.0900093224288536","0.604032670139989,3.954401715632396",#,"-3.047448835352471,0.7003541930350183",#,"-2.6877299605286784,1.6711701473938878",0.0,0.1,1.0,1,2.5,4389,4389,0.631578947368421,3.991743785646443e-05,0,0
#,1.0,#,2.0,4.0,#,#,2.0,#,"-4.879643828027416,0.46371906198562407",#,"-6.341485979907096,0.549727022584682",#,#,"-2.3660379857192764,1.3262054521703153",#,"-2.3110313244725353,1.2953451745418407","-1.0571246720226954,0.3661323039790285",#,0,0.1,1.0,1,8.0,4390,4390,0.47368421052631576,0.00012773580114068618,0,0
#,1.0,"-0.5,3.5073371629477985",2.0,4.0,4.0,1.0,2.0,#,"-5.160894913885278,0.9780283997859387","-1.520374351584017,2.651991934873973","-2.0020271111378305,-0.03475399835359361","-0.35725199916096684,3.042136873734699","-1.898808635239635,3.6791281543458947","-0.6715684028425251,1.7899272224172027",#,"-1.5685420452636931,0.5528558953329985",#,#,0.0,0.1,1.0,1,4.5,4390,4390,0.7368421052631579,7.185138814163598e-05,0,0
#,#,#,2.0,#,#,#,#,#,#,"-4.494881431174333,0.15071326217081582",#,"0.6537007714865881,0.667251899389377","-2.5911618644632206,3.08042803708528",#,#,"-0.4760676295291508,2.706029281365887",#,"-1.8755044634845788,0.6323558725804597",1.0,1.0,1.0,1,27.0,6842,4393,0.3157894736842105,0.00043110832884981585,2,2
#,2.0,"4.04,7.96",2.0,0.0,#,1.0,0.0,#,#,"-0.1842545217419851,2.0688232729453295",#,"-2.5103895010823107,0.22390154885550761","-3.0748044315479697,2.738819828020047",#,"-4.047809500257918,0.4485182642462464","-2.34083587345105,2.184813066488559","-2.439921373813205,1.7729192751518983",#,0.0,0.1,1.0,1,2.0,4395,4395,0.631578947368421,3.1933950285171544e-05,0,0
3.0,2.0,"4.04,7.96",2.0,0.0,#,1.0,0.0,#,#,#,#,"-2.5103895010823107,0.22390154885550761","-3.0748044315479697,2.738819828020047",#,"-4.047809500257918,0.4485182642462464","-2.34083587345105,2.184813066488559","-2.439921373813205,1.7729192751518983",#,0.0,0.1,1.0,1,2.0,4395,4395,0.631578947368421,3.1933950285171544e-05,0,0
2.0,#,"7.92,14.08",#,3.0,4.0,4.0,2.0,#,#,"-2.2783403691476987,3.062288477518529","-1.6218202967963922,0.40693010076235203","-2.637264723577769,1.796720762807882","-0.7253579826583869,1.238704267195673","-2.1371332150431757,1.0764860734903579",#,#,"-2.7140837530544752,-0.8923148237722685",#,0.0,0.1,1.0,1,5.0,4405,4405,0.631578947368421,7.983487571292886e-05,0,0
0.0,2.0,"-2.94,2.94",2.0,4.0,#,#,0.0,#,"-2.3298246450461546,4.304173129404999","-4.677623047961017,1.3305844045384876",#,"-3.1443401846798587,0.8462467530672277",#,"-2.906604142314524,0.7856392955750677","-2.8179072968020957,1.1788284938682727","-1.6730011800646671,1.6505222602034835","-0.522311443722578,0.957875811319215",#,1.0,0.1,1.0,1,7.5,4414,4414,0.6842105263157895,0.00011975231356939328,0,0
1.0,#,"-1.7800000000000002,5.78",#,#,#,#,#,0.0,"-2.7759892115792844,1.778695827596135",#,"-6.4291048658777665,0.5351952916705176",#,#,"-3.076761078344075,1.9829799291342538",#,#,#,"-0.9729839371430121,2.9082284877195472",0,0.06451203281324736,0.7037037037037037,1,31.482122040725063,7554,4423,0.3684210526315789,0.0005026742600601087,38,54
3.0,#,"-0.029999999999999805,4.029999999999999",0.0,#,3.0,2.0,#,#,"-3.842224766716408,0.6134453803030238","-2.205909683991479,3.218166488403908",#,#,#,"-1.4331064026061477,2.3958867922423175","-3.0425766410718413,0.7043631626816289","-1.7602840958590125,1.9875189325284766","-0.5808318212342857,2.265682130769162","-2.264877380379436,1.3177802425706187",1.0,1.0,1.0,1,7.0,4807,4433,0.631578947368421,0.00011176882599810041,1,1
#,0.0,#,1.0,2.0,3.0,#,2.0,0.0,"-2.8966845003228663,1.9550452153205145","-3.8579204746943025,0.7316824404094868","-1.1573318310538496,5.476570038570896",#,"-2.5911618644632206,2.122587535186523",#,#,#,#,"-0.5885387170069039,2.6955641040306464",1.0,0.0,0.0,1,20.0,4435,4435,0.5789473684210527,0.0003193395028517154,0,1
1.0,0.0,#,0.0,0.0,0.0,#,5.0,1.0,#,"-0.37806766288914617,3.3770619949230447","-1.232069050684357,1.3499769098449532",#,"0.031201195841171536,2.545200875654368",#,"-1.417362723599144,1.7050871128620813",#,"-1.5668965618695763,1.2796173901338717","-1.698778698466564,2.2421446867784964",1,0.1,1.0,1,7.0,4436,4436,0.6842105263157895,0.00011176882599810041,0,0
1.0,0.0,#,2.0,#,0.0,1.0,#,#,#,"-0.0025546971079268843,3.0015490291418256",#,"-4.86794678715473,0.6745350708273339",#,#,"-1.600206515287191,3.274490343571005",#,#,#,0.0,0.0,0.0,1,22.0,4443,4443,0.42105263157894735,0.000351273453136887,0,1
0.0,2.0,"0.5899999999999999,9.41",#,#,3.0,3.0,#,#,#,"-1.7416964559296355,3.598932390736592","-3.3993509338979555,2.6735810794068864",#,"-0.5401230675526569,4.252188822091249","-0.547630197742369,2.007463423495987",#,"-0.6305452849423696,2.90511794938545","-2.629083414178866,2.3132997578203542",#,1.0,1.0,1.0,1,18.0,7552,4451,0.5789473684210527,0.0002874055525665439,2,2
4.0,2.0,#,#,3.0,#,2.0,#,#,#,#,"-0.9778397189008567,2.6735810794068864",#,"-2.7079426149194905,2.2135720016415448",#,"-4.164570934997725,2.5141533232047313","-2.15976634501058,0.5273377130785631",#,#,1,0.00018986906563260434,0.3333333333333333,1,22.080000000000002,6419,4460,0.42105263157894735,0.00035255081114829386,2,6
3.0,#,"10.29,17.71",2.0,#,#,#,#,0.0,"-2.197292898031527,2.7534517097678415","-3.0081351779329006,0.5800998284209706","-3.373890363102382,-1.0377535416711012",#,#,#,"-1.600206515287191,2.264318649272775",#,"0.3231439471138253,1.8456418494170077",#,0.0,1.0,1.0,1,30.0,6001,4462,0.47368421052631576,0.00047900925427757314,1,1
4.0,#,"1.18,3.96",2.0,2.0,4.0,2.0,5.0,#,#,"-1.7339765446478919,1.9872700028584607","-1.6543931506278053,2.034243935842638",#,"-0.7961316198052326,3.4462428398795364",#,"-3.91263806554739,-0.0408002683354709",#,#,#,1,0.05704114264717685,0.8888888888888888,1,19.038719999999998,4465,4465,0.5789473684210527,0.0003039907689866506,0,0
#,#,"-1.62,7.62",#,0.0,3.0,3.0,0.0,#,"0.403076848766883,0.4576694342121428","-2.576570756230334,3.431636696269171","-2.293675001040668,0.4113255290376575","-3.1119690368081225,2.208813546854658",#,"-0.19903644387334918,2.8778330877013105","-0.882278941483137,1.1160889538520473",#,"-1.5432908720928844,0.790850568549943","-2.999947634725,0.7618428693725576",0.0,0.1,1.0,1,3.5,4467,4467,0.6842105263157895,5.5884412999050204e-05,0,0
0.0,2.0,#,#,#,3.0,3.0,#,0.0,#,"0.8464564248181703,4.267796779713722","-3.3993509338979555,2.6735810794068864",#,#,#,#,#,"-2.629083414178866,3.956281438639241","-1.1496800418056572,2.3135556603793956",1,0.004231439924197695,0.6666666666666666,1,14.959999999999999,4468,4468,0.47368421052631576,0.00023886594813308314,0,0
#,#,"-1.83,5.62",0.0,#,3.0,1.0,0.0,1.0,"-2.4720668279814415,0.30035015238620466","1.0777327993665293,3.330810594053844",#,#,"-2.9423312507323516,0.278730839028307",#,"-1.9934671697668223,1.3787786536113011",#,"-0.5878317496448496,2.0309610861983223","-0.8927551169225086,3.4335182692125676",1.0,0.1,1.0,1,2.5,4474,4474,0.631578947368421,3.991743785646443e-05,0,0
#,#,"-0.73,4.73",#,#,0.0,3.0,#,1.0,#,"-1.2173698874427268,5.686722059714089","-3.0357405803758413,1.0217602147416474",#,#,"-3.0475993190455877,1.8070170529944307","-3.256748900805836,1.3644768571567774",#,"0.3328470752824837,3.122430748245862",#,0,0.00018986906563260434,0.3333333333333333,1,22.759999999999998,7381,4476,0.47368421052631576,0.0003634083542452521,2,6
3.0,0.0,#,2.0,3.0,0.0,#,1.0,1.0,"-6.072933679203215,-0.8272799185516946","-2.465104446210214,1.9576038174352561","0.08459150172348195,2.297773753605748",#,"-2.9656128173313094,2.6908864622483826","-2.8945585994805665,1.7549331371211414",#,"-0.7412664334978203,3.501529447695563",#,"-1.7154355795958707,0.6132918753216652",0.0,0.1,1.0,1,5.0,4481,4481,0.7368421052631579,7.983487571292886e-05,0,0
3.0,#,"10.2,15.8",0.0,#,1.0,1.0,#,1.0,"-3.6917251411901706,1.55606414307716",#,"-1.938606930294959,0.3975298911363222","-1.9541421503791945,1.075747931984334","-0.0018941479827085939,2.1978555718538386",#,#,"-0.4414059459159507,3.5892501412177644","-1.1048834933738518,2.823305760390906","-2.522123630516532,0.16486958669600904",0.0,0.1,1.0,1,3.5,4484,4484,0.6842105263157895,5.5884412999050204e-05,0,0
#,0.0,"7.13,12.870000000000001",#,#,2.0,#,#,1.0,"-3.172885349438613,3.1640677485445785","0.09093289026102735,1.1002530201664873",#,"-3.3731295707036932,2.1693522872783704",#,"-2.374576479651111,2.0038634400504116",#,#,#,#,0,0.05042140117234821,0.6818181818181818,1,29.234789728194396,6766,4491,0.42105263157894735,0.0004667911608888018,15,22
#,0.0,#,#,1.0,3.0,1.0,#,#,#,#,#,"-1.515092115231992,1.7604982165784653",#,#,#,"-0.4100512314043694,2.0862324767089833",#,#,0.0,0.04231439924197695,0.6666666666666666,1,20.513600000000004,7540,4492,0.3157894736842105,0.0003275401412849476,6,9
#,#,#,#,#,3.0,3.0,#,1.0,"-1.7302088264531128,2.6264464284103313","-3.5213629322129965,2.306480928178326","0.018596493719836404,1.862915036955058","-1.3681898981926135,0.4793040544680745","-0.9769109144789097,1.379963785345962",#,"-0.11580507587518385,3.7560327213367355",#,#,"-0.5682380651148053,2.775575716305246",0,0.00018986906563260434,0.3333333333333333,1,20.01696,7557,4504,0.5263157894736842,0.00031961030275013373,3,9
4.0,#,#,#,#,0.0,1.0,#,#,#,#,#,"-3.48166990199954,0.21331800332183581",#,#,"-1.8620671301567755,2.3061397230402423",#,"-2.629083414178866,3.956281438639241","-0.7115363974572833,2.8711212254927716",1,0.001348283049688907,0.42857142857142855,1,19.776,7088,4508,0.3684210526315789,0.0003157629004197762,3,7
#,#,#,0.0,4.0,1.0,#,2.0,#,#,"-4.873038058762787,3.6086855364921586",#,"-1.2383558635001188,2.368553619931","-3.248551027975579,1.8206763613564239","-2.3891737767760346,0.886560533759029",#,"-3.036976185754113,-1.0570047745305335",#,"-0.8194124949730065,2.584112246829546",0.0,0.05093014307559066,0.8,1,6.0,4523,4523,0.5263157894736842,9.580185085551464e-05,0,0
#,0.0,#,#,#,4.0,#,3.0,1.0,"-3.172885349438613,3.1640677485445785",#,#,#,"-2.5606051761308835,2.0323202590816307","-2.374576479651111,2.0038634400504116","-0.8898610894994641,3.341113798846333",#,"-0.5180235191940483,0.9052334568076756",#,0,0.00018986906563260434,0.3333333333333333,1,27.6,6896,4530,0.47368421052631576,0.0004406885139353673,2,6
3.0,2.0,"1.0099999999999998,8.99",#,2.0,#,#,#,#,"-3.261292480966458,1.259279485643801",#,"-3.3993509338979555,2.6735810794068864","-2.821286786020041,1.7604982165784653","-0.645898720505292,2.3992155817622978",#,#,#,#,#,0,0.006694558062200311,0.5263157894736842,1,19.8823310688256,7466,4533,0.42105263157894735,0.0003174606859525992,10,19
#,#,#,2.0,4.0,#,1.0,2.0,0.0,"-4.257805845187625,1.1880132233916807",#,#,#,#,#,"-3.5402558476217005,2.3061397230402423",#,"-2.4864411479287307,1.6694692219963034",#,0,1.0,1.0,1,30.312,7240,4535,0.42105263157894735,0.00048399095052205994,7,7
0.0,0.0,"7.13,12.805909506091908",#,#,3.0,#,#,#,"-2.020145128757393,3.3266590476659252","-1.884260120890711,3.7067107029629955","-2.9025157561754753,0.7861213302949679","-3.3731295707036932,2.1693522872783704",#,"-1.0314238947596812,0.8830727026645515","-2.5405426932670734,1.6399440226109274",#,#,"-0.8033168847102171,1.4039089594034602",0.0,0.00018986906563260434,0.3333333333333333,1,32.0,4756,4544,0.5789473684210527,0.0005109432045627447,1,3
#,#,"3.38,12.620000000000001",#,3.0,2.0,#,5.0,#,#,#,#,"-1.7117693116241313,2.5744166585486647","-2.069716406457424,1.3084706632915593","-1.949138929467826,2.0166040223395125",#,"-3.129759595593236,-0.01837594938475484",#,#,1,0.001348283049688907,0.42857142857142855,1,23.0,6456,4545,0.42105263157894735,0.00036724042827947277,3,7
3.0,0.0,"4.04,7.96",1.0,#,#,0.0,5.0,1.0,#,#,"-0.007746427876046846,2.8202086717512937","-2.7470526628503276,2.4998301627060258",#,"-1.1890626222338612,1.6826822739024876",#,"-1.959978366049425,1.2928318095321694",#,"-2.150059306070859,0.8354887130541866",0.0,0.06206024929647992,0.9166666666666667,1,9.0,4546,4546,0.631578947368421,0.00014370277628327196,0,0
4.0,#,"-0.20000000000000018,8.2",#,3.0,#,#,#,1.0,"-2.1980818498038786,2.5546329736835154",#,#,#,#,"-4.307537263005371,6.361507232643962",#,"0.3109513509236894,2.432349291520381",#,#,1,0.004487102949207168,0.5,1,26.33939456,7314,4550,0.3684210526315789,0.0004205604582102789,6,12
#,2.0,#,#,2.0,0.0,#,5.0,#,"-4.37456249903055,2.853524628356528",#,#,"-5.5745247551688495,-1.8795368498474738","-1.670245762491037,4.064816007082817","-3.9859716738720516,-0.08860360054414884","-0.8877350930207697,2.2971637401696805",#,"-2.050973989212774,1.5356335903115705",#,1.0,1.0,1.0,1,3.0,4554,4554,0.5263157894736842,4.790092542775732e-05,1,1
3.0,0.0,#,2.0,#,1.0,1.0,2.0,0.0,"-5.060594101853608,1.7714334569095205",#,#,#,"-2.6853178367095607,0.771431723033585",#,"-1.5152945819025954,0.7953182970787115","-0.8795341149643857,1.524716884378532","-2.0181976103114874,1.853061364413202",#,0.0,1.0,1.0,1,14.0,4741,4555,0.631578947368421,0.00022353765199620081,1,1
2.0,#,#,#,3.0,#,4.0,#,0.0,"2.5937535145577586,6.517555283663178",#,"-3.3993509338979555,1.977007467565071",#,"-2.3335480661819825,2.0831266211106065","-2.275985797385302,1.4846325189837266",#,"-1.4687941759470267,0.5818904999631086",#,"-0.21260636333313565,2.1161210915844",1.0,0.1,1.0,1,5.5,4561,4561,0.5263157894736842,8.781836328422175e-05,0,0
#,#,#,0.0,#,2.0,#,0.0,1.0,"-1.4169495595061796,3.2367503718252264","-1.5605959711977424,0.8593764749478918",#,#,#,#,"0.8089792995040848,3.0571431817561665","-2.612508255241962,1.9007355845581975","-2.0696746458213737,1.801584328903316",#,1.0,0.012714615176326013,0.5714285714285714,1,25.808,7130,4563,0.47368421052631576,0.0004120756944798536,4,7
4.0,0.0,"10.149999999999999,17.85",1.0,2.0,3.0,4.0,4.0,0.0,#,"-2.9220030506496824,2.6689677732040242",#,#,"-0.9543226050359694,2.1881769947305267","-3.2505673814783362,0.5100509348906928","-1.5690964724521412,1.1162103869045124","-0.7515981431815585,1.9355059149075844","-2.1905965802088567,0.20047513947403928",#,0.0,1.0,1.0,1,4.0,4571,4571,0.7894736842105263,6.386790057034309e-05,1,1
3.0,2.0,"1.0099999999999998,8.99",#,2.0,#,#,#,#,"-3.261292480966458,1.259279485643801","-1.2362765336283759,4.60503626741281","-3.3993509338979555,2.6735810794068864","-2.821286786020041,1.7604982165784653","-0.645898720505292,2.3992155817622978","-1.1015878036103148,1.4966575786082867",#,#,#,#,0,0.012714615176326013,0.5714285714285714,1,18.1855665152,7301,4576,0.5263157894736842,0.00029036848850203857,8,14
3.0,2.0,"-0.31000000000000005,4.3100000000000005",0.0,#,#,3.0,1.0,1.0,"-1.2964171540728808,3.7533423458824755","-0.8607635678471564,4.229523301631591","-0.9356077260045189,2.7530293604659244",#,#,"-2.0246486630827127,2.4197184380806847",#,"0.2683489154110481,2.0361805325749582","-2.618879631776772,1.5939610171883307","-0.8750817031763684,0.6176923063861545",0.0,0.1,1.0,1,9.0,4576,4576,0.7368421052631579,0.00014370277628327196,0,0
4.0,3.0,#,0.0,#,#,#,5.0,#,#,#,#,"-2.1156432805342718,2.614946909617185","-1.405433056454656,3.229753853200925","-2.6561447518089474,2.4035962556693815",#,"-0.5500597561881191,2.844176948766588","-0.6108137993757229,0.8124431766260011","-1.6193839451511398,2.1424065589464174",1.0,0.1,1.0,1,11.0,4594,4594,0.5263157894736842,0.0001756367265684435,0,0
#,0.0,#,2.0,3.0,#,4.0,4.0,0.0,"0.2865233363525119,3.3828609405514447","-0.755937233680585,2.7317174467158587",#,#,#,#,#,"-0.7961135042218738,2.598123200732833","-0.47507511650764955,2.3714388354957983",#,1.0,0.1,1.0,1,19.5,4601,4601,0.5263157894736842,0.00031135601528042254,0,0
4.0,0.0,"-3.9699999999999998,5.97",1.0,4.0,1.0,3.0,1.0,#,"-3.590711155831738,1.855107912747568",#,#,"-2.3989680210239857,0.7048218194459702","-1.0884365677835561,2.9968129119128886","-0.08216786200809212,4.362199239155306","-1.9971148248832928,-0.31099191319423114","-2.1715974418605493,-0.05019950126385786","-0.529279440682201,0.893977535319523",#,0.0,0.1,1.0,1,2.5,4607,4607,0.7894736842105263,3.991743785646443e-05,0,0
4.0,0.0,"-3.9699999999999998,5.97",1.0,#,1.0,3.0,1.0,#,"-3.590711155831738,1.855107912747568","-1.3661661311971063,0.9703589892193683",#,"-2.3989680210239857,0.7048218194459702","-1.0884365677835561,2.9968129119128886",#,#,"-2.1715974418605493,-0.05019950126385786","-0.529279440682201,0.893977535319523",#,0.0,0.1,1.0,1,2.5,4607,4607,0.6842105263157895,3.991743785646443e-05,0,0
#,#,#,#,1.0,2.0,#,#,0.0,#,"-1.5644206588357847,2.9130954844691823","-1.8578985134485406,1.707784003472888","-2.3104480372896323,2.049637690989591",#,#,"-2.619322855665064,1.3149639382760796",#,"-0.8502398597163484,0.8576685114857202","-0.5610845449412448,2.305041553418799",0.0,0.04231439924197695,0.6666666666666666,1,25.52067328,7295,4611,0.47368421052631576,0.0004074879558838129,8,12
4.0,2.0,"6.109999999999999,9.89",1.0,1.0,0.0,3.0,5.0,1.0,"-0.6199589566317119,3.4396516217637707",#,"0.1926640306852958,2.528800852116577","-2.594791088867937,1.247996332666294",#,"-2.772492438747735,1.8086244193745364","-1.8933564303291592,0.10501146500602498","-2.33934774739812,1.4084552809893691","-0.7692635397956529,0.9955751104464847","-1.6813732301882285,2.378972075821834",0.0,1.0,1.0,1,4.0,4620,4620,0.8947368421052632,6.386790057034309e-05,1,1
#,#,"-0.4299999999999997,6.43",0.0,2.0,1.0,#,#,1.0,"-3.8783769539012063,1.468427222522112","-1.784955941060949,-0.38129415945100176","-3.3993509338979555,3.079661076216632","-2.5668948636658953,2.289943540423053",#,#,"0.7364135893683842,2.547434494515895",#,#,"-1.7649316052847064,-0.03331375419217997",0,0.0511869096297209,0.8095238095238095,1,19.04902570461102,4622,4622,0.5789473684210527,0.0003041553199160016,0,0
0.0,0.0,"3.38,13.03",#,3.0,#,2.0,3.0,1.0,"-1.9908910726043656,5.138181162626725","-0.4485144949292552,3.4735098143412557",#,#,"-3.738311478747055,1.3084706632915593",#,#,"-0.45099931896931955,2.9432373859853875",#,#,1.0,0.05704114264717685,0.8888888888888888,1,4.5,4623,4623,0.5789473684210527,7.185138814163598e-05,0,0
#,#,"-2.08,4.08",#,3.0,#,3.0,#,#,#,"-2.2985965858688027,1.9331217291267275","-3.3993509338979555,1.3943840519276067",#,"-2.883211442048153,1.6734129776132658","-2.3891737767760346,1.4398194180724309","-1.8620671301567755,2.5141533232047313","-1.1725619312297562,0.8074094799938231",#,"-2.648248528105869,-0.02096627127582873",1.0,0.06191055711381182,0.7,1,21.133056000000003,7001,4627,0.5263157894736842,0.0003374309798388732,7,10
#,#,#,#,#,2.0,0.0,5.0,#,#,"-1.0335643337648668,1.5479707097680593","-1.1788586449708836,3.43193771311717","-2.810896044200404,1.1601581961266874","-0.14325097268478393,2.213623727140088",#,#,#,#,#,0,0.018602861511813194,0.6,1,33.416,7270,4629,0.3684210526315789,0.0005335524413646461,6,10
#,#,#,0.0,0.0,1.0,#,3.0,1.0,#,"-2.4512057701250627,1.1370292362288086","-0.527229789589249,3.345839151204717","-1.5332038578376568,0.7576886434615965",#,#,"-1.212475085111683,2.097321741537216","-1.3823825039087654,2.1532807304190547","-2.979181227261946,0.2658446780219854","-2.982369634511497,1.316819513028569",1.0,0.1,1.0,1,2.5,4636,4636,0.631578947368421,3.991743785646443e-05,0,0
3.0,0.0,"11.83,16.17",#,0.0,#,0.0,#,1.0,"-4.125210610481477,4.771978923441279","-0.22147682413482528,4.451573416698124",#,#,"-2.394881086655098,2.004618353017997",#,#,"0.28630740538600263,1.9007355845581975",#,#,1.0,1.0,1.0,1,26.0,7303,4665,0.5263157894736842,0.00041514135370723007,1,1
#,3.0,#,2.0,#,#,#,5.0,1.0,#,"-1.8314940277193061,1.4284899753596316",#,#,"-2.5198620040158315,1.9597710571418223","-2.1784224991202312,1.1719465463721757","-1.8620671301567755,1.4313778198824372",#,"-2.629083414178866,2.403848414634575","-1.7356008339262925,1.0111033436687495",1.0,0.04231439924197695,0.6666666666666666,1,29.058800639999998,7382,4670,0.5263157894736842,0.00046398114749223547,8,12
#,0.0,#,#,#,#,#,4.0,0.0,"0.2865233363525119,5.385884711551721",#,"-3.3993509338979555,3.5328518758083733",#,"-1.845927622927095,0.35382209690945243",#,#,"-0.6177500263368285,1.7157877083195328","-2.629083414178866,-0.11080336680754999","-0.6916227338496936,1.5172724074182917",1.0,0.01124490288098738,0.5625,1,24.005730619392,7505,4679,0.47368421052631576,0.00038329890407944224,9,16
#,#,#,2.0,4.0,#,#,#,#,"-1.7892186085117217,4.818698465048423",#,"-2.658254936106593,1.7793410237897458",#,#,"-4.296612011680557,3.5547319844935235",#,#,#,"-2.126874313114682,1.3315493125160505",1.0,0.035341449414309035,0.6514522821576764,1,44.57424994824809,7581,4684,0.3157894736842105,0.0007117159409230823,157,241
4.0,#,"-1.29,0.7449122437439701",2.0,0.0,#,#,0.0,1.0,"-0.5615714523217945,4.157641814623127","-1.6102924374397862,1.5607059402682861","-1.8418368033907189,1.539413859207188","-1.2694616298919985,3.607922405132218","-1.9270306115936595,2.393906338085272",#,"0.39199535445986733,5.013221112422481","-0.04431201531873241,3.7034910130687564","-0.9896799327090466,1.287531228893712","-2.004383660666901,1.1005862792231467",1.0,0.1,1.0,1,9.0,4709,4709,0.7894736842105263,0.00014370277628327196,0,0
#,#,#,#,0.0,2.0,#,3.0,1.0,#,"-4.8645217391034965,2.6212070960986242","-3.3993509338979555,2.814335879677551","-2.821286786020041,1.7604982165784653",#,#,#,"-1.334575010492046,2.9082208707013373","-2.9566659572206424,0.2883599480632888",#,0,0.1754292063196716,0.8,1,20.8,7260,4711,0.47368421052631576,0.0003321130829657841,4,5
#,#,"1.0799999999999996,8.92",#,1.0,2.0,2.0,3.0,1.0,#,#,"-0.40942207032067657,2.9103513075027228",#,"-2.985006945143179,2.2251202810334334","-2.1241696351515884,1.9711475113193928",#,#,#,"-0.19110321486784942,1.839069438137182",1,1.0,1.0,1,15.0,6398,4720,0.5263157894736842,0.00023950462713878657,1,1
#,0.0,"8.73,17.27",2.0,1.0,2.0,#,0.0,#,"-2.4924546034587403,0.973066622000818","-3.0283042178987207,2.729561257413306",#,"0.1895768066663981,2.2587700336463685",#,"-2.5781665558331404,2.0713251807685675","-1.3393045682467193,0.5966143303592404","0.8940271330468166,4.429690367374636","-1.0945868369111706,1.3534151618117947",#,0.0,1.0,1.0,1,2.0,4726,4726,0.6842105263157895,3.1933950285171544e-05,1,1
#,#,#,#,1.0,#,1.0,4.0,#,"-2.0493203812992187,0.5250668147564528",#,#,#,#,"-0.5262503609461173,1.1909005291088546",#,"-0.845491573680846,1.823354100221664","-3.090173269234694,0.6672251474098574",#,0,1.0,1.0,2,18.4,7078,4727,0.3684210526315789,0.0005875846852471564,5,5
0.0,2.0,#,#,#,#,3.0,#,0.0,#,"-1.1100130313716252,1.810643369148968","-3.3993509338979555,2.6735810794068864","-2.5668948636658953,0.6759882772792637",#,#,"-1.8620671301567755,2.5141533232047313",#,#,#,1.0,0.004487102949207168,0.5,1,24.171647999999998,7326,4736,0.42105263157894735,0.00038594810277133305,5,10
2.0,#,"-2.13,6.13",1.0,0.0,#,#,1.0,1.0,#,#,"-2.226993475735179,2.0149391737058315","-2.3654652256059925,1.3295226797153834",#,"0.7740805247846505,4.808198355071426","-2.5789931032637643,1.4177426874066041","-2.154365363227298,0.5327386948618452","-2.311479455939092,-0.3758499685767476","-3.023303664238412,0.08166627565163576",1.0,1.0,1.0,1,6.0,4738,4738,0.6842105263157895,9.580185085551464e-05,1,1
0.0,2.0,"0.5899999999999999,9.41",#,#,3.0,3.0,#,#,#,"-1.7416964559296355,3.598932390736592","-3.3993509338979555,2.6735810794068864",#,"-0.5401230675526569,4.252188822091249","-0.547630197742369,2.007463423495987",#,"-0.6305452849423696,2.90511794938545","-2.629083414178866,2.3132997578203542","-2.851061300634596,0.31361959963795294",1.0,1.0,1.0,1,32.0,7552,4739,0.631578947368421,0.0005109432045627447,1,1
#,#,#,#,#,4.0,4.0,#,#,"-1.5649741745419126,4.771978923441279",#,#,#,#,#,#,"-5.941330077122311,1.9007355845581975","0.3085693301220884,2.642710770764916",#,1.0,0.19798043916371608,0.8125,1,40.00348943735797,7597,4764,0.2631578947368421,0.0006387347214629872,39,48
#,2.0,"11.97,16.03",1.0,4.0,3.0,4.0,1.0,1.0,#,"-2.2081062443665123,-0.03847577540835756",#,"-2.547555389444759,0.11283590238663121","-0.7859163931298319,1.6495207966892023","-1.501009063386064,0.7553619264353533","0.9928181193923085,4.177716952582759","-2.3660983877147514,2.018124022851745","-1.2803370366495521,2.0180744835135114","-0.4613565079815613,1.0314175015809615",1.0,0.1,1.0,1,11.0,4777,4777,0.8421052631578947,0.0001756367265684435,0,0
#,#,"2.7300000000000004,11.27",#,1.0,0.0,#,#,0.0,"-4.442692402115076,1.8449486214415443",#,#,#,#,#,"-0.13190609022465694,2.241155785485874","-1.677910396003748,2.761504101199712","-0.9710101950896683,0.9076890132326074","-0.9221568600985051,3.3770322874415606",0,0.24120498592959838,0.8333333333333334,1,37.36,7544,4780,0.47368421052631576,0.0005965261913270045,5,6
0.0,3.0,"-2.9200000000000004,4.92",#,4.0,1.0,#,1.0,1.0,"-2.663011544030887,2.8818224167044058","-1.5886913837800065,2.082990948303025",#,"-2.378191443742172,0.5777988805149292","-2.626902849507913,1.9297215701535058","-2.831622413461805,1.5443698092221552",#,"-1.4125805905421362,3.395921408143699",#,"-0.4276154638685943,3.75215176290647",0.0,1.0,1.0,1,1.0,4781,4781,0.7368421052631579,1.5966975142585772e-05,1,1
#,#,#,0.0,3.0,#,4.0,#,1.0,"0.2865233363525119,6.326431757867741",#,#,"-5.6813070825792185,0.9617174689925736",#,#,#,#,#,#,1.0,0.20431919003957946,0.8157894736842105,1,35.83886232322776,7533,4784,0.3157894736842105,0.0005722382238535314,31,38
#,0.0,#,#,#,2.0,1.0,#,#,#,#,#,#,"-1.233060881906994,1.732424258204031",#,"-2.5789468207340907,3.341113798846333",#,"-0.9710101950896683,0.9076890132326074","-0.5610845449412448,-0.14512793394885648",0.0,0.04231439924197695,0.6666666666666666,1,20.919999999999998,6845,4786,0.3684210526315789,0.00033402911998289434,4,6
1.0,#,"-1.7800000000000002,5.78",#,0.0,#,#,4.0,0.0,"-2.7759892115792844,2.398806821252702",#,"-4.264194573147493,-0.02226192370648228",#,"-0.5789690618937031,1.4636556779545191","-2.6606528364291133,1.9829799291342538",#,#,#,"-0.9729839371430121,2.9082284877195472",0,0.1,1.0,1,13.0,4787,4787,0.5263157894736842,0.00020757067685361503,0,0
3.0,1.0,#,1.0,#,2.0,2.0,0.0,1.0,#,#,#,#,"-1.6410335358774588,2.4442159438189854","-4.1308376325346785,-1.1223429794394557","-1.8572060397029224,1.9521827607797722","-1.0911713467862434,0.7473735350642231","-0.16045862154055435,1.3197286335012386","-2.961773115933647,-0.0956470175736035",1.0,1.0,1.0,1,3.0,4788,4788,0.6842105263157895,4.790092542775732e-05,1,1
#,#,"11.41,16.59",#,#,1.0,3.0,#,#,#,#,"-0.9778397189008567,2.6735810794068864",#,"-4.002242474611204,3.0219024332395605",#,"-1.600206515287191,2.5141533232047313",#,#,#,0,0.00011477047236989045,0.3125,1,24.6546122752,6965,4816,0.3157894736842105,0.0003936595813482085,5,16
#,1.0,"9.83,14.17",#,#,#,2.0,#,#,"-4.6092507872865855,2.87957336446075",#,#,#,#,"-2.2610429125782368,1.5679502822702287","-2.4661537646436207,0.7187450685468293","-2.130397817284569,2.8195307107743797","-1.4165596193019896,2.3977690763826307",#,1,2.013409287678367e-05,0.25,1,16.5968,6546,4833,0.42105263157894735,0.0002650006930464676,2,8
#,2.0,#,#,#,4.0,#,#,1.0,#,"-6.044987925837651,-1.0460966168264456",#,#,"-2.5437862165786975,2.0323202590816307","0.8625498248197851,4.7599178981476875","-0.8898610894994641,3.341113798846333",#,#,"-1.0443173791730518,3.724615405036605",0.0,0.0,0.0,1,28.0,4836,4836,0.42105263157894735,0.00044707530399240163,0,1
4.0,#,#,#,#,4.0,#,#,#,"-2.0990847401496184,4.771978923441279",#,#,"-3.742321776632924,-0.6385319361629684",#,#,#,#,"-1.6516728246917576,1.5364228015521042",#,1.0,0.006694558062200311,0.5263157894736842,1,22.25042691293184,7435,4860,0.2631578947368421,0.00035527201343070415,10,19
1.0,2.0,"12.25,15.75",#,4.0,#,4.0,#,#,"0.03731385526468056,5.780177600311948",#,#,#,#,"-3.491845796624139,3.5547319844935235",#,#,#,"-1.10930846409983,1.3985518719652084",1,0.1,1.0,1,17.0,4866,4866,0.42105263157894735,0.00027143857742395813,0,0
4.0,#,#,2.0,4.0,1.0,3.0,5.0,1.0,"-1.2029879523015465,1.5694290280660999",#,"-4.161961603915588,-0.4118472326706366","-2.5949037905524612,-0.45181080546606345","-3.0473861209692417,2.2163007086396393","-1.4671459995782716,0.5841003548048346",#,"-2.2344060439470494,-0.46657442678313976","-1.5772305108198432,0.6430503717428462",#,1.0,1.0,1.0,1,5.0,4867,4867,0.7368421052631579,7.983487571292886e-05,1,1
#,1.0,"9.83,14.17",#,#,#,#,1.0,#,"-4.6092507872865855,2.87957336446075",#,"-3.6581615583119405,-0.39986546526304867","-0.5059506453361422,2.5978391951338136",#,"-2.2610429125782368,1.5679502822702287","-2.4661537646436207,0.7187450685468293","-2.130397817284569,2.8195307107743797","-1.4165596193019896,2.3977690763826307",#,1,0.00044871029492071687,0.5,1,12.1353264128,4882,4882,0.5263157894736842,0.00019376445518034217,0,0
#,0.0,#,2.0,4.0,#,1.0,2.0,0.0,"-4.257805845187625,1.1880132233916807",#,#,#,"-2.993946942365395,2.583989847220135",#,"-3.5402558476217005,2.3061397230402423",#,"-5.3224790348431625,1.6694692219963034",#,0,1.0,1.0,2,34.8,7240,4908,0.5263157894736842,0.0011113014699239696,5,5
#,#,"0.8300000000000001,5.17",#,1.0,0.0,#,5.0,1.0,#,"-3.5423161597106883,3.9732752099847213",#,"-2.2790193983878755,0.5884928286952622",#,"-4.307537263005371,2.5751222534294897",#,#,"-2.474527527134081,1.6813828427909532","-0.5590775463632629,1.2322512651117645",0,0.04231439924197695,0.6666666666666666,1,22.119999999999997,6489,4913,0.5263157894736842,0.00035318949015399726,4,6
#,#,#,#,3.0,#,4.0,#,#,"-1.9908910726043656,5.138181162626725",#,"-1.5604813241660187,2.189633047078932","-1.7117693116241313,2.5744166585486647","-2.069716406457424,4.93921538970364","-0.6335021092735118,1.7596186375067793",#,#,#,"-0.9272283206140857,1.5209210550684518",1.0,0.05106443864682043,0.6829268292682927,1,35.59292789995046,7518,4915,0.42105263157894735,0.0005683113950303566,56,82
#,0.0,#,#,3.0,#,4.0,#,#,#,"0.3318922083757352,1.213461708459834","-0.13519033534707403,1.901358078145524",#,#,#,#,#,"-3.6594252605735083,0.43955483031145626",#,1.0,0.00018986906563260434,0.3333333333333333,1,35.0,5998,4930,0.3157894736842105,0.000558844129990502,1,3
#,#,#,#,#,#,4.0,#,1.0,#,"-2.7571138854359223,1.9872700028584607","-0.9778397189008567,2.6735810794068864",#,#,#,#,#,"-2.099581649205696,-1.3664072801159735",#,1,0.07247718577234585,0.7142857142857143,1,20.848,7034,4930,0.2631578947368421,0.00033287949777262814,5,7
#,#,#,#,1.0,4.0,0.0,#,#,#,#,#,#,"-2.408050002098679,2.2271369075569023",#,#,"-2.4090073876485905,2.6823476697834696","0.23399352319400957,2.1696230105563545",#,1,0.00018986906563260434,0.3333333333333333,1,19.333333333333332,7352,4936,0.3157894736842105,0.00030869485275665824,1,3
#,#,#,#,#,#,2.0,0.0,1.0,"-1.6893248979965243,3.5584643862708063",#,"-1.1617302444644042,1.358838431290399",#,#,"-1.2209700433623991,3.178194295677873","-0.8163101134209829,2.418661129165158",#,#,"-0.34904100561999407,1.3228658850900317",1,0.04231439924197695,0.6666666666666666,1,26.470325183127066,7588,4944,0.42105263157894735,0.00042265102421515204,16,24
#,#,#,2.0,2.0,#,4.0,#,1.0,#,"1.9509159982963715,3.4735098143412557","-2.13488791243081,2.189633047078932","-1.7117693116241313,2.5744166585486647",#,#,#,#,"-4.225922948167388,2.6716648351713794","-1.331554800823028,1.236016495624511",1,0.1,1.0,1,14.0,4946,4946,0.47368421052631576,0.00022353765199620081,0,0
0.0,0.0,"6.59,15.41",#,#,#,#,#,#,"-3.366894555084906,-0.31145567820707276","-0.7197270280319492,2.666783069939524",#,"-1.613056184560188,2.229731236974043",#,#,#,"-1.979519003673153,2.333990142206787",#,#,0.0,0.03417230214270308,0.6486486486486487,1,24.970892976658867,7464,4959,0.3684210526315789,0.0003987096274464818,24,37
#,#,#,#,1.0,#,#,#,0.0,"-4.442692402115076,1.6962309115561405",#,#,#,"-2.767572381700362,1.8300748081245524","-0.9006153220314782,1.2910301458959212",#,"-1.7584697186429132,2.6257526919235836",#,#,0,0.08826090292360012,0.7325581395348837,1,36.88204826991235,7544,4966,0.3157894736842105,0.0005888947479333391,63,86
#,#,#,#,#,0.0,0.0,#,0.0,"-4.442692402115076,1.6962309115561405","-3.5423161597106883,1.5479707097680593",#,#,#,"-2.627328336173115,1.2910301458959212","0.006337300178111738,3.8157261006608065",#,"-1.8892841789912445,1.8111839586132379","-0.9729839371430121,2.9082284877195472",0,0.3186993494900529,0.8636363636363636,1,39.79897845109123,7544,4969,0.47368421052631576,0.0006354692996288805,19,22
1.0,#,"3.38,12.760000000000002",#,#,#,#,3.0,1.0,"-1.9908910726043656,5.138181162626725","-0.6703224562425767,5.08754301906945","-1.5604813241660187,2.475908445657244",#,"-2.069716406457424,1.3084706632915593","-0.8264805029811554,1.7728620366783456",#,"-3.129759595593236,2.9275824296037554",#,#,1,0.002133551299546628,0.45454545454545453,1,23.4500224,7538,4989,0.5263157894736842,0.0003744259247538796,5,11
4.0,#,#,0.0,#,2.0,#,1.0,#,"-2.3886796052257027,0.9778267280778682","-0.9103918376397494,0.8593764749478918",#,#,#,"-1.2071925850737852,2.8269252452129905","-2.1332012165730574,1.6602880779581253","2.2107288853694502,2.549560066876655",#,#,1,0.01060419864062692,0.75,1,17.5,4997,4997,0.47368421052631576,0.000279422064995251,0,0
2.0,#,#,0.0,3.0,4.0,4.0,#,1.0,"-3.0842709032653066,2.032629485984714",#,"-2.094665432197457,0.5351952916705176",#,"-2.069716406457424,4.93921538970364",#,#,#,"-2.186061149149059,0.8746786269790418","-2.5732241666537354,-0.4833405532662032",1.0,0.1,1.0,1,17.0,5002,5002,0.5789473684210527,0.00027143857742395813,0,0
#,#,#,0.0,3.0,#,4.0,#,#,#,"-2.2985965858688027,1.213461708459834","-0.13519033534707403,3.676401320672384",#,"-2.5719461297364687,3.0845531498432233",#,"-0.4539927203791696,2.3061397230402423",#,#,#,1.0,0.03473155130931073,0.65,1,34.52755022132019,7533,5016,0.3684210526315789,0.0005513005361182014,13,20
#,#,#,#,0.0,2.0,#,3.0,1.0,#,"-4.8645217391034965,2.6212070960986242","-3.3993509338979555,2.814335879677551",#,#,#,#,#,#,#,0,0.10604198640626919,0.75,1,23.78605056,7260,5036,0.3157894736842105,0.0003797912780318084,9,12
0.0,#,#,#,#,#,0.0,0.0,#,#,#,"-1.3222624166039911,3.288533941484063","-4.94312666354544,1.1601581961266874",#,"-4.307537263005371,2.5751222534294897",#,#,"-0.7794899740257911,1.0422789552564156","-2.138699879954776,1.6828015845252826",0,0.05679804999163894,0.6923076923076923,1,33.810978304,7389,5039,0.42105263157894735,0.0005398590501264749,9,13
#,0.0,#,2.0,#,#,2.0,1.0,#,#,#,"-2.1971133356778165,-0.22498654071342683",#,"-2.5276583528840018,1.8913191676326038","-1.169139582533148,2.5231038553564433","-3.3610953550755265,2.2401504055910904",#,#,#,1.0,0.1754292063196716,0.8,1,19.4,6785,5045,0.42105263157894735,0.00030975931776616397,4,5
#,1.0,#,#,#,#,#,#,0.0,"-4.879643828027416,1.259279485643801",#,"-6.341485979907096,2.6735810794068864",#,"-0.7755728683430525,2.2135720016415448","-2.3660379857192764,1.3262054521703153",#,#,#,"-1.0443173791730518,2.9082284877195472",0,0.04231439924197695,0.6666666666666666,1,26.94213353472,7522,5125,0.3684210526315789,0.0004301843764371008,10,15
3.0,#,"6.13,11.870000000000001",#,#,#,2.0,#,#,#,"-6.044987925837651,2.377404283156984","-2.1095326431987846,2.6735810794068864",#,"-2.5437862165786975,2.0323202590816307",#,"-2.2444541828345015,3.341113798846333","-0.7451794929412979,1.3055051829688376",#,"-2.5635951487635955,1.377328236481465",0.0,0.004487102949207168,0.5,1,30.081998295040002,6510,5141,0.47368421052631576,0.0004803185190162113,8,16
#,#,#,0.0,3.0,#,4.0,#,#,"1.553761755153015,4.920268088456586","-3.694964258816175,-0.015089402343583691",#,#,#,#,#,#,"-1.8187117380096187,0.6985791842993946","-0.7757285413522013,3.165194843892859",1.0,0.3529090646456946,0.875,1,33.6528,7582,5153,0.3684210526315789,0.0005373334210784105,7,8
2.0,#,#,#,#,#,3.0,4.0,#,#,#,#,#,#,"-2.620322211452609,1.1402961049164195","-0.7045328941881732,1.658331959499448",#,#,#,1,0.018602861511813194,0.6,1,19.0,6531,5162,0.2631578947368421,0.00030337252770912964,3,5
#,#,"10.64,17.85",#,0.0,4.0,1.0,2.0,#,#,#,#,#,#,#,#,#,#,#,1,0.0,0.0,1,29.5,5167,5167,0.2631578947368421,0.0004710257667062803,0,2
0.0,0.0,#,#,0.0,2.0,#,#,1.0,#,#,#,#,#,#,#,#,#,#,0,0.24120498592959838,0.8333333333333334,1,32.4,7514,5175,0.2631578947368421,0.000517329994619779,5,6
#,2.0,"-4.83,4.83",#,3.0,#,#,0.0,1.0,#,"-3.694964258816175,1.812559239308372","0.4594131736894478,1.9963452930521326",#,#,#,#,"-3.620019925526859,2.1368695181072037","-5.438252461234588,1.611904892742986","-0.6923500240879473,0.8004239854745755",0,0.00018986906563260434,0.3333333333333333,1,30.6,6611,5181,0.5263157894736842,0.0004885894393631247,2,6
#,0.0,#,#,#,#,#,#,#,"-3.366894555084906,-0.2974328982492973","-2.7571138854359223,2.666783069939524",#,#,#,#,#,"-2.596900303243272,-0.5462156273331367",#,#,0,0.04231439924197695,0.6666666666666666,1,32.30181803732342,7589,5194,0.21052631578947367,0.0005157623256622718,84,126
#,#,#,#,4.0,#,4.0,#,1.0,"-3.0842709032653066,5.799280405766666",#,#,#,"-2.408050002098679,2.7486965746194976",#,"-2.0548341947853266,1.5047586187804707",#,"-1.5652614341356856,1.7936250292283829",#,1.0,0.09043631624807887,0.7348484848484849,1,46.787806148755216,7581,5197,0.3684210526315789,0.0007470597377532963,97,132
#,2.0,#,#,2.0,2.0,#,2.0,#,#,"-1.5644206588357847,0.9885252299657155",#,#,"-2.767572381700362,3.792558269196097",#,#,"-1.677910396003748,2.761504101199712",#,#,0.0,0.010206444073780463,0.5555555555555556,1,22.098560000000003,6949,5256,0.3684210526315789,0.00035284715820694027,5,9
#,0.0,#,0.0,4.0,#,#,#,0.0,"-2.907464205209575,2.835399539837692","-8.331498071442066,1.0538421791153108",#,"-1.1959386057420764,3.3119466387500016",#,"-4.517633022179837,3.5547319844935235",#,#,"-1.8187117380096187,-0.11080336680754999","-2.863667688517184,3.724615405036605",0.0,0.001348283049688907,0.42857142857142855,1,28.488000000000003,7190,5272,0.5263157894736842,0.00045486718786198353,3,7
#,#,"-3.165257394256443,14.563470902068715",#,#,1.0,0.0,0.0,1.0,#,#,"-1.9076979141734163,1.5965073179735056",#,#,"-2.374576479651111,3.178194295677873","-0.6784926282927969,2.131712224522306",#,#,#,0,0.00018986906563260434,0.3333333333333333,1,25.72,6650,5283,0.42105263157894735,0.00041067060066730607,2,6
#,#,"-2.9383587078952615,6.9",#,3.0,#,#,#,1.0,#,"-2.7571138854359223,3.9784684745175385","-0.5396750253136009,2.0137727789322994","-3.0216640200707903,0.22992533661202064",#,#,#,#,"-1.2332947308557713,3.122430748245862",#,1.0,0.05004265973988068,0.6811594202898551,1,31.662415186456336,7588,5290,0.3684210526315789,0.0005055529962363786,47,69
#,2.0,"-2.9383587078952615,6.9",0.0,3.0,2.0,#,#,1.0,#,"-3.694964258816175,3.9784684745175385","-0.5396750253136009,2.6735810794068864","-2.7332704363288025,0.22992533661202064","-1.9090477511185298,1.0763268686596414",#,"-1.733975338238353,2.5125564393489137",#,"-1.2332947308557713,1.611904892742986",#,1.0,0.0,0.0,1,28.0,5317,5317,0.631578947368421,0.00044707530399240163,0,2
#,#,#,2.0,#,#,0.0,#,#,#,#,#,"-2.8008867173931025,3.771533241559846","2.820554823619303,4.863179563467526","-0.22323270073365298,2.8536368308410065",#,"-1.9368789332059368,1.740210830494996","-2.3956763699730512,0.22311646587012057",#,0,0.004487102949207168,0.5,1,27.0,5557,5320,0.3684210526315789,0.00043110832884981585,1,2
1.0,#,#,#,#,#,#,3.0,1.0,#,#,#,"-3.481069788260563,-1.1901772869613096",#,#,#,"-2.4090073876485905,3.930083669290731",#,"-1.3438171708200533,1.999996610599998",0,0.018602861511813194,0.6,1,27.2,6199,5325,0.3157894736842105,0.000434301723878333,3,5
#,0.0,#,0.0,0.0,#,#,#,1.0,#,"-4.8645217391034965,2.6212070960986242","2.587416260925877,2.671992806808198",#,#,#,"-2.752177682553277,1.36945610157554",#,"-2.0705325663795753,2.826988356357526",#,0,0.1,1.0,1,11.0,5330,5330,0.42105263157894735,0.0001756367265684435,0,0
3.0,#,"0.039999999999999813,3.96",#,#,#,#,#,#,"-3.2188565685452493,2.9399690909616716","-4.8645217391034965,2.6212070960986242","-1.334425098439771,0.03360413270864138",#,#,#,"-0.8898610894994641,3.341113798846333",#,#,"-1.0443173791730518,3.724615405036605",0.0,0.018602861511813194,0.6,1,31.834844228780035,7355,5355,0.3684210526315789,0.0075197210454067,12,20
#,#,#,#,1.0,#,1.0,4.0,0.0,"-2.0493203812992187,0.5250668147564528",#,#,#,#,"-0.5262503609461173,1.1909005291088546",#,"-0.845491573680846,1.823354100221664","-3.090173269234694,0.6672251474098574",#,0,1.0,1.0,1,19.0,7078,5359,0.42105263157894735,0.00030337252770912964,4,4
#,0.0,"0.29000000000000004,7.71",2.0,#,#,3.0,2.0,0.0,#,#,#,"-2.5114323423902842,3.771533241559846","-2.4386807314354533,0.38956890835439295","-1.193491325714017,3.5547319844935235",#,"-0.48366595074418783,2.274151372031512",#,#,0,1.0,1.0,1,35.0,7358,5373,0.5263157894736842,0.000558844129990502,1,1
#,0.0,"0.3599999999999999,7.640000000000001",#,1.0,#,1.0,#,#,"-2.8402878409696877,0.625233384489871",#,"-2.7386393090612984,1.0114750621836524","-3.596893412394582,0.9109918320974961",#,#,#,#,"-1.159397437433005,1.9573123622548683",#,0.0,0.30047963350765927,0.8571428571428571,1,26.451979161599997,7540,5382,0.42105263157894735,0.000422358093745464,12,14
#,#,#,#,3.0,4.0,3.0,#,#,"-0.6272997686476034,2.937236348967942","-2.2985965858688027,1.810643369148968",#,"-1.0600066102491519,3.771533241559846","-3.248551027975579,2.2135720016415448","-2.3891737767760346,1.4398194180724309","-1.8620671301567755,2.5141533232047313","-1.476299146444955,1.210804911644188","-3.1235651619795703,0.5769029756249118",#,1.0,0.1754292063196716,0.8,1,19.0,7082,5384,0.5789473684210527,0.00030337252770912964,4,5
0.0,2.0,"5.87,14.129999999999999",#,#,#,3.0,#,0.0,#,"-1.1100130313716252,1.810643369148968","-3.3993509338979555,2.6735810794068864","-2.5668948636658953,0.6759882772792637",#,#,"-1.8620671301567755,2.5141533232047313",#,#,#,1.0,0.0007871689090540713,0.4,1,23.0,7326,5387,0.47368421052631576,0.00036724042827947277,2,5
3.0,2.0,#,0.0,2.0,2.0,1.0,0.0,#,"-2.6652566260426767,0.305190138636944",#,#,"-2.939706792700404,2.307176032855949","0.5025195517723278,4.037831601509636","-0.9223906301498481,4.205725255807918","-2.385070639941965,0.4875832096023627","-1.3754930989645529,3.503722164407839",#,"-2.4395047467959436,1.5014186384491168",1.0,1.0,1.0,1,3.0,5399,5399,0.7368421052631579,4.790092542775732e-05,1,1
#,0.0,#,2.0,3.0,0.0,#,#,1.0,#,#,#,#,#,#,#,#,#,"-0.17511662246468362,2.3327437136003546",0,0.004487102949207168,0.5,1,27.28,6096,5423,0.3157894736842105,0.0004355790818897399,3,6
#,#,#,0.0,#,0.0,0.0,#,#,"-3.5603536405535188,1.0933462907778877",#,"-0.2772417933003699,1.8749831351977866","-2.4609299510882607,1.1601581961266874",#,#,#,#,#,#,0,0.19798043916371608,0.8125,1,29.753042997248,7591,5428,0.3157894736842105,0.00047506609795334445,13,16
#,#,"8.030000000000001,17.97",2.0,3.0,#,#,#,#,"-1.9908910726043656,5.138181162626725","-2.0483322606672543,3.4735098143412557","-1.5604813241660187,2.189633047078932","-1.7117693116241313,2.5744166585486647","-2.069716406457424,1.3084706632915593","-0.6335021092735118,1.7596186375067793",#,#,#,"-1.2082928774886201,2.9714743492864444",1,0.027754642120682713,0.631578947368421,1,26.690015916968644,7477,5432,0.5263157894736842,0.00042615882070145693,24,38
#,2.0,#,#,1.0,#,#,#,0.0,#,"-0.5915727537204729,2.9130954844691823",#,#,#,"-0.9006153220314782,1.2910301458959212",#,"-1.7584697186429132,2.6257526919235836","-0.8502398597163484,0.8576685114857202","-1.0443173791730518,3.724615405036605",0.0,0.002133551299546628,0.45454545454545453,1,21.903027200000004,7592,5447,0.42105263157894735,0.0003497250908497801,5,11
#,#,"8.030000000000001,17.97",2.0,3.0,#,#,#,#,"-1.9908910726043656,5.138181162626725","-2.0483322606672543,3.4735098143412557","-1.5604813241660187,2.189633047078932","-1.7117693116241313,2.5744166585486647",#,"-0.6335021092735118,1.7596186375067793",#,#,#,"-1.2082928774886201,2.9714743492864444",1,0.03116220159846509,0.6410256410256411,1,26.645429534734177,7477,5451,0.47368421052631576,0.00042544691104462137,25,39
#,2.0,"2.7300000000000004,12.760000000000002",1.0,#,3.0,#,#,1.0,#,#,#,#,#,#,"-3.9391992270659246,1.2509453415462224",#,#,"-1.1472825586836264,2.9130627473264363",1,0.025577855839070813,0.625,1,22.401600000000002,7411,5458,0.3684210526315789,0.0003576857903541495,5,8
#,#,"6.13,11.870000000000001",#,3.0,#,#,#,#,"-3.366894555084906,-0.2974328982492973","-6.044987925837651,2.377404283156984","-2.1095326431987846,2.6735810794068864",#,#,#,#,"-0.7451794929412979,1.3055051829688376",#,"-2.5635951487635955,-1.302813654880433",0.0,0.1,1.0,1,20.666666666666668,5467,5467,0.3684210526315789,0.00032998415294677267,0,0
3.0,#,"10.55,15.45",2.0,#,#,#,#,0.0,#,#,"-2.1151658601281227,1.880857650214858",#,"-3.009477627933622,2.0323202590816307",#,"-0.8898610894994641,3.341113798846333","-2.4090073876485905,2.6823476697834696",#,#,1,0.0007871689090540713,0.4,1,25.09362395136,7485,5477,0.42105263157894735,0.0004006692698687601,6,15
2.0,#,#,0.0,0.0,1.0,#,0.0,#,#,#,"-2.094665432197457,3.676401320672384","-3.3287556311750133,2.3179147327999168",#,#,#,#,"-1.7732857815458078,0.8746786269790418",#,1.0,0.055302099320313464,0.875,1,22.25,5482,5482,0.42105263157894735,0.0003552651969225334,0,0
#,#,#,#,#,4.0,#,0.0,#,#,#,"-2.094665432197457,3.676401320672384","-3.3287556311750133,2.368553619931",#,#,#,#,"-0.5636583160194879,1.5427620084630635",#,1,0.04231439924197695,0.6666666666666666,1,31.423215772925865,7597,5500,0.2631578947368421,0.0005017337051464165,38,57
3.0,#,#,#,0.0,#,#,0.0,1.0,"-2.0235256927768464,1.838055101306661",#,"-3.3993509338979555,3.676401320672384",#,#,#,#,#,"-1.8518726656911948,2.826988356357526","-1.9464039941154896,2.352785153424576",1.0,0.025577855839070813,0.625,1,32.870400000000004,7303,5554,0.42105263157894735,0.0005248408597268514,5,8
#,#,#,#,1.0,#,#,4.0,0.0,"-1.3490070745865763,5.879080052800502","-1.272236130169529,2.482893527642662",#,#,#,"-0.9006153220314782,1.2910301458959212","-2.6050094983454213,1.141930305408049",#,#,"-1.0443173791730518,3.724615405036605",0,0.07247718577234585,0.7142857142857143,1,21.6899311616,7592,5556,0.42105263157894735,0.0003463225917016638,10,14
#,#,"2.11,5.890000000000001",#,#,#,0.0,#,#,#,"-2.6947917926992027,3.5637576369877824",#,#,#,"-4.307537263005371,2.5751222534294897",#,#,#,"-2.863667688517184,2.105150964051791",0,0.047939034940813585,0.6774193548387096,1,40.365656548461686,7551,5557,0.2631578947368421,0.0006445174347234423,42,62
#,2.0,#,0.0,3.0,#,3.0,#,#,"-1.9769406039472721,4.855086954815857",#,#,"-3.3287556311750133,2.3179147327999168",#,#,#,"-3.620019925526859,2.1368695181072037","-2.636049878723012,1.611904892742986",#,1.0,0.018602861511813194,0.6,1,20.0,7543,5559,0.42105263157894735,0.0003193395028517154,3,5
3.0,#,"-4.83,4.83",0.0,#,#,#,0.0,1.0,#,"-3.694964258816175,1.812559239308372","-2.094665432197457,3.676401320672384",#,#,#,"-4.164570934997725,2.5141533232047313",#,#,#,1,0.10604198640626919,0.75,1,31.25,7453,5559,0.42105263157894735,0.0004989679732058053,3,4
3.0,#,"10.55,15.45",2.0,#,#,#,#,0.0,#,#,#,#,#,#,"-0.8898610894994641,3.341113798846333","-2.4090073876485905,2.6823476697834696",#,#,1,0.00010169738465997736,0.3076923076923077,1,25.413062144,7485,5563,0.3157894736842105,0.00040576973155023553,4,13
#,#,#,2.0,4.0,#,#,#,1.0,#,"-3.4143395787544923,2.666783069939524",#,"-3.742321776632924,-0.6385319361629684",#,"-1.603301170011095,1.7728620366783456",#,#,#,"-0.7215354478138063,1.4280591259562265",1.0,0.06789751839147158,0.7083333333333334,1,35.94852639673687,7329,5569,0.3684210526315789,0.000573989227389286,17,24
2.0,#,#,2.0,#,4.0,#,#,#,#,#,#,"-2.113536128649908,-0.04434290166993726",#,#,#,#,"-1.0240836484757976,1.4239183502471677",#,1,0.004487102949207168,0.5,1,28.858479596725864,7574,5570,0.2631578947368421,0.028260911612779868,10,20
#,#,#,#,2.0,4.0,#,#,#,#,#,"-2.895754325461138,-0.9899584974514093","-3.742321776632924,-0.6385319361629684","-2.7103771489145654,2.33559747938582",#,#,#,"-2.7785029108010697,3.956281438639241",#,1.0,0.04231439924197695,0.6666666666666666,1,30.333333333333332,6587,5570,0.3157894736842105,0.00048433157932510173,2,3
0.0,#,#,#,#,0.0,#,1.0,#,#,#,#,#,"-2.0140302020168193,0.26428200781389",#,"-1.1999558553141352,3.358820905919253",#,"-0.9710101950896683,0.9076890132326074","-1.0443173791730518,3.724615405036605",0.0,0.04231439924197695,0.6666666666666666,1,25.333333333333332,6883,5575,0.3684210526315789,0.0004044967036121729,2,3
4.0,#,"-1.71,14.563470902068715",#,#,#,1.0,5.0,1.0,"-2.1758130268288074,4.557199639778334","-2.221032018723146,0.44928240460996793",#,#,"-1.7776322771237394,3.0146796125201663","-2.2599772674800436,2.731388861518848","-0.4539927203791696,2.3061397230402423",#,"-1.7376765973268977,2.1335823773977918",#,1.0,0.012714615176326013,0.5714285714285714,1,28.6716091392,7283,5581,0.5789473684210527,0.00045779887042354144,8,14
#,#,#,2.0,4.0,#,3.0,#,#,"-1.9908910726043656,4.818698465048423",#,"-2.658254936106593,1.7793410237897458",#,"-2.5437862165786975,2.0323202590816307",#,#,"-2.4090073876485905,2.6823476697834696",#,"-2.126874313114682,1.3315493125160505",1.0,0.05563651499821249,0.6904761904761905,1,29.970634443822714,7555,5587,0.42105263157894735,0.00047854037517204226,29,42
#,1.0,"2.7300000000000004,12.760000000000002",#,1.0,#,#,#,#,"-2.9550525707452975,2.3811750456601115","-3.71430896434409,1.0005073233512516","-2.13488791243081,2.475908445657244",#,"-2.408050002098679,2.2135720016415448",#,#,#,"-0.7211762735019536,2.6716648351713794",#,0,0.07247718577234585,0.7142857142857143,1,18.735999999999997,7185,5592,0.42105263157894735,0.00029915724627148696,5,7
#,#,"9.5,16.5",#,1.0,#,#,2.0,0.0,#,"-1.4376686623867716,2.269225122832329",#,"-3.22857752464233,1.9854928895439838",#,#,"-2.6050094983454213,2.3061397230402423","-1.2243758212538514,-0.17297412171735616",#,"-3.279076746720926,5.357126986969546",0,0.3529090646456946,0.875,1,34.9904,7295,5595,0.47368421052631576,0.0005586908470291332,7,8
#,#,"12.25,15.75",#,#,#,4.0,#,1.0,"-1.9908910726043656,4.818698465048423","-1.0219915953451328,1.481428176529661",#,#,"-2.895941557423985,1.3084706632915593",#,#,"-1.4440990883611178,2.9275824296037554",#,#,1,0.04231439924197695,0.6666666666666666,1,40.63166701000327,7516,5601,0.3684210526315789,0.0006487648171505445,14,21
4.0,#,"9.17,18.83",2.0,0.0,1.0,2.0,4.0,0.0,"-0.5158961481732374,3.147654861598295","-4.360794828759585,0.7294920407191625",#,#,#,"-3.4113546428152564,0.8278878229098308","-1.8621755576810262,0.9480292951340765",#,"-2.090569898095877,-0.32573124785373975","-0.9924026137806148,1.6945906034319262",1.0,1.0,1.0,1,3.0,5606,5606,0.7368421052631579,4.790092542775732e-05,1,1
#,0.0,#,#,#,4.0,#,#,#,#,#,"-3.3993509338979555,2.814335879677551","-1.0600066102491519,1.442426198138648","-1.9024519677275147,3.2041098818930407",#,#,#,"-0.39819539938769455,1.708224925094857",#,1.0,0.03186345721177998,0.6428571428571429,1,34.73359885460201,7585,5609,0.3157894736842105,0.000554590509523976,54,84
#,#,#,1.0,0.0,0.0,#,5.0,#,"-1.7923276337449834,2.6633425132744484",#,#,#,#,"-1.9882194747716557,1.3621495707207512","-1.380766632471996,0.18045828575861667","-2.177365542419045,1.2168711625356619",#,#,1,0.04231439924197695,0.6666666666666666,1,23.0,6714,5612,0.42105263157894735,0.00036724042827947277,2,3
#,0.0,"3.92,14.563470902068715",#,#,#,1.0,5.0,1.0,#,#,#,"-3.9387395913255925,1.4147100315880419",#,"-0.5280281518487814,1.5232182025343248",#,"-1.5409461602400374,0.5804517803566542","-2.629083414178866,3.956281438639241",#,1,0.0070079337391972165,0.5294117647058824,1,33.7693519577088,7444,5612,0.47368421052631576,0.0005391944032899666,9,17
#,#,"-1.7800000000000002,5.78",#,#,#,#,#,0.0,#,#,"-3.3993509338979555,0.5351952916705176",#,#,"-2.627328336173115,1.2910301458959212","-0.6053363142855642,2.042821833669853",#,"-1.6212960790481676,1.1113573148751423",#,0,0.03782216413675418,0.6571428571428571,1,30.56656730711044,7544,5619,0.3157894736842105,0.0004880556203868073,69,105
3.0,#,#,#,#,2.0,#,1.0,1.0,"-7.304539903225074,3.1640677485445785","0.9344666919381348,2.377404283156984","-2.1095326431987846,3.579158175384394",#,"-2.5606051761308835,1.6817692835538858","-4.307537263005371,2.0038634400504116",#,"-0.7451794929412979,1.3055051829688376",#,"-1.0443173791730518,3.724615405036605",0,1.0,1.0,1,27.0,6733,5627,0.5789473684210527,0.00043110832884981585,1,1
#,0.0,#,#,1.0,#,1.0,#,#,#,#,#,#,#,"-1.71272837370093,1.7743904287503511","-0.7247632886568002,0.8364616295738124","-2.5292296847095272,0.22858763806617244",#,"-0.8651075351315747,1.4039089594034602",0.0,0.021465321838809365,0.6111111111111112,1,29.60220336472064,6990,5633,0.3684210526315789,0.00047265764529026336,11,18
#,#,#,#,#,0.0,1.0,5.0,1.0,#,#,"-1.0748044925343465,0.6465594811518607","-2.9146643987892884,0.21331800332183581","-1.5139645303281377,2.33559747938582",#,#,#,"-2.629083414178866,3.956281438639241","-0.7115363974572833,2.8711212254927716",0,0.0,0.0,1,23.2,5635,5635,0.47368421052631576,0.0003704338233079899,0,5
#,#,#,#,3.0,0.0,#,#,1.0,"-3.366894555084906,-0.2974328982492973",#,#,#,"-2.2762031580550213,0.0021090517756878757",#,#,#,"-0.7211762735019536,1.0422789552564156",#,0,0.004487102949207168,0.5,1,24.9792,7583,5635,0.3157894736842105,0.0003988422654816785,4,8
0.0,0.0,"-3.165257394256443,14.563470902068715",#,#,#,#,5.0,1.0,"-7.059056093081688,-0.5240732107865216","-1.5299366849544656,1.1403777383786482","-1.6599467427731316,1.2294856416287159","-0.24879582441707448,2.781094257946454","-2.3579294971648634,2.827194842449855","-2.374576479651111,3.178194295677873",#,"-2.922049396855064,-1.1542177796911541",#,#,1,1.0,1.0,1,29.0,7532,5642,0.631578947368421,0.0004630422791349874,2,2
#,#,#,0.0,#,#,0.0,#,0.0,#,"-3.822429655396337,4.137190418184775",#,"-2.5114323423902842,3.771533241559846",#,#,"-0.8163101134209829,1.141930305408049",#,"-4.880226319695853,1.1955349190804643",#,0,0.3529090646456946,0.875,1,39.16615458747978,7578,5644,0.3684210526315789,0.0006253650167289613,21,24
#,#,#,#,1.0,#,#,#,#,#,#,"-2.862763591271201,-0.711058624163442","-1.5492493421029345,3.771533241559846",#,"-2.3524194930940547,1.476573701754411","-1.8404067763404495,-0.029385871192939006",#,"-0.25843082937995,1.6202683789423258","-2.863667688517184,2.118009886696294",1,7.152608378187557e-05,0.29411764705882354,1,28.3276752068608,7574,5652,0.3684210526315789,0.00045230728587518967,5,17
#,0.0,#,2.0,#,#,0.0,2.0,0.0,"-5.747124650634525,-0.20229068989923293","-2.7571138854359223,4.137190418184775",#,"-2.5114323423902842,3.771533241559846",#,#,"-0.9538367157816308,1.481674156658125",#,#,"0.458980688682055,2.2503095001570825",0.0,0.20903963066113818,0.8181818181818182,1,47.9636224,7544,5663,0.5263157894736842,0.0007658339666091701,9,11
#,#,"5.726768863839159,17.36",#,2.0,4.0,#,#,1.0,#,"-0.6156207792817645,3.5567455071762257",#,#,"-2.408050002098679,2.2271369075569023",#,#,"-2.4090073876485905,2.6823476697834696","-2.878546778617518,1.4239183502471677",#,1,0.009436891853063059,0.55,1,22.696085743593063,7585,5673,0.42105263157894735,0.010568193085322738,11,20
#,#,"5.726768863839159,17.36",2.0,4.0,#,3.0,5.0,#,"-1.9908910726043656,4.818698465048423","-0.3612583349764371,2.4759507398149965","-2.658254936106593,1.7793410237897458",#,"-2.5437862165786975,2.2271369075569023","-1.8078399086794072,2.978401584881175",#,"-2.4090073876485905,2.6823476697834696","-2.878546778617518,1.4239183502471677","-2.126874313114682,1.3315493125160505",1.0,0.1754292063196716,0.8,1,32.8,6969,5692,0.6842105263157895,0.0005237167846768132,4,5
#,#,#,#,3.0,1.0,#,#,1.0,#,"-1.848189371912564,2.6135184649666305",#,#,"-2.130675367028589,0.7761367627554193",#,"-2.795586389199325,-1.0470144807810384",#,#,#,1,1.0,1.0,1,36.75,7439,5694,0.3157894736842105,0.0005867863364900271,4,4
2.0,#,"0.039999999999999813,3.96",#,#,#,#,#,1.0,#,#,"-1.334425098439771,1.6779618555110911",#,#,"-0.4205488672105937,4.434067504829425",#,#,"-2.7785029108010697,1.7936250292283829","-0.18362951022442808,2.3839417862231107",0,2.1350592031424553e-06,0.1875,1,27.008510464,7557,5696,0.3684210526315789,0.0004312442152169557,3,16
#,0.0,"0.3599999999999999,7.640000000000001",0.0,1.0,#,1.0,5.0,#,"-2.8402878409696877,0.625233384489871",#,"-2.7386393090612984,1.0114750621836524","-3.596893412394582,0.9109918320974961","-2.911083514818412,2.116915844807981","-3.160007831028403,1.215984391655557",#,#,"-1.159397437433005,1.9573123622548683",#,0.0,1.0,1.0,1,30.0,7467,5703,0.631578947368421,0.00047900925427757314,2,2
#,0.0,#,2.0,1.0,#,#,#,0.0,"-0.653429965999905,4.297314641799463","-1.4376686623867716,1.399540412404662",#,"-3.22857752464233,1.7966060265947414","-3.23970177662744,2.0323202590816307",#,#,#,"-2.2905465419082685,3.122430748245862","-0.8651075351315747,1.5549433797878836",0.0,0.10604198640626919,0.75,1,32.8592,7269,5709,0.5263157894736842,0.0005246620296052544,6,8
#,#,#,2.0,#,4.0,#,0.0,#,#,#,"-2.094665432197457,1.7793410237897458",#,"-2.5437862165786975,2.0323202590816307",#,"-2.1294701627908497,2.0546126180671926",#,"-0.5636583160194879,1.5427620084630635","-2.126874313114682,1.3315493125160505",1,0.06191055711381182,0.7,1,34.17416314314424,7597,5721,0.42105263157894735,0.0005456580134252549,14,20
#,#,"8.92,15.08",#,#,0.0,0.0,#,0.0,#,#,#,"-2.5114323423902842,3.771533241559846",#,#,"-0.8163101134209829,3.8157261006608065",#,#,#,0,0.10604198640626919,0.75,1,33.3104,7572,5724,0.3157894736842105,0.0005318663287895892,6,8
#,#,#,2.0,#,0.0,0.0,#,0.0,"-5.302034132395166,1.6962309115561405","-3.822429655396337,4.137190418184775","-4.562980056903928,0.047816301184126164",#,#,#,#,#,"-4.880226319695853,1.5837572347862372",#,0,0.08899203205142091,0.7333333333333333,1,42.20734824448,7554,5724,0.42105263157894735,0.0006739236802540734,11,15
4.0,#,"-1.71,14.563470902068715",#,#,#,1.0,5.0,1.0,"-2.1758130268288074,4.557199639778334","-2.221032018723146,0.44928240460996793","-0.6411967477764804,3.662213186439037",#,"-1.7776322771237394,3.0146796125201663","-2.2599772674800436,2.731388861518848","-0.4539927203791696,2.3061397230402423",#,"-1.7376765973268977,2.1335823773977918",#,1.0,0.014933135057530586,0.5833333333333334,1,28.945077759999997,7283,5732,0.631578947368421,0.00046216533709413223,7,12
#,#,"-0.8200000000000001,2.8200000000000003",#,#,#,1.0,#,0.0,"-4.442692402115076,1.6962309115561405",#,#,#,"-2.767572381700362,1.8300748081245524","-0.7356770901919629,1.2910301458959212",#,"-1.7584697186429132,2.6257526919235836",#,#,1,1.6794652488750152e-06,0.18181818181818182,1,29.6525056,6832,5756,0.3684210526315789,0.0004734608198305854,2,11
#,#,#,#,#,#,2.0,0.0,1.0,"-1.6893248979965243,3.5584643862708063",#,"-1.1617302444644042,1.358838431290399",#,#,"-1.2209700433623991,5.794666709528787","-0.8163101134209829,2.418661129165158",#,#,"-0.34904100561999407,1.3228658850900317",1,0.05679804999163894,0.6923076923076923,1,26.739030528000004,7588,5758,0.42105263157894735,0.0004269414357774182,9,13
#,#,#,2.0,4.0,#,#,#,1.0,#,"-3.4143395787544923,2.377404283156984","-3.3993509338979555,2.6735810794068864","-3.742321776632924,-0.6385319361629684","-2.5437862165786975,0.8750579622958101","-1.603301170011095,1.7728620366783456","-2.2444541828345015,2.4392205718573363",#,#,"-1.3373167169999105,0.6928559360051206",1,0.033524426526362214,0.6470588235294118,1,32.5903392497664,7057,5760,0.5263157894736842,0.0005203691366894576,11,17
#,0.0,#,2.0,#,#,4.0,0.0,#,#,#,#,#,"-1.233060881906994,1.732424258204031",#,"-2.5789468207340907,3.341113798846333",#,#,#,0,0.0,0.0,1,39.41792,5782,5782,0.3157894736842105,0.0006293849488124346,0,9
#,#,#,#,4.0,#,4.0,1.0,1.0,#,#,"-3.3993509338979555,2.0020542657866818",#,"-2.895941557423985,0.8750579622958101","-2.994041147835808,2.0656998596425207",#,#,"-1.5652614341356856,1.7936250292283829",#,1.0,0.14082285294353686,0.7777777777777778,1,44.201433333268476,7458,5787,0.42105263157894735,0.00070576318729896,14,18
#,#,#,0.0,4.0,1.0,#,#,1.0,"-3.0842709032653066,1.8070612069550394","-1.9511563135317602,0.5522634583430337","-0.7487636051636771,1.833282355365633",#,#,"-1.3199830506466612,3.241148346565823",#,#,"-1.5652614341356856,1.7936250292283829","-1.6756625944135306,2.32497175121403",1,0.0010823116037281745,0.4166666666666667,1,29.53748224,7437,5807,0.5263157894736842,0.0004716242447006487,5,12
3.0,0.0,#,#,#,#,#,3.0,#,#,#,"-2.311994990683543,2.0528922283064817",#,#,#,#,#,#,#,0,0.0003742872111217689,0.36363636363636365,1,27.0194688,7355,5815,0.21052631578947367,0.0004314191866954718,4,11
2.0,0.0,#,#,#,3.0,#,#,1.0,"-6.1080969690347215,2.6056887468118743",#,#,"-0.6616424516722748,2.9594456955426733",#,"-2.1848285816894646,0.8236660714057581",#,#,#,#,1,0.08899203205142091,0.7333333333333333,1,25.270782443519998,7595,5823,0.3684210526315789,0.00040349795510937674,11,15
2.0,0.0,#,#,#,3.0,#,3.0,1.0,"-6.1080969690347215,2.6056887468118743",#,#,"-0.6616424516722748,2.9594456955426733",#,"-2.1848285816894646,0.8236660714057581",#,#,#,#,1,0.004487102949207168,0.5,1,27.5,6741,5826,0.42105263157894735,0.00043909181642110874,1,2
2.0,0.0,#,#,#,3.0,#,#,#,"-6.1080969690347215,2.6056887468118743",#,#,"-0.6616424516722748,2.9594456955426733",#,#,"-1.8879339402731306,0.9847199092711969",#,#,#,1,0.027754642120682713,0.631578947368421,1,22.918441045327874,7595,5826,0.3157894736842105,0.00036593817847756764,12,19
#,#,"1.0799999999999996,8.92",#,#,#,4.0,#,1.0,"-0.8367709107990464,3.9270534833096575",#,#,#,"-2.985006945143179,4.93921538970364","-1.9387812622733236,-0.8645969829796858",#,#,#,#,1.0,0.20903963066113818,0.8181818181818182,1,31.372977666275933,7566,5827,0.3157894736842105,0.0005009315545463264,18,22
#,#,"6.13,17.9",#,#,3.0,#,#,#,#,#,#,#,"-2.5437862165786975,-0.17034259445190147",#,"-2.2444541828345015,3.341113798846333",#,"1.3062319035457937,1.611904892742986","-2.1576076765060974,2.9130627473264363",0.0,0.018602861511813194,0.6,1,26.8,7205,5831,0.3157894736842105,0.0004279149338212987,3,5
#,0.0,#,2.0,#,3.0,0.0,0.0,#,#,#,"-1.126088936080752,0.5337977528309477",#,"-1.0072035695652826,1.0354211702829397","-4.307537263005371,2.5751222534294897",#,#,"-1.1422243177869809,2.5013135407774327",#,0,0.05211571996209885,0.8333333333333333,1,22.5824,5832,5832,0.47368421052631576,0.0003605726194599289,0,0
#,#,#,#,#,#,#,3.0,#,#,"-0.4485144949292552,2.666783069939524","-1.1397901387674836,3.4095289345460635","-3.742321776632924,0.1862937460605283",#,"-1.870870253644457,1.7728620366783456",#,"-0.6496746217988899,1.8960029069171402",#,"-1.8308970190032396,-0.2784120490582159",1,0.002619708031007052,0.4666666666666667,1,26.8081301504,7579,5842,0.3684210526315789,0.000428044747730641,7,15
#,#,#,#,3.0,#,2.0,5.0,1.0,#,"-2.9384028814412733,2.0684366623083146","-2.2348856983910848,0.9004558251087923",#,"-1.4378229393086133,0.7761367627554193",#,#,#,"-2.1888000951426063,1.8532497167022894",#,1,0.018602861511813194,0.6,1,24.490751999999997,6448,5848,0.42105263157894735,0.00039104322840723273,6,10
#,#,#,#,3.0,#,2.0,#,1.0,"-3.7074518594053005,1.93639699348598","-4.88032380725728,2.0684366623083146",#,#,"-1.4378229393086133,-1.4073991795112168",#,#,#,#,#,1,0.1,1.0,1,19.0,5853,5853,0.3157894736842105,0.00030337252770912964,0,0
#,#,#,#,#,#,1.0,0.0,#,"-1.9908910726043656,0.625233384489871","-0.07348236764941496,4.015436593079415",#,"-4.537172484130673,-0.029287239638595697",#,#,#,"-3.3387142218969528,2.0604040794774043",#,"-2.863667688517184,1.236016495624511",0.0,0.00010169738465997736,0.3076923076923077,1,21.59393024,7540,5855,0.3684210526315789,0.0003447897473728112,4,13
#,#,"8.55,12.760000000000002",#,4.0,#,1.0,#,0.0,#,"-3.355680261115328,-0.10123455767809553",#,#,#,"-1.5683115005673751,1.4401831525278475",#,"-0.9712420041993473,2.6823476697834696",#,"-0.8941101797928548,1.434617275124681",1,0.0,0.0,1,37.0,5860,5860,0.42105263157894735,0.0005907780802756736,0,1
#,#,#,#,#,#,0.0,2.0,#,#,#,#,#,#,#,"-2.6050094983454213,2.4392205718573363","0.9026341171423635,3.0240320577390554",#,#,0.0,0.10604198640626919,0.75,1,43.94295808,7544,5862,0.21052631578947367,0.0007016361193550486,9,12
#,0.0,"5.73,14.27",#,#,4.0,#,#,#,#,"-3.4568798236945035,0.21480250838852788","0.5699437262711471,2.189633047078932","-1.7117693116241313,2.73837639469409","-0.8279709722990869,4.93921538970364",#,#,#,#,"-2.613229706141714,1.3276936791033465",1,0.018602861511813194,0.6,1,33.503838105599996,7585,5870,0.42105263157894735,0.0005349549502133332,9,15
4.0,#,#,0.0,#,3.0,#,#,1.0,#,"-1.9511563135317602,0.5522634583430337",#,#,"-2.408050002098679,4.93921538970364",#,#,#,#,#,1,0.004487102949207168,0.5,1,25.171091353599998,7283,5878,0.3157894736842105,0.0004019061899546868,7,14
#,0.0,#,#,0.0,#,#,#,0.0,#,"-6.044987925837651,2.666783069939524","-2.1095326431987846,2.6735810794068864",#,"-0.7841016100888392,3.7725228095725796",#,"-2.2444541828345015,3.341113798846333","0.383459545195179,0.6231963591649388","-1.6961805250166064,1.1684955528343908","-2.5635951487635955,1.377328236481465",0.0,0.1,1.0,1,30.333333333333332,5881,5881,0.5263157894736842,0.00048433157932510173,0,0
1.0,#,"-1.4299999999999997,5.78",0.0,0.0,#,#,#,0.0,"-2.749967570858641,1.778695827596135","0.3274586247824216,3.081220373844695",#,#,#,"-3.076761078344075,1.9829799291342538","-2.436471385085315,-0.7503484733962533",#,"-1.3115248608907224,0.3963835103113463",#,0.0,0.1,1.0,1,29.0,5881,5881,0.5263157894736842,0.0004630422791349874,0,0
#,#,"9.5,16.5",#,1.0,#,3.0,2.0,0.0,#,"-1.4376686623867716,2.269225122832329",#,"-3.22857752464233,1.9854928895439838","-1.878382188490024,1.1069924312881472",#,"-2.6050094983454213,2.3061397230402423","-1.2243758212538514,-0.17297412171735616",#,"-3.279076746720926,5.357126986969546",0,0.1,1.0,1,17.0,5894,5894,0.5789473684210527,0.00027143857742395813,0,0
#,#,#,#,#,#,4.0,5.0,#,#,#,#,#,"-2.408050002098679,2.0323202590816307",#,#,#,"-2.049290774237455,0.17099010832523442",#,1.0,0.1839478214151112,0.8048780487804879,1,36.808288037563585,7222,5897,0.21052631578947367,0.000587717020136915,33,41
#,#,"5.985596068164975,12.27",#,0.0,#,#,2.0,#,#,#,"-1.5604813241660187,2.189633047078932","-1.4321229229747283,0.41537102968595974",#,#,#,"-3.129759595593236,2.432349291520381","-2.1394776833878195,2.5961843653187464",#,0,0.01594037056682945,0.5882352941176471,1,31.466189601996803,7572,5904,0.3684210526315789,0.0005024198672069738,10,17
#,2.0,#,2.0,4.0,#,#,#,#,"-1.7892186085117217,4.818698465048423",#,"-2.658254936106593,1.7793410237897458",#,#,"-4.296612011680557,3.5547319844935235",#,#,#,"-2.126874313114682,1.3315493125160505",1.0,0.04524447831586054,0.6724137931034483,1,40.03810501264088,7487,5905,0.3684210526315789,0.0006392874274930757,39,58
#,#,#,#,2.0,#,3.0,#,1.0,#,"-6.044987925837651,2.377404283156984","-3.3993509338979555,3.676401320672384",#,"-1.8936737311977012,2.0344507685104185",#,#,#,"-1.5787817115376048,-0.15552473553588086",#,1.0,0.04231439924197695,0.6666666666666666,1,28.22656,7552,5914,0.3684210526315789,0.00045069278188070584,6,9
#,0.0,#,#,#,#,1.0,#,0.0,"-4.442692402115076,1.6962309115561405","-6.044987925837651,2.666783069939524",#,#,"-2.767572381700362,3.7725228095725796",#,"-2.2444541828345015,3.341113798846333","-2.3467607576704297,2.6257526919235836","-1.6961805250166064,1.1684955528343908","-2.5635951487635955,0.22277532176811943",0,0.2717094830870178,0.8461538461538461,1,26.203057664,7479,5917,0.5263157894736842,0.00041838357038082957,11,13
2.0,#,#,#,3.0,4.0,#,#,#,#,#,#,"-2.113536128649908,-0.04434290166993726",#,#,#,#,"-3.2856044967438733,1.4239183502471677",#,1,0.004487102949207168,0.5,1,43.0,7155,5920,0.2631578947368421,0.0006865799311311882,1,2
#,#,#,2.0,#,4.0,#,#,#,#,#,#,#,"0.9224547151928189,5.086266684883426",#,#,"-1.7584697186429132,1.3055051829688376","-3.098688886199664,0.30100308278047105","-0.7533241134205807,2.5904896679994707",1,0.002133551299546628,0.45454545454545453,1,23.745612799999996,7491,5920,0.3157894736842105,0.00037914560932306645,5,11
#,#,#,1.0,3.0,2.0,0.0,#,#,"-3.261292480966458,-0.2974328982492973","-3.822429655396337,4.137190418184775","-3.3993509338979555,0.5351952916705176",#,#,#,"-1.2486263472992154,2.43586445972503",#,"-7.208984516027854,1.5837572347862372",#,0,0.1,1.0,1,32.0,5927,5927,0.47368421052631576,0.0005109432045627447,0,0
#,0.0,#,#,#,#,#,3.0,#,"-1.7512782453932914,0.7240940585063929","-2.7571138854359223,5.826038702002273",#,#,#,"-4.307537263005371,2.5751222534294897",#,"-2.596900303243272,-0.5462156273331367",#,"-0.9737275148202698,1.7132657023922713",0,0.12919385342872036,0.7692307692307693,1,32.613581312,6905,5932,0.3684210526315789,0.0005207402421194038,10,13
#,0.0,#,#,#,#,#,3.0,#,"-1.7512782453932914,0.7240940585063929","-2.7571138854359223,2.666783069939524",#,#,"-2.186112158402457,0.3278875214107395","-4.307537263005371,2.5751222534294897",#,"-2.596900303243272,-0.5462156273331367",#,"-1.6604035592190305,2.3999417467910322",0,0.20903963066113818,0.8181818181818182,1,32.539711999999994,7137,5932,0.42105263157894735,0.0005195607726508998,9,11
#,#,#,#,4.0,#,4.0,#,1.0,"-3.5111767739813025,4.818698465048423",#,#,#,#,"-4.296612011680557,2.0656998596425207",#,"-3.248943114603514,1.6302721487688778",#,"-3.707698148961323,0.05409235513623467",1.0,0.15954171130068157,0.7903225806451613,1,46.04873919618027,7581,5936,0.3684210526315789,0.0007352590740928256,49,62
#,2.0,"2.7300000000000004,12.760000000000002",1.0,#,#,#,#,1.0,#,#,"0.18831004670402773,2.647401437684324",#,#,#,"-3.9391992270659246,1.2509453415462224",#,#,"-1.1472825586836264,2.9130627473264363",0,0.024233779734985663,0.6206896551724138,1,27.61883818829071,7377,5937,0.3684210526315789,0.0050079848155365975,18,29
#,#,#,#,4.0,0.0,4.0,#,1.0,"-3.5111767739813025,4.818698465048423",#,#,#,#,"-4.296612011680557,2.0656998596425207",#,"-3.248943114603514,1.6302721487688778",#,"-3.707698148961323,0.05409235513623467",0,2.013409287678367e-05,0.25,1,40.6352,7559,5942,0.42105263157894735,0.0006488212283140013,2,8
#,#,"2.7300000000000004,12.760000000000002",0.0,#,3.0,1.0,#,#,#,"-1.9511563135317602,0.5522634583430337",#,#,"-2.408050002098679,4.93921538970364",#,#,#,#,#,1,0.1754292063196716,0.8,1,22.6,7595,5953,0.3157894736842105,0.00036085363822243845,4,5
#,2.0,#,#,0.0,#,0.0,#,#,#,#,"-3.3993509338979555,2.6735810794068864","-2.443962614132908,1.6205240817206061",#,"-0.06939905996573037,3.4177197424855508","-1.600206515287191,1.8302286328817092","-2.2896988306258232,2.9430827561793502","-2.030040640066691,0.9872641490569644","-1.2343189735005289,2.9454482532745354",0.0,0.13384577796367964,0.7727272727272727,1,38.071840725880016,7551,5963,0.5263157894736842,0.0006078921345026108,17,22
#,2.0,"-3.165257394256443,14.185636570673985",#,#,#,0.0,1.0,#,"-2.999885565363666,0.6388593969640759",#,#,#,"-3.555782581976179,1.5507792676443766",#,#,"-3.2355243577779778,0.795131729355737","-2.2905465419082685,1.8111839586132379",#,0,0.20903963066113818,0.8181818181818182,2,36.7521408,7551,5963,0.42105263157894735,0.0011736410371808248,9,11
0.0,#,"6.59,15.41",2.0,0.0,#,#,#,#,#,"-1.1368007110601335,2.6183289467520576",#,#,#,"-4.162524940280253,2.5751222534294897",#,"-3.620019925526859,2.333990142206787",#,#,0.0,0.012714615176326013,0.5714285714285714,1,33.746514432,7183,5969,0.3684210526315789,0.000538829757084656,8,14
3.0,#,"-1.5,5.5",2.0,1.0,#,2.0,#,#,"-2.1980818498038786,2.8954560333450745","-0.5574799127414416,2.6135184649666305",#,#,"-1.5458792386863618,4.93921538970364",#,#,"-0.4141804623585763,2.9800562425961306","-2.629083414178866,3.122430748245862","-1.33644849191126,0.15632551765126268",1.0,0.04231439924197695,0.6666666666666666,1,18.333333333333332,7526,5970,0.5789473684210527,0.00029272787761407246,2,3
#,0.0,#,#,#,4.0,#,4.0,0.0,#,#,"-2.1095326431987846,2.6735810794068864",#,"-0.7841016100888392,1.8300748081245524",#,#,"-1.7584697186429132,0.6231963591649388",#,#,1,0.004487102949207168,0.5,1,20.16,7256,5973,0.3684210526315789,0.00032189421887452916,3,6
3.0,#,#,0.0,1.0,#,3.0,#,#,#,#,#,"-1.7695881121888486,-0.09288921050504118",#,#,"-2.6050094983454213,-0.9970175247833186",#,#,#,0,0.011926962555377634,0.7117647058823529,1,22.825024000000003,5975,5975,0.3157894736842105,0.0003644465908369237,0,0
#,#,"5.1,14.9",#,#,1.0,#,#,1.0,"-1.844443572625395,1.4230478685221886",#,#,"-2.9146643987892884,0.21331800332183581","-1.5939493950396364,1.3084706632915593",#,"-0.8128109275113944,1.0606589743653407","-3.620019925526859,2.309865067515707","-2.636049878723012,1.7612498609898495","-1.1472825586836264,2.9130627473264363",1,0.0006318866387587116,0.3888888888888889,1,23.7229131882496,7103,5977,0.5263157894736842,0.0003787831651865015,7,18
#,0.0,#,#,#,#,#,3.0,#,"-1.7512782453932914,0.7240940585063929",#,#,#,#,"-4.307537263005371,2.5751222534294897",#,"-2.596900303243272,-0.5462156273331367",#,"-1.3272569427387642,0.4043609083537623",1,3.6050262084198224e-08,0.1111111111111111,1,31.339199999999998,6322,5978,0.3157894736842105,0.000500392227388524,1,9
#,#,#,2.0,#,2.0,#,5.0,#,#,#,"-1.8578985134485406,1.707784003472888","-2.810896044200404,2.049637690989591","-0.14325097268478393,2.213623727140088",#,"-1.472602352948926,2.898827418096789",#,"-2.474527527134081,1.6813828427909532","-0.5610845449412448,1.2322512651117645",0,0.00018986906563260434,0.3333333333333333,1,35.10709248,7370,5982,0.47368421052631576,0.0005605540729566199,4,12
2.0,#,#,2.0,1.0,4.0,#,#,#,#,#,#,"-2.113536128649908,-0.04434290166993726","-2.408050002098679,2.2271369075569023",#,#,#,"-1.0240836484757976,1.4239183502471677",#,1,0.10604198640626919,0.75,1,25.0,7574,5999,0.3684210526315789,0.0003991743785646443,3,4
3.0,#,#,2.0,#,#,#,2.0,#,#,"-2.102064868764436,0.5800998284209706","-3.3993509338979555,-1.0377535416711012",#,#,#,#,#,"0.3231439471138253,1.8456418494170077",#,0.0,0.004487102949207168,0.5,1,39.0,7102,6001,0.3157894736842105,0.0006227120305608451,1,2
#,#,#,#,#,3.0,4.0,#,0.0,#,"-4.181330964964401,-1.594463867360447","-3.2453159001275522,0.6892303254409211",#,#,"1.5020174574087157,3.2113894193946377",#,#,#,"-2.120688389499481,1.5813911542155754",0.0,0.0,0.0,1,26.0,6004,6004,0.3684210526315789,0.00041514135370723007,0,1
1.0,#,"-1.08,5.08",#,#,#,#,#,#,"-1.939319381695189,4.10058903982004",#,"1.36167955431944,2.1382129289459826",#,#,"-2.0998209601616327,1.3189229638102111","0.799029322805759,3.047193205057841","-1.2373907291341706,1.320925854219001",#,#,1,2.013409287678367e-05,0.25,1,31.5,6724,6005,0.3684210526315789,0.0005029597169914519,1,4
#,#,#,#,4.0,4.0,#,#,#,#,#,#,#,#,#,"-2.5167023635668873,-0.39343647477325394",#,#,"-1.9209526643555082,0.168930949032024",1,0.022664375168380387,0.6153846153846154,1,30.233223680000002,7542,6012,0.21052631578947367,0.0004827331309787956,8,13
#,#,#,#,4.0,#,4.0,#,1.0,"-3.5111767739813025,5.138181162626725",#,#,"-1.7695881121888486,2.5744166585486647",#,"-4.296612011680557,2.0656998596425207",#,#,#,#,1,0.09746662076356662,0.7419354838709677,1,43.97826409992375,7596,6018,0.3157894736842105,0.0007021998496975548,69,93
#,#,#,0.0,2.0,3.0,0.0,#,#,#,#,#,#,#,"-4.307537263005371,2.5751222534294897",#,#,#,"-2.9729610576293704,2.224495403588921",0,0.004487102949207168,0.5,1,26.0,6376,6024,0.3157894736842105,0.00041514135370723007,1,2
#,#,"4.57,11.43",#,0.0,1.0,#,#,1.0,#,#,#,"0.5665403021736068,4.92662603045283",#,"-0.4205488672105937,2.5751222534294897",#,#,#,#,0,0.004487102949207168,0.5,1,33.5,7268,6025,0.3157894736842105,0.0005348936672766233,1,2
#,#,#,#,2.0,#,3.0,#,1.0,"-2.437530884392058,3.800407321435146",#,#,#,"-2.7103771489145654,2.33559747938582",#,#,#,"-2.7785029108010697,-0.15552473553588086","-1.8452859368790462,1.0805511218634984",1.0,0.025577855839070813,0.625,1,28.9024,7552,6028,0.3684210526315789,0.000461483902361071,5,8
#,#,#,1.0,3.0,#,4.0,5.0,#,"-1.9908910726043656,3.244399515922593",#,#,#,"-3.5699550554212727,2.3222316941409074","-2.280177876297233,2.2325641033456014",#,#,#,#,0,2.013409287678367e-05,0.25,1,29.75,7126,6036,0.3684210526315789,0.0004750175104919267,1,4
3.0,#,#,0.0,3.0,#,4.0,#,#,"1.553761755153015,5.138181162626725",#,#,#,#,#,#,#,"-1.8187117380096187,0.6985791842993946","-1.8403335696996233,0.4883938852179125",1.0,1.0,1.0,1,35.5,6917,6039,0.3684210526315789,0.0005668276175617949,2,2
1.0,#,"4.18,7.82",2.0,#,#,#,#,#,"-1.939319381695189,4.297314641799463","-0.3651259016942241,3.9741350362220853",#,"-2.651025795300263,2.7436565464689457","-2.9972747341877453,0.5380373155495626","-2.855114317799963,1.9995020542400552",#,#,"-2.243403430646136,-0.19391338520365364",#,0.0,0.004487102949207168,0.5,1,34.5,6858,6043,0.47368421052631576,0.0005508606424192091,2,4
#,#,"0.5899999999999999,9.41",#,3.0,3.0,4.0,#,#,#,"-3.694964258816175,1.812559239308372",#,#,"-2.1692664857495543,4.93921538970364",#,#,"-2.4334966847660437,1.9007355845581975","-1.8187117380096187,1.801584328903316",#,1.0,0.43963430522626185,0.9,1,37.91872,7533,6048,0.42105263157894735,0.00060544725967867,9,10
#,#,#,#,#,#,4.0,5.0,#,#,#,"-2.3991072035374885,0.8591888895114032",#,"-2.408050002098679,2.0323202590816307",#,#,#,"-2.049290774237455,0.17099010832523442","-3.99529377463801,-1.009745755512964",1.0,1.0,1.0,1,27.0,6975,6064,0.3157894736842105,0.00043110832884981585,3,3
#,2.0,#,2.0,4.0,#,#,#,#,"-2.22215963297243,2.926614759138913",#,"-2.658254936106593,1.7793410237897458",#,#,"-4.296612011680557,3.5547319844935235",#,"-2.4090073876485905,2.6823476697834696","-1.6516728246917576,1.5364228015521042",#,1.0,0.05781042054794336,0.6938775510204082,1,39.96573308329183,7487,6065,0.42105263157894735,0.0006381318666961385,34,49
3.0,#,#,2.0,2.0,3.0,#,5.0,#,#,"-0.7634523383780089,2.1572040621425845","0.7788501854089434,2.9920324372912095","-0.882393990695195,3.3349691298817716",#,#,"-2.954768657040632,0.9170691401712869",#,#,#,0.0,0.1,1.0,1,17.44,6067,6067,0.47368421052631576,0.00027846404648669586,0,0
#,#,#,#,2.0,0.0,0.0,#,#,#,#,"-2.8290312480310176,1.289946831860978","-1.782554017485801,3.433696169425935","-3.248551027975579,3.675376863259464",#,#,#,"-4.098948082141414,1.1955349190804643",#,0,0.014933135057530586,0.5833333333333334,1,32.68049664,7464,6074,0.3684210526315789,0.0005218086774982379,7,12
#,#,#,#,4.0,#,#,#,#,"-2.22215963297243,5.138181162626725","-3.227081319976278,3.4735098143412557","-2.658254936106593,3.079661076216632",#,"-2.903693834545159,2.517117975052047","-2.8013383577191946,-1.3752728308031579",#,"-2.4090073876485905,2.6823476697834696",#,#,1.0,0.04231439924197695,0.6666666666666666,1,30.11620569622905,7566,6075,0.3684210526315789,0.00048086470774068925,14,21
#,0.0,"0.27,5.73",#,#,#,3.0,0.0,1.0,#,"-3.2506469862450764,2.866247838822587",#,#,"-2.9220899055161644,0.6132221442211434","-4.307537263005371,2.5751222534294897",#,#,#,#,1,0.07247718577234585,0.7142857142857143,1,29.704,7379,6078,0.42105263157894735,0.00047428302963536777,5,7
#,#,#,#,#,4.0,4.0,2.0,0.0,#,"-1.6157258528642424,1.7221671763021498",#,#,#,#,#,#,"-4.098948082141414,1.1955349190804643","0.659650829003052,2.5106906008605803",0,0.004487102949207168,0.5,1,41.25,7213,6082,0.3684210526315789,0.000658637724631663,2,4
#,#,"2.7300000000000004,12.760000000000002",1.0,3.0,0.0,#,#,#,#,#,#,#,"-2.408050002098679,2.0323202590816307",#,#,"-3.830673043197404,-1.0728557204217042",#,#,1,0.0,0.0,1,18.0,6093,6093,0.3157894736842105,0.0002874055525665439,0,2
#,#,"6.59,15.41",1.0,3.0,#,2.0,#,1.0,"-3.366894555084906,-0.2974328982492973",#,#,#,#,#,#,#,"-0.7211762735019536,1.0422789552564156","-2.51953675069669,-1.026762741134167",0,9.901887244210124e-05,0.38888888888888884,1,20.8016,6111,6111,0.42105263157894735,0.0003321386301260122,0,0
2.0,#,#,#,#,#,0.0,#,#,"-3.5603536405535188,1.0933462907778877",#,#,#,#,"-4.307537263005371,2.5751222534294897",#,#,"-1.2098741830544972,1.2950580947085368",#,0,0.07497174924224592,0.717391304347826,2,36.758110884461274,7589,6117,0.2631578947368421,0.0011738316855612093,33,46
#,0.0,#,#,#,4.0,#,0.0,1.0,#,#,"-2.094665432197457,2.814335879677551","-1.0600066102491519,2.368553619931",#,#,#,#,#,#,1.0,0.021465321838809365,0.6111111111111112,1,38.46400353746944,7585,6123,0.3157894736842105,0.0006141537883671057,11,18
2.0,0.0,#,#,#,4.0,#,#,#,#,#,"-3.3993509338979555,3.676401320672384","-3.3287556311750133,1.442426198138648","-1.9024519677275147,3.2041098818930407","-1.9281305181215769,2.037612433685762",#,#,"-0.5636583160194879,1.708224925094857",#,1,0.0011744210075127586,0.42105263157894735,1,28.60917658481459,7585,6123,0.42105263157894735,0.0004568020113795815,8,19
3.0,2.0,#,0.0,#,#,#,#,#,"-1.939319381695189,0.6742857819458434",#,"-2.1151658601281227,1.880857650214858",#,"-2.5911618644632206,2.0323202590816307",#,#,"-2.4090073876485905,1.792460387420776","-2.9329978546059703,0.2550977716378917",#,1,3.5321079333407126e-06,0.2,1,29.28433371136,7453,6145,0.42105263157894735,0.00046758222843647164,3,15
#,#,"6.970000000000001,11.03",#,#,#,3.0,2.0,#,#,#,#,"-3.023495914092641,0.8931912655480176",#,"-1.03340568386944,3.410961417293957","-1.1609122843900874,3.4603134735725263",#,"-1.8179060212950153,1.597910721109122","-1.555340898544566,1.251074239432977",0.0,0.001348283049688907,0.42857142857142855,1,30.36,7472,6156,0.42105263157894735,0.00048475736532890406,3,7
#,2.0,#,#,4.0,#,#,#,#,"-2.22215963297243,2.926614759138913",#,#,#,"-2.5437862165786975,2.0323202590816307","-4.296612011680557,3.5547319844935235",#,"-2.4090073876485905,3.380035222590811",#,#,1,0.05042140117234821,0.6818181818181818,1,39.50434166101235,7596,6170,0.3157894736842105,0.0006307648413255997,75,110
#,#,#,#,4.0,#,2.0,#,0.0,#,"-2.7571138854359223,4.137190418184775",#,"-2.5114323423902842,3.771533241559846",#,#,"-1.1609122843900874,3.4603134735725263",#,"-2.523906461433217,0.8349800019308513",#,0,0.05679804999163894,0.6923076923076923,1,28.586545664,7500,6174,0.3684210526315789,0.00045644066402948105,9,13
2.0,#,#,#,#,#,2.0,#,#,"-3.8889201900929535,2.8954560333450745","0.614000199533522,2.6135184649666305",#,"-2.810896044200404,2.049637690989591","-1.6902516780925163,2.552122781592253",#,#,#,"-1.8608421287012205,3.122430748245862",#,0,0.002619708031007052,0.4666666666666667,1,20.081869496320003,7027,6189,0.3684210526315789,0.000320646711064393,7,15
#,2.0,#,#,2.0,#,3.0,#,#,#,"-6.044987925837651,2.377404283156984",#,"-2.881515334310137,0.29617426426624616",#,#,#,#,"-1.5787817115376048,3.956281438639241",#,1.0,0.002619708031007052,0.4666666666666667,1,29.23815002112,7594,6197,0.3157894736842105,0.00046684481460241667,7,15
#,2.0,#,1.0,4.0,#,#,#,#,#,#,#,#,#,#,#,"-0.7451794929412979,1.3055051829688376",#,#,1,0.018602861511813194,0.6,1,28.48097931264,7596,6198,0.21052631578947367,0.00045475508872142245,9,15
#,#,"-3.165257394256443,14.185636570673985",0.0,#,#,0.0,1.0,#,#,#,#,#,#,#,#,"-3.2355243577779778,0.795131729355737",#,#,0,0.43963430522626185,0.9,1,33.457856,7541,6207,0.2631578947368421,0.0005342207550762142,9,10
#,2.0,"2.7300000000000004,12.760000000000002",1.0,#,#,#,#,#,#,"1.0407191660802904,3.2937969607676054",#,#,"-2.408050002098679,2.0323202590816307",#,"-2.1986597974868163,0.4241980651406132",#,"-2.9249080352026966,1.174072055682268",#,1,0.000475821309943357,0.375,1,25.5216,6616,6210,0.3684210526315789,0.00040750275279901704,3,8
#,#,"-3.2699999999999996,5.27",2.0,1.0,1.0,#,#,0.0,"-2.7213865777949864,1.53625378491247","-4.680551016381874,1.4111037618467916","-0.20371992368245984,2.009462328199806",#,"-0.7013449783136896,3.383904501382755","-0.12721809896182346,3.701775095886642","-4.715960701665148,-0.2820819338902085","-2.571614978409441,-0.5916435671858616",#,"-1.0011236466876108,2.163557253584938",1.0,1.0,1.0,1,8.0,6211,6211,0.6842105263157895,0.00012773580114068618,1,1
#,#,#,2.0,4.0,1.0,#,#,#,#,"-2.1874177009070905,-0.10123455767809553",#,"-2.5490216947273785,2.032763307871128",#,#,#,#,"-1.6516728246917576,1.5364228015521042",#,1,0.05679804999163894,0.6923076923076923,1,40.689338368,7581,6213,0.3157894736842105,0.0006496856542901175,9,13
#,#,#,#,4.0,#,#,#,#,#,#,"-2.658254936106593,2.7912750422219137",#,"-2.903693834545159,2.517117975052047","-2.8013383577191946,-1.3752728308031579","-0.8898610894994641,3.341113798846333",#,"-2.9329978546059703,0.2550977716378917",#,1.0,0.010206444073780463,0.5555555555555556,1,31.303040000000003,7119,6219,0.3157894736842105,0.0004998148615673681,5,9
#,#,#,2.0,4.0,1.0,4.0,#,#,"-1.5649741745419126,4.771978923441279",#,"-2.1272241775061227,0.8236854916702318",#,#,#,"-0.7518250546157192,1.246542840719465",#,"-1.6516728246917576,2.642710770764916",#,1,1.0,1.0,2,38.8,7300,6220,0.42105263157894735,0.0012390372710646559,5,5
1.0,2.0,"-1.7800000000000002,5.78",#,#,#,#,#,0.0,#,#,"-6.4291048658777665,0.5351952916705176",#,#,"-3.076761078344075,1.9829799291342538",#,#,#,"-0.9729839371430121,2.9082284877195472",0,0.025577855839070813,0.625,1,33.103223406592,7554,6222,0.3684210526315789,0.000528558345272518,10,16
#,#,"5.73,17.36",#,0.0,#,#,#,#,#,#,#,"-1.7117693116241313,2.5744166585486647",#,#,#,#,"1.70577836169368,2.642710770764916","-1.5801342835474546,2.241367180932604",1,0.04231439924197695,0.6666666666666666,1,19.333333333333332,7063,6223,0.2631578947368421,0.00030869485275665824,2,3
2.0,#,"10.62,15.38",#,#,#,0.0,#,#,"-3.5603536405535188,-1.0076840419277986",#,#,#,#,"-4.307537263005371,2.5751222534294897",#,#,"-1.2098741830544972,1.2950580947085368",#,0,0.3529090646456946,0.875,1,30.961599999999997,7589,6227,0.3157894736842105,0.0004943630975746836,7,8
3.0,#,"-0.73,6.862423881064063",1.0,#,#,#,2.0,#,#,#,#,#,#,#,#,#,#,"-2.5635951487635955,1.718950779284742",0,1.0,1.0,1,27.240000000000002,7522,6235,0.2631578947368421,0.00043494040288403644,6,6
#,#,#,1.0,4.0,3.0,#,#,#,#,#,#,"-2.176358112448969,0.7057324537017046",#,#,#,#,#,#,0,0.001348283049688907,0.42857142857142855,1,27.448,7234,6248,0.21052631578947367,0.0004382615337136943,3,7
#,#,"5.5,12.5",1.0,4.0,#,#,#,#,"-0.874202404417675,3.7794975269137314",#,#,#,#,#,#,"-1.8086528097596104,2.7169961301799987","-0.08155246062299149,1.569425631539008",#,1,0.00018986906563260434,0.3333333333333333,1,28.84416,7596,6248,0.3157894736842105,0.0004605539857287668,3,9
4.0,#,#,#,#,4.0,#,#,#,#,#,#,#,#,#,#,"-3.4782645872759694,0.3402517057980763","1.3062319035457937,2.8698366379850477","-2.1576076765060974,2.9130627473264363",0,0.004487102949207168,0.5,1,23.5,6455,6250,0.2631578947368421,0.00037522391585076566,1,2
#,#,"3.5700000000000003,10.43",#,2.0,#,#,#,#,"-3.366894555084906,-0.2974328982492973","-3.822429655396337,4.137190418184775",#,#,"-3.23970177662744,3.675376863259464",#,#,"-2.596900303243272,-0.5462156273331367",#,#,0.0,0.002619708031007052,0.4666666666666667,1,28.92957218816,7387,6259,0.3157894736842105,0.0004619177600139914,7,15
#,#,#,1.0,1.0,#,#,#,1.0,#,#,#,"-2.8431985045934733,0.9256891588343302",#,#,"-4.164570934997725,1.2509453415462224","-3.620019925526859,4.4240260691297895","-1.3040946596078657,1.611904892742986","-1.0770039303284618,2.9130627473264363",1.0,0.0029431573824723026,0.47368421052631576,1,26.98574605778944,7369,6260,0.42105263157894735,0.000430880736508856,9,19
1.0,3.0,"-1.08,5.08",#,1.0,#,#,#,1.0,"-1.939319381695189,4.10058903982004",#,"0.4302898748962918,2.1382129289459826","-2.651025795300263,2.7436565464689457",#,#,"-2.542841500631198,1.766139273685293",#,"-1.8402584174709509,1.7463491620533935","-1.3540771503888056,1.750892789501242",0.0,0.1,1.0,1,17.0,6261,6261,0.5789473684210527,0.00027143857742395813,0,0
1.0,#,"-1.08,5.08",2.0,#,#,#,#,#,"-1.939319381695189,4.10058903982004",#,"0.4302898748962918,2.1382129289459826","-2.651025795300263,0.04325554688658517",#,#,#,#,#,#,0.0,5.705178725572668e-05,0.2857142857142857,1,28.68,7147,6262,0.3157894736842105,0.00045793284708935995,2,7
#,#,#,#,0.0,2.0,#,1.0,#,"0.1290457204162423,3.5945669458758007",#,#,#,#,"-0.4205488672105937,4.434067504829425","-2.752177682553277,1.36945610157554",#,#,"-2.8139627774492086,1.4255154097083556",0,1.0,1.0,1,22.0,6802,6282,0.3684210526315789,0.000351273453136887,1,1
#,#,"0.039999999999999813,3.96",#,0.0,#,#,#,1.0,"-0.228507458029924,2.9399690909616716","-0.9429853530430705,3.563170236331559",#,#,#,#,#,#,"-2.7785029108010697,4.137450580810468",#,0,0.00179050838320942,0.4444444444444444,1,23.13096799010816,7591,6282,0.3157894736842105,0.0003693315909220042,8,18
1.0,0.0,#,2.0,#,#,#,#,1.0,"-1.939319381695189,5.364859815023895",#,"-1.243037733651924,2.126007362374761",#,#,#,"-1.8914649602712903,3.1899884241788157","-1.2373907291341706,3.4223794563406393",#,#,0,0.0029431573824723026,0.47368421052631576,1,27.554298733133827,7462,6284,0.42105263157894735,0.00043995880294333043,9,19
#,#,#,#,#,3.0,#,#,0.0,#,#,"-0.8608038036889528,1.5982875872913431",#,#,"-4.162524940280253,2.5751222534294897",#,"-3.620019925526859,0.3402517057980763","-0.9444920576995727,1.1955349190804643","0.4665770493800028,2.317616821237531",0,1.0,1.0,1,26.0,6691,6286,0.3684210526315789,0.00041514135370723007,2,2
#,#,"8.1,14.185636570673985",#,3.0,#,#,#,0.0,#,"-2.3658727891633182,-0.1962423202051633",#,#,#,#,"-0.8898610894994641,2.4392205718573363",#,"-5.388635315621911,1.611904892742986",#,0,0.018602861511813194,0.6,1,23.550766755839998,7506,6286,0.3157894736842105,0.00037603450737933264,9,15
#,0.0,"6.59,15.41",#,0.0,1.0,#,#,#,"-3.366894555084906,-0.2974328982492973","-2.7571138854359223,2.666783069939524",#,#,#,#,#,#,#,#,0,0.10604198640626919,0.75,1,30.409599999999998,7468,6288,0.3157894736842105,0.00048554932729597623,6,8
0.0,#,#,#,0.0,#,#,2.0,0.0,#,"-3.822429655396337,4.137190418184775",#,#,#,#,"-1.1609122843900874,3.4603134735725263",#,#,#,1,3.969015935381499e-05,0.2727272727272727,1,32.081177600000004,7344,6293,0.3157894736842105,0.0005122393652840795,3,11
#,#,"-2.2,6.2",2.0,#,#,4.0,#,1.0,"-3.9212742800627693,4.818698465048423","-0.8800323671268708,2.95854461641448","-3.3993509338979555,1.7793410237897458",#,"-1.62768259126572,0.8750579622958101","-4.296612011680557,2.0656998596425207",#,"-1.3783277688733495,2.2987619948275833","-1.2662939971078677,0.38468409505413187",#,1.0,0.10604198640626919,0.75,1,39.639133114368,7473,6297,0.5789473684210527,0.0006329170531107624,12,16
1.0,#,#,0.0,#,#,#,#,#,"-5.86241686656086,3.472719167161265",#,"-3.8672948194623635,0.5590696843021683",#,"-2.5911618644632206,0.2510843867864563","-1.3083734245425611,1.3582468361554771",#,"-0.9420214653063734,1.792460387420776",#,"-1.0443173791730518,1.313589905179977",1,0.08341400127400735,0.7272727272727273,2,26.056588800000004,7538,6302,0.42105263157894735,0.0008320898113403578,8,11
#,#,"8.030000000000001,17.97",2.0,3.0,#,#,#,#,"-1.9908910726043656,5.138181162626725",#,"-1.4075204988980585,3.080321289640981","-1.7117693116241313,2.5744166585486647","-2.069716406457424,1.3084706632915593","-0.6335021092735118,1.7596186375067793",#,#,#,#,1,0.0294375571679647,0.6363636363636364,1,26.490959311969455,7477,6303,0.42105263157894735,0.00042298048883746735,14,22
#,#,"-2.9383587078952615,6.9",#,#,1.0,#,#,1.0,"-0.9911632772126762,1.7812537031549702","0.5599525254178985,4.648871486146729",#,#,#,#,#,#,#,"-0.9176511227045518,1.5304982529779856",1.0,0.008845386389190801,0.5454545454545454,1,28.55936,7444,6313,0.3157894736842105,0.00045600659120815845,6,11
4.0,2.0,#,#,0.0,#,0.0,#,#,#,#,"-3.3993509338979555,2.6735810794068864","-2.443962614132908,1.6205240817206061",#,"-0.06939905996573037,3.4177197424855508","-1.600206515287191,1.8302286328817092","-2.2896988306258232,2.9430827561793502","-2.030040640066691,0.9872641490569644","-1.2343189735005289,2.9454482532745354",1,0.0,0.0,1,34.0,6314,6314,0.5789473684210527,0.0005428771548479163,0,4
#,0.0,#,2.0,#,0.0,1.0,5.0,1.0,#,#,#,"-3.742321776632924,1.4147100315880419",#,#,#,"-2.4090073876485905,2.6823476697834696","-2.7785029108010697,3.956281438639241",#,1,0.004487102949207168,0.5,1,19.0,7033,6315,0.47368421052631576,0.00030337252770912964,1,2
#,0.0,#,2.0,#,#,0.0,2.0,#,#,#,"-2.9098855951468487,0.9017060608726095",#,#,#,#,"-5.941330077122311,0.8036523272569156",#,#,0,0.08341400127400735,0.7272727272727273,1,42.0319616,7408,6316,0.3157894736842105,0.0006711232860613197,8,11
#,#,#,#,#,#,#,2.0,#,"-3.261292480966458,-0.2974328982492973","-1.4376686623867716,4.137190418184775","-3.0907604949537477,0.9667403001637407","-1.6200943724425665,1.9854928895439838",#,#,"-2.6050094983454213,2.3061397230402423",#,"-2.069345570556581,-1.2568301353877416","-3.279076746720926,5.357126986969546",0.0,0.07900100355325049,0.7222222222222222,1,38.42710589587456,7572,6324,0.42105263157894735,0.0006135646446409403,13,18
#,#,#,0.0,3.0,#,4.0,#,#,#,"-3.694964258816175,-0.015089402343583691",#,#,#,#,#,#,"-1.8187117380096187,0.6985791842993946","-0.7757285413522013,3.165194843892859",1.0,0.43963430522626185,0.9,1,36.589888,7582,6326,0.3157894736842105,0.0005842298321659975,9,10
#,0.0,#,0.0,#,2.0,#,#,1.0,#,#,#,#,"0.5230043040934378,5.0796287237548565",#,"-0.7280054128722748,1.8948524497551544",#,#,#,0,0.004487102949207168,0.5,1,27.1328,7514,6327,0.3157894736842105,0.0004332287431487512,4,8
4.0,#,#,#,4.0,1.0,#,#,#,"-2.22215963297243,5.138181162626725","-3.227081319976278,3.4735098143412557","-2.658254936106593,3.079661076216632",#,"-2.903693834545159,2.517117975052047","-2.8013383577191946,-1.3752728308031579",#,"-2.4090073876485905,2.6823476697834696",#,#,1.0,0.01060419864062692,0.75,1,32.0,6328,6328,0.47368421052631576,0.0005109432045627447,0,0
#,#,#,0.0,2.0,#,#,0.0,1.0,"-3.390244302829104,5.138181162626725",#,#,#,#,"-2.2996584641840996,2.0079588800204236",#,#,#,#,1.0,0.004487102949207168,0.5,1,24.7024,7484,6331,0.3157894736842105,0.0003944226067622108,4,8
#,2.0,#,#,#,#,#,#,#,#,"-1.1368007110601335,2.6183289467520576",#,#,#,"-4.162524940280253,-1.9597084837769345",#,"-3.934136406742364,1.823354100221664",#,#,1,0.003475633258398248,0.6318681318681318,1,25.349254144,6335,6335,0.21052631578947367,0.0004047509108003374,0,0
#,#,"10.48,15.52",#,3.0,0.0,#,4.0,#,"-4.879643828027416,1.259279485643801",#,"-2.13488791243081,2.6735810794068864",#,#,#,#,"-0.4209529958030309,3.397563297271015",#,#,0,0.1,1.0,1,18.0,6337,6337,0.3684210526315789,0.0002874055525665439,0,0
3.0,2.0,#,#,1.0,#,#,#,#,#,"-0.31514114810310234,2.1882786237716916",#,#,#,#,"-2.6050094983454213,1.141930305408049",#,"-1.8608421287012205,0.9279624999470566",#,0,0.00018986906563260434,0.3333333333333333,1,23.86247168,7593,6338,0.3157894736842105,0.0003810114921552169,4,12
#,#,"9.030000000000001,18.97",#,3.0,#,#,2.0,#,#,#,#,"-0.16857572760537387,2.787414596651727","-2.7200454815462614,1.9151414281093198",#,#,"-1.7327191743739316,0.671531824968986",#,#,1,0.004487102949207168,0.5,1,29.0,7426,6342,0.3157894736842105,0.0004630422791349874,1,2
#,#,"8.1,11.870000000000001",0.0,3.0,#,3.0,#,#,"-4.492896469857173,2.3391310889059564",#,"-2.1095326431987846,2.6735810794068864",#,"-2.370092314288449,2.0323202590816307",#,#,"-3.4782645872759694,1.3055051829688376",#,"-2.5635951487635955,1.377328236481465",0,0.0,0.0,1,31.0,6348,6348,0.47368421052631576,0.0004949762294201589,0,1
#,0.0,#,#,#,1.0,3.0,#,#,"-5.86241686656086,3.5134568197601053","-2.6860090608866303,4.087497680784315","-2.7475985756185546,-0.22702989986375144",#,"-2.1057903130384155,0.2510843867864563",#,#,#,#,"-2.2690677177700778,1.313589905179977",1,0.001348283049688907,0.42857142857142855,1,28.28,6758,6351,0.42105263157894735,0.00045154605703232563,3,7
0.0,#,#,#,4.0,#,3.0,#,#,"-3.441864057775404,3.588193285299699",#,#,#,"-2.5437862165786975,2.0323202590816307",#,#,#,#,"-0.7137466124747385,2.988332931240318",1,0.06191055711381182,0.7,1,28.3968,7555,6355,0.3157894736842105,0.0004534109997289796,7,10
#,#,#,#,#,0.0,3.0,#,#,"-1.2174365030495524,1.9510400459420434",#,#,#,"-2.8835171514681206,-0.762329921625736","-5.273678214542018,3.5203668495741467",#,"-2.5336715261845484,2.6823476697834696",#,#,1,0.00179050838320942,0.4444444444444444,1,21.08512,7071,6355,0.3157894736842105,0.0003366655869184381,4,9
#,#,"-3.165257394256443,14.185636570673985",0.0,#,#,0.0,1.0,#,#,"-0.8498211580411246,1.48670396237535",#,#,#,#,#,"-3.2355243577779778,0.795131729355737",#,#,0,0.3529090646456946,0.875,2,34.9488,7541,6356,0.3157894736842105,0.0011160532417264033,7,8
#,0.0,"-2.9383587078952615,8.92",#,3.0,#,#,#,1.0,#,#,#,#,#,#,"-1.20436204213296,2.1678837812451635",#,"0.6814839973979087,2.1047409733996325",#,1.0,0.00010169738465997736,0.3076923076923077,1,35.519207424,7086,6358,0.3157894736842105,0.000567134302023356,4,13
#,#,#,#,#,#,4.0,#,1.0,#,"-1.2151249712717087,3.4735098143412557",#,#,"-2.5437862165786975,2.0323202590816307",#,#,#,#,"-2.126874313114682,1.3315493125160505",1.0,0.07832637674261862,0.7214285714285714,1,36.201935137694406,7597,6360,0.2631578947368421,0.0005780353984570691,101,140
#,2.0,#,#,2.0,#,3.0,#,#,#,"-6.044987925837651,2.377404283156984","-1.0065178619050072,1.3296189595262737",#,"-2.6465603525905106,1.1244391671292842",#,#,#,"-1.5787817115376048,3.956281438639241",#,1.0,0.008845386389190801,0.5454545454545454,1,28.7875584,7594,6361,0.3684210526315789,0.00045965022938853625,6,11
#,#,"6.13,14.185636570673985",2.0,#,#,2.0,#,1.0,#,#,"-2.197429786703801,1.2452981606686135",#,"-0.17034259445190147,0.2511586384084912",#,"-0.8898610894994641,3.341113798846333","-3.090847997853114,0.16196217772848032","-0.9444920576995727,1.611904892742986",#,0,0.0,0.0,1,33.0,6364,6364,0.47368421052631576,0.0005269101797053305,0,1
#,0.0,"3.92,18.97",#,3.0,#,#,2.0,#,#,#,#,"-3.9387395913255925,-0.3499520056942179",#,"-2.366800060489856,1.5232182025343248",#,#,"-2.629083414178866,3.956281438639241",#,1,0.004487102949207168,0.5,1,32.12,7114,6367,0.3684210526315789,0.0005128592415798549,3,6
#,#,#,#,0.0,#,2.0,#,#,#,"-3.822429655396337,4.137190418184775","-1.334425098439771,2.814335879677551",#,"-0.6817744089811819,1.5179753108553655",#,"-1.3243398635606771,3.1719879009434866",#,"-0.6191948312587556,2.579848272180339",#,1,0.012714615176326013,0.5714285714285714,1,21.7636534272,7501,6368,0.3684210526315789,0.00034749971328395407,8,14
#,#,#,2.0,#,3.0,0.0,#,0.0,"-2.999885565363666,1.4343928109160933","-1.4293118032905574,1.741686574417515","-3.3993509338979555,2.814335879677551",#,#,"-2.627328336173115,0.3238915332077188",#,#,#,"0.15514582553892675,1.9464746370139543",0,1.0,1.0,1,38.333333333333336,7459,6369,0.47368421052631576,0.000612067380465788,3,3
#,#,"-1.6600000000000001,3.66",#,#,#,#,2.0,#,#,#,#,"-3.023495914092641,0.8931912655480176","-1.2402366238297522,1.0380755860009572",#,#,#,#,"-3.279076746720926,2.9082284877195472",0.0,0.023322491635755345,0.6176470588235294,1,29.0564037671188,7544,6370,0.2631578947368421,0.005474515248810106,21,34
#,2.0,#,0.0,2.0,3.0,#,#,#,#,#,#,#,#,"-4.307537263005371,2.5751222534294897",#,#,"-2.3187993862509066,0.6985054028727485","-2.9729610576293704,2.224495403588921",0,0.004487102949207168,0.5,1,30.75,7429,6376,0.3684210526315789,0.0004909844856345125,2,4
#,#,"6.45,15.55",#,#,4.0,#,3.0,#,#,#,"-2.094665432197457,1.901358078145524","-2.104762190969873,3.771533241559846",#,"-2.3660379857192764,1.7728620366783456",#,#,#,"-1.331554800823028,1.4280591259562265",0,8.34729547533495e-05,0.3,1,29.678208,6783,6382,0.3684210526315789,0.00047387120941249023,3,10
#,#,#,0.0,#,#,4.0,#,1.0,#,"-3.3839610405590337,0.12955190428800728",#,#,#,#,#,#,#,#,1,0.11372585137898211,0.7567567567567568,1,36.34667670517635,7582,6393,0.21052631578947367,0.0005803464834671521,28,37
#,#,#,#,#,#,4.0,#,#,"0.0807265133734858,4.833441336860879",#,"-4.040883900530658,3.079661076216632","-0.8883233756317822,2.3632659810510286",#,"-0.6335021092735118,1.7728620366783456","-0.13907151543215535,3.2956233046751926","-5.941330077122311,1.9007355845581975",#,"-1.331554800823028,1.4280591259562265",1.0,0.06451203281324736,0.7037037037037037,1,33.44321541914228,7597,6393,0.42105263157894735,0.0005339869892855859,38,54
#,0.0,#,#,0.0,2.0,#,#,1.0,#,"-7.701003029539418,2.6212070960986242",#,#,#,#,"-2.752177682553277,1.36945610157554",#,#,#,0,0.025577855839070813,0.625,1,31.996584194047998,7589,6397,0.3157894736842105,0.0005108886644740172,10,16
#,#,"1.0799999999999996,8.92",#,1.0,2.0,2.0,#,1.0,#,#,"-0.40942207032067657,2.9103513075027228",#,"-2.985006945143179,2.2251202810334334","-2.1241696351515884,1.9711475113193928",#,"-2.228801083185532,2.367561121440634",#,"-0.19110321486784942,1.839069438137182",1,0.0,0.0,1,17.0,6398,6398,0.5263157894736842,0.00027143857742395813,0,1
#,0.0,#,#,#,3.0,#,5.0,#,#,"-3.2506469862450764,1.0140387229148735",#,"-1.782554017485801,3.3165292918576985","-3.23970177662744,0.5937003174362683",#,#,"-1.4260859606315401,3.1702762439946257","-1.8608421287012205,4.137450580810468",#,0,0.0002965365061017116,0.35294117647058826,1,24.337969246207997,7354,6400,0.42105263157894735,0.00038860374997522006,6,17
#,#,"-2.9699999999999998,6.97",#,3.0,4.0,3.0,#,#,"-0.6272997686476034,2.937236348967942","-2.2985965858688027,1.810643369148968",#,"-1.0600066102491519,3.771533241559846","-3.248551027975579,2.2135720016415448","-2.3891737767760346,1.4398194180724309","-1.8620671301567755,2.5141533232047313","-1.476299146444955,1.210804911644188",#,#,1.0,1.0,1.0,1,28.0,7082,6402,0.5789473684210527,0.00044707530399240163,1,1
#,#,"0.27,3.8200000000000003",2.0,#,#,#,5.0,#,#,#,#,#,#,"-0.6043224294530012,3.9084195501898336",#,#,"-1.8608421287012205,1.6813828427909532","-1.3445644255756002,1.8798274350794495",1,0.03077540642994988,0.64,1,29.962711385340462,7590,6406,0.3157894736842105,0.00047841386789420286,16,25
#,#,#,2.0,4.0,1.0,#,#,#,#,"-2.1874177009070905,-0.10123455767809553","-2.01439478664127,0.5061738891135329",#,#,#,#,#,#,#,1,0.004487102949207168,0.5,1,38.52416,7581,6411,0.2631578947368421,0.0006151143051089971,5,10
1.0,#,"-1.08,10.43",1.0,1.0,#,#,#,1.0,#,"-3.822429655396337,3.563170236331559","-3.6211556898175363,2.6735810794068864","-2.651025795300263,5.459222029148158",#,#,"-1.5453351771273993,1.4522166658753768",#,#,#,0,0.0,0.0,1,17.0,6413,6413,0.47368421052631576,0.00027143857742395813,0,2
#,#,"8.379999999999999,17.62",#,#,4.0,#,#,#,"-0.955843730909917,3.598841308265502",#,"-2.5891692636622494,-0.4374642965544904",#,#,"-1.6102809161855784,2.218712278662887",#,#,#,#,1,0.00012453793651390492,0.3157894736842105,1,26.082025278439424,7485,6414,0.2631578947368421,0.00041645104928913606,6,19
#,2.0,#,1.0,3.0,#,#,#,1.0,#,"1.0407191660802904,2.6135184649666305",#,#,"-2.408050002098679,0.7761367627554193",#,"-2.1986597974868163,0.4241980651406132",#,#,#,1,0.0,0.0,1,33.0,6419,6419,0.3684210526315789,0.0005269101797053305,0,1
#,2.0,#,#,4.0,#,#,#,1.0,"-3.0842709032653066,5.799280405766666","-3.227081319976278,-0.47331957091400456","0.4255635978613639,2.946132273616167",#,#,#,"-2.5167023635668873,1.5047586187804707","-0.5668612790877255,1.3423968674492972","-1.5652614341356856,1.7936250292283829","-2.3182842481786308,2.0406158597439354",1,0.001348283049688907,0.42857142857142855,1,39.952,7458,6421,0.5263157894736842,0.0006379125908965868,3,7
#,#,#,#,0.0,#,#,3.0,#,#,#,"-3.3993509338979555,2.814335879677551",#,"-3.6486741422485007,1.0354211702829397",#,#,"-1.4620806940370672,0.5178907171865121",#,"-2.9729610576293704,0.3111417634081801",0,0.04231439924197695,0.6666666666666666,1,28.4816,7376,6423,0.3157894736842105,0.00045476499922107093,6,9
#,#,"-1.6600000000000001,3.66",#,#,#,#,2.0,#,#,#,#,"-3.023495914092641,0.8931912655480176","-1.2402366238297522,1.0380755860009572",#,#,#,"-0.6328863906151125,1.5304642129075081","-3.279076746720926,2.9082284877195472",0.0,0.0070079337391972165,0.5294117647058824,1,37.9003248525312,7544,6425,0.3157894736842105,0.0006051535448162915,9,17
4.0,#,"-2.36,4.359999999999999",#,4.0,#,#,2.0,0.0,#,#,#,"-2.5114323423902842,6.853558220201281","-1.099346832789976,0.8647154170640838",#,#,#,#,#,0,0.004487102949207168,0.5,1,30.0,6690,6425,0.3684210526315789,0.00047900925427757314,1,2
#,#,#,#,#,4.0,#,0.0,#,#,#,"-2.094665432197457,3.676401320672384","-3.3287556311750133,2.368553619931","-2.860526098421384,1.6960983212400345","-2.8831811911977234,1.4928110314862368",#,#,"-0.5636583160194879,1.5427620084630635",#,1,0.03742317823580792,0.65625,1,31.58868533660778,7597,6428,0.3684210526315789,0.0005043757535565801,21,32
#,#,#,0.0,3.0,#,#,#,#,#,"2.7042047278853696,3.010724254356169",#,#,#,"-3.9767856004969917,1.4785453028267173","-1.8867084518613289,-1.8498272926014159",#,#,#,0,0.1,1.0,1,27.0,6432,6432,0.2631578947368421,0.00043110832884981585,0,0
#,#,"6.59,15.41",#,#,1.0,#,#,0.0,"-3.366894555084906,-0.2974328982492973","-2.7571138854359223,2.666783069939524",#,#,"-3.23970177662744,2.0323202590816307",#,"-0.8898610894994641,2.4392205718573363",#,#,#,0.0,0.3990343888868846,0.8888888888888888,1,30.843200000000003,7500,6433,0.3684210526315789,0.0004924726077178015,8,9
#,2.0,"-3.165257394256443,18.18",#,#,4.0,0.0,0.0,#,#,"-1.129998103855359,5.045104000102466",#,"-2.031163199056815,3.771533241559846",#,"1.1470174304448204,3.676887934183985",#,#,#,#,0,0.1,1.0,1,25.0,6434,6434,0.42105263157894735,0.0003991743785646443,0,0
0.0,2.0,"6.59,15.41",2.0,0.0,#,#,#,0.0,#,#,#,#,#,"-4.162524940280253,2.5751222534294897","-2.499754373589075,1.3720834236228443","-3.620019925526859,2.333990142206787",#,#,0.0,0.1,1.0,1,27.5,6435,6435,0.47368421052631576,0.00043909181642110874,0,0
4.0,#,#,#,#,#,#,4.0,0.0,#,"-3.822429655396337,4.137190418184775","-1.8578985134485406,1.707784003472888","-2.3104480372896323,2.049637690989591",#,#,"-1.239187121215056,1.3149639382760796",#,"-0.8502398597163484,0.8576685114857202",#,1,5.705178725572668e-05,0.2857142857142857,1,22.312,7550,6439,0.42105263157894735,0.0003562551493813738,2,7
4.0,#,#,#,1.0,2.0,#,4.0,0.0,#,#,#,#,#,#,"-2.619322855665064,0.6342827806616791",#,#,"-0.5610845449412448,2.305041553418799",0.0,0.004186104432666662,0.6383928571428572,1,21.296,6439,6439,0.3684210526315789,0.0003400327026365066,0,0
2.0,2.0,#,#,1.0,4.0,2.0,#,#,#,#,#,#,#,#,#,#,"-0.5636583160194879,1.4239183502471677","-2.1763493037221,2.063128883435464",1,1.0,1.0,1,11.0,6579,6442,0.3684210526315789,0.0001756367265684435,1,1
#,1.0,"-1.71,14.563470902068715",2.0,2.0,#,#,#,#,"-2.24582832705278,4.289154555242387",#,#,"-3.742321776632924,2.9594456955426733",#,#,#,#,"-2.7785029108010697,3.956281438639241",#,1.0,0.04231439924197695,0.6666666666666666,1,24.666666666666668,7491,6443,0.3684210526315789,0.00039385205351711574,2,3
#,#,"-1.6600000000000001,3.66",#,3.0,#,#,#,#,#,#,#,#,#,#,"-0.8898610894994641,2.4392205718573363",#,#,"0.4210613974968629,2.510945010884395",0.0,0.0029431573824723026,0.47368421052631576,1,27.29065630253056,7548,6444,0.21052631578947367,0.0004357492308073572,9,19
0.0,2.0,#,#,3.0,#,2.0,5.0,1.0,#,#,#,#,"-1.4378229393086133,2.0323202590816307","-0.6335021092735118,3.5547319844935235",#,"-2.4090073876485905,3.380035222590811","-2.1888000951426063,1.8532497167022894",#,1,0.027084230971862883,0.8452380952380952,1,24.895999999999997,6448,6448,0.5263157894736842,0.00039751381314981533,0,0
#,2.0,#,#,4.0,#,4.0,1.0,#,"-3.0842709032653066,2.926614759138913",#,#,#,"-2.5437862165786975,2.0323202590816307",#,#,#,"-1.5652614341356856,1.7936250292283829",#,1,0.30047963350765927,0.8571428571428571,1,45.384,7458,6450,0.3684210526315789,0.0007246451998711127,6,7
1.0,2.0,#,0.0,2.0,#,3.0,#,#,#,"-6.044987925837651,2.377404283156984",#,#,#,#,#,#,"-1.5787817115376048,3.956281438639241",#,1.0,1.0,1.0,1,18.0,7140,6461,0.3684210526315789,0.0002874055525665439,1,1
2.0,2.0,"8.379999999999999,12.814202364878305",#,#,4.0,#,#,#,#,#,"-4.312091202954415,-0.25459040783692677",#,#,"-4.162524940280253,2.0656998596425207",#,"-3.620019925526859,1.6302721487688778",#,"-3.707698148961323,0.05409235513623467",1,0.00013482830496889072,0.42857142857142855,1,25.848,6465,6465,0.42105263157894735,0.000412714373485557,0,0
#,#,"-1.6600000000000001,3.66",#,#,#,0.0,2.0,#,#,"-2.3799789151268964,-0.1269011204395818",#,#,#,"-4.307537263005371,2.5751222534294897",#,#,#,"-3.279076746720926,2.9082284877195472",0,0.3529090646456946,0.875,1,46.406400000000005,7554,6468,0.3157894736842105,0.0007409698352568925,7,8
#,#,#,#,#,0.0,#,3.0,#,"-3.2342188282090336,1.3204662109663858",#,"-3.6211556898175363,2.6735810794068864","-1.782554017485801,3.3165292918576985","-3.248551027975579,3.675376863259464","-2.799903155509714,1.7128388241331205",#,#,#,#,0,0.01124490288098738,0.5625,1,24.975370129408,7377,6469,0.3684210526315789,0.00039878111403313674,9,16
0.0,2.0,"-3.165257394256443,14.185636570673985",#,#,#,0.0,#,1.0,#,#,#,"-1.573002948915207,3.895579150960429",#,#,#,#,"-2.2905465419082685,1.8111839586132379",#,0,0.002619708031007052,0.4666666666666667,1,36.955991838719996,7591,6471,0.3684210526315789,0.0005900754030584448,7,15
0.0,2.0,#,#,#,#,0.0,#,#,"-3.5603536405535188,0.9637972172227769",#,"-0.8327623505440089,3.347693014122494","-0.6428659107982668,3.126021752629537",#,#,"-1.7584687169849975,2.175818076956146",#,"-0.7211762735019536,1.8111839586132379",#,0,0.002133551299546628,0.45454545454545453,1,41.3688832,6984,6471,0.42105263157894735,0.0006605359297309341,5,11
#,#,"-2.08,4.08",#,3.0,#,3.0,#,#,#,"-2.2985965858688027,1.9331217291267275","-3.3993509338979555,1.3943840519276067",#,"-2.883211442048153,1.6734129776132658","-2.3891737767760346,1.4398194180724309","-1.8620671301567755,2.5141533232047313","-1.1725619312297562,0.8074094799938231",#,"-0.02096627127582873,0.24495473961947933",1.0,1.0,1.0,1,24.5,7543,6475,0.5263157894736842,0.0003911908909933514,4,4
#,0.0,"12.25,15.75",1.0,4.0,#,#,#,#,"-0.874202404417675,2.8954560333450745",#,#,#,#,"-0.8264805029811554,1.7728620366783456",#,"-2.06096512699568,2.9275824296037554",#,#,1,0.0,0.0,1,39.0,6476,6476,0.3684210526315789,0.0006227120305608451,0,1
#,#,"-1.3801167898805382,8.969999999999999",#,#,1.0,#,#,1.0,"-3.0842709032653066,4.818698465048423",#,"-2.501588728556648,1.1870483579137954",#,"-0.24377104598738697,5.674883048950538",#,#,#,#,"-2.0291578473752687,-0.4766728774302448",1.0,0.002403375363511978,0.46153846153846156,1,27.976596992,7314,6490,0.3684210526315789,0.0004467016287454039,6,13
#,#,"9.25,12.75",0.0,#,#,4.0,#,1.0,"0.1461872982146244,7.47328931775769",#,"-4.040883900530658,3.079661076216632",#,#,#,"-0.13907151543215535,3.2956233046751926",#,#,#,1,0.04231439924197695,0.6666666666666666,1,28.72,7162,6492,0.3684210526315789,0.00045857152609506336,4,6
#,#,#,2.0,4.0,1.0,4.0,#,#,"-1.5649741745419126,4.771978923441279",#,#,#,#,#,"-0.7518250546157192,1.246542840719465",#,"-1.6516728246917576,2.642710770764916","-2.51551753823324,1.6045387281593229",1,1.0,1.0,1,46.0,6878,6493,0.42105263157894735,0.0007344808565589455,1,1
#,#,#,#,2.0,4.0,#,#,#,"-0.6433455129788843,4.307399094820484",#,"-2.895754325461138,-0.9899584974514093","-3.742321776632924,-0.6385319361629684","-2.7103771489145654,2.33559747938582",#,#,#,"-2.7785029108010697,1.5445080640788276",#,1.0,1.0,1.0,1,33.0,6587,6500,0.3684210526315789,0.0005269101797053305,1,1
3.0,#,#,#,#,#,4.0,#,#,"-0.04629149229884999,4.013319086096633","-1.2151249712717087,3.4735098143412557",#,"-1.7695881121888486,2.5744166585486647",#,"-2.8013383577191946,-0.3992210250901558",#,"-5.941330077122311,1.9007355845581975",#,#,1,0.08341400127400735,0.7272727272727273,1,33.856140800000006,7597,6500,0.3684210526315789,0.0005405801585774841,8,11
#,#,"-3.165257394256443,14.185636570673985",0.0,#,#,0.0,#,#,#,"-0.8498211580411246,1.48670396237535","-1.662611385546724,0.8579572902080793",#,#,"-2.5712958235475574,1.5995717636980924",#,"-3.2355243577779778,0.795131729355737",#,#,0,0.2617325746270806,0.8421052631578947,1,36.68081072337715,7571,6502,0.3684210526315789,0.0005856815930300566,16,19
3.0,#,"6.13,11.870000000000001",0.0,#,#,2.0,#,#,#,"-6.044987925837651,2.377404283156984","-2.1095326431987846,2.6735810794068864",#,"-2.5437862165786975,2.0323202590816307",#,"-2.2444541828345015,3.341113798846333","-0.7451794929412979,1.3055051829688376",#,"-2.5635951487635955,1.377328236481465",1,1.0,1.0,1,39.666666666666664,6713,6510,0.5263157894736842,0.0006333566806559023,3,3
3.0,#,"6.13,19.876711164981124",0.0,#,#,#,#,#,#,"-6.044987925837651,2.377404283156984",#,#,#,#,#,"-0.7451794929412979,0.24937104503317797",#,#,1.0,0.03186345721177998,0.6428571428571429,1,37.0836404224,7397,6512,0.2631578947368421,0.0005921135648210498,9,14
#,0.0,#,#,#,0.0,#,#,0.0,#,#,"-3.6211556898175363,2.6735810794068864",#,"-3.248551027975579,3.675376863259464",#,"0.12864221398000142,2.938847066795104",#,#,#,0,0.018602861511813194,0.6,1,38.362496,7544,6517,0.3157894736842105,0.0006125330200395462,6,10
4.0,0.0,"0.3599999999999999,7.640000000000001",#,1.0,#,1.0,2.0,#,"-2.8402878409696877,0.625233384489871",#,"-2.7386393090612984,1.0114750621836524","-3.596893412394582,0.9109918320974961",#,#,#,"-2.0963546241591744,2.075727992347653","-1.159397437433005,1.9573123622548683",#,0.0,0.03529090646456946,0.875,1,23.766399999999997,6518,6518,0.5789473684210527,0.00037947751802875046,0,0
#,2.0,#,#,#,#,2.0,0.0,#,"-1.6893248979965243,3.5584643862708063",#,#,"-3.3287556311750133,3.144073181230267",#,#,#,#,#,#,0,0.01124490288098738,0.5625,1,19.718802051072,7513,6519,0.2631578947368421,0.00031484962219103596,9,16
#,#,#,0.0,#,4.0,#,0.0,1.0,#,#,"-2.094665432197457,3.676401320672384",#,"-2.4237491701060234,2.1328752495553953","-1.2209700433623991,2.6337301161513995","-2.0303744842913707,1.903912309649773",#,"-0.5636583160194879,1.5427620084630635","-0.34904100561999407,1.3228658850900317",1,0.24120498592959838,0.8333333333333334,1,29.0,7531,6519,0.5263157894736842,0.0004630422791349874,5,6
0.0,#,#,#,#,2.0,4.0,#,#,"0.029633169381272362,2.7030352575929317","-0.6038285409972597,2.900959139627452",#,"-2.7332704363288025,0.9617174689925736",#,#,#,#,"-1.589139991479018,2.6237006574860846","-0.7757285413522013,3.165194843892859",1.0,1.0,1.0,1,30.5,7455,6521,0.42105263157894735,0.00048699274184886603,4,4
#,0.0,#,#,1.0,#,1.0,3.0,#,#,"-1.4376686623867716,1.399540412404662",#,#,#,"-1.71272837370093,1.7743904287503511","-0.7247632886568002,0.8364616295738124","-2.5292296847095272,0.22858763806617244",#,"-0.8651075351315747,1.4039089594034602",0.0,0.1,1.0,1,29.0,6525,6525,0.47368421052631576,0.0004630422791349874,0,0
#,0.0,#,#,#,#,4.0,#,1.0,"-1.738255402386989,3.7794975269137314","-3.177620169038686,2.6636926320025007",#,#,"-0.8279709722990869,1.3084706632915593",#,"-0.6082927504366544,3.1386470533168156",#,#,#,1,0.05271290362147447,0.6857142857142857,1,35.29885602797093,7509,6527,0.3684210526315789,0.0005636159567603258,24,35
#,#,#,#,4.0,#,4.0,#,1.0,"-3.5111767739813025,5.138181162626725",#,#,"-1.7695881121888486,2.5744166585486647",#,"-4.296612011680557,2.0656998596425207",#,"-2.699488748579909,1.6847336619865878",#,"-1.37012657222784,1.197444724219699",1,0.06451203281324736,0.7037037037037037,1,44.98292832739268,7596,6527,0.42105263157894735,0.0007182412984441962,38,54
#,0.0,"1.5,8.5",2.0,#,#,#,0.0,#,#,#,"-3.6211556898175363,2.6735810794068864","-1.782554017485801,3.3165292918576985",#,"-3.520751556342156,1.7128388241331205",#,#,#,"-0.8927551169225086,2.780937706276897",0,0.0002965365061017116,0.35294117647058826,1,33.5437147398144,7389,6533,0.42105263157894735,0.0005355916594406044,6,17
#,#,"-3.0740763029407594,11.690000000000001",#,#,#,4.0,#,0.0,"0.8574779654849018,4.297314641799463","-2.7644336920413854,-0.4279085716249107","-0.5728538522591444,1.3329419757505847","-1.104411026840141,2.5744166585486647","-1.4879209422107889,2.0323202590816307",#,#,#,"-2.049290774237455,1.1113573148751423",#,0,5.705178725572668e-05,0.2857142857142857,1,26.272,7429,6539,0.47368421052631576,0.0004194843709460134,2,7
0.0,2.0,#,#,3.0,1.0,0.0,#,#,"-3.5603536405535188,0.9637972172227769",#,"-0.8327623505440089,3.347693014122494","-0.6428659107982668,3.126021752629537",#,#,"-1.7584687169849975,2.175818076956146",#,"-0.7211762735019536,1.8111839586132379",#,0,0.00044871029492071687,0.5,1,27.5,6540,6540,0.5263157894736842,0.00043909181642110874,0,0
#,2.0,"9.219999999999999,16.78",2.0,3.0,#,#,#,1.0,#,"-0.4485144949292552,5.20960845465805","-0.3420224013307753,2.977750976492624",#,#,"-1.870870253644457,1.7728620366783456",#,#,"-3.3129572009958466,1.45695597638665","-0.7215354478138063,1.4280591259562265",0,3.5321079333407126e-06,0.2,1,25.0,6931,6540,0.5263157894736842,0.0003991743785646443,1,5
0.0,#,#,#,#,4.0,#,#,#,"-1.2174365030495524,1.9510400459420434",#,"-1.2555903639478987,1.1420237422578898","-3.3287556311750133,3.144073181230267","-2.2241472559748354,2.096789693704096",#,"-2.3723034860688172,0.9571152770511168",#,"-0.8463944456802207,2.341701180563641",#,1,0.04231439924197695,0.6666666666666666,1,31.2928,7491,6546,0.42105263157894735,0.0004996513597419081,6,9
0.0,#,"1.0799999999999996,8.92",#,#,3.0,#,#,0.0,"-3.0842709032653066,0.5005460118389036","-1.9997994062769364,2.1725668801810536",#,"-2.2255071639220088,2.9594456955426733","-2.985006945143179,4.93921538970364","-1.9387812622733236,1.8561733434389187",#,"-5.941330077122311,1.9007355845581975",#,#,1.0,0.00018986906563260434,0.3333333333333333,1,38.666666666666664,6976,6547,0.5263157894736842,0.0006173897055133165,1,3
#,#,"-1.7800000000000002,5.78",#,#,#,4.0,#,0.0,#,#,"-2.9098855951468487,0.5351952916705176",#,#,"-2.627328336173115,1.2910301458959212","-0.6053363142855642,2.042821833669853",#,#,#,0,3.3308579488585407e-05,0.26666666666666666,1,27.21951516672,7522,6548,0.3157894736842105,0.0004346133220602547,4,15
#,2.0,"-3.165257394256443,14.185636570673985",#,#,4.0,0.0,1.0,#,"-2.999885565363666,0.6388593969640759",#,#,#,"-3.555782581976179,1.5507792676443766","-2.9020037422325786,1.1321140880541969",#,"-3.2355243577779778,0.795131729355737","-2.2905465419082685,1.8111839586132379",#,0,1.0,1.0,1,33.5,7523,6550,0.5263157894736842,0.0005348936672766233,2,2
#,2.0,#,#,#,#,0.0,#,#,"-2.999885565363666,0.6388593969640759","-2.027774322401755,0.5590927752021985",#,#,#,"-4.307537263005371,2.5751222534294897","-0.7705797685507874,2.175818076956146",#,#,#,0,0.04661969501853287,0.675,1,38.92693511940012,7578,6556,0.3157894736842105,0.0006215454054285108,27,40
#,#,"-2.9699999999999998,6.97",#,3.0,3.0,#,#,#,#,#,#,#,"-2.1057903130384155,0.2510843867864563",#,#,#,#,#,1,0.0015835393047736396,0.4375,1,30.333421686784,7588,6559,0.21052631578947367,0.0004843329900624523,7,16
#,2.0,#,#,#,#,0.0,0.0,1.0,#,"-2.2645541132199796,1.5740228703213714","0.6817353922647009,2.8334403593724597",#,"-1.6049541715628326,1.5507792676443766","-2.5712958235475574,1.5995717636980924","-1.7584687169849975,2.175818076956146",#,"-2.2905465419082685,1.8111839586132379","-1.9663501715602738,0.8400649664172692",0,1.0,1.0,1,27.0,7333,6560,0.5789473684210527,0.00043110832884981585,2,2
3.0,0.0,"-1.83,7.83",2.0,3.0,#,#,#,1.0,#,"-2.4244281783874597,1.8310467619010158",#,#,"-3.248551027975579,3.675376863259464",#,#,#,#,"-0.3837431939956515,2.5107696248800435",1,0.004487102949207168,0.5,1,42.0,6732,6561,0.47368421052631576,0.0006706129559886024,1,2
#,#,#,0.0,4.0,0.0,4.0,#,1.0,"-3.5111767739813025,5.138181162626725",#,#,"-1.7695881121888486,2.5744166585486647","-2.240541240876894,-0.04079152104034667","-4.296612011680557,2.0656998596425207",#,"-2.699488748579909,1.6847336619865878",#,"-1.37012657222784,1.197444724219699",1,1.0,1.0,1,28.0,7346,6565,0.5789473684210527,0.00044707530399240163,1,1
0.0,#,#,#,#,4.0,2.0,#,#,"-3.456255583403762,2.48463794595548",#,#,#,#,#,"-2.752177682553277,2.5141533232047313",#,#,#,0,0.1754292063196716,0.8,1,20.8,7592,6573,0.2631578947368421,0.0003321130829657841,4,5
#,0.0,#,#,4.0,#,2.0,#,#,#,#,"-3.3993509338979555,2.6735810794068864","-1.782554017485801,3.3165292918576985","-3.248551027975579,3.675376863259464",#,#,"-5.941330077122311,0.8036523272569156","-1.6212960790481676,1.1113573148751423","-1.0455433322626342,2.780937706276897",0,0.06191055711381182,0.7,1,29.226368,7535,6574,0.47368421052631576,0.0004666566913640643,7,10
#,#,#,#,#,0.0,#,#,#,"-5.85829593202579,1.5678209796732627","-3.227081319976278,-0.47331957091400456",#,#,#,"-2.389378273568401,-0.4748816761441682",#,"-0.6898359865551589,1.7421868834109315","-1.4243873951155737,2.5607321376892536","-1.9209526643555082,2.7670820396621223",1,0.04231439924197695,0.6666666666666666,1,25.850129960959997,7452,6577,0.3684210526315789,0.00041274838251926,10,15
#,#,"0.8900000000000006,11.11",#,#,#,2.0,#,#,"-2.1980818498038786,2.8954560333450745","-0.5574799127414416,2.6135184649666305","-2.094665432197457,3.676401320672384",#,"-0.2064379793535862,3.4074365603778842","-1.0811478435898203,1.0384733892727231",#,"0.7186485638724268,2.557193445722893","-0.5636583160194879,3.122430748245862","-1.33644849191126,0.15632551765126268",0,0.0,0.0,1,24.333333333333332,6578,6578,0.5263157894736842,0.0003885297284695871,0,3
2.0,2.0,#,#,1.0,4.0,2.0,#,#,#,#,"-3.9513499714621596,2.2483611082801356",#,#,#,#,#,#,"-2.40146992397249,2.063128883435464",1,0.050543045994864234,0.78,1,28.867504075823252,6579,6579,0.3684210526315789,0.00046092672000716333,0,0
#,#,#,#,#,#,3.0,#,1.0,#,"-2.2985965858688027,2.6135184649666305","-3.3993509338979555,1.3943840519276067",#,"-2.883211442048153,1.6734129776132658","-2.3891737767760346,1.4398194180724309","-1.8620671301567755,2.5141533232047313",#,#,"-0.02096627127582873,0.24495473961947933",1.0,0.0294375571679647,0.6363636363636364,1,20.598208,7538,6581,0.42105263157894735,0.0003288910751178114,7,11
1.0,#,"-1.7800000000000002,5.78",#,#,#,#,#,0.0,"-2.7759892115792844,1.778695827596135",#,"-6.4291048658777665,0.5351952916705176","-1.6086546081586697,1.0517366836727207",#,"-3.076761078344075,1.9829799291342538",#,#,#,"-0.9729839371430121,2.9082284877195472",0,0.12919385342872036,0.7692307692307693,1,34.67920384,7554,6584,0.42105263157894735,0.000553721985677945,10,13
#,2.0,#,#,#,#,4.0,#,#,#,#,#,#,#,"-4.296612011680557,2.0656998596425207",#,"-5.941330077122311,1.9007355845581975","0.3085693301220884,1.45695597638665",#,1.0,0.08341400127400735,0.7272727272727273,2,38.78071260591122,7597,6586,0.2631578947368421,0.0012384213483806943,24,33
#,0.0,#,#,#,0.0,0.0,1.0,1.0,#,"-4.77035941442783,1.2378480380716754",#,#,#,#,"-1.3498532153647709,2.8342295654932714","-3.2355243577779778,3.4223794563406393",#,#,0,0.0,0.0,1,35.0,6588,6588,0.42105263157894735,0.000558844129990502,0,1
#,0.0,"0.039999999999999813,9.038478768686357",#,2.0,0.0,#,#,1.0,"-0.228507458029924,5.138181162626725",#,"0.8190582661873413,2.9092859485205924",#,#,#,"-3.2290269810821455,1.0175047965051212",#,#,#,0,1.0,1.0,1,19.5,7044,6589,0.42105263157894735,0.00031135601528042254,2,2
3.0,#,"5.73,17.36",#,0.0,#,#,#,#,#,#,#,"-1.7117693116241313,2.5744166585486647",#,#,#,#,"1.70577836169368,2.642710770764916","-1.5801342835474546,2.241367180932604",1,1.0,1.0,1,23.0,7063,6593,0.3157894736842105,0.00036724042827947277,1,1
#,2.0,#,#,2.0,#,3.0,#,#,#,"-6.044987925837651,2.377404283156984",#,#,#,#,#,#,"-1.5787817115376048,3.956281438639241",#,0,0.00179050838320942,0.4444444444444444,1,31.097371579514878,7421,6595,0.2631578947368421,0.0004965309590098673,8,18
2.0,#,#,#,2.0,#,3.0,#,#,#,"-6.044987925837651,2.377404283156984",#,#,"-1.8873977909875082,2.1192891987147737",#,#,#,"-1.5787817115376048,3.956281438639241",#,1.0,0.004487102949207168,0.5,1,25.919999999999998,7273,6595,0.3157894736842105,0.0004138639956958232,3,6
#,#,#,#,4.0,#,4.0,#,1.0,#,#,"-4.223190959385678,1.7793410237897458",#,"-2.408050002098679,2.0323202590816307",#,#,#,"-2.1058216164586856,0.17099010832523442",#,1.0,0.10604198640626919,0.75,1,39.72828974605264,7570,6598,0.3157894736842105,0.0006343406148326677,24,32
2.0,#,#,#,4.0,#,4.0,5.0,#,"-1.5649741745419126,4.818698465048423",#,#,#,#,#,#,#,"-2.049290774237455,0.7406923355447625","-2.126874313114682,1.3315493125160505",1.0,0.018602861511813194,0.6,1,39.2,7487,6598,0.3684210526315789,0.0006259054255893623,3,5
3.0,#,"5.985596068164975,12.27",1.0,#,#,1.0,#,1.0,#,#,"-0.3425390324918841,1.9321205041648892","-2.8008867173931025,0.968000946034701",#,"-4.517633022179837,3.5547319844935235","-3.3717556673272364,2.1290465575558297","-1.9368789332059368,1.740210830494996","-2.2905465419082685,1.8456418494170077",#,0,1.0,1.0,1,18.0,7188,6599,0.5789473684210527,0.0002874055525665439,1,1
4.0,1.0,"-3.165257394256443,14.185636570673985",#,#,#,#,#,#,#,#,#,"-5.132159237427689,-2.3978681874898706",#,#,#,"-3.2355243577779778,3.4223794563406393",#,"-2.600704931695029,0.2654211666650146",0,0.0010206444073780462,0.5555555555555556,1,25.15584,6600,6600,0.3157894736842105,0.0004016626719708649,0,0
1.0,#,#,2.0,#,#,#,0.0,#,"-1.939319381695189,5.364859815023895",#,#,#,#,#,"-2.5789468207340907,3.1899884241788157","-1.2373907291341706,3.4223794563406393",#,"-2.671050479738233,1.3295838658893282",0.0,0.004487102949207168,0.5,1,30.119999999999997,7513,6602,0.3684210526315789,0.0004809252912946834,3,6
#,0.0,"6.59,15.41",#,#,#,#,#,#,"-3.366894555084906,-0.2974328982492973","-2.7571138854359223,2.666783069939524",#,#,#,#,#,#,"-1.6961805250166064,1.1684955528343908","0.5042136019524296,2.0566985718974533",0,0.025577855839070813,0.625,1,32.815341022947365,7464,6605,0.3157894736842105,0.00563756471856123,15,24
#,#,"-3.165257394256443,7.7420600178143255",#,3.0,#,2.0,#,#,#,"-2.3658727891633182,-0.1962423202051633",#,#,#,#,"-0.8898610894994641,2.4392205718573363",#,"-1.2176545195103974,1.9704411067334644",#,0,0.004487102949207168,0.5,1,25.25,7425,6606,0.3157894736842105,0.00040316612235029076,2,4
0.0,#,#,#,3.0,#,#,#,#,#,#,"-1.5604813241660187,2.189633047078932","-1.7117693116241313,2.5744166585486647","-3.608616844704816,4.93921538970364","-0.6335021092735118,1.7596186375067793",#,#,"-1.2916805107855311,2.864229859139503","-0.9272283206140857,1.5209210550684518",1.0,0.007998463441452223,0.5384615384615384,1,29.004668928,7558,6616,0.42105263157894735,0.0004631168277923059,7,13
#,#,"-3.41,5.41",0.0,#,1.0,#,#,#,"-2.5354982467788716,0.7319931943687117","-2.920782340950239,3.003977785820106","-2.13488791243081,2.2483611082801356",#,#,#,#,"-0.4209529958030309,3.397563297271015",#,#,1,0.004487102949207168,0.5,1,26.76763392,7538,6619,0.3684210526315789,0.00042739814542647577,6,12
#,#,#,#,1.0,#,#,#,0.0,#,"-3.822429655396337,0.10284106952405203",#,"-2.179794429515219,3.3626874284668444","-3.248551027975579,3.675376863259464",#,#,#,#,#,0,0.11468941475437956,0.7575757575757576,1,34.80343066339844,7544,6630,0.2631578947368421,0.0005557055122791903,25,33
#,2.0,#,#,0.0,#,#,#,1.0,#,"-4.8645217391034965,2.6183289467520576","-1.6990332812008837,2.4199447986911116",#,#,"-4.162524940280253,2.5751222534294897","-2.633422665812279,0.2582192924672625",#,"-0.8101802417525337,0.6130767342491903",#,0,0.0027964065569803416,0.47058823529411764,2,34.806052785356805,7482,6631,0.42105263157894735,0.0011114947592706407,8,17
4.0,#,#,2.0,4.0,#,3.0,#,1.0,"-1.9908910726043656,4.771978923441279",#,#,#,"-2.5437862165786975,2.0323202590816307","-1.3485734008055563,2.7539193079606563",#,#,"-1.6516728246917576,1.5364228015521042",#,1.0,0.018602861511813194,0.6,1,32.8,7497,6632,0.47368421052631576,0.0005237167846768132,3,5
3.0,#,"6.13,19.876711164981124",0.0,#,#,#,#,0.0,#,"-6.044987925837651,2.377404283156984",#,#,#,#,#,"-0.7451794929412979,0.24937104503317797",#,#,1.0,0.004487102949207168,0.5,1,36.88,7061,6633,0.3157894736842105,0.0005888620432585633,3,6
#,#,#,#,#,3.0,4.0,5.0,#,"1.4545720670267726,4.028959263082444","-3.3839610405590337,3.4735098143412557",#,"-1.7190313718113392,2.5671545983614568",#,"-0.3673501303231377,1.7728620366783456",#,#,"0.3085693301220884,2.642710770764916",#,1,0.05362385928861729,0.8571428571428572,1,36.97511440465114,6635,6635,0.42105263157894735,0.0005903807325933298,0,0
#,#,"-3.165257394256443,14.185636570673985",#,3.0,1.0,#,0.0,#,#,#,#,#,#,#,#,"-1.015565869648499,0.8229790122019673",#,"-0.7757285413522013,1.9547596256637285",0,0.0,0.0,1,38.0,6636,6636,0.3157894736842105,0.0006067450554182593,0,1
#,#,#,#,2.0,#,3.0,#,#,#,"-6.044987925837651,2.377404283156984","-3.3993509338979555,3.676401320672384","-3.294243480964088,0.918042731102281","-1.8936737311977012,2.0344507685104185",#,#,#,"-1.5787817115376048,-0.15552473553588086",#,1.0,0.0003742872111217689,0.36363636363636365,1,24.226368,7505,6637,0.3684210526315789,0.0003868218156511354,4,11
#,#,#,0.0,3.0,4.0,4.0,#,1.0,"-1.9908910726043656,5.138181162626725",#,#,"-1.7117693116241313,2.5744166585486647",#,#,#,"-2.7789886274287614,2.3830796946898554",#,#,1.0,1.0,1.0,1,37.333333333333336,7155,6638,0.42105263157894735,0.0005961004053232022,3,3
3.0,#,"6.13,19.876711164981124",#,#,#,#,#,#,#,"-6.044987925837651,2.377404283156984","-1.5604813241660187,2.189633047078932",#,"-2.069716406457424,4.93921538970364","-0.6335021092735118,1.7596186375067793",#,"-0.7451794929412979,0.24937104503317797","-0.1076850266353544,3.535852831929059","-0.9272283206140857,1.5209210550684518",1.0,5.705178725572668e-05,0.2857142857142857,1,28.68,7494,6638,0.47368421052631576,0.00045793284708935995,2,7
#,#,#,#,3.0,#,4.0,5.0,#,#,#,#,"-2.7332704363288025,0.9617174689925736","-2.212373171439649,1.401501368291821",#,#,#,#,"-0.7757285413522013,3.165194843892859",1.0,0.018602861511813194,0.6,1,33.6,7311,6640,0.3157894736842105,0.000536490364790882,3,5
3.0,#,#,#,#,#,3.0,#,#,"-3.2848784933291864,1.7648810066261698",#,"-1.364454735284815,2.6735810794068864",#,"-3.248551027975579,3.7365120505586327","-0.698671916606419,3.745695184556978",#,#,"0.12444600576914933,1.8111839586132379",#,1.0,1.0,1.0,1,26.82112,7594,6647,0.3684210526315789,0.0004282521563363101,9,9
2.0,#,"6.59,15.41",#,#,#,#,#,1.0,"-3.0842709032653066,0.3516476688116721",#,"-2.094665432197457,1.716705096533715","-1.5492493421029345,3.771533241559846","-4.387702561227509,0.40460932841639674",#,"-1.7156481323722934,2.843128628861095","-0.4425676463710677,1.9007355845581975","-2.2967720455391887,-0.8735150695374648","-2.863667688517184,1.5549433797878836",1.0,1.0,1.0,1,17.0,7143,6649,0.5789473684210527,0.00027143857742395813,1,1
3.0,#,#,#,1.0,#,#,#,#,#,#,#,#,"-2.767572381700362,1.8300748081245524",#,"-2.6050094983454213,1.141930305408049",#,"-1.8608421287012205,0.9279624999470566",#,1,0.06379970438810621,0.7027027027027027,1,29.637554514432388,7562,6651,0.2631578947368421,0.00047322209621897265,26,37
3.0,#,#,1.0,1.0,#,#,#,#,"-4.442692402115076,1.6962309115561405","-4.709880818511073,1.0479846568009534",#,#,#,#,#,#,"-1.8608421287012205,0.9279624999470566",#,0,0.004487102949207168,0.5,1,30.880000000000003,7489,6651,0.3157894736842105,0.0004930601924030487,3,6
3.0,#,#,#,1.0,#,#,3.0,#,#,#,#,#,#,#,"-2.6050094983454213,1.141930305408049",#,"-1.8608421287012205,0.9279624999470566",#,1,0.025577855839070813,0.625,1,24.784,7361,6657,0.2631578947368421,0.0003957255119338458,5,8
#,#,#,#,#,0.0,3.0,#,#,#,#,"0.12860328310304392,2.6491719588578473",#,"-2.283315087669761,2.588756248810761","-5.273678214542018,3.5203668495741467",#,#,#,"-1.094194508166321,1.4136658278987175",1,0.004487102949207168,0.5,1,25.04304738648064,7351,6659,0.3157894736842105,0.000399861715114534,9,18
#,2.0,#,#,#,#,0.0,4.0,#,"-2.999885565363666,0.6388593969640759","-3.194859857231359,2.8967949209973067","-2.5153291584866246,1.726603490954386",#,#,"-4.307537263005371,2.5751222534294897",#,"-2.239575418139342,1.0132347574422522",#,#,1,0.004487102949207168,0.5,1,28.96,7452,6660,0.42105263157894735,0.00046240360012928395,3,6
#,0.0,"3.5700000000000003,10.43",#,2.0,#,#,#,#,"-0.6383372882380103,2.134079692129636",#,"-3.6211556898175363,2.6735810794068864","-2.391033066272732,1.7473533876872092","-3.23970177662744,3.675376863259464","-0.01505421778760252,2.1045670150749407",#,#,#,"-1.9706519782379777,1.4328727635645746",0,0.001348283049688907,0.42857142857142855,1,22.224,7309,6661,0.47368421052631576,0.0003548500555688262,3,7
#,#,#,#,4.0,4.0,3.0,#,1.0,#,"-2.2985965858688027,2.6135184649666305","-3.3993509338979555,1.3943840519276067","-1.5855113375810943,2.368553619931","-3.248551027975579,1.6734129776132658","-1.9281305181215769,1.4398194180724309","-1.8620671301567755,2.5141533232047313",#,#,#,1.0,3.5321079333407126e-06,0.2,1,26.8,7048,6666,0.5263157894736842,0.0004279149338212987,1,5
#,#,#,0.0,#,#,3.0,#,1.0,#,#,#,#,"-2.883211442048153,3.244926104596181","-2.3891737767760346,2.037612433685762",#,#,#,"-0.02096627127582873,0.24495473961947933",1.0,0.000475821309943357,0.375,1,20.534399999999998,7562,6666,0.3157894736842105,0.00032787225436791323,3,8
3.0,#,#,#,#,#,3.0,#,#,"-3.2848784933291864,1.7648810066261698",#,"-1.364454735284815,2.6735810794068864",#,"-3.248551027975579,3.7365120505586327","-0.698671916606419,3.745695184556978",#,#,"0.12444600576914933,1.8111839586132379",#,0,0.0,0.0,1,26.022399999999998,6672,6672,0.3684210526315789,0.00041549901395042393,0,8
#,#,"-3.165257394256443,14.185636570673985",#,#,#,3.0,1.0,#,#,#,"-2.13488791243081,3.289812344793523","-1.782554017485801,3.3165292918576985",#,#,#,#,"0.22755162313680466,2.6716648351713794","-2.344429521876337,1.9547596256637285",1,0.007998463441452223,0.5384615384615384,1,25.520838656000002,7594,6672,0.3684210526315789,0.00040749059643829414,7,13
1.0,0.0,"3.5700000000000003,10.43",2.0,#,#,#,#,#,"-1.939319381695189,5.364859815023895",#,"-3.6211556898175363,2.126007362374761","-1.902894515861917,2.7527902448430166",#,"-0.01505421778760252,2.1045670150749407",#,#,#,"-1.9706519782379777,1.4328727635645746",0,0.004487102949207168,0.5,1,31.5,7077,6673,0.47368421052631576,0.0005029597169914519,1,2
#,2.0,#,2.0,4.0,#,3.0,#,#,"-1.7892186085117217,4.818698465048423",#,"-2.658254936106593,1.7793410237897458",#,#,"-4.296612011680557,3.5547319844935235","-1.8817299468214723,2.4272508274950186",#,#,"-2.126874313114682,1.3315493125160505",1.0,0.012714615176326013,0.5714285714285714,1,31.872,7048,6674,0.47368421052631576,0.0005088994317444937,4,7
#,#,#,2.0,3.0,3.0,4.0,#,#,#,"-3.694964258816175,1.812559239308372",#,#,"-2.1692664857495543,4.93921538970364",#,#,"-2.4334966847660437,1.9007355845581975","-1.8187117380096187,1.801584328903316",#,1.0,0.04231439924197695,0.6666666666666666,1,36.666666666666664,7124,6676,0.42105263157894735,0.0005854557552281449,2,3
#,#,"-4.83,8.969999999999999",#,#,1.0,#,#,1.0,"-3.9438438854996756,3.3832581340433894",#,"-2.094665432197457,1.1870483579137954",#,#,"-1.6039877984302042,2.4301300318565713",#,#,#,"-2.0291578473752687,-0.4766728774302448",0,0.025577855839070813,0.625,1,35.836778357930726,7551,6677,0.3684210526315789,0.006156637444550409,15,24
#,#,"3.92,14.563470902068715",2.0,#,2.0,1.0,5.0,1.0,#,"-2.221032018723146,1.5846510745449762",#,"-3.9387395913255925,1.4147100315880419",#,"-2.2599772674800436,2.731388861518848","-0.4539927203791696,2.3061397230402423",#,"-1.7376765973268977,3.956281438639241",#,1,2.013409287678367e-05,0.25,1,26.25,6799,6679,0.5789473684210527,0.00041913309749287654,1,4
4.0,#,#,#,#,#,1.0,5.0,1.0,"-2.1758130268288074,4.557199639778334",#,#,#,"-1.7776322771237394,3.0146796125201663",#,"-0.8718847468315327,3.4370960274849582",#,"-2.629083414178866,2.1335823773977918",#,1.0,0.004487102949207168,0.5,1,28.52639488,7475,6679,0.42105263157894735,0.00045548023795654604,6,12
#,0.0,"0.3599999999999999,7.640000000000001",#,1.0,#,#,#,#,"-2.8402878409696877,0.625233384489871",#,#,"-3.596893412394582,0.9109918320974961",#,"-4.307537263005371,2.5751222534294897",#,#,#,#,0,0.051817930068119536,0.6842105263157895,1,39.65848062872781,7547,6681,0.3157894736842105,0.0006332259743916163,13,19
3.0,#,"6.13,19.876711164981124",0.0,4.0,#,4.0,#,#,#,"-6.044987925837651,2.377404283156984",#,#,#,#,#,"-0.7451794929412979,0.24937104503317797",#,#,1.0,0.1,1.0,1,29.5,6686,6686,0.3684210526315789,0.0004710257667062803,0,0
3.0,#,#,0.0,1.0,#,3.0,#,#,"-3.2848784933291864,4.899954596742768",#,"-1.364454735284815,2.6735810794068864",#,"-3.248551027975579,1.8300748081245524",#,#,#,"0.12444600576914933,0.9279624999470566",#,1,1.0,1.0,1,30.0,7562,6688,0.42105263157894735,0.00047900925427757314,1,1
#,0.0,#,2.0,#,#,1.0,2.0,0.0,#,#,#,#,"-2.993946942365395,2.583989847220135",#,#,#,"-5.3224790348431625,2.5607321376892536",#,0,1.0,1.0,2,39.8,7479,6690,0.3684210526315789,0.0012709712213498274,6,6
#,#,#,#,#,#,4.0,#,0.0,#,"-3.3839610405590337,1.1364304414089306","-1.8811183404829022,1.8689960307620486","-0.8548141607449221,1.8055771310864683","-0.1936132432615083,2.0323202590816307",#,#,"-5.941330077122311,4.031779724925357",#,"-1.6586902155408834,2.162811248939175",0,0.0011744210075127586,0.42105263157894735,1,29.637574291750912,7429,6691,0.42105263157894735,0.00047322241200292595,8,19
#,#,#,#,#,3.0,#,#,0.0,#,#,"-0.8608038036889528,1.5982875872913431",#,"-1.427543140081188,0.6150815997670342","-4.162524940280253,2.5751222534294897",#,"-3.620019925526859,0.3402517057980763","-0.9444920576995727,1.1955349190804643","0.4665770493800028,2.317616821237531",0,0.1,1.0,1,26.0,6691,6691,0.42105263157894735,0.00041514135370723007,0,0
#,#,#,#,4.0,#,4.0,#,1.0,"-3.0842709032653066,3.7794975269137314",#,#,#,"-2.408050002098679,2.7486965746194976","-2.5136958187019203,0.973422983749361",#,#,"-1.5652614341356856,1.7936250292283829",#,1.0,0.07900100355325049,0.7222222222222222,1,42.32261949755235,7596,6692,0.3684210526315789,0.0006757642134865344,39,54
#,#,#,1.0,4.0,#,#,5.0,#,"-0.874202404417675,5.799280405766666","-3.301357148179542,2.790297630049124",#,#,"-1.2363277284727998,1.6704844013112086",#,"-2.0548341947853266,1.5047586187804707",#,#,#,1,0.04231439924197695,0.6666666666666666,1,38.666666666666664,7507,6692,0.3684210526315789,0.0006173897055133165,2,3
3.0,0.0,#,#,#,0.0,#,5.0,1.0,#,"-2.071683787340416,3.102050407867491","-3.6211556898175363,2.6735810794068864","-1.782554017485801,3.3165292918576985","-3.248551027975579,3.675376863259464","-2.799903155509714,2.9742833531708324",#,"-1.8054594937570634,2.2251965933766518","-1.6961805250166064,1.9573123622548683","-2.6962321809288397,0.1101829570487034",0.0,0.00018986906563260434,0.3333333333333333,1,29.48,7331,6693,0.6842105263157895,0.00047070642720342855,2,6
#,0.0,"-2.9383587078952615,6.9",#,#,4.0,#,#,#,#,"-2.7571138854359223,3.9784684745175385","-3.3993509338979555,2.0137727789322994","-3.0216640200707903,1.442426198138648","-1.9024519677275147,3.2041098818930407",#,#,#,"-1.2332947308557713,1.708224925094857","-1.3518831865894847,0.5588675456505444",1.0,0.01651434060463075,0.5909090909090909,1,30.334516218549766,7507,6694,0.47368421052631576,0.008071506289158627,13,22
#,0.0,#,#,2.0,#,#,3.0,1.0,#,#,"-3.6211556898175363,3.289812344793523","-4.438782006337112,3.771533241559846","-3.248551027975579,3.675376863259464",#,#,#,#,"-1.1561915208767695,0.515715369833256",0.0,0.0007871689090540713,0.4,1,22.8,6905,6703,0.42105263157894735,0.00036404703325095564,2,5
#,#,#,#,#,#,4.0,#,#,#,"-3.3839610405590337,0.12955190428800728",#,#,#,"-0.6335021092735118,1.7728620366783456",#,"-5.941330077122311,1.9007355845581975","-3.427797703055525,-1.150586541452766","-1.331554800823028,1.4280591259562265",1.0,0.04231439924197695,0.6666666666666666,1,31.28,7342,6704,0.3157894736842105,0.000499446982460083,4,6
#,2.0,#,#,4.0,#,4.0,#,1.0,"-3.0842709032653066,2.926614759138913",#,"-3.3993509338979555,1.7793410237897458",#,#,"-4.296612011680557,2.0656998596425207",#,#,"-1.6516728246917576,1.7936250292283829",#,1.0,0.14082285294353686,0.7777777777777778,1,42.57621996707195,7596,6708,0.42105263157894735,0.0006798134458795019,21,27
#,#,#,2.0,#,#,2.0,#,#,"-3.8889201900929535,2.8954560333450745","0.614000199533522,2.6135184649666305","-3.4379543723798505,-1.655113113919136","-2.810896044200404,2.049637690989591","-1.6902516780925163,2.552122781592253",#,"0.08827726209636944,2.6486861279945746","-2.2981493320515445,0.4596679907241552","-1.8608421287012205,3.122430748245862","-1.8742447802664701,0.693326516181069",0,1.0,1.0,1,9.0,6940,6710,0.5789473684210527,0.00014370277628327196,1,1
#,2.0,#,#,#,#,#,2.0,#,"-4.210953925879235,2.6210736328838946",#,#,"-0.8548141607449221,1.8055771310864683",#,#,#,"-5.941330077122311,4.031779724925357",#,"-1.6586902155408834,2.162811248939175",0,0.05948908980159884,0.6964285714285714,1,30.653777991506267,7578,6710,0.3157894736842105,0.0004894481112167234,39,56
3.0,#,"6.13,19.876711164981124",0.0,#,0.0,2.0,#,1.0,"-3.0842709032653066,4.818698465048423","-6.044987925837651,2.377404283156984","-2.501588728556648,3.676401320672384",#,#,#,#,"-2.929843103037216,0.24937104503317797",#,#,1.0,0.0,0.0,1,17.0,6713,6713,0.5263157894736842,0.00027143857742395813,0,1
#,0.0,#,1.0,0.0,0.0,#,#,1.0,"-1.7923276337449834,2.6633425132744484",#,#,#,#,"-1.9882194747716557,1.3621495707207512","-1.380766632471996,0.18045828575861667","-2.177365542419045,1.2168711625356619",#,#,1,0.1,1.0,1,24.5,6714,6714,0.47368421052631576,0.0003911908909933514,0,0
2.0,2.0,#,2.0,#,#,3.0,#,#,"-1.7892186085117217,4.818698465048423",#,"-2.658254936106593,1.7793410237897458",#,"-2.7203448136695885,-0.20634513385639197","-4.296612011680557,3.5547319844935235","-1.8817299468214723,2.4272508274950186",#,#,"-2.126874313114682,1.3315493125160505",1.0,0.0,0.0,1,19.5,6715,6715,0.5263157894736842,0.00031135601528042254,0,2
#,#,#,#,#,0.0,3.0,#,#,#,#,"0.12860328310304392,2.6491719588578473",#,"-2.283315087669761,2.588756248810761","-5.273678214542018,3.5203668495741467","-0.5946311461380877,2.4029206968646886",#,#,"-1.094194508166321,1.4136658278987175",1,0.04231439924197695,0.6666666666666666,1,27.838079999999998,7351,6716,0.3684210526315789,0.0004444899313773141,6,9
#,#,"4.34,9.66",#,#,#,3.0,#,1.0,#,"-2.2985965858688027,2.6135184649666305","-3.3993509338979555,1.3943840519276067",#,"-2.883211442048153,1.6734129776132658","-2.3891737767760346,1.4398194180724309","-1.8620671301567755,2.5141533232047313",#,#,"-0.02096627127582873,0.24495473961947933",1.0,0.004487102949207168,0.5,1,18.0,7538,6716,0.47368421052631576,0.0002874055525665439,2,4
3.0,#,#,0.0,#,#,#,#,1.0,"-3.0842709032653066,4.818698465048423","0.5270609641480908,1.812559239308372","-2.501588728556648,3.676401320672384",#,#,#,"-4.164570934997725,2.5141533232047313","-2.929843103037216,0.9593864547233861",#,#,1,0.10604198640626919,0.75,1,30.5,7501,6717,0.42105263157894735,0.00048699274184886603,3,4
#,0.0,"0.27,5.25",#,0.0,4.0,#,0.0,1.0,"-4.879643828027416,4.818698465048423","-3.2506469862450764,2.866247838822587","-2.13488791243081,3.676401320672384",#,"-2.9220899055161644,0.6132221442211434","-4.307537263005371,2.5751222534294897",#,#,"-2.036111131528819,1.7212872851157324","-2.0291578473752687,2.136482900693735",1,0.1,1.0,1,41.5,6719,6719,0.6842105263157895,0.0006626294684173096,0,0
#,#,#,#,#,#,0.0,#,#,#,#,"-4.562980056903928,0.047816301184126164","-3.4162245972239207,1.8306582283324324",#,"1.4122200326581318,5.651462498383219",#,"-5.941330077122311,4.031779724925357","-4.880226319695853,1.5837572347862372",#,0,0.00018986906563260434,0.3333333333333333,1,30.16,7280,6722,0.3157894736842105,0.00048156397030038687,2,6
#,#,#,2.0,#,0.0,0.0,2.0,0.0,"-5.302034132395166,1.6962309115561405","-3.822429655396337,4.137190418184775",#,"-0.8548141607449221,1.8055771310864683",#,#,#,#,#,"-1.6586902155408834,2.162811248939175",1,0.018602861511813194,0.6,1,44.0,7238,6722,0.47368421052631576,0.000702546906273774,3,5
#,#,#,#,#,#,#,2.0,#,#,#,#,"-3.023495914092641,1.8055771310864683",#,#,#,"-5.941330077122311,4.031779724925357","-2.519351593803922,1.1811165438005602","-1.6586902155408834,2.162811248939175",0,0.02751340648195398,0.6308724832214765,1,33.54638673289149,7578,6730,0.2631578947368421,0.005357721550284663,94,149
#,#,"-1.83,17.97",2.0,#,#,3.0,#,1.0,#,"-2.4244281783874597,1.8310467619010158",#,#,#,#,#,#,#,"-0.3837431939956515,2.9714743492864444",1,0.03742317823580792,0.65625,1,28.905483784016006,7594,6732,0.3157894736842105,0.00046153314106379967,21,32
3.0,0.0,#,2.0,4.0,2.0,#,1.0,#,#,"0.9344666919381348,2.377404283156984","-2.1095326431987846,2.6735810794068864",#,"-3.248551027975579,1.6817692835538858",#,#,"-5.941330077122311,1.3055051829688376",#,#,0,0.1,1.0,1,27.0,6733,6733,0.5263157894736842,0.00043110832884981585,0,0
2.0,#,"1.0799999999999996,8.92",#,#,#,4.0,#,1.0,"-3.0842709032653066,3.9270534833096575",#,"-1.0969719061179775,1.730983193509363",#,"-2.408050002098679,4.93921538970364","-2.5136958187019203,1.1090303280965497",#,#,#,#,1.0,0.24120498592959838,0.8333333333333334,1,32.72,7564,6735,0.42105263157894735,0.0005224394266654064,5,6
2.0,#,"5.73,12.760000000000002",0.0,#,#,4.0,#,1.0,#,#,#,"-3.2273113191483196,1.2805739253437585",#,"-2.2619802966011586,1.635387776726744",#,"-0.7761360126562242,2.6888139569850393","-4.225922948167388,2.6716648351713794","-4.122628716470361,0.2959823518347071",1,0.01754292063196716,0.8,1,24.403136,6735,6735,0.5263157894736842,0.00038964426591314,0,0
#,#,"-2.9383587078952615,6.9",#,#,1.0,#,3.0,1.0,#,"-0.4485144949292552,4.648871486146729",#,#,#,"-1.870870253644457,1.7728620366783456",#,#,#,#,1,0.10604198640626919,0.75,1,30.75,7538,6737,0.3157894736842105,0.0004909844856345125,3,4
#,#,#,2.0,#,1.0,#,#,1.0,#,"0.5599525254178985,2.666783069939524","-1.1397901387674836,4.2819365037719646","-3.742321776632924,0.1862937460605283",#,#,#,"-0.6496746217988899,1.8960029069171402",#,"-1.8308970190032396,1.5304982529779856",1.0,0.004487102949207168,0.5,1,22.5,6983,6737,0.42105263157894735,0.0003592569407081799,2,4
1.0,0.0,"3.36,10.64",#,#,0.0,#,#,0.0,#,#,#,"-2.9146643987892884,0.21331800332183581",#,"-2.627328336173115,1.2910301458959212",#,#,"-2.315538060745185,0.7017667283784701",#,1,0.0,0.0,1,35.0,6743,6743,0.42105263157894735,0.000558844129990502,0,1
#,#,"8.030000000000001,17.97",2.0,3.0,#,#,#,#,#,#,"-1.5604813241660187,2.189633047078932","-1.7117693116241313,2.5744166585486647","-2.069716406457424,1.3084706632915593","-0.6335021092735118,1.7596186375067793",#,#,#,"-1.2082928774886201,2.9714743492864444",1,0.01124490288098738,0.5625,1,26.74991409152,7477,6744,0.42105263157894735,0.00042711521336560474,9,16
1.0,0.0,"2.87,11.129999999999999",#,#,#,1.0,#,#,#,#,#,"-1.5492493421029345,3.771533241559846","-1.5587558401355754,3.4692435194908176","-1.71272837370093,1.7743904287503511",#,"-1.4034826990797018,0.5057754474573211",#,#,0.0,0.10604198640626919,0.75,1,30.3488,7508,6753,0.42105263157894735,0.00048457853520730707,6,8
#,#,"-1.71,14.563470902068715",#,#,#,1.0,5.0,1.0,"-2.1758130268288074,4.557199639778334",#,"-0.6411967477764804,3.662213186439037",#,"-1.7776322771237394,3.0146796125201663",#,"-0.4539927203791696,2.3061397230402423",#,"-1.7376765973268977,2.1335823773977918",#,1.0,0.03077540642994988,0.64,1,32.818940173240584,7503,6756,0.47368421052631576,0.000524019201952142,16,25
4.0,#,"-1.71,14.563470902068715",#,#,#,1.0,5.0,1.0,"-2.1758130268288074,4.557199639778334","-2.221032018723146,0.44928240460996793",#,#,#,"-2.2599772674800436,2.731388861518848","-0.4539927203791696,2.3061397230402423",#,"-1.7376765973268977,2.1335823773977918",#,1.0,0.012714615176326013,0.5714285714285714,1,29.336,7319,6756,0.5263157894736842,0.0004684071827828962,4,7
0.0,#,#,#,#,3.0,1.0,5.0,1.0,"-2.1758130268288074,1.0300049034314969",#,"-0.6411967477764804,3.662213186439037",#,#,"-2.079175018896368,-0.09630354299269828","-0.4539927203791696,2.3061397230402423",#,"-1.7376765973268977,0.2176888632177979",#,1.0,0.1,1.0,1,26.0,6760,6760,0.5263157894736842,0.00041514135370723007,0,0
#,#,#,#,1.0,2.0,0.0,5.0,#,"-5.383453864457106,0.6564545570581228",#,#,#,#,"-4.307537263005371,2.5751222534294897",#,#,"-2.420325581813593,0.9954911605905444","-0.973659602796686,0.8773801690608423",0,0.04231439924197695,0.6666666666666666,1,39.0,7075,6764,0.42105263157894735,0.0006227120305608451,2,3
#,#,#,0.0,#,#,2.0,#,1.0,#,#,#,"-4.110745460359766,0.027640993600175356",#,#,"-2.323265796843711,1.0489800265344122",#,"-2.670657003321297,0.9279624999470566",#,1,0.00011477047236989045,0.3125,1,21.775072235520003,7588,6769,0.3157894736842105,0.0003476820371125575,5,16
#,2.0,#,#,#,4.0,#,#,#,#,#,"-1.2555903639478987,2.814335879677551","-3.3287556311750133,3.144073181230267",#,"-2.3891737767760346,-1.5603711502338875",#,#,"-0.8463944456802207,2.341701180563641",#,1,0.004487102949207168,0.5,1,13.5,7122,6771,0.3157894736842105,0.00021555416442490792,1,2
#,#,"3.5700000000000003,10.43",#,4.0,#,#,3.0,#,#,"-3.822429655396337,3.563170236331559","-3.6211556898175363,2.6735810794068864",#,#,#,#,"-1.9935265267164894,2.6028356779096766",#,#,0,0.0,0.0,1,31.057599999999997,6772,6772,0.3157894736842105,0.0004958959271883719,0,8
#,#,#,#,#,#,0.0,#,0.0,"-2.999885565363666,0.6388593969640759",#,"-2.6453699017249366,0.7358807608729703",#,#,#,#,#,"-2.2905465419082685,1.8111839586132379","-1.6586902155408834,2.162811248939175",0,0.18300474930520993,0.8043478260869565,2,41.48323189996812,7578,6773,0.3157894736842105,0.001324723465161824,37,46
3.0,#,#,#,0.0,#,#,#,1.0,"-0.7523914349850125,1.7229808689146717",#,#,#,"-2.767572381700362,3.7365120505586327",#,"-2.6050094983454213,1.141930305408049",#,#,#,1.0,0.004487102949207168,0.5,1,25.48,7501,6774,0.3157894736842105,0.00040683852663308547,3,6
#,0.0,"5.41,10.59",2.0,#,#,4.0,#,1.0,#,#,#,"-3.6297613474718013,0.730324380807422",#,#,#,"-1.4362565323796814,2.947965878186815",#,"-2.9327336056135582,0.1125253738939882",1.0,0.04231439924197695,0.6666666666666666,1,37.519999999999996,7310,6776,0.42105263157894735,0.0005990809073498181,4,6
3.0,#,#,0.0,#,#,#,#,#,#,"-2.275679204463678,1.7297924305359924",#,#,"-2.767572381700362,3.7365120505586327","0.07413303246742875,1.7835049944533508",#,#,"-1.8608421287012205,1.8111839586132379",#,1.0,0.10604198640626919,0.75,1,25.763512389632,7456,6777,0.3157894736842105,0.0004113653619109547,12,16
#,3.0,#,2.0,#,#,#,5.0,1.0,#,"-1.8314940277193061,1.4284899753596316",#,"-0.6933638035712999,1.5236289396215255","-2.5198620040158315,1.9597710571418223","-2.1784224991202312,1.1719465463721757","-1.8620671301567755,1.4313778198824372",#,"-2.629083414178866,2.403848414634575","-1.7356008339262925,1.0111033436687495",1.0,0.04231439924197695,0.6666666666666666,1,32.666666666666664,7382,6779,0.5789473684210527,0.0005215878546578019,2,3
0.0,#,#,#,#,2.0,4.0,5.0,#,"0.029633169381272362,2.7030352575929317","-0.6038285409972597,-0.3550885495157998",#,"-2.7332704363288025,0.9617174689925736",#,#,#,#,"-1.589139991479018,2.6237006574860846","-0.7757285413522013,3.165194843892859",0,0.1,1.0,1,29.5,6779,6779,0.47368421052631576,0.0004710257667062803,0,0
#,#,"3.69,15.41",1.0,#,#,#,3.0,#,"-1.904757927133039,2.337751445958664",#,#,"-1.782554017485801,2.4261411176739527","-3.073066849955667,2.7405574096123497",#,"-1.552801612680248,0.9886191444827422","-3.620019925526859,2.333990142206787","-5.388635315621911,1.611904892742986",#,0.0,0.04231439924197695,0.6666666666666666,1,20.333333333333332,7267,6781,0.47368421052631576,0.000324661827899244,2,3
#,#,"9.29,16.71",#,1.0,#,1.0,#,#,"-2.315948485372742,4.234165386538178","-3.5187116244479233,3.563170236331559","-3.6211556898175363,3.289812344793523","-0.6776487227960031,3.3165292918576985","-6.405907908174081,3.675376863259464","-0.9616563916669829,1.5682141120721815",#,#,"-3.5264059007108384,-0.05365887926663193",#,0,0.004487102949207168,0.5,1,33.5,6840,6782,0.5263157894736842,0.0005348936672766233,2,4
#,#,#,#,#,#,0.0,#,0.0,#,#,"-2.6453699017249366,0.7358807608729703",#,#,#,#,#,"-2.2905465419082685,1.8111839586132379","-1.6586902155408834,2.162811248939175",0,0.18300474930520993,0.8043478260869565,1,41.481266238468116,7578,6786,0.2631578947368421,0.0006623303469126028,37,46
#,#,#,1.0,#,0.0,0.0,#,0.0,"-5.302034132395166,0.6388593969640759",#,#,#,#,"-4.027890737260479,1.2910301458959212","-0.7736866957860975,1.8491711668413318",#,"-4.880226319695853,1.8111839586132379",#,0,0.004487102949207168,0.5,1,31.0,7572,6786,0.42105263157894735,0.0004949762294201589,1,2
3.0,#,"2.7300000000000004,12.760000000000002",0.0,1.0,3.0,1.0,#,1.0,#,"-3.8317179783503823,1.6758055197741648",#,"-4.058448355014663,0.8189356800095531",#,#,#,"0.3127738894504031,2.3634585653605384",#,"-2.4942150534760885,-0.046065677793551085",1,0.1,1.0,1,24.0,6787,6787,0.5789473684210527,0.00038320740342205856,0,0
#,#,#,0.0,#,#,1.0,3.0,#,"-3.0523496088087168,3.4826332734864502",#,"-1.7387654202703589,0.3514622620628923",#,"-2.408050002098679,4.93921538970364","-2.722257440119802,2.2007338103996537",#,#,"-1.2184871708276677,1.9696084554161941",#,1.0,0.00018986906563260434,0.3333333333333333,1,18.0,7448,6787,0.42105263157894735,0.0002874055525665439,1,3
#,#,#,#,#,#,#,2.0,0.0,#,#,"-2.6453699017249366,0.7358807608729703",#,#,#,#,"-5.941330077122311,4.031779724925357","-2.519351593803922,1.1811165438005602",#,0,0.03285593127220643,0.6453900709219859,1,33.70912373368018,7578,6789,0.2631578947368421,0.0005382327407340195,91,141
0.0,#,#,#,1.0,0.0,#,2.0,#,"-2.315948485372742,4.234165386538178",#,"-3.6211556898175363,3.289812344793523","-0.6776487227960031,3.3165292918576985",#,"-0.9616563916669829,1.5682141120721815","-2.4367175144050472,0.623283325326953",#,"-3.5264059007108384,1.4497506606618518","-0.9221568600985051,3.3770322874415606",0,0.055302099320313464,0.875,1,30.75,6797,6797,0.5789473684210527,0.0004909844856345125,0,0
#,#,"9.29,16.71",#,1.0,0.0,1.0,#,0.0,#,"-3.5187116244479233,3.563170236331559",#,#,"-6.405907908174081,3.675376863259464",#,"-2.4991665111342725,0.6857323220561777",#,"-2.6492294302231127,-0.05365887926663193",#,0,0.0,0.0,1,51.0,6797,6797,0.47368421052631576,0.0008143157322718743,0,1
#,2.0,#,1.0,#,3.0,#,#,1.0,#,#,#,#,#,#,"-3.9391992270659246,1.2509453415462224",#,#,"-1.1472825586836264,2.9130627473264363",1,0.0007871689090540713,0.4,1,26.8,7411,6801,0.3157894736842105,0.0004279149338212987,2,5
#,#,#,#,0.0,#,#,3.0,#,#,#,"-3.3993509338979555,2.814335879677551","-2.281969969670696,1.6347172099699632","-3.6486741422485007,1.0354211702829397",#,#,"-1.4620806940370672,0.5178907171865121",#,"-2.9729610576293704,0.3111417634081801",0,0.0007871689090540713,0.4,1,24.2,7376,6808,0.3684210526315789,0.0003864007984505757,2,5
#,0.0,#,#,#,#,2.0,#,1.0,#,"-3.301409617580434,0.7875093431483964",#,#,"-2.5437862165786975,-0.17034259445190147","-0.042057919383419184,2.2826879489174345","-2.2444541828345015,3.341113798846333",#,#,#,0.0,0.007998463441452223,0.5384615384615384,1,24.8804224,7331,6809,0.3684210526315789,0.00039726508599783423,7,13
#,#,"-2.7800000000000002,4.78",2.0,#,#,4.0,#,0.0,#,"-3.3839610405590337,1.1364304414089306",#,"-0.8548141607449221,1.8055771310864683","-2.5437862165786975,2.0323202590816307",#,#,"-5.941330077122311,4.031779724925357",#,"-1.6586902155408834,2.162811248939175",0,0.0007871689090540713,0.4,1,31.0,7528,6810,0.47368421052631576,0.0004949762294201589,2,5
#,#,"0.5899999999999999,9.41",#,3.0,3.0,#,#,#,#,"-3.694964258816175,1.812559239308372",#,#,"-2.1692664857495543,4.93921538970364",#,#,"-2.4334966847660437,1.9007355845581975","-1.8187117380096187,1.801584328903316",#,1.0,0.0011744210075127586,0.42105263157894735,1,32.44165667858023,7588,6817,0.3684210526315789,0.0005179951257711922,8,19
#,0.0,#,#,1.0,#,4.0,#,0.0,#,"-1.4376686623867716,1.1364304414089306",#,"-3.22857752464233,1.7966060265947414",#,"-4.897156182147089,2.9742833531708324",#,#,"-3.2193048689527473,0.8227449428921483","-0.8651075351315747,1.5549433797878836",0,0.0,0.0,1,21.0,6818,6818,0.47368421052631576,0.0003353064779943012,0,1
#,#,"-1.83,17.97",2.0,#,4.0,3.0,#,1.0,"-1.8289513080987934,2.428689054608663",#,#,#,#,#,#,"-2.1076394019499456,1.7108768911241004",#,"-0.3837431939956515,2.9714743492864444",1,0.004487102949207168,0.5,1,21.919999999999998,7594,6819,0.42105263157894735,0.00034999609512548007,3,6
0.0,#,#,#,3.0,#,#,#,1.0,#,#,"-1.5604813241660187,2.189633047078932",#,#,#,#,#,"-1.2916805107855311,2.864229859139503",#,1.0,0.004487102949207168,0.5,1,27.8312341504,7558,6820,0.2631578947368421,0.00044438062386692104,7,14
#,#,#,#,3.0,#,#,#,1.0,"-2.1980818498038786,4.060277069818095","-0.5574799127414416,1.0538421791153108",#,#,"-2.5437862165786975,4.93921538970364","0.8625498248197851,4.7599178981476875","-0.8898610894994641,3.341113798846333",#,"-2.629083414178866,3.122430748245862",#,0.0,0.025577855839070813,0.625,1,29.0256,7381,6826,0.42105263157894735,0.0004634510336986376,5,8
#,#,#,#,#,3.0,#,2.0,#,#,"-3.3839610405590337,1.1364304414089306",#,"-3.023495914092641,1.8055771310864683",#,#,#,"-3.4606594041331915,1.6306956532988686",#,"-2.939590467294778,2.162811248939175",0,0.09462904687754009,0.7391304347826086,1,34.63906963307071,7510,6828,0.3157894736842105,0.0005530811637935377,17,23
#,#,#,2.0,0.0,#,#,#,1.0,#,"-4.8645217391034965,3.563170236331559","-1.334425098439771,2.814335879677551",#,"-2.8266588667041486,1.337153102986458",#,#,"-2.3152655025514486,1.2657369595434054",#,"-0.2433404706069291,2.443652746605612",0,0.0003742872111217689,0.36363636363636365,1,32.4942208,7580,6831,0.42105263157894735,0.0005188344157912936,4,11
2.0,#,"5.726768863839159,12.760000000000002",0.0,2.0,#,#,#,1.0,#,#,#,#,#,#,#,"-2.4090073876485905,2.6823476697834696","-4.225922948167388,2.6716648351713794",#,1,0.004487102949207168,0.5,1,22.0,7158,6833,0.3684210526315789,0.000351273453136887,1,2
#,#,"5.73,17.36",#,#,4.0,4.0,#,1.0,"-0.6381533776381167,6.193874181125013","-0.6156207792817645,3.5567455071762257","-2.13488791243081,2.0137727789322994","-3.2273113191483196,1.2805739253437585","-2.408050002098679,2.2271369075569023",#,#,#,#,#,1,1.0,1.0,1,43.5439232,7516,6833,0.47368421052631576,0.0006952647393450639,11,11
3.0,#,#,0.0,#,#,3.0,#,1.0,"-3.0842709032653066,4.818698465048423","0.5270609641480908,1.812559239308372","-2.501588728556648,3.676401320672384",#,#,#,"-4.164570934997725,2.5141533232047313","-2.929843103037216,0.9593864547233861",#,#,1,0.1,1.0,1,23.0,6834,6834,0.47368421052631576,0.00036724042827947277,0,0
#,#,"1.6400000000000001,12.41753401731587",#,3.0,#,#,1.0,#,#,"-2.9384028814412733,2.0684366623083146",#,"-1.7117693116241313,2.5744166585486647","-3.608616844704816,4.93921538970364","-0.6335021092735118,1.7596186375067793",#,#,#,#,0,0.0007871689090540713,0.4,1,30.572032,7394,6838,0.3684210526315789,0.0004881428750023368,4,10
#,#,"-1.6400000000000001,5.640000000000001",#,3.0,#,#,#,#,#,"-2.071683787340416,-0.1962423202051633","-1.5604813241660187,2.189633047078932","-2.6255016637287127,0.9367581150961879",#,#,"-2.4661537646436207,1.5047586187804707","-0.7423826894809449,3.076133603593101","-0.9444920576995727,3.1472693839942583","-0.9272283206140857,1.5209210550684518",1,2.013409287678367e-05,0.25,1,29.550799360000003,7588,6839,0.47368421052631576,0.0004718368788246596,3,12
#,0.0,#,2.0,#,2.0,#,#,0.0,"-0.653429965999905,4.297314641799463","-1.4376686623867716,1.399540412404662",#,"-3.22857752464233,1.7966060265947414","-3.23970177662744,2.0323202590816307",#,#,#,"-2.2905465419082685,3.122430748245862","-0.8651075351315747,1.5549433797878836",0.0,0.0007871689090540713,0.4,1,32.6,7315,6840,0.5263157894736842,0.0005205233896482962,2,5
2.0,0.0,#,2.0,1.0,#,1.0,#,0.0,"-0.653429965999905,4.297314641799463","-3.3839610405590337,1.399540412404662",#,#,#,#,#,"-3.5965403943208187,1.7069544571709103",#,#,1,0.058771460315983584,0.9,1,25.6,6840,6840,0.47368421052631576,0.0004087545636501958,0,0
#,#,#,2.0,3.0,#,#,#,#,#,"-4.494881431174333,0.15071326217081582",#,"0.6537007714865881,0.667251899389377","-2.5911618644632206,3.08042803708528",#,#,"-0.4760676295291508,2.706029281365887",#,"-1.8755044634845788,0.6323558725804597",1.0,0.1,1.0,1,27.0,6842,6842,0.3684210526315789,0.00043110832884981585,0,0
#,0.0,#,2.0,#,#,1.0,#,#,#,#,#,#,"-1.233060881906994,1.732424258204031","-3.158547567242178,1.6960688047978403","-2.5789468207340907,3.341113798846333",#,"-0.9710101950896683,0.9076890132326074","-0.5610845449412448,-0.14512793394885648",1,0.004487102949207168,0.5,1,20.5,6980,6845,0.42105263157894735,0.0003273229904230083,1,2
#,#,#,#,#,0.0,#,#,#,#,"-2.071683787340416,-0.1962423202051633",#,"-0.33810881774396995,0.9367581150961879","-1.9653844134918879,2.7486965746194976",#,"-2.4661537646436207,1.5047586187804707",#,"-0.9444920576995727,3.1472693839942583",#,0,0.12338335101695967,0.7647058823529411,2,33.639658387865595,7559,6846,0.3157894736842105,0.001074247178568254,13,17
#,#,"-3.165257394256443,14.185636570673985",#,#,0.0,0.0,#,#,#,"-0.8498211580411246,1.48670396237535",#,#,#,#,#,"-3.2355243577779778,0.795131729355737","1.2672748891846555,2.0280048381788074",#,0,0.004487102949207168,0.5,1,25.0,7591,6846,0.3157894736842105,0.0003991743785646443,1,2
4.0,2.0,"-1.7800000000000002,5.78",#,#,#,#,4.0,0.0,#,#,"-1.4058778957957923,0.5351952916705176","-2.6255016637287127,0.9367581150961879",#,"-2.627328336173115,1.2910301458959212","-0.6053363142855642,1.5047586187804707",#,"-1.6212960790481676,3.1472693839942583",#,0,0.004487102949207168,0.5,1,32.5,7296,6847,0.5263157894736842,0.0005189266921340375,1,2
#,2.0,"-3.165257394256443,14.185636570673985",#,1.0,#,0.0,#,1.0,#,#,#,#,#,#,#,"-3.3387142218969528,3.4223794563406393","-2.2905465419082685,0.9840718867814315","-1.9663501715602738,0.8400649664172692",0,0.03186345721177998,0.6428571428571429,1,34.3425093632,7432,6850,0.42105263157894735,0.0005483459933362336,9,14
#,0.0,#,0.0,1.0,1.0,#,0.0,#,#,"-3.1078247116561397,2.3162514607392475","-0.4150420418724581,3.396549614147",#,"-2.771965874300263,0.056283765489582915","-0.6756905403094882,1.4439306925530553","-2.133192828456131,1.176603998192768","0.5257297289445464,3.2128337870336896","-2.4246395646327223,0.7065257825710707","-2.611836794666725,-0.6413751020441949",1.0,0.1,1.0,1,12.0,6851,6851,0.6842105263157895,0.00019160370171102928,0,0
#,#,"4.890000000000001,15.11",#,3.0,3.0,#,#,#,"-6.1080969690347215,5.138181162626725",#,"0.16671127553684517,2.189633047078932","-1.7117693116241313,2.9594456955426733",#,#,#,"-3.3387142218969528,1.9007355845581975",#,#,1,0.025577855839070813,0.625,1,26.6464,7494,6852,0.3684210526315789,0.00042546240643939753,5,8
#,#,#,0.0,1.0,#,1.0,4.0,0.0,#,#,#,#,#,#,"-2.6050094983454213,1.141930305408049","-0.845491573680846,1.823354100221664","-3.090173269234694,0.6672251474098574",#,0,0.1,1.0,1,16.666666666666668,6853,6853,0.42105263157894735,0.00026611625237642954,0,0
#,#,#,#,1.0,#,#,#,0.0,"-4.442692402115076,1.6962309115561405",#,#,"-3.023495914092641,1.8055771310864683","-2.767572381700362,1.8300748081245524","-0.9006153220314782,1.2910301458959212",#,"-5.941330077122311,4.031779724925357","-2.519351593803922,1.1811165438005602","-1.6586902155408834,2.162811248939175",0,0.06608640574072565,0.7058823529411765,1,37.1797655699456,7544,6856,0.47368421052631576,0.0005936483926624877,12,17
#,#,"6.59,15.41",#,#,1.0,#,#,0.0,"-3.366894555084906,-0.2974328982492973","-2.7571138854359223,2.666783069939524",#,#,"-3.23970177662744,2.0323202590816307",#,"-0.8898610894994641,2.4392205718573363",#,"-2.0341377165554344,0.6415853983278067",#,0.0,0.24120498592959838,0.8333333333333334,1,32.2,7500,6858,0.42105263157894735,0.000514136599591262,5,6
#,0.0,#,#,#,#,2.0,#,1.0,#,"-3.301409617580434,0.7875093431483964",#,#,"-2.5437862165786975,-0.17034259445190147","-0.042057919383419184,2.2826879489174345","-2.2444541828345015,3.341113798846333","0.3161526579900742,2.225410804527097",#,#,0.0,0.004487102949207168,0.5,1,28.5,7331,6860,0.42105263157894735,0.0004550587915636945,2,4
#,#,#,#,#,#,2.0,1.0,1.0,"-2.9476984326285245,1.309941930078932","-3.301409617580434,0.7875093431483964","-0.8996599574925472,3.2807954071739553",#,"-2.5437862165786975,-0.17034259445190147","-0.042057919383419184,2.2826879489174345","-2.2444541828345015,3.341113798846333",#,#,#,0.0,3.5321079333407126e-06,0.2,1,29.6,7145,6860,0.47368421052631576,0.00047262246422053887,1,5
#,#,#,#,#,#,#,2.0,#,#,"-3.3839610405590337,1.1364304414089306",#,#,#,#,#,#,#,"-2.939590467294778,2.162811248939175",0,0.028361702724585783,0.6333333333333333,1,35.97020398214005,7578,6863,0.15789473684210525,0.00057433535285657,76,120
4.0,#,#,#,#,#,1.0,#,1.0,"-2.1758130268288074,4.557199639778334",#,#,#,"-1.7776322771237394,3.0146796125201663",#,"-0.8718847468315327,3.4370960274849582","-3.1614502276167062,1.2227721829497904","-2.629083414178866,2.1335823773977918",#,1.0,0.002403375363511978,0.46153846153846156,1,27.194756608,7553,6864,0.42105263157894735,0.00043421800276860614,6,13
#,#,"-3.165257394256443,14.185636570673985",#,0.0,1.0,#,3.0,1.0,#,#,"-3.6211556898175363,3.289812344793523",#,"-3.248551027975579,3.675376863259464","-1.6589191539136392,2.4435735548525734","-3.1604913511731256,1.0860404264141408","-3.3387142218969528,1.9007355845581975",#,#,1,1.0,1.0,1,32.0,7599,6865,0.5263157894736842,0.0005109432045627447,3,3
#,#,"-3.41,5.41",0.0,#,1.0,#,#,1.0,"-2.5354982467788716,0.7319931943687117","-2.920782340950239,3.003977785820106","-2.13488791243081,2.2483611082801356",#,#,#,#,"-0.4209529958030309,1.228922003370355",#,#,0,0.004487102949207168,0.5,1,25.56,7587,6865,0.42105263157894735,0.00040811588464449234,3,6
#,#,#,#,#,4.0,#,#,0.0,"-1.2174365030495524,1.9510400459420434",#,"-1.2555903639478987,1.1420237422578898","-3.3287556311750133,3.144073181230267","-2.2241472559748354,2.096789693704096",#,"-2.3723034860688172,0.9571152770511168",#,"-0.8463944456802207,2.341701180563641",#,1,0.0003252125940293289,0.35714285714285715,1,27.394092032,7550,6871,0.42105263157894735,0.00043740078652865097,5,14
#,0.0,#,#,#,#,1.0,2.0,#,"-4.442692402115076,1.6962309115561405","-6.044987925837651,2.666783069939524",#,"-0.8548141607449221,3.771533241559846",#,#,#,"-2.3467607576704297,0.7987968861841293",#,#,0.0,0.3529090646456946,0.875,1,40.4976,7479,6874,0.3684210526315789,0.0006466241725343816,7,8
#,#,#,2.0,4.0,#,#,#,1.0,"-3.5111767739813025,5.138181162626725",#,"-2.658254936106593,2.293437958706418",#,#,"-4.296612011680557,3.5547319844935235",#,#,#,#,1,0.11758340158384564,0.76,1,46.76050197389878,7581,6876,0.3157894736842105,0.0007466237726720748,38,50
#,#,"-3.41,5.41",#,3.0,#,#,#,1.0,#,#,"-1.5604813241660187,2.189633047078932","-4.557443756025425,0.027640993600175356",#,#,"-2.323265796843711,1.0489800265344122",#,"-1.2916805107855311,0.9279624999470566","-2.2146686454996223,-0.18449599249459103",1,1.0,1.0,1,28.2,7242,6880,0.42105263157894735,0.00045026869902091876,5,5
0.0,#,#,#,4.0,#,#,#,#,"-3.5111767739813025,9.740827808633956",#,"0.5105967002457038,2.293437958706418","-1.7695881121888486,2.5744166585486647",#,"-4.296612011680557,2.0656998596425207",#,#,#,#,1,0.04231439924197695,0.6666666666666666,1,39.183959040000005,7458,6882,0.3157894736842105,0.0006256492999797791,8,12
#,2.0,#,#,4.0,#,#,#,1.0,"2.225026238859346,2.926614759138913",#,"-2.658254936106593,1.7793410237897458",#,#,"-4.296612011680557,3.5547319844935235",#,"-2.4090073876485905,2.6823476697834696","-1.6516728246917576,1.5364228015521042",#,1.0,1.0,1.0,1,36.0,7487,6882,0.42105263157894735,0.0005748111051330878,1,1
0.0,#,#,#,#,0.0,#,1.0,#,#,#,#,#,"-2.0140302020168193,0.26428200781389",#,"-1.3967185588110143,3.358820905919253",#,"-0.9710101950896683,0.9076890132326074","-1.0443173791730518,3.724615405036605",0.0,0.0,0.0,1,29.0,6883,6883,0.3684210526315789,0.0004630422791349874,0,1
#,#,"-3.165257394256443,7.7420600178143255",#,3.0,#,2.0,#,0.0,#,"-2.3658727891633182,-0.1962423202051633","-3.3993509338979555,0.5351952916705176",#,#,#,"-0.8898610894994641,2.042821833669853",#,#,#,0,0.0,0.0,1,17.0,6890,6890,0.3684210526315789,0.00027143857742395813,0,1
#,#,#,#,#,#,1.0,1.0,#,#,#,"-2.7386393090612984,1.0114750621836524",#,#,#,#,#,"-1.6961805250166064,1.9704411067334644",#,0.0,0.0294375571679647,0.6363636363636364,1,20.9399296,7539,6891,0.21052631578947367,0.000334347335410696,7,11
#,#,"1.6400000000000001,8.36",#,3.0,#,#,#,1.0,#,"-2.9384028814412733,2.0684366623083146",#,#,#,#,#,#,"-1.2916805107855311,2.864229859139503","0.2574073194166028,2.0487361308916303",1.0,0.0005797061207394498,0.38461538461538464,1,32.656305664,7299,6892,0.3157894736842105,0.0005214224207857709,5,13
#,2.0,#,2.0,#,#,0.0,#,#,#,"-0.4485144949292552,5.20960845465805",#,"-3.742321776632924,0.1862937460605283",#,"-1.870870253644457,1.7728620366783456",#,#,"-3.3129572009958466,1.45695597638665","-0.7215354478138063,1.4280591259562265",0,0.012714615176326013,0.5714285714285714,1,30.752000000000002,7296,6893,0.42105263157894735,0.0004910164195847977,4,7
2.0,2.0,"-3.165257394256443,14.185636570673985",#,1.0,#,#,#,1.0,#,#,#,#,"-2.099643763373823,-0.1355815135197631","-1.0590471645450188,4.069068721412747",#,"-3.3387142218969528,3.4223794563406393","-2.2905465419082685,0.9840718867814315","-1.9663501715602738,0.8400649664172692",0,0.00018986906563260434,0.3333333333333333,1,31.333333333333332,6965,6893,0.5263157894736842,0.0005002985544676875,1,3
#,0.0,"0.039999999999999813,9.038478768686357",#,2.0,0.0,#,#,1.0,"-0.228507458029924,5.138181162626725",#,"0.8190582661873413,2.9092859485205924","-3.1043517854511347,0.590636119870241",#,#,"-3.2290269810821455,1.0175047965051212",#,#,"-0.48905424239752826,2.4367828163450165",1,0.0,0.0,1,23.0,6895,6895,0.5263157894736842,0.00036724042827947277,0,1
#,0.0,#,#,#,#,#,3.0,#,#,"-1.57566871441003,2.6801448977771196",#,"-4.438782006337112,-0.004796519951460798","-3.248551027975579,2.0323202590816307","-2.627328336173115,1.2910301458959212","-0.6053363142855642,2.4392205718573363",#,"-1.6961805250166064,1.9704411067334644",#,0,2.013409287678367e-05,0.25,1,28.1744,7355,6896,0.42105263157894735,0.00044985994445726857,2,8
#,#,#,#,#,2.0,#,2.0,#,#,#,#,#,#,"-1.4627437081116015,2.571374122175174",#,"-5.941330077122311,4.031779724925357","-2.519351593803922,1.1811165438005602",#,0,0.3529090646456946,0.875,1,32.916444303359995,7407,6897,0.2631578947368421,0.000525576047974058,14,16
#,#,"1.0999999999999996,10.9",#,3.0,4.0,#,#,#,"-1.2174365030495524,1.9510400459420434",#,"-1.2555903639478987,1.1420237422578898","-3.3287556311750133,3.144073181230267","-2.2241472559748354,2.096789693704096",#,"-2.3723034860688172,0.9571152770511168",#,"-0.8463944456802207,2.341701180563641",#,1,0.0007871689090540713,0.4,1,38.8,7155,6902,0.47368421052631576,0.0006195186355323279,2,5
2.0,#,#,2.0,#,3.0,#,#,1.0,#,#,#,"-0.6616424516722748,2.9594456955426733",#,#,#,"-3.3387142218969528,1.9007355845581975","-1.838708178474734,3.021193897125985",#,1,0.0,0.0,1,26.0,6904,6904,0.3684210526315789,0.00041514135370723007,0,3
#,#,#,#,#,3.0,#,3.0,1.0,"-1.7512782453932914,0.7240940585063929","-2.7571138854359223,2.666783069939524",#,"-4.438782006337112,3.771533241559846","-3.248551027975579,3.675376863259464",#,#,"-2.596900303243272,-0.5462156273331367",#,"-2.52490755069346,1.475726794934101",0.0,0.02206743940644308,0.7777777777777777,1,26.666666666666668,6905,6905,0.47368421052631576,0.00042578600380228725,0,0
3.0,#,#,1.0,#,1.0,#,#,#,#,#,"-1.4058778957957923,2.0983273363511294","-2.6255016637287127,0.9367581150961879","-2.895941557423985,2.7486965746194976","-2.994041147835808,3.2611338074756104","-2.4661537646436207,1.5047586187804707",#,"-1.4869863629799545,3.1472693839942583","-0.6665838880870629,3.632605259453003",1.0,0.0,0.0,1,18.0,6906,6906,0.5263157894736842,0.0002874055525665439,0,1
0.0,#,"5.76,10.24",#,4.0,#,#,#,#,"-3.5111767739813025,9.740827808633956",#,"0.5105967002457038,4.8954132392102565","-1.7695881121888486,2.5744166585486647",#,"-4.296612011680557,2.0656998596425207",#,#,#,"-2.7009650570917163,0.10545008088582697",1,0.10604198640626919,0.75,1,42.5,7458,6907,0.42105263157894735,0.0006785964435598954,3,4
#,#,#,2.0,4.0,#,#,3.0,1.0,"-3.5111767739813025,5.138181162626725","-3.5187116244479233,3.563170236331559","-2.658254936106593,2.293437958706418",#,"-2.895941557423985,3.675376863259464","-4.296612011680557,3.5547319844935235",#,#,#,#,1,1.0,1.0,1,30.735999999999997,7329,6911,0.47368421052631576,0.0004907609479825163,7,7
#,#,"1.9900000000000002,8.01",1.0,#,#,#,4.0,#,#,"-3.4568798236945035,0.21480250838852788",#,#,#,#,#,"-0.9659760732283565,2.003981043607012","-2.9249080352026966,1.174072055682268",#,1,0.0,0.0,1,24.5,6913,6913,0.3157894736842105,0.0003911908909933514,0,2
#,2.0,#,1.0,4.0,#,#,#,0.0,#,#,"-1.4770495336770157,2.6735810794068864","-1.6436832662520853,1.9774048809628628",#,#,#,"-3.620019925526859,2.1368695181072037",#,#,1,1.0,1.0,1,34.0,7307,6913,0.3684210526315789,0.0005428771548479163,1,1
#,0.0,#,1.0,4.0,#,#,#,#,#,"-3.5187116244479233,1.404680593572505",#,"-1.782554017485801,3.3165292918576985","-6.405907908174081,3.675376863259464",#,#,"-5.941330077122311,0.8036523272569156","-5.388635315621911,1.611904892742986","-1.0455433322626342,2.780937706276897",0,0.00018986906563260434,0.3333333333333333,1,35.333333333333336,7166,6915,0.47368421052631576,0.0005641664550380306,1,3
3.0,#,#,#,#,#,4.0,#,1.0,#,#,#,#,"-2.5437862165786975,2.0323202590816307",#,#,"-1.7564223968913237,1.5671010433768269",#,#,1.0,0.06191055711381182,0.7,1,34.36044066588671,7597,6917,0.2631578947368421,0.0005486323020005065,21,30
#,#,#,#,#,3.0,4.0,#,1.0,#,"-1.2151249712717087,3.4735098143412557",#,#,#,#,#,#,#,#,1.0,0.10604198640626919,0.75,1,31.3822208,7509,6917,0.21052631578947367,0.0005010791394327381,9,12
#,0.0,#,#,0.0,2.0,#,#,#,"-3.366894555084906,-0.2974328982492973",#,"-3.3993509338979555,2.814335879677551",#,#,#,"-2.752177682553277,1.36945610157554",#,"-1.6961805250166064,1.1684955528343908",#,0,0.10604198640626919,0.75,1,33.25,7589,6919,0.3684210526315789,0.0005309019234909769,3,4
#,#,#,#,1.0,#,#,0.0,1.0,"-1.6893248979965243,3.5584643862708063",#,#,#,#,#,"-0.8163101134209829,1.141930305408049",#,"-1.8608421287012205,0.9279624999470566","-0.34904100561999407,1.3228658850900317",1,1.0,1.0,2,17.666666666666668,7252,6927,0.3684210526315789,0.0005641664550380306,3,3
#,#,"-3.165257394256443,14.185636570673985",0.0,#,#,0.0,#,#,#,"-4.77035941442783,1.2378480380716754",#,#,#,"-0.8135404366735977,0.8958315253123244",#,"-3.2355243577779778,3.4223794563406393",#,#,0,0.08659363551011105,0.7307692307692307,1,36.34666763684182,7578,6928,0.3157894736842105,0.0005803463386732801,19,26
3.0,#,#,2.0,3.0,#,2.0,#,#,"-4.675648623257101,2.255393827662016",#,#,"-3.742321776632924,0.1862937460605283",#,#,#,"-2.186753620557518,1.3489096137703016","-3.3129572009958466,1.45695597638665",#,0,0.005744368639773,0.6477272727272727,1,32.0,6931,6931,0.42105263157894735,0.0005109432045627447,0,0
#,0.0,"0.09999999999999964,9.9",#,3.0,#,#,#,#,#,#,"-1.4058778957957923,2.0983273363511294","-2.6255016637287127,0.9367581150961879","-2.895941557423985,6.23454832996336","-2.994041147835808,3.2611338074756104","-2.4661537646436207,1.5047586187804707",#,"-1.5652614341356856,3.1472693839942583",#,0,0.018602861511813194,0.6,2,36.861201982521344,7587,6932,0.47368421052631576,0.0348279959298642,12,20
#,2.0,"0.17999999999999994,3.8200000000000003",#,1.0,3.0,#,#,1.0,#,#,#,#,#,#,#,#,"-0.8941576120990544,2.0662168979845315",#,1,0.010887180278082428,0.7333333333333334,1,22.8,6935,6935,0.3157894736842105,0.00036404703325095564,0,0
#,#,#,#,2.0,#,#,2.0,0.0,#,#,#,"-0.8548141607449221,1.8055771310864683",#,#,#,"-2.560723469622043,-0.5100387937119077","-2.519351593803922,1.1811165438005602","-1.6586902155408834,2.162811248939175",0,0.00018986906563260434,0.3333333333333333,1,30.66428672,7407,6937,0.3684210526315789,0.000489615903823363,4,12
#,#,#,2.0,#,#,2.0,#,#,"-3.8889201900929535,2.8954560333450745","0.614000199533522,2.6135184649666305","-3.4379543723798505,-1.655113113919136","-4.878318148293724,2.049637690989591","-1.6902516780925163,2.552122781592253","-3.9858074825919294,0.868808889448089","0.08827726209636944,2.6486861279945746","-2.2981493320515445,0.4596679907241552","-1.8608421287012205,3.122430748245862","-1.8742447802664701,0.693326516181069",0,0.1,1.0,1,9.0,6940,6940,0.631578947368421,0.00014370277628327196,0,0
#,#,#,#,#,#,#,#,0.0,#,"-0.8917690502068838,2.195782001772029","-3.3993509338979555,0.9017060608726095",#,#,"-3.028559183879813,-0.08843940926402727",#,"-5.941330077122311,0.8036523272569156","-1.6212960790481676,1.1113573148751423","-2.9607423466518457,0.621915276298209",0,0.14779114672159732,0.782608695652174,1,27.069469611341695,7522,6940,0.3684210526315789,0.0004322175484072738,18,23
#,#,#,#,3.0,2.0,#,#,1.0,"-2.1980818498038786,4.060277069818095","-0.5574799127414416,1.0538421791153108",#,#,"-2.5437862165786975,4.93921538970364","0.8625498248197851,4.7599178981476875","-0.8898610894994641,3.341113798846333",#,"-2.629083414178866,3.122430748245862",#,0.0,0.004487102949207168,0.5,1,28.5,7108,6944,0.47368421052631576,0.0004550587915636945,1,2
#,0.0,"4.1,13.9",2.0,#,#,1.0,2.0,0.0,#,#,#,"-1.6100527797862092,0.7547394796194713","-2.993946942365395,2.583989847220135",#,#,#,"-5.3224790348431625,2.5607321376892536",#,0,1.0,1.0,1,39.0,7479,6945,0.47368421052631576,0.0006227120305608451,3,3
#,#,#,#,2.0,1.0,#,#,0.0,#,"-6.044987925837651,2.666783069939524","-3.3993509338979555,3.43074853662424",#,"-2.767572381700362,3.7725228095725796",#,"-1.510579068854043,1.1122787937733862","-2.3467607576704297,0.8036523272569156","-1.6212960790481676,1.1684955528343908","-2.5635951487635955,0.621915276298209",0,0.1,1.0,1,42.0,6945,6945,0.5263157894736842,0.0006706129559886024,0,0
1.0,#,"0.27,5.73",#,3.0,#,#,#,1.0,#,#,"-2.13488791243081,4.424412447102446","-2.137894978835858,1.7787922008048007",#,#,"-0.5829268809146344,1.9150329882543458",#,#,"-2.0664850219816873,0.8593520367608575",0,1.0,1.0,1,16.0,6960,6946,0.42105263157894735,0.00025547160228137235,1,1
#,0.0,#,2.0,#,#,3.0,#,#,#,#,"-2.658254936106593,2.6735810794068864",#,"-0.7841016100888392,2.0323202590816307",#,#,"-1.7584697186429132,2.1367958272905963",#,"-2.126874313114682,1.3315493125160505",1.0,0.04231439924197695,0.6666666666666666,1,25.23370760192,7505,6947,0.3684210526315789,0.00040290598203513426,10,15
0.0,#,#,#,#,4.0,#,4.0,#,#,"-2.846715533532904,1.4925454043834052","-2.1095326431987846,1.7793410237897458",#,"-2.5437862165786975,1.8300748081245524",#,#,"-2.813132700768352,0.6231963591649388",#,#,1,1.0,1.0,1,11.0,7486,6947,0.3684210526315789,0.0001756367265684435,1,1
#,#,#,#,#,#,4.0,5.0,#,"-2.991559750471993,5.138181162626725",#,#,#,"-2.408050002098679,2.0323202590816307",#,#,#,#,"-3.99529377463801,-1.009745755512964",1.0,0.10604198640626919,0.75,1,31.5,6975,6950,0.2631578947368421,0.0005029597169914519,3,4
#,#,"4.43,11.57",#,#,#,4.0,#,1.0,#,#,"-2.3991072035374885,0.8591888895114032","-1.7695881121888486,2.5744166585486647",#,"-4.296612011680557,2.0656998596425207","-0.5443194331249951,1.7038444491270868",#,"-2.049290774237455,0.17099010832523442",#,1,1.0,1.0,1,36.8,7570,6950,0.42105263157894735,0.0005875846852471564,5,5
#,#,#,#,#,0.0,0.0,#,1.0,#,#,#,"-1.7117693116241313,2.5744166585486647",#,"-2.3028807799354216,1.38936265795417",#,#,"-0.7185278042726544,0.9893805669294142",#,1.0,8.34729547533495e-05,0.3,1,30.704320000000003,7440,6952,0.3157894736842105,0.0004902551142099992,3,10
#,#,"8.030000000000001,17.97",2.0,#,#,#,3.0,#,"-1.9908910726043656,5.138181162626725",#,"-1.4075204988980585,3.080321289640981",#,"-2.895941557423985,2.7486965746194976",#,#,"-3.2355243577779778,3.4223794563406393",#,#,1,0.007423181474913728,0.5333333333333333,1,26.5582024704,7561,6952,0.3684210526315789,0.00042405415867663687,8,15
#,#,"-1.6600000000000001,3.66",#,3.0,#,#,#,#,#,#,#,#,#,"-1.9508934857182325,2.903722886321786","-0.8898610894994641,2.4392205718573363",#,#,"0.4210613974968629,2.510945010884395",1,0.004487102949207168,0.5,1,27.045312,7529,6953,0.2631578947368421,0.0004318318244274767,5,10
#,#,"-2.9383587078952615,8.92",#,#,#,#,#,1.0,"-0.8367709107990464,3.9270534833096575",#,"-3.3993509338979555,2.0137727789322994","-3.0216640200707903,1.442426198138648",#,#,#,"-4.578479068294648,-2.244941333638287","-1.1748640311572567,3.0379766178078462",#,1.0,1.0,1.0,1,31.0,7404,6954,0.3684210526315789,0.0004949762294201589,2,2
#,#,"8.030000000000001,17.97",2.0,4.0,#,3.0,#,#,#,"-2.341741252163904,3.5830188746064415",#,#,"-2.895941557423985,2.7486965746194976",#,#,"-3.2355243577779778,3.4223794563406393",#,#,1.0,0.06191055711381182,0.7,1,28.249088,7497,6955,0.3684210526315789,0.000451052485896718,7,10
#,#,"0.4500000000000002,9.55",#,#,0.0,3.0,#,0.0,"-2.263522324794639,1.2019989006649194","-3.6356278265453223,2.1222376487667045",#,"-0.31788734920676065,4.11609813717889","-2.67493058079812,2.588756248810761",#,#,#,"-1.476585699163878,0.11746211395805284","-1.094194508166321,1.4136658278987175",1,0.0,0.0,1,40.0,6956,6956,0.5263157894736842,0.0006386790057034309,0,1
1.0,#,"-3.165257394256443,14.185636570673985",2.0,#,#,0.0,#,1.0,#,#,#,"-3.2919933253819003,1.2158919191101778",#,"-2.5712958235475574,1.5995717636980924","-1.7584687169849975,2.175818076956146","-3.2355243577779778,3.4223794563406393","-2.2905465419082685,1.8111839586132379",#,0,0.10604198640626919,0.75,1,26.008,7537,6957,0.5263157894736842,0.0004152690895083707,6,8
0.0,#,#,#,3.0,1.0,#,#,#,#,"-0.4485144949292552,2.6135184649666305",#,#,"-2.130675367028589,0.7761367627554193",#,#,#,#,#,1,0.00018986906563260434,0.3333333333333333,1,38.0,7025,6958,0.2631578947368421,0.0006067450554182593,1,3
1.0,#,#,#,#,#,0.0,#,#,#,#,#,#,#,#,#,#,#,#,0,0.05679804999163894,0.6923076923076923,1,35.51948986451737,7554,6960,0.10526315789473684,0.000567138811744076,18,26
#,2.0,#,#,#,4.0,#,2.0,#,#,#,"-2.2881381594905923,0.5398169401367483","-0.8548141607449221,1.8055771310864683",#,#,#,"-5.941330077122311,4.031779724925357",#,#,0,0.001348283049688907,0.42857142857142855,1,37.2450231296,7578,6962,0.3157894736842105,0.0005946903584953553,6,14
4.0,#,"2.2399999999999993,11.760000000000002",#,#,#,3.0,#,1.0,#,"-0.1888386638622661,3.563170236331559","-3.6211556898175363,3.289812344793523","-0.6776487227960031,3.3165292918576985","-6.405907908174081,3.675376863259464","-0.9616563916669829,1.5682141120721815",#,#,#,#,0,0.018602861511813194,0.6,1,23.0,7418,6963,0.47368421052631576,0.00036724042827947277,3,5
#,2.0,#,0.0,#,#,#,#,0.0,"-0.3257599038502277,4.234165386538178",#,"-3.6211556898175363,3.289812344793523","-0.7190823346102115,3.3165292918576985",#,#,#,"-1.2373907291341706,0.795131729355737",#,#,0.0,0.007998463441452223,0.5384615384615384,1,24.702494719999997,7433,6964,0.3684210526315789,0.00039442411915409625,7,13
2.0,2.0,"-3.165257394256443,14.185636570673985",#,1.0,#,#,#,1.0,#,"-1.6919992985855214,0.6445258218309531",#,#,"-2.099643763373823,-0.1355815135197631","-1.0590471645450188,4.069068721412747",#,"-3.3387142218969528,3.4223794563406393","-2.2905465419082685,0.9840718867814315","-1.9663501715602738,0.8400649664172692",0,0.0,0.0,1,37.0,6965,6965,0.5789473684210527,0.0005907780802756736,0,2
#,0.0,#,#,#,#,1.0,1.0,1.0,#,"-2.071683787340416,3.102050407867491","-2.7386393090612984,1.0114750621836524",#,#,"-1.7435832619103127,2.9742833531708324",#,#,"-1.6961805250166064,1.9573123622548683",#,0.0,0.04231439924197695,0.6666666666666666,1,24.666666666666668,7392,6967,0.42105263157894735,0.00039385205351711574,2,3
#,0.0,#,2.0,4.0,#,#,#,1.0,#,#,#,#,#,#,"-2.4661537646436207,1.5047586187804707","-3.935690420246972,3.7140890438456604",#,#,1,0.06608640574072565,0.7058823529411765,1,43.673848823808,7581,6969,0.3157894736842105,0.0006973392585507912,12,17
#,#,"4.43,11.57",#,#,#,4.0,#,1.0,#,"-3.741165519981414,-0.5701671422733419",#,#,"-2.2236602503186575,2.2544016793485997","-4.296612011680557,2.0656998596425207","-0.5443194331249951,1.7038444491270868",#,"-2.049290774237455,0.17099010832523442",#,1.0,0.00018986906563260434,0.3333333333333333,1,43.666666666666664,7458,6975,0.42105263157894735,0.0006972245812262454,1,3
1.0,#,#,#,#,#,4.0,5.0,#,#,#,"-2.3991072035374885,0.8591888895114032","-1.7695881121888486,2.5744166585486647","-2.408050002098679,2.0323202590816307",#,#,#,"-2.049290774237455,0.17099010832523442","-3.99529377463801,-1.009745755512964",1,0.1,1.0,1,32.0,6975,6975,0.42105263157894735,0.0005109432045627447,0,0
2.0,#,"8.030000000000001,17.97",#,3.0,#,#,#,#,"-1.9908910726043656,5.138181162626725",#,"-1.4075204988980585,3.080321289640981","-1.7117693116241313,2.5744166585486647","-2.069716406457424,1.3084706632915593","-0.6335021092735118,1.7596186375067793",#,#,#,#,1,0.07247718577234585,0.7142857142857143,2,26.28,7342,6978,0.42105263157894735,0.0008392242134943082,5,7
2.0,2.0,#,#,#,#,4.0,5.0,#,#,#,#,#,"-2.408050002098679,2.0323202590816307",#,#,#,"-2.049290774237455,0.17099010832523442",#,1.0,1.0,1.0,1,28.0,7222,6978,0.3157894736842105,0.00044707530399240163,1,1
#,#,#,#,1.0,#,#,0.0,1.0,"-1.9908910726043656,3.5584643862708063",#,#,"-1.7117693116241313,2.5744166585486647","-0.5667520156848798,2.0258101541224796","-2.2389599121918984,1.7596186375067793","-0.8163101134209829,1.141930305408049",#,#,#,1,0.1754292063196716,0.8,1,29.4,7527,6980,0.42105263157894735,0.0004694290691920217,4,5
#,3.0,#,2.0,#,#,4.0,5.0,1.0,#,"-1.8314940277193061,1.4284899753596316",#,"-1.475131790508625,-0.6933638035712999","-2.5198620040158315,1.9597710571418223","-2.1784224991202312,1.1719465463721757","-1.8620671301567755,1.4313778198824372",#,"-2.629083414178866,2.403848414634575","-1.7356008339262925,1.0111033436687495",1.0,0.1,1.0,1,40.0,6981,6981,0.631578947368421,0.0006386790057034309,0,0
#,#,"-3.165257394256443,14.185636570673985",#,#,#,0.0,#,1.0,#,#,#,#,"-0.07437782766944645,3.618059202056186","0.1440496831046998,2.4687955514055537",#,#,#,"-1.9663501715602738,0.8400649664172692",0,0.10604198640626919,0.75,1,31.819141206016003,7591,6984,0.3157894736842105,0.0005080554366948842,12,16
#,#,#,#,3.0,#,4.0,#,#,#,"-3.9619447732659236,2.0462626792335814","-2.862618894029533,-0.649436642147267","-2.7332704363288025,0.9617174689925736",#,#,#,#,#,"-0.7757285413522013,3.165194843892859",1.0,0.004487102949207168,0.5,1,36.56,7436,6985,0.3157894736842105,0.0005837526112129358,3,6
#,#,#,1.0,#,#,#,#,#,#,"-3.5187116244479233,1.399540412404662",#,#,"-6.405907908174081,3.675376863259464","-1.71272837370093,1.7743904287503511","-0.7247632886568002,0.8364616295738124",#,#,#,0.0,0.024519051916645673,0.6216216216216216,1,29.90814125761226,7572,6990,0.2631578947368421,0.005359996473064238,23,37
#,0.0,#,1.0,1.0,2.0,1.0,#,#,"-2.315948485372742,4.234165386538178","-1.4376686623867716,3.563170236331559","-3.6211556898175363,3.289812344793523","-0.6776487227960031,3.3165292918576985",#,#,#,"-2.5292296847095272,0.22858763806617244",#,"-0.8651075351315747,1.4039089594034602",0,0.1,1.0,1,24.333333333333332,6990,6990,0.5789473684210527,0.0003885297284695871,0,0
#,2.0,#,#,#,#,0.0,3.0,1.0,"-3.6737325782968844,1.7720864902824218",#,#,#,"-2.895941557423985,2.7486965746194976",#,#,"-3.2355243577779778,2.1368695181072037",#,#,1.0,0.0,0.0,1,25.0,6992,6992,0.3684210526315789,0.0003991743785646443,0,4
#,#,"8.030000000000001,16.54048238996462",#,4.0,#,3.0,#,#,#,"-3.5187116244479233,3.5830188746064415",#,#,"-2.895941557423985,2.7486965746194976",#,#,#,"-1.8099084307303448,1.8905597068741375","-1.1080576022048025,0.6832712092702249",1.0,5.705178725572668e-05,0.2857142857142857,1,29.024,7497,6993,0.3684210526315789,0.00046342548653840944,2,7
#,#,#,#,#,3.0,4.0,#,1.0,#,"-1.2151249712717087,3.4735098143412557",#,#,#,#,#,#,"-1.9612463040060726,-0.1394773747238658",#,1.0,0.04231439924197695,0.6666666666666666,1,21.666666666666668,7219,6995,0.2631578947368421,0.0003459511280893584,2,3
#,#,"1.92,8.08",#,#,#,4.0,#,1.0,#,"-1.2151249712717087,3.4735098143412557",#,#,"-2.5437862165786975,2.0323202590816307",#,#,#,#,#,1.0,0.08563748662872755,0.7297297297297297,1,41.34571122564239,7597,6995,0.2631578947368421,0.0006601659433923615,27,37
4.0,#,#,#,#,#,3.0,0.0,1.0,#,#,"-1.9855671619397013,2.5022746265993385",#,#,#,"-0.6906527468120148,1.3077151485231693",#,#,"-2.0291578473752687,-0.4766728774302448",0,1.0,1.0,1,19.0,7255,6997,0.3684210526315789,0.00030337252770912964,1,1
#,2.0,#,2.0,4.0,#,#,3.0,1.0,"-0.8367709107990464,5.138181162626725","-3.5187116244479233,3.563170236331559",#,#,#,"-4.296612011680557,1.453283525697693",#,"-0.6106163809255885,1.5107815596711032",#,#,1.0,0.06764545323228473,0.9375,1,30.448,6998,6998,0.47368421052631576,0.0004861624591414516,0,0
1.0,#,#,#,#,2.0,#,#,1.0,"-7.676844665355095,3.9270534833096575",#,"-2.658254936106593,2.293437958706418","-3.6362798086577963,1.6845027750049844","-3.6451655872969626,3.675376863259464","-2.2389599121918984,3.5547319844935235",#,#,#,#,1,0.004487102949207168,0.5,1,29.484672,7579,6998,0.42105263157894735,0.00047078102491129474,5,10
3.0,#,#,#,1.0,#,2.0,#,#,#,"-3.5187116244479233,0.7875093431483964",#,#,#,#,#,#,#,#,0,0.0,0.0,1,20.0,6999,6999,0.21052631578947367,0.0003193395028517154,0,3
#,#,#,#,1.0,#,#,#,0.0,"-4.442692402115076,1.6962309115561405","-2.039956214008785,2.5496467010950044",#,"-3.023495914092641,1.8055771310864683","-2.767572381700362,1.8300748081245524",#,#,"-5.941330077122311,4.031779724925357","-2.519351593803922,1.1811165438005602","-1.6586902155408834,2.162811248939175",0,0.09624908415688685,0.7407407407407407,1,38.809603095717854,7547,6999,0.47368421052631576,0.0006196719679229468,20,27
#,#,#,#,#,2.0,#,#,1.0,"-0.8367709107990464,-0.6525177207775008",#,#,"-4.557443756025425,0.027640993600175356",#,"-2.2389599121918984,0.7977761746866983",#,#,#,#,1.0,0.004487102949207168,0.5,1,22.5,7174,7001,0.2631578947368421,0.0003592569407081799,1,2
#,0.0,#,#,#,4.0,3.0,#,#,#,#,"-3.3993509338979555,2.814335879677551","-1.0600066102491519,1.442426198138648","-1.9024519677275147,3.2041098818930407",#,#,#,"-0.39819539938769455,1.708224925094857",#,1.0,0.004487102949207168,0.5,1,23.119999999999997,7562,7002,0.3684210526315789,0.000369156465296583,3,6
#,#,"-1.6400000000000001,5.640000000000001",#,#,#,#,#,#,#,#,"-1.137619626115823,2.489540175580113",#,"-3.6486741422485007,-0.9822500897986526","-1.0294092715710434,3.9619568574278485","-0.27251680905727516,3.2870760045085223",#,"-2.310352062239282,-0.7732345281574201",#,0,1.0,1.0,1,43.5,7380,7004,0.3157894736842105,0.000694563418702481,2,2
#,#,"0.27,3.8200000000000003",2.0,1.0,#,#,5.0,#,#,#,#,#,"-2.767572381700362,1.8300748081245524",#,"-2.6050094983454213,1.141930305408049",#,"-1.8608421287012205,1.6813828427909532","-1.3445644255756002,1.8798274350794495",1,1.0,1.0,2,18.0,7064,7005,0.42105263157894735,0.0005748111051330878,1,1
#,#,#,#,#,3.0,#,2.0,0.0,#,#,#,#,#,"-3.028559183879813,-0.08843940926402727",#,#,"-1.6212960790481676,1.1113573148751423","-2.9607423466518457,2.162811248939175",0,0.30047963350765927,0.8571428571428571,1,34.24,7510,7010,0.3157894736842105,0.0005467092288821369,6,7
#,0.0,#,#,#,#,4.0,2.0,0.0,#,"-3.3839610405590337,1.1364304414089306",#,"-0.8548141607449221,1.8055771310864683","-2.5437862165786975,2.0323202590816307",#,#,"-3.5965403943208187,1.9007355845581975",#,#,0,9.034374752702705e-08,0.125,1,29.4544,7118,7013,0.42105263157894735,0.00047029767263977835,1,8
#,#,"-3.41,5.41",#,#,#,4.0,#,#,#,#,"-1.5604813241660187,2.189633047078932","-4.557443756025425,0.027640993600175356",#,"0.9427416029671272,4.361485526938971","-2.323265796843711,1.0489800265344122",#,"-2.049290774237455,0.9279624999470566",#,1.0,0.04231439924197695,0.6666666666666666,1,17.666666666666668,7502,7014,0.3684210526315789,0.0002820832275190153,2,3
#,#,"-1.83,7.83",2.0,2.0,#,#,2.0,#,"-2.657866373021615,1.896818666153804",#,"-2.8869785751428063,-0.24345532983898877","-3.5237526930727334,0.9841325514193444","-2.5911618644632206,2.122587535186523","-0.7988896307681247,2.0044803868887877","-0.8163101134209829,3.203789831136472","-1.4831176116229243,2.560786752157732","-1.8608421287012205,1.0652275453968396","-2.2963362376041587,1.3036375545744125",1.0,1.0,1.0,1,42.0,7302,7017,0.6842105263157895,0.0006706129559886024,1,1
#,#,#,2.0,#,3.0,#,2.0,#,#,"-3.951885762146938,1.8894270388942487",#,"-3.023495914092641,1.8055771310864683",#,"-1.2293835408157403,1.1637372059645508",#,"-0.6038721518486538,1.4950438483499666",#,#,0,0.10604198640626919,0.75,1,39.5,7416,7017,0.3684210526315789,0.000630695518132138,3,4
#,#,#,#,2.0,#,4.0,#,0.0,#,"-0.8917690502068838,2.195782001772029",#,#,"-2.5437862165786975,2.0323202590816307","-4.897156182147089,-0.08843940926402727",#,"-5.941330077122311,1.7069544571709103",#,"-2.9607423466518457,2.162811248939175",0,0.0,0.0,1,18.0,7018,7018,0.42105263157894735,0.0002874055525665439,0,1
#,#,"-3.4800000000000004,5.48",1.0,3.0,#,3.0,2.0,0.0,#,"-1.256150924242858,4.137190418184775",#,#,"-0.8681040326071028,3.5331915859821326","-2.50851694194923,0.36322795418711906",#,"-0.8968191201674037,2.7095573788469722",#,"-1.2081839752279098,3.2701380534596582",0.0,0.1,1.0,1,40.0,7019,7019,0.5789473684210527,0.0006386790057034309,0,0
#,#,#,0.0,#,#,4.0,#,0.0,#,#,#,"-2.179794429515219,3.3626874284668444",#,#,#,#,#,#,0.0,3.003917122453764e-05,0.2631578947368421,1,28.127915739316222,7429,7020,0.21052631578947367,0.0004491177314224092,5,19
#,2.0,#,0.0,#,1.0,#,#,0.0,"-0.3257599038502277,4.234165386538178",#,"-3.6211556898175363,3.289812344793523",#,#,#,#,"-1.704220157291963,2.2103834373881606",#,#,0,0.004487102949207168,0.5,1,28.0,7433,7020,0.3684210526315789,0.00044707530399240163,2,4
0.0,#,#,#,#,2.0,4.0,#,#,"0.029633169381272362,2.7030352575929317",#,#,#,"-3.6486741422485007,1.0354211702829397",#,#,#,#,"-0.7757285413522013,3.165194843892859",1,1.0,1.0,1,42.0,7455,7021,0.3157894736842105,0.0006706129559886024,1,1
#,2.0,"-3.165257394256443,14.185636570673985",0.0,2.0,#,0.0,#,#,#,"-4.77035941442783,1.2378480380716754",#,#,#,"-0.8135404366735977,0.8958315253123244",#,"-3.2355243577779778,3.4223794563406393",#,#,0,0.1,1.0,1,29.0,7022,7022,0.42105263157894735,0.0004630422791349874,0,0
2.0,#,"10.62,15.38",#,#,#,#,3.0,#,#,#,#,#,#,"-4.307537263005371,2.5751222534294897",#,#,"-1.2098741830544972,1.2950580947085368",#,0,0.004487102949207168,0.5,1,20.25,7328,7022,0.2631578947368421,0.0003233312466373619,2,4
0.0,2.0,"6.59,15.41",#,#,#,#,#,1.0,#,"-1.1368007110601335,2.6183289467520576",#,#,#,"-4.162524940280253,2.5751222534294897","-1.552801612680248,0.2582192924672625","-3.620019925526859,2.333990142206787",#,#,0.0,0.004487102949207168,0.5,1,28.152704,7377,7023,0.42105263157894735,0.00044951352496457503,5,10
0.0,#,"7.99,14.01",#,#,#,#,#,1.0,#,#,#,"-2.6255016637287127,0.9367581150961879",#,#,"-2.4661537646436207,3.341113798846333",#,"-2.48320322978506,1.3311254658995604","-0.8180377615942932,0.9135800894982332",1,0.07247718577234585,0.7142857142857143,1,23.8438042624,7496,7023,0.3684210526315789,0.0003807134299624215,10,14
#,0.0,"-1.6600000000000001,3.66",#,3.0,#,#,#,#,#,"-1.6874351061167265,1.149773968674707",#,#,#,#,"-0.8898610894994641,2.4392205718573363","-0.9950144877231756,0.8435303941272908",#,"0.4210613974968629,2.510945010884395",0.0,0.0,0.0,1,43.0,7024,7024,0.3684210526315789,0.0006865799311311882,0,1
#,#,#,#,3.0,1.0,#,#,0.0,#,#,"-1.5604813241660187,2.189633047078932",#,"-2.130675367028589,1.3084706632915593",#,"-1.6340588351992649,0.05206407648979683",#,#,"-1.331554800823028,1.236016495624511",1,2.013409287678367e-05,0.25,1,29.5,7036,7025,0.3684210526315789,0.0004710257667062803,1,4
#,#,"-3.165257394256443,9.038478768686357",#,2.0,#,#,0.0,#,#,#,"0.6830197395154727,2.8962019913977386","-0.8548141607449221,1.8055771310864683",#,#,#,#,"-0.6191948312587556,0.9748529818631753",#,0,0.004487102949207168,0.5,2,27.020736000000003,7512,7026,0.3157894736842105,0.0008628788400927451,5,10
#,0.0,#,#,#,#,#,#,1.0,"-3.366894555084906,-0.2974328982492973","-2.7571138854359223,2.666783069939524",#,#,#,#,#,"-2.596900303243272,-0.5462156273331367",#,#,0,0.0029431573824723026,0.47368421052631576,1,32.1755164640215,7589,7027,0.2631578947368421,0.0005137456715808905,9,19
#,#,#,1.0,#,#,#,1.0,#,#,#,"-0.5385426888223025,2.412366980354052","-0.8539435053564093,3.8756410134549517",#,"-0.971849574317597,1.9682702002981889",#,"-3.620019925526859,3.4223794563406393","-1.3040946596078657,1.611904892742986","-1.1472825586836264,2.9130627473264363",1.0,9.034374752702705e-08,0.125,1,28.1104,7410,7030,0.42105263157894735,0.0004488380580481431,1,8
1.0,#,#,#,#,2.0,#,#,1.0,"-7.676844665355095,3.9270534833096575",#,"-2.658254936106593,2.293437958706418","-3.6362798086577963,1.6845027750049844","-3.6451655872969626,3.675376863259464","-2.2389599121918984,3.5547319844935235","-0.6330036676576933,1.4278132244067152",#,#,"-1.7496189100959807,1.5344839109415696",1,0.00018986906563260434,0.3333333333333333,1,32.6,7263,7030,0.5263157894736842,0.0005205233896482962,2,6
2.0,0.0,#,#,#,#,0.0,#,#,"-3.5603536405535188,1.0933462907778877",#,#,#,"-3.23970177662744,3.675376863259464","-4.307537263005371,2.5751222534294897","-0.5427047217069554,2.329949127837372",#,#,#,0,0.022664375168380387,0.6153846153846154,1,35.721649664,7589,7032,0.3684210526315789,0.0005703666922372454,8,13
#,0.0,#,2.0,#,0.0,1.0,#,1.0,"-5.85829593202579,1.5678209796732627","-3.227081319976278,-0.47331957091400456",#,"-3.742321776632924,1.4147100315880419","-2.0406513681781924,-0.07658911832413229",#,#,"-2.4090073876485905,2.6823476697834696","-2.7785029108010697,2.5607321376892536","-1.9209526643555082,2.7670820396621223",1,0.055302099320313464,0.875,1,24.0,7033,7033,0.631578947368421,0.00038320740342205856,0,0
#,#,#,#,#,0.0,#,5.0,#,#,#,"-0.9543931752583421,3.1031076198591463",#,"-2.7477137781256538,0.6304732916233293","-2.389378273568401,-0.4748816761441682",#,"-1.3794990903394304,1.9440243499287202","-1.4243873951155737,3.956281438639241",#,1,0.018602861511813194,0.6,1,28.086848000000003,7532,7033,0.3684210526315789,0.000448462003849585,6,10
#,#,#,#,4.0,0.0,#,3.0,#,"0.2865233363525119,6.326431757867741",#,#,"-2.5668948636658953,0.027640993600175356",#,"0.9427416029671272,4.361485526938971","-2.323265796843711,1.0489800265344122",#,"-3.6670638274500664,1.611904892742986","-2.3627077104713896,0.6825512690361571",1.0,0.05173657756546554,0.825,1,7.0,7034,7034,0.47368421052631576,0.00011176882599810041,0,0
#,#,"-3.41,5.41",#,#,#,#,#,1.0,#,"0.776703091962555,2.8628862351915503","-3.3993509338979555,2.189633047078932","-4.557443756025425,2.1626896551454657",#,#,#,#,#,#,1.0,0.03694653407489475,0.6551724137931034,1,29.688306412088473,7552,7034,0.2631578947368421,0.0004740324505072864,19,29
3.0,#,"0.039999999999999813,3.96",#,3.0,#,#,4.0,#,"-3.2188565685452493,2.9399690909616716","-4.8645217391034965,2.6212070960986242","-1.334425098439771,1.2791776462876625",#,#,#,"-0.8898610894994641,3.341113798846333",#,#,"-1.0443173791730518,3.724615405036605",0.0,1.0,1.0,1,31.0,7266,7035,0.47368421052631576,0.0004949762294201589,1,1
#,#,"-1.75,1.75",#,#,#,3.0,#,#,#,#,#,#,"-1.5925496872169653,3.7496996323860783","-1.7517588454363107,0.8464865367822909","-0.8163101134209829,2.3061397230402423","-1.9516328337686364,2.9275824296037554",#,"-2.863667688517184,1.5549433797878836",1.0,3.5321079333407126e-06,0.2,1,25.0,7438,7039,0.3684210526315789,0.0003991743785646443,1,5
1.0,#,#,0.0,2.0,#,4.0,#,#,"-5.86241686656086,3.472719167161265",#,"-3.8672948194623635,0.5590696843021683",#,"-2.5911618644632206,0.2510843867864563","-1.3083734245425611,1.3582468361554771",#,"-0.9420214653063734,1.792460387420776",#,"-1.0443173791730518,1.313589905179977",1,0.01060419864062692,0.75,1,22.0,7040,7040,0.5263157894736842,0.000351273453136887,0,0
#,#,#,#,3.0,#,#,#,1.0,#,"-2.7571138854359223,2.0684366623083146",#,"-1.7117693116241313,2.5744166585486647","-3.608616844704816,4.93921538970364",#,#,"-2.596900303243272,-0.5462156273331367",#,#,0,0.010206444073780463,0.5555555555555556,1,29.07787440029696,7583,7043,0.3157894736842105,0.0004642856977487727,10,18
#,0.0,#,#,#,0.0,#,#,#,"-0.228507458029924,5.138181162626725","-2.071683787340416,-0.1962423202051633",#,#,#,#,"-3.2290269810821455,1.5047586187804707",#,#,#,0,0.010206444073780463,0.5555555555555556,1,31.033920000000002,7559,7044,0.2631578947368421,0.0004955178292169954,5,9
#,0.0,#,#,#,#,1.0,2.0,0.0,"-4.442692402115076,1.6962309115561405","-6.044987925837651,2.666783069939524",#,"-0.8548141607449221,3.771533241559846","-1.7651292069919358,3.577120112611108",#,#,"-2.3467607576704297,0.7987968861841293",#,#,0.0,0.1754292063196716,0.8,1,40.2,7479,7045,0.47368421052631576,0.0006418724007319481,4,5
#,2.0,"1.0099999999999998,8.99",2.0,#,2.0,#,#,#,#,#,#,"-2.821286786020041,2.5984908767692683","-6.405907908174081,3.675376863259464","-4.162524940280253,2.5751222534294897",#,"-3.0741230919568245,1.3808125832962288",#,#,0,0.0003742872111217689,0.36363636363636365,1,26.635276800000003,7577,7046,0.42105263157894735,0.00042528480258149156,4,11
#,0.0,#,0.0,#,0.0,#,#,#,"-2.293475569965254,2.855298822146089",#,#,"-1.782554017485801,3.3165292918576985","-3.248551027975579,1.8841775962220695",#,#,#,#,#,0,0.001348283049688907,0.42857142857142855,1,26.4899576832,7571,7047,0.3157894736842105,0.00042296449585580337,6,14
#,2.0,"12.25,15.75",2.0,4.0,#,#,#,1.0,#,#,"-2.658254936106593,1.7793410237897458",#,"-2.5437862165786975,2.0323202590816307","-4.296612011680557,3.5547319844935235",#,#,#,"-2.283250457827714,1.3315493125160505",1,0.052301866482111825,0.8369565217391304,1,34.0,7048,7048,0.47368421052631576,0.0005428771548479163,0,0
4.0,2.0,#,2.0,4.0,#,#,#,#,"-2.22215963297243,2.926614759138913",#,"-2.2051852515782793,1.9137928283137162",#,"-2.5437862165786975,2.0323202590816307","-4.296612011680557,3.5547319844935235",#,#,"-1.7510135419169623,2.063315153767658",#,1.0,0.00018986906563260434,0.3333333333333333,1,47.0,7221,7049,0.47368421052631576,0.0007504478317015313,1,3
#,#,#,#,3.0,1.0,4.0,#,#,"-1.5649741745419126,5.138181162626725",#,#,#,#,"-0.6335021092735118,1.7728620366783456",#,"-5.941330077122311,1.9007355845581975","0.3085693301220884,1.45695597638665","-1.331554800823028,1.4280591259562265",0,3.5321079333407126e-06,0.2,1,37.6,7355,7051,0.42105263157894735,0.000600358265361225,1,5
#,0.0,#,#,4.0,#,2.0,#,1.0,#,"-6.044987925837651,2.377404283156984","-3.3993509338979555,2.6735810794068864",#,"-2.5437862165786975,0.8750579622958101",#,"-2.2444541828345015,2.4392205718573363","-0.7451794929412979,1.3055051829688376",#,"-1.0443173791730518,3.724615405036605",1,0.00018986906563260434,0.3333333333333333,1,32.333333333333336,7565,7056,0.5263157894736842,0.0005162655296102733,1,3
3.0,#,"6.85,13.15",0.0,#,#,#,#,#,#,#,#,#,"-3.076862479539,0.37988708020414585","-1.4812974846709053,1.7323218038626282",#,"-0.7451794929412979,0.9593864547233861",#,"-0.08218829698077945,2.843648761761765",1,0.00018986906563260434,0.3333333333333333,1,26.0,7456,7061,0.3684210526315789,0.00041514135370723007,1,3
#,#,#,#,0.0,#,#,#,#,#,#,#,#,#,#,#,#,"1.70577836169368,2.642710770764916","-1.5801342835474546,2.241367180932604",1,0.0,0.0,1,17.0,7063,7063,0.15789473684210525,0.00027143857742395813,0,2
#,0.0,#,2.0,#,#,3.0,#,#,#,#,"-2.658254936106593,2.6735810794068864",#,"-0.7841016100888392,2.0323202590816307",#,#,"-1.7584697186429132,2.1367958272905963",#,"-2.126874313114682,1.3315493125160505",0,0.0003742872111217689,0.36363636363636365,1,26.242521599999996,7358,7064,0.3684210526315789,0.00041901369006597017,4,11
#,#,#,2.0,#,#,0.0,2.0,0.0,#,"-1.4293118032905574,2.3439780155172802","-3.3993509338979555,2.814335879677551",#,#,#,"-2.335831615652005,1.9107001619352615",#,#,#,0,0.12919385342872036,0.7692307692307693,1,47.809672192,7544,7066,0.3684210526315789,0.0007633758474648383,10,13
#,#,#,#,#,0.0,3.0,#,#,#,#,#,#,"-2.283315087669761,2.588756248810761",#,"-0.5946311461380877,2.4029206968646886",#,#,"-1.094194508166321,1.4136658278987175",1,0.002133551299546628,0.45454545454545453,1,28.2980096,7351,7068,0.2631578947368421,0.0004518336158678536,5,11
#,#,#,#,#,0.0,3.0,#,#,#,#,#,#,"-2.283315087669761,2.588756248810761",#,"-0.5946311461380877,2.4029206968646886",#,#,#,1,0.002133551299546628,0.45454545454545453,1,27.3933824,7556,7071,0.21052631578947367,0.0004373894558521466,5,11
#,#,#,2.0,#,0.0,3.0,#,#,#,"-3.025996993943467,1.5636059211603222","0.12860328310304392,2.6491719588578473",#,"0.8057748711255748,2.588756248810761","-5.273678214542018,3.5203668495741467","-0.5946311461380877,2.4029206968646886",#,#,"-1.094194508166321,1.4136658278987175",1,0.00018986906563260434,0.3333333333333333,1,32.0,7123,7071,0.47368421052631576,0.0005109432045627447,1,3
4.0,#,#,#,#,0.0,3.0,#,1.0,#,"-1.2173698874427268,5.686722059714089","-3.0357405803758413,1.0217602147416474",#,#,"-0.40644906790670343,2.055046557353024","-3.256748900805836,1.3644768571567774",#,"0.3328470752824837,3.122430748245862",#,0,1.0,1.0,1,22.0,7106,7072,0.47368421052631576,0.000351273453136887,1,1
#,2.0,#,2.0,4.0,#,#,#,#,#,"-0.4485144949292552,5.20960845465805",#,"-3.742321776632924,0.1862937460605283",#,"-1.870870253644457,1.7728620366783456",#,#,"-3.3129572009958466,1.45695597638665","-1.0061915636173475,1.4280591259562265",1,1.0,1.0,1,41.0,7497,7072,0.42105263157894735,0.0006546459808460166,2,2
#,#,"-3.165257394256443,14.185636570673985",2.0,#,#,0.0,#,1.0,#,#,#,#,"-0.7385497094982998,3.9751996901514435",#,#,"-0.9170917219025437,0.9921664246344791",#,"-1.6308482117041634,0.459035401683369",0,0.000475821309943357,0.375,1,36.304607490048,7523,7073,0.3684210526315789,0.0005796747653549297,6,16
4.0,2.0,#,0.0,#,#,#,#,1.0,"-2.22215963297243,4.818698465048423",#,#,#,#,"-4.296612011680557,3.5547319844935235","-2.2578130069479037,0.42749385240874993","-2.4090073876485905,3.380035222590811",#,"-1.656669816080347,0.6720576388371888",0,3.969015935381499e-05,0.2727272727272727,1,29.708736000000002,7376,7074,0.47368421052631576,0.0004743586492296431,3,11
3.0,#,#,#,#,#,#,#,1.0,#,"-3.5187116244479233,3.563170236331559","-0.7623122387614965,1.5738245826697845","-2.6431971602234423,1.716888568055781","-6.405907908174081,3.675376863259464","-0.9616563916669829,1.5682141120721815","-4.164570934997725,2.5141533232047313",#,#,#,1,0.035219135460723465,0.6511627906976745,1,34.5477916924003,7597,7076,0.42105263157894735,0.0005516237311837869,28,43
#,0.0,#,#,2.0,#,#,0.0,#,"-3.1009447352592283,2.641919009788039","-2.1980786038591114,1.47360372822392","-0.6156397916223597,3.687770142593158",#,#,"0.1951813887973115,2.4515523786187288",#,"-2.449420065417881,1.510522757029278","-0.6191948312587556,0.9748529818631753","-1.689989557016232,2.0120899866988244",0.0,0.1,1.0,1,15.5,7077,7077,0.5263157894736842,0.00024748811471007946,0,0
#,#,#,1.0,1.0,#,1.0,4.0,#,"-2.0493203812992187,0.5250668147564528",#,#,#,#,"-0.5262503609461173,1.1909005291088546","-1.9072521450150082,2.7139736129476053","-0.845491573680846,1.823354100221664","-3.090173269234694,0.6672251474098574",#,0,0.1,1.0,1,18.4,7078,7078,0.47368421052631576,0.0002937923426235782,0,0
#,0.0,#,#,#,#,#,#,1.0,#,"0.776703091962555,2.8628862351915503","0.12860328310304392,2.189633047078932",#,#,"-5.273678214542018,3.5203668495741467",#,#,#,"-1.094194508166321,1.4136658278987175",1,0.002619708031007052,0.4666666666666667,1,28.42441453568,7579,7086,0.3157894736842105,0.00045385192033375627,7,15
#,#,#,#,3.0,4.0,4.0,#,#,#,#,#,"-2.7332704363288025,0.9617174689925736",#,#,#,#,#,"-0.7757285413522013,3.165194843892859",1.0,0.018602861511813194,0.6,1,38.8,7209,7086,0.2631578947368421,0.0006195186355323279,3,5
#,0.0,#,#,#,0.0,#,#,#,#,#,#,"-3.48166990199954,0.21331800332183581",#,"-4.307537263005371,2.5751222534294897",#,#,#,"-0.7115363974572833,2.8711212254927716",1,0.014079422993447999,0.5789473684210527,1,36.32693347414835,7532,7088,0.2631578947368421,0.0005800312437880937,11,19
#,#,"1.6400000000000001,12.41753401731587",#,3.0,#,4.0,#,1.0,#,"-3.6557579166961354,0.12955190428800728",#,"-1.7117693116241313,2.5744166585486647","-0.7675368194862773,4.93921538970364",#,#,#,#,"-0.9272283206140857,1.5209210550684518",0,0.00179050838320942,0.4444444444444444,1,42.75712,7355,7093,0.42105263157894735,0.000682701872208557,4,9
#,0.0,#,#,#,3.0,1.0,1.0,1.0,#,#,#,#,#,#,#,"-0.4100512314043694,2.0862324767089833","-1.6961805250166064,1.9573123622548683",#,0.0,0.004487102949207168,0.5,1,32.5,7394,7094,0.3684210526315789,0.0005189266921340375,1,2
#,0.0,#,#,1.0,#,1.0,#,#,#,"-2.071683787340416,3.102050407867491","-2.7386393090612984,1.0114750621836524","-1.515092115231992,1.7604982165784653",#,"-1.7435832619103127,2.9742833531708324",#,#,#,"-1.9689419812481193,2.3302471662919464",0.0,0.010206444073780463,0.5555555555555556,1,29.762880000000003,7540,7094,0.42105263157894735,0.0004752231651317633,5,9
#,#,"-2.9383587078952615,6.9",#,#,1.0,0.0,3.0,1.0,#,"-0.4485144949292552,4.648871486146729",#,#,#,#,#,#,#,#,1,0.1,1.0,1,25.0,7097,7097,0.3157894736842105,0.0003991743785646443,0,0
#,0.0,"2.9400000000000004,11.059999999999999",#,2.0,1.0,#,#,#,"0.8970522807045189,3.5704543689161783",#,"-3.6211556898175363,2.6735810794068864",#,"-2.895941557423985,2.7302440444930074","-4.307537263005371,2.5751222534294897",#,#,"-0.6786357521980985,0.30111377400401684",#,1,1.0,1.0,1,26.0,7100,7100,0.47368421052631576,0.00041514135370723007,1,1
#,#,"-4.83,5.41",#,#,1.0,#,#,1.0,"-2.315948485372742,4.234165386538178","-3.5187116244479233,3.563170236331559","-3.6211556898175363,3.289812344793523","-0.6776487227960031,3.3165292918576985",#,"-0.29000557086596124,1.5682141120721815",#,#,#,#,0,0.00018986906563260434,0.3333333333333333,1,34.284014080000006,7551,7101,0.42105263157894735,0.0005474120006034207,4,12
#,#,"1.6400000000000001,12.41753401731587",#,3.0,#,4.0,#,1.0,#,"-3.6557579166961354,0.12955190428800728",#,"-1.7117693116241313,2.5744166585486647","-0.7675368194862773,4.93921538970364",#,"-2.5840664872463974,0.7257303394025015",#,#,"-0.9272283206140857,1.5209210550684518",0,8.519620443632683e-07,0.16666666666666666,1,41.88,7154,7101,0.47368421052631576,0.0006686969189714922,1,6
#,#,#,#,4.0,#,4.0,#,1.0,"-3.0842709032653066,4.818698465048423",#,"-3.3993509338979555,2.0020542657866818",#,#,"-2.5019219621200914,2.0656998596425207",#,#,"-1.5652614341356856,1.7936250292283829",#,1.0,0.15242782964648433,0.7857142857142857,1,43.493632718528566,7596,7104,0.3684210526315789,0.0006944617524775008,22,28
#,#,#,2.0,4.0,#,4.0,#,1.0,"-3.5111767739813025,5.138181162626725",#,"0.5105967002457038,2.293437958706418","-1.7695881121888486,2.5744166585486647",#,"-4.296612011680557,2.0656998596425207",#,#,#,#,0,3.5321079333407126e-06,0.2,1,48.0,7520,7104,0.42105263157894735,0.0007664148068441171,1,5
3.0,#,"3.5700000000000003,10.43",#,#,1.0,#,#,#,#,#,"-3.6211556898175363,2.6735810794068864",#,"-3.23970177662744,3.675376863259464","-0.01505421778760252,2.1045670150749407",#,#,#,"-1.9706519782379777,1.4328727635645746",0,0.004487102949207168,0.5,2,39.5,7309,7105,0.3684210526315789,0.001261391036264276,2,4
#,#,#,0.0,#,#,3.0,#,1.0,"-5.793348451661681,-0.2974328982492973",#,"-3.0357405803758413,1.0217602147416474",#,#,#,"-3.256748900805836,1.3644768571567774","-2.596900303243272,-0.5462156273331367",#,#,0,0.05211571996209885,0.8333333333333333,1,23.44,7106,7106,0.3684210526315789,0.0003742658973422105,0,0
#,#,#,2.0,4.0,#,1.0,2.0,0.0,"-4.257805845187625,1.1880132233916807",#,#,#,#,#,"-3.5402558476217005,2.3061397230402423","-1.7887631165715154,1.2519072649504097","-2.4864411479287307,1.6694692219963034","0.005857907395910744,1.8568976792534388",0,1.0,1.0,1,49.0,7240,7107,0.5263157894736842,0.0007823817819867028,1,1
#,#,#,2.0,#,2.0,#,#,1.0,"-2.1980818498038786,4.060277069818095","-0.5574799127414416,1.0538421791153108",#,#,"-2.5437862165786975,4.93921538970364","0.8625498248197851,4.7599178981476875","2.0592294217017173,3.341113798846333",#,"-2.629083414178866,3.122430748245862",#,0.0,0.1,1.0,1,40.0,7108,7108,0.47368421052631576,0.0006386790057034309,0,0
0.0,#,"7.99,14.01",#,#,#,2.0,#,1.0,#,"-1.446870227076324,2.141364779277547",#,"-2.6255016637287127,0.9367581150961879",#,#,"-2.4661537646436207,3.341113798846333",#,"-2.48320322978506,1.3311254658995604","-0.8180377615942932,0.9135800894982332",1,1.0,1.0,1,12.0,7496,7109,0.47368421052631576,0.00019160370171102928,1,1
0.0,#,#,#,3.0,#,#,#,1.0,#,#,"-1.5604813241660187,2.189633047078932",#,#,#,#,#,"-1.2916805107855311,2.864229859139503","-2.260798679222429,0.7844603002851178",1.0,0.004487102949207168,0.5,1,29.959424000000002,7558,7109,0.3157894736842105,0.00047836137829418765,5,10
#,#,#,0.0,#,#,4.0,#,#,#,#,#,#,#,#,#,#,"-3.427797703055525,0.6985791842993946","-0.7757285413522013,1.4280591259562265",1.0,0.08659363551011105,0.7307692307692307,1,31.597515644048457,7582,7114,0.21052631578947367,0.0005045167468559868,19,26
#,#,#,#,1.0,#,0.0,#,0.0,#,"-3.194859857231359,2.4379261055322914","-2.5153291584866246,1.726603490954386",#,#,"-2.3489345809658273,0.31768567973221074",#,"-2.2747515784983605,1.0132347574422522",#,#,1,0.0,0.0,1,45.648,7116,7116,0.3684210526315789,0.0007288604813087553,0,7
#,#,#,#,#,#,4.0,#,1.0,"-3.5111767739813025,5.138181162626725",#,#,"-1.7695881121888486,2.5744166585486647",#,"-4.296612011680557,2.0656998596425207",#,#,#,#,1,0.1381399382884185,0.7758620689655172,1,36.932493620744125,7597,7117,0.2631578947368421,0.0005897002075961291,45,58
0.0,2.0,#,#,#,3.0,#,#,#,#,#,#,#,#,#,#,#,"-1.193734504314927,0.45724358784707264",#,1,0.10604198640626919,0.75,1,43.0,7552,7119,0.21052631578947367,0.0006865799311311882,3,4
3.0,#,#,#,#,#,1.0,4.0,0.0,"-4.442692402115076,1.6962309115561405",#,#,#,"-2.767572381700362,1.8300748081245524","-0.7356770901919629,1.1909005291088546",#,"-0.845491573680846,2.6257526919235836",#,#,0,0.004487102949207168,0.5,1,28.0,7301,7120,0.42105263157894735,0.00044707530399240163,1,2
#,#,"3.0799999999999996,10.92",#,3.0,3.0,4.0,#,#,#,#,#,#,"-2.1692664857495543,4.93921538970364",#,#,"-2.4334966847660437,2.4153645312106824","-1.8187117380096187,1.801584328903316",#,1.0,1.0,1.0,1,47.666666666666664,7533,7121,0.3684210526315789,0.0007610924817965884,3,3
#,#,#,#,#,#,4.0,#,#,"-3.5111767739813025,5.138181162626725",#,"-4.040883900530658,3.079661076216632",#,#,#,#,#,"0.3085693301220884,2.642710770764916",#,1,0.14082285294353686,0.7777777777777778,1,36.980595272464775,7597,7122,0.21052631578947367,0.00059046824547347,28,36
#,#,#,#,3.0,3.0,4.0,#,#,#,#,#,#,"-2.1692664857495543,4.93921538970364",#,#,"-2.4334966847660437,2.4153645312106824","-1.8187117380096187,2.642710770764916",#,1.0,0.004487102949207168,0.5,1,32.4,7533,7124,0.3157894736842105,0.000517329994619779,3,6
4.0,0.0,#,#,#,#,0.0,5.0,#,#,#,#,#,#,"-4.307537263005371,2.5751222534294897","-0.9078796736862125,1.152937218378196",#,#,"-2.0704769150838995,0.437383420981139",0,0.004487102949207168,0.5,1,31.0,7571,7125,0.3684210526315789,0.0004949762294201589,2,4
#,#,#,1.0,#,#,#,#,#,#,#,#,"0.011999343044304833,2.5984908767692683","-6.405907908174081,3.675376863259464","-4.162524940280253,2.5751222534294897","-0.7247632886568002,0.8364616295738124","-4.817891260934049,0.5039884150017648",#,#,0,0.012714615176326013,0.5714285714285714,1,28.407999999999998,7572,7126,0.3157894736842105,0.00045358982985057656,4,7
#,2.0,#,#,#,#,0.0,#,#,"-2.999885565363666,0.6388593969640759","-2.027774322401755,0.5590927752021985",#,#,#,"-4.307537263005371,2.5751222534294897","-0.7705797685507874,2.175818076956146",#,#,"-2.1224461128077987,0.6242580647872434",0,0.01594037056682945,0.5882352941176471,1,37.8439111286784,7551,7128,0.3684210526315789,0.000604252788289833,10,17
#,#,"-3.41,11.562070801991638",#,#,#,0.0,#,#,#,#,#,#,#,#,#,#,#,"-0.5425274133288427,1.0099575566161811",0,0.06608640574072565,0.7058823529411765,2,35.97342018336293,7591,7129,0.15789473684210525,0.0011487734117230986,36,51
#,#,#,#,#,2.0,#,0.0,1.0,"-4.879643828027416,1.259279485643801",#,#,"-0.6776487227960031,2.6803065382854543",#,"-2.2389599121918984,1.5682141120721815",#,"-2.262955653447814,0.8484279927606673","-0.7304273413911075,1.751636318931575","-1.2181686621628227,1.2299807135197147",1,0.012714615176326013,0.5714285714285714,1,31.256,7525,7130,0.47368421052631576,0.0004990637750566609,4,7
#,#,#,2.0,#,#,4.0,#,1.0,"-3.441864057775404,3.588193285299699","-1.2151249712717087,3.4735098143412557",#,#,#,#,#,#,#,"-2.126874313114682,2.988332931240318",1,0.09236779809895247,0.7368421052631579,2,44.74376878607565,7581,7132,0.3157894736842105,0.00142884528798575,14,19
#,#,#,#,#,2.0,0.0,#,0.0,#,"-1.8939570831381924,0.19222606009080256",#,#,#,"-1.4627437081116015,2.571374122175174",#,"-5.941330077122311,4.031779724925357",#,#,0,1.0,1.0,1,31.5,7371,7133,0.3157894736842105,0.0005029597169914519,2,2
#,#,#,1.0,#,2.0,#,#,#,#,#,#,"0.011999343044304833,2.5984908767692683","-6.405907908174081,3.675376863259464","-4.162524940280253,2.571374122175174",#,"-5.941330077122311,0.5039884150017648","-2.519351593803922,1.1811165438005602",#,0,0.004487102949207168,0.5,1,24.5,7387,7136,0.3684210526315789,0.0003911908909933514,2,4
2.0,#,"10.62,15.38",#,#,#,#,3.0,#,#,#,#,#,#,#,#,#,"-1.2098741830544972,1.2950580947085368",#,0,0.00018986906563260434,0.3333333333333333,1,16.666666666666668,7328,7137,0.21052631578947367,0.00026611625237642954,1,3
#,#,#,#,#,4.0,#,#,#,"-1.2174365030495524,1.9510400459420434",#,#,"-3.3287556311750133,3.144073181230267","-2.2241472559748354,2.096789693704096",#,"0.13427966463341168,0.9571152770511168",#,"-0.8463944456802207,2.341701180563641",#,1,0.13384577796367964,0.7727272727272727,2,33.644883382350905,7585,7138,0.3157894736842105,0.001074414033282388,17,22
#,#,#,#,2.0,#,#,#,1.0,#,"-6.044987925837651,3.563170236331559",#,"-0.6776487227960031,2.6803065382854543",#,"-0.9616563916669829,1.5682141120721815",#,"-1.915043241432676,2.186326110387595","-1.5787817115376048,3.956281438639241",#,1.0,0.05512258585579107,0.6896551724137931,1,30.36795002188928,7597,7140,0.3684210526315789,0.0004848843031307932,20,29
#,2.0,#,0.0,#,4.0,3.0,#,#,#,#,#,#,"-6.405907908174081,3.8940306699039304",#,"-1.6238877616300753,2.4392205718573363",#,#,#,1,0.004487102949207168,0.5,1,19.5,7456,7140,0.3157894736842105,0.00031135601528042254,2,4
3.0,0.0,#,#,#,#,#,3.0,#,#,#,"-2.311994990683543,2.0528922283064817","-2.108775864775625,-0.004796519951460798","-3.248551027975579,2.0323202590816307",#,#,#,"-1.6961805250166064,1.1684955528343908",#,0,0.00024814621295752627,0.4375,1,25.022399999999998,7141,7141,0.3684210526315789,0.0003995320388078382,0,0
2.0,#,"6.59,17.97",#,3.0,#,#,#,1.0,#,#,"-2.094665432197457,3.080321289640981","-1.5492493421029345,2.5744166585486647","-4.387702561227509,1.3084706632915593","-0.6335021092735118,1.7596186375067793",#,#,"-2.2967720455391887,-0.8735150695374648",#,1,0.1,1.0,1,17.0,7143,7143,0.47368421052631576,0.00027143857742395813,0,0
2.0,#,"8.030000000000001,15.41",#,#,#,#,0.0,#,"-3.0842709032653066,5.138181162626725","-1.7757846986134558,2.3965815878445342","-1.4075204988980585,1.716705096533715","-1.7117693116241313,3.771533241559846","-2.069716406457424,0.40460932841639674",#,"-1.7156481323722934,2.843128628861095","-0.4425676463710677,1.9007355845581975",#,"-2.863667688517184,1.5549433797878836",1.0,0.004487102949207168,0.5,1,15.5,7525,7143,0.5789473684210527,0.00024748811471007946,1,2
2.0,#,#,#,#,#,#,#,#,"-6.1080969690347215,2.6056887468118743",#,#,"-0.6616424516722748,2.9594456955426733","-2.408050002098679,2.0323202590816307",#,#,#,"-1.3703853621516533,0.17099010832523442","-1.3360265058802154,-0.5425274133288427",1,0.018602861511813194,0.6,1,18.0,7525,7149,0.3157894736842105,0.0002874055525665439,3,5
#,#,#,#,#,#,#,#,#,"-5.85829593202579,1.5678209796732627","-3.227081319976278,-0.47331957091400456",#,#,#,"-2.389378273568401,-0.4748816761441682",#,"-0.6898359865551589,1.7421868834109315","-1.4243873951155737,2.5607321376892536","-1.9209526643555082,2.7670820396621223",1,0.017334984700396884,0.5945945945945946,1,28.23733808233226,7562,7151,0.3157894736842105,0.007157791520736329,22,37
#,2.0,#,#,#,#,4.0,#,1.0,"-3.5111767739813025,5.138181162626725","-2.135928140770649,0.20059697964582512","-0.3938466937965368,3.3562676774484137","-1.7695881121888486,2.5744166585486647",#,"-4.296612011680557,2.0656998596425207",#,#,#,#,1,0.19798043916371608,0.8125,1,42.606445293568,7597,7152,0.42105263157894735,0.0006802960529163408,13,16
#,#,#,0.0,#,#,4.0,#,1.0,#,#,#,"-3.2273113191483196,2.5744166585486647",#,"-4.296612011680557,2.0656998596425207","-0.7232366946640206,1.962070164692633",#,#,#,1,0.05679804999163894,0.6923076923076923,1,43.215548928,7533,7155,0.3157894736842105,0.0006900215955065751,9,13
2.0,#,"5.73,12.760000000000002",#,#,#,4.0,#,1.0,#,#,"-2.13488791243081,2.0137727789322994","-1.7695881121888486,1.2805739253437585",#,#,#,#,"-4.225922948167388,2.6716648351713794",#,1,1.0,1.0,1,32.5,7564,7155,0.3684210526315789,0.0005189266921340375,2,2
#,2.0,"-4.83,8.969999999999999",#,#,1.0,#,#,1.0,"-3.9438438854996756,3.3832581340433894",#,"-2.094665432197457,1.1870483579137954",#,#,"-1.6039877984302042,2.4301300318565713","-0.5805423565565491,4.103132398135289","-0.7850264605626947,1.9020775975264483",#,"-2.0291578473752687,-0.4766728774302448",0,1.0,1.0,1,39.0,7551,7156,0.5263157894736842,0.0006227120305608451,2,2
#,0.0,"3.92,14.563470902068715",#,2.0,#,1.0,5.0,1.0,"-3.6410603599932903,3.0919523066138512","-1.336005325975617,1.5846510745449762",#,"-3.9387395913255925,1.4147100315880419",#,"-0.5280281518487814,1.5232182025343248",#,#,"-2.629083414178866,3.956281438639241",#,1,0.004487102949207168,0.5,1,33.0,7444,7158,0.5789473684210527,0.0005269101797053305,1,2
#,#,#,1.0,#,#,1.0,#,#,#,#,#,"-2.7503898980332284,1.018497765394575",#,"-0.7356770901919629,1.7743904287503511","-0.7247632886568002,0.8364616295738124","-1.7584697186429132,2.6257526919235836",#,#,0,0.1754292063196716,0.8,1,24.2,7560,7159,0.3157894736842105,0.0003864007984505757,4,5
#,#,#,#,#,#,#,#,0.0,"-4.442692402115076,1.6962309115561405","-3.5187116244479233,1.399540412404662",#,#,"-6.405907908174081,3.675376863259464","-1.71272837370093,1.2910301458959212",#,#,#,#,0.0,0.050133995531600244,0.6813186813186813,1,34.90890410787402,7578,7159,0.2631578947368421,0.0005573896041453348,62,91
#,2.0,#,2.0,#,#,#,1.0,1.0,#,#,#,#,#,#,#,"-3.2355243577779778,3.4223794563406393","-1.6961805250166064,1.9704411067334644",#,0.0,0.00179050838320942,0.4444444444444444,1,34.41024,7539,7161,0.3157894736842105,0.0005494274467304107,4,9
4.0,#,"10.149999999999999,17.85",#,#,#,4.0,#,1.0,#,#,#,"-1.7695881121888486,2.6803065382854543","-3.030731391469385,1.604455518186196",#,#,#,#,#,1.0,0.1754292063196716,0.8,1,43.6,7570,7162,0.3157894736842105,0.0006961601162167397,4,5
#,#,#,#,1.0,3.0,#,5.0,1.0,"-4.879643828027416,1.259279485643801",#,"-1.137619626115823,2.489540175580113",#,#,#,#,#,"-2.290413492913321,1.751636318931575","-0.958967665482287,0.7129392252277387",1,0.0007871689090540713,0.4,1,29.8,7475,7164,0.42105263157894735,0.000475815859249056,2,5
#,#,#,#,1.0,#,1.0,#,#,"-4.879643828027416,1.259279485643801","-2.920782340950239,3.003977785820106","-1.137619626115823,2.489540175580113",#,#,"-1.4056956976448807,1.3976743200120318",#,"-2.271480825693,3.397563297271015","-1.193734504314927,0.45724358784707264",#,1,0.04231439924197695,0.6666666666666666,1,17.333333333333332,7475,7164,0.42105263157894735,0.0002767609024714867,2,3
2.0,#,#,#,#,#,#,#,#,"-3.5603536405535188,-1.0076840419277986",#,"-1.2467690994103755,0.2901630199523094","-0.6776487227960031,2.6803065382854543",#,#,#,"-1.915043241432676,2.186326110387595",#,#,0,0.04231439924197695,0.6666666666666666,1,31.24,7385,7165,0.2631578947368421,0.0004988083034543795,4,6
#,#,"10.62,15.38",#,#,4.0,0.0,#,#,"-4.285824638775512,0.7639348611798433","-3.5187116244479233,3.563170236331559",#,#,"-6.405907908174081,3.8940306699039304","-4.307537263005371,2.5751222534294897","-1.6238877616300753,2.4392205718573363",#,"-1.2098741830544972,2.1249110893913965",#,1,8.519620443632683e-07,0.16666666666666666,1,33.32,7352,7165,0.47368421052631576,0.0005320196117509579,1,6
#,0.0,#,1.0,#,#,3.0,2.0,#,#,#,#,"-3.023495914092641,3.3165292918576985",#,#,#,#,#,"-1.0455433322626342,2.162811248939175",0,0.0,0.0,1,41.5,7166,7166,0.3157894736842105,0.0006626294684173096,0,2
#,#,"2.11,5.890000000000001",#,#,#,0.0,#,#,#,"-2.6947917926992027,3.5637576369877824","0.03227189129272179,2.183976858400481",#,#,"-4.307537263005371,2.5751222534294897",#,#,#,"-2.863667688517184,2.105150964051791",0,0.04231439924197695,0.6666666666666666,1,37.839999999999996,7389,7167,0.3157894736842105,0.0006041903393954456,4,6
#,2.0,#,#,#,#,0.0,4.0,#,"-4.766947186013964,0.6388593969640759","-2.2351241353006577,2.8967949209973067",#,"-0.6776487227960031,2.6803065382854543",#,"-4.307537263005371,2.5751222534294897",#,"-1.0770206413715593,2.6044636848740312",#,#,1,0.0007871689090540713,0.4,1,29.4,7452,7168,0.42105263157894735,0.0004694290691920217,2,5
#,#,#,#,4.0,2.0,#,#,#,"-2.22215963297243,4.818698465048423",#,"-1.8658769439701535,0.531737162235635",#,"-2.895941557423985,2.7486965746194976","-4.296612011680557,2.5751222534294897","-2.2578130069479037,0.42749385240874993",#,"-1.5652614341356856,3.1472693839942583",#,0,0.0,0.0,1,37.666666666666664,7170,7170,0.42105263157894735,0.0006014227303707307,0,3
1.0,#,#,#,#,#,#,0.0,1.0,"-1.939319381695189,5.364859815023895",#,"0.4010901660008528,2.491317848334104",#,#,#,"-2.5789468207340907,3.1899884241788157",#,#,"-2.671050479738233,1.3295838658893282",0.0,0.0,0.0,1,29.0,7171,7171,0.3684210526315789,0.0004630422791349874,0,4
4.0,#,#,#,#,3.0,#,#,1.0,#,"-3.5187116244479233,0.5522634583430337",#,#,#,#,"-0.09266232292912668,2.4392205718573363",#,#,#,1,0.012714615176326013,0.5714285714285714,1,29.016,7497,7172,0.2631578947368421,0.00046329775073726873,4,7
2.0,#,#,#,#,#,#,2.0,#,"-4.442692402115076,1.6962309115561405","-3.5187116244479233,1.399540412404662","-3.159782046767126,-0.2088723775907717",#,#,#,#,#,#,#,0.0,0.004487102949207168,0.5,1,36.9952,7547,7173,0.2631578947368421,0.0005907014387949891,4,8
#,#,#,0.0,#,#,#,2.0,0.0,#,"-1.6381714633383677,2.5341948231196225","-2.6453699017249366,0.7358807608729703",#,"-6.405907908174081,3.675376863259464","-1.71272837370093,1.2910301458959212",#,#,"-2.519351593803922,1.8111839586132379","-1.6586902155408834,2.162811248939175",0,0.01651434060463075,0.5909090909090909,1,33.11209568645782,7578,7173,0.47368421052631576,0.008810573626917855,13,22
#,#,"12.11,15.89",#,#,2.0,#,#,1.0,#,"-3.5187116244479233,3.563170236331559",#,"-0.6776487227960031,2.6803065382854543","-6.405907908174081,3.8940306699039304","-0.9616563916669829,1.5682141120721815","-0.09266232292912668,2.4392205718573363",#,#,#,1,0.0,0.0,1,36.0,7174,7174,0.42105263157894735,0.0005748111051330878,0,1
3.0,#,"4.29,11.71",#,#,#,#,#,#,"-3.1203906175623537,4.206711401980711",#,#,#,"-3.076862479539,0.37988708020414585","-1.4812974846709053,1.7323218038626282",#,#,"-1.8608421287012205,0.9279624999470566",#,1,0.0027964065569803416,0.47058823529411764,1,36.1815888101376,7533,7178,0.3157894736842105,0.0005777105291507265,8,17
0.0,#,"7.779999999999999,14.22",2.0,#,#,#,5.0,1.0,#,"-3.5187116244479233,3.563170236331559",#,#,#,"-4.307537263005371,3.5547319844935235",#,#,#,"-1.656669816080347,0.6720576388371888",0,0.0,0.0,1,30.333333333333332,7183,7183,0.42105263157894735,0.00048433157932510173,0,3
0.0,#,#,#,#,#,#,#,1.0,#,#,#,"-2.6255016637287127,2.6803065382854543","-2.2797834254364373,3.5338408341315795",#,"-0.09266232292912668,2.4392205718573363","-2.4090073876485905,3.380035222590811","-0.7211762735019536,0.6130767342491903",#,0,0.00018986906563260434,0.3333333333333333,1,25.91808,7512,7183,0.3684210526315789,0.00041383333910354945,3,9
#,#,"-4.83,5.41",#,#,#,3.0,#,1.0,"-2.315948485372742,4.234165386538178",#,"-3.6211556898175363,3.289812344793523",#,"-2.2797834254364373,3.5338408341315795","-0.9616563916669829,3.5547319844935235",#,#,#,"-1.656669816080347,0.6720576388371888",0,0.00179050838320942,0.4444444444444444,2,26.85108049412096,7580,7185,0.42105263157894735,0.0008574610696023982,8,18
#,#,#,0.0,#,1.0,#,#,1.0,#,"-3.5187116244479233,3.563170236331559","-0.18177492337765555,2.5847028914751773","-2.6255016637287127,3.3165292918576985","-2.0433872020752664,1.1776748876853922","-4.307537263005371,1.5682141120721815",#,"-2.4090073876485905,3.380035222590811",#,#,0,0.08899203205142091,0.7333333333333333,1,32.28563968,7587,7185,0.47368421052631576,0.000515504006233041,11,15
#,2.0,#,2.0,#,#,#,3.0,#,"-1.9908910726043656,4.818698465048423",#,"-2.658254936106593,3.080321289640981",#,"-2.675860236282176,2.7449515733150296","-4.296612011680557,3.5547319844935235",#,"-2.4090073876485905,3.380035222590811",#,"-2.126874313114682,1.3315493125160505",1,0.010206444073780463,0.5555555555555556,2,23.0368,7561,7186,0.47368421052631576,0.0007356560259294398,5,9
4.0,#,#,#,2.0,0.0,#,#,1.0,#,"-2.7571138854359223,5.686722059714089",#,#,#,"-0.40644906790670343,2.055046557353024",#,#,"0.3328470752824837,3.122430748245862",#,0,1.0,1.0,1,22.0,7229,7187,0.3684210526315789,0.000351273453136887,1,1
#,#,"9.149999999999999,16.85",2.0,#,0.0,#,3.0,#,"-3.2342188282090336,1.3204662109663858",#,"-3.6211556898175363,2.6735810794068864","-1.782554017485801,3.3165292918576985","-3.248551027975579,3.675376863259464","-2.799903155509714,1.7128388241331205",#,#,#,#,0,0.0,0.0,1,29.0,7187,7187,0.47368421052631576,0.0004630422791349874,0,2
#,#,"8.030000000000001,12.27",1.0,#,#,#,#,#,#,#,"-1.4075204988980585,1.9321205041648892","-2.539278245034071,1.1557096602873047",#,"-4.517633022179837,3.5547319844935235","-3.3717556673272364,2.1290465575558297","-1.9368789332059368,1.740210830494996",#,#,0,0.04231439924197695,0.6666666666666666,1,25.40233721085952,7572,7188,0.3684210526315789,0.00040559848680937554,12,18
3.0,#,#,1.0,#,#,1.0,5.0,#,#,#,"-0.3425390324918841,3.080321289640981","-2.8008867173931025,0.968000946034701",#,#,#,#,#,#,0,0.051040618546056606,0.8043478260869565,1,21.944502907082953,7188,7188,0.3157894736842105,0.0003503873324337947,0,0
1.0,#,"2.5700000000000003,9.43",#,4.0,#,#,#,#,"-3.4300356935221634,-0.8556484974664917","-3.5187116244479233,1.404680593572505",#,#,"-6.405907908174081,3.675376863259464",#,#,"-5.941330077122311,0.8036523272569156",#,"-2.939590467294778,2.780937706276897",0.0,0.04231439924197695,0.6666666666666666,1,33.0,7535,7190,0.42105263157894735,0.0005269101797053305,2,3
#,#,"3.9,8.1",#,4.0,#,#,#,0.0,"-4.442692402115076,1.6962309115561405","-3.5187116244479233,1.399540412404662",#,"-1.782554017485801,1.8055771310864683","-6.405907908174081,3.675376863259464","-1.71272837370093,1.2910301458959212",#,#,"-5.388635315621911,1.611904892742986",#,0,0.0007871689090540713,0.4,1,37.0,7488,7190,0.47368421052631576,0.0005907780802756736,2,5
#,0.0,#,2.0,4.0,#,#,#,#,#,"-2.341741252163904,3.5830188746064415",#,#,#,#,#,#,#,"-2.126874313114682,1.3315493125160505",1.0,0.15242782964648433,0.7857142857142857,1,41.381240422400005,7581,7191,0.2631578947368421,0.0006607332371938265,11,14
#,2.0,#,#,#,#,#,3.0,#,#,"-4.8645217391034965,2.6183289467520576",#,"-1.7117693116241313,2.5744166585486647","-3.608616844704816,4.93921538970364",#,"-2.633422665812279,2.4420371741846925",#,#,"-1.609673024431281,0.6593434701037538",0,0.006694558062200311,0.5263157894736842,1,23.37798642224333,7593,7192,0.3684210526315789,0.00037327572808766693,10,19
#,0.0,#,#,#,#,#,3.0,1.0,#,"-2.071683787340416,3.102050407867491",#,"-1.9666628003960784,2.023924137351008",#,"-4.307537263005371,2.5751222534294897",#,#,#,#,1,0.15242782964648433,0.7857142857142857,1,32.2959939584,7599,7194,0.3157894736842105,0.000515669332738873,11,14
3.0,#,"-0.73,6.862423881064063",1.0,#,#,#,2.0,#,"-5.373925666634273,-2.2054491176426767",#,#,#,#,"-0.424081787148618,4.362159706411964",#,#,#,"-2.5635951487635955,1.718950779284742",1,0.1,1.0,1,29.75,7195,7195,0.3684210526315789,0.0004750175104919267,0,0
#,#,"-3.165257394256443,14.185636570673985",#,#,#,0.0,#,#,#,#,"0.03227189129272179,2.183976858400481",#,"-3.555782581976179,1.5507792676443766","-4.307537263005371,2.5751222534294897",#,"-3.2355243577779778,0.795131729355737","-2.2905465419082685,1.8111839586132379","-2.863667688517184,2.105150964051791",0,0.1258726380062298,0.7666666666666667,1,33.06314547119261,7591,7198,0.42105263157894735,0.0005279184218742298,23,30
#,#,#,#,#,#,0.0,#,#,#,"-2.6947917926992027,3.5637576369877824",#,#,#,"-4.307537263005371,2.5751222534294897",#,#,#,"-2.863667688517184,2.105150964051791",0,0.051817930068119536,0.6842105263157895,1,34.55791714423037,7591,7199,0.21052631578947367,0.0005517854040214651,65,95
#,#,"5.73,14.27",#,#,4.0,#,#,#,#,"-3.4568798236945035,0.21480250838852788","0.5699437262711471,2.189633047078932","-1.7117693116241313,2.73837639469409","-0.8279709722990869,4.93921538970364",#,#,#,#,"-2.613229706141714,1.3276936791033465",1,0.2717094830870178,0.8461538461538461,1,38.207667712,7585,7200,0.3684210526315789,0.0006100608806136811,11,13
#,#,#,#,#,4.0,#,5.0,#,"1.9510400459420434,1.9932063063307441",#,#,"-3.3287556311750133,3.144073181230267","-2.2241472559748354,2.096789693704096","-1.2738036018223982,2.9654388639026887","0.13427966463341168,0.9571152770511168",#,"-0.8463944456802207,2.341701180563641",#,1,0.01060419864062692,0.75,1,35.25,7200,7200,0.42105263157894735,0.0005628358737761485,0,0
#,#,#,#,#,0.0,#,0.0,1.0,#,"0.776703091962555,2.8628862351915503","-3.3993509338979555,2.189633047078932","-1.7117693116241313,2.1626896551454657","-0.5667520156848798,2.0258101541224796","-2.2389599121918984,1.7596186375067793",#,#,#,#,1,0.06502398167538297,0.9285714285714286,1,27.0,7202,7202,0.42105263157894735,0.00043110832884981585,0,0
#,#,"-3.41,5.41",#,1.0,#,#,0.0,1.0,"-1.9908910726043656,3.5584643862708063",#,#,"-4.557443756025425,2.5744166585486647",#,#,"-0.8163101134209829,1.141930305408049",#,#,#,1.0,0.10604198640626919,0.75,1,23.0,7527,7202,0.3684210526315789,0.00036724042827947277,3,4
#,#,"8.030000000000001,17.97",2.0,#,#,#,3.0,#,"-1.9908910726043656,5.138181162626725",#,"-1.4075204988980585,3.080321289640981",#,#,#,#,"-3.2355243577779778,3.4223794563406393",#,#,1,0.04231439924197695,0.6666666666666666,1,28.56,7561,7204,0.3157894736842105,0.00045601681007224963,4,6
#,0.0,#,#,#,1.0,#,#,#,"-3.324895449389312,6.302393333301464",#,"-2.589349729340245,0.6689463637086467",#,#,#,"-2.6214452341491232,2.418661129165158","-2.7913524800310645,1.8971153397091267","1.0935753196570217,2.9722745279792977","-2.8248664259579357,0.31285280637558427",0,0.0,0.0,1,29.25,7208,7208,0.42105263157894735,0.00046703402292063383,0,4
3.0,#,#,2.0,#,#,#,#,1.0,#,#,#,"-1.7695881121888486,2.5744166585486647",#,#,"-1.5180177215658732,0.3554521803108619",#,"-1.7510135419169623,2.063315153767658",#,1,0.08341400127400735,0.7272727272727273,1,33.2183552,7594,7209,0.3157894736842105,0.0005303966517559848,8,11
0.0,#,"7.99,14.01",#,#,#,#,#,#,"-4.766947186013964,-0.21226214683854483",#,#,"-2.6255016637287127,2.6803065382854543",#,#,"-2.4661537646436207,3.341113798846333","-2.2747515784983605,2.6044636848740312","-2.48320322978506,1.3311254658995604","-0.8180377615942932,0.9135800894982332",1,0.002133551299546628,0.45454545454545453,1,27.0534528,7496,7210,0.42105263157894735,0.00043196180837871745,5,11
4.0,2.0,"6.619999999999999,11.38",1.0,#,#,#,#,1.0,#,#,"0.18831004670402773,2.647401437684324",#,#,#,"-4.415557739437534,3.6632989992241525",#,"-2.2905465419082685,1.8111839586132379","-1.1472825586836264,2.9130627473264363",0,1.0,1.0,1,27.0,7340,7211,0.47368421052631576,0.00043110832884981585,1,1
#,#,#,0.0,#,#,#,2.0,#,#,#,"-2.6453699017249366,0.7358807608729703",#,#,"-1.71272837370093,1.2910301458959212",#,"-0.831052754726396,2.209617626795529","-2.519351593803922,1.8111839586132379","-1.6586902155408834,2.162811248939175",0,0.004487102949207168,0.5,1,33.53708434966446,7578,7213,0.3684210526315789,0.03284263723525274,10,20
#,#,"8.030000000000001,17.97",2.0,#,#,#,5.0,#,#,#,"-1.4075204988980585,3.080321289640981","-1.6826738912848298,3.5642089342715235",#,#,#,#,#,#,0,0.00010169738465997736,0.3076923076923077,1,36.58183936,7559,7215,0.2631578947368421,0.0005841013197311857,4,13
#,#,#,2.0,2.0,#,#,#,1.0,#,"-0.4485144949292552,1.1364304414089306",#,#,"-1.7316543490390703,1.8036577006982375","-1.870870253644457,1.7728620366783456",#,#,"-3.3129572009958466,1.45695597638665",#,0,7.535933471318032e-09,0.09090909090909091,1,25.833356799999997,7495,7215,0.3684210526315789,0.0004124805658751491,1,11
#,0.0,#,0.0,#,#,#,#,#,#,"-2.071683787340416,-0.1962423202051633",#,#,"-1.9653844134918879,1.8841775962220695","-4.307537263005371,2.5751222534294897",#,#,"-0.9444920576995727,1.1684955528343908",#,0,1.0784192681666448e-05,0.23076923076923078,1,26.362081279999998,7492,7216,0.3157894736842105,0.0004209226965045857,3,13
#,#,#,2.0,#,#,0.0,#,#,"-4.766947186013964,-0.21226214683854483",#,#,"-0.6776487227960031,2.6803065382854543",#,#,#,"-2.2747515784983605,2.6044636848740312","-1.7510135419169623,0.04185690831379185","-1.4888541286522294,1.3772719697078142",1,8.034195446879148e-06,0.2222222222222222,1,38.049279999999996,7463,7218,0.3684210526315789,0.0006075319079532859,2,9
3.0,#,#,1.0,4.0,#,4.0,#,1.0,"-3.0842709032653066,4.818698465048423",#,"-3.3993509338979555,2.0020542657866818",#,#,"-2.994041147835808,2.0656998596425207","-2.5836910509377082,-0.0232821850395033","-1.7564223968913237,1.5671010433768269","-1.5652614341356856,1.7936250292283829",#,1.0,0.01483003364613032,0.7777777777777778,1,40.80332647110378,7219,7219,0.5789473684210527,0.000651505699498926,0,0
#,#,#,#,#,#,4.0,#,1.0,#,#,#,#,"-2.5437862165786975,2.0323202590816307",#,#,#,#,#,1.0,0.05304975375784701,0.6862745098039216,1,33.756436600830085,7597,7219,0.15789473684210525,0.0005389881841077265,35,51
#,#,"0.5700000000000003,7.43",#,#,#,0.0,2.0,0.0,"-4.210953925879235,2.6210736328838946",#,"-2.6453699017249366,0.4297296177111996",#,#,#,#,#,#,"-0.6385037103544913,3.7801073579505764",0,1.0,1.0,2,49.504000000000005,7554,7223,0.3684210526315789,0.0015808582749171323,7,7
#,0.0,"2.2199999999999998,9.780000000000001",#,#,4.0,#,#,#,#,#,"-2.3444962613508773,1.0367544012470296","-1.0600066102491519,1.442426198138648","-1.9024519677275147,3.2041098818930407",#,#,#,"-0.49525747807632015,-0.39819539938769455",#,1.0,1.0,1.0,1,41.0,7276,7226,0.3684210526315789,0.0006546459808460166,1,1
4.0,#,#,1.0,#,0.0,#,#,1.0,#,"-2.7571138854359223,5.686722059714089",#,#,#,"-0.40644906790670343,2.055046557353024","-0.26319809731102173,2.4221087620456316",#,"0.3328470752824837,3.122430748245862",#,0,0.1,1.0,1,18.0,7229,7229,0.42105263157894735,0.0002874055525665439,0,0
#,#,#,#,#,0.0,#,#,1.0,#,#,#,"-0.33810881774396995,0.9367581150961879","-1.9653844134918879,2.7486965746194976",#,"-2.4661537646436207,1.5047586187804707",#,"-0.9444920576995727,3.1472693839942583",#,0,0.021465321838809365,0.6111111111111112,1,27.74546112643072,7583,7229,0.3157894736842105,0.00044301108812529915,11,18
4.0,#,#,#,#,2.0,#,#,1.0,#,#,#,"-0.6776487227960031,2.6803065382854543","-9.106668072193902,1.5399587523177558","-2.2389599121918984,1.5682141120721815","-0.09266232292912668,2.4392205718573363","-2.262955653447814,0.8484279927606673","-0.7304273413911075,3.140831633333582",#,1.0,0.1754292063196716,0.8,1,29.8,7553,7230,0.47368421052631576,0.000475815859249056,4,5
#,#,#,#,2.0,#,3.0,#,1.0,#,#,"-3.3993509338979555,3.676401320672384",#,"-1.8936737311977012,2.0344507685104185",#,#,#,"-1.5787817115376048,-0.15552473553588086",#,1.0,0.004487102949207168,0.5,1,32.0,7552,7230,0.3157894736842105,0.0005109432045627447,1,2
4.0,0.0,"-0.6768470623525087,14.563470902068715",#,#,#,1.0,5.0,1.0,"-2.1758130268288074,4.557199639778334","-2.221032018723146,0.44928240460996793",#,#,#,"-2.2599772674800436,2.731388861518848","-0.4539927203791696,2.3061397230402423",#,"-1.7376765973268977,2.1335823773977918",#,1.0,0.0,0.0,1,36.333333333333336,7233,7233,0.5789473684210527,0.0005801334301806164,0,3
#,#,#,1.0,#,3.0,1.0,#,#,#,#,#,"-2.7503898980332284,1.018497765394575",#,"-0.7356770901919629,1.7743904287503511","-0.7247632886568002,0.8364616295738124",#,#,#,1,0.00044871029492071687,0.5,1,22.0,7234,7234,0.3157894736842105,0.000351273453136887,0,0
1.0,#,#,#,#,3.0,#,#,1.0,#,#,"-2.1815070837411152,0.8308798702097467",#,#,#,"-0.09266232292912668,2.4392205718573363",#,#,#,1,0.0,0.0,1,18.0,7236,7236,0.2631578947368421,0.0002874055525665439,0,2
#,2.0,"4.87,13.129999999999999",#,#,#,2.0,#,#,#,#,"-2.6453699017249366,2.0983273363511294",#,#,#,#,#,#,#,0,0.0006318866387587116,0.3888888888888889,1,22.29462177972224,7592,7237,0.21052631578947367,0.0003559776717701764,7,18
#,#,"-1.7800000000000002,5.78",#,#,#,#,#,0.0,"-4.0434923362414565,-0.18191154215794914",#,"-3.3993509338979555,0.5351952916705176",#,"-2.494232134293987,1.5910173454024574","-2.627328336173115,1.2910301458959212","-0.6053363142855642,2.042821833669853","-1.923207572952621,1.7538821907483118","-1.6212960790481676,1.1113573148751423",#,0,0.06191055711381182,0.7,1,36.842048000000005,7544,7239,0.47368421052631576,0.0005882560646179519,7,10
#,0.0,"-0.31000000000000005,4.3100000000000005",2.0,#,#,1.0,2.0,0.0,#,#,#,#,"-2.993946942365395,2.583989847220135",#,#,"-3.49077505414595,1.105587150480216","-5.3224790348431625,2.5607321376892536",#,0,0.1,1.0,1,39.75,7240,7240,0.47368421052631576,0.0006346872619177844,0,0
1.0,#,#,0.0,#,1.0,#,#,#,#,"-3.5187116244479233,3.563170236331559","-0.18177492337765555,2.5847028914751773","-2.6255016637287127,3.3165292918576985","-2.0433872020752664,2.1892125682674513","-4.307537263005371,1.5682141120721815",#,"-2.4090073876485905,3.380035222590811",#,#,0,1.0,1.0,1,33.0,7536,7244,0.47368421052631576,0.0005269101797053305,2,2
1.0,#,"-3.165257394256443,14.185636570673985",0.0,#,#,0.0,#,#,#,"-0.8498211580411246,1.48670396237535",#,#,#,#,#,"-3.2355243577779778,0.795131729355737",#,#,0,1.0,1.0,1,31.0,7536,7244,0.3157894736842105,0.0004949762294201589,4,4
#,2.0,#,2.0,#,0.0,#,3.0,1.0,"-2.319401477762163,4.818698465048423",#,#,#,#,#,#,#,#,#,1,0.1,1.0,1,19.5,7247,7247,0.3157894736842105,0.00031135601528042254,0,0
3.0,#,#,2.0,#,0.0,#,3.0,#,#,#,"-2.658254936106593,3.080321289640981",#,"-2.895941557423985,3.675376863259464","-4.296612011680557,3.5547319844935235","-2.4661537646436207,1.5047586187804707","-3.2355243577779778,3.7140890438456604",#,"-2.126874313114682,1.3315493125160505",1,0.1,1.0,1,29.0,7247,7247,0.5263157894736842,0.0004630422791349874,0,0
#,#,#,#,#,#,4.0,#,#,#,"-3.726658722179408,0.12955190428800728","0.5350436736535229,2.50231678643776",#,#,#,"-1.2073408598044078,3.4763338948874303",#,#,#,0,0.0009868772223930195,0.4117647058823529,1,37.7766721118208,7567,7248,0.21052631578947367,0.0006031791845790559,7,17
#,2.0,#,0.0,4.0,#,#,#,#,#,#,#,"-2.6255016637287127,0.9367581150961879","-2.895941557423985,2.7486965746194976","-4.307537263005371,2.5751222534294897",#,#,"-1.5652614341356856,3.1472693839942583",#,0,0.004487102949207168,0.5,1,39.209024,7557,7248,0.3684210526315789,0.000626049511573049,5,10
2.0,#,"10.62,15.38",#,#,#,0.0,#,#,"-3.5603536405535188,-1.0076840419277986",#,"-1.9362846845727053,0.33837485208406815","-1.947605847075568,0.6388856866493955","-1.8683413958090656,0.331408324027482","-4.307537263005371,2.5751222534294897",#,#,"-1.2098741830544972,1.2950580947085368",#,0,1.0,1.0,1,47.0,7261,7250,0.47368421052631576,0.0007504478317015313,1,1
3.0,#,#,#,#,#,3.0,#,#,#,#,"-1.364454735284815,2.6735810794068864",#,"-3.248551027975579,3.7365120505586327",#,"-4.164570934997725,2.5141533232047313","-0.7451794929412979,0.9593864547233861",#,#,1,0.24120498592959838,0.8333333333333334,1,28.16,7594,7251,0.3157894736842105,0.00044963002001521536,5,6
#,#,"-3.41,5.41",#,1.0,#,#,0.0,1.0,"-1.9908910726043656,3.5584643862708063","0.776703091962555,2.8628862351915503","-3.3993509338979555,2.189633047078932","-3.235742026189479,1.4199427345154545",#,"1.8140176256161435,4.549012764793619",#,#,#,#,1.0,0.1,1.0,1,17.0,7252,7252,0.47368421052631576,0.00027143857742395813,0,0
#,0.0,#,#,#,#,1.0,#,0.0,"-4.442692402115076,1.6962309115561405","-6.044987925837651,2.666783069939524",#,#,"-2.767572381700362,3.7725228095725796","-4.426350320324126,0.7017655656336408",#,"-2.3467607576704297,2.6257526919235836","-1.6961805250166064,1.1684955528343908","-1.5434292203316298,1.5018297591759169",0,0.24120498592959838,0.8333333333333334,1,31.8,7488,7254,0.5263157894736842,0.0005077498095342276,5,6
#,0.0,#,#,#,#,1.0,#,0.0,"-4.442692402115076,1.6962309115561405",#,#,#,#,#,"-2.2444541828345015,3.341113798846333","-2.3467607576704297,2.6257526919235836","-1.6961805250166064,1.1684955528343908","-2.5635951487635955,-1.32032198075417",0,0.01754292063196716,0.8,1,25.193472,7254,7254,0.42105263157894735,0.0004022635411794307,0,0
#,#,#,#,#,#,3.0,0.0,1.0,#,#,"-1.9855671619397013,-0.3917550748159888",#,#,#,"-0.6906527468120148,1.3077151485231693",#,#,"-2.0291578473752687,-0.4766728774302448",0,0.0,0.0,1,21.0,7255,7255,0.3157894736842105,0.0003353064779943012,0,1
#,#,#,#,#,4.0,#,#,#,"-1.2174365030495524,1.9510400459420434",#,"-1.2555903639478987,1.1420237422578898","-3.3287556311750133,3.144073181230267","-2.2241472559748354,2.096789693704096",#,"-4.587700139406907,0.9571152770511168",#,"-0.8463944456802207,2.341701180563641",#,1,0.02081237092113218,0.6086956521739131,1,33.60970834791472,7594,7256,0.3684210526315789,0.007096136165728644,14,23
#,0.0,#,#,4.0,1.0,#,#,#,#,"-2.341741252163904,3.5830188746064415",#,#,#,#,#,#,#,"-2.126874313114682,1.3315493125160505",1.0,0.04231439924197695,0.6666666666666666,1,37.666666666666664,7581,7259,0.2631578947368421,0.0006014227303707307,2,3
2.0,0.0,"-5.109999999999999,5.109999999999999",2.0,4.0,1.0,2.0,#,#,#,"-1.7615903848595105,3.7459331132650364","-1.8177295181945017,1.1946574357563604",#,#,#,#,#,"0.4236180836126995,2.359247570975044","-3.287100131950611,2.5652012172481315",1,0.1,1.0,1,10.0,7259,7259,0.5789473684210527,0.0001596697514258577,0,0
#,#,#,#,0.0,2.0,#,3.0,1.0,#,#,#,"-2.821286786020041,1.7604982165784653",#,#,"-2.6967878158075096,1.6746419552382057",#,"-3.288973147446869,0.5822858272778206",#,0,0.0,0.0,1,30.0,7260,7260,0.3684210526315789,0.00047900925427757314,0,1
#,#,#,#,0.0,2.0,#,3.0,1.0,#,"-4.8645217391034965,2.6212070960986242","-3.3993509338979555,2.814335879677551","-3.1733034927661605,2.2213788490030484",#,#,#,"-1.334575010492046,2.9082208707013373","-2.9566659572206424,0.2883599480632888",#,0,0.02090396306611382,0.8181818181818182,1,22.232563199999998,7260,7260,0.47368421052631576,0.00035498678397036715,0,0
#,#,"-3.165257394256443,14.185636570673985",#,#,4.0,0.0,#,#,#,#,#,#,"-3.555782581976179,1.5507792676443766",#,#,#,"-2.2905465419082685,1.8111839586132379","-2.863667688517184,2.105150964051791",0,0.001348283049688907,0.42857142857142855,1,34.344,7578,7262,0.3157894736842105,0.0005483697942969658,3,7
#,#,"-3.41,5.41",#,#,4.0,#,0.0,#,#,#,"-0.7329801088138693,1.8490658517154408",#,"-2.860526098421384,1.6960983212400345",#,#,#,#,#,1.0,1.0,1.0,1,31.0,7597,7264,0.2631578947368421,0.0004949762294201589,1,1
#,#,#,#,#,2.0,#,5.0,1.0,"-0.8367709107990464,3.9270534833096575","-3.5187116244479233,3.563170236331559",#,#,#,#,#,#,#,#,1,0.0027964065569803416,0.47058823529411764,1,30.411465595289602,7555,7265,0.2631578947368421,0.0004855791152095915,8,17
3.0,#,#,#,#,#,#,4.0,#,#,"-4.8645217391034965,2.6212070960986242","-2.1229914819781195,1.2791776462876625",#,#,#,"-2.4661537646436207,3.341113798846333","-1.3743806994914507,3.1512682404481582",#,"-1.0443173791730518,3.724615405036605",0.0,0.04231439924197695,0.6666666666666666,1,24.2448,7481,7266,0.3684210526315789,0.00038711611893696353,6,9
#,0.0,"0.039999999999999813,3.96",#,3.0,#,#,#,#,"-3.2188565685452493,2.9399690909616716",#,"-3.4548324193227082,-0.2786729387428979","-2.6255016637287127,0.9367581150961879",#,#,"-0.8898610894994641,1.5047586187804707",#,#,#,0,0.004487102949207168,0.5,1,41.5,7355,7266,0.3684210526315789,0.0006626294684173096,1,2
#,#,#,#,#,0.0,#,#,#,#,"-2.071683787340416,-0.1962423202051633",#,"-0.33810881774396995,0.9367581150961879",#,"1.6557945705184383,4.801038980572535","-2.4661537646436207,1.5047586187804707",#,"-0.9444920576995727,3.1472693839942583",#,0,0.1,1.0,1,25.0,7267,7267,0.3157894736842105,0.0003991743785646443,0,0
#,#,"4.57,11.43",#,#,1.0,#,#,1.0,#,#,#,"-2.6255016637287127,4.92662603045283",#,#,"-2.4661537646436207,1.5047586187804707","-1.3743806994914507,3.1512682404481582",#,#,1,0.006694558062200311,0.5263157894736842,1,33.897711210659836,7599,7268,0.3157894736842105,0.0005412439122911566,10,19
#,#,#,#,0.0,#,#,#,#,#,"-2.071683787340416,-0.1962423202051633","-2.1229914819781195,-0.2786729387428979",#,#,"-0.4205488672105937,2.5751222534294897",#,#,#,#,0,0.0007871689090540713,0.4,1,35.0,7554,7268,0.21052631578947367,0.000558844129990502,2,5
#,0.0,"4.1,13.9",2.0,#,#,1.0,2.0,0.0,#,"-2.4577656622069046,-0.2881351932487497",#,"-1.6100527797862092,0.7547394796194713","-2.993946942365395,2.583989847220135",#,#,#,"-5.3224790348431625,2.5607321376892536",#,0,1.0,1.0,1,39.0,7479,7269,0.5263157894736842,0.0006227120305608451,1,1
1.0,#,#,#,#,#,0.0,#,#,"-3.2758431045058116,-0.7014559084501402","-0.8498211580411246,1.48670396237535",#,"-2.0248407271302287,0.2660517741690245",#,#,#,#,#,#,0,0.1754292063196716,0.8,1,35.4,7551,7270,0.2631578947368421,0.0005652309200475363,4,5
1.0,#,"-3.165257394256443,14.185636570673985",0.0,#,#,0.0,#,#,#,#,#,"-2.3943395176623663,0.6355505647011621",#,#,#,"-3.2355243577779778,0.795131729355737","-1.7368214509737987,-0.08584335881179916",#,0,1.0,1.0,1,28.0,7432,7270,0.3684210526315789,0.00044707530399240163,1,1
#,#,#,#,#,1.0,#,#,1.0,"-3.9438438854996756,3.3832581340433894",#,#,#,#,"-1.6039877984302042,2.4301300318565713",#,#,#,"-2.0291578473752687,-0.4766728774302448",1,0.002133551299546628,0.45454545454545453,2,34.672384,7581,7271,0.2631578947368421,0.0011072261869243772,5,11
#,#,#,#,#,#,3.0,5.0,1.0,#,#,#,#,#,#,"-2.4661537646436207,1.5047586187804707",#,"-1.811610158086012,2.4012304908790907","-2.126874313114682,1.3315493125160505",1.0,0.0027964065569803416,0.47058823529411764,1,29.426462656921597,7555,7273,0.3157894736842105,0.0004698515977772956,8,17
0.0,#,#,0.0,#,1.0,#,#,1.0,#,"-3.5187116244479233,3.563170236331559","-0.18177492337765555,2.5847028914751773","-2.6255016637287127,3.3165292918576985","-2.0433872020752664,1.1776748876853922","-4.307537263005371,1.5682141120721815",#,"-2.4090073876485905,3.380035222590811",#,#,0,0.0,0.0,1,36.0,7275,7275,0.5263157894736842,0.0005748111051330878,0,1
0.0,0.0,"2.2199999999999998,9.780000000000001",#,#,4.0,#,#,#,#,#,"-2.3444962613508773,1.1420237422578898",#,#,#,"-2.3723034860688172,0.9571152770511168",#,#,#,1.0,0.05362385928861729,0.8571428571428572,1,41.0,7276,7276,0.3157894736842105,0.0006546459808460166,0,0
#,#,#,#,#,4.0,#,#,#,"-1.2174365030495524,1.9510400459420434",#,#,"-3.3287556311750133,3.144073181230267","-2.2241472559748354,4.57570222016917",#,#,#,"-0.8463944456802207,2.341701180563641",#,1,0.04231439924197695,0.6666666666666666,1,32.310958715116115,7594,7276,0.2631578947368421,0.0005159082746373741,24,36
4.0,#,"0.4500000000000002,9.55",2.0,2.0,2.0,1.0,0.0,1.0,"-2.440452602391513,1.259279485643801","-2.4213458520343325,3.2530722975485347",#,"-0.9661538173978028,1.6203377163271606",#,"-2.2389599121918984,1.5682141120721815",#,"-2.8024368117109617,2.2182049810345426","-1.5692398455261052,1.751636318931575","-1.2181686621628227,2.2506884906356497",1,0.1,1.0,1,26.5,7278,7278,0.7894736842105263,0.00042312484127852296,0,0
4.0,#,#,#,#,2.0,#,0.0,#,"-4.879643828027416,1.0250686230680452",#,"-0.9020232648000155,2.9710456759939503","-0.6776487227960031,2.6803065382854543","-4.144858542426638,1.5902032271472162",#,#,#,"-0.7304273413911075,1.732716338797894","-1.7499458549919114,0.9687607900380244",1.0,0.1,1.0,1,14.0,7278,7278,0.47368421052631576,0.00022353765199620081,0,0
#,#,#,#,#,3.0,0.0,2.0,#,#,"-3.3839610405590337,1.1364304414089306",#,"-3.023495914092641,1.8055771310864683",#,#,#,"-3.4606594041331915,1.6306956532988686",#,"-2.939590467294778,2.162811248939175",0,1.0,1.0,1,46.5,7510,7279,0.3684210526315789,0.0007424643441302384,2,2
#,0.0,#,0.0,#,#,0.0,1.0,#,#,#,#,#,#,#,#,"-3.2355243577779778,-0.5462156273331367",#,#,0,0.05252107005861742,0.8409090909090908,1,28.793531350036645,7280,7280,0.2631578947368421,0.00045974559933329925,0,0
#,#,#,#,0.0,#,1.0,5.0,1.0,"-2.1758130268288074,4.557199639778334","-2.221032018723146,0.44928240460996793","0.13046673082205118,3.662213186439037",#,#,#,"-0.4539927203791696,2.3061397230402423",#,"-1.7376765973268977,2.1335823773977918",#,1.0,0.0,0.0,1,35.0,7283,7283,0.47368421052631576,0.000558844129990502,0,2
4.0,#,"-1.71,14.563470902068715",#,#,#,1.0,5.0,1.0,"-0.9559355696104441,2.3115558715371396",#,"-0.6411967477764804,3.662213186439037",#,"-1.7776322771237394,3.0146796125201663","-2.2599772674800436,2.731388861518848",#,#,#,"-3.736913492679534,0.3831427737130291",1.0,2.013409287678367e-05,0.25,1,26.5,7475,7283,0.5263157894736842,0.00042312484127852296,1,4
#,#,#,0.0,#,#,4.0,#,1.0,#,#,#,"-0.6776487227960031,2.6803065382854543","-6.405907908174081,3.8940306699039304",#,"-2.0548341947853266,2.4392205718573363",#,"-1.5652614341356856,1.7936250292283829",#,1.0,0.12919385342872036,0.7692307692307693,1,38.20039628799999,7582,7284,0.3684210526315789,0.0006099447779674217,10,13
#,#,#,#,4.0,#,4.0,#,1.0,"-3.0842709032653066,5.799280405766666","-3.5187116244479233,3.563170236331559",#,#,#,"-0.9616563916669829,1.5682141120721815",#,#,#,#,1,0.06608640574072565,0.7058823529411765,1,44.873616809984,7596,7284,0.3157894736842105,0.0007164959241629336,12,17
#,#,"4.890000000000001,15.11",#,#,3.0,#,#,#,"-6.1080969690347215,5.138181162626725",#,"0.16671127553684517,2.189633047078932","-1.7117693116241313,2.9594456955426733",#,#,#,"-3.3387142218969528,1.9007355845581975",#,#,1,0.0011744210075127586,0.42105263157894735,1,31.170823518486525,7497,7285,0.3157894736842105,0.0004977037642936023,8,19
3.0,#,"3.5700000000000003,10.43",0.0,4.0,#,#,#,#,#,#,#,#,"-3.0531628980113714,0.7963991117025857","-3.364811755887832,2.5751222534294897",#,#,"-1.5652614341356856,3.1472693839942583","-1.9706519782379777,1.4328727635645746",0,0.004487102949207168,0.5,1,32.0,7288,7288,0.42105263157894735,0.0005109432045627447,1,2
1.0,#,#,0.0,#,#,#,#,#,"-5.86241686656086,3.472719167161265",#,"-3.8672948194623635,0.5590696843021683",#,"-2.5911618644632206,-2.4656139542143367","-1.3083734245425611,1.3582468361554771",#,"-0.9420214653063734,1.792460387420776","-3.3075432536867866,0.5637157210379029","-1.0443173791730518,1.313589905179977",1,0.007247718577234586,0.7142857142857143,1,18.728,7289,7289,0.47368421052631576,0.00029902951047034636,0,0
4.0,#,"0.29000000000000004,7.71",2.0,#,#,3.0,#,#,"0.8574779654849018,4.124969406632485",#,#,#,"-2.4386807314354533,0.38956890835439295","-1.193491325714017,1.806926460932637",#,"-0.48366595074418783,2.274151372031512",#,"-2.1576076765060974,1.7236047483564618",0,0.1,1.0,1,18.666666666666668,7290,7290,0.47368421052631576,0.0002980502026616011,0,0
#,#,"-4.83,5.41",#,#,3.0,3.0,#,1.0,"-2.315948485372742,4.234165386538178",#,"-3.6211556898175363,3.289812344793523",#,"-2.2797834254364373,3.5338408341315795","-0.9616563916669829,3.5547319844935235",#,#,#,"-1.656669816080347,0.6720576388371888",0,0.00018986906563260434,0.3333333333333333,1,23.333333333333332,7557,7290,0.47368421052631576,0.0003725627533270013,1,3
#,#,#,0.0,3.0,#,4.0,#,#,#,"-3.694964258816175,1.812559239308372","-2.0398017809788276,-0.2569605225181134","-2.7217512313940007,-0.8742572787333126","-2.002122858585838,2.0831266211106065","-2.275985797385302,1.4846325189837266","-1.4206111047690493,1.2646957545876043","-1.8831769379555288,1.5817730316857348",#,#,0,0.0,0.0,1,46.0,7291,7291,0.5263157894736842,0.0007344808565589455,0,1
2.0,#,#,#,3.0,2.0,4.0,#,0.0,#,#,"-3.3993509338979555,1.977007467565071",#,#,#,"-2.0763255704259067,1.9204102202444617",#,"-1.8187117380096187,0.6985791842993946",#,1.0,0.00921372963544312,0.6727272727272727,1,25.2253184,7291,7291,0.42105263157894735,0.0004027720318566115,0,0
#,#,#,2.0,4.0,#,#,#,1.0,"-3.5111767739813025,5.138181162626725",#,#,#,#,"-4.296612011680557,3.5547319844935235",#,#,#,#,1,0.07247718577234585,0.7142857142857143,1,46.7404009472,7581,7292,0.2631578947368421,0.0007463028200784349,10,14
4.0,#,#,2.0,#,#,#,5.0,#,"-2.8369169599919783,2.2128425399633778","-3.2506469862450764,0.9769689473099055",#,#,"-3.6486741422485007,0.5937003174362683",#,#,#,"-1.8608421287012205,2.2647613159069087",#,0,0.001348283049688907,0.42857142857142855,1,37.856,7583,7293,0.3684210526315789,0.000604445810997727,3,7
4.0,0.0,#,#,#,2.0,#,#,#,#,#,"-3.6211556898175363,2.6735810794068864",#,"-3.23970177662744,5.0796287237548565","-0.01505421778760252,2.1045670150749407",#,#,"-1.4046008781226644,2.295867259481818","-0.4903547548677917,1.4328727635645746",0,0.00011744210075127586,0.42105263157894735,1,22.676080633806844,7293,7293,0.42105263157894735,0.0003620684158112645,0,0
#,#,#,0.0,#,#,4.0,#,0.0,#,#,#,#,#,#,#,#,"-3.427797703055525,0.6985791842993946","-0.7757285413522013,1.4280591259562265",1.0,0.06191055711381182,0.7,1,26.86592,7563,7294,0.2631578947368421,0.00042896747682269796,7,10
#,#,"0.5700000000000003,8.760000000000002",#,#,#,#,#,#,"-3.792046393109029,-1.1186443048973695",#,#,#,#,#,#,"-5.941330077122311,4.031779724925357","-2.2905465419082685,1.8111839586132379","-1.6586902155408834,3.7801073579505764",0,0.03116220159846509,0.6410256410256411,1,35.97484799287311,7547,7297,0.2631578947368421,0.0005744095036605065,25,39
#,#,#,2.0,4.0,#,#,#,#,#,#,#,#,"-1.6436040015729403,1.263208128211068","-4.296612011680557,3.5547319844935235",#,#,#,#,1,0.01651434060463075,0.5909090909090909,1,44.64711557485743,7581,7300,0.21052631578947367,0.01187984906562925,13,22
#,#,#,2.0,4.0,#,4.0,#,#,"-1.5649741745419126,4.771978923441279",#,"-2.1272241775061227,0.8236854916702318",#,#,#,"-0.7518250546157192,1.246542840719465",#,"-1.6516728246917576,2.642710770764916",#,1,0.10604198640626919,0.75,1,44.0,7570,7300,0.3684210526315789,0.000702546906273774,3,4
3.0,#,#,#,#,#,1.0,4.0,0.0,"-4.442692402115076,1.6962309115561405",#,#,"-0.1933820476399415,2.319209727978594","-2.767572381700362,1.8300748081245524","-0.7356770901919629,1.1909005291088546",#,"-0.845491573680846,2.6257526919235836",#,#,0,0.1,1.0,1,19.0,7301,7301,0.47368421052631576,0.00030337252770912964,0,0
#,#,#,#,#,#,1.0,#,0.0,"-4.442692402115076,1.6962309115561405",#,#,#,#,"-0.7356770901919629,1.2910301458959212",#,"-1.7584697186429132,2.6257526919235836","-1.6209776490737187,0.2577215592485571",#,0,0.025577855839070813,0.625,1,28.955199999999998,7560,7301,0.3157894736842105,0.0004623269586485995,5,8
#,#,#,#,#,4.0,#,#,#,"-1.2174365030495524,1.9510400459420434",#,#,"-3.3287556311750133,3.144073181230267","-2.2241472559748354,2.096789693704096",#,"0.9571152770511168,1.6611464046734183",#,"-0.8463944456802207,2.341701180563641",#,0,0.0,0.0,1,26.5,7302,7302,0.3157894736842105,0.00042312484127852296,0,2
3.0,0.0,"11.83,16.17",#,#,#,0.0,#,#,#,"-0.22147682413482528,4.451573416698124","-1.3349608836996636,0.20197123566302122",#,"-2.394881086655098,2.004618353017997",#,"-2.3286301348672893,-0.6425072231782274","-0.7451794929412979,1.9007355845581975",#,#,1.0,0.05074665675287653,0.7916666666666667,1,26.0,7303,7303,0.47368421052631576,0.00041514135370723007,0,0
3.0,#,#,#,0.0,#,#,#,1.0,"-4.125210610481477,4.771978923441279",#,#,#,#,#,"-4.164570934997725,2.5141533232047313","0.28630740538600263,0.9593864547233861",#,#,1,0.004487102949207168,0.5,1,26.75,7501,7303,0.3157894736842105,0.00042711658506416943,2,4
#,#,"10.11,13.89",#,#,#,4.0,#,1.0,"-3.5111767739813025,5.138181162626725",#,#,"-1.7695881121888486,2.5744166585486647",#,"-4.296612011680557,2.0656998596425207",#,#,#,#,1,0.012714615176326013,0.5714285714285714,1,30.424,7570,7304,0.3157894736842105,0.0004857792517380295,4,7
2.0,#,"5.73,12.760000000000002",#,#,2.0,4.0,#,1.0,#,#,"-2.13488791243081,2.0137727789322994","-1.7695881121888486,1.2805739253437585",#,#,#,#,"-4.225922948167388,2.6716648351713794",#,1,0.1,1.0,1,31.0,7304,7304,0.42105263157894735,0.0004949762294201589,0,0
#,#,#,2.0,4.0,#,#,#,#,"-3.5111767739813025,5.138181162626725",#,#,#,#,#,#,#,#,"0.17566919884232157,2.0267089706998496",1,0.010206444073780463,0.5555555555555556,2,39.202560000000005,7549,7305,0.21052631578947367,0.0012518926020914547,5,9
#,2.0,#,#,#,4.0,#,2.0,#,"-4.210953925879235,2.6210736328838946",#,#,"-0.8548141607449221,1.8055771310864683",#,#,#,"-5.941330077122311,4.031779724925357",#,"-2.861282812065701,2.162811248939175",0,0.0007871689090540713,0.4,1,36.2,7578,7306,0.3684210526315789,0.000578004500161605,2,5
#,2.0,"1.9400000000000004,10.059999999999999",1.0,#,#,#,2.0,#,#,#,"-3.2049626917056084,0.5451516795393423",#,"-3.749788983849549,0.17833551585857044","-1.386806247972685,2.3273310286955646","0.6816325315525291,4.9906133058690205",#,"-4.341914707184822,-0.64144656958034","-0.6753200952328101,2.131095042744733",0.0,0.1,1.0,1,29.0,7306,7306,0.5263157894736842,0.0004630422791349874,0,0
#,2.0,#,1.0,4.0,#,#,#,0.0,#,#,"-1.4770495336770157,2.6735810794068864","-1.6436832662520853,1.9774048809628628",#,#,"-3.6636452545195395,-0.41629742459986496","-3.620019925526859,2.1368695181072037",#,#,1,0.1,1.0,1,34.0,7307,7307,0.42105263157894735,0.0005428771548479163,0,0
#,2.0,#,1.0,4.0,#,#,#,#,#,#,"-1.4770495336770157,2.6735810794068864","-1.6436832662520853,1.9774048809628628",#,#,"-4.164570934997725,1.2509453415462224","-3.620019925526859,2.1368695181072037",#,"-1.4883829596332954,2.392829465229264",0,0.004487102949207168,0.5,1,32.0,7340,7307,0.42105263157894735,0.0005109432045627447,1,2
#,#,"3.5700000000000003,10.43",#,#,1.0,#,#,#,#,#,"-3.6211556898175363,2.6735810794068864",#,"-3.23970177662744,3.675376863259464","-0.01505421778760252,2.1045670150749407",#,#,#,"-1.9706519782379777,1.4328727635645746",1,0.007998463441452223,0.5384615384615384,1,36.253938176000005,7498,7309,0.3157894736842105,0.0005788657296770334,7,13
4.0,#,#,2.0,2.0,#,4.0,#,#,"-3.441864057775404,3.588193285299699","-1.2151249712717087,3.4735098143412557",#,#,"-2.383318811982519,2.1733056076788997",#,#,#,#,"-2.126874313114682,2.988332931240318",1,0.1,1.0,1,38.96,7310,7310,0.42105263157894735,0.0006220733515551417,0,0
4.0,0.0,"10.11,17.85",#,#,#,4.0,#,1.0,#,#,#,"-1.7695881121888486,2.6803065382854543","-3.030731391469385,1.604455518186196",#,#,#,#,#,1,0.04231439924197695,0.6666666666666666,1,45.333333333333336,7570,7311,0.3684210526315789,0.0007238362064638884,2,3
#,#,"10.149999999999999,13.89",#,3.0,#,4.0,#,#,"-3.5111767739813025,5.138181162626725",#,#,"-1.7695881121888486,2.5744166585486647",#,"-4.296612011680557,2.0656998596425207",#,#,#,#,1.0,0.0,0.0,1,30.0,7311,7311,0.3157894736842105,0.00047900925427757314,0,1
3.0,#,#,2.0,#,#,#,#,1.0,#,#,"-0.7782386514357822,1.803807309093528","-1.7695881121888486,2.5744166585486647",#,#,"-1.5180177215658732,-0.6514897968557349",#,"-1.7510135419169623,2.063315153767658",#,1,0.018602861511813194,0.6,1,39.6,7594,7313,0.3684210526315789,0.0006322922156463966,3,5
4.0,#,#,#,#,#,3.0,#,1.0,"-1.0547689227641708,4.19302036150316",#,#,#,#,#,"-0.7232366946640206,1.962070164692633",#,"-1.3040946596078657,3.122430748245862",#,1.0,0.001348283049688907,0.42857142857142855,1,27.32,7497,7314,0.3157894736842105,0.0004362177608954433,3,7
#,#,#,#,#,2.0,3.0,2.0,#,#,"-4.044844948414859,1.1364304414089306","-1.2082642777183874,0.39014512641880494","-3.023495914092641,1.8055771310864683",#,"-1.4627437081116015,2.571374122175174",#,#,#,"-0.6818946802828219,3.6770054276397444",0,0.05322560164066237,0.8518518518518519,1,33.45538673465363,7315,7315,0.42105263157894735,0.0005341813283778082,0,0
#,0.0,#,#,#,#,0.0,0.0,1.0,"-4.501912444676001,2.429130006243116",#,#,#,"-1.7776322771237394,2.0323202590816307",#,#,"-1.3490262824115509,3.4223794563406393",#,#,0,0.04231439924197695,0.6666666666666666,2,36.666666666666664,7389,7317,0.3684210526315789,0.0011709115104562898,2,3
1.0,#,#,0.0,#,1.0,#,#,#,#,"-3.5187116244479233,3.563170236331559","-0.18177492337765555,2.5847028914751773","-2.6255016637287127,3.3165292918576985","-2.0433872020752664,2.1892125682674513",#,#,"-2.4090073876485905,3.380035222590811",#,#,0,1.0,1.0,1,40.0,7536,7318,0.42105263157894735,0.0006386790057034309,1,1
4.0,#,#,#,#,2.0,#,5.0,1.0,"-0.8367709107990464,3.9270534833096575","-3.5187116244479233,3.563170236331559",#,#,"-3.6451655872969626,3.8940306699039304",#,#,#,#,#,0,0.10604198640626919,0.75,1,35.75,7504,7319,0.3684210526315789,0.0005708193613474413,3,4
4.0,#,#,#,#,2.0,#,5.0,1.0,"-0.8367709107990464,3.9270534833096575","-3.5187116244479233,3.563170236331559",#,#,#,#,#,#,#,#,1,2.013409287678367e-05,0.25,1,35.75,7493,7319,0.3157894736842105,0.0005708193613474413,1,4
#,#,#,1.0,#,#,#,#,#,"-3.756512807912354,2.9764998586947873",#,#,"2.5984908767692683,2.709373272758496","-6.405907908174081,3.675376863259464","-4.162524940280253,2.5751222534294897","-0.7247632886568002,0.8364616295738124","-4.817891260934049,0.5039884150017648",#,#,0,0.1,1.0,1,27.5,7321,7321,0.3684210526315789,0.00043909181642110874,0,0
#,0.0,#,#,0.0,1.0,#,1.0,#,"-3.366894555084906,-0.2974328982492973","-2.7571138854359223,2.666783069939524",#,#,#,#,"-2.045473216693074,1.5765685936019471",#,#,#,0,0.024120498592959838,0.8333333333333334,1,30.639999999999997,7321,7321,0.3684210526315789,0.0004892281183688281,0,0
#,2.0,#,2.0,#,#,#,1.0,#,#,#,#,#,#,#,#,"-3.2355243577779778,3.4223794563406393","-1.6961805250166064,1.9704411067334644",#,0.0,0.001348283049688907,0.42857142857142855,1,35.68,7539,7323,0.2631578947368421,0.0005697016730874604,3,7
#,#,#,2.0,4.0,#,#,#,#,#,#,"-3.4719967203618234,2.293437958706418",#,#,"-4.296612011680557,3.5547319844935235",#,#,#,#,1,0.01651434060463075,0.5909090909090909,1,44.65116205252556,7581,7326,0.21052631578947367,0.011880925765508421,13,22
#,1.0,"6.619999999999999,11.38",0.0,2.0,0.0,2.0,2.0,0.0,"-1.7895220400288903,2.9631927834585037","-1.1467922740354606,1.940758777943452","-2.6601767544357076,1.3973240406817806","0.4294342608631807,4.124422166184557",#,"-1.328704354107873,2.637038597699466","-0.9697942766332452,1.653063585994184","-1.6965700939112291,1.5562400816703652","-2.8184448735585645,0.3127204736452285","0.41496485092956936,2.624270385082103",1.0,1.0,1.0,1,16.0,7327,7327,0.8947368421052632,0.00025547160228137235,1,1
2.0,#,"10.62,15.38",#,#,#,0.0,#,#,"-3.5603536405535188,-1.0076840419277986",#,#,#,#,"-4.307537263005371,2.5751222534294897",#,#,"-1.2098741830544972,1.2950580947085368",#,1,0.0,0.0,1,35.0,7328,7328,0.3157894736842105,0.000558844129990502,0,1
#,#,#,#,#,4.0,#,#,#,#,"-3.4568798236945035,0.21480250838852788","0.5699437262711471,2.293437958706418",#,"-0.8279709722990869,4.93921538970364","-4.296612011680557,3.5547319844935235",#,#,#,"-2.613229706141714,1.3276936791033465",1,0.15242782964648433,0.7857142857142857,1,35.5419905024,7597,7329,0.3157894736842105,0.0005674980788698404,11,14
#,#,#,2.0,4.0,#,#,#,#,#,#,"-3.4719967203618234,2.189633047078932","-1.7117693116241313,2.73837639469409",#,#,#,#,#,#,1,0.018602861511813194,0.6,1,44.58726723281224,7581,7329,0.21052631578947367,0.010531975886492326,12,20
4.0,#,#,#,#,2.0,#,#,1.0,"-0.8367709107990464,3.9270534833096575",#,#,"-2.6255016637287127,3.6719734399778967",#,#,#,#,#,#,0,0.00179050838320942,0.4444444444444444,2,36.95776,7504,7332,0.2631578947368421,0.0011802072704913014,4,9
4.0,#,#,#,#,#,#,5.0,#,#,#,#,#,"-3.6451655872969626,3.8940306699039304",#,"-2.4661537646436207,1.5047586187804707","-1.3743806994914507,3.1512682404481582",#,#,0,0.027754642120682713,0.631578947368421,1,32.14337626980352,7587,7332,0.2631578947368421,0.0005132324898987342,12,19
#,#,"2.29,9.71",#,#,#,0.0,0.0,1.0,#,#,"0.6817353922647009,2.8334403593724597",#,"-1.7776322771237394,2.0323202590816307","-2.5712958235475574,1.5995717636980924","-1.7584687169849975,2.175818076956146","-1.3490262824115509,2.8851791698336267",#,"-1.9663501715602738,0.8400649664172692",0,0.04231439924197695,0.6666666666666666,1,36.666666666666664,7389,7333,0.5263157894736842,0.0005854557552281449,2,3
#,2.0,#,#,#,#,0.0,0.0,1.0,#,"-2.2645541132199796,1.5740228703213714",#,#,#,#,#,#,"-2.2905465419082685,1.8111839586132379",#,0,0.10604198640626919,0.75,1,36.25,7482,7333,0.3157894736842105,0.0005788028489187343,3,4
4.0,#,#,#,3.0,#,2.0,#,#,#,"-2.7571138854359223,2.0684366623083146",#,#,"-3.608616844704816,4.93921538970364",#,#,#,"0.3085693301220884,1.45695597638665",#,0,1.0,1.0,1,24.0,7583,7336,0.3157894736842105,0.00038320740342205856,1,1
#,0.0,#,#,3.0,#,#,#,1.0,"-1.5649741745419126,5.138181162626725",#,#,"-1.7117693116241313,2.5744166585486647",#,"-0.6335021092735118,1.1909005291088546",#,"-2.596900303243272,-0.5462156273331367",#,#,0,1.0,1.0,2,44.0,7508,7336,0.3684210526315789,0.001405093812547548,1,1
4.0,#,"-0.75,2.75",#,#,#,#,5.0,#,#,#,"-0.7509428841052932,3.6139443348847315",#,"-3.6451655872969626,3.8940306699039304",#,"-2.4661537646436207,1.5047586187804707","-1.3743806994914507,3.1512682404481582",#,#,0,1.0,1.0,1,27.5,7583,7339,0.3684210526315789,0.00043909181642110874,2,2
#,2.0,#,#,0.0,0.0,#,#,1.0,#,#,#,"-0.33810881774396995,0.9367581150961879","-1.9653844134918879,2.7486965746194976",#,"-2.4661537646436207,1.5047586187804707",#,"-0.9444920576995727,3.1472693839942583",#,0,0.0,0.0,1,31.5,7339,7339,0.42105263157894735,0.0005029597169914519,0,2
2.0,#,"4.890000000000001,15.11",#,3.0,3.0,4.0,#,#,"-9.839837065600666,5.138181162626725",#,"0.16671127553684517,2.189633047078932","-1.7117693116241313,2.9594456955426733",#,#,#,"-3.3387142218969528,1.9007355845581975",#,#,1,0.1,1.0,1,20.5,7342,7342,0.47368421052631576,0.0003273229904230083,0,0
#,#,#,0.0,#,#,1.0,4.0,#,"-2.0493203812992187,0.5250668147564528",#,#,"-2.6159575540082862,0.11833349592953213",#,"-0.5262503609461173,1.1909005291088546",#,"-0.845491573680846,1.823354100221664",#,#,0,0.007542732565201511,0.717948717948718,1,15.903652121671016,7343,7343,0.3684210526315789,0.00025393321810305257,0,0
0.0,#,#,#,#,#,#,#,0.0,"-2.0437388386605027,2.114886631890967",#,#,#,"-2.5437862165786975,-0.17034259445190147","-0.042057919383419184,2.2826879489174345","-2.2444541828345015,3.4603134735725263",#,#,"-0.16362626484542897,2.523366952367112",1,0.004487102949207168,0.5,1,30.0,7490,7344,0.3684210526315789,0.00047900925427757314,1,2
#,0.0,#,2.0,0.0,#,#,2.0,0.0,#,"-3.822429655396337,4.137190418184775",#,#,#,#,"-1.1609122843900874,3.341113798846333",#,#,#,1,0.0,0.0,1,47.0,7344,7344,0.3684210526315789,0.0007504478317015313,0,1
#,#,"-8.739809641881426,14.185636570673985",0.0,#,#,4.0,#,0.0,#,#,"-2.344446325123729,0.42203148972910387",#,#,#,#,"0.1460799037604421,2.9746104912226983","-3.427797703055525,-0.11080336680754999","-2.863667688517184,2.2512277457339525",1.0,0.004487102949207168,0.5,1,28.0,7345,7345,0.42105263157894735,0.00044707530399240163,1,2
0.0,0.0,#,0.0,4.0,0.0,#,#,1.0,#,"-2.8954168848956985,1.7776333559372506",#,"-1.7695881121888486,2.5744166585486647","-2.240541240876894,-0.04079152104034667","-4.296612011680557,2.0656998596425207",#,"-2.699488748579909,1.6847336619865878",#,"-1.37012657222784,1.197444724219699",1,0.1,1.0,1,28.0,7346,7346,0.631578947368421,0.00044707530399240163,0,0
#,#,#,#,4.0,#,4.0,#,1.0,"-3.0842709032653066,5.799280405766666","-3.187482524947758,2.06969899598931",#,#,"-2.408050002098679,2.7486965746194976",#,"-2.0548341947853266,1.5047586187804707",#,"-1.5652614341356856,1.7936250292283829",#,0,8.034195446879148e-06,0.2222222222222222,1,46.67457513127936,7559,7346,0.42105263157894735,0.0007452517809118896,4,18
4.0,#,"-3.41,9.038478768686357",2.0,#,4.0,#,#,#,#,#,#,#,#,#,#,#,#,#,1.0,0.04231439924197695,0.6666666666666666,1,35.666666666666664,7550,7348,0.21052631578947367,0.0005694887800855591,2,3
#,#,"0.2295196337725578,12.620000000000001",0.0,3.0,#,#,#,#,"-1.9908910726043656,5.138181162626725","-0.4485144949292552,3.4735098143412557",#,#,#,"-4.296612011680557,1.7596186375067793","-2.2578130069479037,0.42749385240874993","-2.9534285179575095,0.1579551282509717","-1.695952615500192,1.4921430107436697",#,1,0.0,0.0,1,35.5,7349,7349,0.47368421052631576,0.0005668276175617949,0,2
#,2.0,#,#,3.0,#,#,#,1.0,#,#,"-1.5604813241660187,2.189633047078932",#,#,"-1.870870253644457,3.5547319844935235",#,"-3.129759595593236,3.380035222590811",#,"-1.331554800823028,1.236016495624511",1.0,0.002133551299546628,0.45454545454545453,1,32.913612799999996,7533,7349,0.3684210526315789,0.0005255308374302928,5,11
0.0,#,"-1.71,14.01",#,#,#,1.0,5.0,1.0,#,#,#,"-2.6255016637287127,0.9367581150961879",#,#,"-2.4661537646436207,2.3061397230402423",#,"-2.48320322978506,2.1335823773977918","-2.4761565618358388,0.9273681799667137",1,1.0,1.0,2,30.333333333333332,7590,7350,0.47368421052631576,0.0009686631586502035,3,3
#,#,"7.99,14.563470902068715",#,#,#,#,#,1.0,"-2.1758130268288074,4.557199639778334",#,#,#,"-1.7776322771237394,3.0146796125201663",#,"-0.4539927203791696,3.341113798846333",#,#,"-0.8180377615942932,0.9135800894982332",1.0,0.028646926366416515,0.6341463414634146,1,35.44406807718799,7596,7350,0.3157894736842105,0.0005659345539405786,26,41
#,#,"2.8,11.2",2.0,4.0,#,#,0.0,1.0,"-3.5111767739813025,5.138181162626725",#,"-2.658254936106593,2.293437958706418",#,#,"-4.296612011680557,3.5547319844935235",#,#,#,#,1,0.04231439924197695,0.6666666666666666,1,42.666666666666664,7570,7351,0.42105263157894735,0.0006812576060836596,2,3
3.0,#,#,#,#,#,#,5.0,1.0,#,#,"-0.7623122387614965,1.5738245826697845","-2.6431971602234423,1.716888568055781","-6.405907908174081,3.675376863259464","-0.9616563916669829,1.5682141120721815","-4.164570934997725,2.5141533232047313",#,#,#,1,0.3990343888868846,0.8888888888888888,1,34.86432,7507,7352,0.42105263157894735,0.0005566777308031559,8,9
#,#,"0.5700000000000003,15.41",#,#,#,#,#,#,"-3.366894555084906,-0.31145567820707276",#,#,"-1.613056184560188,2.229731236974043","-2.9759465782487604,2.5234277213426077",#,#,"-1.979519003673153,2.333990142206787","-2.2905465419082685,1.8111839586132379","-1.6586902155408834,3.7801073579505764",0.0,0.030601383275491882,0.6395348837209303,1,31.496086526137347,7589,7354,0.3684210526315789,0.0005028972306515656,55,86
0.0,0.0,#,#,#,#,#,#,#,"-3.139346000699975,2.2074581757233434","-0.7197270280319492,2.666783069939524","-3.1325433058753296,1.2938211978892022",#,#,#,#,#,#,#,1,0.002133551299546628,0.45454545454545453,1,34.714304,7532,7354,0.2631578947368421,0.0005542824290601658,5,11
#,#,"-4.83,15.41",#,#,1.0,#,#,#,"-3.9438438854996756,-0.31145567820707276",#,"-2.094665432197457,1.1870483579137954",#,"-2.9759465782487604,2.5234277213426077","-1.6039877984302042,2.4301300318565713",#,#,"-2.2905465419082685,1.8111839586132379",#,0.0,0.04231439924197695,0.6666666666666666,1,39.40734470144,7551,7356,0.3684210526315789,0.0006292160932832016,10,15
#,2.0,"0.5700000000000003,15.41",#,#,#,0.0,#,#,"-3.366894555084906,0.6388593969640759","-2.027774322401755,0.5590927752021985",#,"-1.613056184560188,2.229731236974043","-2.9759465782487604,2.5234277213426077","-4.307537263005371,2.5751222534294897",#,"-1.979519003673153,2.333990142206787",#,"-1.6586902155408834,3.7801073579505764",0.0,0.04231439924197695,0.6666666666666666,1,40.72286980096,7578,7357,0.5263157894736842,0.0006502210498466851,10,15
3.0,#,"9.11,12.89",#,1.0,#,#,5.0,1.0,#,#,"-0.7623122387614965,1.5738245826697845","-2.6431971602234423,1.716888568055781","-6.405907908174081,3.675376863259464","-0.9616563916669829,1.5682141120721815","-4.164570934997725,2.5141533232047313",#,#,#,1,1.0,1.0,1,39.0,7397,7359,0.5263157894736842,0.0006227120305608451,1,1
#,#,#,2.0,#,#,#,#,1.0,#,#,"-0.3625107339062701,2.6498762200445922","-1.7695881121888486,2.5744166585486647","-0.5074844871395073,1.8493902126853645",#,"-1.5180177215658732,0.3554521803108619",#,"-1.7510135419169623,2.063315153767658",#,1,0.053793162786514075,0.6875,1,27.432486068224,7590,7359,0.3684210526315789,0.00043801382315066315,11,16
#,#,#,#,#,#,3.0,#,#,"-5.85829593202579,1.5678209796732627",#,#,#,#,"-2.389378273568401,-0.4748816761441682",#,"-0.6898359865551589,1.7421868834109315","-1.5787817115376048,3.956281438639241","-1.9209526643555082,1.1444529588682986",1.0,0.0294375571679647,0.6363636363636364,1,26.163136,7562,7360,0.3157894736842105,0.000417746142164091,7,11
3.0,#,#,0.0,#,#,#,#,#,#,#,#,#,"-6.405907908174081,1.8300748081245524","-0.9616563916669829,0.5865602873698748","-2.6050094983454213,2.5141533232047313",#,#,#,1,0.10604198640626919,0.75,1,32.5888,7533,7361,0.2631578947368421,0.0005203445595266992,6,8
3.0,#,"1.6199999999999997,6.380000000000001",#,1.0,#,#,#,1.0,"-3.6864879951696397,3.6406140243734253","-3.5187116244479233,3.563170236331559","-0.7623122387614965,1.5738245826697845","-2.6431971602234423,1.716888568055781","-2.767572381700362,3.675376863259464",#,"-4.164570934997725,1.141930305408049",#,"-1.8608421287012205,0.9279624999470566",#,1,0.0,0.0,1,26.0,7361,7361,0.5789473684210527,0.00041514135370723007,0,1
#,#,"0.5700000000000003,7.43",#,#,#,0.0,2.0,#,#,"-3.951885762146938,1.8894270388942487",#,"-3.023495914092641,1.8055771310864683",#,"-1.2293835408157403,1.1637372059645508",#,#,#,"-0.6385037103544913,3.7801073579505764",0,1.0,1.0,1,52.666666666666664,7554,7366,0.3684210526315789,0.0008409273575095173,3,3
#,#,#,2.0,#,3.0,#,2.0,0.0,"-4.210953925879235,2.6210736328838946",#,"-2.6453699017249366,-1.0663366239485041",#,#,#,#,"-0.6038721518486538,1.4950438483499666",#,#,0,0.1,1.0,1,43.5,7366,7366,0.3684210526315789,0.000694563418702481,0,0
#,2.0,#,2.0,#,#,0.0,1.0,#,#,"-2.6947917926992027,3.5637576369877824",#,#,#,#,#,#,"-1.6961805250166064,1.9704411067334644",#,0,0.004487102949207168,0.5,1,43.0,7523,7368,0.3157894736842105,0.0006865799311311882,1,2
#,#,"3.5700000000000003,10.43",#,#,1.0,#,#,1.0,"-4.880102407345413,1.3578357984817906",#,"-3.6211556898175363,2.6735810794068864",#,"-3.23970177662744,3.675376863259464","-0.01505421778760252,2.1045670150749407",#,#,#,"-1.9706519782379777,1.4328727635645746",1,0.018602861511813194,0.6,1,36.623168,7498,7369,0.42105263157894735,0.0005847612130987427,6,10
4.0,2.0,#,#,#,2.0,#,5.0,1.0,"-0.8367709107990464,3.9270534833096575","-3.5187116244479233,3.563170236331559",#,#,"-3.6451655872969626,3.8940306699039304",#,#,#,#,#,0,0.0,0.0,1,28.0,7370,7370,0.42105263157894735,0.00044707530399240163,0,1
3.0,#,"-3.165257394256443,14.185636570673985",#,#,#,0.0,4.0,#,#,#,"-2.1229914819781195,2.183976858400481",#,"-3.555782581976179,1.5507792676443766","-4.307537263005371,2.5751222534294897",#,"-3.2355243577779778,3.1512682404481582","-4.856591494002631,1.8111839586132379","-2.863667688517184,1.3861363572203507",0.0,1.0,1.0,1,30.5,7459,7371,0.5263157894736842,0.00048699274184886603,2,2
#,#,"1.0799999999999996,8.92",0.0,#,#,#,2.0,0.0,#,#,"-4.006227346127675,-1.116794961725827",#,#,"-1.71272837370093,1.2910301458959212",#,#,#,"-1.6586902155408834,2.162811248939175",0,0.004487102949207168,0.5,1,35.0,7547,7372,0.3684210526315789,0.000558844129990502,1,2
#,2.0,"6.59,15.41",#,#,#,#,1.0,1.0,#,#,#,#,#,#,"-1.552801612680248,0.2582192924672625",#,#,#,0.0,0.0,0.0,1,34.0,7373,7373,0.2631578947368421,0.0005428771548479163,0,2
0.0,#,"-3.165257394256443,5.41",#,2.0,#,#,#,1.0,#,"-6.044987925837651,5.20960845465805",#,#,#,"-0.9616563916669829,2.473957560365362",#,"-1.915043241432676,2.186326110387595","-1.5787817115376048,3.956281438639241","-0.7215354478138063,1.4280591259562265",1.0,0.04231439924197695,0.6666666666666666,1,24.0,7590,7375,0.47368421052631576,0.00038320740342205856,2,3
#,#,"-1.0075001192424642,8.760000000000002",#,#,#,#,#,#,"-3.792046393109029,-1.1186443048973695",#,#,#,#,#,#,"-5.941330077122311,4.031779724925357","-2.2905465419082685,1.8111839586132379","-1.6586902155408834,3.7801073579505764",0,0.028361702724585783,0.6333333333333333,2,35.94792103206275,7547,7377,0.2631578947368421,0.02227820642282584,19,30
#,#,#,#,1.0,#,#,0.0,1.0,"-1.9908910726043656,3.5584643862708063","-3.9976718838086662,2.010535568690839",#,"-4.557443756025425,2.5744166585486647",#,#,"-0.8163101134209829,1.141930305408049",#,#,"-2.3559394410471595,0.510186657312884",1.0,1.0,1.0,1,32.5,7527,7379,0.42105263157894735,0.0005189266921340375,2,2
#,#,"-3.41,5.41",#,1.0,#,#,#,1.0,#,"-1.260346226548411,3.329256688555378",#,#,#,#,"-0.8163101134209829,1.141930305408049",#,#,#,1.0,0.00179050838320942,0.4444444444444444,1,23.76896,7553,7379,0.2631578947368421,0.0003795183934851155,4,9
#,#,#,#,#,0.0,#,#,#,"-3.5111767739813025,5.138181162626725",#,"-4.040883900530658,3.079661076216632",#,"-2.0297876070087884,1.819774402705169",#,#,#,"0.3085693301220884,2.642710770764916",#,0,0.007423181474913728,0.5333333333333333,1,27.26976415744,7591,7381,0.2631578947368421,0.00043541564644602093,8,15
#,#,#,#,#,#,#,#,#,"-3.792046393109029,-1.1186443048973695",#,#,#,"-1.5700008091075013,3.3794360605247293",#,#,"-5.941330077122311,4.031779724925357",#,#,0,0.046307403469899026,0.6744186046511628,1,32.34273369334525,7589,7385,0.15789473684210525,0.000516415624924915,29,43
#,#,#,#,#,#,3.0,4.0,#,#,#,#,#,"-2.895941557423985,3.675376863259464",#,"-2.4661537646436207,1.5047586187804707",#,"-1.811610158086012,2.4012304908790907","-2.126874313114682,1.3315493125160505",1.0,0.004487102949207168,0.5,1,22.25,7505,7386,0.3157894736842105,0.0003552651969225334,2,4
1.0,#,"-1.7800000000000002,5.78",#,#,#,#,4.0,#,"-3.792046393109029,1.778695827596135",#,#,#,#,"-3.076761078344075,1.9829799291342538",#,"-5.941330077122311,4.031779724925357","-4.415536457918924,-0.3734866460740274","-0.9729839371430121,2.9082284877195472",0,0.004487102949207168,0.5,1,23.5,7488,7387,0.42105263157894735,0.00037522391585076566,1,2
#,#,#,#,#,#,#,#,0.0,#,#,"-6.4291048658777665,0.5351952916705176","-1.6086546081586697,1.0517366836727207","-1.5700008091075013,3.3794360605247293","-1.1867821233246385,2.0952120436883317",#,"-4.511057043665861,-0.40968769184559095","-4.500931876479027,-0.2880912275139238",#,0,0.00179050838320942,0.4444444444444444,1,27.7568,7481,7387,0.3684210526315789,0.0004431921356377247,4,9
#,#,#,#,#,#,0.0,0.0,#,#,#,#,#,#,#,#,"-1.3490262824115509,3.4223794563406393",#,#,1,0.10604198640626919,0.75,1,42.0,7511,7389,0.15789473684210525,0.0006706129559886024,3,4
#,0.0,"2.29,9.71",#,#,#,0.0,0.0,1.0,"-4.501912444676001,2.429130006243116",#,"0.6817353922647009,2.8334403593724597",#,"-1.7776322771237394,2.0323202590816307","-2.5712958235475574,1.5995717636980924","-1.7584687169849975,2.175818076956146","-1.0875966440240667,1.811647208124746",#,#,0,0.0,0.0,1,47.0,7389,7389,0.5789473684210527,0.0007504478317015313,0,1
#,#,#,#,#,1.0,#,0.0,1.0,"-4.880102407345413,1.3578357984817906",#,#,#,"-3.23970177662744,3.675376863259464","-0.01505421778760252,2.1045670150749407",#,#,#,"-1.9706519782379777,1.4328727635645746",1,0.004487102949207168,0.5,1,36.0,7460,7391,0.3684210526315789,0.0005748111051330878,1,2
#,#,#,#,0.0,1.0,#,#,#,#,#,"-3.6211556898175363,2.6735810794068864",#,"-3.23970177662744,3.675376863259464",#,#,#,#,"-1.9706519782379777,1.4328727635645746",1,0.012714615176326013,0.5714285714285714,1,36.56,7599,7391,0.2631578947368421,0.0005837526112129358,4,7
0.0,#,"7.99,14.01",#,#,4.0,#,#,#,"-4.766947186013964,3.9209386583958636",#,#,#,#,#,"0.13427966463341168,3.341113798846333","-2.2747515784983605,2.6044636848740312",#,"-0.8180377615942932,0.9135800894982332",1,1.0,1.0,1,34.5,7486,7393,0.3684210526315789,0.0005508606424192091,2,2
4.0,0.0,#,#,#,3.0,1.0,1.0,1.0,#,#,#,#,#,#,#,"-0.4100512314043694,2.0862324767089833","-1.6961805250166064,1.9573123622548683",#,0.0,0.1,1.0,1,29.0,7394,7394,0.42105263157894735,0.0004630422791349874,0,0
#,#,#,0.0,2.0,1.0,#,#,#,#,"-2.920782340950239,3.003977785820106","-2.13488791243081,2.2483611082801356","-2.067266076016191,1.4799223130923296","-2.895941557423985,3.675376863259464",#,"-2.2129606764835326,2.1584690945621827","-0.4209529958030309,3.397563297271015",#,"-2.126874313114682,1.3315493125160505",1,0.0,0.0,1,40.0,7395,7395,0.5263157894736842,0.0006386790057034309,0,1
3.0,#,"5.239999999999999,14.760000000000002",#,#,#,#,5.0,1.0,#,#,"-0.7623122387614965,1.5738245826697845","-2.6431971602234423,1.716888568055781","-6.405907908174081,3.675376863259464","-0.9616563916669829,1.5682141120721815","-4.164570934997725,2.5141533232047313",#,#,#,1,1.0,1.0,1,27.5,7501,7397,0.47368421052631576,0.00043909181642110874,2,2
3.0,#,"-1.71,14.563470902068715",#,#,#,#,5.0,1.0,"-2.1758130268288074,4.557199639778334",#,"-1.4732430117317963,3.662213186439037",#,"-1.7776322771237394,3.0146796125201663",#,"-0.4539927203791696,2.3061397230402423",#,"-1.7376765973268977,2.1335823773977918",#,1.0,0.10604198640626919,0.75,1,32.812799999999996,7507,7397,0.47368421052631576,0.0005239211619586383,6,8
#,#,#,#,1.0,1.0,#,2.0,0.0,#,#,"-2.6453699017249366,0.7358807608729703","-3.023495914092641,1.8055771310864683",#,#,#,#,#,"-1.6586902155408834,2.162811248939175",1,0.0,0.0,1,44.5,7403,7403,0.3684210526315789,0.0007105303938450668,0,2
#,2.0,#,#,1.0,#,#,#,0.0,"-4.442692402115076,1.6962309115561405","-2.039956214008785,2.5496467010950044",#,"-3.023495914092641,1.8055771310864683","-2.767572381700362,1.8300748081245524",#,#,"-5.941330077122311,4.031779724925357","-2.519351593803922,1.1811165438005602","-1.6586902155408834,2.162811248939175",1,0.04231439924197695,0.6666666666666666,1,24.333333333333332,7534,7403,0.5263157894736842,0.0003885297284695871,2,3
#,2.0,#,#,0.0,#,#,0.0,#,#,#,"-3.3993509338979555,2.6735810794068864","-2.443962614132908,1.6205240817206061",#,"-0.06939905996573037,3.4177197424855508","-1.600206515287191,1.8302286328817092","-2.2896988306258232,2.9430827561793502","-2.030040640066691,0.9872641490569644","-1.2343189735005289,2.9454482532745354",0.0,1.0,1.0,1,40.0,7482,7406,0.5263157894736842,0.0006386790057034309,1,1
#,#,"0.5700000000000003,9.970929819462079",#,#,#,#,#,#,"-3.366894555084906,-0.31145567820707276",#,"-1.9088653873890742,-0.24897869847737464","-1.613056184560188,2.229731236974043","-2.9759465782487604,2.5234277213426077",#,#,"-1.979519003673153,2.333990142206787","-2.2905465419082685,1.8111839586132379","-2.8350981613920396,3.7801073579505764",0.0,0.021465321838809365,0.6111111111111112,1,35.23976530886656,7583,7407,0.42105263157894735,0.0005626724567172288,11,18
#,0.0,"-1.6600000000000001,3.66",#,#,#,0.0,2.0,0.0,#,"-2.3799789151268964,1.5479707097680593","-2.003239052897916,0.6402841924059018",#,#,#,#,#,#,"-0.9539726413471361,2.9082284877195472",0,0.1,1.0,1,47.0,7408,7408,0.42105263157894735,0.0007504478317015313,0,0
#,#,#,2.0,0.0,#,#,#,#,"-3.366894555084906,1.397531383042984",#,#,"-1.613056184560188,2.229731236974043","-2.9759465782487604,2.5234277213426077",#,#,"-0.09633161233053089,3.580758151370402","-2.2905465419082685,1.8111839586132379","-1.6586902155408834,3.7801073579505764",0,0.10604198640626919,0.75,1,39.25,7554,7409,0.42105263157894735,0.0006267037743464916,3,4
#,#,#,#,#,#,#,5.0,1.0,#,"-3.5187116244479233,3.6531172735808477",#,"-0.6776487227960031,2.6803065382854543","-6.405907908174081,3.675376863259464",#,"-0.09266232292912668,2.4392205718573363",#,#,"-1.3992189705636258,1.5863290485614199",1,0.004487102949207168,0.5,1,37.460044869632,7507,7413,0.3684210526315789,0.0005981236052735618,8,16
#,#,#,#,#,#,#,2.0,0.0,#,"-3.3839610405590337,1.8894270388942487",#,"-3.023495914092641,1.8055771310864683",#,"-1.2293835408157403,1.1637372059645508",#,"-0.6038721518486538,1.4950438483499666",#,"-1.6586902155408834,2.162811248939175",0,0.04231439924197695,0.6666666666666666,1,39.677553233919994,7578,7416,0.3684210526315789,0.0006335305062046242,10,15
3.0,#,#,2.0,#,#,4.0,#,#,#,#,#,"-1.7695881121888486,2.5744166585486647",#,#,#,#,#,#,1,0.001348283049688907,0.42857142857142855,1,30.744,7597,7420,0.21052631578947367,0.000490888683783657,3,7
#,#,#,#,4.0,#,#,#,#,#,"-1.2151249712717087,3.4735098143412557",#,#,"-1.6436040015729403,1.263208128211068","-4.296612011680557,3.5547319844935235","-2.0796673237297023,-0.08129942839451831","-5.941330077122311,1.9007355845581975",#,#,1,0.10604198640626919,0.75,1,41.80690829312,7581,7420,0.3157894736842105,0.0006675298655046101,12,16
#,#,"5.13,10.870000000000001",#,#,#,3.0,#,#,#,#,#,"-2.6255016637287127,0.9367581150961879",#,#,#,"-5.941330077122311,4.031779724925357","-2.2905465419082685,1.8111839586132379",#,0,0.012714615176326013,0.5714285714285714,1,28.648,7472,7421,0.2631578947368421,0.0004574219038847972,4,7
#,2.0,#,#,#,1.0,#,#,#,#,"-3.5187116244479233,3.102050407867491",#,#,#,"-0.9616563916669829,1.5682141120721815",#,#,"-1.6961805250166064,2.1249110893913965",#,0,0.06191055711381182,0.7,1,34.149696,7551,7421,0.2631578947368421,0.0005452673471588608,7,10
#,#,#,2.0,4.0,#,4.0,#,0.0,"-1.5649741745419126,4.771978923441279",#,"-2.1272241775061227,0.8236854916702318",#,"-1.6436040015729403,1.263208128211068","-4.296612011680557,0.9339387064327722","-2.0796673237297023,1.246542840719465",#,#,#,0,0.1,1.0,1,38.0,7423,7423,0.47368421052631576,0.0006067450554182593,0,0
#,#,#,#,4.0,#,4.0,#,#,#,"-1.2151249712717087,3.4735098143412557","-2.9626561968037533,0.848935459215705",#,#,#,"-0.7518250546157192,-0.08129942839451831","-5.941330077122311,1.9007355845581975","-1.6516728246917576,2.642710770764916",#,1,0.04231439924197695,0.6666666666666666,1,42.0,7542,7423,0.3684210526315789,0.0006706129559886024,2,3
#,#,#,#,#,2.0,#,#,#,#,#,#,"-2.6255016637287127,0.9367581150961879",#,#,#,"-5.941330077122311,4.031779724925357","-2.2905465419082685,1.8111839586132379","-1.6586902155408834,3.7801073579505764",1,0.023738192594418017,0.6190476190476191,1,24.02308972332974,7579,7427,0.2631578947368421,0.004446926672553466,13,21
#,#,"0.5700000000000003,8.760000000000002",#,#,#,#,2.0,#,#,#,#,"-3.023495914092641,1.8055771310864683",#,#,#,#,#,"-2.939590467294778,3.7801073579505764",0,0.0007871689090540713,0.4,1,32.18611314688,7554,7429,0.21052631578947367,0.000513914868552686,6,15
#,0.0,"0.3599999999999999,7.640000000000001",#,1.0,#,1.0,#,#,"-2.8402878409696877,0.625233384489871",#,"-2.7386393090612984,1.0114750621836524","-3.596893412394582,0.9109918320974961",#,"-4.307537263005371,2.5751222534294897",#,#,#,#,0.0,1.0,1.0,1,34.0,7540,7431,0.42105263157894735,0.0005428771548479163,2,2
#,#,#,#,#,#,#,#,#,"-3.792046393109029,-1.1186443048973695","-0.7405366306065206,2.513909072830712",#,#,"-1.5700008091075013,3.3794360605247293",#,#,"-5.941330077122311,4.031779724925357",#,#,0,0.025577855839070813,0.625,1,32.86840471820172,7589,7432,0.21052631578947367,0.005646680882126106,15,24
1.0,#,"-3.165257394256443,14.185636570673985",#,#,#,0.0,#,#,#,"-0.8498211580411246,1.48670396237535",#,#,#,#,#,"-2.1779288112833957,0.795131729355737",#,#,0,1.0,1.0,1,44.5,7551,7432,0.2631578947368421,0.0007105303938450668,2,2
2.0,2.0,"5.13,10.870000000000001",#,#,1.0,3.0,#,#,#,#,#,"-2.6255016637287127,0.9367581150961879",#,#,#,"-5.941330077122311,4.031779724925357","-2.2905465419082685,2.1249110893913965",#,0,0.1,1.0,1,23.0,7433,7433,0.42105263157894735,0.00036724042827947277,0,0
2.0,#,#,#,#,#,#,#,#,"-1.9216493702156718,3.9202292669875822","-3.5187116244479233,3.102050407867491",#,#,#,"-0.9616563916669829,1.5682141120721815",#,#,#,#,0,2.047584588069979e-09,0.07692307692307693,1,30.083156992,7433,7433,0.21052631578947367,0.00048033701990176937,1,13
#,0.0,#,#,#,4.0,#,#,#,"-1.2174365030495524,1.9510400459420434",#,#,"-3.3287556311750133,3.144073181230267","-2.2241472559748354,4.57570222016917",#,#,#,"-0.8463944456802207,2.341701180563641",#,1,0.30047963350765927,0.8571428571428571,1,33.016,7585,7434,0.3157894736842105,0.0005271656513076118,6,7
#,#,"5.73,14.27",#,#,4.0,#,#,#,#,"-3.4568798236945035,0.21480250838852788","0.5699437262711471,2.189633047078932","-1.7117693116241313,2.73837639469409","-0.8279709722990869,4.93921538970364",#,#,"-1.5996688909809147,3.6331126958242588","-1.198562827567049,0.9647877759555715","-2.613229706141714,1.3276936791033465",1,0.3529090646456946,0.875,1,38.1424,7585,7434,0.47368421052631576,0.0006090187526785636,7,8
#,#,#,#,#,#,3.0,#,1.0,"-5.85829593202579,4.771978923441279",#,#,"-3.742321776632924,-0.6385319361629684",#,#,#,#,"-1.6516728246917576,3.956281438639241","-1.9209526643555082,1.1444529588682986",1.0,0.1754292063196716,0.8,1,23.0,7538,7435,0.3157894736842105,0.00036724042827947277,4,5
4.0,#,#,0.0,#,4.0,#,#,#,"-2.0990847401496184,1.5678209796732627",#,#,#,#,"-2.389378273568401,-0.4748816761441682",#,"-0.6898359865551589,1.7421868834109315",#,#,1.0,0.0005590830505703739,0.513157894736842,1,30.5,7435,7435,0.3157894736842105,0.00048699274184886603,0,0
#,#,"3.0799999999999996,10.92",#,3.0,3.0,4.0,2.0,#,#,#,#,#,"-2.1692664857495543,4.93921538970364",#,#,#,"-1.8187117380096187,1.801584328903316",#,1.0,0.1,1.0,1,51.5,7436,7436,0.3684210526315789,0.0008222992198431673,0,0
#,#,#,0.0,3.0,#,#,#,#,#,"-3.694964258816175,-0.015089402343583691",#,#,#,#,#,"-1.7063866112562787,3.5971082402354506","-1.8187117380096187,0.6985791842993946","-0.7757285413522013,3.165194843892859",0,0.0,0.0,1,28.5,7436,7436,0.3157894736842105,0.0004550587915636945,0,2
#,#,#,#,4.0,#,4.0,#,1.0,"-3.5111767739813025,5.138181162626725","-2.135928140770649,0.20059697964582512",#,"-1.7695881121888486,2.5744166585486647",#,"-4.296612011680557,2.0656998596425207",#,#,#,#,1,0.14082285294353686,0.7777777777777778,1,49.89824,7581,7437,0.3684210526315789,0.0007967239577387791,7,9
#,#,#,#,#,2.0,#,5.0,#,"-0.8367709107990464,3.5260076633257387","-3.5187116244479233,3.563170236331559",#,#,"-3.6451655872969626,3.8940306699039304",#,#,#,#,#,1,5.705178725572668e-05,0.2857142857142857,1,32.64,7555,7438,0.2631578947368421,0.0005211620686539996,2,7
#,0.0,#,#,#,2.0,#,#,#,#,"-0.9179426516728396,2.169608400306073",#,"-2.6255016637287127,0.9367581150961879",#,#,#,"-5.941330077122311,4.031779724925357","-2.2905465419082685,1.8111839586132379","-1.6586902155408834,3.7801073579505764",1,0.04231439924197695,0.6666666666666666,1,28.72,7579,7438,0.3684210526315789,0.00045857152609506336,4,6
3.0,#,#,2.0,3.0,#,4.0,#,#,"-1.9908910726043656,5.138181162626725",#,"-1.5604813241660187,2.189633047078932","-1.7117693116241313,2.5744166585486647","-2.069716406457424,4.93921538970364",#,#,#,#,#,1,0.0,0.0,1,21.0,7439,7439,0.42105263157894735,0.0003353064779943012,0,1
#,#,#,#,#,#,4.0,#,#,#,#,#,"-1.7695881121888486,2.5744166585486647",#,"-0.6335021092735118,1.7596186375067793",#,"-1.6815267341831583,1.3591436473387668",#,"-0.9272283206140857,1.5209210550684518",1.0,0.09236779809895247,0.7368421052631579,1,38.40110255928115,7597,7439,0.2631578947368421,0.000613149450011929,14,19
#,#,#,2.0,#,#,#,#,1.0,"-3.792046393109029,-1.1186443048973695",#,#,#,"-1.5700008091075013,3.3794360605247293",#,#,#,#,#,1,0.014933135057530586,0.5833333333333334,1,32.57848576,7590,7440,0.21052631578947367,0.0005201798723130046,7,12
#,#,#,#,0.0,#,#,#,1.0,#,"-1.3234998341819513,2.1812878464427605",#,"-0.9245584916044042,2.5744166585486647","-1.7776322771237394,3.0146796125201663",#,"-3.7768528078461427,0.6570259599287969",#,"-1.7510135419169623,2.063315153767658",#,1.0,0.018602861511813194,0.6,1,32.016256000000006,7599,7440,0.3684210526315789,0.0005112027637106626,6,10
4.0,#,#,2.0,#,3.0,#,#,1.0,"-3.792046393109029,-1.1186443048973695","-3.5187116244479233,0.5522634583430337",#,#,#,#,#,#,#,#,1,0.05093014307559066,0.8,1,39.0,7441,7441,0.3157894736842105,0.0006227120305608451,0,0
#,#,#,#,#,3.0,#,#,1.0,#,#,#,#,"-1.5700008091075013,3.3794360605247293",#,#,#,#,#,1,0.018602861511813194,0.6,1,26.094060592798087,7595,7441,0.15789473684210525,0.006163688290404457,15,25
#,#,#,#,#,3.0,#,5.0,1.0,#,#,#,"-3.9568970779150607,-0.26190917259368507","-6.405907908174081,3.675376863259464","-0.9616563916669829,1.5682141120721815",#,#,#,#,1,0.0,0.0,1,38.0,7443,7443,0.3157894736842105,0.0006067450554182593,0,1
#,0.0,#,#,#,#,#,#,1.0,#,#,"-0.7623122387614965,1.5738245826697845","-2.6431971602234423,1.716888568055781",#,#,"-4.164570934997725,2.5141533232047313",#,#,#,1,0.08899203205142091,0.7333333333333333,1,30.79720875998479,7595,7443,0.2631578947368421,0.000491738266731702,22,30
#,#,"-1.1099999999999994,9.11",#,#,1.0,#,#,#,#,#,"-0.7623122387614965,2.6735810794068864","-2.6431971602234423,1.716888568055781","-3.23970177662744,3.675376863259464","-1.8696212041851303,3.1901198032931983","-4.164570934997725,2.5141533232047313",#,#,"-1.9706519782379777,1.4328727635645746",1,0.014933135057530586,0.5833333333333334,1,37.15594752,7599,7444,0.42105263157894735,0.0005932680904510614,7,12
#,0.0,"3.5700000000000003,10.43",0.0,#,1.0,#,#,1.0,#,#,"-3.6211556898175363,1.5738245826697845",#,#,"-0.01505421778760252,2.1045670150749407",#,#,#,#,1,1.0,1.0,1,38.0,7498,7444,0.3684210526315789,0.0006067450554182593,1,1
#,#,#,#,#,#,0.0,#,#,#,"-2.6947917926992027,3.5637576369877824",#,#,#,"-1.4808530585576731,2.9635140426057243",#,"-1.3490262824115509,3.4223794563406393",#,#,0,0.04938209596532861,0.68,1,35.94164674901008,7591,7445,0.21052631578947367,0.0005738793802250428,17,25
#,#,#,#,#,#,0.0,#,1.0,#,#,#,#,"-1.7776322771237394,2.0323202590816307","-4.307537263005371,2.5751222534294897",#,#,#,"-2.863667688517184,2.105150964051791",0,0.009436891853063059,0.55,1,32.982265758233396,7591,7445,0.2631578947368421,0.015357844381727182,11,20
#,0.0,#,2.0,4.0,#,#,#,1.0,#,"-2.341741252163904,3.5830188746064415","-2.658254936106593,2.293437958706418",#,#,"-4.296612011680557,3.5547319844935235","0.23672482200203304,2.7971336879002378",#,#,#,1,0.06995171944434424,0.9444444444444444,1,33.0,7446,7446,0.42105263157894735,0.0005269101797053305,0,0
#,#,"2.8,11.2",2.0,4.0,#,4.0,0.0,1.0,"-3.5111767739813025,5.138181162626725",#,#,#,"-1.0189234728532357,2.2807011069015846",#,#,#,#,"-2.126874313114682,1.3315493125160505",1.0,0.0,0.0,1,54.0,7446,7446,0.47368421052631576,0.0008622166576996317,0,1
#,1.0,#,#,#,#,#,#,1.0,#,"-3.227081319976278,3.563170236331559",#,"-0.6776487227960031,2.6803065382854543",#,#,#,"-1.915043241432676,2.186326110387595","-1.811610158086012,3.956281438639241",#,1.0,0.004487102949207168,0.5,1,25.0,7588,7448,0.3157894736842105,0.0003991743785646443,2,4
#,#,"0.16999999999999993,9.83",#,2.0,#,#,#,#,"-5.85829593202579,1.5678209796732627","-6.044987925837651,-0.47331957091400456",#,#,#,"-0.9616563916669829,1.5682141120721815",#,#,#,"-1.9209526643555082,1.3315493125160505",1.0,0.04231439924197695,0.6666666666666666,1,39.333333333333336,7594,7448,0.3157894736842105,0.0006280343556083738,2,3
#,#,#,#,#,#,#,#,#,"-3.792046393109029,-1.1186443048973695",#,#,#,#,#,"-0.14449838647705437,3.1652984401718447","-5.941330077122311,4.031779724925357","-2.2905465419082685,1.8111839586132379",#,1,0.00018986906563260434,0.3333333333333333,1,34.33919461965824,7558,7449,0.21052631578947367,0.0005482930669084981,6,18
#,0.0,#,#,#,4.0,1.0,#,1.0,#,#,"0.5699437262711471,2.189633047078932",#,"-2.2241472559748354,4.93921538970364",#,#,"-2.7249989369827756,0.7399510326584879","-1.198562827567049,2.341701180563641","-2.613229706141714,1.3276936791033465",1,1.0,1.0,1,43.0,7585,7451,0.47368421052631576,0.0006865799311311882,1,1
2.0,#,"5.73,14.27",#,#,4.0,#,#,#,"-1.2174365030495524,1.9510400459420434","-3.4568798236945035,0.21480250838852788",#,"-3.3287556311750133,3.144073181230267","-0.8279709722990869,4.57570222016917",#,#,"-1.5996688909809147,3.6331126958242588",#,#,1,1.0,1.0,1,43.0,7585,7451,0.42105263157894735,0.0006865799311311882,1,1
#,#,#,#,#,0.0,0.0,#,0.0,"-5.302034132395166,0.6388593969640759",#,#,"-2.5114323423902842,3.771533241559846",#,#,"-2.2209106209640925,0.1521512547464383",#,#,#,1,0.0,0.0,1,38.68,7452,7452,0.3157894736842105,0.0006176025985152176,0,6
#,#,#,#,#,#,4.0,#,1.0,#,#,#,"-2.6255016637287127,2.5744166585486647","-1.5700008091075013,3.3794360605247293","-2.775556234143532,2.0656998596425207",#,"-5.941330077122311,4.031779724925357",#,#,1,0.10604198640626919,0.75,1,36.94790637966996,7597,7453,0.3157894736842105,0.0005899463027347765,18,24
#,#,#,#,4.0,0.0,#,#,#,"-3.5111767739813025,5.138181162626725","-2.135928140770649,0.20059697964582512",#,"-1.7695881121888486,0.9367581150961879",#,"-4.296612011680557,0.797852846885216",#,#,#,#,1,0.00018986906563260434,0.3333333333333333,1,44.333333333333336,7566,7453,0.3157894736842105,0.0007078692313213026,1,3
#,#,#,#,0.0,#,#,#,1.0,#,"-0.39202328112266405,3.613448353877007",#,#,"-1.5220864947040358,0.7562257151266735",#,#,"-5.941330077122311,3.4223794563406393","-0.9614701436028865,3.0236493892019407",#,1,0.001348283049688907,0.42857142857142855,1,32.528,7599,7454,0.3157894736842105,0.00051937376743803,3,7
#,#,"-1.3599999999999999,5.359999999999999",#,#,#,0.0,0.0,#,#,#,#,"-2.6255016637287127,0.9367581150961879","-1.5700008091075013,3.3794360605247293","-3.851638889716492,0.797852846885216",#,"-1.3490262824115509,4.031779724925357",#,#,1,0.1,1.0,1,40.0,7454,7454,0.3684210526315789,0.0006386790057034309,0,0
#,#,#,#,#,#,4.0,#,#,#,#,#,"-2.6255016637287127,0.9367581150961879","-1.5700008091075013,3.3794360605247293","-3.851638889716492,0.797852846885216",#,"-5.941330077122311,4.031779724925357",#,#,1,0.04231439924197695,0.6666666666666666,1,34.058787612942915,7597,7455,0.2631578947368421,0.0005438158152024677,16,24
0.0,#,#,#,#,#,4.0,#,#,"0.029633169381272362,2.7030352575929317",#,#,#,"-3.6486741422485007,1.0354211702829397",#,#,#,#,"-0.7757285413522013,3.165194843892859",1,0.04231439924197695,0.6666666666666666,1,45.666666666666664,7581,7455,0.2631578947368421,0.0007291585315114168,2,3
#,#,#,#,#,#,3.0,#,#,#,#,#,#,#,#,#,#,#,"-1.9209526643555082,1.1444529588682986",1.0,0.03077540642994988,0.64,1,27.81523491689328,7594,7456,0.10526315789473684,0.00044412516450321885,16,25
3.0,#,#,0.0,#,4.0,#,#,#,"-5.85829593202579,4.771978923441279","-2.275679204463678,1.7297924305359924",#,"-3.742321776632924,-0.6385319361629684","-2.767572381700362,3.7365120505586327","0.07413303246742875,1.7835049944533508","0.4187575043529973,2.2297784095005078",#,"-1.8608421287012205,3.956281438639241",#,1.0,0.055302099320313464,0.875,1,25.763512389632,7456,7456,0.5263157894736842,0.0004113653619109547,0,0
#,#,#,#,#,#,#,2.0,#,#,#,#,"-2.6255016637287127,0.9367581150961879",#,#,"-0.14449838647705437,3.1652984401718447","-5.941330077122311,4.031779724925357","-2.2905465419082685,1.8111839586132379",#,0,0.001348283049688907,0.42857142857142855,1,35.904,7547,7457,0.2631578947368421,0.0005732782755193996,3,7
#,#,#,1.0,#,#,3.0,#,0.0,#,"-1.8490203029156707,2.3233459835423194",#,#,#,#,#,#,#,"-1.9209526643555082,1.1444529588682986",1.0,0.1,1.0,1,22.0,7457,7457,0.2631578947368421,0.000351273453136887,0,0
#,#,#,#,4.0,#,4.0,#,#,#,"-1.9944202156482953,0.34210490476817923","0.48000116323166875,2.0169332825943536","-2.6255016637287127,0.9367581150961879","-1.5700008091075013,2.0323202590816307",#,#,#,#,"-2.126874313114682,1.3315493125160505",1,1.0,1.0,1,47.0,7566,7458,0.3684210526315789,0.0007504478317015313,2,2
3.0,#,"-3.165257394256443,14.185636570673985",#,0.0,3.0,0.0,4.0,#,#,"-1.4105562037877712,1.3432055452745022","-2.1229914819781195,2.183976858400481",#,"-3.555782581976179,1.5507792676443766","-4.307537263005371,2.5751222534294897",#,"-3.2355243577779778,3.1512682404481582","-4.856591494002631,1.8111839586132379","-2.863667688517184,1.3861363572203507",0.0,0.1,1.0,1,30.5,7459,7459,0.6842105263157895,0.00048699274184886603,0,0
3.0,#,"6.57,13.43",2.0,#,3.0,0.0,#,0.0,"-2.999885565363666,1.4343928109160933","-1.4293118032905574,1.741686574417515","-2.535764493538435,2.814335879677551",#,#,"-2.627328336173115,0.3238915332077188","-3.6404398027694773,-0.330642976120578",#,#,"0.15514582553892675,1.9464746370139543",0,0.1,1.0,1,38.333333333333336,7459,7459,0.631578947368421,0.000612067380465788,0,0
#,#,"-1.1099999999999994,9.11",#,#,1.0,#,0.0,#,"-4.880102407345413,1.3578357984817906",#,#,"-2.6431971602234423,1.716888568055781","-3.23970177662744,2.2609328228905285","-1.8696212041851303,3.1901198032931983",#,"-1.2602430837114014,2.8411262681088694",#,#,1,0.004487102949207168,0.5,1,25.0,7527,7460,0.42105263157894735,0.0003991743785646443,1,2
#,#,#,#,#,1.0,#,#,1.0,#,#,"-0.7623122387614965,2.6735810794068864",#,#,#,"-4.164570934997725,2.5141533232047313",#,#,"-1.9706519782379777,1.4328727635645746",1,0.002403375363511978,0.46153846153846156,1,36.748575744,7599,7460,0.2631578947368421,0.0005867635954298785,6,13
#,#,#,#,1.0,#,#,0.0,1.0,#,"-3.9976718838086662,2.010535568690839",#,"-4.557443756025425,3.2549286392259407","-3.076862479539,0.37988708020414585",#,"-0.8163101134209829,1.141930305408049",#,#,"-2.3559394410471595,2.8193591989716467",1.0,1.0,1.0,1,25.0,7527,7461,0.42105263157894735,0.0003991743785646443,1,1
3.0,#,#,#,#,#,#,#,1.0,"-1.9908910726043656,3.5584643862708063",#,#,#,#,"-1.4812974846709053,1.7323218038626282",#,#,"-1.8608421287012205,0.9279624999470566",#,1,0.022664375168380387,0.6153846153846154,1,34.180880384,7594,7461,0.2631578947368421,0.0005457652674430255,8,13
1.0,#,#,#,#,#,4.0,#,#,#,#,"-1.243037733651924,2.126007362374761",#,#,#,#,#,"-2.2905465419082685,1.8111839586132379","-1.6586902155408834,3.7801073579505764",0,8.519620443632683e-07,0.16666666666666666,1,35.239999999999995,7483,7462,0.2631578947368421,0.0005626762040247225,1,6
#,0.0,"0.5700000000000003,8.760000000000002",2.0,#,#,#,#,1.0,"-1.939319381695189,5.364859815023895",#,#,#,"-2.9759465782487604,2.5234277213426077",#,"-1.8914649602712903,3.1899884241788157","-1.2373907291341706,3.4223794563406393",#,#,0,8.519620443632683e-07,0.16666666666666666,1,35.64,7504,7462,0.42105263157894735,0.000569062994081757,1,6
#,#,#,#,#,3.0,#,#,1.0,#,#,#,#,"-1.5700008091075013,3.3794360605247293",#,#,#,"-1.9816378095712892,2.0604120022736065",#,1,0.012714615176326013,0.5714285714285714,1,26.014833268153385,7595,7463,0.21052631578947367,0.008990763639125291,12,21
#,#,#,#,2.0,#,0.0,#,0.0,"-2.999885565363666,-2.896249652502973",#,"-2.6453699017249366,0.7358807608729703",#,#,#,#,#,"-2.2905465419082685,1.8111839586132379","-1.6586902155408834,2.162811248939175",0,0.012144854887095255,0.7631578947368421,1,34.00980317573619,7464,7464,0.3684210526315789,0.0005430336819112144,0,0
#,#,"-3.165257394256443,14.185636570673985",0.0,#,#,0.0,#,#,#,"-0.8498211580411246,1.48670396237535","-1.662611385546724,0.8579572902080793","-2.4449298755756645,0.8805592392135737",#,"-2.5712958235475574,1.5995717636980924",#,"-3.2355243577779778,0.795131729355737",#,#,0,1.0,1.0,1,47.0,7547,7464,0.42105263157894735,0.0007504478317015313,2,2
#,#,"3.64,10.36",#,#,0.0,#,#,#,"-3.5111767739813025,5.138181162626725",#,"-4.040883900530658,3.079661076216632",#,"-2.0297876070087884,1.819774402705169",#,#,#,"0.3085693301220884,2.642710770764916",#,0,0.004231439924197695,0.6666666666666666,1,35.666666666666664,7467,7467,0.3157894736842105,0.0005694887800855591,0,0
#,#,"6.59,15.41",#,#,1.0,#,4.0,0.0,"-3.366894555084906,-0.2974328982492973","-2.7571138854359223,2.666783069939524",#,#,"-3.23970177662744,2.0323202590816307",#,"-0.8898610894994641,2.4392205718573363",#,#,#,0.0,1.0,1.0,1,33.0,7500,7468,0.42105263157894735,0.0005269101797053305,1,1
0.0,#,"6.59,15.41",#,#,1.0,#,4.0,0.0,"-3.366894555084906,-0.2974328982492973","-2.7571138854359223,2.666783069939524","-0.5662065809029782,1.155157392783229",#,"-3.23970177662744,2.0323202590816307",#,"-0.8898610894994641,2.4392205718573363",#,"-2.0341377165554344,0.6415853983278067",#,0.0,0.01754292063196716,0.8,1,32.0,7468,7468,0.5789473684210527,0.0005109432045627447,0,0
#,#,#,0.0,#,2.0,4.0,#,1.0,#,#,#,#,#,"-4.296612011680557,2.0656998596425207",#,#,#,#,1,0.0,0.0,1,55.0,7469,7469,0.2631578947368421,0.0008781836328422175,0,1
#,#,#,#,#,2.0,#,#,#,#,#,#,#,#,#,#,#,"-2.2905465419082685,1.8111839586132379",#,0,0.0009868772223930195,0.4117647058823529,1,27.4694966566912,7589,7471,0.10526315789473684,0.00043860477029673134,7,17
#,#,#,#,#,#,#,2.0,0.0,#,#,"-2.6453699017249366,0.7358807608729703",#,#,#,"-2.4294050468019766,1.504881747139167","-5.941330077122311,4.031779724925357","-2.519351593803922,1.1811165438005602",#,0,0.023738192594418017,0.6190476190476191,1,33.61675434185457,7578,7472,0.3157894736842105,0.006222814935511563,13,21
4.0,#,#,#,#,#,3.0,#,#,#,#,#,"-2.6255016637287127,0.9367581150961879",#,#,#,"-5.941330077122311,4.031779724925357","-2.2905465419082685,1.8111839586132379","-1.6586902155408834,3.7801073579505764",1,0.004487102949207168,0.5,1,32.0,7497,7472,0.3157894736842105,0.0005109432045627447,2,4
#,2.0,#,#,2.0,#,4.0,#,#,#,#,#,#,#,"-4.296612011680557,2.0656998596425207",#,"-5.941330077122311,1.9007355845581975","0.3085693301220884,1.45695597638665",#,1.0,1.0,1.0,1,31.0,7597,7473,0.3157894736842105,0.0004949762294201589,1,1
4.0,#,#,#,#,3.0,1.0,#,1.0,#,#,#,"-1.117735694724163,3.5379490659807704",#,"-0.28678307909843903,1.49096376136692",#,#,#,#,1,0.0,0.0,1,29.0,7475,7475,0.3157894736842105,0.0004630422791349874,0,1
1.0,#,#,#,#,#,#,2.0,0.0,#,#,#,"-2.6255016637287127,1.0517366836727207",#,"-3.076761078344075,1.9829799291342538",#,"-5.941330077122311,4.031779724925357",#,"-0.9729839371430121,2.9082284877195472",0,0.004487102949207168,0.5,2,38.0,7554,7476,0.3684210526315789,0.0012134901108365186,2,4
#,#,"-1.7800000000000002,5.78",#,#,#,#,#,#,"-2.7759892115792844,1.778695827596135",#,"-6.4291048658777665,0.5351952916705176",#,#,#,"-0.14449838647705437,3.1652984401718447",#,"-2.2905465419082685,1.8111839586132379",#,0,3.969015935381499e-05,0.2727272727272727,1,31.9088256,7551,7476,0.2631578947368421,0.0005094874251843045,3,11
0.0,#,"8.030000000000001,17.97",2.0,3.0,#,#,#,#,"-1.9908910726043656,5.138181162626725",#,"-1.4075204988980585,3.080321289640981","-1.7117693116241313,2.5744166585486647","-2.069716406457424,1.3084706632915593","-0.6335021092735118,1.7596186375067793",#,"0.6262983182364412,2.9598360528928023",#,#,0,0.004231439924197695,0.6666666666666666,1,27.863699139961817,7477,7477,0.5263157894736842,0.00044489899154825886,0,0
#,#,#,#,1.0,#,#,#,0.0,"-2.4885085176102875,0.8779978156932833",#,#,"-2.179794429515219,3.3626874284668444","-3.248551027975579,3.675376863259464",#,#,"-1.7720478715077448,2.612174539058752",#,#,0,0.04231439924197695,0.6666666666666666,1,44.333333333333336,7547,7479,0.3157894736842105,0.0007078692313213026,2,3
3.0,#,#,#,3.0,#,#,4.0,#,"-4.442692402115076,1.6962309115561405","-4.8645217391034965,1.399540412404662","-2.1229914819781195,1.2791776462876625",#,#,"-1.71272837370093,1.2910301458959212","-2.4661537646436207,3.341113798846333",#,#,"-1.0443173791730518,3.724615405036605",0.0,0.017260480035784922,0.7642857142857142,1,28.21885383891813,7481,7481,0.47368421052631576,0.0004505697377982669,0,0
#,2.0,#,#,#,#,0.0,0.0,1.0,#,#,"-3.3993509338979555,2.6735810794068864",#,#,#,"-1.600206515287191,1.8302286328817092","-2.2896988306258232,2.9430827561793502","-2.030040640066691,1.8111839586132379","-1.2343189735005289,2.9454482532745354",0.0,0.0,0.0,1,36.0,7482,7482,0.47368421052631576,0.0005748111051330878,0,1
#,2.0,#,#,0.0,#,#,0.0,#,#,"-2.2645541132199796,1.5740228703213714",#,"-2.443962614132908,1.6205240817206061",#,"-0.06939905996573037,3.4177197424855508",#,#,"-2.2905465419082685,1.3921248553554035",#,0,0.1,1.0,1,36.333333333333336,7482,7482,0.3684210526315789,0.0005801334301806164,0,0
1.0,#,#,#,#,#,4.0,#,#,#,#,"-1.243037733651924,2.126007362374761","-1.4775999016526753,0.36989405100801254",#,#,#,#,"-2.2905465419082685,1.8111839586132379","-1.6586902155408834,3.7801073579505764",1,1.0,1.0,1,48.5,7509,7483,0.3157894736842105,0.00077439829441541,2,2
#,#,#,#,#,2.0,#,5.0,#,#,#,#,"-2.6255016637287127,0.9367581150961879",#,#,#,"-5.941330077122311,4.031779724925357","-2.2905465419082685,1.8111839586132379","-1.6586902155408834,3.7801073579505764",0,0.004487102949207168,0.5,1,33.25,7514,7483,0.3157894736842105,0.0005309019234909769,2,4
#,#,"7.99,14.563470902068715",#,#,#,#,#,1.0,"-2.1758130268288074,4.557199639778334",#,#,"-1.3981241694895488,1.0405678480225595","-1.7776322771237394,3.0146796125201663",#,"-0.4539927203791696,3.341113798846333",#,#,"-0.8180377615942932,0.9135800894982332",1.0,0.07247718577234585,0.7142857142857143,1,37.3863303168,7596,7484,0.3684210526315789,0.0005969466068408465,10,14
3.0,#,"11.76,16.240000000000002",#,1.0,#,3.0,#,#,#,#,#,#,"-2.767572381700362,1.8300748081245524",#,"-2.6050094983454213,1.141930305408049",#,"-1.8608421287012205,0.9279624999470566",#,1,1.0,1.0,1,31.0,7562,7485,0.3684210526315789,0.0004949762294201589,2,2
#,#,#,#,#,#,3.0,#,#,#,"0.4126701664774246,3.0829845898105384",#,#,#,#,#,#,#,"-1.9209526643555082,1.1444529588682986",1.0,0.04231439924197695,0.6666666666666666,1,25.0,7552,7485,0.15789473684210525,0.0003991743785646443,2,3
0.0,#,"7.99,14.01",#,#,#,#,4.0,#,#,#,"-2.1095326431987846,1.7793410237897458",#,"-2.5437862165786975,1.8300748081245524",#,#,#,"-2.6668057464906023,0.7490109959135349",#,1,0.0,0.0,1,33.0,7486,7486,0.3157894736842105,0.0005269101797053305,0,1
0.0,#,#,#,#,4.0,#,#,#,"-4.766947186013964,3.9209386583958636","-2.846715533532904,1.4925454043834052","-2.2662763586606247,2.3445199994274293",#,"-1.7490641027801768,0.29356063706804547",#,"0.13427966463341168,3.341113798846333","-2.2747515784983605,0.6231963591649388",#,"-0.8180377615942932,0.9135800894982332",1,0.1,1.0,1,34.5,7486,7486,0.47368421052631576,0.0005508606424192091,0,0
#,#,#,2.0,4.0,#,#,5.0,1.0,#,#,#,"-0.6776487227960031,2.6803065382854543","-6.405907908174081,3.675376863259464","-4.296612011680557,3.5547319844935235","-0.09266232292912668,2.4392205718573363",#,#,"-1.3992189705636258,1.5863290485614199",1,1.0,1.0,1,44.0,7497,7487,0.47368421052631576,0.000702546906273774,1,1
#,#,#,#,#,#,#,4.0,#,#,#,#,#,#,"-3.076761078344075,1.9829799291342538",#,"-5.941330077122311,4.031779724925357",#,"-1.6586902155408834,2.9082284877195472",0,0.004487102949207168,0.5,1,20.7072,7592,7488,0.21052631578947367,0.0003306313476725521,4,8
3.0,#,#,#,#,#,#,#,#,#,#,#,"-2.6255016637287127,0.9367581150961879",#,#,#,#,"-1.8608421287012205,1.8111839586132379",#,0,1.6794652488750152e-06,0.18181818181818182,1,34.189811199999994,7567,7489,0.15789473684210525,0.0005459078655601006,2,11
3.0,0.0,#,1.0,1.0,#,3.0,#,#,"-4.442692402115076,1.6962309115561405","-4.709880818511073,1.0479846568009534",#,#,#,#,#,"-5.941330077122311,4.031779724925357","-2.2905465419082685,0.9279624999470566","-1.6586902155408834,3.7801073579505764",0,0.001154498223051018,0.55,1,30.6,7489,7489,0.5263157894736842,0.0004885894393631247,0,0
#,#,#,#,#,#,#,#,#,#,#,#,#,"-2.5437862165786975,-0.17034259445190147","-0.042057919383419184,2.2826879489174345","-2.2444541828345015,3.4603134735725263",#,#,#,1,0.027754642120682713,0.631578947368421,1,31.946451687440383,7595,7490,0.15789473684210525,0.0005100881999871779,12,19
#,#,#,#,#,#,#,#,0.0,"-2.0437388386605027,2.114886631890967",#,#,"-2.6255016637287127,0.9367581150961879",#,#,#,"-5.941330077122311,4.031779724925357",#,"-0.16362626484542897,2.523366952367112",0,0.014079422993447999,0.5789473684210527,1,28.156922470924286,7592,7490,0.2631578947368421,0.0004495808811849628,11,19
#,#,"5.73,14.27",#,2.0,#,#,#,#,#,"-3.4568798236945035,0.21480250838852788","0.5699437262711471,2.189633047078932","-1.7117693116241313,2.73837639469409",#,#,#,"-1.5996688909809147,3.6331126958242588","-1.198562827567049,0.9647877759555715","-2.613229706141714,1.3276936791033465",1,0.00018986906563260434,0.3333333333333333,1,36.0,7585,7491,0.42105263157894735,0.0005748111051330878,1,3
#,#,#,#,#,4.0,3.0,#,#,#,"-3.4568798236945035,0.21480250838852788","0.5699437262711471,2.293437958706418",#,"-0.8279709722990869,4.93921538970364","-4.296612011680557,3.5547319844935235","-3.387096924632009,0.4847408725799107",#,#,"-2.613229706141714,1.3276936791033465",1,1.0,1.0,1,31.0,7562,7491,0.42105263157894735,0.0004949762294201589,2,2
3.0,#,#,#,#,#,#,#,#,#,#,#,#,"-2.5437862165786975,-0.17034259445190147","-0.042057919383419184,2.2826879489174345",#,#,#,#,1,1.0,1.0,1,36.0,7594,7494,0.15789473684210525,0.0005748111051330878,1,1
#,#,#,#,#,3.0,#,#,1.0,#,#,#,#,"-1.5700008091075013,3.3794360605247293","-2.5208303940461816,2.5389106134321473",#,#,#,#,1,0.0070079337391972165,0.5294117647058824,1,26.2804093067264,7595,7494,0.21052631578947367,0.00041961864213748025,9,17
#,2.0,#,#,#,#,#,0.0,#,"-1.6893248979965243,3.5584643862708063",#,#,"-3.3287556311750133,3.144073181230267",#,"-0.59790501457746,2.1370901246000154",#,#,#,#,0,0.018602861511813194,0.6,1,28.6,7520,7495,0.2631578947368421,0.0004566554890779531,3,5
#,2.0,#,#,#,1.0,#,#,#,#,"-3.5187116244479233,3.102050407867491",#,#,#,"1.5682141120721815,2.142036921123519",#,#,"-1.6961805250166064,2.1249110893913965",#,0,0.01060419864062692,0.75,1,33.25,7495,7495,0.2631578947368421,0.0005309019234909769,0,0
0.0,#,#,#,1.0,#,2.0,#,1.0,#,"-1.446870227076324,2.141364779277547",#,"-2.6255016637287127,0.9367581150961879","-2.5437862165786975,-0.17034259445190147","2.2826879489174345,3.328348340755478",#,#,#,#,1,0.1,1.0,1,12.0,7496,7496,0.42105263157894735,0.00019160370171102928,0,0
#,#,"7.99,14.01",#,#,#,#,#,#,#,#,"0.19812734890465333,2.288355031237905",#,#,"0.30414491473411687,3.4493893247882137","-2.4661537646436207,3.4603134735725263",#,"-2.48320322978506,3.631902949825421","-0.8180377615942932,0.9135800894982332",1,0.004487102949207168,0.5,1,39.56,7561,7496,0.3157894736842105,0.0006316535366406932,3,6
4.0,#,#,#,#,#,3.0,#,#,#,#,#,"-2.6255016637287127,0.9367581150961879",#,#,#,"-5.941330077122311,4.031779724925357",#,"-1.6586902155408834,3.7801073579505764",1,0.0,0.0,1,29.0,7497,7497,0.2631578947368421,0.0004630422791349874,0,2
#,0.0,"3.5700000000000003,10.43",#,#,#,#,#,#,#,#,"-3.6211556898175363,1.5738245826697845",#,"-2.5437862165786975,-0.17034259445190147","-0.042057919383419184,2.1045670150749407",#,#,#,#,1,0.10604198640626919,0.75,1,28.0,7595,7498,0.2631578947368421,0.00044707530399240163,3,4
#,#,#,0.0,#,1.0,#,#,#,#,#,#,#,#,"-0.01505421778760252,2.2826879489174345","-2.2444541828345015,3.4603134735725263",#,#,#,1,0.0,0.0,1,40.0,7498,7498,0.21052631578947367,0.0006386790057034309,0,1
1.0,#,"-1.7800000000000002,8.760000000000002",2.0,3.0,#,#,#,#,"-3.792046393109029,1.778695827596135",#,#,"-1.966800580461466,0.8413902275827797","-1.529256838064231,1.848930231684752",#,#,"-5.941330077122311,4.031779724925357","-4.415536457918924,1.8111839586132379","-0.9729839371430121,3.7801073579505764",0,0.1,1.0,1,38.0,7499,7499,0.5263157894736842,0.0006067450554182593,0,0
#,#,#,#,#,#,#,#,#,"-3.792046393109029,-1.1186443048973695",#,#,#,"-1.5700008091075013,3.3794360605247293","-2.855428521492957,1.999187850547061",#,#,#,"-1.4658099300215555,0.38522984183597286",0,0.008845386389190801,0.5454545454545454,1,32.33457919999999,7589,7499,0.21052631578947367,0.0005162854223323708,6,11
0.0,#,"6.57,13.43",#,#,#,#,4.0,#,#,#,#,#,#,"-3.076761078344075,1.9829799291342538",#,"-5.941330077122311,4.031779724925357",#,"-1.6586902155408834,2.9082284877195472",0,0.1,1.0,1,33.0,7500,7500,0.3157894736842105,0.0005269101797053305,0,0
#,#,#,#,#,#,#,5.0,1.0,#,#,#,#,"-6.405907908174081,3.0146796125201663","-0.9616563916669829,1.5682141120721815","-4.164570934997725,0.6570259599287969",#,#,#,1,0.0015835393047736396,0.4375,1,33.802345779199996,7581,7501,0.2631578947368421,0.0005397212148175755,7,16
3.0,#,#,#,0.0,#,#,5.0,1.0,#,"-1.3234998341819513,2.1812878464427605","-0.7623122387614965,1.5738245826697845","-2.6431971602234423,2.5744166585486647","-1.7776322771237394,3.675376863259464",#,"-3.7768528078461427,2.5141533232047313",#,"-1.7510135419169623,2.063315153767658",#,1.0,0.02294755255259819,0.8125,1,37.0,7501,7501,0.5263157894736842,0.0005907780802756736,0,0
#,#,"0.27,5.73",0.0,#,3.0,#,#,#,"0.2004145518681426,2.774801747923814",#,#,#,#,"1.0307099427433208,3.1503311756058645",#,#,"-3.427797703055525,0.6985791842993946","-0.7757285413522013,1.4280591259562265",1.0,0.003473155130931073,0.65,1,35.17851121539481,7502,7502,0.3684210526315789,0.0005616944141293837,0,0
#,#,"-3.41,5.41",#,#,#,4.0,2.0,#,#,#,"-1.5604813241660187,2.189633047078932","-4.557443756025425,0.027640993600175356",#,"0.9427416029671272,4.361485526938971","-2.323265796843711,1.0489800265344122",#,"-2.049290774237455,0.9279624999470566",#,1.0,0.004231439924197695,0.6666666666666666,1,17.666666666666668,7502,7502,0.42105263157894735,0.0002820832275190153,0,0
#,#,#,#,3.0,#,#,5.0,#,"-5.85829593202579,1.5678209796732627","-3.227081319976278,-0.47331957091400456",#,#,#,#,#,"-0.6898359865551589,1.7421868834109315","-1.811610158086012,2.5607321376892536","-1.9209526643555082,1.3315493125160505",1.0,0.004231439924197695,0.6666666666666666,1,30.724573155024224,7503,7503,0.3684210526315789,0.0004905784958328299,0,0
4.0,#,#,#,#,#,1.0,5.0,#,#,#,#,#,"-3.6451655872969626,3.8940306699039304",#,"-2.4661537646436207,-0.9435558678782843","-1.3743806994914507,3.1512682404481582",#,#,0,0.0014933135057530588,0.5833333333333334,1,34.2830976,7504,7504,0.3157894736842105,0.0005473973671900419,0,0
#,0.0,#,#,#,2.0,#,#,1.0,#,"-7.217722713284907,2.6212070960986242",#,#,#,#,#,#,"-0.02770393137358318,1.4524833236682098","-0.041455802634507544,2.8843812561080373",0,0.0037822164136754183,0.6571428571428571,1,33.371841079332455,7504,7504,0.3157894736842105,0.0005328473569760241,0,0
#,#,#,#,#,#,#,#,0.0,"-5.85829593202579,1.5678209796732627","-3.227081319976278,-0.47331957091400456",#,#,#,#,#,"-0.6898359865551589,1.7421868834109315","-1.811610158086012,2.5607321376892536","-1.9209526643555082,1.3315493125160505",1.0,3.5321079333407126e-06,0.2,1,32.0,7550,7505,0.3157894736842105,0.0005109432045627447,1,5
#,0.0,#,#,#,#,3.0,#,#,#,#,#,#,#,#,#,#,#,#,1.0,0.004487102949207168,0.5,1,28.75,7562,7505,0.10526315789473684,0.00045905053534934094,2,4
#,#,#,#,4.0,4.0,#,#,#,#,#,#,"-3.3287556311750133,3.144073181230267","-2.2241472559748354,4.57570222016917",#,#,#,"-1.3134045598310786,2.341701180563641",#,0,0.0007871689090540713,0.4,1,35.359296,7535,7507,0.2631578947368421,0.0005645810002913325,4,10
#,#,"1.1999999999999997,6.800000000000001",#,#,4.0,#,#,#,"-1.2174365030495524,1.9510400459420434",#,#,"-3.3287556311750133,3.144073181230267",#,#,"0.13427966463341168,0.9571152770511168",#,#,#,1,0.10604198640626919,0.75,1,29.75,7565,7507,0.2631578947368421,0.0004750175104919267,3,4
#,#,"0.5700000000000003,15.41",#,#,#,#,#,#,"-3.366894555084906,-0.31145567820707276",#,#,#,"-2.9759465782487604,2.5234277213426077",#,#,"-1.979519003673153,2.333990142206787","-2.2905465419082685,1.8111839586132379","-1.6586902155408834,3.7801073579505764",0.0,0.01124490288098738,0.5625,1,31.35840497300324,7589,7508,0.3157894736842105,0.012253975550838661,18,32
#,0.0,#,#,#,3.0,#,3.0,1.0,#,#,"-0.7623122387614965,1.5738245826697845","-2.6431971602234423,1.716888568055781",#,#,"-4.164570934997725,2.5141533232047313",#,"-1.6330606856458139,2.636710242359358",#,1,0.01060419864062692,0.75,1,36.595640319999994,7509,7509,0.42105263157894735,0.0005843216793164495,0,0
#,#,#,#,4.0,#,4.0,#,#,#,"-1.2151249712717087,3.4735098143412557",#,#,"-1.6436040015729403,1.263208128211068","-4.296612011680557,3.5547319844935235",#,"-5.941330077122311,1.9007355845581975",#,"-2.311051826356164,1.9881373211839017",1,0.07247718577234585,0.7142857142857143,1,39.78593792,7596,7509,0.3684210526315789,0.0006352610817931008,10,14
#,#,"0.5700000000000003,7.43",#,#,#,0.0,2.0,#,#,"-3.3839610405590337,1.1364304414089306",#,"-3.023495914092641,1.8055771310864683",#,"-1.015833411120414,0.8302883078243818",#,#,"-2.770186616809869,-0.26525433904683515","-0.6385037103544913,2.162811248939175",0,0.1,1.0,1,45.25,7510,7510,0.42105263157894735,0.0007225056252020062,0,0
#,#,#,#,#,3.0,0.0,2.0,0.0,"-4.210953925879235,2.6210736328838946",#,"-2.6453699017249366,0.4297296177111996",#,#,#,#,"-3.4606594041331915,1.6306956532988686",#,"-2.939590467294778,3.7801073579505764",0,0.1,1.0,1,46.5,7510,7510,0.42105263157894735,0.0007424643441302384,0,0
#,2.0,#,#,#,4.0,#,#,#,#,#,"-2.094665432197457,3.676401320672384","-2.6255016637287127,5.32208043307843","-2.860526098421384,1.6960983212400345","-2.8831811911977234,1.4928110314862368","-1.0549354233195891,3.066698360809228","-5.941330077122311,4.031779724925357","-2.2905465419082685,1.8111839586132379",#,1,0.03186345721177998,0.6428571428571429,1,31.817738956799996,7597,7511,0.47368421052631576,0.0005080330470165085,9,14
#,2.0,#,#,0.0,#,#,0.0,#,#,#,"-1.168903387731428,0.8598470098273161","-3.3287556311750133,0.9367581150961879",#,#,"-0.14449838647705437,3.1652984401718447",#,#,#,1,0.0033274089488481307,0.6436781609195402,1,28.647265771673823,7511,7511,0.3157894736842105,0.00045741018047936415,0,0
#,#,#,#,#,0.0,#,#,#,"-1.6893248979965243,3.5584643862708063",#,#,"-3.3287556311750133,0.9367581150961879",#,"-0.59790501457746,2.1370901246000154",#,#,#,"-1.4284601476680088,1.1988221091620312",0,0.012714615176326013,0.5714285714285714,1,34.704,7591,7512,0.2631578947368421,0.0005541179053482967,4,7
#,2.0,#,2.0,#,#,2.0,0.0,#,#,"-2.071683787340416,-0.1962423202051633",#,"-0.33810881774396995,3.144073181230267","-1.9653844134918879,2.7486965746194976",#,"-2.4661537646436207,1.5047586187804707",#,"-0.9444920576995727,3.1472693839942583",#,0,0.057621391482324216,0.8928571428571428,1,26.608707788799997,7512,7512,0.47368421052631576,0.000424860575840098,0,0
#,2.0,#,#,#,#,#,0.0,#,"2.8168927388103224,3.5584643862708063",#,#,"-3.3287556311750133,3.144073181230267",#,"-0.59790501457746,2.1370901246000154",#,#,#,#,0,0.1,1.0,1,15.5,7513,7513,0.2631578947368421,0.00024748811471007946,0,0
#,2.0,#,#,#,#,2.0,0.0,#,"-1.6893248979965243,3.5584643862708063",#,#,"-3.3287556311750133,3.144073181230267",#,#,#,#,"-2.2232937901523964,1.0217321151315346",#,0,0.001124490288098738,0.5625,1,19.718802051072,7513,7513,0.3157894736842105,0.00031484962219103596,0,0
#,#,#,0.0,#,#,4.0,#,1.0,"-0.5143806978244855,2.4560660668551355",#,#,"-0.6776487227960031,2.6803065382854543","-6.405907908174081,3.8940306699039304",#,"-2.0548341947853266,2.4392205718573363",#,#,#,1.0,1.0,1.0,1,36.0,7582,7516,0.3684210526315789,0.0005748111051330878,3,3
#,#,#,0.0,#,#,4.0,#,#,#,#,#,"-2.779365815397659,1.5807199128815643",#,#,#,#,"-3.427797703055525,0.6985791842993946","-0.7757285413522013,1.4280591259562265",0,0.0,0.0,1,27.5,7516,7516,0.2631578947368421,0.00043909181642110874,0,4
#,#,#,#,4.0,#,#,#,1.0,#,"-1.2151249712717087,3.4735098143412557","-3.3993509338979555,2.0020542657866818",#,"-1.6436040015729403,1.263208128211068",#,"-2.0796673237297023,-0.08129942839451831","-5.941330077122311,1.9007355845581975","-1.5652614341356856,1.7936250292283829",#,1,0.04231439924197695,0.6666666666666666,2,40.480000000000004,7581,7517,0.42105263157894735,0.0012926863075437443,4,6
#,#,#,#,4.0,#,4.0,#,1.0,"-3.0842709032653066,4.818698465048423",#,#,#,#,"-4.296612011680557,3.5547319844935235",#,#,#,#,1.0,0.04231439924197695,0.6666666666666666,1,43.57568,7596,7517,0.2631578947368421,0.000695771799381272,6,9
4.0,#,#,2.0,#,#,4.0,#,#,"-3.441864057775404,4.771978923441279",#,#,#,#,#,#,"-5.941330077122311,1.9007355845581975",#,"-2.126874313114682,2.988332931240318",1.0,0.0,0.0,1,37.5,7518,7518,0.3157894736842105,0.0005987615678469665,0,2
#,#,#,2.0,#,4.0,4.0,#,1.0,#,#,#,#,#,"-1.1381916088893964,0.844679867014273",#,#,"0.3085693301220884,2.642710770764916","-2.3913651944046874,1.967534913517879",1,1.0,1.0,1,31.0,7597,7518,0.3684210526315789,0.0004949762294201589,1,1
#,0.0,#,#,#,#,4.0,#,#,#,"-3.726658722179408,0.12955190428800728",#,"-2.6255016637287127,0.9367581150961879","-2.895941557423985,2.7486965746194976","-4.307537263005371,2.5751222534294897","-1.2073408598044078,3.4763338948874303",#,#,#,0,0.00018986906563260434,0.3333333333333333,1,35.666666666666664,7559,7519,0.3684210526315789,0.0005694887800855591,1,3
#,#,#,#,4.0,4.0,#,#,#,"-2.4435205812026504,3.5584643862708063",#,#,#,#,#,#,#,#,#,0,0.001348283049688907,0.42857142857142855,2,32.616,7535,7520,0.15789473684210525,0.001041557722501155,3,7
#,2.0,#,#,#,#,#,#,#,"-1.6893248979965243,2.903283595220668",#,#,"-3.3287556311750133,3.144073181230267","-2.550629677700342,1.7703072719785897","-0.59790501457746,2.1370901246000154",#,#,"-1.5652614341356856,3.1472693839942583",#,0,0.014079422993447999,0.5789473684210527,1,28.171365611667458,7593,7520,0.3157894736842105,0.00044981149445418993,11,19
#,1.0,#,#,#,#,#,2.0,0.0,"-4.879643828027416,1.259279485643801",#,"-6.341485979907096,2.6735810794068864",#,"-0.7755728683430525,2.2135720016415448","-2.3660379857192764,1.3262054521703153",#,#,#,"-1.0443173791730518,2.9082284877195472",0,0.0,0.0,1,36.0,7522,7522,0.42105263157894735,0.0005748111051330878,0,1
#,#,"-3.165257394256443,14.185636570673985",#,#,#,0.0,#,#,#,#,"0.03227189129272179,2.183976858400481",#,"-3.555782581976179,1.5507792676443766",#,#,"-3.2355243577779778,0.795131729355737","-2.2905465419082685,1.8111839586132379","-2.863667688517184,2.105150964051791",0,0.10604198640626919,0.75,1,32.5408,7591,7523,0.3684210526315789,0.0005195781447198551,6,8
#,2.0,"-3.165257394256443,14.185636570673985",#,#,4.0,0.0,1.0,1.0,"-2.999885565363666,0.6388593969640759",#,#,#,"-3.555782581976179,1.5507792676443766","-2.9020037422325786,1.1321140880541969",#,"-3.2355243577779778,0.795131729355737","-2.2905465419082685,1.8111839586132379",#,0,0.1,1.0,1,33.5,7523,7523,0.5789473684210527,0.0005348936672766233,0,0
#,0.0,#,#,#,#,#,#,1.0,#,#,"-0.7623122387614965,1.5738245826697845","-2.6431971602234423,1.716888568055781",#,#,"-4.164570934997725,2.5141533232047313",#,#,#,0,7.152608378187557e-05,0.29411764705882354,1,30.712534301900803,7589,7525,0.2631578947368421,0.000490386271764263,5,17
#,#,#,#,#,2.0,#,#,1.0,#,"-0.9179426516728396,2.169608400306073",#,"-2.6255016637287127,0.9367581150961879",#,#,#,"-5.941330077122311,4.031779724925357","-2.2905465419082685,1.8111839586132379",#,1,0.10604198640626919,0.75,1,25.75,7579,7525,0.3157894736842105,0.00041114960992158365,3,4
3.0,#,"-1.5,5.5",2.0,1.0,#,2.0,#,#,"-2.1980818498038786,2.8954560333450745","-0.5574799127414416,2.6135184649666305","-2.0365098431776993,0.29962697825358164",#,"-1.5458792386863618,4.93921538970364","-2.9229755137450786,1.5213915874183188",#,"-0.4141804623585763,2.9800562425961306","-2.629083414178866,3.122430748245862","-1.33644849191126,0.15632551765126268",1.0,0.1,1.0,1,14.5,7526,7526,0.6842105263157895,0.0002315211395674937,0,0
#,#,#,#,1.0,#,#,0.0,1.0,"-1.9908910726043656,3.5584643862708063","-3.9976718838086662,2.010535568690839",#,"-1.7117693116241313,3.2549286392259407",#,"-2.2389599121918984,1.7596186375067793",#,#,#,"-2.3559394410471595,2.8193591989716467",1,1.0,1.0,1,21.0,7574,7527,0.42105263157894735,0.0003353064779943012,1,1
#,2.0,#,2.0,#,#,#,4.0,0.0,#,#,#,"-3.3287556311750133,3.144073181230267","-2.550629677700342,1.7703072719785897",#,#,"-5.941330077122311,0.8036523272569156","-1.6212960790481676,3.1472693839942583",#,0,0.0,0.0,1,29.0,7528,7528,0.42105263157894735,0.0004630422791349874,0,1
#,#,"-2.7600000000000007,6.760000000000001",#,#,#,#,#,0.0,"-1.6893248979965243,2.903283595220668",#,#,#,#,"-0.59790501457746,2.1370901246000154",#,#,"-1.5652614341356856,1.1113573148751423","-0.19295725404761677,3.50912228966744",0,0.04231439924197695,0.6666666666666666,1,35.333333333333336,7592,7528,0.3157894736842105,0.0005641664550380306,2,3
#,#,#,#,#,#,2.0,#,#,#,#,#,"-2.6255016637287127,0.9367581150961879","-0.7763791877988454,2.3661204119676507",#,"-0.14449838647705437,3.1652984401718447","-5.941330077122311,4.031779724925357","-2.2905465419082685,1.8111839586132379",#,1,0.04231439924197695,0.6666666666666666,1,25.666666666666668,7588,7529,0.3157894736842105,0.0004098190286597015,2,3
#,#,#,0.0,#,4.0,#,#,#,"-5.475008355049463,0.9609596350897167",#,"-2.094665432197457,3.676401320672384",#,"-2.4237491701060234,4.93921538970364","-4.296612011680557,3.5547319844935235",#,#,"-0.5636583160194879,1.5427620084630635","-0.34904100561999407,1.3276936791033465",1,0.004487102949207168,0.5,1,40.5,7562,7531,0.42105263157894735,0.0006466624932747238,2,4
#,2.0,"9.92,16.08",#,#,4.0,#,0.0,1.0,"-5.623530693283444,1.1094819733236978","-3.4568798236945035,0.21480250838852788",#,"-2.491395223828259,2.3859888111959577",#,#,"-2.0303744842913707,1.903912309649773",#,#,"-2.613229706141714,1.3228658850900317",1,0.017362348616793376,0.7916666666666667,1,29.0,7531,7531,0.5263157894736842,0.0004630422791349874,0,0
0.0,0.0,"-3.165257394256443,14.563470902068715",#,#,#,#,#,1.0,"-7.059056093081688,-0.5240732107865216","-1.5299366849544656,1.1403777383786482","-1.6599467427731316,1.2294856416287159","-0.24879582441707448,2.781094257946454","-2.3579294971648634,2.827194842449855",#,#,"-2.922049396855064,-1.1542177796911541",#,#,1,1.0,1.0,1,23.0,7532,7532,0.5263157894736842,0.00036724042827947277,1,1
0.0,#,"-1.71,14.01",#,#,#,1.0,5.0,1.0,#,#,#,"-2.6255016637287127,0.9367581150961879",#,#,"-2.4661537646436207,2.3061397230402423",#,"-2.48320322978506,2.1335823773977918","-2.4761565618358388,0.9273681799667137",0,0.0,0.0,1,22.0,7532,7532,0.47368421052631576,0.000351273453136887,0,1
#,#,#,#,3.0,3.0,4.0,#,#,#,"-3.694964258816175,1.812559239308372",#,#,"-2.617432815203297,0.21081682458654938","-1.7266280905602216,-1.5440117941200573",#,"-2.4334966847660437,1.9007355845581975","-1.8187117380096187,1.801584328903316",#,1.0,0.004231439924197695,0.6666666666666666,1,37.12,7533,7533,0.42105263157894735,0.0005926941172927838,0,0
#,#,"3.0799999999999996,10.92",#,3.0,3.0,4.0,#,#,#,"-4.393071583102265,0.8641099378348029",#,#,"-2.1692664857495543,4.93921538970364",#,#,"-2.4334966847660437,2.4153645312106824",#,"-2.0025226665117444,1.699556877203312",1.0,0.1,1.0,1,47.666666666666664,7533,7533,0.42105263157894735,0.0007610924817965884,0,0
#,2.0,#,#,1.0,#,#,#,#,"-4.442692402115076,1.6962309115561405","-2.039956214008785,2.5496467010950044",#,"-3.023495914092641,1.8055771310864683","-2.767572381700362,1.8300748081245524",#,#,"-5.941330077122311,4.031779724925357","-2.519351593803922,1.1811165438005602",#,1,0.10604198640626919,0.75,1,25.75,7553,7534,0.42105263157894735,0.00041114960992158365,3,4
#,2.0,#,#,1.0,1.0,#,#,0.0,"-4.442692402115076,1.6962309115561405","-2.039956214008785,2.5496467010950044",#,"-3.023495914092641,1.8055771310864683","-2.767572381700362,1.8300748081245524",#,#,"-5.941330077122311,4.031779724925357","-2.519351593803922,1.1811165438005602","-1.6586902155408834,2.162811248939175",1,0.004231439924197695,0.6666666666666666,1,24.333333333333332,7534,7534,0.5789473684210527,0.0003885297284695871,0,0
#,0.0,"5.08,12.92",#,4.0,#,2.0,#,#,"-3.792046393109029,-1.1186443048973695",#,#,#,#,#,#,#,#,#,0,0.006191055711381182,0.7,1,34.67005790038911,7535,7535,0.2631578947368421,0.0005535759526875223,0,0
#,#,#,#,#,#,#,#,#,"-3.2640210812935013,0.10248525201006942",#,"-3.3993509338979555,2.6735810794068864","-1.782554017485801,3.3165292918576985","-3.248551027975579,3.3794360605247293",#,#,"-5.941330077122311,4.031779724925357","-1.6212960790481676,1.1113573148751423","-1.0455433322626342,2.780937706276897",0,0.006092928480443329,0.52,2,31.58951010169899,7589,7535,0.3684210526315789,0.09112877991926732,13,25
#,#,"-3.165257394256443,14.185636570673985",#,#,1.0,0.0,#,#,#,"-3.5187116244479233,3.563170236331559","0.03227189129272179,2.5847028914751773",#,"-3.555782581976179,2.1892125682674513","-4.307537263005371,1.5682141120721815",#,"-2.4090073876485905,0.795131729355737","-2.2905465419082685,1.8111839586132379",#,0,0.0,0.0,1,38.0,7536,7536,0.47368421052631576,0.0006067450554182593,0,1
1.0,#,#,0.0,#,#,0.0,#,#,#,#,"-0.18177492337765555,2.183976858400481","-2.6255016637287127,3.3165292918576985","-2.0433872020752664,1.5507792676443766",#,"-3.1629823754762727,0.9586514086525442","-3.2355243577779778,3.380035222590811",#,"-2.863667688517184,2.105150964051791",0,0.1,1.0,1,40.0,7536,7536,0.47368421052631576,0.0006386790057034309,0,0
1.0,#,"3.8900000000000006,14.11",#,#,#,0.0,#,1.0,#,#,#,"-3.2919933253819003,1.2158919191101778",#,"-4.307537263005371,2.5751222534294897","-1.7584687169849975,2.175818076956146","-3.2355243577779778,3.4223794563406393",#,#,0,0.004487102949207168,0.5,1,39.5,7551,7537,0.42105263157894735,0.000630695518132138,1,2
#,#,"-3.165257394256443,14.185636570673985",2.0,#,#,0.0,5.0,1.0,#,#,#,#,#,#,#,#,#,#,0,0.0043594569610129535,0.669218989280245,1,31.68273586385688,7537,7537,0.2631578947368421,0.0005058774559873136,0,0
#,#,#,0.0,#,#,3.0,#,1.0,"-5.85829593202579,4.771978923441279",#,"-3.306233848775454,0.25944866814597445","-3.742321776632924,-0.6385319361629684",#,#,#,#,"-1.6516728246917576,3.956281438639241","-1.9209526643555082,1.1444529588682986",1.0,0.01060419864062692,0.75,1,20.75,7538,7538,0.42105263157894735,0.0003313147342086548,0,0
0.0,2.0,#,#,#,#,#,#,#,#,"-1.1368007110601335,2.6183289467520576",#,#,"-2.377611858795861,3.278887420783831","-4.162524940280253,2.5751222534294897",#,"-3.620019925526859,3.4223794563406393",#,#,0.0,0.004487102949207168,0.5,1,23.25,7592,7539,0.3157894736842105,0.0003712321720651192,2,4
#,2.0,#,2.0,#,#,#,1.0,#,#,#,#,#,#,#,"-2.44779337324311,1.29914643051036","-3.2355243577779778,3.4223794563406393","-1.6961805250166064,1.9704411067334644",#,0.0,0.0,0.0,1,31.0,7539,7539,0.3157894736842105,0.0004949762294201589,0,2
#,0.0,"0.3599999999999999,7.640000000000001",0.0,1.0,#,1.0,#,#,"-2.8402878409696877,0.625233384489871",#,"-2.7386393090612984,1.0114750621836524","-3.596893412394582,0.9109918320974961",#,"-4.307537263005371,2.5751222534294897",#,#,#,#,0.0,0.1,1.0,1,34.0,7540,7540,0.47368421052631576,0.0005428771548479163,0,0
#,0.0,"0.3599999999999999,7.640000000000001",#,1.0,3.0,#,#,#,"-2.8402878409696877,0.625233384489871",#,#,"-3.596893412394582,0.9109918320974961",#,"-4.307537263005371,2.5751222534294897",#,#,#,#,0,0.0033524426526362217,0.6470588235294118,1,30.8413759823872,7540,7540,0.3684210526315789,0.0004924434836739183,0,0
#,0.0,#,#,#,#,#,1.0,#,"-3.792046393109029,0.10248525201006942",#,#,"-1.782554017485801,3.3165292918576985","-3.248551027975579,3.3794360605247293",#,#,"-5.941330077122311,4.031779724925357","-1.6212960790481676,1.9756077597634336","-1.0455433322626342,2.780937706276897",0.0,0.0,0.0,1,36.0,7541,7541,0.42105263157894735,0.0005748111051330878,0,1
#,#,#,#,#,#,#,#,#,"-3.2640210812935013,-1.1186443048973695",#,"-3.3993509338979555,2.6735810794068864",#,"-3.4156073687932116,1.6909544808273438","-3.0835337480110905,2.9742833531708324",#,#,"0.16769808591654806,1.1113573148751423","-2.1088461211444893,2.130632066013075",0,0.004487102949207168,0.5,1,39.5,7589,7541,0.3157894736842105,0.000630695518132138,2,4
#,#,#,2.0,4.0,#,4.0,#,0.0,#,"-1.2151249712717087,3.4735098143412557","-2.9626561968037533,0.848935459215705",#,#,#,"-0.08129942839451831,0.371993202065251","-5.941330077122311,1.9007355845581975","-1.6516728246917576,2.642710770764916",#,1,0.1,1.0,1,32.5,7542,7542,0.47368421052631576,0.0005189266921340375,0,0
#,#,#,#,#,#,3.0,#,#,#,"-2.2985965858688027,1.537429339836762","-3.3993509338979555,1.3943840519276067",#,#,#,"-1.8620671301567755,4.06117426219522",#,#,#,1.0,0.24120498592959838,0.8333333333333334,2,29.6,7594,7543,0.21052631578947367,0.0009452449284410777,5,6
#,#,"-2.08,4.08",#,3.0,#,3.0,4.0,#,#,#,#,#,#,"-2.3891737767760346,1.4398194180724309",#,"-1.1725619312297562,0.8074094799938231",#,"-1.9209526643555082,1.1444529588682986",1.0,0.1,1.0,1,24.5,7543,7543,0.3684210526315789,0.0003911908909933514,0,0
#,0.0,#,#,#,#,#,#,#,"-3.2640210812935013,-0.18191154215794914",#,"-3.3993509338979555,2.6735810794068864","-1.782554017485801,3.3165292918576985","-2.494232134293987,3.3794360605247293","-2.627328336173115,1.2910301458959212","-0.6053363142855642,2.042821833669853",#,#,"-1.0455433322626342,2.780937706276897",0,0.04231439924197695,0.6666666666666666,1,35.0,7589,7544,0.42105263157894735,0.000558844129990502,4,6
#,0.0,"-1.7800000000000002,5.78",#,#,#,0.0,#,0.0,#,#,#,#,"-3.248551027975579,1.5910173454024574",#,#,"-5.941330077122311,4.031779724925357","-1.6212960790481676,1.1113573148751423","-0.04977765113278576,1.562418279194739",0,0.1,1.0,1,45.666666666666664,7544,7544,0.42105263157894735,0.0007291585315114168,0,0
#,#,"-3.165257394256443,14.185636570673985",0.0,#,#,0.0,#,#,"-3.043393921703105,0.0260677351325036","-0.8498211580411246,1.48670396237535","-1.662611385546724,0.8579572902080793","-2.4449298755756645,0.8805592392135737",#,#,#,"-3.2355243577779778,0.795131729355737",#,#,0,0.1,1.0,1,47.0,7547,7547,0.42105263157894735,0.0007504478317015313,0,0
4.0,#,"-0.75,2.75",#,#,#,#,5.0,#,#,"0.43755277296606176,2.6071832419242167","-0.7509428841052932,3.6139443348847315",#,"-3.6451655872969626,3.8940306699039304",#,"-2.4661537646436207,1.5047586187804707","-1.3743806994914507,3.1512682404481582","-0.7827266769877386,1.6652753217352267",#,0,0.1,1.0,1,31.0,7548,7548,0.47368421052631576,0.0004949762294201589,0,0
4.0,#,#,#,#,#,#,5.0,#,#,#,#,#,"-3.6451655872969626,3.8940306699039304",#,"-2.4661537646436207,1.5047586187804707","-1.3743806994914507,3.1512682404481582","-1.0389129326680488,1.921461577415537",#,0,0.1754292063196716,0.8,2,33.2,7587,7548,0.3157894736842105,0.0010602071494676955,4,5
#,#,"-3.7600000000000007,5.760000000000001",2.0,4.0,#,#,#,#,#,"-1.2151249712717087,3.4735098143412557",#,#,"-1.6436040015729403,1.263208128211068","-4.296612011680557,3.5547319844935235","-2.0796673237297023,-0.08129942839451831","-5.941330077122311,1.9007355845581975",#,#,1,1.0,1.0,1,46.0,7581,7549,0.42105263157894735,0.0007344808565589455,2,2
#,#,#,2.0,4.0,#,#,#,#,"-1.7892186085117217,4.818698465048423",#,"-2.658254936106593,1.7793410237897458",#,#,"-4.296612011680557,3.5547319844935235",#,#,"-2.1737680092338856,-0.06734768475133435",#,1.0,1.0,1.0,1,41.0,7570,7549,0.3157894736842105,0.0006546459808460166,1,1
#,#,"1.1999999999999997,6.800000000000001",#,#,4.0,#,#,#,#,#,#,"-3.3287556311750133,3.144073181230267",#,#,"0.13427966463341168,0.9571152770511168",#,#,#,1,0.004487102949207168,0.5,1,26.5,7565,7550,0.21052631578947367,0.00042312484127852296,1,2
#,#,#,#,#,4.0,#,#,#,"-1.2174365030495524,1.9510400459420434",#,#,"-3.3287556311750133,3.144073181230267","-2.2241472559748354,2.096789693704096",#,#,#,"-0.8463944456802207,2.341701180563641","-1.1709948900888572,1.8145531290361885",0,0.0007871689090540713,0.4,1,32.20659199999999,7593,7550,0.3157894736842105,0.0005142418538914017,4,10
#,#,"-3.165257394256443,8.969999999999999",#,0.0,#,0.0,#,1.0,#,"-2.716583131473555,1.2888885035261155","-2.094665432197457,1.1870483579137954",#,#,#,#,"-0.7850264605626947,0.795131729355737",#,"-2.0291578473752687,-0.4766728774302448",0,0.0,0.0,1,35.0,7551,7551,0.42105263157894735,0.000558844129990502,0,1
1.0,#,"-4.83,14.185636570673985",#,0.0,1.0,#,#,#,"-3.9438438854996756,3.3832581340433894","-0.8498211580411246,1.48670396237535",#,#,#,"-1.6039877984302042,2.4301300318565713","-0.5805423565565491,4.103132398135289",#,#,#,0,0.1,1.0,1,39.0,7551,7551,0.42105263157894735,0.0006227120305608451,0,0
0.0,2.0,"0.5899999999999999,9.41",#,2.0,3.0,3.0,#,#,#,#,#,#,#,"-0.547630197742369,2.007463423495987","-1.3756152254206881,0.9974466502898429",#,"-2.629083414178866,2.3132997578203542",#,1.0,0.1,1.0,1,32.0,7552,7552,0.47368421052631576,0.0005109432045627447,0,0
0.0,2.0,"0.5899999999999999,9.41",#,#,3.0,3.0,5.0,#,#,"-1.7416964559296355,3.598932390736592","-3.3993509338979555,2.6735810794068864",#,"-0.5401230675526569,4.252188822091249","-0.547630197742369,2.007463423495987",#,"-0.6305452849423696,2.90511794938545","-2.629083414178866,2.3132997578203542","-2.851061300634596,0.31361959963795294",1.0,0.1,1.0,1,18.0,7552,7552,0.6842105263157895,0.0002874055525665439,0,0
4.0,#,#,#,#,2.0,#,#,1.0,#,#,#,#,#,"-2.2389599121918984,1.5682141120721815","-0.09266232292912668,2.4392205718573363","-5.941330077122311,4.031779724925357","-2.2905465419082685,3.140831633333582","-0.7428327353121481,0.9887851157803783",1,0.058771460315983584,0.9,1,19.0,7553,7553,0.42105263157894735,0.00030337252770912964,0,0
#,#,#,#,#,2.0,#,#,1.0,#,"-0.9179426516728396,2.169608400306073",#,"-2.6255016637287127,2.6803065382854543","-9.106668072193902,1.5399587523177558",#,#,#,"-0.7453946155955136,2.499631289688417",#,1.0,0.004487102949207168,0.5,1,29.75,7579,7553,0.3157894736842105,0.0004750175104919267,2,4
#,#,"0.5700000000000003,7.43",#,0.0,#,0.0,2.0,#,#,"-3.951885762146938,1.8894270388942487",#,"-3.023495914092641,1.8055771310864683",#,"-1.2293835408157403,1.1637372059645508",#,#,#,"-0.6385037103544913,3.7801073579505764",0,0.1,1.0,1,52.666666666666664,7554,7554,0.42105263157894735,0.0008409273575095173,0,0
#,#,"0.5700000000000003,7.43",#,#,#,0.0,2.0,0.0,"-4.210953925879235,4.680239882141109",#,"-2.6453699017249366,0.4297296177111996",#,#,#,#,#,#,"-0.6385037103544913,3.7801073579505764",0,0.1,1.0,1,49.504000000000005,7554,7554,0.3684210526315789,0.0007904291374585662,0,0
#,#,#,2.0,4.0,#,#,#,#,#,#,"-2.658254936106593,1.7793410237897458",#,"-1.6436040015729403,2.0323202590816307",#,#,#,#,#,1,0.04231439924197695,0.6666666666666666,1,52.666666666666664,7581,7555,0.21052631578947367,0.0008409273575095173,2,3
#,#,#,2.0,4.0,#,3.0,#,#,"-1.9908910726043656,4.818698465048423","-1.2151249712717087,3.4735098143412557",#,#,"-2.5437862165786975,1.263208128211068","-4.296612011680557,3.5547319844935235","-2.0796673237297023,-0.08129942839451831","-5.941330077122311,2.6823476697834696",#,"-2.126874313114682,1.3315493125160505",1.0,0.05278182574991063,0.8452380952380952,1,29.970634443822714,7555,7555,0.5263157894736842,0.00047854037517204226,0,0
#,#,#,#,#,0.0,3.0,#,0.0,#,#,#,#,#,#,#,#,#,#,1.0,0.01060419864062692,0.75,1,29.75,7556,7556,0.15789473684210525,0.0004750175104919267,0,0
#,2.0,#,0.0,4.0,#,3.0,#,#,#,#,#,"-2.6255016637287127,0.9367581150961879","-2.895941557423985,2.7486965746194976","-4.307537263005371,2.5751222534294897",#,#,"-1.5652614341356856,3.1472693839942583",#,0,0.0010206444073780462,0.5555555555555556,1,34.76128,7557,7557,0.42105263157894735,0.000555032493684464,0,0
#,0.0,#,#,#,#,#,#,1.0,"-5.85829593202579,4.441467721306432",#,#,"-2.797037616426297,0.6023512564693689",#,#,#,"-0.6898359865551589,1.7421868834109315",#,"-1.9209526643555082,0.9135800894982332",1.0,0.30047963350765927,0.8571428571428571,1,31.615999999999996,7595,7558,0.3157894736842105,0.0005048118861079918,6,7
0.0,#,"7.99,14.563470902068715",#,#,#,#,#,#,#,"-3.227081319976278,-0.47331957091400456",#,"-1.3981241694895488,1.0405678480225595","-1.7776322771237394,3.0146796125201663",#,"-0.4539927203791696,3.341113798846333",#,"-1.811610158086012,2.5607321376892536","-0.8180377615942932,1.3315493125160505",1.0,0.004902752080570834,0.6696428571428572,1,34.784000000000006,7558,7558,0.42105263157894735,0.0005553952633597036,0,0
4.0,#,#,#,#,#,#,5.0,#,#,"-2.991815922307695,2.0984709471710525",#,#,"-3.6451655872969626,3.8940306699039304",#,"-2.4661537646436207,1.5047586187804707","-1.3743806994914507,3.1512682404481582","-1.0389129326680488,1.921461577415537",#,0,0.10604198640626919,0.75,1,26.25,7587,7559,0.3684210526315789,0.00041913309749287654,3,4
#,#,"8.030000000000001,12.27",1.0,#,2.0,#,#,#,#,#,"-1.4075204988980585,1.9321205041648892","-2.539278245034071,1.1557096602873047",#,"-4.517633022179837,3.5547319844935235","-3.3717556673272364,1.7290907665872663","-1.9368789332059368,1.740210830494996",#,#,0,0.0,0.0,1,30.0,7560,7560,0.42105263157894735,0.00047900925427757314,0,1
#,#,#,#,#,#,#,#,0.0,"-4.442692402115076,1.6962309115561405",#,#,#,"-6.405907908174081,3.675376863259464","-1.71272837370093,1.2910301458959212","-0.6045245609074053,1.5811903246154524",#,#,#,0.0,0.004487102949207168,0.5,1,30.25,7578,7560,0.2631578947368421,0.0004830009980632196,2,4
#,2.0,#,#,1.0,4.0,4.0,#,#,#,#,"-2.094665432197457,3.676401320672384","-2.6255016637287127,5.32208043307843","-2.860526098421384,1.6960983212400345","-2.8831811911977234,1.4928110314862368","-1.0549354233195891,3.066698360809228","-5.941330077122311,4.031779724925357","-2.2905465419082685,1.8111839586132379",#,1,0.024120498592959838,0.8333333333333334,1,34.480000000000004,7561,7561,0.5789473684210527,0.0005505413029163575,0,0
#,#,#,0.0,1.0,#,3.0,#,1.0,"-3.2848784933291864,4.899954596742768",#,"-1.364454735284815,2.6735810794068864",#,"-3.248551027975579,1.8300748081245524",#,#,#,"0.12444600576914933,0.9279624999470566",#,1,0.1,1.0,1,30.0,7562,7562,0.42105263157894735,0.00047900925427757314,0,0
#,#,#,#,#,#,4.0,4.0,#,#,#,#,#,#,#,#,#,"-3.427797703055525,0.6985791842993946","-0.7757285413522013,1.4280591259562265",1.0,0.006789751839147158,0.7083333333333334,1,35.121118193825716,7563,7563,0.21052631578947367,0.0005607780211806321,0,0
#,#,#,0.0,#,2.0,4.0,#,0.0,#,"-3.6699792539635094,1.169965638327759",#,#,#,#,#,#,"-3.427797703055525,0.6985791842993946","-0.7757285413522013,1.4280591259562265",1.0,0.004231439924197695,0.6666666666666666,1,25.5824,7563,7563,0.3684210526315789,0.00040847354488768626,0,0
2.0,#,#,#,#,#,4.0,#,1.0,"-3.0842709032653066,3.9270534833096575",#,"-2.13488791243081,2.0137727789322994","-1.7695881121888486,1.2805739253437585","-2.408050002098679,4.93921538970364",#,#,#,"-4.225922948167388,2.6716648351713794",#,1,0.06206024929647992,0.9166666666666667,1,32.5,7564,7564,0.42105263157894735,0.0005189266921340375,0,0
2.0,#,"1.0799999999999996,12.760000000000002",#,#,#,#,#,1.0,#,"-2.40631698707476,3.601890465424745",#,#,#,"-2.5136958187019203,1.1090303280965497",#,#,#,#,1.0,1.0,1.0,1,30.64,7599,7564,0.2631578947368421,0.0004892281183688281,6,6
#,#,"1.1999999999999997,6.800000000000001",#,#,#,#,#,#,"-1.2174365030495524,1.9510400459420434","-2.6262231197480315,0.4613279322308814",#,"-3.3287556311750133,3.144073181230267",#,#,"0.13427966463341168,0.9571152770511168",#,#,#,1,1.0,1.0,1,28.5,7595,7565,0.2631578947368421,0.0004550587915636945,2,2
#,#,"1.1999999999999997,6.800000000000001",#,4.0,#,#,#,#,#,#,#,"-3.3287556311750133,3.144073181230267",#,#,#,#,#,#,1,1.0,1.0,1,46.5,7581,7565,0.15789473684210525,0.0007424643441302384,2,2
#,#,"1.1999999999999997,6.800000000000001",1.0,#,#,#,#,#,"-1.2174365030495524,1.9510400459420434","-2.6262231197480315,0.4613279322308814","-0.21635484345603095,3.0419412495928606","-3.3287556311750133,3.144073181230267",#,#,"0.13427966463341168,0.9571152770511168",#,#,#,1,0.1,1.0,1,37.0,7566,7566,0.3684210526315789,0.0005907780802756736,0,0
#,#,#,#,#,0.0,4.0,#,1.0,"-3.5111767739813025,5.138181162626725",#,"-0.0011843467452552492,2.8267707528820853","-1.7695881121888486,2.5744166585486647",#,"-4.296612011680557,2.0656998596425207",#,#,#,#,1,1.0,1.0,1,30.0,7596,7566,0.3684210526315789,0.00047900925427757314,1,1
#,#,#,#,#,3.0,4.0,#,1.0,#,"-3.726658722179408,0.12955190428800728","0.5350436736535229,2.50231678643776","-2.5972009449821662,0.6543884117006445",#,#,"-1.2073408598044078,3.4763338948874303",#,#,#,0,0.00026197080310070523,0.4666666666666667,1,35.08855017472,7567,7567,0.3684210526315789,0.0005602580084291278,0,0
#,2.0,#,#,#,#,#,1.0,#,#,#,#,#,#,"-3.0074768840371005,0.6163916753730545",#,"-3.2355243577779778,3.4223794563406393",#,#,1,0.004487102949207168,0.5,1,16.5,7567,7567,0.21052631578947367,0.00026345508985266524,1,2
4.0,2.0,"-0.4500000000000002,4.45",2.0,2.0,1.0,2.0,2.0,0.0,"-0.7685591712560975,2.300902485579511",#,"-2.5556913410970505,-0.035122665342247616",#,#,"-2.739466558993723,1.7732754206491115","-1.2028984825813658,0.4207754323784715",#,"-3.5877910723145208,-1.1397890735915555",#,1.0,1.0,1.0,1,13.0,7569,7569,0.7368421052631579,0.00020757067685361503,1,1
#,#,#,2.0,4.0,#,#,#,#,"-1.7892186085117217,4.818698465048423",#,"-2.658254936106593,1.7793410237897458",#,"-2.275025130152941,0.39609952964858075","-4.296612011680557,3.5547319844935235","-1.7340736242665196,2.0753151762161752","-1.9722508449934921,2.4826848302595614","-2.1737680092338856,-0.06734768475133435",#,0,0.1,1.0,1,41.0,7570,7570,0.47368421052631576,0.0006546459808460166,0,0
#,#,#,#,#,2.0,4.0,#,1.0,#,"-0.9179426516728396,2.169608400306073",#,"-2.6255016637287127,2.6803065382854543","-9.106668072193902,1.5399587523177558",#,#,#,#,#,1.0,0.1,1.0,1,41.0,7570,7570,0.3157894736842105,0.0006546459808460166,0,0
#,#,"-3.165257394256443,14.185636570673985",0.0,#,#,0.0,#,1.0,#,"-0.8498211580411246,1.48670396237535","-1.662611385546724,0.8579572902080793",#,#,"-2.5712958235475574,1.5995717636980924",#,"-3.2355243577779778,0.795131729355737",#,"-2.049171211562016,0.16013432259051774",0,0.02617325746270806,0.8421052631578947,1,36.68081072337715,7571,7571,0.47368421052631576,0.0005856815930300566,0,0
#,#,"-3.165257394256443,14.185636570673985",#,1.0,#,0.0,5.0,#,"-3.740570110610876,0.715100036408556",#,"0.03227189129272179,2.183976858400481",#,"-3.555782581976179,1.5507792676443766","-4.307537263005371,2.5751222534294897",#,"-3.2355243577779778,0.795131729355737","-2.2905465419082685,4.391167389078493","-2.863667688517184,2.105150964051791",0,0.01754292063196716,0.8,1,35.65657187253606,7571,7571,0.5789473684210527,0.0005693275967586063,0,0
#,#,"-3.165257394256443,14.185636570673985",#,#,#,0.0,#,#,#,#,#,#,"-3.555782581976179,1.5507792676443766",#,"-2.5632524859467694,2.1204222687450685","-5.941330077122311,4.031779724925357","-2.2905465419082685,1.1811165438005602","-2.863667688517184,2.105150964051791",0,0.0007871689090540713,0.4,1,35.8,7589,7572,0.3684210526315789,0.0005716177101045706,2,5
#,#,#,#,#,#,#,2.0,0.0,#,#,"-2.6453699017249366,2.183976858400481",#,#,#,#,#,"-2.519351593803922,1.8111839586132379",#,0,0.004487102949207168,0.5,1,36.5,7578,7572,0.21052631578947367,0.0005827945927043807,1,2
2.0,#,#,#,1.0,4.0,#,#,#,"0.6240141123588434,3.693475769194452","-2.40631698707476,3.601890465424745",#,#,"-2.408050002098679,2.2271369075569023","-2.5136958187019203,1.1090303280965497",#,#,#,#,1.0,0.055302099320313464,0.875,1,21.0,7574,7574,0.3684210526315789,0.0003353064779943012,0,0
2.0,#,"1.0799999999999996,12.760000000000002",2.0,#,#,#,#,1.0,#,#,#,"-2.113536128649908,-0.04434290166993726",#,#,#,#,"-1.0240836484757976,1.4239183502471677",#,1,1.0,1.0,1,35.0,7574,7574,0.3157894736842105,0.000558844129990502,1,1
#,#,#,#,#,#,#,#,#,"-1.6893248979965243,2.903283595220668",#,"-1.7609735219572151,-0.16256411782002278","-2.6255016637287127,3.144073181230267",#,"-0.59790501457746,2.1370901246000154","-2.4661537646436207,1.5047586187804707",#,#,#,0,0.001348283049688907,0.42857142857142855,1,30.944,7592,7577,0.2631578947368421,0.0004940820788121741,3,7
#,2.0,#,2.0,#,#,#,#,#,#,"-2.071683787340416,-0.1962423202051633","-2.1229914819781195,-0.2786729387428979","-3.3287556311750133,0.9367581150961879","-2.550629677700342,1.7703072719785897",#,#,"-1.3743806994914507,3.1512682404481582","-1.5652614341356856,3.1472693839942583",#,0,0.0004909588023991185,0.4951298701298701,1,29.930201599999997,7577,7577,0.42105263157894735,0.00047789478495978085,0,0
#,#,#,#,#,#,#,2.0,#,#,#,"-2.6453699017249366,0.7358807608729703","-3.023495914092641,1.8055771310864683",#,#,"-2.4667829212253296,1.904646849820386",#,"-2.2905465419082685,1.1811165438005602",#,0,0.0,0.0,1,32.0,7578,7578,0.2631578947368421,0.0005109432045627447,0,1
#,#,#,#,#,#,0.0,2.0,0.0,#,#,#,#,#,#,#,"-5.941330077122311,4.031779724925357","-2.519351593803922,1.8111839586132379","-1.6586902155408834,2.162811248939175",0,0.010600096844324959,0.7197414806110458,1,41.481266238468116,7578,7578,0.3157894736842105,0.0006623303469126028,0,0
#,0.0,#,#,#,#,#,#,1.0,#,#,#,"-2.797037616426297,0.6023512564693689",#,#,#,"-0.6898359865551589,1.7421868834109315",#,"-1.9209526643555082,0.9135800894982332",1.0,0.10604198640626919,0.75,1,34.5,7595,7579,0.2631578947368421,0.0005508606424192091,3,4
#,#,"7.01,14.99",#,#,#,#,#,1.0,"-1.8616289779039703,2.1979816004915125","-0.9179426516728396,2.169608400306073",#,"-2.6255016637287127,0.9367581150961879",#,#,#,"-5.941330077122311,4.031779724925357","-2.2905465419082685,1.8111839586132379",#,1,1.0,1.0,1,37.0,7599,7579,0.3684210526315789,0.0005907780802756736,3,3
#,2.0,#,#,#,#,#,3.0,#,#,"-4.8645217391034965,2.6183289467520576",#,"-1.7117693116241313,2.5744166585486647","-3.608616844704816,4.93921538970364","-1.4645681240168011,0.9969275012429267","-4.159291391153779,2.4420371741846925",#,#,"-1.609673024431281,0.6593434701037538",0,1.0,1.0,1,26.0,7593,7580,0.42105263157894735,0.00041514135370723007,1,1
#,#,"1.1999999999999997,6.800000000000001",#,4.0,#,#,#,#,#,"-3.1490152975358887,0.8564563374637821",#,"-3.3287556311750133,3.144073181230267","-2.5735620938609878,0.96174995587632",#,#,#,#,#,1,0.1,1.0,1,46.5,7581,7581,0.2631578947368421,0.0007424643441302384,0,0
#,#,#,0.0,3.0,#,#,#,1.0,"-0.5143806978244855,2.4560660668551355",#,"-1.2760765308876958,3.334719827200358",#,"-6.405907908174081,3.8940306699039304",#,#,"-1.0582635893733665,1.9824067921485586",#,"-0.7757285413522013,3.165194843892859",1.0,0.0,0.0,1,27.0,7582,7582,0.42105263157894735,0.00043110832884981585,0,1
#,#,#,0.0,#,#,4.0,#,#,#,"-3.694964258816175,-0.015089402343583691",#,"-0.6776487227960031,2.6803065382854543",#,"0.837137284941806,4.597755601310835","-2.0548341947853266,2.4392205718573363",#,"-1.8187117380096187,0.6985791842993946",#,1.0,0.0719817152613131,0.95,1,36.0,7582,7582,0.3684210526315789,0.0005748111051330878,0,0
#,2.0,"0.5700000000000003,15.41",#,3.0,0.0,#,#,#,"-3.366894555084906,-0.31145567820707276",#,#,"-1.613056184560188,2.229731236974043","-2.9759465782487604,2.5234277213426077",#,#,"-1.979519003673153,2.333990142206787","-2.2905465419082685,1.8111839586132379","-1.6586902155408834,3.7801073579505764",0.0,0.004661969501853287,0.675,1,34.14168749289454,7583,7583,0.5263157894736842,0.0005451394755249787,0,0
2.0,#,"1.0799999999999996,12.760000000000002",#,2.0,#,1.0,#,1.0,#,"-2.40631698707476,3.601890465424745",#,#,#,"-2.5136958187019203,1.1090303280965497",#,#,#,#,1.0,0.1,1.0,1,33.0,7585,7585,0.3684210526315789,0.0005269101797053305,0,0
2.0,#,"5.73,14.27",2.0,#,4.0,#,#,#,"-1.2174365030495524,1.9510400459420434","-3.4568798236945035,0.21480250838852788",#,"-3.3287556311750133,3.144073181230267","-0.8279709722990869,4.57570222016917",#,#,"-1.5996688909809147,3.6331126958242588",#,"-1.6801385297644444,2.0219410139506118",1,0.1,1.0,1,43.0,7585,7585,0.5263157894736842,0.0006865799311311882,0,0
#,#,#,#,#,1.0,#,#,#,"-3.2640210812935013,0.10248525201006942",#,"-3.3993509338979555,2.6735810794068864","-1.782554017485801,3.3165292918576985","-3.248551027975579,3.3794360605247293",#,#,"-5.941330077122311,4.031779724925357","-1.7691966076685275,1.1113573148751423","-1.0455433322626342,2.780937706276897",0,0.0,0.0,1,38.0,7587,7587,0.42105263157894735,0.0006067450554182593,0,1
4.0,0.0,#,#,#,#,#,5.0,#,#,#,#,#,"-3.6451655872969626,3.8940306699039304",#,"-2.4661537646436207,1.5047586187804707","-1.3743806994914507,3.1512682404481582","-1.0389129326680488,1.921461577415537",#,0,0.01754292063196716,0.8,1,33.2,7587,7587,0.3684210526315789,0.0005301035747338477,0,0
#,#,"-4.750127089367233,12.760000000000002",#,3.0,#,2.0,#,1.0,#,"-2.40631698707476,3.601890465424745","-1.1617302444644042,1.358838431290399","-1.7989860078521087,1.1570043164049924",#,"-2.5136958187019203,3.178194295677873","-0.8163101134209829,2.418661129165158",#,#,"-0.34904100561999407,1.3228658850900317",1.0,0.05211571996209885,0.8333333333333333,1,31.0,7588,7588,0.5263157894736842,0.0004949762294201589,0,0
2.0,1.0,#,#,#,#,#,0.0,1.0,"-1.6893248979965243,3.5584643862708063",#,#,#,#,"-1.2209700433623991,1.1090303280965497",#,#,#,#,1,0.05211571996209885,0.8333333333333333,1,26.470325183127066,7588,7588,0.3157894736842105,0.00042265102421515204,0,0
#,0.0,#,#,#,2.0,#,#,#,"-3.366894555084906,-0.2974328982492973","-2.7571138854359223,2.666783069939524",#,#,#,#,"-2.752177682553277,1.36945610157554",#,"-1.6961805250166064,1.1684955528343908",#,0,0.007553487253988832,0.7110000000000001,1,33.25,7589,7589,0.3157894736842105,0.0005309019234909769,0,0
#,0.0,#,#,0.0,#,#,#,#,"-3.366894555084906,-0.2974328982492973",#,"-3.3993509338979555,2.814335879677551",#,#,#,#,"-2.596900303243272,-0.5462156273331367",#,#,0,0.007553487253988832,0.7110000000000001,1,34.627272546654275,7589,7589,0.2631578947368421,0.0005528928000079716,0,0
0.0,#,"-3.165257394256443,14.01",2.0,#,#,1.0,5.0,1.0,#,#,#,"-2.6255016637287127,0.9367581150961879",#,#,#,#,"-1.5787817115376048,2.1335823773977918",#,1,0.1,1.0,1,30.333333333333332,7590,7590,0.42105263157894735,0.00048433157932510173,0,0
0.0,#,"-5.65593931519697,5.41",#,2.0,#,#,#,1.0,#,"-6.044987925837651,5.20960845465805",#,#,#,"-0.9616563916669829,2.473957560365362",#,"-1.915043241432676,2.186326110387595","-2.48320322978506,3.956281438639241","-2.4761565618358388,1.4280591259562265",1.0,0.004231439924197695,0.6666666666666666,1,24.0,7590,7590,0.47368421052631576,0.00038320740342205856,0,0
#,#,"-3.165257394256443,14.185636570673985",#,#,#,0.0,#,#,#,#,"0.03227189129272179,2.183976858400481",#,"-1.2500426695588602,4.249331630032508","-4.307537263005371,2.5751222534294897",#,"-3.2355243577779778,0.795131729355737","-2.2905465419082685,1.8111839586132379","-2.863667688517184,2.105150964051791",1,1.0,1.0,1,38.0,7599,7591,0.42105263157894735,0.0006067450554182593,1,1
#,#,#,#,#,#,0.0,#,#,#,#,#,#,"-3.555782581976179,1.5507792676443766",#,#,#,"-2.2905465419082685,1.8111839586132379","-2.863667688517184,2.105150964051791",0,0.0,0.0,1,38.0,7591,7591,0.21052631578947367,0.0006067450554182593,0,1
#,#,#,#,1.0,#,#,4.0,0.0,"-1.3490070745865763,5.879080052800502","-1.272236130169529,2.482893527642662",#,"-2.2825265513026007,1.9297596607637677",#,"-0.9006153220314782,1.2910301458959212","-2.6050094983454213,1.141930305408049",#,#,"-1.0443173791730518,3.724615405036605",0,0.007247718577234586,0.7142857142857143,1,21.6899311616,7592,7592,0.47368421052631576,0.0003463225917016638,0,0
0.0,#,#,#,#,4.0,2.0,#,#,"-3.456255583403762,2.48463794595548",#,#,"-1.6543786073979672,1.301611716859134",#,#,"-2.752177682553277,2.5141533232047313",#,#,#,0,0.01754292063196716,0.8,1,20.8,7592,7592,0.3157894736842105,0.0003321130829657841,0,0
#,2.0,#,#,#,#,#,3.0,#,#,"-4.8645217391034965,2.6183289467520576",#,"-3.3287556311750133,2.5744166585486647","-3.608616844704816,1.7703072719785897","-1.4645681240168011,2.1370901246000154",#,#,"-1.5652614341356856,3.1472693839942583","-1.609673024431281,0.6593434701037538",0,0.051676221326318106,0.8235294117647058,1,26.0,7593,7593,0.42105263157894735,0.00041514135370723007,0,0
#,2.0,#,#,#,#,#,#,1.0,"-1.6893248979965243,2.903283595220668",#,"-0.6297687585527559,2.5670500497216286","-1.7117693116241313,3.144073181230267","-2.550629677700342,4.93921538970364","-0.59790501457746,0.9969275012429267","-2.3849768962054547,2.4420371741846925",#,"-1.3724183838627542,1.0755836148602111",#,0,0.0,0.0,1,30.0,7593,7593,0.47368421052631576,0.00047900925427757314,0,1
#,#,#,#,2.0,#,3.0,1.0,1.0,#,"-6.044987925837651,3.563170236331559",#,#,"-3.248551027975579,3.7365120505586327","-0.698671916606419,1.5682141120721815",#,"-1.915043241432676,2.186326110387595",#,#,1.0,0.05211571996209885,0.8333333333333333,1,26.82112,7594,7594,0.42105263157894735,0.0004282521563363101,0,0
3.0,#,#,#,#,#,#,1.0,#,"-3.2848784933291864,1.7648810066261698",#,"-1.364454735284815,2.6735810794068864","-0.6776487227960031,2.6803065382854543",#,"-0.9616563916669829,3.745695184556978",#,#,"-1.5787817115376048,3.956281438639241",#,1.0,0.05211571996209885,0.8333333333333333,1,32.512421909202,7594,7594,0.3684210526315789,0.0005191250324494893,0,0
#,#,#,#,#,#,#,#,1.0,#,"-2.6262231197480315,3.601890465424745",#,#,#,"-2.5136958187019203,1.1090303280965497","0.13427966463341168,0.9571152770511168",#,#,#,1,0.1,1.0,1,28.5,7595,7595,0.21052631578947367,0.0004550587915636945,0,0
2.0,#,"1.0799999999999996,6.800000000000001",#,#,#,#,#,1.0,"-1.2174365030495524,1.9510400459420434","-2.40631698707476,0.4613279322308814",#,"-3.3287556311750133,3.144073181230267",#,#,#,#,#,#,1.0,0.1,1.0,1,28.8,7595,7595,0.3157894736842105,0.0004598488841064702,0,0
#,#,"7.01,14.99",#,#,#,4.0,#,1.0,"-1.8616289779039703,5.138181162626725",#,"-0.0011843467452552492,2.8267707528820853","-1.7695881121888486,0.9367581150961879",#,"-4.296612011680557,2.0656998596425207",#,"-5.941330077122311,4.031779724925357",#,#,1,0.1,1.0,1,36.5,7596,7596,0.42105263157894735,0.0005827945927043807,0,0
#,#,#,#,#,0.0,#,#,#,"-3.5111767739813025,2.1979816004915125","-0.9179426516728396,2.169608400306073",#,"-2.6255016637287127,2.5744166585486647",#,"-1.4094081345737588,2.693084574192454",#,#,"-2.2905465419082685,1.8111839586132379",#,1,0.1,1.0,1,30.0,7596,7596,0.3157894736842105,0.00047900925427757314,0,0
#,#,#,#,#,4.0,#,#,#,#,#,"0.5699437262711471,1.8490658517154408",#,"-2.860526098421384,4.93921538970364",#,#,#,#,#,1,0.057621391482324216,0.8928571428571428,1,35.5419905024,7597,7597,0.15789473684210525,0.0005674980788698404,0,0
3.0,#,"-3.41,5.41",#,#,4.0,#,0.0,#,#,"-3.4568798236945035,0.21480250838852788","-0.7329801088138693,2.293437958706418",#,"-0.8279709722990869,1.6960983212400345","-4.296612011680557,3.5547319844935235",#,#,#,"-2.613229706141714,1.3276936791033465",1.0,0.057621391482324216,0.8928571428571428,1,31.0,7597,7597,0.47368421052631576,0.0004949762294201589,0,0
#,#,"-3.165257394256443,14.99",#,0.0,1.0,#,#,1.0,#,"-0.9179426516728396,2.169608400306073","-3.6211556898175363,3.289812344793523","-2.6255016637287127,0.9367581150961879","-3.248551027975579,3.675376863259464",#,"-3.156000355050674,0.4035924585151236","-3.3387142218969528,4.031779724925357","-2.2905465419082685,1.8111839586132379",#,1,0.1,1.0,1,37.0,7599,7599,0.5789473684210527,0.0005907780802756736,0,0
#,#,#,#,#,#,#,3.0,1.0,"-1.8616289779039703,2.1979816004915125",#,#,#,#,"-1.6589191539136392,2.4435735548525734","-3.1604913511731256,1.0860404264141408","-5.941330077122311,1.9007355845581975",#,#,1,0.1,1.0,1,32.0,7599,7599,0.3157894736842105,0.0005109432045627447,0,0
