Education_Level,Internet_Connection_Quality,Payment_Mode,Fee_Paid,PC1,PC2,PC3,PC4,PC5,PC6,PC7,PC8,PC9,PC10,PC11,PC12,PC13,Completed,Fitness,Accuracy,Numerosity,Avg Match Set Size,TimeStamp GA,Iteration Initialized,Specificity,Deletion Probability,Correct Count,Match Count
#,1.0,2.0,0.0,#,#,#,"-2.794289941255672,1.8025637057645227","-2.415819181015982,0.5930895697293687","-4.555167486673767,-0.5016334465867573",#,#,#,#,#,#,"-0.683468297968169,1.2331278863156896",0.0,0.03125,0.5,1,91.3344,524,0,0.4117647058823529,,4,8
#,2.0,#,1.0,"-3.9981294077623577,4.082845486571964",#,"-1.2755467160867762,1.5101419701920655",#,#,"-0.25623572359952884,1.6638593480206332",#,#,#,#,#,#,#,1.0,0.056755533847869445,0.5633802816901409,1,230.603697013994,1914,1,0.29411764705882354,,120,213
#,#,#,1.0,"-6.134728450973855,-1.3747021433522688",#,#,#,#,#,#,"-1.0186677693245385,2.598745375623015","-1.2085171626794806,2.029474637220212",#,#,"-0.48138393188222084,4.291485879986142","-3.2593110959977887,2.1838220673683697",0.0,0.12337639032034109,0.6580310880829016,2,206.2048180764053,1932,2,0.35294117647058826,,127,193
0.0,#,0.0,#,#,"-1.5926212187071043,2.879499171941701",#,#,"-0.8535796894752485,1.8544381861955677",#,#,"-2.82607133629581,1.8688691284233554",#,#,#,#,#,0.0,0.025750313847269852,0.4810126582278481,2,201.32068163418361,1623,3,0.29411764705882354,,38,79
#,1.0,1.0,#,"-6.917219337282313,-0.05392559140932862",#,#,#,#,"-2.1733967952933493,1.8090226125114315","-3.033937041864416,-0.6989540892185901",#,"-0.5476229962968465,2.1507035036195647",#,#,"-1.2329404477294381,2.365069102755944",#,0.0,0.095367431640625,0.625,1,91.0736,1714,4,0.4117647058823529,,5,8
#,2.0,#,#,#,"-2.0626312098015807,3.8008155246046296",#,#,#,"0.04261179474317567,2.531623924621164",#,#,#,"-1.1148411808808056,3.161000076014247",#,#,"-2.426958979377931,2.556191099760101",1.0,0.03798163061175278,0.519893899204244,2,213.33713584451067,1974,5,0.29411764705882354,,196,377
0.0,#,#,1.0,#,#,#,#,"-2.6225545943719606,1.8908085317460657",#,"-2.467457481012589,1.5353704378088264",#,#,#,"-2.668652589185953,2.0050130439173746",#,"1.1990525899668825,5.492228042762726",0.0,0.014107349504430725,0.4264705882352941,1,156.40092034603816,1886,6,0.35294117647058826,,29,68
#,#,#,1.0,#,#,"-3.1595711085688913,2.0523625625334576",#,#,"-2.1772218959436183,2.018541408707847",#,#,#,#,#,#,#,1.0,0.04707356497963467,0.5426944971537002,3,224.46833726321785,1983,7,0.17647058823529413,,572,1054
#,0.0,2.0,0.0,#,#,"-4.337640049578194,1.9526247258901577",#,"-1.1091621152930475,1.5988557603777687",#,"-1.185976246924988,2.1497136854261916","-2.644639561037304,1.6654697180491431","0.35253982225166247,2.896676236458564",#,#,#,"-2.1317114024679977,2.084800202956491",1.0,0.0056254200482578065,0.3548387096774194,1,133.7744904111434,1586,8,0.5294117647058824,,11,31
#,1.0,1.0,#,#,#,#,#,#,"-2.8102656851065495,0.7454659290048615",#,#,"-1.380443302220375,1.4720732834055448","-1.6756887123732584,2.3000935089502113","-0.00019146792324442607,2.7580374303016706","-1.3023182833974805,1.6348323700599743",#,0.0,0.005810451002558458,0.35714285714285715,1,112.9406926848,1748,12,0.4117647058823529,,5,14
0.0,#,#,1.0,#,#,"0.4946944508400526,3.1905222117550602",#,#,"-3.5438404640654992,0.43857894373928175",#,#,#,"1.1323594788700118,3.007728451192403",#,"-4.651021736813287,0.8561357384194401",#,0.0,0.06504222973314074,0.5789473684210527,1,121.25313693361765,1768,14,0.35294117647058826,,11,19
3.0,#,#,#,#,#,"-2.4260659336934953,0.9886492301321816",#,#,#,#,"-2.4992553388170857,2.2726513630286234",#,#,#,"-1.2246943152725343,2.9607453659043395","-1.7281675506117429,1.0317309547570135",0.0,0.022594718972118694,0.46859903381642515,1,171.12363188715761,1989,18,0.29411764705882354,,97,207
0.0,0.0,#,#,#,#,#,"-0.775689748030994,1.8763412021729646",#,#,#,#,"-2.265320906289362,3.1313320935434605",#,"-0.10222648686446933,2.426150003175036",#,"-1.1715273813355505,2.278345750375395",0.0,0.01665346239963365,0.44086021505376344,1,162.99889283957503,1899,19,0.35294117647058826,,41,93
#,#,5.0,#,#,"-3.324608130444552,2.538838603961658","-2.0786945770228313,1.6056033628943465","-2.50589194084655,1.6489565478063184",#,#,#,"-0.7583724274666603,3.7826355629994173",#,#,#,#,"-2.607002726977634,1.9928281153036262",0.0,0.030101229483141378,0.4962686567164179,2,199.2628911736459,1925,22,0.35294117647058826,,133,268
2.0,#,#,0.0,"0.6428966145742403,4.0745434875107325",#,"-1.4500076774091077,2.4140121132357373",#,#,"1.1201792818756968,5.742630380220531",#,#,"-1.0637722901509774,1.0948889097821513","-2.3751351540725847,1.5256323083579897",#,"-2.802898024325449,0.574825227150624",#,1.0,1.0,1.0,1,28.0,993,25,0.47058823529411764,,3,3
#,1.0,#,#,#,"-1.7013069197991944,1.1807262208411462",#,#,"-1.7796579865071882,0.9283598891636281",#,#,"-0.010189958126133103,2.5296958670498086","0.07827342586510477,3.778835482893325",#,#,#,#,0.0,0.04662947792084618,0.5416666666666666,1,184.4511794273885,1743,31,0.29411764705882354,,13,24
#,#,#,1.0,#,#,"-3.1595711085688913,2.0523625625334576",#,#,"-2.1772218959436183,2.018541408707847",#,#,#,"-0.34633271307640445,5.054729927212082",#,#,#,1.0,0.042276278929631934,0.5311526479750779,1,220.2378696703559,1983,32,0.23529411764705882,,341,642
#,#,#,1.0,#,"-0.4018399702058457,5.06408495169825","-3.1595711085688913,2.0523625625334576",#,#,"-2.1772218959436183,2.018541408707847",#,#,"-1.0490113383467736,1.8035052472791462",#,#,#,#,1.0,0.05481011059817432,0.559463986599665,1,215.12373710501984,1983,32,0.29411764705882354,,334,597
#,#,#,#,"-5.624852647846181,-1.0862229126721092","-3.288910866837077,0.7856877113096128","-2.4235244984254583,3.2377137994960585",#,#,#,#,#,#,#,"-3.952090380828154,1.411132476831403",#,#,0.0,0.1384390497991519,0.6733668341708543,4,239.3359636764415,1971,34,0.23529411764705882,,268,398
#,#,#,#,"-0.2766843768348495,5.479626506800557","-4.111503219299448,2.5469871401109954",#,#,#,"-1.8190887946522836,1.3099550257657582",#,#,#,#,#,"-2.7839040368031824,2.135823307738055",#,1.0,0.07526561659881009,0.596100278551532,2,221.1853470895701,1980,35,0.23529411764705882,,428,718
#,#,#,#,#,"-3.8764189058943943,0.3969405785033526","-4.515712338516044,2.223857063771476",#,#,#,#,"-3.257675305392935,0.9754677365669682",#,#,#,#,"-3.3443367802273833,1.7921409936533577",1.0,0.029474903644702993,0.4941860465116279,1,205.81001670618173,1983,36,0.23529411764705882,,425,860
#,#,#,#,#,"-4.870676778955215,-1.1936000133106415","-0.30611003174860896,2.1201349530748983","-3.062135271483766,1.7999214705568254",#,#,#,#,#,#,#,#,"-3.6839005978068062,1.6059048708166432",0.0,0.017578432549207285,0.44565217391304346,1,221.60114514278968,1985,37,0.23529411764705882,,82,184
0.0,#,#,1.0,"-6.134728450973855,-1.3747021433522688",#,#,#,#,#,#,"-1.0186677693245385,2.598745375623015","-1.2085171626794806,2.029474637220212",#,#,"-0.48138393188222084,4.291485879986142","-3.2593110959977887,2.1838220673683697",0.0,0.12403313941025446,0.6587301587301587,1,214.90923183225476,1932,39,0.4117647058823529,,83,126
#,#,4.0,0.0,#,#,"-4.360120880910683,0.22278631264483018",#,#,"-1.9374978490813453,1.6893483973122945",#,#,#,"-3.251634780109915,2.224442619071468",#,#,#,1.0,0.016309597446579487,0.43902439024390244,2,169.05244325668005,1974,40,0.29411764705882354,,54,123
3.0,#,#,#,#,#,#,#,#,"-2.184340830207664,1.7980785775971169","-3.07888121065086,0.757162211552997",#,#,#,#,#,#,1.0,0.03949983373232291,0.5239852398523985,1,165.09997804846662,1982,49,0.17647058823529413,,142,271
#,#,#,#,"-3.822347101712106,1.9339637819233004","-1.1262550590497593,4.240289409728807","-2.7549819576440338,0.9293159822731439",#,"-1.9579430230589923,2.555420103059034",#,#,"0.5789293936926991,4.504207487146427","0.11992785280951113,2.432779138452149",#,#,"-1.3010051162683078,2.1501469015442014","0.04095184922647066,2.2642034229957466",0.0,0.11177418429208745,0.6451612903225806,2,160.850582487178,1667,50,0.47058823529411764,,20,31
#,#,#,#,"-4.072759389980346,-1.1946039481626427",#,"-3.315785275041912,1.626565619968937",#,#,"-3.1258047851733743,1.781104842300374","-1.8622342255789364,2.140593693242479","-4.137080971141204,0.7117919678310485",#,#,#,"-1.6512180649395651,1.579647653863635","-1.5159051608875171,0.47735487076769567",0.0,0.12994537259620964,0.6648936170212766,1,192.7407542227607,1971,51,0.4117647058823529,,125,188
#,#,#,#,#,"-6.642342725618781,-0.48075463183598366",#,#,"-2.9371645336447374,4.484810384860461",#,#,#,#,#,"-0.2851172973428968,4.235313396970159",#,#,0.0,0.029158142442795194,0.49311926605504586,1,213.74100291272396,1985,53,0.17647058823529413,,215,436
#,2.0,#,#,#,"-2.0626312098015807,3.8008155246046296",#,#,#,#,#,#,#,"-1.1148411808808056,3.161000076014247",#,#,"-2.426958979377931,2.556191099760101",0,0.03269460662411983,0.5045395590142672,2,204.3912073900749,1989,56,0.23529411764705882,,389,771
4.0,#,#,#,#,#,#,#,"0.9578435288218339,4.86942490479079",#,"-3.4507725163419822,2.136508120346244",#,#,#,#,#,#,0.0,0.1134276198236865,0.6470588235294118,1,124.31345538908161,1704,59,0.17647058823529413,,11,17
#,#,#,#,"-5.624852647846181,-1.0862229126721092","-3.288910866837077,-0.48075463183598366",#,#,"-2.9371645336447374,4.484810384860461",#,#,#,#,#,"-0.2851172973428968,1.411132476831403",#,#,0.0,0.1255916811135982,0.660377358490566,3,222.09948435528034,1971,61,0.23529411764705882,,70,106
#,#,2.0,#,#,"-6.642342725618781,0.7856877113096128","-2.4235244984254583,3.2377137994960585",#,#,#,#,#,#,#,"-3.952090380828154,4.235313396970159",#,#,0.0,0.05914562727794085,0.5680473372781065,1,163.66792901984914,1928,61,0.23529411764705882,,192,338
0.0,#,#,#,#,#,#,#,"-3.829448803219699,2.38896261498736",#,#,#,#,#,#,"-1.1821060278154196,1.6081870929691624","-1.8536449923779936,0.44627042876263656",1.0,0.03372895734635449,0.5076923076923077,1,201.36765093648677,1974,62,0.23529411764705882,,297,585
#,0.0,#,0.0,#,#,"-4.337640049578194,1.9526247258901577",#,"-1.1091621152930475,1.5988557603777687",#,"-1.185976246924988,2.1497136854261916","-2.644639561037304,1.6654697180491431","0.35253982225166247,2.896676236458564",#,#,#,"-2.1317114024679977,2.084800202956491",1.0,0.0032047745118105506,0.3170731707317073,1,137.64946872560984,1586,63,0.47058823529411764,,13,41
#,0.0,2.0,0.0,#,#,"-4.337640049578194,1.9526247258901577",#,"-1.1091621152930475,1.5988557603777687",#,"-1.185976246924988,2.1497136854261916","-2.644639561037304,1.6654697180491431","0.35253982225166247,2.896676236458564",#,#,#,"-2.1317114024679977,0.8492795694027924",1.0,0.0017210368000000007,0.28,1,138.5033580473714,1586,63,0.5294117647058824,,7,25
#,#,#,#,#,"-0.7493039993300474,1.9339682350592358",#,"-0.7584433026470332,4.368816534413953",#,#,"-2.8573659381958927,2.3129534569484362",#,#,#,#,#,#,0.0,0.026991919103387118,0.48556430446194226,1,189.4712667351099,1963,67,0.17647058823529413,,370,762
#,#,#,1.0,"-3.2871701038123646,3.2440287833893464",#,#,#,#,#,#,#,#,"-0.34633271307640445,5.054729927212082",#,"-2.7839040368031824,2.135823307738055",#,0,0.021759857953215726,0.4650837988826816,1,197.9228085855711,1944,69,0.23529411764705882,,333,716
#,#,0.0,#,"-0.2766843768348495,5.479626506800557","-4.111503219299448,2.5469871401109954","-3.1595711085688913,2.0523625625334576",#,#,"-2.1772218959436183,2.018541408707847",#,#,#,#,#,#,#,1.0,0.09161328319999999,0.62,1,228.81805674246323,1980,69,0.29411764705882354,,62,100
#,#,#,#,"-5.624852647846181,-1.0862229126721092","-3.288910866837077,0.7856877113096128","-2.4235244984254583,3.2377137994960585",#,#,#,#,#,#,#,#,#,#,0.0,0.12185310229998317,0.6563981042654028,2,234.9446265706591,1971,78,0.17647058823529413,,277,422
0.0,#,#,#,#,"-1.5926212187071043,2.879499171941701",#,#,"-0.8535796894752485,1.8544381861955677",#,#,"-2.82607133629581,1.8688691284233554",#,#,#,#,#,0.0,0.03243357879284732,0.503731343283582,2,203.01661992999834,1971,80,0.23529411764705882,,270,536
#,#,#,1.0,#,#,"-3.1595711085688913,2.0523625625334576",#,#,"-2.1772218959436183,2.018541408707847",#,#,#,"-3.315174603889463,0.7356223763269027",#,#,#,1.0,0.046425261543268474,0.541191381495564,2,229.15581548377753,1983,81,0.23529411764705882,,427,789
#,#,1.0,#,#,#,"0.044689718557936686,3.5492658077474473",#,#,#,#,#,#,#,#,#,#,1.0,0.03460726857207026,0.5103092783505154,2,197.81827613834741,1983,87,0.11764705882352941,,99,194
#,#,2.0,#,#,"-6.642342725618781,0.7856877113096128","-2.4235244984254583,2.1201349530748983","-3.062135271483766,1.7999214705568254",#,#,#,#,#,#,"-3.952090380828154,4.235313396970159",#,#,0.0,0.05292214940134466,0.5555555555555556,1,163.33582237725125,1928,89,0.29411764705882354,,160,288
#,#,#,#,#,#,#,#,#,#,#,#,#,#,#,"-3.015990310728246,1.3897356694579355","-3.6839005978068062,1.6059048708166432",0.0,0.030412496667122046,0.49729078868151716,1,191.1658866797849,1989,89,0.11764705882352941,,826,1661
0.0,#,#,#,"-3.2871701038123646,3.2440287833893464",#,#,"-0.775689748030994,1.8763412021729646",#,#,#,#,"-2.265320906289362,3.1313320935434605",#,"-0.10222648686446933,2.426150003175036","-2.7839040368031824,2.135823307738055",#,0,0.03059074102380611,0.4978723404255319,1,186.265619888494,1971,95,0.35294117647058826,,117,235
#,0.0,#,1.0,#,#,#,#,#,#,#,#,#,"-0.34633271307640445,5.054729927212082",#,#,"-1.1715273813355505,2.278345750375395",0.0,0.02171976346407046,0.4649122807017544,2,169.87013583934,1871,95,0.23529411764705882,,106,228
3.0,#,#,#,#,"-3.288910866837077,0.7856877113096128","-2.4260659336934953,2.668181797705939",#,#,#,#,#,#,#,#,#,#,0.0,0.0164916224,0.44,1,185.8777274983486,1989,96,0.17647058823529413,,110,250
#,1.0,#,#,"-5.624852647846181,-1.0862229126721092",#,"-2.4235244984254583,0.9886492301321816",#,#,#,#,"-2.4992553388170857,2.2726513630286234",#,#,#,"-1.2246943152725343,2.9607453659043395","-1.7281675506117429,1.0317309547570135",0.0,0.1800134415442498,0.7096774193548387,1,205.61086801579106,1971,96,0.35294117647058826,,44,62
#,0.0,4.0,0.0,#,#,"-4.360120880910683,0.22278631264483018",#,#,"-1.9374978490813453,1.6893483973122945",#,#,#,"-3.251634780109915,2.224442619071468",#,#,#,1.0,0.011457744751662521,0.4090909090909091,1,129.47839061265321,1820,103,0.35294117647058826,,18,44
#,#,#,0.0,#,"-4.111503219299448,2.5469871401109954","-4.360120880910683,0.22278631264483018",#,#,#,#,#,"-0.6972964712529034,2.6948854143562984",#,#,"-2.7839040368031824,2.135823307738055",#,1.0,0.010111358418404206,0.398989898989899,1,156.2765057284599,1982,110,0.29411764705882354,,158,396
#,#,4.0,#,"-0.2766843768348495,5.479626506800557",#,#,#,#,"-1.9374978490813453,1.6893483973122945",#,#,#,"-3.251634780109915,2.224442619071468",#,#,#,1.0,0.04280215720207496,0.5324675324675324,1,156.10155843831444,1820,110,0.23529411764705882,,41,77
#,#,#,#,"-5.624852647846181,-1.0862229126721092","-1.8624185877445085,0.7856877113096128","-2.4235244984254583,3.2377137994960585",#,#,#,#,#,#,#,#,#,#,0.0,0.11429435766369622,0.6480446927374302,1,236.37176760088045,1971,117,0.17647058823529413,,232,358
#,#,#,#,"-5.624852647846181,-1.0862229126721092","-3.288910866837077,0.7856877113096128","-2.4235244984254583,3.2377137994960585","-3.79746593195164,2.3906062851909304",#,#,#,#,#,#,#,#,#,0.0,0.1134276198236865,0.6470588235294118,1,234.88526086749604,1971,117,0.23529411764705882,,253,391
#,#,#,1.0,#,#,"-3.1595711085688913,2.0523625625334576",#,#,"-2.1772218959436183,5.400644207434272",#,#,#,#,#,#,#,1.0,0.0479431423845111,0.5446848541862653,2,218.4905202540875,1983,125,0.17647058823529413,,579,1063
#,#,#,#,"-5.624852647846181,-1.0862229126721092","-3.288910866837077,0.7856877113096128","0.28158569279967005,2.797691602987011",#,#,#,#,#,#,#,#,#,#,1,0.013513610749465199,0.4228187919463087,1,231.75362318039635,1983,130,0.17647058823529413,,63,149
#,#,#,#,"-4.208335633764556,-1.0862229126721092",#,"-2.4235244984254583,3.2377137994960585","-3.79746593195164,2.3906062851909304",#,#,#,#,#,#,#,#,#,1,0.0067420770093043515,0.36792452830188677,1,182.3114955857929,1983,130,0.17647058823529413,,195,530
0.0,#,0.0,#,"-3.2871701038123646,3.2440287833893464",#,"-3.494804040639523,3.244765361647997",#,"-0.8535796894752485,1.8544381861955677",#,#,#,#,#,#,#,#,0,0.01791953037822801,0.4473684210526316,1,212.3339748833934,1985,138,0.29411764705882354,,34,76
#,#,#,1.0,#,"-1.5926212187071043,2.879499171941701",#,"-2.98157762095936,0.2892605509588555",#,#,#,"-2.82607133629581,1.8688691284233554",#,"-0.34633271307640445,5.054729927212082",#,"-2.7839040368031824,2.135823307738055",#,0.0,0.03083333929893011,0.49865951742627346,3,220.47557262102356,1944,138,0.35294117647058826,,186,373
0.0,#,#,#,#,#,#,#,"-3.829448803219699,2.38896261498736",#,"-3.6564850348084823,1.3470498637182873",#,#,#,#,"-1.1821060278154196,1.6081870929691624","-1.8536449923779936,0.44627042876263656",1.0,0.03743012303552941,0.5183752417794971,1,201.14954382081334,1974,146,0.29411764705882354,,268,517
#,#,#,#,"-5.624852647846181,-1.0862229126721092","-3.288910866837077,0.7856877113096128","-2.4235244984254583,3.2377137994960585",#,#,#,#,#,#,#,"-3.952090380828154,1.411132476831403",#,#,1,0.004452365911867531,0.3386243386243386,2,239.3359636764415,1983,147,0.23529411764705882,,128,378
#,#,#,#,"-5.624852647846181,-1.0862229126721092","-3.288910866837077,0.7856877113096128",#,#,#,#,#,#,#,#,#,#,#,0.0,0.1175171402172458,0.6516587677725119,1,234.9263622818021,1971,147,0.11764705882352941,,275,422
#,2.0,#,#,#,"-2.0626312098015807,1.9339682350592358",#,#,#,#,#,#,#,#,#,#,"-2.426958979377931,2.556191099760101",0,0.030207037121779433,0.496617050067659,1,200.34619078847868,1989,151,0.17647058823529413,,367,739
#,#,#,#,#,"-0.7493039993300474,3.8008155246046296",#,"-0.7584433026470332,4.368816534413953",#,#,"-2.8573659381958927,2.3129534569484362",#,#,"-1.1148411808808056,3.161000076014247",#,#,#,0.0,0.02672636182139004,0.48460508701472554,1,193.53056786014395,1963,151,0.23529411764705882,,362,747
#,#,1.0,#,#,#,"0.044689718557936686,3.5492658077474473",#,#,#,"-4.60618772296028,-0.01961406597740778",#,#,#,#,#,#,1.0,0.03282796876844061,0.504950495049505,1,156.34858813015003,1983,153,0.17647058823529413,,51,101
#,#,#,1.0,#,#,#,#,#,#,#,"-1.763947588329439,1.0068369482261337",#,#,#,"-2.1501065362514993,1.5213317805703193",#,1.0,0.04666789403172931,0.5417558886509636,2,193.58476162388465,1973,160,0.17647058823529413,,506,934
#,2.0,#,1.0,#,"-2.0626312098015807,3.8008155246046296","-3.1595711085688913,2.0523625625334576",#,#,"-2.1772218959436183,5.400644207434272",#,#,#,"-1.1148411808808056,3.161000076014247",#,#,"-2.426958979377931,2.556191099760101",1.0,0.04505003605380602,0.5379464285714286,1,221.13371664009605,1941,160,0.4117647058823529,,241,448
#,#,#,0.0,#,"-4.111503219299448,2.5469871401109954","-4.515712338516044,2.223857063771476",#,#,#,#,#,#,#,#,#,#,1.0,0.0146790615871572,0.42987249544626593,1,159.6771302283982,1982,172,0.17647058823529413,,236,549
#,#,#,#,#,#,#,#,#,#,#,"-3.257675305392935,0.9754677365669682","-0.6972964712529034,2.6948854143562984",#,#,#,"-3.3443367802273833,1.7921409936533577",1.0,0.03297929238740902,0.5054151624548736,1,197.3285398664786,1983,172,0.17647058823529413,,560,1108
#,#,#,1.0,#,#,#,"-0.7584433026470332,4.368816534413953",#,#,#,#,#,#,#,#,"-1.1715273813355505,2.266786867684801",0.0,0.0243918803385763,0.4758269720101781,1,195.08257898653846,1949,174,0.17647058823529413,,374,786
#,0.0,#,#,#,"-0.7493039993300474,1.9339682350592358",#,#,#,#,"-2.8573659381958927,2.3129534569484362",#,#,"-0.34633271307640445,5.054729927212082",#,#,#,0.0,0.02448519270213934,0.47619047619047616,1,185.18696593090402,1963,174,0.23529411764705882,,100,210
#,0.0,#,#,#,#,#,#,#,"-3.717892769150025,1.0467875937592663",#,#,#,"-0.34633271307640445,5.433167057498086",#,#,"-1.1715273813355505,2.278345750375395",0.0,0.03125,0.5,1,167.93275275656043,1963,178,0.23529411764705882,,126,252
#,0.0,#,1.0,#,"-0.7493039993300474,1.9339682350592358",#,#,#,#,"-2.8573659381958927,2.3129534569484362",#,#,#,#,#,#,0.0,0.011528384147581826,0.4095940959409594,1,175.11255645353657,1905,178,0.23529411764705882,,111,271
#,#,#,#,"-5.624852647846181,-1.0862229126721092",#,"-2.4235244984254583,3.2377137994960585",#,#,#,"-2.8573659381958927,2.3129534569484362",#,#,"-1.1148411808808056,3.161000076014247",#,#,#,0.0,0.09944238001585406,0.6302521008403361,2,193.58844776545126,1971,180,0.23529411764705882,,300,476
3.0,#,#,#,#,"-1.8624185877445085,3.8008155246046296",#,"-0.7584433026470332,4.368816534413953",#,#,#,#,#,#,#,#,#,0.0,0.016074436383097114,0.43775100401606426,1,159.79435030131756,1826,180,0.17647058823529413,,109,249
#,#,#,#,"-0.2766843768348495,5.479626506800557","-4.111503219299448,2.5469871401109954","-5.109508261403938,0.28214726042607685",#,#,#,#,#,#,#,#,#,#,1.0,0.06298515431936594,0.5752380952380952,1,165.20671136371124,1982,189,0.17647058823529413,,302,525
#,#,#,1.0,#,#,"-3.1595711085688913,2.0523625625334576",#,#,"-2.1772218959436183,5.400644207434272",#,#,#,"-1.364217472592416,0.811210535301558",#,"-2.7839040368031824,2.135823307738055",#,1.0,0.046270459935566284,0.5408299866131191,2,219.56384391265044,1983,189,0.29411764705882354,,404,747
#,#,#,#,"-0.2766843768348495,5.479626506800557","-4.111503219299448,2.5469871401109954",#,"-0.7856042114858675,4.430056657248584",#,#,#,#,"-2.9001538682350967,2.4194040887429704",#,#,"-2.7839040368031824,2.135823307738055",#,1.0,0.08041159374139428,0.6040372670807453,1,182.80818755258497,1982,197,0.29411764705882354,,389,644
#,#,#,#,#,"-3.324608130444552,2.538838603961658","-2.0786945770228313,1.6056033628943465","-2.50589194084655,1.6489565478063184",#,#,#,"-0.7583724274666603,3.7826355629994173",#,#,#,#,"-2.607002726977634,1.9928281153036262",0.0,0.03125,0.5,1,208.54095011749124,1989,200,0.29411764705882354,,389,778
#,#,4.0,#,#,"-2.0626312098015807,3.8008155246046296","-4.360120880910683,0.22278631264483018",#,#,#,#,#,#,#,#,#,"-2.426958979377931,2.556191099760101",1.0,0.012649284673949377,0.4172661870503597,1,158.68221478132176,1982,202,0.23529411764705882,,58,139
#,2.0,#,0.0,#,#,#,#,#,"-1.9374978490813453,2.531623924621164",#,#,"-1.3544591900124674,2.577387995580017","-3.251634780109915,3.161000076014247",#,#,#,1.0,0.016821737815667294,0.441747572815534,1,171.08100274332332,1974,202,0.29411764705882354,,91,206
#,#,#,#,#,#,#,#,#,"-2.1772218959436183,5.400644207434272",#,#,#,#,#,#,#,1.0,0.03333009715124296,0.5064858490566038,2,202.03624639197773,1983,209,0.058823529411764705,,859,1696
#,#,0.0,1.0,"-0.2766843768348495,5.479626506800557","-4.111503219299448,2.5469871401109954","-3.1595711085688913,2.0523625625334576",#,#,"-2.1772218959436183,2.018541408707847",#,#,#,#,#,#,#,1.0,0.09012876377777973,0.6179775280898876,1,228.8180567963257,1980,209,0.35294117647058826,,55,89
#,#,#,#,"-3.0982928284377347,0.33335404449875794","-2.0626312098015807,0.3969405785033526",#,#,#,#,#,"-3.257675305392935,0.9754677365669682",#,#,#,#,#,1.0,0.017693988504883,0.44623655913978494,1,215.50044314647954,1983,214,0.17647058823529413,,166,372
#,#,4.0,0.0,#,"-3.8764189058943943,3.8008155246046296","-4.515712338516044,2.223857063771476",#,#,#,#,#,#,#,#,#,"-3.3443367802273833,2.556191099760101",1.0,0.01695097094744903,0.44242424242424244,1,160.72254059739106,1982,214,0.29411764705882354,,73,165
#,#,#,#,"-6.134728450973855,-1.0862229126721092","-3.288910866837077,0.7856877113096128","-2.4235244984254583,3.2377137994960585",#,#,#,#,"-1.0186677693245385,2.598745375623015",#,#,#,#,#,0.0,0.11311922517264347,0.6467065868263473,1,232.62754631053696,1971,218,0.23529411764705882,,216,334
#,#,#,1.0,#,#,#,#,#,#,#,#,"-1.2085171626794806,2.029474637220212","0.2829061940567088,2.7583932375222657","-3.952090380828154,1.411132476831403","-0.48138393188222084,4.291485879986142","-3.2593110959977887,2.1838220673683697",0.0,0.010125715430940029,0.3991031390134529,2,185.40412163051928,1925,218,0.35294117647058826,,89,223
#,#,#,1.0,#,"-1.5926212187071043,2.879499171941701","0.6318378464698189,4.13641393565933","-2.98157762095936,0.2892605509588555",#,#,#,"-2.82607133629581,1.8688691284233554",#,"-0.34633271307640445,5.054729927212082",#,"-2.7839040368031824,2.135823307738055",#,0.0,0.024305683266430143,0.47549019607843135,1,215.5814437681302,1944,221,0.4117647058823529,,97,204
#,#,#,#,"-5.624852647846181,-1.3747021433522688",#,"-2.4235244984254583,3.2377137994960585",#,#,#,#,"-1.0186677693245385,2.598745375623015","-1.2085171626794806,2.029474637220212",#,#,#,#,0.0,0.12489071607225662,0.6596385542168675,2,225.83163698049535,1971,225,0.23529411764705882,,219,332
0.0,#,#,1.0,"-6.134728450973855,-1.0862229126721092",#,#,#,#,"-0.9939187010747996,4.268564087810089","-2.8573659381958927,2.3129534569484362",#,#,"-1.1148411808808056,3.161000076014247",#,"-0.48138393188222084,4.291485879986142","-3.2593110959977887,2.1838220673683697",0.0,0.08356049390158359,0.6086956521739131,1,200.59083326157747,1949,225,0.47058823529411764,,70,115
#,2.0,#,1.0,#,"-2.0626312098015807,3.8008155246046296",#,#,#,"-2.1772218959436183,5.400644207434272",#,#,#,"-1.1148411808808056,3.161000076014247",#,#,"-2.426958979377931,2.556191099760101",1.0,0.0430432895988577,0.533066132264529,1,227.13775280462463,1946,228,0.35294117647058826,,266,499
#,#,#,#,"-0.2766843768348495,5.479626506800557","-4.111503219299448,2.5469871401109954","-5.109508261403938,0.28214726042607685",#,#,#,#,#,#,#,#,#,"0.0744551221335159,3.600992101215816",1.0,0.04911643497763747,0.5473251028806584,1,164.72437896209877,1847,228,0.23529411764705882,,133,243
#,2.0,#,#,#,#,#,#,#,#,#,#,#,"-1.1148411808808056,3.161000076014247",#,#,"-2.426958979377931,2.556191099760101",0,0.03043835607032457,0.4973753280839895,3,205.76912831013937,1989,235,0.17647058823529413,,379,762
#,2.0,#,#,#,"-2.0626312098015807,3.8008155246046296",#,#,#,#,#,#,#,#,#,"-3.243193094514077,1.6765342500271605","-2.426958979377931,2.556191099760101",0,0.030252317677613768,0.49676584734799484,1,198.31577497858208,1989,235,0.23529411764705882,,384,773
#,#,#,0.0,#,"-0.7493039993300474,1.9339682350592358",#,"-0.7584433026470332,4.368816534413953",#,#,"-2.8573659381958927,2.3129534569484362",#,#,"-0.34633271307640445,5.054729927212082",#,"-1.721985971483586,1.0683071493009961","0.654163125629502,2.8007508520274236",0.0,0.0054766078555798245,0.35294117647058826,1,120.1111906942976,1435,237,0.4117647058823529,,6,17
#,0.0,#,#,#,"-0.7493039993300474,1.9339682350592358",#,#,#,#,"-2.8573659381958927,2.3129534569484362",#,#,#,#,#,#,0.0,0.018960548125643996,0.45244956772334294,1,173.55454958464532,1963,237,0.17647058823529413,,157,347
#,#,#,#,"-0.2766843768348495,5.479626506800557","-4.111503219299448,2.5469871401109954",#,#,#,#,#,#,"-2.9001538682350967,2.4194040887429704","-0.7481816364635567,3.1525858259670176",#,"-2.7839040368031824,2.135823307738055",#,1.0,0.06504222973314074,0.5789473684210527,2,192.96069335422902,1946,244,0.29411764705882354,,385,665
#,#,#,#,"-0.2766843768348495,5.479626506800557",#,#,"-0.7856042114858675,4.430056657248584",#,"-1.8190887946522836,1.3099550257657582",#,#,#,#,#,"-2.7839040368031824,2.135823307738055",#,1.0,0.07639102016295478,0.597872340425532,1,208.18983384448651,1980,244,0.23529411764705882,,281,470
#,#,#,#,"-5.624852647846181,-1.0862229126721092","-3.288910866837077,-0.48075463183598366","-2.4235244984254583,3.2377137994960585","-1.5427736534532266,1.728064518464989",#,#,#,#,#,#,"-3.952090380828154,1.411132476831403",#,#,0.0,0.095367431640625,0.625,1,218.93975234822966,1971,246,0.29411764705882354,,85,136
#,#,#,1.0,"-5.624852647846181,-1.0862229126721092","-3.288910866837077,0.7856877113096128",#,"-1.9405782959838207,2.125869160995583",#,#,#,#,#,#,"-0.2851172973428968,1.411132476831403",#,#,0.0,0.11602906250000002,0.65,1,226.32948424243872,1949,246,0.29411764705882354,,65,100
#,#,#,#,#,"-6.642342725618781,0.7856877113096128","-2.4235244984254583,3.2377137994960585",#,#,#,#,#,#,#,#,#,#,0.0,0.03125,0.5,1,202.27935063319788,1989,256,0.11764705882352941,,587,1174
#,#,2.0,#,#,#,#,#,"-2.9371645336447374,4.484810384860461",#,#,#,#,#,"-3.952090380828154,4.235313396970159",#,#,0.0,0.06713911221624407,0.5826330532212886,2,161.65399912613083,1928,256,0.17647058823529413,,208,357
#,#,2.0,#,"-5.624852647846181,-1.0862229126721092","-3.288910866837077,0.7856877113096128",#,#,#,#,#,#,#,#,#,#,#,1,0.0015874075528295216,0.2755102040816326,1,181.5944770579935,1959,263,0.17647058823529413,,27,98
3.0,#,4.0,#,"-0.2766843768348495,5.479626506800557","-4.111503219299448,3.8008155246046296","-4.360120880910683,0.28214726042607685",#,#,#,#,#,#,#,#,#,"-2.426958979377931,2.556191099760101",1.0,0.038660462936795,0.5217391304347826,2,137.31284828282034,1982,265,0.35294117647058826,,12,23
#,#,#,#,#,"-2.6596716324517224,1.1167855863183793","-5.109508261403938,0.22278631264483018",#,#,#,"-1.5918978495574245,2.4943223175727702",#,#,#,#,#,#,1.0,0.022132674897119342,0.4666666666666667,1,175.02973181605336,1982,265,0.17647058823529413,,329,705
#,#,#,#,"-5.624852647846181,-1.0862229126721092","-3.288910866837077,0.7856877113096128",#,#,#,#,#,"-1.0186677693245385,2.598745375623015","-1.2085171626794806,2.029474637220212",#,#,#,#,1,0.0054766078555798245,0.35294117647058826,1,231.49150924215115,1974,267,0.23529411764705882,,96,272
#,#,#,#,"-6.134728450973855,0.24044931623505117",#,"-2.4235244984254583,3.2377137994960585",#,#,#,#,"-1.0186677693245385,2.598745375623015",#,#,#,#,#,0.0,0.06164887046872454,0.5727762803234502,1,199.21793255427843,1971,267,0.17647058823529413,,425,742
#,#,#,1.0,#,#,"-2.999101253990413,2.482415193203437",#,#,#,#,#,#,#,#,#,#,1.0,0.047431314216050936,0.5435168738898757,2,187.38657328582292,1983,269,0.11764705882352941,,612,1126
#,#,#,1.0,#,#,"-3.1595711085688913,2.482415193203437","-4.1091000108285884,-0.8382618389103731",#,#,#,"-1.0970190920819065,1.058035547461317",#,#,#,#,#,1.0,0.061918193973369395,0.5732758620689655,1,188.84034763911444,1941,282,0.23529411764705882,,133,232
#,2.0,#,1.0,#,#,#,#,#,"-2.1772218959436183,5.400644207434272",#,#,#,#,#,#,#,1.0,0.043151275720164604,0.5333333333333333,1,222.34681598170206,1946,282,0.17647058823529413,,312,585
#,2.0,0.0,1.0,#,#,#,#,#,"-2.1772218959436183,5.400644207434272",#,#,#,#,#,#,#,1.0,0.03813944006108795,0.5203252032520326,1,217.41285867762866,1946,283,0.23529411764705882,,64,123
#,#,#,#,"-5.624852647846181,-1.0862229126721092",#,"-2.4235244984254583,3.2377137994960585",#,#,#,#,"-1.0186677693245385,2.598745375623015",#,#,#,#,#,0.0,0.0995476545988571,0.6303854875283447,1,204.924797433966,1971,289,0.17647058823529413,,278,441
#,#,#,#,"-5.624852647846181,-1.3747021433522688","-3.288910866837077,0.7856877113096128","-2.4235244984254583,3.2377137994960585",#,#,#,#,#,"-1.2085171626794806,2.029474637220212",#,#,#,#,0.0,0.12393011330130749,0.6586206896551724,1,236.85234493688046,1971,289,0.23529411764705882,,191,290
#,#,#,#,"-2.4310115688143643,4.100187318387347","-6.642342725618781,0.7856877113096128","-2.4235244984254583,3.2377137994960585","-2.341207725104594,1.636838700201344",#,#,"0.2969577427729122,2.3817639504923998",#,#,#,#,#,#,0.0,0.022683212030686333,0.4689655172413793,1,196.81264401783642,1963,290,0.29411764705882354,,136,290
#,#,#,#,#,"-3.8764189058943943,0.3969405785033526","-4.515712338516044,2.223857063771476",#,#,#,#,"-3.257675305392935,0.9754677365669682",#,#,#,#,#,1.0,0.028930518012668056,0.4923469387755102,1,205.81001644887087,1983,295,0.17647058823529413,,386,784
#,#,#,#,#,"-3.680739378222752,3.1765118874387492",#,#,#,"-2.1772218959436183,5.400644207434272",#,#,#,"-3.513939223428004,0.31181348010967436",#,#,#,1.0,0.03370462890150308,0.5076190476190476,1,203.56764715175382,1983,295,0.17647058823529413,,533,1050
#,#,2.0,#,#,#,#,#,"-1.1080046304110789,1.9009041203342718",#,#,#,#,#,"-3.952090380828154,4.235313396970159",#,#,0.0,0.08734204660036345,0.6141078838174274,3,169.03797757389242,1928,297,0.17647058823529413,,148,241
#,#,2.0,#,#,"-6.642342725618781,0.7856877113096128","-2.4235244984254583,6.839322177286368",#,"-2.9371645336447374,4.484810384860461",#,#,#,#,#,"-3.952090380828154,4.235313396970159",#,#,0.0,0.056313514709472656,0.5625,1,163.6679290198496,1928,297,0.29411764705882354,,162,288
#,#,#,1.0,#,"-3.288910866837077,0.7856877113096128",#,"-1.9405782959838207,2.125869160995583",#,#,#,#,#,#,"-0.2851172973428968,1.411132476831403",#,#,0.0,0.03125,0.5,1,221.56560516691303,1985,302,0.23529411764705882,,140,280
#,#,#,#,"-0.07835770137375028,5.479626506800557","-3.8764189058943943,2.5469871401109954","-4.515712338516044,2.223857063771476",#,#,"-1.8190887946522836,1.3099550257657582",#,#,#,#,#,"-2.7839040368031824,2.135823307738055",#,1.0,0.0831750679267254,0.6081330868761553,3,222.5754977181603,1980,309,0.29411764705882354,,329,541
#,#,#,#,#,"-4.111503219299448,0.3969405785033526","-3.9224707904753378,0.30099270162484215",#,#,#,#,"-3.257675305392935,0.9754677365669682",#,#,#,#,#,1.0,0.021817154631247403,0.4653284671532847,1,174.33930966787887,1982,309,0.17647058823529413,,255,548
#,2.0,#,1.0,#,#,#,#,#,"-2.1772218959436183,5.400644207434272",#,#,#,#,#,#,"-2.426958979377931,2.556191099760101",1.0,0.04244620469940822,0.531578947368421,1,222.34684794007984,1946,311,0.23529411764705882,,303,570
#,#,#,1.0,#,"-2.0626312098015807,3.8008155246046296","-3.1595711085688913,2.0523625625334576",#,#,"-2.1772218959436183,5.400644207434272",#,#,#,"-1.1148411808808056,3.161000076014247",#,#,#,1.0,0.04773417912145158,0.5442092154420921,1,219.89566403438795,1983,311,0.29411764705882354,,437,803
0.0,#,#,1.0,#,#,"-1.3778231486561723,1.4078655376226694","0.08387160625160472,3.0895066831494247","-2.6225545943719606,1.8908085317460657",#,"-2.467457481012589,1.5353704378088264",#,#,#,"-2.668652589185953,2.0050130439173746",#,"1.1990525899668825,5.492228042762726",0.0,0.0063582343481257495,0.36363636363636365,1,158.9469799987644,1623,316,0.47058823529411764,,8,22
#,#,5.0,1.0,"-5.624852647846181,-1.0862229126721092","-3.288910866837077,0.7856877113096128",#,"-1.9405782959838207,2.125869160995583",#,#,#,#,#,#,"-0.2851172973428968,1.411132476831403",#,#,0.0,0.09281764811892691,0.6216216216216216,1,226.40988284134988,1949,326,0.35294117647058826,,23,37
#,#,#,1.0,#,"-3.288910866837077,0.7856877113096128",#,"-1.9405782959838207,2.125869160995583",#,#,#,"-2.287503976403978,-0.055483099734211505",#,#,"-0.2851172973428968,1.411132476831403",#,#,0.0,0.01853120156506447,0.45038167938931295,1,202.16789174393725,1949,326,0.29411764705882354,,59,131
#,#,2.0,#,#,#,#,#,#,#,#,#,#,#,"-3.952090380828154,4.235313396970159",#,#,0.0,0.06658142023526195,0.5816618911174785,1,161.65399912613083,1928,328,0.11764705882352941,,203,349
#,#,#,#,"-5.624852647846181,0.33335404449875794","-2.0626312098015807,0.7856877113096128",#,#,#,#,#,"-3.257675305392935,0.9754677365669682",#,#,#,#,#,1.0,0.013389205513984573,0.42203742203742206,1,228.76701008031003,1983,333,0.17647058823529413,,203,481
#,#,2.0,#,#,"-3.288910866837077,0.3969405785033526",#,#,#,#,#,#,#,#,#,#,"-1.920400675633599,1.1461532192205748",1,0.013649238966931244,0.42366412213740456,1,163.97860843446097,1959,333,0.17647058823529413,,111,262
#,#,0.0,#,"-0.2766843768348495,5.479626506800557","-4.111503219299448,2.5469871401109954",#,"-2.556517851275445,1.0679244473366316",#,"-1.8190887946522836,2.018541408707847",#,#,#,#,#,#,#,1.0,0.04526613752481193,0.5384615384615384,1,223.8793842567292,1980,336,0.29411764705882354,,35,65
#,#,#,1.0,"-0.2766843768348495,5.479626506800557",#,"-3.1595711085688913,2.0523625625334576",#,#,"-2.1772218959436183,1.3099550257657582",#,#,#,#,#,"-2.7839040368031824,2.135823307738055",#,1.0,0.09301859553904583,0.6218905472636815,1,222.79799212250958,1980,336,0.29411764705882354,,250,402
#,2.0,#,1.0,#,"-2.0626312098015807,0.7856877113096128",#,"-3.547024691132356,2.7294485576836784",#,#,#,#,#,"-1.1148411808808056,3.161000076014247",#,#,"-2.426958979377931,2.556191099760101",0,0.01996455762479919,0.45714285714285713,1,217.0557153006866,1949,344,0.35294117647058826,,128,280
#,#,#,#,#,"-3.288910866837077,3.8008155246046296",#,"-1.9405782959838207,2.125869160995583",#,#,#,"-3.4478317036435717,1.0162100496959623",#,#,"-0.2851172973428968,1.411132476831403",#,#,0.0,0.03095351258169101,0.4990476190476191,1,216.1235867212968,1985,344,0.23529411764705882,,262,525
#,2.0,#,#,"-0.2766843768348495,5.479626506800557",#,"-5.109508261403938,0.28214726042607685",#,#,#,#,#,#,#,#,#,"-2.426958979377931,2.556191099760101",0,0.012558674125514407,0.4166666666666667,1,173.81022964464051,1989,347,0.23529411764705882,,95,228
#,#,#,#,#,"-4.111503219299448,3.8008155246046296",#,#,#,"0.04261179474317567,2.531623924621164",#,#,#,"-1.1148411808808056,3.161000076014247",#,#,#,1.0,0.03902795518772003,0.5227272727272727,1,206.88469955180702,1974,347,0.17647058823529413,,345,660
3.0,#,#,1.0,#,#,#,#,"-2.9235014041515157,1.9910495553992238",#,#,#,"-1.2085171626794806,2.029474637220212","0.2829061940567088,2.7583932375222657","-3.952090380828154,1.411132476831403","-0.48138393188222084,4.291485879986142","-3.2593110959977887,2.1838220673683697",0.0,0.00284099395436107,0.30952380952380953,1,173.2575724248337,1917,351,0.47058823529411764,,13,42
#,#,4.0,#,"-5.624852647846181,-1.0862229126721092","-3.288910866837077,0.7856877113096128","-2.4235244984254583,3.2377137994960585",#,#,#,#,#,#,#,"-3.952090380828154,1.411132476831403","-1.3575818657766572,1.2858537223350517",#,0.0,0.07431984303981963,0.5945945945945946,1,182.95320404589876,1971,354,0.35294117647058826,,22,37
#,0.0,#,1.0,#,#,#,"-2.5046909585930117,0.8545482449986691",#,#,#,#,#,"-0.34633271307640445,5.054729927212082",#,#,"-1.1715273813355505,2.278345750375395",0.0,0.027831934370136695,0.48854961832061067,1,158.15464473002382,1871,362,0.29411764705882354,,64,131
#,#,#,#,"-0.07835770137375028,5.479626506800557","-3.8764189058943943,2.5469871401109954","-4.515712338516044,2.223857063771476",#,#,"-1.8190887946522836,1.3099550257657582",#,#,"-2.482100543720583,-0.015059172368436125",#,#,"-2.7839040368031824,2.135823307738055",#,1.0,0.08407407867198598,0.6094420600858369,1,214.4801893348857,1980,369,0.35294117647058826,,142,233
#,#,2.0,#,#,#,"-2.4235244984254583,3.2377137994960585",#,#,#,#,#,#,#,"-3.952090380828154,4.235313396970159",#,#,0.0,0.06174442927297605,0.5729537366548043,2,163.41252067535464,1928,371,0.17647058823529413,,161,281
#,#,2.0,#,#,"-6.642342725618781,0.7856877113096128",#,#,"-2.9371645336447374,4.484810384860461",#,#,#,"-0.21686807139625364,3.4065989427772125",#,#,#,#,0.0,0.06172445759851744,0.5729166666666666,2,168.37056740580437,1928,371,0.23529411764705882,,110,192
#,#,#,#,#,#,#,"-2.2323102120644784,2.894949624996508",#,#,#,#,"-0.8551506376287712,3.462171762237486",#,"-0.2851172973428968,4.235313396970159","-1.9102752624733965,1.9080205870212945",#,0.0,0.0246143337272216,0.4766917293233083,1,202.14486866054236,1985,372,0.23529411764705882,,317,665
#,#,#,1.0,#,"-6.642342725618781,0.7856877113096128",#,"-1.9405782959838207,2.125869160995583","-2.9371645336447374,4.484810384860461",#,#,#,#,#,#,#,#,0.0,0.022239518410197837,0.4671163575042159,1,206.4895063480181,1985,372,0.23529411764705882,,277,593
#,0.0,0.0,#,"-0.2766843768348495,5.479626506800557","-4.111503219299448,2.5469871401109954","-3.1595711085688913,2.0523625625334576",#,#,"-2.1772218959436183,2.018541408707847",#,#,#,#,#,#,#,1.0,0.16806999999999994,0.7,3,181.78530702378103,1980,379,0.35294117647058826,,21,30
#,#,0.0,#,"-0.2766843768348495,5.479626506800557","-4.111503219299448,2.5469871401109954","-3.1595711085688913,2.0523625625334576",#,#,"-2.1772218959436183,2.018541408707847",#,#,#,#,#,#,#,0,0.008023307944637018,0.38095238095238093,1,228.81805686499385,1985,379,0.29411764705882354,,32,84
#,2.0,#,#,"-0.2766843768348495,5.479626506800557",#,"-5.109508261403938,0.28214726042607685",#,#,"-0.8027556436964776,1.1173394279236846",#,#,#,#,#,#,"-2.426958979377931,2.556191099760101",0,0.017539490534054427,0.44545454545454544,1,182.6614340673875,1989,382,0.29411764705882354,,49,110
#,2.0,#,1.0,#,"-2.0626312098015807,0.7856877113096128",#,"-3.547024691132356,2.7294485576836784",#,#,#,#,#,"-1.1148411808808056,3.161000076014247",#,"-1.9386172195124116,1.6593923309729703","-2.426958979377931,2.556191099760101",0,0.018888936205292788,0.4521072796934866,1,229.20978788149063,1949,382,0.4117647058823529,,118,261
#,#,#,#,#,"-2.0626312098015807,0.3969405785033526",#,#,#,"-2.1772218959436183,5.400644207434272","-1.8217080420242056,3.5987880980464615","-3.257675305392935,0.9754677365669682",#,#,#,#,#,1.0,0.02696065286970872,0.48545176110260335,1,212.1691564000073,1983,385,0.23529411764705882,,317,653
#,#,#,#,"-3.0982928284377347,0.33335404449875794",#,#,#,#,#,#,#,#,#,#,"-1.2752807255526994,1.001011030876828",#,1.0,0.015859369377845274,0.43657331136738053,1,167.7827813956771,1974,385,0.11764705882352941,,265,607
#,#,#,#,#,"-1.8624185877445085,0.7856877113096128","-2.4235244984254583,3.2377137994960585",#,#,#,#,"-1.7845075053490689,1.8329056395984846",#,#,#,#,#,0.0,0.027860522056634706,0.4886499402628435,1,199.51588540332736,1989,391,0.17647058823529413,,409,837
4.0,#,#,#,#,#,#,#,"0.9578435288218339,4.86942490479079",#,"-3.4507725163419822,2.136508120346244",#,"-0.8020232934643301,3.9007743206756995",#,#,#,#,0.0,0.048282842081079885,0.5454545454545454,1,129.373504,1704,391,0.23529411764705882,,6,11
#,#,#,1.0,"-5.249327587910723,1.3925695855147457","-3.288910866837077,0.7856877113096128",#,"-3.547024691132356,2.7294485576836784",#,#,#,#,#,#,#,#,#,0,0.037962409917330804,0.5198412698412699,1,218.65647924230197,1985,407,0.23529411764705882,,262,504
#,2.0,#,#,"-5.624852647846181,-1.0862229126721092",#,"-2.4235244984254583,3.2377137994960585",#,#,#,#,#,#,"-1.1148411808808056,3.161000076014247","-3.952090380828154,1.411132476831403",#,"-2.426958979377931,2.556191099760101",0.0,0.10004652392396562,0.6310160427807486,1,232.99330989931147,1949,407,0.35294117647058826,,118,187
#,#,#,#,#,"-4.111503219299448,2.5469871401109954","0.044689718557936686,3.5492658077474473",#,#,#,#,#,"-2.9001538682350967,2.4194040887429704",#,#,#,#,1.0,0.04662947792084618,0.5416666666666666,3,192.63902481549343,1983,409,0.17647058823529413,,390,720
#,#,1.0,#,"-0.2766843768348495,5.479626506800557","-4.871575509793637,2.3831975683699804",#,#,#,#,#,#,#,"-0.7481816364635567,3.1525858259670176",#,"-2.7839040368031824,2.135823307738055",#,1.0,0.06366280525433192,0.5764705882352941,3,194.5322148277873,1821,409,0.29411764705882354,,49,85
#,1.0,#,#,#,"-3.8764189058943943,2.5469871401109954",#,#,#,"-1.8190887946522836,1.3099550257657582",#,#,#,#,#,#,#,1.0,0.014896358870471572,0.4311377245508982,1,171.84151859278882,1891,410,0.17647058823529413,,72,167
#,#,#,#,"-0.2766843768348495,5.479626506800557","-4.111503219299448,2.5469871401109954","-4.515712338516044,2.223857063771476","-1.568027774872882,3.2056279354942436",#,"-1.8190887946522836,1.3099550257657582",#,#,#,#,#,"-2.7839040368031824,2.135823307738055",#,1.0,0.07391941378348968,0.593952483801296,1,222.2619670246908,1980,410,0.35294117647058826,,275,463
#,#,2.0,#,"-5.624852647846181,-1.0862229126721092",#,"-2.4235244984254583,3.2377137994960585",#,#,#,#,#,#,#,"-3.952090380828154,4.235313396970159",#,"-1.6779685799278317,2.6152068728680113",0.0,0.17898007205164654,0.7088607594936709,2,181.80649843113116,1928,420,0.29411764705882354,,56,79
#,#,#,#,#,#,#,#,#,#,"-2.8573659381958927,2.3129534569484362",#,#,#,#,#,#,0.0,0.030752081577279693,0.49839640795381657,1,190.21040467482212,1989,420,0.058823529411764705,,777,1559
#,#,#,1.0,"-5.624852647846181,-1.0862229126721092","-3.288910866837077,0.7856877113096128","-2.4235244984254583,3.2377137994960585",#,#,#,#,#,#,#,"-3.952090380828154,1.411132476831403",#,#,0.0,0.09364604313424005,0.6227272727272727,1,244.974718814638,1949,435,0.29411764705882354,,137,220
#,#,#,#,"-5.624852647846181,-1.0862229126721092","-3.288910866837077,0.7856877113096128","-2.4235244984254583,3.2377137994960585",#,#,#,#,#,#,"-2.0104009953539443,1.6653221903979432","-3.952090380828154,1.411132476831403",#,#,0.0,0.11293588232841857,0.6464968152866242,1,239.33683205974822,1971,435,0.29411764705882354,,203,314
#,#,#,0.0,#,#,#,#,#,"-2.1772218959436183,5.400644207434272",#,#,#,#,#,#,#,1.0,0.014404312762176914,0.4282511210762332,1,159.67462026364504,1982,436,0.11764705882352941,,191,446
#,#,#,0.0,#,#,#,#,#,"-2.1772218959436183,5.400644207434272",#,#,#,#,#,#,"-1.3726986819785572,4.22376217613031",1.0,0.014171627769447661,0.42685851318944845,1,160.6679710680493,1982,436,0.17647058823529413,,178,417
#,#,5.0,1.0,"-5.624852647846181,-1.0862229126721092","-3.288910866837077,0.7856877113096128","-2.4235244984254583,3.2377137994960585","-1.9405782959838207,2.125869160995583",#,#,#,#,#,"-2.0104009953539443,1.6653221903979432",#,#,#,0.0,0.07775999999999998,0.6,1,225.8972212208931,1949,438,0.4117647058823529,,51,85
#,#,#,#,"-5.624852647846181,-1.0862229126721092","-3.288910866837077,0.7856877113096128",#,#,#,#,"-3.1330849879834863,1.4534886689993858",#,#,#,"-3.952090380828154,1.411132476831403",#,#,0.0,0.11860993418234793,0.6528662420382165,1,239.2945290313168,1971,438,0.23529411764705882,,205,314
0.0,#,#,#,#,"-4.111503219299448,2.5469871401109954","0.044689718557936686,3.5492658077474473",#,#,#,#,#,"-2.9001538682350967,2.4194040887429704",#,#,#,#,1.0,0.03042332732821841,0.49732620320855614,1,212.8093759940506,1960,450,0.23529411764705882,,186,374
#,2.0,#,#,#,#,#,#,#,#,#,#,#,#,#,#,"-2.426958979377931,2.556191099760101",0,0.028096145158170178,0.48947368421052634,1,199.5381189677882,1989,454,0.11764705882352941,,372,760
#,#,2.0,#,#,#,"-2.4235244984254583,3.2377137994960585","-5.845929417218644,-3.017096403667754",#,#,#,#,#,#,"-3.952090380828154,4.235313396970159",#,#,0.0,0.13168724279835387,0.6666666666666666,1,82.03999999999999,609,456,0.23529411764705882,,4,6
1.0,#,2.0,#,#,#,"-2.4235244984254583,3.2377137994960585",#,#,#,#,#,#,#,"-3.952090380828154,4.235313396970159",#,#,0.0,0.07204491900081343,0.5909090909090909,1,137.6522450852986,1830,456,0.23529411764705882,,13,22
#,#,1.0,#,"-0.2766843768348495,5.479626506800557","-4.871575509793637,2.3831975683699804",#,#,#,#,#,"-2.09308911771618,-0.16893318955258751",#,"-0.7481816364635567,2.7628568302266316",#,"-2.7839040368031824,2.135823307738055","-0.20004316943833744,2.0998722517022927",1.0,0.038020403200000004,0.52,2,150.84058026809612,1821,457,0.4117647058823529,,13,25
#,#,#,1.0,"-4.567666519013947,1.3925695855147457","-3.288910866837077,0.7856877113096128",#,#,#,#,#,#,#,#,"-3.952090380828154,1.411132476831403",#,#,0,0.04064846748418016,0.5269978401727862,2,225.08181352800344,1985,464,0.23529411764705882,,244,463
#,#,#,1.0,"-5.4465095830234915,-5.249327587910723",#,"-2.4235244984254583,3.2377137994960585","-3.547024691132356,2.7294485576836784",#,#,#,#,#,"-2.3351163446455336,0.21538545771291906",#,"-2.4442877112820915,2.255153334249836",#,0.0,0.03951721830189802,0.8285714285714285,1,68.0,464,464,0.35294117647058826,,0,0
#,#,#,1.0,"-6.134728450973855,1.3925695855147457",#,#,#,#,#,#,"-1.0186677693245385,2.598745375623015",#,#,#,#,#,0.0,0.040386107340619246,0.5263157894736842,2,206.2332007671706,1985,472,0.17647058823529413,,340,646
#,#,5.0,#,"-2.36917036006416,1.6159679439911216","-3.288910866837077,0.7856877113096128","-2.4235244984254583,3.2377137994960585","-3.547024691132356,2.7294485576836784",#,#,#,#,#,#,#,#,#,0,0.01882633909237123,0.45180722891566266,1,209.30456601583145,1886,472,0.29411764705882354,,75,166
#,0.0,0.0,#,"-0.2766843768348495,5.479626506800557","-3.8764189058943943,2.5469871401109954","-4.515712338516044,2.223857063771476",#,#,"-1.8190887946522836,2.018541408707847",#,#,"-2.482100543720583,-0.015059172368436125",#,#,#,#,1.0,0.13168724279835387,0.6666666666666666,1,168.36626837504,1980,480,0.4117647058823529,,10,15
#,#,0.0,#,#,"-4.111503219299448,2.5469871401109954",#,#,#,"-2.1772218959436183,1.3099550257657582",#,#,#,#,#,"-2.7839040368031824,2.135823307738055",#,1.0,0.038119311583564706,0.5202702702702703,1,224.01023024511179,1980,480,0.23529411764705882,,77,148
#,#,#,#,#,#,#,#,#,#,#,#,#,"-4.009792031665099,3.161000076014247",#,#,"-2.426958979377931,2.556191099760101",0,0.030937710702049294,0.49899665551839467,2,190.21049873980527,1989,485,0.11764705882352941,,746,1495
#,2.0,#,#,"-1.3565015073337057,4.399809376301701",#,#,#,#,#,#,#,#,"-1.1148411808808056,3.161000076014247",#,#,"-2.426958979377931,2.556191099760101",0,0.014816121871187212,0.43067226890756305,1,196.65317062642552,1989,485,0.23529411764705882,,205,476
#,#,#,#,#,"-4.111503219299448,2.5469871401109954",#,#,#,#,#,#,#,#,#,"-2.1501065362514993,1.5213317805703193",#,1.0,0.0326659356755053,0.5044510385756676,1,181.11533665944216,1983,488,0.11764705882352941,,680,1348
#,#,#,1.0,#,#,"0.044689718557936686,3.5492658077474473",#,#,#,#,"-1.763947588329439,1.0068369482261337","-2.9001538682350967,2.4194040887429704",#,#,#,"-4.062203386569733,0.2309720662261101",1.0,0.059788630035771693,0.5692771084337349,4,224.52140687478692,1973,488,0.29411764705882354,,189,332
#,#,#,#,"-5.624852647846181,-1.0862229126721092","-3.288910866837077,0.7856877113096128","-2.4235244984254583,3.2377137994960585",#,#,#,"-3.662593070001113,1.2575495802168768",#,#,#,"-3.952090380828154,1.411132476831403",#,#,0.0,0.11729160841282317,0.6514084507042254,1,238.68549591127478,1971,492,0.29411764705882354,,185,284
#,#,#,#,"-5.624852647846181,-1.0862229126721092","-3.288910866837077,0.7856877113096128","-2.4235244984254583,3.2377137994960585","-1.3070851023246166,2.847763386328252",#,#,#,#,#,#,"-3.952090380828154,1.411132476831403",#,#,0.0,0.11979592726844819,0.6541666666666667,1,237.05432067235364,1971,492,0.29411764705882354,,157,240
#,2.0,#,#,"-6.134728450973855,1.3925695855147457",#,#,#,#,"-0.2574555980283688,1.5204102090273368",#,#,#,#,#,#,"-2.426958979377931,2.556191099760101",0.0,0.049724019726331316,0.5486725663716814,1,224.5276073047625,1985,495,0.23529411764705882,,124,226
#,#,5.0,1.0,#,"-2.0626312098015807,3.8008155246046296",#,#,#,#,#,"-1.0186677693245385,2.598745375623015",#,"-1.1148411808808056,3.161000076014247",#,#,"0.27765173706847013,3.420869479293999",0,0.029891514349462245,0.49557522123893805,1,195.21012579803755,1925,495,0.35294117647058826,,56,113
#,#,#,1.0,#,"-0.4018399702058457,5.06408495169825","-3.1595711085688913,2.0523625625334576",#,#,"-2.1772218959436183,5.400644207434272",#,#,"-1.0490113383467736,1.8035052472791462",#,#,#,#,0,0.016869854883232,0.442,1,216.68330601058443,1932,496,0.29411764705882354,,221,500
#,#,#,1.0,#,#,#,#,#,"-2.1772218959436183,2.018541408707847",#,#,#,#,#,#,#,1.0,0.04426578230107132,0.5360602798708288,1,213.712481892254,1983,496,0.11764705882352941,,498,929
#,#,#,1.0,#,"-4.870676778955215,0.7856877113096128","-0.30611003174860896,2.1201349530748983","-3.547024691132356,2.7294485576836784",#,#,#,#,#,#,#,#,#,0,0.021644408072380664,0.46458923512747874,1,203.5867025108201,1985,507,0.23529411764705882,,164,353
#,#,#,#,"-5.249327587910723,1.3925695855147457","-3.288910866837077,-1.1936000133106415",#,#,#,"-1.2716227435191854,3.5641722516723338",#,#,#,#,#,#,"-3.6839005978068062,1.6059048708166432",0.0,0.028331578177884384,0.49029126213592233,1,217.7382105372741,1985,507,0.23529411764705882,,101,206
#,#,#,#,#,#,#,#,#,"-0.5941229882336476,1.9660037739265686",#,#,#,#,#,#,#,0.0,0.02714424331629637,0.4861111111111111,2,210.83434108557162,1989,510,0.058823529411764705,,420,864
#,2.0,#,#,"-6.134728450973855,1.3925695855147457",#,#,#,#,"-1.7328678820259036,-0.2574555980283688",#,"-1.0186677693245385,2.598745375623015",#,#,#,#,"-2.426958979377931,2.556191099760101",0.0,0.052536982557659956,0.5547445255474452,1,222.03868685643866,1876,510,0.29411764705882354,,76,137
#,#,2.0,#,#,#,"-2.4235244984254583,3.2377137994960585",#,#,#,#,#,#,#,#,#,"-1.7936641773680886,3.342813596512652",0.0,0.05822356959113004,0.5662650602409639,1,163.41252036561258,1928,511,0.17647058823529413,,141,249
#,#,#,#,#,#,#,#,#,"-0.5941229882336476,1.9660037739265686",#,#,#,#,"-3.952090380828154,4.235313396970159",#,#,0.0,0.02697839669088701,0.4855156431054461,1,210.83434108557162,1989,511,0.11764705882352941,,419,863
#,#,#,1.0,#,"-3.919281482950151,3.0373502358368794",#,#,#,#,#,#,"-2.9001538682350967,2.4194040887429704",#,#,#,"-4.062203386569733,0.2309720662261101",1.0,0.05820306255780612,0.5662251655629139,1,208.19342640948955,1983,513,0.23529411764705882,,342,604
#,#,#,#,#,"-4.111503219299448,2.5469871401109954","0.044689718557936686,3.5492658077474473",#,#,#,#,"-1.763947588329439,1.0068369482261337",#,#,#,#,#,1.0,0.039533328253743456,0.524074074074074,1,205.04901720320498,1973,513,0.17647058823529413,,283,540
#,#,5.0,#,"-0.9354772203028598,2.385471366409875","-3.324608130444552,2.879499171941701","-2.0786945770228313,1.6056033628943465","-2.50589194084655,1.6489565478063184","-0.8535796894752485,1.8544381861955677",#,#,"-2.82607133629581,3.7826355629994173",#,#,#,#,#,0.0,0.004413310312010327,0.3380281690140845,1,195.73348600663118,1886,517,0.4117647058823529,,24,71
0.0,#,#,#,#,"-1.5926212187071043,2.538838603961658",#,#,#,#,#,#,#,#,#,#,"-2.607002726977634,1.9928281153036262",0.0,0.03706149458060994,0.5173501577287066,1,208.45035446580738,1971,517,0.17647058823529413,,328,634
0.0,#,#,#,"-0.07835770137375028,5.479626506800557","-3.8764189058943943,2.5469871401109954","-4.515712338516044,2.223857063771476",#,#,"-1.8190887946522836,1.3099550257657582",#,#,#,#,#,"-2.7839040368031824,2.135823307738055",#,1.0,0.07299092919263,0.5924528301886792,1,225.17795350713928,1891,522,0.35294117647058826,,157,265
#,#,#,#,"-0.07835770137375028,5.479626506800557","-3.8764189058943943,2.5469871401109954","-4.515712338516044,2.223857063771476",#,#,"-1.8190887946522836,1.3099550257657582",#,#,#,#,"-1.2282298654900083,1.0702942163640872","-2.7839040368031824,2.135823307738055",#,1.0,0.07529944080130112,0.5961538461538461,1,216.19320814406507,1980,522,0.35294117647058826,,217,364
#,#,#,1.0,#,"-3.919281482950151,3.0373502358368794",#,"0.37926939448938857,5.418128199876911",#,#,#,#,"-2.9001538682350967,2.4194040887429704",#,#,#,"-4.062203386569733,0.2309720662261101",1.0,0.07498314564186527,0.5956521739130435,1,184.10001755475005,1946,535,0.29411764705882354,,137,230
#,2.0,#,#,#,#,#,#,#,#,#,#,#,#,#,#,"-2.426958979377931,1.9928281153036262",0,0.030809866189312883,0.4985835694050991,2,199.5381189677882,1989,537,0.11764705882352941,,352,706
0.0,#,#,#,#,"-2.0626312098015807,3.8008155246046296",#,#,#,#,#,#,"-4.428277189746489,1.2767559815053504","-1.1148411808808056,3.161000076014247",#,#,"-2.607002726977634,2.556191099760101",0.0,0.029882000818556076,0.49554367201426025,2,211.87406878576232,1971,537,0.29411764705882354,,278,561
#,#,#,#,"-0.07835770137375028,5.479626506800557","-3.8764189058943943,2.5469871401109954","-4.515712338516044,2.223857063771476",#,#,"-1.8190887946522836,1.3099550257657582",#,#,#,#,"-1.2282298654900083,1.0702942163640872","-2.7839040368031824,2.135823307738055","-0.26038452934907985,2.652841670762385",1.0,0.06600153808263474,0.5806451612903226,1,203.2138418743804,1980,547,0.4117647058823529,,126,217
#,#,#,#,#,#,"0.11606286613377942,3.5492658077474473",#,#,#,#,#,#,#,#,#,#,0,0.021305894442505826,0.4631268436578171,2,192.65768780199377,1985,551,0.058823529411764705,,314,678
#,#,#,#,"-2.6100135489804566,3.2569956208787088","-4.111503219299448,2.5469871401109954",#,#,#,#,"-5.1992667258006495,0.22122941427001708","-1.763947588329439,1.0068369482261337","-2.9001538682350967,2.4194040887429704",#,#,#,#,1.0,0.04168257351353054,0.5296523517382413,1,200.51497755039037,1973,551,0.29411764705882354,,259,489
#,#,#,#,#,"-4.111503219299448,2.5469871401109954","0.044689718557936686,3.5492658077474473",#,#,"-2.1772218959436183,2.018541408707847",#,#,#,#,#,#,#,1.0,0.0384960904584417,0.5212947189097104,1,213.12202393734947,1983,552,0.17647058823529413,,306,587
#,#,#,1.0,#,#,#,#,#,#,#,#,"-2.9001538682350967,2.4194040887429704",#,#,#,#,1.0,0.041381291556828306,0.5288844621513944,1,191.67487210720657,1983,552,0.11764705882352941,,531,1004
#,#,4.0,#,"-5.624852647846181,-1.0862229126721092","-3.288910866837077,0.7856877113096128","-2.4235244984254583,3.2377137994960585",#,#,#,#,#,#,#,#,"-1.3575818657766572,1.2858537223350517",#,0.0,0.0544971034054838,0.5588235294117647,1,180.17527001216814,1971,553,0.29411764705882354,,19,34
#,#,#,#,#,"-2.0626312098015807,3.8008155246046296","0.11606286613377942,3.5492658077474473",#,#,#,#,"-2.988941776452047,0.551505131368963",#,#,#,#,#,0.0,0.023699434480216414,0.4730941704035874,1,203.13086472703895,1985,555,0.17647058823529413,,211,446
0.0,#,#,#,"-2.2768516030327293,6.025519863749108",#,#,#,#,#,#,#,"-4.428277189746489,1.2767559815053504","-1.1148411808808056,3.161000076014247",#,#,"-2.607002726977634,2.556191099760101",0,0.01738441201633509,0.44466403162055335,1,209.8546885409392,1928,555,0.29411764705882354,,225,506
0.0,#,#,#,"-2.2768516030327293,6.025519863749108",#,#,#,#,#,#,#,"-0.7451673794623149,1.9531591204540963","-1.1148411808808056,3.161000076014247",#,#,#,0,0.01913329663051479,0.4532710280373832,2,221.5256025655313,1928,559,0.23529411764705882,,194,428
#,2.0,#,#,"-0.2766843768348495,5.479626506800557",#,"-5.109508261403938,3.2377137994960585",#,#,"-0.8027556436964776,1.1173394279236846",#,#,#,#,#,#,#,0.0,0.008673377395815992,0.3869346733668342,1,215.55649331893454,1989,565,0.23529411764705882,,77,199
1.0,#,2.0,#,#,#,"-2.4235244984254583,0.28214726042607685",#,#,#,#,#,#,#,"-3.952090380828154,4.235313396970159",#,"-2.426958979377931,2.556191099760101",0,0.07775999999999998,0.6,1,137.6750445584122,1830,565,0.29411764705882354,,12,20
0.0,#,#,#,"-0.07835770137375028,5.479626506800557","-3.8764189058943943,2.5469871401109954","-4.515712338516044,2.223857063771476",#,#,"-1.8190887946522836,1.3099550257657582",#,"0.06804496394767456,2.223099603490898",#,#,#,"-2.7839040368031824,2.135823307738055",#,1.0,0.05698231379525955,0.5638297872340425,1,197.282472776201,1891,566,0.4117647058823529,,53,94
0.0,#,#,#,"-0.07835770137375028,5.479626506800557","-3.8764189058943943,2.5469871401109954","-4.515712338516044,2.223857063771476",#,#,"-1.8190887946522836,1.3099550257657582",#,#,"-3.0319532812929757,1.9792245042660732",#,#,"-2.7839040368031824,2.135823307738055",#,1.0,0.07182699744549773,0.5905511811023622,1,224.72141785180352,1891,566,0.4117647058823529,,150,254
#,#,#,#,#,"-1.8624185877445085,0.7856877113096128","-2.4235244984254583,3.2377137994960585",#,#,#,#,#,#,#,#,#,#,0.0,0.031058752104783163,0.49938650306748467,1,198.7184073640811,1989,569,0.11764705882352941,,407,815
#,#,#,#,#,#,#,#,#,#,#,"-1.7845075053490689,1.8329056395984846",#,"-4.009792031665099,3.161000076014247",#,#,"-2.426958979377931,2.556191099760101",0,0.028490389480461654,0.4908396946564885,1,189.30106915112128,1989,569,0.17647058823529413,,643,1310
#,2.0,#,#,#,#,#,#,#,#,#,#,#,#,#,"-4.240900180760834,1.045970995462584","-2.426958979377931,-1.5390703103338124",0,0.014458261438686257,0.42857142857142855,2,175.91282617939265,1814,574,0.17647058823529413,,9,21
#,#,#,1.0,#,#,"0.044689718557936686,3.5492658077474473",#,#,#,#,"-1.763947588329439,1.0068369482261337","-2.9001538682350967,2.4194040887429704","-2.5131333847249855,0.26241269431215386",#,#,"-4.062203386569733,0.2309720662261101",1.0,0.028411057026862793,0.49056603773584906,1,244.55608528725824,1973,582,0.35294117647058826,,104,212
#,#,#,1.0,#,#,"0.044689718557936686,3.5492658077474473",#,"-3.203920782749174,2.011521051876101",#,#,"-1.763947588329439,1.0068369482261337","-2.9001538682350967,2.4194040887429704",#,#,#,"-4.062203386569733,0.2309720662261101",1.0,0.056202267184560555,0.5622775800711743,1,216.42357812721013,1973,582,0.35294117647058826,,158,281
#,#,#,#,#,#,#,#,#,"-0.5941229882336476,1.9660037739265686",#,#,#,#,#,"-2.3002554420579595,1.9586130054553494",#,0.0,0.027362794871102533,0.4868913857677903,1,204.7935917536957,1989,588,0.11764705882352941,,390,801
0.0,#,#,#,"-0.07835770137375028,5.479626506800557","-3.8764189058943943,2.5469871401109954","-4.515712338516044,2.223857063771476",#,#,"-1.8190887946522836,1.3099550257657582",#,#,#,#,#,"-2.7839040368031824,2.135823307738055",#,0,0.011507953897974283,0.4094488188976378,1,225.17795350713928,1985,591,0.35294117647058826,,104,254
0.0,#,#,#,"-0.07835770137375028,5.479626506800557","-3.8764189058943943,2.5469871401109954","-4.515712338516044,2.223857063771476",#,#,"-1.8190887946522836,1.3099550257657582","-0.9359829575665277,1.1488232501529596",#,"-0.2994980749143027,2.1675432964378443",#,#,"-2.7839040368031824,2.135823307738055",#,1.0,0.047251195509497676,0.5431034482758621,1,225.04965091045398,1671,591,0.47058823529411764,,63,116
#,#,#,1.0,#,#,#,#,"-3.203920782749174,2.011521051876101",#,#,#,"-2.9001538682350967,2.4194040887429704","-2.14619839553141,0.6293476835057293",#,#,"-4.062203386569733,0.2309720662261101",1.0,0.04906727474930384,0.5472154963680388,1,214.31430121837434,1983,597,0.29411764705882354,,226,413
#,#,#,1.0,#,#,"0.044689718557936686,3.5492658077474473",#,#,#,#,"-1.763947588329439,1.0068369482261337",#,#,#,#,"-2.9401059333485797,2.119707993160807",1.0,0.0369976237843201,0.5171717171717172,1,205.159205222965,1973,597,0.23529411764705882,,256,495
4.0,#,#,#,#,#,#,"-3.8567853576184636,2.7732920178914333","4.86942490479079,5.858570226128025",#,#,#,#,#,#,#,#,0,0.0584035,0.85,1,60.68694551092265,604,604,0.17647058823529413,,0,0
#,#,#,#,#,#,"0.11606286613377942,3.5492658077474473",#,#,"-0.4665433128625853,2.164698081579859","-3.4507725163419822,2.136508120346244",#,"-0.8020232934643301,3.9007743206756995",#,#,#,#,0.0,0.015279547325102883,0.43333333333333335,1,236.50986150973708,1985,604,0.23529411764705882,,130,300
#,#,#,1.0,"-0.07835770137375028,5.479626506800557","-3.8764189058943943,2.5469871401109954",#,#,#,#,#,#,"-2.9001538682350967,2.4194040887429704",#,#,"-2.7839040368031824,2.135823307738055",#,1.0,0.09947191355489786,0.6302895322939867,3,197.5804094701757,1980,607,0.29411764705882354,,283,449
#,#,#,#,#,"-4.111503219299448,2.5469871401109954","-4.515712338516044,3.5492658077474473",#,#,"-1.8190887946522836,1.3099550257657582",#,#,#,#,#,#,#,1.0,0.034443099476671075,0.5098241985522234,1,214.0983941594499,1983,607,0.17647058823529413,,493,967
#,#,2.0,#,#,#,#,#,"-2.583095334627048,1.9009041203342718",#,#,#,#,#,#,"-1.7283664766852342,3.264789634192439","-1.7936641773680886,3.342813596512652",0.0,0.0707350463415222,0.5887445887445888,1,174.7516976347112,1928,609,0.23529411764705882,,136,231
#,#,2.0,#,#,#,"-2.4235244984254583,3.2377137994960585",#,#,#,#,#,#,#,"-3.952090380828154,4.235313396970159","-0.18636238362007052,1.722785541127275",#,0.0,0.04605381241674568,0.5403225806451613,1,162.97156937481424,1899,609,0.23529411764705882,,67,124
0.0,#,#,1.0,#,#,#,#,#,#,#,"-1.0970190920819065,1.058035547461317",#,#,"-2.3689063073936265,1.9216719787340195",#,#,1.0,0.03554437289622385,0.5130434782608696,1,222.95832375384543,1960,615,0.23529411764705882,,177,345
#,#,#,1.0,#,#,"-3.1595711085688913,2.482415193203437","-4.1091000108285884,-0.8382618389103731",#,#,#,#,#,#,#,#,#,1.0,0.050237361813602915,0.549800796812749,1,191.58462611517808,1983,615,0.17647058823529413,,138,251
#,0.0,#,#,"-5.624852647846181,-1.3747021433522688",#,#,#,#,"-0.4665433128625853,2.164698081579859","-3.4507725163419822,2.136508120346244","-1.0186677693245385,2.598745375623015","-0.8020232934643301,2.029474637220212",#,#,#,#,0.0,0.06504222973314074,0.5789473684210527,2,166.55821504898447,1932,622,0.35294117647058826,,22,38
#,#,#,#,#,#,"-2.4235244984254583,3.5492658077474473",#,#,#,#,#,"-1.2085171626794806,3.9007743206756995",#,#,#,"-1.33246191647054,3.804015857410201",0.0,0.02733210920490789,0.48678213309024615,1,194.15521811213225,1989,622,0.17647058823529413,,534,1097
#,#,#,1.0,#,#,"0.044689718557936686,3.5492658077474473",#,#,#,#,"-1.763947588329439,2.899141406586563","-2.9001538682350967,2.4194040887429704",#,#,#,"-4.062203386569733,0.2309720662261101",1.0,0.05843032921810699,0.5666666666666667,1,210.13935083042054,1973,623,0.29411764705882354,,204,360
#,#,#,#,#,#,"0.11606286613377942,3.5492658077474473",#,#,#,#,"-1.7845075053490689,1.8329056395984846",#,#,#,#,#,0,0.018078735471514788,0.44816053511705684,1,192.6508728298772,1985,627,0.11764705882352941,,268,598
#,#,#,#,"-0.5310401391014445,7.107141610337846",#,#,#,"-1.7679304093953412,1.4415722580663666",#,#,#,#,"-4.009792031665099,3.161000076014247",#,#,"-2.426958979377931,2.556191099760101",0,0.011030031981605234,0.4059900166389351,1,192.2107791012793,1989,627,0.23529411764705882,,244,601
#,0.0,0.0,1.0,"-0.2766843768348495,5.479626506800557","-4.111503219299448,2.5469871401109954","-3.1595711085688913,2.0523625625334576",#,#,#,#,#,#,#,#,#,#,1.0,0.14387251916983998,0.6785714285714286,1,181.81364122267823,1980,631,0.35294117647058826,,19,28
0.0,#,#,#,"-2.8589768515761365,5.479626506800557",#,"-4.515712338516044,2.223857063771476",#,#,#,#,#,"-4.428277189746489,1.2767559815053504","-1.1148411808808056,3.161000076014247",#,#,"-2.607002726977634,2.556191099760101",0,0.01765863412584729,0.4460580912863071,1,209.5274802955677,1928,634,0.35294117647058826,,215,482
0.0,#,#,#,#,"-3.8764189058943943,3.8008155246046296",#,#,#,"-1.8190887946522836,-0.19211924745609354",#,#,#,#,#,"-2.7839040368031824,2.135823307738055",#,0.0,0.035280926290040766,0.512280701754386,1,204.66790852802418,1971,634,0.23529411764705882,,146,285
#,#,#,1.0,"-5.624852647846181,-1.0862229126721092","-3.288910866837077,0.7856877113096128","-2.4235244984254583,3.2377137994960585","-1.3070851023246166,2.847763386328252",#,#,"-3.1579020192026555,0.5113569063836418",#,#,#,"-3.952090380828154,1.411132476831403",#,#,0.0,0.08157104964302428,0.6057692307692307,1,236.27550417726775,1949,647,0.4117647058823529,,63,104
#,#,#,#,#,"-3.288910866837077,0.7856877113096128","-2.4235244984254583,3.2377137994960585",#,"0.21468400718218716,3.6247805913602518",#,#,#,#,#,#,#,#,0.0,0.030104037590821125,0.49627791563275436,1,219.12814113964976,1985,647,0.17647058823529413,,200,403
#,2.0,#,#,"-6.134728450973855,5.479626506800557",#,#,#,#,"-0.8027556436964776,1.5204102090273368",#,#,#,#,#,#,"-2.426958979377931,2.556191099760101",0.0,0.02374662911011975,0.4732824427480916,1,227.98654849770233,1989,650,0.23529411764705882,,186,393
#,#,#,#,#,#,"-5.109508261403938,0.28214726042607685",#,#,#,#,"-0.9352650796875853,1.9124856939945314",#,#,#,#,#,0,0.037728351813206815,0.5191986644407346,2,170.49866798987387,1989,650,0.11764705882352941,,311,599
#,#,1.0,1.0,#,#,"-0.7232108904992418,0.044689718557936686",#,#,#,"-4.363590045222144,1.5572595847011996",#,#,#,#,#,#,1.0,0.036280637324889,0.5151515151515151,1,192.80382905457435,1821,658,0.23529411764705882,,17,33
#,#,#,#,#,#,"-3.1595711085688913,3.5492658077474473",#,#,"-2.1772218959436183,5.400644207434272",#,#,#,#,#,#,#,1.0,0.03595310593868939,0.514218009478673,1,202.03624639197773,1983,658,0.11764705882352941,,651,1266
#,#,#,#,"-5.624852647846181,-1.0862229126721092","-3.288910866837077,0.7856877113096128","-2.4235244984254583,3.2377137994960585",#,#,#,#,#,#,#,#,"-2.6519553544540497,0.06490899999409594",#,0.0,0.11372595637584713,0.6473988439306358,1,234.52169572750432,1971,665,0.23529411764705882,,112,173
#,#,#,#,"-5.624852647846181,-1.0862229126721092",#,"-2.4235244984254583,3.2377137994960585",#,#,#,#,#,#,#,"-3.952090380828154,1.411132476831403",#,#,0.0,0.10962986371869292,0.6426666666666667,2,194.71531901867448,1971,665,0.17647058823529413,,241,375
#,#,2.0,#,#,#,"-2.4235244984254583,3.2377137994960585",#,#,#,#,#,#,#,"-1.6032767966250039,3.2236237752685972",#,"-1.7936641773680886,3.342813596512652",0.0,0.05097311445640496,0.5514018691588785,1,163.43327151561624,1928,669,0.23529411764705882,,118,214
#,#,3.0,#,"-5.624852647846181,-1.0862229126721092","-3.288910866837077,0.7856877113096128",#,#,#,#,#,#,"-1.990073062366268,1.6333939518071983",#,"-0.2851172973428968,1.411132476831403",#,#,0.0,0.095367431640625,0.625,1,197.16320000000002,1569,670,0.29411764705882354,,5,8
#,#,#,#,"-5.624852647846181,-1.0862229126721092",#,"-2.4235244984254583,-0.044351708812805146","-5.013363861979936,0.9095052601422382","-2.9371645336447374,4.484810384860461",#,#,#,#,#,#,#,#,0.0,0.16986944825402764,0.7014925373134329,2,202.4644785049622,1928,670,0.23529411764705882,,94,134
#,#,#,1.0,#,#,#,"-4.1091000108285884,-0.8382618389103731",#,#,#,"-1.0970190920819065,1.058035547461317",#,#,"-2.483162790010884,-0.5677260551324707",#,#,1.0,0.026377506430041154,0.48333333333333334,1,173.76483096228378,1359,671,0.23529411764705882,,29,60
#,#,#,#,#,"-1.8624185877445085,0.7856877113096128","-5.109508261403938,3.2377137994960585",#,#,#,#,#,#,"-1.1094778216103856,1.4410239807480671",#,#,#,0,0.031497621582002415,0.5007898894154819,1,205.60495829035224,1989,682,0.17647058823529413,,317,633
#,#,#,#,#,#,#,#,#,#,#,"-0.9352650796875853,1.9124856939945314",#,#,#,#,#,0.0,0.029901930962948138,0.49560975609756097,1,202.37276354479897,1989,682,0.058823529411764705,,508,1025
#,#,#,#,"-0.07835770137375028,5.479626506800557","-3.8764189058943943,2.5469871401109954",#,#,#,#,#,#,"-2.9001538682350967,2.4194040887429704",#,#,"-2.563614805376213,2.135823307738055",#,1.0,0.08069717764382349,0.6044657097288676,1,192.97617492303,1982,684,0.23529411764705882,,379,627
#,2.0,#,#,#,#,"-5.109508261403938,0.28214726042607685",#,#,#,"-1.875911668104501,1.6265627608642377","-0.9352650796875853,1.9124856939945314","-0.7451673794623149,1.9531591204540963",#,#,#,#,0,0.03727638701807706,0.517948717948718,1,167.70620457921962,1921,692,0.29411764705882354,,101,195
0.0,#,#,#,"-2.2768516030327293,6.025519863749108",#,#,#,#,#,#,#,#,"-1.1148411808808056,3.161000076014247",#,"-3.0134698511558735,2.4936876240768537",#,0,0.01826019610326121,0.4490566037735849,1,209.99361513352738,1928,692,0.23529411764705882,,238,530
#,#,#,#,"-0.2766843768348495,5.479626506800557","-4.111503219299448,2.5469871401109954",#,#,#,#,#,#,"-2.9001538682350967,2.4194040887429704","-0.7481816364635567,3.1525858259670176",#,"-2.7839040368031824,2.135823307738055",#,0,0.012458525720575998,0.416,1,192.96069335422902,1989,694,0.29411764705882354,,208,500
#,1.0,#,#,#,#,"-2.4235244984254583,-0.044351708812805146",#,#,#,#,"-2.4992553388170857,2.2726513630286234",#,#,#,#,#,0.0,0.04684595609032916,0.5421686746987951,1,188.34958769430455,1928,701,0.17647058823529413,,45,83
#,#,#,#,"-5.624852647846181,-1.0862229126721092",#,"-2.4235244984254583,0.9886492301321816","-5.013363861979936,0.9095052601422382","-2.9371645336447374,4.484810384860461",#,#,#,#,"-2.623708551655035,2.852368847526348",#,"-1.2246943152725343,2.9607453659043395","-1.7281675506117429,1.0317309547570135",0.0,0.11407763313414421,0.6477987421383647,1,202.13590913001914,1928,701,0.4117647058823529,,103,159
1.0,#,#,#,#,#,#,#,#,"-2.1772218959436183,5.400644207434272",#,#,#,#,#,"-3.0388261648259447,2.248045011397473",#,1.0,0.023351817902064288,0.4716981132075472,1,175.42741500979886,1983,704,0.17647058823529413,,50,106
#,#,0.0,1.0,"-0.2766843768348495,5.479626506800557",#,"-3.1595711085688913,2.0523625625334576",#,#,#,#,#,#,#,#,"-2.7839040368031824,2.135823307738055",#,1.0,0.09999606673116371,0.6309523809523809,3,223.56335303751308,1980,706,0.29411764705882354,,53,84
#,2.0,#,#,"-0.2766843768348495,5.479626506800557","-4.111503219299448,2.5469871401109954","-3.1595711085688913,2.0523625625334576",#,#,"-2.1772218959436183,2.018541408707847",#,#,#,#,#,#,"-2.6387602309067963,1.0411044429182124",1.0,0.09223062114825466,0.6208333333333333,1,209.53635032277697,1982,706,0.35294117647058826,,149,240
0.0,#,#,#,#,#,#,#,#,#,#,#,"-0.7451673794623149,1.9531591204540963","-1.1148411808808056,3.161000076014247",#,#,#,0,0.023875380440055768,0.47379454926624737,1,227.3807120776903,1971,708,0.17647058823529413,,226,477
#,#,#,#,"-5.624852647846181,-1.3747021433522688",#,#,#,#,"-0.4665433128625853,2.164698081579859","-3.4507725163419822,2.136508120346244","-1.0186677693245385,4.568098652640736","-0.8020232934643301,2.029474637220212",#,#,#,#,0.0,0.095367431640625,0.625,1,215.67091208511454,1971,713,0.29411764705882354,,75,120
#,#,#,1.0,"-0.07835770137375028,5.479626506800557","-3.8764189058943943,2.5469871401109954",#,#,#,"-1.8190887946522836,1.3099550257657582",#,#,"-2.9001538682350967,2.4194040887429704",#,#,"-2.7839040368031824,2.135823307738055",#,1.0,0.08406411161980258,0.6094276094276094,1,228.22554321911153,1980,716,0.35294117647058826,,181,297
#,#,#,#,#,"-3.8764189058943943,2.5469871401109954","-4.515712338516044,2.223857063771476",#,#,#,#,#,#,#,#,"-2.7839040368031824,2.135823307738055",#,0,0.02894326906080463,0.4923903312444047,1,185.56273223004501,1989,716,0.17647058823529413,,550,1117
0.0,#,#,#,"-5.624852647846181,-1.0862229126721092",#,"-2.4235244984254583,3.2377137994960585",#,#,#,"-2.8573659381958927,2.3129534569484362",#,#,"-1.1148411808808056,3.161000076014247",#,#,#,0.0,0.09587850995313538,0.6256684491978609,1,210.09169574477923,1971,719,0.29411764705882354,,117,187
#,#,2.0,#,#,"-6.642342725618781,0.7856877113096128",#,#,"-1.4733826288427476,5.246513581155203",#,#,#,"-0.21686807139625364,3.4065989427772125",#,"-3.952090380828154,4.235313396970159",#,#,0.0,0.034038476378977466,0.5086206896551724,1,168.76807667165264,1928,734,0.29411764705882354,,59,116
#,#,2.0,#,#,#,#,#,"-2.9371645336447374,4.484810384860461",#,#,#,#,#,#,#,#,0.0,0.050420378355088634,0.5502008032128514,1,161.65399912613083,1928,734,0.11764705882352941,,137,249
3.0,#,#,1.0,#,"-3.919281482950151,5.39182303795813",#,"0.37926939448938857,5.418128199876911","-2.7432479617306216,4.076945206625508",#,#,#,#,#,#,#,"-4.062203386569733,0.2309720662261101",1.0,0.05712028543473131,0.5641025641025641,2,177.38075533558455,1946,735,0.35294117647058826,,22,39
#,#,#,1.0,#,"-3.3236078727204146,1.3472734241794488",#,#,#,"-2.1772218959436183,2.018541408707847",#,#,"-2.9001538682350967,2.4194040887429704",#,#,#,#,1.0,0.03738884909867658,0.5182608695652174,1,220.41975999685286,1983,735,0.23529411764705882,,298,575
#,#,#,1.0,"-5.249327587910723,-1.0862229126721092",#,"-2.4235244984254583,3.2377137994960585",#,#,"-1.2716227435191854,3.5641722516723338",#,#,#,#,#,#,"-3.6839005978068062,1.6059048708166432",0.0,0.08082104508786613,0.6046511627906976,1,201.29975910411034,1949,742,0.29411764705882354,,130,215
#,#,#,#,"-5.624852647846181,1.3925695855147457","-3.288910866837077,0.7856877113096128",#,#,#,#,#,#,#,#,"-3.952090380828154,1.411132476831403",#,#,0.0,0.054300256569938546,0.5584192439862543,2,225.32273445467703,1985,742,0.17647058823529413,,325,582
#,#,#,#,#,"-4.111503219299448,2.5469871401109954","-4.515712338516044,3.5492658077474473",#,#,"-1.8190887946522836,5.400644207434272",#,#,#,#,"-4.058272031903186,1.5348032339417794",#,#,1.0,0.032346934843146116,0.503461918892186,1,205.51110705399128,1983,744,0.23529411764705882,,509,1011
#,#,#,#,#,#,"-3.1595711085688913,3.5492658077474473",#,#,"-2.1772218959436183,1.3099550257657582",#,#,#,#,#,#,#,1.0,0.035365509175230944,0.5125260960334029,1,208.77064466892057,1983,744,0.11764705882352941,,491,958
#,2.0,0.0,1.0,"3.29393859183083,5.479626506800557",#,"-3.1595711085688913,2.0523625625334576",#,#,#,#,#,#,#,#,"-2.7839040368031824,2.135823307738055",#,1.0,1.0,1.0,1,178.25,1683,752,0.35294117647058826,,4,4
#,#,1.0,#,"-0.2766843768348495,5.479626506800557","-4.871575509793637,2.3831975683699804",#,#,#,#,#,#,"-2.0204035448199775,1.5259684264987339","-0.7481816364635567,3.1525858259670176",#,"-2.7839040368031824,2.135823307738055",#,1.0,0.06987243415118785,0.5873015873015873,1,194.69365899096758,1821,762,0.35294117647058826,,37,63
#,#,#,#,#,#,"0.11606286613377942,3.5492658077474473",#,#,"-0.4665433128625853,2.164698081579859","-3.4507725163419822,2.136508120346244",#,"-0.8020232934643301,3.9007743206756995",#,#,"-2.6333397855134617,2.58010262437352",#,0,0.013172791029248345,0.42066420664206644,1,236.50986155475326,1985,764,0.29411764705882354,,114,271
#,#,#,#,"-0.07835770137375028,5.479626506800557","-5.785401427693195,2.5469871401109954","-4.515712338516044,2.223857063771476",#,#,"-1.8190887946522836,1.3099550257657582",#,#,#,#,"-1.2282298654900083,1.0702942163640872","-2.7839040368031824,2.135823307738055","-0.26038452934907985,2.652841670762385",1.0,0.05712028543473131,0.5641025641025641,1,203.21384184661278,1980,770,0.4117647058823529,,110,195
#,0.0,#,#,"-0.07835770137375028,5.479626506800557","-3.8764189058943943,2.5469871401109954",#,#,#,#,#,#,"-2.9001538682350967,2.4194040887429704",#,#,"-2.563614805376213,2.135823307738055",#,1.0,0.07660972442917474,0.5982142857142857,1,175.26542675316176,1980,770,0.29411764705882354,,134,224
#,#,5.0,1.0,"-9.154706055377758,-1.0862229126721092",#,"-2.4235244984254583,3.2377137994960585",#,#,#,"-2.8573659381958927,2.3129534569484362",#,#,"-1.1148411808808056,3.161000076014247",#,#,#,0.0,0.07775999999999998,0.6,1,199.9353193098924,1949,771,0.35294117647058826,,60,100
#,#,#,#,#,#,"0.11606286613377942,3.5492658077474473",#,#,"-0.4665433128625853,2.164698081579859","-3.4507725163419822,2.136508120346244",#,#,#,#,"-2.6333397855134617,2.58010262437352",#,0,0.014832807944130381,0.4307692307692308,1,218.7036613373353,1985,771,0.23529411764705882,,140,325
#,0.0,0.0,1.0,"-0.2766843768348495,5.479626506800557","-4.111503219299448,2.5469871401109954","-3.1595711085688913,2.0523625625334576",#,#,"-2.1772218959436183,2.018541408707847",#,#,#,"-1.8055867663351042,3.520461115060487",#,#,#,1.0,0.1473475405306393,0.6818181818181818,1,181.95784115048465,1980,772,0.47058823529411764,,15,22
3.0,#,#,#,"-5.624852647846181,1.3925695855147457","-3.288910866837077,0.7856877113096128",#,"-2.1453344392836895,2.4515192077365056","-2.4394243665768625,1.0709691759593807",#,#,#,#,#,"-3.952090380828154,1.411132476831403",#,#,0.0,0.043521988967797326,0.5342465753424658,2,191.99551193968935,1826,774,0.35294117647058826,,39,73
#,#,2.0,#,#,#,"-2.4235244984254583,3.2377137994960585","-1.953775593045495,0.4330522621380679",#,#,#,"-1.9101024821366797,0.09101968315345632",#,#,"-3.952090380828154,4.235313396970159","-0.18636238362007052,1.722785541127275",#,0.0,0.03125,0.5,1,168.22020094104346,1859,781,0.35294117647058826,,18,36
#,#,2.0,#,"-2.2803665752800617,1.3726768701039467","-4.111503219299448,2.5469871401109954","-4.515712338516044,3.5492658077474473",#,#,"-1.8190887946522836,1.3099550257657582",#,#,#,#,#,#,#,1.0,0.020225870265882198,0.4583333333333333,1,169.5058424386146,1959,788,0.29411764705882354,,44,96
#,#,#,#,#,#,#,#,#,"-2.1772218959436183,5.400644207434272",#,#,#,"-3.513939223428004,0.31181348010967436",#,#,#,1.0,0.03460726857207026,0.5103092783505154,1,203.56557053164974,1983,788,0.11764705882352941,,396,776
0.0,#,#,#,#,#,"-2.4235244984254583,3.2377137994960585",#,#,#,#,#,"-4.428277189746489,1.2767559815053504",#,#,#,#,0.0,0.026647993736284726,0.4843205574912892,2,211.10862577150075,1985,791,0.17647058823529413,,278,574
0.0,#,#,#,"-5.624852647846181,-1.0862229126721092","-2.0626312098015807,3.8008155246046296",#,#,#,#,"-2.8573659381958927,-0.9411518621747472",#,#,"-1.1148411808808056,3.161000076014247",#,#,"-2.607002726977634,2.556191099760101",0.0,0.1615055828898457,0.6944444444444444,1,181.1821818572987,1971,791,0.35294117647058826,,25,36
#,#,#,#,"-3.822347101712106,1.9339637819233004","-1.1262550590497593,4.240289409728807","-2.7549819576440338,0.9293159822731439",#,"-1.9579430230589923,2.555420103059034",#,#,#,"0.11992785280951113,2.432779138452149",#,#,"-1.3010051162683078,2.1501469015442014","0.04095184922647066,2.2642034229957466",0.0,0.0792439266390795,0.6022727272727273,2,173.80968800478942,1932,794,0.4117647058823529,,53,88
#,#,#,1.0,#,#,"-3.1595711085688913,2.0523625625334576",#,#,"-2.1772218959436183,2.018541408707847",#,#,#,"-3.315174603889463,0.7356223763269027",#,#,#,0,0.02053479517691275,0.45972495088408644,1,229.15581548377753,1985,797,0.23529411764705882,,234,509
#,#,#,#,"-0.07835770137375028,5.479626506800557","-3.8764189058943943,2.5469871401109954","-4.515712338516044,2.223857063771476",#,#,"-1.8190887946522836,1.3099550257657582",#,#,"-2.482100543720583,-0.015059172368436125",#,"0.5480684874720791,4.455559426624042","-2.7839040368031824,2.135823307738055",#,1.0,0.10979242280002384,0.6428571428571429,1,174.06329290004334,1973,801,0.4117647058823529,,36,56
0.0,#,#,#,"-0.07835770137375028,5.479626506800557","-3.8764189058943943,2.5469871401109954","-4.515712338516044,2.223857063771476",#,#,"-1.8190887946522836,1.3099550257657582",#,#,"-3.5775732125156585,-0.015059172368436125",#,#,"-2.7839040368031824,2.135823307738055",#,1.0,0.06901825818987467,0.5858585858585859,1,210.8502063238691,1891,801,0.4117647058823529,,58,99
#,#,#,1.0,#,#,"-3.1595711085688913,2.0523625625334576",#,#,"-2.1772218959436183,2.018541408707847","-3.0871445240055304,0.9156833948158849",#,#,"-3.315174603889463,0.7356223763269027",#,#,#,0,0.020334261605217986,0.4588235294117647,1,227.19195752741365,1985,811,0.29411764705882354,,195,425
#,#,#,1.0,#,#,"-2.999101253990413,2.482415193203437",#,#,#,#,"-1.763947588329439,1.0068369482261337",#,#,#,"-2.1501065362514993,4.804571064357757",#,1.0,0.04702000737939718,0.5425709515859767,1,185.61901617643116,1973,815,0.23529411764705882,,325,599
#,#,#,1.0,#,#,#,#,#,#,"-0.6671234719901742,5.003549413006832",#,#,#,#,#,#,1.0,0.04147595435502011,0.529126213592233,2,192.97847818859938,1983,815,0.11764705882352941,,327,618
#,2.0,#,#,"-0.2766843768348495,5.479626506800557","-3.8764189058943943,2.5469871401109954",#,#,#,#,#,#,"-2.9001538682350967,2.4194040887429704",#,#,#,#,1.0,0.09188724617175979,0.6203703703703703,3,192.30012749155094,1982,820,0.23529411764705882,,201,324
0.0,#,#,1.0,#,"-4.111503219299448,2.5469871401109954","-3.1595711085688913,2.0523625625334576",#,#,"-2.1772218959436183,2.018541408707847",#,#,#,#,#,"-2.7839040368031824,2.135823307738055","-2.6387602309067963,1.0411044429182124",1.0,0.03988379882812501,0.525,2,230.58940318257922,1960,820,0.4117647058823529,,147,280
#,#,2.0,#,#,#,"-2.4235244984254583,3.2377137994960585",#,"-2.583095334627048,1.9009041203342718",#,#,#,#,#,#,#,"-1.7936641773680886,3.342813596512652",0.0,0.050917757039328236,0.5512820512820513,1,177.73069072113873,1928,825,0.23529411764705882,,86,156
#,1.0,2.0,#,#,#,#,#,#,#,#,#,#,#,"-3.952090380828154,4.235313396970159","-1.7283664766852342,3.264789634192439",#,0.0,0.06754356352880661,0.5833333333333334,2,172.85996966823507,1928,825,0.23529411764705882,,21,36
#,#,#,1.0,#,"-4.111503219299448,2.5469871401109954","-3.1595711085688913,2.0523625625334576",#,#,"-2.1772218959436183,2.018541408707847",#,#,#,#,#,"-2.7839040368031824,2.135823307738055","-2.6387602309067963,1.0411044429182124",1.0,0.0546729381810015,0.5591836734693878,1,229.94321625961575,1983,829,0.35294117647058826,,274,490
0.0,#,#,1.0,#,"-4.111503219299448,2.5469871401109954","-3.1595711085688913,2.0523625625334576",#,#,"-2.1772218959436183,2.018541408707847",#,"-1.1928743615321893,4.348694711578956",#,#,#,"-2.7839040368031824,2.135823307738055","-2.6387602309067963,1.0411044429182124",1.0,0.0360597916379482,0.5145228215767634,1,239.12047313400913,1960,829,0.47058823529411764,,124,241
#,0.0,#,#,"-5.624852647846181,-1.0862229126721092","-3.288910866837077,0.7856877113096128",#,#,#,#,#,"-1.0186677693245385,2.598745375623015","-0.8020232934643301,2.029474637220212",#,#,#,#,0.0,0.12523325760000004,0.66,1,187.09476357006073,1899,835,0.29411764705882354,,33,50
#,#,#,#,#,#,"-2.4235244984254583,3.2377137994960585",#,#,"-0.4665433128625853,2.164698081579859","-3.4507725163419822,2.136508120346244",#,#,#,"-3.952090380828154,1.411132476831403",#,#,0.0,0.02007722414230877,0.45765765765765765,1,213.56941630114403,1989,835,0.23529411764705882,,254,555
#,#,#,1.0,"-6.573462349457833,-1.0385480382699415",#,#,#,#,#,"-0.6671234719901742,5.003549413006832",#,#,#,#,#,#,1.0,0.00673759960409028,0.36787564766839376,1,213.863466903555,1983,845,0.17647058823529413,,71,193
#,#,#,#,"-0.07835770137375028,5.479626506800557","-3.8764189058943943,2.5469871401109954","-4.515712338516044,2.223857063771476",#,#,"-1.8190887946522836,1.3099550257657582",#,#,#,#,#,"-2.7839040368031824,2.135823307738055","-2.7403088309946027,0.9395558428304057",1.0,0.08655922107112984,0.6130030959752322,2,221.8868190780459,1980,846,0.35294117647058826,,198,323
#,#,#,#,"-0.07835770137375028,5.479626506800557","-3.8764189058943943,2.5469871401109954","-4.515712338516044,2.223857063771476",#,#,"-1.8190887946522836,1.3099550257657582",#,#,#,#,#,"-2.7839040368031824,2.135823307738055","-2.0120022809667364,0.21124929280253946",1.0,0.1302240657435441,0.6651785714285714,2,223.40543610216997,1973,846,0.35294117647058826,,149,224
0.0,#,#,#,#,"-1.5926212187071043,3.8008155246046296",#,#,#,#,#,#,"-4.428277189746489,1.2767559815053504",#,#,#,"-2.607002726977634,2.556191099760101",0.0,0.025707089292595756,0.4808510638297872,1,208.29044331498255,1971,849,0.23529411764705882,,226,470
0.0,#,#,#,#,"-2.0626312098015807,2.538838603961658",#,#,#,#,#,#,#,"-1.1148411808808056,3.161000076014247","-3.066500828247568,2.5265744375973984",#,#,0.0,0.030596257441187054,0.4978902953586498,1,211.93690722180276,1971,849,0.23529411764705882,,236,474
#,#,#,#,"-0.07835770137375028,5.479626506800557","-3.8764189058943943,2.5469871401109954","-4.515712338516044,2.223857063771476",#,#,#,#,#,#,#,#,"-2.7839040368031824,2.135823307738055",#,1.0,0.08212458341955614,0.6065891472868217,1,193.02649038114606,1982,859,0.23529411764705882,,313,516
#,#,#,#,#,#,#,#,#,"-1.8190887946522836,1.3099550257657582",#,#,#,#,#,"-0.2959536299634522,2.0537668928025115",#,1.0,0.030321848675103142,0.4969939879759519,2,177.15172398965234,1980,859,0.11764705882352941,,248,499
#,#,#,#,#,#,#,#,#,"-2.4584878444671823,0.7416706082330882",#,"-1.763947588329439,1.0068369482261337",#,#,#,"-2.1501065362514993,4.804571064357757",#,1.0,0.03070747847390534,0.4982517482517482,1,219.43589434039572,1982,867,0.17647058823529413,,285,572
#,#,#,1.0,#,#,"-2.999101253990413,2.482415193203437",#,"-0.4729424646268545,5.845765911938383","-1.8190887946522836,1.3099550257657582","-0.1446629074320407,2.607281286757683",#,#,#,#,#,#,1.0,0.03308774113421762,0.5057471264367817,1,233.24514510401931,1980,867,0.29411764705882354,,88,174
#,#,#,#,#,#,#,#,#,"-3.1258047851733743,1.781104842300374",#,#,"-1.2085171626794806,2.029474637220212",#,#,"-1.6512180649395651,4.291485879986142","-3.2593110959977887,2.1838220673683697",0.0,0.02747011785470192,0.48727272727272725,1,205.76410292481393,1989,868,0.23529411764705882,,402,825
1.0,#,#,#,"-6.134728450973855,-1.1946039481626427",#,"-3.315785275041912,1.626565619968937","-1.6237858664636353,3.503473970597351",#,#,"-1.8622342255789364,2.140593693242479","-4.137080971141204,2.598745375623015",#,#,#,"-0.48138393188222084,1.579647653863635",#,0.0,0.3276800000000001,0.8,2,161.3609568256,1717,868,0.4117647058823529,,12,15
#,#,#,#,"-5.624852647846181,-1.0862229126721092","-3.288910866837077,0.7856877113096128","-2.4235244984254583,3.2377137994960585",#,#,#,#,#,#,#,"-3.952090380828154,1.411132476831403",#,"-2.971843414851563,2.4712897485145953",0.0,0.12894385483201778,0.6638655462184874,1,239.3359636764415,1971,882,0.29411764705882354,,158,238
#,1.0,2.0,#,#,#,#,#,"-3.2629755047776254,3.757811580294861",#,#,#,#,#,"-3.952090380828154,4.235313396970159","-1.7283664766852342,3.264789634192439",#,0.0,0.0544971034054838,0.5588235294117647,1,172.87295565924717,1928,887,0.29411764705882354,,19,34
#,#,#,#,"-2.3606906608348637,4.3919047988143625",#,#,#,#,#,"-0.015618983582063706,4.48756242509203",#,"-2.9001538682350967,2.4194040887429704",#,#,#,#,1.0,0.04575286570839856,0.5396145610278372,1,186.13687895306114,1982,888,0.17647058823529413,,252,467
#,#,#,#,"-6.134728450973855,1.3925695855147457","-3.288910866837077,-1.1936000133106415",#,#,#,#,#,#,#,#,#,#,"-3.6839005978068062,2.556191099760101",1,0.042106861473685996,0.5307262569832403,1,218.8776490156748,1960,890,0.17647058823529413,,95,179
#,2.0,#,#,"-5.249327587910723,1.3925695855147457",#,"0.4187876356197986,4.013224650173143",#,#,"-1.2716227435191854,3.5641722516723338",#,#,#,#,#,#,#,0.0,0.026594782903162403,0.48412698412698413,1,227.1077530755087,1985,890,0.23529411764705882,,61,126
#,#,#,#,#,"-0.1033864765204906,5.660679804760191","-1.6818462516817725,2.3618953896907398",#,"-3.1387508213752713,2.979363638473609",#,#,#,#,#,#,"-3.015990310728246,1.3897356694579355","-3.6839005978068062,1.6059048708166432",0.0,0.03005739359980063,0.49612403100775193,1,168.40177411405145,1963,900,0.29411764705882354,,192,387
#,#,#,#,"-0.07835770137375028,5.479626506800557","-3.8764189058943943,2.5469871401109954","-4.515712338516044,2.223857063771476",#,#,"-1.8190887946522836,1.3099550257657582",#,#,#,#,"-1.5115222998091649,1.8596463535768422","-2.7839040368031824,2.135823307738055","-2.0120022809667364,0.21124929280253946",1.0,0.12999896715647863,0.6649484536082474,2,220.6832378461571,1973,902,0.4117647058823529,,129,194
#,#,#,#,"-5.624852647846181,-1.0862229126721092",#,"-2.4235244984254583,3.2377137994960585","-1.9405782959838207,2.125869160995583",#,#,#,#,#,#,#,#,"-2.971843414851563,2.4712897485145953",0.0,0.10771936272716183,0.6404109589041096,1,227.90300837793356,1971,907,0.23529411764705882,,187,292
#,#,#,1.0,"-5.624852647846181,-1.0862229126721092","-3.288910866837077,0.7856877113096128",#,#,"-4.033373928796744,1.482958780903067",#,#,#,#,#,"-3.952090380828154,1.411132476831403",#,#,0.0,0.1137990262503146,0.6474820143884892,1,232.36743640020063,1949,907,0.29411764705882354,,90,139
0.0,#,2.0,0.0,"-0.656847279479217,2.4427047347860023","-6.642342725618781,0.7856877113096128",#,#,"-1.1080046304110789,4.484810384860461",#,#,#,#,#,"-3.952090380828154,4.235313396970159",#,#,0.0,0.01582132169312826,0.43636363636363634,1,159.9916334256928,1758,917,0.4117647058823529,,24,55
#,#,2.0,#,#,#,#,#,"-2.9371645336447374,1.9009041203342718",#,#,#,"-0.21686807139625364,3.4065989427772125",#,#,#,#,0.0,0.049724019726331316,0.5486725663716814,1,176.27143596429713,1928,917,0.17647058823529413,,62,113
#,0.0,0.0,1.0,#,"-4.111503219299448,2.5469871401109954",#,#,#,"-2.1772218959436183,2.018541408707847",#,#,#,"-1.8055867663351042,3.520461115060487",#,#,#,1.0,0.05889627844571949,0.5675675675675675,2,186.6383057318163,1980,922,0.35294117647058826,,21,37
#,#,0.0,1.0,"-0.2766843768348495,5.479626506800557",#,"-3.1595711085688913,2.0523625625334576",#,"-4.646415005804885,1.571996412402174",#,#,#,#,#,#,"-2.7839040368031824,2.135823307738055",#,1.0,0.07584482317163513,0.5970149253731343,1,214.24393937629762,1980,922,0.35294117647058826,,40,67
0.0,#,5.0,1.0,"-2.3606906608348637,4.3919047988143625",#,#,#,#,"-2.1772218959436183,2.018541408707847","-0.015618983582063706,4.48756242509203",#,"-2.9001538682350967,2.4194040887429704",#,#,"-2.7839040368031824,2.135823307738055",#,1.0,0.03972836722144253,0.5245901639344263,1,202.22865951866717,1847,929,0.47058823529411764,,32,61
#,#,#,#,#,"-4.111503219299448,2.5469871401109954","-3.1595711085688913,2.0523625625334576",#,#,#,#,#,#,#,#,#,"-2.6387602309067963,1.0411044429182124",1.0,0.03499592968215959,0.5114503816793893,1,205.4739776043489,1983,929,0.17647058823529413,,402,786
#,#,#,#,#,"-6.642342725618781,0.7856877113096128",#,#,#,#,#,#,#,"-4.009792031665099,3.161000076014247",#,#,#,0.0,0.030026262819475968,0.4960212201591512,1,202.2793365685072,1989,935,0.11764705882352941,,374,754
#,#,#,#,#,#,"-2.4235244984254583,3.2377137994960585",#,#,#,#,#,#,#,#,#,"-2.426958979377931,2.556191099760101",0,0.02927664654643064,0.4935194416749751,2,190.2104302494963,1989,935,0.11764705882352941,,495,1003
#,2.0,#,#,#,#,"-2.4235244984254583,3.2377137994960585",#,#,#,#,#,#,#,#,#,"-2.426958979377931,2.556191099760101",0,0.02708175659485219,0.48588709677419356,1,199.55128940640347,1989,936,0.17647058823529413,,241,496
#,#,#,#,"-5.624852647846181,1.3925695855147457",#,"-2.4235244984254583,3.2377137994960585",#,#,#,#,#,#,#,"-3.952090380828154,1.411132476831403",#,"-2.426958979377931,2.556191099760101",1,0.017008561146866916,0.44272445820433437,1,201.77018073161702,1983,939,0.23529411764705882,,286,646
#,#,5.0,#,#,"-3.288910866837077,0.7856877113096128",#,#,#,#,#,#,#,#,#,#,#,0.0,0.029029366846924316,0.4926829268292683,1,203.4379048621839,1949,939,0.11764705882352941,,101,205
0.0,#,#,1.0,#,#,#,"-1.1755365331310612,4.658931557317648",#,#,#,#,"-1.2085171626794806,2.029474637220212",#,#,#,"-3.2593110959977887,2.1838220673683697",0.0,0.024905890629136708,0.4778156996587031,1,228.3581958355795,1985,941,0.29411764705882354,,140,293
#,2.0,#,#,"-6.134728450973855,-1.3747021433522688",#,"-2.4235244984254583,3.2377137994960585",#,#,#,#,#,"-1.2085171626794806,2.029474637220212",#,#,"-0.48138393188222084,4.291485879986142",#,0.0,0.1602176661596708,0.6933333333333334,1,220.0095818686114,1949,941,0.29411764705882354,,52,75
1.0,#,2.0,#,#,"-3.1132872555491353,-0.529395474285381",#,"-1.6237858664636353,3.503473970597351","-2.9371645336447374,1.9009041203342718",#,#,#,"-0.21686807139625364,3.4065989427772125",#,#,#,#,0.0,0.010240000000000003,0.4,1,111.8,1153,942,0.35294117647058826,,2,5
#,#,#,0.0,"-6.134728450973855,-1.1946039481626427",#,"-3.315785275041912,1.626565619968937",#,#,#,"-1.8622342255789364,2.140593693242479","-4.137080971141204,2.598745375623015",#,#,#,#,#,1,0.004587768630959265,0.34065934065934067,1,184.55511480438167,1974,942,0.29411764705882354,,31,91
#,#,#,1.0,#,#,"-3.1595711085688913,2.482415193203437",#,#,#,#,#,#,#,#,#,#,1.0,0.040795106824873646,0.5273775216138329,2,187.38657328582292,1983,949,0.11764705882352941,,366,694
#,#,1.0,1.0,#,"-0.4018399702058457,5.06408495169825","-3.1595711085688913,2.0523625625334576","-4.1091000108285884,-0.8382618389103731",#,"-2.1772218959436183,2.018541408707847",#,#,#,#,#,#,#,1.0,0.04158799090330928,0.5294117647058824,1,173.06268456796158,1983,949,0.35294117647058826,,9,17
#,1.0,2.0,#,#,#,"-3.4742199810985523,2.1870183168229644",#,#,#,#,#,#,"-2.672333673618368,2.878758484455911",#,"-1.7283664766852342,3.264789634192439",#,0.0,0.0423150360584259,0.53125,1,172.86792652783757,1928,957,0.29411764705882354,,17,32
#,1.0,2.0,#,#,#,#,#,"-3.2629755047776254,3.757811580294861",#,#,#,#,"-1.9972008435823068,2.20362565441985","-3.952090380828154,4.235313396970159","-1.7283664766852342,3.264789634192439","-2.5835459087272903,1.8629572388112616",0.0,0.04412311230067828,0.5357142857142857,1,172.86462868810736,1928,957,0.4117647058823529,,15,28
3.0,#,#,#,"-0.2766843768348495,5.479626506800557",#,#,#,"-4.646415005804885,1.571996412402174",#,#,#,"-2.9001538682350967,2.4194040887429704",#,#,#,#,1.0,0.06531900477872332,0.5794392523364486,1,182.35533301269794,1982,965,0.23529411764705882,,62,107
#,2.0,0.0,1.0,"-0.2766843768348495,5.479626506800557","-3.8764189058943943,2.5469871401109954",#,#,#,#,#,#,#,#,#,"-2.7839040368031824,2.135823307738055",#,1.0,0.06966740954451933,0.5869565217391305,1,215.76799486179019,1946,965,0.35294117647058826,,27,46
#,#,#,#,#,#,"-4.515712338516044,2.223857063771476",#,#,#,#,#,#,#,#,"-2.7839040368031824,2.135823307738055","-2.0120022809667364,1.0411044429182124",1.0,0.03493706023881569,0.5112781954887218,1,187.71260796219593,1983,976,0.17647058823529413,,408,798
0.0,2.0,#,#,"-0.2766843768348495,5.479626506800557","-4.111503219299448,2.5469871401109954",#,#,#,"-2.1772218959436183,2.018541408707847",#,#,#,#,"-2.786782642017164,1.9635004604813004",#,"-2.6387602309067963,0.21124929280253946",1.0,0.14484594267498016,0.6794871794871795,1,211.59532703127468,1914,976,0.4117647058823529,,53,78
#,#,#,1.0,#,"-6.642342725618781,0.7856877113096128","-2.4235244984254583,3.2377137994960585",#,#,#,#,#,#,#,#,#,#,0.0,0.024025161303469773,0.47438752783964366,1,206.52750558508632,1985,979,0.17647058823529413,,213,449
#,#,#,#,#,#,#,#,#,"0.5949773217291545,4.932969890945076",#,#,#,"-4.009792031665099,3.161000076014247",#,#,#,0.0,0.022799274068365096,0.46944444444444444,1,204.84527900384614,1985,979,0.11764705882352941,,169,360
#,#,#,#,"-5.624852647846181,-1.0862229126721092",#,"-2.4235244984254583,-0.044351708812805146","-5.013363861979936,0.9095052601422382","-2.9371645336447374,4.484810384860461",#,#,#,"-0.7961423441971632,1.9021841557192478",#,#,"-2.5528828268658303,1.6325568543110434",#,0.0,0.14082878195139625,0.6756756756756757,1,205.4642306707937,1928,984,0.35294117647058826,,50,74
#,2.0,#,#,#,"-4.111503219299448,2.5469871401109954","-3.1595711085688913,2.0523625625334576",#,#,#,#,#,#,#,#,#,"-2.6387602309067963,1.0411044429182124",1.0,0.034699845878758975,0.5105820105820106,1,199.93394881726886,1982,988,0.23529411764705882,,193,378
#,2.0,#,#,"-0.2766843768348495,5.479626506800557","-3.8764189058943943,2.5469871401109954",#,#,"0.765990372672624,3.8751960817761537","-2.1772218959436183,2.018541408707847",#,#,"-2.9001538682350967,0.4107273172960908",#,#,#,#,1.0,0.06438788667039236,0.5777777777777777,1,190.9899430316494,1982,988,0.35294117647058826,,26,45
#,2.0,#,#,"-5.624852647846181,-1.0862229126721092",#,"-2.4235244984254583,-0.044351708812805146","-5.013363861979936,0.9095052601422382","-2.9371645336447374,4.484810384860461",#,#,#,"-0.7961423441971632,1.9021841557192478",#,#,"-2.5528828268658303,1.6325568543110434",#,0.0,0.19649623617673456,0.7222222222222222,2,211.62488728823232,1876,991,0.4117647058823529,,26,36
#,#,#,#,"-0.07835770137375028,5.479626506800557","-5.785401427693195,2.5469871401109954","-4.515712338516044,2.223857063771476",#,#,#,#,#,#,#,"-1.2282298654900083,1.0702942163640872","-2.7839040368031824,2.135823307738055","-0.7720516973678622,2.652841670762385",1.0,0.06406985511180197,0.5772058823529411,2,189.0702540067103,1982,993,0.35294117647058826,,157,272
#,2.0,#,#,"-0.2766843768348495,5.479626506800557","-3.8764189058943943,2.5469871401109954","-3.1459030322732153,2.425474340284468",#,"3.8751960817761537,5.392443932307269","-2.1772218959436183,2.018541408707847",#,#,"-2.9001538682350967,0.4107273172960908",#,#,#,#,1.0,0.1,1.0,1,77.0,993,993,0.4117647058823529,,0,0
#,#,#,1.0,#,#,"-3.1595711085688913,2.482415193203437",#,#,#,#,#,"-0.8900415678144156,1.8082849321019956",#,#,#,#,1.0,0.04454015198349887,0.536723163841808,3,194.23286962543654,1983,999,0.17647058823529413,,285,531
#,#,#,#,"-5.624852647846181,-1.0862229126721092","-3.288910866837077,0.7856877113096128","-2.4235244984254583,3.2377137994960585",#,#,#,#,#,#,#,"-3.952090380828154,-2.0534345195166677",#,#,0.0,0.014995078952820548,0.6842105263157895,1,109.58752455378439,1002,1002,0.23529411764705882,,0,0
#,#,0.0,1.0,"-0.2766843768348495,5.479626506800557","-4.111503219299448,2.5469871401109954","-3.1595711085688913,2.0523625625334576",#,#,"-2.1772218959436183,2.018541408707847",#,#,#,#,#,#,"-2.3507511816026234,0.9457942553656131",1.0,0.09760600620741218,0.627906976744186,1,223.9632952895588,1980,1010,0.4117647058823529,,27,43
#,#,#,1.0,#,#,"-3.1595711085688913,2.482415193203437",#,#,#,#,#,"-0.8900415678144156,1.8082849321019956","-2.197292179737786,2.978726183872015",#,#,#,1.0,0.04195096483797687,0.5303326810176126,1,194.2328733375355,1983,1034,0.23529411764705882,,271,511
#,#,#,#,"-6.134728450973855,1.3925695855147457","-3.288910866837077,0.7856877113096128","-2.4235244984254583,3.2377137994960585",#,#,#,#,"-1.0186677693245385,2.598745375623015",#,#,#,#,#,0.0,0.044274946679802904,0.5360824742268041,1,223.41263322142873,1985,1036,0.23529411764705882,,208,388
#,#,#,#,"-5.624852647846181,0.24044931623505117",#,#,#,#,#,#,#,#,#,"-2.513497297938401,1.411132476831403",#,#,0.0,0.0859651374762001,0.6121593291404612,2,196.0314622235365,1971,1036,0.11764705882352941,,292,477
#,#,2.0,#,#,#,#,#,"-2.9371645336447374,4.484810384860461",#,#,#,"-3.40755035190674,2.2203877764903455","-2.1761849597235368,-0.22580122850824946","-3.952090380828154,4.235313396970159",#,#,0.0,0.04913587471260238,0.5473684210526316,1,163.38034710731637,1928,1040,0.29411764705882354,,52,95
#,#,2.0,#,#,#,"-2.4235244984254583,3.2377137994960585",#,#,#,#,#,#,#,"-0.8752553769899434,1.729738582444699",#,"-1.7936641773680886,3.342813596512652",0.0,0.03957841130100443,0.5241935483870968,1,164.49143316721396,1928,1040,0.23529411764705882,,65,124
#,1.0,#,#,"-5.249327587910723,1.3925695855147457","-3.288910866837077,-1.1936000133106415",#,#,#,"-1.2716227435191854,3.5641722516723338",#,#,#,#,#,#,"-3.6839005978068062,1.6059048708166432",0.0,0.013554911484999717,0.4230769230769231,1,164.0238341815231,1971,1045,0.29411764705882354,,11,26
#,#,#,#,#,"-6.642342725618781,0.7856877113096128",#,#,"0.9578435288218339,4.86942490479079",#,#,#,"-0.8020232934643301,3.9007743206756995","-4.009792031665099,3.161000076014247",#,#,#,0.0,0.019102496095001698,0.453125,1,207.69679030352,1971,1047,0.23529411764705882,,58,128
4.0,#,#,#,#,#,#,#,#,"-2.6446156829168257,0.128854976090075","-3.4507725163419822,2.136508120346244",#,#,#,#,#,#,0.0,0.014458261438686257,0.42857142857142855,1,126.99473745920001,1963,1047,0.17647058823529413,,6,14
#,#,#,1.0,"-1.6636032078323328,2.3215350962229486",#,#,#,#,#,#,#,"-0.8900415678144156,1.8082849321019956","-2.177733983527119,2.9982843800826817",#,#,#,1.0,0.049414422041085315,0.5479876160990712,1,202.57468076293594,1960,1049,0.23529411764705882,,177,323
#,0.0,2.0,#,#,#,"-2.4235244984254583,3.2377137994960585","-1.953775593045495,0.4330522621380679",#,"-4.216371933565295,1.1172254876018213",#,"-1.9101024821366797,0.09101968315345632",#,#,"-3.952090380828154,4.235313396970159","-0.18636238362007052,1.722785541127275","-1.7936641773680886,3.342813596512652",0.0,0.03125,0.5,1,134.8,1859,1050,0.5294117647058824,,3,6
#,#,#,#,#,#,"-2.4235244984254583,3.2377137994960585",#,#,#,#,#,"-2.584460465969425,0.036770991092231364",#,#,#,#,0.0,0.02575834375672694,0.48104265402843605,2,208.33392123994508,1989,1050,0.11764705882352941,,203,422
#,2.0,#,#,"-5.624852647846181,-1.0862229126721092",#,"-2.4235244984254583,-0.044351708812805146","-5.013363861979936,0.9095052601422382","-2.9371645336447374,4.484810384860461","-3.237975755175137,0.5310997557829591",#,#,"-0.7961423441971632,1.9021841557192478",#,#,"-2.5528828268658303,1.6325568543110434",#,0.0,0.3276800000000001,0.8,1,186.41426343936,1876,1056,0.47058823529411764,,12,15
#,#,#,#,#,"-3.8764189058943943,2.5469871401109954","-2.6849209920070622,2.223857063771476",#,#,#,"-3.0712822812397174,3.1831363419187446",#,#,#,#,"-2.7839040368031824,2.135823307738055",#,1.0,0.03125,0.5,1,185.56233001263033,1983,1059,0.23529411764705882,,396,792
#,#,#,#,"-0.07835770137375028,5.479626506800557","-1.7598447924654206,2.5469871401109954",#,#,#,"-1.8190887946522836,1.3099550257657582",#,#,#,#,#,#,"-2.7403088309946027,0.9395558428304057",1.0,0.07775999999999998,0.6,1,205.74163689380603,1980,1059,0.23529411764705882,,147,245
#,#,#,#,#,#,"-2.4235244984254583,3.2377137994960585",#,#,"-0.24740739060853145,3.877241281760705",#,#,"-2.584460465969425,0.036770991092231364",#,#,#,#,0.0,0.015504022625100606,0.4345991561181435,1,206.42996032871935,1989,1062,0.17647058823529413,,103,237
#,2.0,#,#,"-0.2766843768348495,5.479626506800557",#,#,"-0.8362219236630726,2.6114183116020735",#,"-2.1772218959436183,2.018541408707847",#,#,"-2.9001538682350967,0.4107273172960908",#,#,#,#,1.0,0.0932669098545276,0.6222222222222222,1,199.0963860162389,1982,1068,0.29411764705882354,,56,90
3.0,#,#,1.0,#,"-3.919281482950151,5.39182303795813",#,"0.37926939448938857,5.418128199876911",#,#,#,#,#,#,#,#,"-4.062203386569733,0.2309720662261101",1.0,0.036280637324889,0.5151515151515151,1,177.57877296039592,1946,1068,0.29411764705882354,,17,33
#,#,0.0,1.0,#,#,#,#,#,"-2.1772218959436183,2.018541408707847",#,#,#,#,#,#,#,1.0,0.04693424471225029,0.5423728813559322,1,224.38109154052495,1980,1070,0.17647058823529413,,64,118
#,0.0,0.0,1.0,#,"-4.111503219299448,2.5469871401109954","-3.1595711085688913,2.0523625625334576",#,#,"-2.1772218959436183,2.018541408707847",#,#,#,#,#,#,"-2.3507511816026234,0.9457942553656131",1.0,0.06754356352880661,0.5833333333333334,1,184.52714917218105,1980,1070,0.4117647058823529,,14,24
#,#,2.0,#,#,#,#,#,"-1.1080046304110789,1.9009041203342718","-0.9049785413925155,2.437409175872211",#,#,#,#,"-3.952090380828154,4.235313396970159",#,#,0.0,0.04569317353185899,0.5394736842105263,1,168.25971939976125,1928,1088,0.23529411764705882,,41,76
#,#,#,#,#,#,#,#,"-1.1080046304110789,1.9009041203342718",#,#,#,#,#,"-3.952090380828154,4.235313396970159",#,#,0.0,0.02448519270213934,0.47619047619047616,2,192.61575460099698,1989,1088,0.11764705882352941,,300,630
#,#,#,#,#,#,#,#,#,"-1.8190887946522836,1.3099550257657582",#,#,#,#,#,"-0.2959536299634522,2.177822235695876",#,1.0,0.025259979467823677,0.4791666666666667,1,177.1517239896323,1980,1089,0.11764705882352941,,184,384
#,#,#,#,#,"-3.288910866837077,0.7856877113096128",#,#,#,#,#,#,#,#,"-3.952090380828154,4.235313396970159","-1.7283664766852342,3.264789634192439",#,0.0,0.02664165674625684,0.484297520661157,1,202.72803521836278,1989,1096,0.17647058823529413,,293,605
3.0,1.0,2.0,#,"-5.624852647846181,-1.0862229126721092",#,#,#,#,#,#,#,#,#,#,#,#,0.0,1.0,1.0,1,167.0,1743,1096,0.23529411764705882,,3,3
#,#,0.0,1.0,"-0.2766843768348495,5.479626506800557","-4.111503219299448,2.5469871401109954","-3.1595711085688913,2.0523625625334576",#,#,#,"-1.6336236596197204,4.037049225377285",#,#,#,#,#,#,1.0,0.04591650240000002,0.54,1,225.46668539171577,1980,1098,0.35294117647058826,,27,50
#,#,0.0,1.0,#,#,#,#,#,"-2.1772218959436183,2.018541408707847",#,#,#,#,#,#,"-2.3507511816026234,0.9457942553656131",1.0,0.05860771320779399,0.5670103092783505,1,216.98060924036477,1980,1098,0.23529411764705882,,55,97
#,#,#,#,#,#,"-5.109508261403938,0.28214726042607685",#,#,#,#,"-0.9352650796875853,1.9124856939945314",#,#,#,#,#,1,0.025288444620971184,0.4792746113989637,1,170.49866798987387,1982,1099,0.11764705882352941,,185,386
#,#,#,#,"-2.3606906608348637,4.3919047988143625",#,#,#,#,#,"-0.015618983582063706,4.48756242509203",#,#,#,#,#,"-3.86309890654646,0.8900596304775095",1,0.04441609342406283,0.5364238410596026,1,180.3412702049651,1982,1105,0.17647058823529413,,162,302
#,#,#,#,#,#,#,"-1.6570065612987883,1.7022326422928926",#,#,#,"-0.9352650796875853,1.9124856939945314","-2.9001538682350967,2.4194040887429704",#,#,#,#,1.0,0.025838933329292248,0.48134328358208955,1,209.78733446941706,1982,1105,0.17647058823529413,,258,536
#,#,#,1.0,#,"-3.919281482950151,3.0373502358368794","-1.4294023548060584,4.77100149529846","0.37926939448938857,5.418128199876911",#,#,#,#,"-2.9001538682350967,2.4194040887429704",#,#,#,"-4.062203386569733,0.2309720662261101",1.0,0.06151058234484676,0.5725190839694656,1,184.16566915176347,1946,1107,0.35294117647058826,,75,131
#,#,#,#,"-3.6935352564302555,-1.0862229126721092","-3.288910866837077,0.7856877113096128","-2.4235244984254583,3.2377137994960585",#,#,#,#,#,#,#,"-3.952090380828154,1.411132476831403",#,#,0.0,0.0987811963247003,0.6294117647058823,1,231.94585937802404,1971,1111,0.23529411764705882,,107,170
#,#,#,#,"-5.624852647846181,-1.0862229126721092","-3.288910866837077,0.7856877113096128","-2.4235244984254583,3.2377137994960585",#,#,#,#,"-1.365428472091903,0.7896261674513205",#,#,"-3.952090380828154,1.411132476831403",#,#,0.0,0.12437314232952602,0.6590909090909091,1,239.4704628610345,1971,1111,0.29411764705882354,,87,132
#,#,#,#,"-5.624852647846181,-1.3747021433522688",#,"-2.4235244984254583,3.2377137994960585",#,#,#,#,"-1.0186677693245385,2.598745375623015","-1.2085171626794806,2.029474637220212",#,"-3.775627171809825,1.5875956858497322",#,#,0.0,0.14434054909034796,0.6790123456790124,1,225.8358234843202,1971,1120,0.29411764705882354,,110,162
#,#,#,#,#,"-3.8764189058943943,2.5469871401109954","-4.515712338516044,2.223857063771476",#,#,#,#,#,#,#,#,"-0.2959536299634522,2.135823307738055",#,1.0,0.02928934075191396,0.49356223175965663,1,179.13057475513062,1982,1123,0.17647058823529413,,230,466
#,#,#,#,"-0.07835770137375028,5.479626506800557",#,#,#,#,"-1.8190887946522836,1.3099550257657582",#,#,#,"-1.1788272064246905,1.4466893548266577",#,"-2.7839040368031824,2.177822235695876","-2.0120022809667364,0.21124929280253946",1.0,0.08759118838063737,0.6144578313253012,1,217.32602901060568,1926,1123,0.29411764705882354,,102,166
#,#,#,#,"-5.624852647846181,-1.0862229126721092",#,"-2.4235244984254583,3.2377137994960585","-5.013363861979936,2.125869160995583","-2.9371645336447374,4.484810384860461",#,#,"-2.0741503231725327,3.6983174613182443",#,#,#,#,"-2.971843414851563,2.4712897485145953",0.0,0.09496571598778931,0.6244725738396625,1,206.36475524970757,1971,1129,0.35294117647058826,,148,237
0.0,#,#,#,"-5.624852647846181,-1.0862229126721092",#,#,#,#,#,#,#,#,#,#,#,#,0.0,0.11091964560987554,0.6441717791411042,1,210.11648362624447,1971,1129,0.11764705882352941,,105,163
#,#,#,#,"-0.2766843768348495,5.479626506800557",#,#,#,#,#,#,#,#,#,#,"-2.7839040368031824,2.135823307738055","-0.7720516973678622,2.652841670762385",1.0,0.05588625177789507,0.5616438356164384,1,182.39156801776753,1982,1134,0.17647058823529413,,205,365
#,2.0,#,#,#,"-5.785401427693195,2.5469871401109954","-4.515712338516044,2.223857063771476",#,#,#,#,#,"-2.9001538682350967,2.4194040887429704",#,"-1.2282298654900083,1.0702942163640872",#,"-0.624674415652966,3.36184564765746",1.0,0.019403791345598595,0.45454545454545453,1,204.383032481041,1974,1134,0.35294117647058826,,95,209
0.0,1.0,#,#,"-5.624852647846181,0.24044931623505117",#,"-2.4235244984254583,-0.044351708812805146",#,#,#,#,#,#,#,#,#,#,0.0,0.010240000000000003,0.4,1,187.2028586638377,1928,1135,0.23529411764705882,,8,20
#,#,#,#,#,#,#,#,#,#,#,#,#,#,"-2.513497297938401,1.411132476831403",#,#,0.0,0.03542221690600773,0.5126903553299492,1,189.56648705284138,1989,1135,0.058823529411764705,,404,788
#,#,2.0,#,#,#,"-2.4235244984254583,7.231868664068906",#,#,#,#,#,#,#,"-3.952090380828154,4.235313396970159",#,#,0.0,0.03361637748242015,0.5073529411764706,1,163.41252067535558,1928,1140,0.17647058823529413,,69,136
#,#,0.0,1.0,#,#,#,#,#,"-2.1772218959436183,2.018541408707847","-4.689129220384898,1.231720409538445",#,"-3.924322332325721,1.7036157960713647",#,#,#,#,1.0,0.050586003172044675,0.550561797752809,1,222.23083503034343,1980,1144,0.29411764705882354,,49,89
#,#,0.0,1.0,"-5.772861436805659,1.8653203126336317",#,#,#,#,"-2.1772218959436183,2.018541408707847",#,#,#,#,#,#,#,1.0,0.04378213161539298,0.5348837209302325,1,226.08136428563995,1960,1144,0.23529411764705882,,46,86
#,#,#,#,#,#,#,#,#,#,#,#,#,#,#,"1.2886867024631308,2.177822235695876",#,1.0,0.013363461010158062,0.421875,1,177.7009872965279,1836,1151,0.058823529411764705,,27,64
#,#,#,#,#,"-3.8764189058943943,2.5469871401109954","-4.515712338516044,2.223857063771476",#,#,"-1.8190887946522836,1.3099550257657582",#,#,#,#,#,"-0.2959536299634522,2.135823307738055",#,1.0,0.02193698492485104,0.4658385093167702,1,177.84328949816023,1980,1151,0.23529411764705882,,150,322
#,1.0,2.0,0.0,#,#,#,#,#,#,#,#,#,#,"-3.952090380828154,4.235313396970159","-1.7283664766852342,3.264789634192439",#,0.0,0.038020403200000004,0.52,1,172.996737928095,1928,1153,0.29411764705882354,,13,25
#,1.0,2.0,#,"-1.5804251997475176,1.7405233869652168",#,#,#,"-3.2629755047776254,3.757811580294861",#,#,#,#,#,"-3.952090380828154,4.235313396970159","-1.7283664766852342,3.264789634192439",#,0.0,0.019403791345598595,0.45454545454545453,1,120.79768320000001,1679,1153,0.35294117647058826,,5,11
#,#,#,#,"-5.624852647846181,-1.0862229126721092",#,#,#,#,#,#,"-2.4992553388170857,2.2726513630286234",#,"-1.143001438152902,2.3076774709202983",#,"-1.2246943152725343,2.9607453659043395","-1.7281675506117429,1.0317309547570135",0.0,0.10477534554220229,0.6368715083798883,1,197.03442434286515,1971,1156,0.29411764705882354,,114,179
#,1.0,#,#,"-5.624852647846181,-1.0862229126721092","-3.288910866837077,0.7856877113096128","-2.4235244984254583,3.2377137994960585",#,#,#,#,#,#,#,"-3.952090380828154,1.411132476831403",#,#,1,0.0013900939147832064,0.2682926829268293,1,205.57103765971775,1844,1156,0.29411764705882354,,11,41
0.0,#,#,#,"-0.37364365552629186,6.600348376570452","-1.5926212187071043,2.538838603961658",#,#,#,#,#,#,#,#,#,#,"-2.607002726977634,1.9928281153036262",0.0,0.01902070782637509,0.4527363184079602,1,206.94052722823074,1921,1158,0.23529411764705882,,91,201
#,#,#,#,"-0.07835770137375028,5.479626506800557","-3.8764189058943943,2.5469871401109954",#,#,#,"-1.8190887946522836,1.3099550257657582",#,#,#,#,#,#,#,0,0.012985801041464044,0.41946308724832215,1,222.22904121888672,1989,1165,0.17647058823529413,,125,298
#,0.0,#,#,"-5.624852647846181,-1.0862229126721092","-3.288910866837077,0.7856877113096128",#,#,#,#,#,#,#,#,#,#,#,0.0,0.05962518390607958,0.5689655172413793,1,188.85912236889016,1899,1177,0.17647058823529413,,33,58
#,#,#,#,"-5.624852647846181,-1.0862229126721092","-3.5774658522275344,0.39775227279362557","-2.4235244984254583,3.2377137994960585",#,#,#,#,"-1.0186677693245385,2.598745375623015","-0.8020232934643301,2.029474637220212",#,#,#,#,0.0,0.09835365499946556,0.6288659793814433,1,232.24481124309781,1971,1177,0.29411764705882354,,61,97
#,2.0,#,#,"-5.624852647846181,-1.0862229126721092",#,#,"-5.013363861979936,0.9095052601422382","-2.9371645336447374,4.484810384860461",#,#,"-1.0186677693245385,2.598745375623015","-0.8020232934643301,1.9021841557192478",#,#,"-2.5528828268658303,1.6325568543110434",#,0.0,0.10979242280002384,0.6428571428571429,1,230.1539257493801,1925,1185,0.4117647058823529,,36,56
#,#,#,#,"-5.624852647846181,-1.0862229126721092","-3.5774658522275344,0.39775227279362557","-2.4235244984254583,3.2377137994960585",#,#,#,#,#,"-0.7961423441971632,2.029474637220212",#,#,#,#,0.0,0.08825375108068294,0.6153846153846154,1,234.84305026586784,1971,1185,0.23529411764705882,,72,117
#,#,#,#,"-0.07835770137375028,5.479626506800557","-3.8764189058943943,2.5469871401109954","-4.515712338516044,2.223857063771476",#,#,"-1.8190887946522836,1.3099550257657582",#,#,#,#,"-1.5115222998091649,3.3080362391943314","-2.7839040368031824,2.135823307738055","-2.0120022809667364,0.21124929280253946",1.0,0.12291132098880675,0.6575342465753424,1,220.50527661646626,1973,1194,0.4117647058823529,,96,146
1.0,#,#,#,"-0.07835770137375028,5.479626506800557","-3.8764189058943943,2.5469871401109954","-4.515712338516044,2.223857063771476",#,#,"-1.8190887946522836,1.3099550257657582",#,#,#,#,"-1.5115222998091649,1.8596463535768422","-2.7839040368031824,2.135823307738055","-2.0120022809667364,0.21124929280253946",1.0,0.048282842081079885,0.5454545454545454,1,189.112896,1700,1194,0.47058823529411764,,6,11
#,#,#,#,#,"-3.288910866837077,0.7856877113096128",#,#,"-1.46570150490928,5.254194705088671",#,#,#,#,#,#,#,#,0.0,0.02399008490294497,0.4742489270386266,1,202.3022581808583,1989,1202,0.11764705882352941,,221,466
0.0,#,#,#,#,#,"-2.4235244984254583,3.2377137994960585",#,"0.21468400718218716,3.6247805913602518",#,#,#,#,"-4.009792031665099,3.161000076014247",#,#,#,0.0,0.0210380514815576,0.46195652173913043,1,229.00403107369684,1985,1202,0.23529411764705882,,85,184
#,2.0,0.0,1.0,"-0.2766843768348495,3.7375967737135127","-3.8764189058943943,2.5469871401109954","-3.1595711085688913,2.0523625625334576",#,#,#,#,#,#,#,#,"-2.7839040368031824,2.135823307738055",#,1.0,0.01734152991583261,0.4444444444444444,1,221.19843586067702,1914,1213,0.4117647058823529,,12,27
#,#,0.0,#,"-0.2766843768348495,5.479626506800557",#,#,#,#,#,#,#,#,#,#,#,#,1.0,0.036447674967348576,0.515625,1,218.87705906043686,1980,1213,0.11764705882352941,,33,64
#,0.0,4.0,#,"-0.2766843768348495,5.479626506800557","-4.111503219299448,3.8008155246046296","-4.360120880910683,0.28214726042607685",#,#,#,"-1.920827338119407,4.083414540112716",#,#,#,#,#,"-2.426958979377931,2.556191099760101",1.0,0.005810451002558458,0.35714285714285715,1,116.4896006144,1820,1215,0.4117647058823529,,5,14
#,#,2.0,#,#,#,"-2.4235244984254583,3.2377137994960585",#,"-1.1080046304110789,1.9009041203342718","-5.296617290336986,-1.029739353403293",#,#,#,#,"-3.952090380828154,4.235313396970159",#,"-1.7936641773680886,3.342813596512652",0.0,0.1134276198236865,0.6470588235294118,1,163.89727922257921,1859,1216,0.35294117647058826,,11,17
#,#,2.0,#,#,#,#,#,#,#,#,#,#,#,#,#,#,0.0,0.03968497669782069,0.5244755244755245,1,161.65399912613057,1928,1216,0.058823529411764705,,75,143
#,#,#,#,"-3.822347101712106,1.9339637819233004","-1.1262550590497593,4.240289409728807","-2.7549819576440338,0.9293159822731439",#,"-1.9579430230589923,2.555420103059034",#,#,#,"0.11992785280951113,2.432779138452149",#,"-3.2550140665575205,0.7290943419895792","-1.3010051162683078,2.1501469015442014","0.04095184922647066,2.2642034229957466",0.0,0.07204491900081343,0.5909090909090909,2,171.99598577640714,1932,1220,0.47058823529411764,,26,44
#,#,#,#,"-3.822347101712106,1.9339637819233004","-1.1262550590497593,4.240289409728807","-2.7549819576440338,0.9293159822731439",#,"-1.9579430230589923,2.555420103059034",#,#,#,"0.11992785280951113,2.432779138452149",#,"-2.871926719581838,0.3460069950138964","-1.3010051162683078,2.1501469015442014","0.04095184922647066,2.2642034229957466",0.0,0.07775999999999998,0.6,1,171.93354857494143,1932,1220,0.47058823529411764,,24,40
#,#,#,#,"0.7317390320258448,6.045256770766221",#,#,#,#,#,#,#,#,#,#,"-4.240900180760834,1.045970995462584","-2.426958979377931,-1.5390703103338124",0,0.019403791345598595,0.45454545454545453,2,189.738176,1905,1227,0.17647058823529413,,5,11
#,0.0,#,#,"-5.624852647846181,1.3048101683462057","-3.288910866837077,0.7856877113096128",#,#,#,#,#,#,#,#,#,#,#,0.0,0.03242468166808801,0.5037037037037037,1,173.1267955538016,1963,1233,0.17647058823529413,,68,135
#,0.0,#,#,"-1.8106742126583706,-1.0862229126721092","-3.288910866837077,0.7856877113096128",#,#,#,#,#,#,#,#,#,#,#,0.0,0.010240000000000003,0.4,1,178.8669930847404,1899,1233,0.17647058823529413,,8,20
#,0.0,#,#,"-5.624852647846181,1.3048101683462057","-3.288910866837077,0.7856877113096128",#,"-2.512977245339251,2.7026836233952003",#,#,#,#,#,#,#,#,#,0.0,0.036720077902342135,0.5163934426229508,1,172.64092152992538,1963,1244,0.23529411764705882,,63,122
#,0.0,#,#,"-5.624852647846181,1.3048101683462057","-3.288910866837077,0.7856877113096128",#,#,#,#,"-3.791825460748568,2.0456319208659974",#,#,#,#,#,#,0.0,0.03125,0.5,1,173.1397328752898,1963,1244,0.23529411764705882,,63,126
0.0,#,#,1.0,"-0.5698378653100921,2.1976192902838534",#,"-3.1595711085688913,2.482415193203437",#,#,#,#,#,"-0.8900415678144156,1.8082849321019956",#,"-2.5032985469821964,1.0977225145892207",#,#,1.0,0.04412311230067828,0.5357142857142857,1,215.47110897609906,1960,1249,0.35294117647058826,,45,84
#,#,#,1.0,#,#,"-2.999101253990413,2.482415193203437",#,#,#,#,"-1.763947588329439,1.0068369482261337",#,#,#,"-2.1501065362514993,4.804571064357757","-2.0658150901246923,2.91733498901334",1.0,0.035140877320678804,0.5118733509234829,1,185.61939668223062,1973,1249,0.29411764705882354,,194,379
#,#,#,#,"-5.624852647846181,-1.0862229126721092",#,"-2.4235244984254583,3.2377137994960585","-1.802510504809756,1.7335307621288556",#,#,#,"-1.0186677693245385,2.2726513630286234",#,#,#,"-1.2246943152725343,2.9607453659043395","-1.7281675506117429,1.0317309547570135",0.0,0.09775547938950904,0.628099173553719,4,215.78089050732353,1971,1252,0.35294117647058826,,76,121
#,1.0,#,#,"-6.134728450973855,-1.0862229126721092","-3.288910866837077,0.7856877113096128",#,#,#,#,#,"-2.4992553388170857,2.598745375623015",#,#,#,#,#,0.0,0.17133974630262308,0.7027027027027027,1,203.10853266536913,1971,1252,0.23529411764705882,,26,37
#,#,2.0,#,"-0.07835770137375028,5.479626506800557","-5.785401427693195,2.5469871401109954","-4.515712338516044,2.223857063771476",#,#,#,#,#,#,#,"-1.2282298654900083,1.0702942163640872","-2.7839040368031824,2.135823307738055","-0.7720516973678622,2.652841670762385",1.0,0.06504222973314074,0.5789473684210527,1,151.82582395589728,1926,1269,0.4117647058823529,,22,38
#,#,#,#,"-2.3606906608348637,4.3919047988143625",#,#,#,#,#,"-0.015618983582063706,4.48756242509203","-1.636318762981862,1.5192969592064294","-2.9001538682350967,2.4194040887429704",#,#,#,#,1.0,0.03791569270675337,0.5197132616487455,1,182.6072428088146,1982,1276,0.23529411764705882,,145,279
#,#,0.0,1.0,"-0.2766843768348495,5.479626506800557","-4.111503219299448,2.5469871401109954","-3.1595711085688913,2.0523625625334576",#,#,"-2.1772218959436183,2.018541408707847",#,#,#,"-0.8375808533210551,3.8883489569313716",#,#,#,1.0,0.019403791345598595,0.45454545454545453,1,217.61034322125766,1980,1277,0.4117647058823529,,15,33
#,#,0.0,1.0,"-0.2766843768348495,5.479626506800557","-3.259616610314946,1.3118842334593883","-3.1595711085688913,2.0523625625334576",#,"-2.2961370036339974,0.8130687054695321",#,#,#,#,"-0.5000144383030247,3.550782541913341",#,"-2.7839040368031824,2.135823307738055",#,1.0,0.03125,0.5,1,204.576855330816,1914,1277,0.47058823529411764,,8,16
#,#,#,#,"-3.822347101712106,1.9339637819233004","-1.1262550590497593,4.240289409728807","-2.7549819576440338,0.9293159822731439",#,"-1.9579430230589923,2.555420103059034","-2.2613970638658643,1.8632516085033721",#,#,#,#,"-3.2550140665575205,0.7290943419895792","-1.3010051162683078,2.1501469015442014","0.04095184922647066,2.2642034229957466",0.0,0.07042962777237427,0.5882352941176471,2,176.29220199494742,1932,1278,0.47058823529411764,,40,68
#,#,5.0,#,"-5.624852647846181,0.24044931623505117",#,"-2.4235244984254583,3.2377137994960585",#,#,#,"-1.3356477110052418,3.501102690903968",#,#,"-4.009792031665099,3.161000076014247","-2.513497297938401,1.411132476831403",#,#,1,0.007562323698795019,0.3764705882352941,1,204.03193963719156,1726,1286,0.35294117647058826,,32,85
0.0,#,#,#,#,#,#,#,"0.21468400718218716,3.6247805913602518",#,#,#,#,#,#,#,#,0.0,0.019063780063766984,0.45294117647058824,1,228.97135188066252,1985,1286,0.11764705882352941,,77,170
#,#,2.0,#,#,#,"-2.4235244984254583,3.2377137994960585",#,#,#,#,#,"-1.075774253928082,1.4683621602788197",#,"-3.952090380828154,4.235313396970159",#,"-1.7936641773680886,3.342813596512652",0.0,0.024896008907856194,0.4777777777777778,1,167.81473870040833,1928,1296,0.29411764705882354,,43,90
#,#,2.0,#,#,#,"-2.4235244984254583,3.2377137994960585",#,#,#,#,#,#,#,#,#,#,0.0,0.024599823553588376,0.4766355140186916,1,163.4125206752165,1928,1296,0.11764705882352941,,51,107
#,#,#,#,"-5.624852647846181,-1.0862229126721092","-3.288910866837077,0.7856877113096128","-2.4235244984254583,3.2377137994960585",#,#,#,#,#,"-1.8098226605512322,1.2739790536389515",#,#,"-1.2246943152725343,2.9607453659043395","-1.7281675506117429,1.0317309547570135",0.0,0.10135100721691906,0.6326530612244898,1,223.15504248133885,1971,1305,0.35294117647058826,,62,98
#,#,#,#,"-5.624852647846181,-1.0862229126721092",#,"-2.4235244984254583,3.2377137994960585","-1.802510504809756,1.7335307621288556",#,#,#,"-1.0186677693245385,2.2726513630286234",#,#,#,#,#,0.0,0.09829259611446058,0.6287878787878788,1,231.61325695408757,1971,1305,0.23529411764705882,,83,132
#,2.0,#,1.0,"-0.2766843768348495,5.479626506800557","-3.8764189058943943,2.5469871401109954",#,#,#,#,#,#,"-2.9001538682350967,2.4194040887429704",#,#,#,#,1.0,0.10737418240000002,0.64,1,201.82830346313585,1946,1315,0.29411764705882354,,80,125
#,2.0,#,#,#,"-3.8764189058943943,2.5469871401109954",#,#,#,#,#,#,"-2.9001538682350967,2.4194040887429704",#,#,#,#,1.0,0.030757107679619172,0.4984126984126984,3,199.52510118273136,1982,1315,0.17647058823529413,,157,315
#,#,#,#,#,#,"-2.4235244984254583,3.2377137994960585","-5.013363861979936,0.9095052601422382","-2.9371645336447374,4.484810384860461",#,#,#,#,#,#,"-2.8012615095054008,-0.010968388720818734",#,0.0,0.03190925947145692,0.502092050209205,1,203.70525824962078,1985,1320,0.23529411764705882,,120,239
#,2.0,#,#,"-5.624852647846181,-1.0862229126721092","-3.288910866837077,0.7856877113096128",#,#,#,#,#,#,"-0.7961423441971632,1.9021841557192478",#,"-3.952090380828154,1.411132476831403","-2.5528828268658303,1.6325568543110434",#,0.0,0.1823861694344157,0.7115384615384616,1,242.57536846425006,1949,1320,0.35294117647058826,,37,52
#,#,1.0,1.0,#,"-4.111503219299448,2.5469871401109954","0.044689718557936686,3.5492658077474473",#,#,#,#,#,"-2.9001538682350967,2.4194040887429704",#,#,#,#,1.0,0.01586780027945571,0.43661971830985913,1,197.82749787925306,1983,1328,0.29411764705882354,,31,71
#,#,#,#,#,#,#,#,#,"-2.1772218959436183,2.018541408707847",#,#,#,#,#,#,#,1.0,0.030990018084488324,0.4991652754590985,1,209.20346789105875,1983,1328,0.058823529411764705,,299,599
#,#,#,#,#,#,#,#,#,#,#,#,#,"-0.34633271307640445,5.054729927212082","-0.2851172973428968,4.235313396970159",#,#,0.0,0.027900255118764785,0.48878923766816146,2,195.9285007148605,1971,1331,0.11764705882352941,,109,223
#,#,#,1.0,#,"-6.642342725618781,2.879499171941701",#,#,"-2.9371645336447374,4.484810384860461",#,#,"-2.82607133629581,1.8688691284233554",#,#,#,"-2.7839040368031824,2.135823307738055",#,0.0,0.02202234273966008,0.4662004662004662,1,191.77104170181752,1985,1331,0.29411764705882354,,200,429
#,#,#,#,"-0.2766843768348495,5.479626506800557","-4.111503219299448,2.5469871401109954","-4.515712338516044,2.223857063771476",#,#,"-2.1772218959436183,1.3099550257657582",#,#,#,#,#,"-2.7839040368031824,2.135823307738055",#,1.0,0.06218577436085644,0.5737704918032787,1,212.30267531556586,1982,1335,0.29411764705882354,,140,244
#,#,#,1.0,"-0.2766843768348495,5.479626506800557",#,#,"-1.568027774872882,3.2056279354942436",#,"-1.8190887946522836,1.3099550257657582",#,#,#,#,#,"-2.7839040368031824,2.135823307738055",#,1.0,0.0575430210480392,0.564935064935065,1,228.66826298511035,1980,1335,0.29411764705882354,,87,154
0.0,#,#,#,#,"-3.288910866837077,0.7856877113096128",#,#,#,#,"-4.03038340747608,1.807073974138485",#,#,#,"-3.952090380828154,1.411132476831403",#,"-2.426958979377931,2.556191099760101",0.0,0.048467691949279273,0.5458715596330275,1,241.71526470289265,1985,1345,0.29411764705882354,,119,218
#,2.0,#,#,"-6.134728450973855,1.3925695855147457",#,#,"-0.15836894110789657,2.2284589140756665",#,#,#,#,#,#,#,#,#,0.0,0.055441805316650036,0.5607476635514018,1,207.91767160204387,1949,1345,0.17647058823529413,,60,107
#,#,#,#,"-5.624852647846181,-1.3747021433522688",#,"-2.4235244984254583,3.2377137994960585",#,#,"-0.864042024828843,1.2693969436380037",#,"-1.0186677693245385,2.598745375623015","-1.2085171626794806,2.029474637220212",#,#,#,#,0.0,0.07204491900081343,0.5909090909090909,1,208.35472070281406,1971,1348,0.29411764705882354,,39,66
#,#,4.0,#,"-0.07835770137375028,5.479626506800557","-3.8764189058943943,2.5469871401109954",#,#,#,"-1.9374978490813453,1.6893483973122945",#,#,#,"-3.251634780109915,2.224442619071468",#,"-2.7839040368031824,2.135823307738055","-2.0120022809667364,0.21124929280253946",1.0,0.023847592523562257,0.47368421052631576,2,155.80838413133412,1803,1351,0.4117647058823529,,9,19
#,#,#,#,"-2.7829570524957403,5.479626506800557",#,#,#,#,#,#,#,#,#,#,#,"-2.26714953499142,-0.19722565596485242",1.0,0.06658795410311386,0.5816733067729084,1,202.81082087915794,1983,1351,0.11764705882352941,,146,251
#,#,#,#,"-5.624852647846181,-1.3747021433522688",#,"-2.4235244984254583,3.2377137994960585",#,#,"-0.864042024828843,1.2693969436380037",#,"-1.0186677693245385,2.598745375623015","-1.2085171626794806,2.029474637220212",#,#,"-2.377838111314035,1.4404577381806558",#,0.0,0.06092699470458736,0.5714285714285714,1,208.3609690545421,1971,1353,0.35294117647058826,,36,63
#,#,#,0.0,"-5.624852647846181,-1.3747021433522688",#,"-2.4235244984254583,3.2377137994960585",#,#,"-0.864042024828843,1.2693969436380037",#,"-1.0186677693245385,2.598745375623015","-1.2085171626794806,2.029474637220212",#,#,"-2.0474086628000716,1.1100282896666922",#,0.0,0.06504222973314074,0.5789473684210527,1,187.74009567562956,1971,1353,0.4117647058823529,,11,19
0.0,#,#,#,#,#,#,#,#,#,#,#,#,#,#,#,#,0.0,0.03488001083845618,0.5111111111111111,1,211.173979524246,1985,1355,0.058823529411764705,,184,360
#,#,#,1.0,#,"-0.4018399702058457,5.06408495169825",#,#,#,"-2.1772218959436183,2.018541408707847",#,"-1.0970190920819065,1.058035547461317","-3.1381451091322212,1.4875574621530543",#,#,#,#,1.0,0.02316236280117301,0.47093023255813954,1,207.6769245554349,1973,1359,0.29411764705882354,,81,172
#,#,#,#,#,#,"-3.1595711085688913,2.482415193203437","-4.1091000108285884,-0.8382618389103731",#,#,#,#,"-1.0490113383467736,1.8035052472791462",#,#,#,#,1.0,0.027033631225084783,0.4857142857142857,1,212.41691461077767,1983,1359,0.17647058823529413,,68,140
#,#,#,0.0,"-0.07835770137375028,5.479626506800557","-3.8764189058943943,2.5469871401109954","-4.515712338516044,2.223857063771476",#,#,"-1.8190887946522836,1.3099550257657582",#,#,#,#,#,"-2.7839040368031824,2.135823307738055","-2.0120022809667364,0.21124929280253946",1.0,0.095367431640625,0.625,2,167.32697216655097,1926,1371,0.4117647058823529,,25,40
#,#,#,#,"-0.07835770137375028,5.479626506800557","-5.687604539731094,2.5469871401109954","-4.515712338516044,2.223857063771476",#,#,"-1.8190887946522836,1.3099550257657582",#,#,#,#,#,"-2.7839040368031824,2.135823307738055","-2.0120022809667364,0.21124929280253946",1.0,0.12098686026785263,0.6554621848739496,1,223.09390929207544,1973,1371,0.35294117647058826,,78,119
#,2.0,#,#,"-6.592485006200371,1.0456967432389197","-3.288910866837077,4.240289409728807",#,#,"-1.9579430230589923,2.555420103059034",#,#,#,"0.11992785280951113,1.9021841557192478",#,"-3.2550140665575205,1.411132476831403",#,"0.04095184922647066,2.2642034229957466",0.0,0.17256359665582893,0.7037037037037037,1,207.92606712478698,1780,1375,0.4117647058823529,,19,27
#,#,#,#,"-5.624852647846181,1.9339637819233004","-1.1262550590497593,0.7856877113096128","-2.7549819576440338,0.9293159822731439",#,#,#,#,#,"-0.7961423441971632,2.432779138452149",#,"-3.952090380828154,0.7290943419895792","-2.5528828268658303,2.1501469015442014",#,0.0,0.0423150360584259,0.53125,1,218.45362456724624,1928,1375,0.35294117647058826,,51,96
#,#,#,#,"-5.624852647846181,-1.0862229126721092",#,"-2.4235244984254583,3.2377137994960585","-1.802510504809756,1.7335307621288556",#,"-2.149111084296083,0.5532449424285898",#,"-1.0186677693245385,2.2726513630286234",#,#,#,#,#,0.0,0.10544304249748125,0.6376811594202898,1,221.89942442191338,1971,1388,0.29411764705882354,,44,69
#,#,4.0,0.0,"3.4659079362504155,5.479626506800557","-3.8764189058943943,2.5469871401109954",#,#,#,"-1.9374978490813453,1.6893483973122945",#,#,#,"-3.251634780109915,2.224442619071468",#,"-2.7839040368031824,2.135823307738055","-2.0120022809667364,0.21124929280253946",1.0,0.03125,0.5,1,139.0,1754,1390,0.47058823529411764,,1,2
#,#,#,#,"-5.624852647846181,-1.3747021433522688","-3.288910866837077,0.7856877113096128",#,#,#,#,#,"-1.0186677693245385,2.598745375623015",#,#,"-3.952090380828154,1.411132476831403","-2.5528828268658303,4.291485879986142",#,0.0,0.16291487262254356,0.6956521739130435,2,237.88160545351178,1971,1397,0.29411764705882354,,64,92
#,2.0,#,1.0,"-6.134728450973855,-1.0862229126721092",#,#,#,#,#,#,#,"-1.2085171626794806,2.029474637220212","-1.2598415338805649,1.0656159917992003",#,"-0.48138393188222084,1.6325568543110434","-3.2593110959977887,2.1838220673683697",0.0,0.07379350066184998,0.59375,1,231.70131776934846,1949,1397,0.4117647058823529,,19,32
#,2.0,#,#,"-0.2766843768348495,5.479626506800557","-3.8764189058943943,2.5469871401109954",#,#,#,"-0.2600839706499909,3.651220804872562",#,#,"-2.9001538682350967,2.4194040887429704",#,#,#,#,1.0,0.07117412038856279,0.5894736842105263,2,203.17610705419577,1946,1399,0.29411764705882354,,56,95
#,#,2.0,#,"-5.624852647846181,-1.0862229126721092",#,#,#,#,#,#,#,#,#,"-3.952090380828154,1.411132476831403","-2.5528828268658303,4.291485879986142",#,0.0,0.3540925979614258,0.8125,1,181.29157636194282,1928,1400,0.23529411764705882,,26,32
3.0,1.0,2.0,#,"-5.624852647846181,-1.3747021433522688","-3.288910866837077,0.7856877113096128",#,#,#,#,#,"-1.0186677693245385,2.598745375623015",#,#,#,#,#,0.0,1.0,1.0,2,184.0,1743,1400,0.35294117647058826,,2,2
#,0.0,#,#,#,#,#,#,#,#,#,#,#,"-0.34633271307640445,5.054729927212082","-0.2851172973428968,4.235313396970159",#,#,0.0,0.0286899592428037,0.4915254237288136,1,153.8285216905867,1793,1407,0.17647058823529413,,29,59
3.0,#,#,0.0,#,"-3.288910866837077,-1.1936000133106415",#,#,#,"-2.184340830207664,1.7980785775971169",#,#,#,#,#,"-1.1185584376820839,4.021455205868462",#,1.0,0.13168724279835387,0.6666666666666666,2,139.72,1783,1414,0.29411764705882354,,4,6
#,#,#,#,"-6.134728450973855,1.3925695855147457",#,#,#,#,#,"-3.07888121065086,0.757162211552997","-3.412539876400647,-0.5647891027185303",#,#,#,#,"-3.6839005978068062,2.556191099760101",1,0.010240000000000003,0.4,1,195.7663696696605,1983,1414,0.23529411764705882,,38,95
#,2.0,5.0,1.0,"-6.134728450973855,-1.0862229126721092",#,#,#,#,#,#,#,"-1.2085171626794806,2.029474637220212","-1.2598415338805649,1.0656159917992003",#,"-0.48138393188222084,1.6325568543110434","-3.2593110959977887,2.1838220673683697",0.0,0.18593443208187066,0.7142857142857143,1,215.20123484159998,1949,1418,0.47058823529411764,,10,14
#,#,#,#,"-2.3606906608348637,4.3919047988143625",#,#,#,"-2.218218788206836,3.398410879851153","-1.7305589970303301,1.8251726170810811","-0.015618983582063706,4.48756242509203","-1.636318762981862,1.5192969592064294","-2.9001538682350967,2.4194040887429704","-1.4515448677453642,0.948927416827297",#,#,#,1.0,0.03125,0.5,1,220.56589662860128,1980,1419,0.4117647058823529,,67,134
#,#,2.0,#,"-5.624852647846181,0.24044931623505117",#,#,#,"-1.1080046304110789,1.9009041203342718",#,#,#,#,#,"-2.513497297938401,4.235313396970159",#,#,0.0,0.401877572016461,0.8333333333333334,1,175.37889453265393,1928,1428,0.23529411764705882,,25,30
#,#,2.0,0.0,#,#,#,#,#,#,#,#,#,#,"-3.952090380828154,1.411132476831403",#,#,1,0.014719234145460077,0.43010752688172044,1,168.63069646821262,1926,1428,0.17647058823529413,,40,93
#,#,#,#,"-0.07835770137375028,5.479626506800557","-3.8764189058943943,2.5469871401109954","-4.515712338516044,2.223857063771476",#,#,#,"-1.0167424070819082,3.986792491444861",#,"-2.9001538682350967,2.4194040887429704",#,#,"-2.7839040368031824,2.135823307738055",#,1.0,0.07589085668762029,0.5970873786407767,1,193.5410190076188,1982,1438,0.35294117647058826,,123,206
#,#,#,1.0,"-0.07835770137375028,5.479626506800557",#,#,#,#,"-1.8190887946522836,1.3099550257657582",#,#,#,#,"-0.33686127899214946,1.7318103946765369","-2.7839040368031824,2.135823307738055",#,1.0,0.07431984303981963,0.5945945945945946,2,224.3143742327106,1891,1438,0.29411764705882354,,44,74
#,#,#,#,"-5.624852647846181,-1.0862229126721092","-1.7981231032557696,4.860367256154674","-2.4235244984254583,3.2377137994960585","-1.802510504809756,1.7335307621288556",#,#,#,"-1.0186677693245385,2.2726513630286234",#,#,#,#,#,0.0,0.0992436543,0.63,1,233.30953676839266,1971,1441,0.29411764705882354,,63,100
#,#,#,1.0,#,"-0.4018399702058457,5.06408495169825","-3.1595711085688913,2.0523625625334576",#,#,"-2.1772218959436183,2.018541408707847",#,#,#,#,#,#,#,1.0,0.047724018913934095,0.5441860465116279,1,217.257349005906,1983,1454,0.23529411764705882,,117,215
#,#,#,#,"-2.3606906608348637,4.3919047988143625",#,#,#,#,"-0.8149908882881525,4.376377268314508","-0.015618983582063706,4.48756242509203",#,"-2.9001538682350967,2.4194040887429704",#,#,#,#,1.0,0.035356506652832013,0.5125,1,208.981768800339,1960,1454,0.23529411764705882,,82,160
#,2.0,#,#,"-5.624852647846181,-1.0862229126721092","-2.065661553401212,4.3940678997581735","-2.4235244984254583,-0.044351708812805146","-5.013363861979936,0.9095052601422382","-2.9371645336447374,4.484810384860461",#,#,#,"-0.7961423441971632,1.9021841557192478",#,#,"-2.5528828268658303,1.6325568543110434",#,0.0,0.095367431640625,0.625,1,210.352565633024,1876,1462,0.47058823529411764,,10,16
#,2.0,#,#,"-11.106680847726313,-1.0862229126721092",#,"-2.4235244984254583,-0.044351708812805146","-5.013363861979936,0.9095052601422382","-2.9371645336447374,4.484810384860461",#,#,#,"-0.7961423441971632,1.9021841557192478",#,#,"-2.5528828268658303,1.6325568543110434",#,0.0,0.10049355861780968,0.631578947368421,2,211.97940160974028,1876,1462,0.4117647058823529,,12,19
#,#,#,#,"-2.3606906608348637,5.479626506800557",#,"-4.515712338516044,2.223857063771476",#,#,#,"1.5770053378361066,4.48756242509203",#,"-2.9001538682350967,2.4194040887429704",#,#,#,#,1.0,0.01734152991583261,0.4444444444444444,1,147.61890774253567,1824,1475,0.23529411764705882,,8,18
#,#,#,#,"-0.07835770137375028,4.3919047988143625","-3.8764189058943943,2.5469871401109954",#,#,"-2.4606287341280737,0.5482800166172769","-0.8149908882881525,4.376377268314508",#,#,"-2.9001538682350967,2.4194040887429704",#,#,"-2.7839040368031824,2.135823307738055",#,1.0,0.04662947792084618,0.5416666666666666,1,207.01101388955152,1973,1475,0.35294117647058826,,52,96
#,#,#,#,"-3.822347101712106,1.9339637819233004","-1.1262550590497593,4.240289409728807","-2.7549819576440338,0.9293159822731439",#,"-1.9579430230589923,2.555420103059034","-2.2613970638658643,1.8632516085033721",#,#,#,#,"-3.2550140665575205,0.7290943419895792","-1.3010051162683078,2.1501469015442014","0.04095184922647066,2.2642034229957466",1,0.019403791345598595,0.45454545454545453,1,176.2917148417194,1836,1476,0.47058823529411764,,20,44
1.0,#,#,1.0,"-6.134728450973855,-1.1946039481626427",#,"-3.315785275041912,1.626565619968937","-1.6237858664636353,3.503473970597351",#,#,"-1.8622342255789364,2.140593693242479","-4.137080971141204,2.598745375623015",#,#,#,"-0.48138393188222084,1.579647653863635",#,0.0,0.03125,0.5,1,175.0,1717,1483,0.47058823529411764,,2,4
#,#,#,#,"-5.624852647846181,-1.0862229126721092",#,"-2.4235244984254583,3.2377137994960585","-1.802510504809756,1.7335307621288556",#,#,"-2.1223520029823675,1.129945681060033","-1.0186677693245385,2.2726513630286234",#,#,#,#,#,0.0,0.06872850940451601,0.5853658536585366,1,228.91219110989954,1971,1483,0.29411764705882354,,48,82
#,2.0,#,#,"-5.624852647846181,-1.0862229126721092",#,"-2.4235244984254583,-0.044351708812805146",#,"-2.9371645336447374,4.484810384860461",#,#,#,"-0.7961423441971632,1.9021841557192478",#,#,"-2.5528828268658303,1.6325568543110434",#,0.0,0.06754356352880661,0.5833333333333334,1,211.76815956557448,1876,1484,0.35294117647058826,,14,24
#,#,#,#,#,#,#,#,#,#,"-0.015618983582063706,4.48756242509203",#,"-2.9001538682350967,2.4194040887429704",#,#,#,#,1.0,0.02438662120096358,0.47580645161290325,1,194.05161270017027,1982,1498,0.11764705882352941,,118,248
#,#,3.0,1.0,"-2.3606906608348637,4.3919047988143625","-3.919281482950151,3.0373502358368794",#,"0.37926939448938857,5.418128199876911",#,"-0.8149908882881525,4.376377268314508",#,#,"-2.9001538682350967,2.4194040887429704",#,#,#,"-4.062203386569733,0.2309720662261101",1.0,0.401877572016461,0.8333333333333334,1,177.68,1498,1498,0.47058823529411764,,5,6
#,#,2.0,#,"-5.624852647846181,0.24044931623505117",#,#,#,#,#,#,#,#,#,"-2.513497297938401,1.411132476831403","-2.5528828268658303,4.291485879986142",#,1,0.0007651622719418543,0.23809523809523808,1,176.73804868400674,1844,1506,0.23529411764705882,,10,42
#,2.0,#,#,"-0.2766843768348495,5.479626506800557","-3.8764189058943943,2.5469871401109954","-3.271554780603696,2.0302398158624864",#,#,"-0.2600839706499909,3.651220804872562",#,#,"-2.9001538682350967,2.4194040887429704",#,#,#,#,1.0,0.05987655447650599,0.5694444444444444,1,204.8204275390464,1914,1507,0.35294117647058826,,41,72
0.0,#,1.0,#,"-3.822347101712106,1.9339637819233004","-1.1262550590497593,4.240289409728807","-2.7549819576440338,0.9293159822731439",#,"-1.9579430230589923,2.555420103059034",#,#,#,"0.11992785280951113,2.432779138452149",#,#,"-1.3010051162683078,2.1501469015442014","0.04095184922647066,2.2642034229957466",0.0,0.03125,0.5,1,193.35999999999999,1932,1509,0.5294117647058824,,3,6
1.0,#,#,#,"-6.134728450973855,-1.1946039481626427","-3.166603410808191,0.6098538079619109","-3.315785275041912,1.626565619968937","-1.6237858664636353,3.503473970597351",#,#,"-1.8622342255789364,2.140593693242479","-4.137080971141204,2.598745375623015",#,#,#,"-0.48138393188222084,1.579647653863635",#,0.0,0.0,0.0,1,178.0,1512,1512,0.47058823529411764,,0,2
#,#,#,#,#,#,"-2.4235244984254583,3.2377137994960585","-1.802510504809756,1.7335307621288556","-3.3057013175383423,1.7091466003705762","-2.149111084296083,0.5532449424285898",#,"-1.0186677693245385,2.2726513630286234",#,"-1.8200549864174387,0.43038778036943093",#,#,#,0.0,0.0297333027377109,0.49504950495049505,1,200.76244701325635,1989,1512,0.35294117647058826,,50,101
#,#,#,0.0,"-0.07835770137375028,5.479626506800557","-3.8764189058943943,2.5469871401109954","-4.515712338516044,2.223857063771476",#,#,"-1.8190887946522836,1.3099550257657582",#,#,#,#,#,"-2.7839040368031824,2.135823307738055","-2.0120022809667364,0.21124929280253946",0,0.022132674897119342,0.4666666666666667,1,167.3338227116363,1963,1515,0.4117647058823529,,14,30
#,#,#,0.0,"-0.07835770137375028,5.479626506800557","-3.8764189058943943,2.5469871401109954","-4.515712338516044,2.223857063771476",#,#,"-1.8190887946522836,1.3099550257657582","-3.8013746243864004,1.5357292673754872",#,#,#,#,"-2.7839040368031824,2.135823307738055","-2.0120022809667364,0.21124929280253946",1.0,0.051122245760098564,0.5517241379310345,1,171.38727838954537,1926,1515,0.47058823529411764,,16,29
#,2.0,#,#,#,"-3.8764189058943943,2.5469871401109954",#,#,#,#,#,#,"-2.9001538682350967,2.4194040887429704",#,#,#,"-2.6387602309067963,1.0411044429182124",1.0,0.028304087807184866,0.49019607843137253,2,206.0104153065106,1982,1519,0.23529411764705882,,100,204
3.0,2.0,#,#,"-0.2766843768348495,5.479626506800557","-3.751548006570513,2.5469871401109954","-3.1595711085688913,2.0523625625334576",#,#,"-2.1772218959436183,2.018541408707847",#,#,#,#,#,#,#,1.0,0.023847592523562257,0.47368421052631576,1,189.89179483599668,1982,1519,0.35294117647058826,,9,19
#,2.0,#,#,#,"-1.1262550590497593,4.240289409728807",#,#,"-1.9579430230589923,2.555420103059034","-2.2613970638658643,1.8632516085033721",#,#,#,#,"-3.2550140665575205,0.7290943419895792",#,#,0.0,0.03125,0.5,1,202.34882087044383,1989,1524,0.29411764705882354,,54,108
#,2.0,#,#,"-6.592485006200371,1.9339637819233004","-3.288910866837077,4.240289409728807","-2.7549819576440338,0.9293159822731439",#,"-1.9579430230589923,2.555420103059034",#,#,#,"0.11992785280951113,1.9021841557192478",#,"-3.2550140665575205,1.411132476831403","-1.3010051162683078,2.1501469015442014","0.04095184922647066,2.2642034229957466",0.0,0.03943364769872244,0.5238095238095238,1,202.82258995841988,1780,1524,0.5294117647058824,,11,21
#,#,#,1.0,#,"-3.288910866837077,0.7856877113096128",#,#,#,#,#,#,#,#,#,#,#,0.0,0.018452812500000002,0.45,1,206.52750558508592,1985,1526,0.11764705882352941,,99,220
#,2.0,#,#,"-5.624852647846181,-1.0862229126721092","-2.065661553401212,4.3940678997581735","-2.4235244984254583,-0.044351708812805146","-5.013363861979936,0.9095052601422382","-2.9371645336447374,4.484810384860461",#,#,#,"-0.7961423441971632,1.9021841557192478",#,#,"-2.5528828268658303,1.6325568543110434","-2.0692771954483593,1.2272682415198775",0.0,0.06754356352880661,0.5833333333333334,1,211.72386816,1876,1533,0.5294117647058824,,7,12
#,2.0,#,#,"-11.106680847726313,-1.0862229126721092",#,"-2.4235244984254583,-0.044351708812805146","-5.013363861979936,0.9095052601422382","-2.9371645336447374,4.484810384860461",#,#,#,"-0.7961423441971632,1.9021841557192478",#,#,"-2.5528828268658303,1.6325568543110434",#,1,0.016028404235839844,0.4375,1,212.50111987712,1974,1533,0.4117647058823529,,7,16
#,2.0,#,#,#,#,#,#,"-3.0799443983530073,1.7343096028395544",#,#,#,#,#,#,#,#,1.0,0.02744384574697083,0.48717948717948717,1,196.38159471797877,1982,1544,0.11764705882352941,,95,195
#,#,#,#,"0.7317390320258448,6.045256770766221","-2.8904198978034135,1.9792223053475075",#,#,#,"-0.04998130089817643,4.145782003753289",#,#,#,#,#,"-4.240900180760834,1.045970995462584","-2.426958979377931,-1.5390703103338124",0,0.0,0.0,1,198.0,1546,1546,0.29411764705882354,,0,2
3.0,#,#,1.0,#,"-3.919281482950151,5.39182303795813",#,"0.37926939448938857,5.418128199876911","-2.7432479617306216,4.076945206625508","0.5093311739740691,3.0694579361342855",#,#,#,#,#,#,"-4.062203386569733,0.2309720662261101",1.0,0.2373046875,0.75,1,132.0,1946,1561,0.4117647058823529,,3,4
#,#,#,0.0,"-3.822347101712106,1.9339637819233004","-1.1262550590497593,4.240289409728807",#,#,"-1.9579430230589923,2.555420103059034",#,#,"-0.9352650796875853,1.9124856939945314",#,#,"-3.2550140665575205,0.7290943419895792","-1.3010051162683078,2.1501469015442014",#,0.0,0.08356049390158359,0.6086956521739131,1,165.2904117311254,1893,1566,0.4117647058823529,,14,23
#,#,#,#,#,#,"-2.7549819576440338,0.9293159822731439",#,#,"-2.2613970638658643,1.8632516085033721",#,#,#,#,#,#,"0.04095184922647066,2.2642034229957466",0.0,0.04086536748735371,0.5275590551181102,1,205.2302988081727,1989,1566,0.17647058823529413,,67,127
#,#,#,1.0,"-4.567666519013947,1.3925695855147457",#,#,#,#,#,#,"-4.605014912611134,1.0135203976265559",#,#,"-3.952090380828154,1.411132476831403",#,#,0,0.05325374077796937,0.55625,2,214.27683322036114,1985,1568,0.23529411764705882,,89,160
#,#,#,#,"-5.624852647846181,1.3925695855147457",#,#,#,#,#,#,#,"-0.7961423441971632,1.9021841557192478",#,"-3.952090380828154,1.411132476831403","-2.5528828268658303,1.6325568543110434",#,0.0,0.06056860161310747,0.5707547169811321,1,213.56289647554735,1985,1569,0.23529411764705882,,121,212
#,2.0,#,1.0,#,"-3.288910866837077,0.7856877113096128","0.6118087741814704,3.5772193111879793",#,#,#,#,"-4.605014912611134,1.0135203976265559",#,#,#,#,#,0,0.02448519270213934,0.47619047619047616,2,217.23067582214597,1985,1569,0.29411764705882354,,20,42
#,#,#,#,#,#,#,#,#,#,#,#,#,"-3.6789301711504745,1.7971472280309084","-3.952090380828154,1.411132476831403","-2.5528828268658303,1.6325568543110434",#,0.0,0.03948416479137523,0.523943661971831,2,192.58743563461456,1989,1570,0.17647058823529413,,186,355
#,#,#,#,"-5.624852647846181,1.3925695855147457",#,"-2.7549819576440338,0.9293159822731439",#,#,"-2.2613970638658643,1.8632516085033721",#,#,"-0.7961423441971632,1.9021841557192478",#,#,#,"0.04095184922647066,2.2642034229957466",1,0.02286066141586978,0.4696969696969697,1,198.84280745290204,1824,1570,0.29411764705882354,,31,66
#,#,#,#,"-0.07835770137375028,5.479626506800557","-3.8764189058943943,2.5469871401109954",#,"-2.7006738729086317,3.575799375907403",#,"-1.8190887946522836,1.3099550257657582",#,#,"-3.5775732125156585,-0.015059172368436125",#,#,"-2.7839040368031824,2.135823307738055","-2.7403088309946027,1.4500114615832955",1.0,0.07584482317163513,0.5970149253731343,2,212.45855232215823,1980,1571,0.4117647058823529,,40,67
#,#,#,#,#,"-3.8764189058943943,2.5469871401109954","-4.515712338516044,5.388631633064723",#,#,#,#,#,#,#,#,"-2.7839040368031824,2.135823307738055",#,1.0,0.03086609802985637,0.49876543209876545,1,190.21061887233603,1983,1571,0.17647058823529413,,202,405
#,#,#,#,#,"-3.288910866837077,0.7856877113096128","-2.4235244984254583,3.2377137994960585",#,#,#,#,"-1.0186677693245385,2.598745375623015","-1.2085171626794806,2.029474637220212",#,#,#,#,0.0,0.0205327157461002,0.4597156398104265,1,216.01432398329038,1989,1589,0.23529411764705882,,97,211
#,#,#,1.0,"-5.624852647846181,-1.3747021433522688",#,"-0.9494496842271269,5.790119718060393",#,#,"-2.526532350868286,2.8070650702988305",#,"-1.0186677693245385,2.598745375623015",#,#,"-3.952090380828154,1.5875956858497322","-2.5528828268658303,4.291485879986142",#,0.0,0.16084745180629967,0.6938775510204082,1,221.2432315071565,1932,1589,0.4117647058823529,,34,49
#,#,#,#,"-0.07835770137375028,5.479626506800557","-3.8764189058943943,6.674793316760305",#,"-2.7006738729086317,3.575799375907403",#,#,#,#,"-3.5775732125156585,-0.015059172368436125",#,#,"-2.7839040368031824,2.135823307738055","-2.7403088309946027,1.4500114615832955",1.0,0.08250009529139642,0.6071428571428571,1,214.21077610416165,1980,1594,0.35294117647058826,,51,84
#,#,#,#,"-5.624852647846181,-1.3747021433522688","-3.288910866837077,0.7856877113096128",#,#,#,#,#,#,#,#,"-3.952090380828154,1.411132476831403","-2.5528828268658303,4.291485879986142",#,0.0,0.13168724279835387,0.6666666666666666,1,239.24390553037512,1971,1598,0.23529411764705882,,52,78
#,#,#,#,#,"-3.288910866837077,0.7856877113096128","-2.4235244984254583,3.2377137994960585",#,#,#,#,"-1.0186677693245385,2.598745375623015",#,#,#,#,#,0.0,0.02094302882090425,0.46153846153846156,1,216.44851977847594,1989,1610,0.17647058823529413,,102,221
#,#,#,#,"-5.624852647846181,1.3925695855147457","-3.288910866837077,0.7856877113096128",#,#,#,#,#,#,"-1.2085171626794806,2.029474637220212",#,"-3.952090380828154,1.411132476831403","-1.6083398199566976,1.4756683661736298",#,0.0,0.04573327636731393,0.539568345323741,1,213.00210765486523,1985,1610,0.29411764705882354,,75,139
#,2.0,#,#,"-0.2766843768348495,5.479626506800557","-3.8764189058943943,2.5469871401109954",#,#,#,#,#,#,"-1.0433840568347508,2.4194040887429704",#,#,#,"-3.0209573247673585,0.8888988911717131",1.0,0.07307706433667734,0.5925925925925926,1,193.0134651919014,1982,1619,0.29411764705882354,,48,81
#,#,0.0,#,#,#,"-2.7549819576440338,0.9293159822731439",#,#,"-2.2613970638658643,1.8632516085033721",#,"-3.4768790357415065,1.3719939032307464",#,#,#,#,"-2.426958979377931,2.556191099760101",0.0,0.0054766078555798245,0.35294117647058826,1,194.332303704064,1843,1623,0.29411764705882354,,6,17
0.0,#,#,#,#,"-3.288910866837077,0.7856877113096128",#,#,#,#,"-4.03038340747608,1.807073974138485",#,#,#,"-3.952090380828154,1.7233006415202",#,#,0.0,0.041939238830436674,0.5303030303030303,1,231.8770110332402,1985,1623,0.23529411764705882,,70,132
#,2.0,#,#,"-0.2766843768348495,5.479626506800557","-3.8764189058943943,2.5469871401109954",#,#,"-2.677347371550566,3.2401731715819575",#,#,#,"-2.9001538682350967,2.4194040887429704",#,#,#,#,1.0,0.06327006860516261,0.5757575757575758,1,192.30016171989615,1982,1625,0.29411764705882354,,57,99
#,#,2.0,#,"-5.624852647846181,0.24044931623505117",#,#,#,#,#,#,#,#,#,"-3.952090380828154,4.235313396970159",#,#,0.0,0.1615055828898457,0.6944444444444444,1,162.13650261960782,1928,1626,0.17647058823529413,,25,36
#,#,2.0,#,#,#,#,#,"-1.1080046304110789,1.9009041203342718",#,#,"-3.4879917587458245,2.2075097886184087",#,#,"-2.513497297938401,4.235313396970159",#,#,0.0,0.09760600620741218,0.627906976744186,1,169.04003957461424,1928,1626,0.23529411764705882,,27,43
#,#,#,#,"-3.822347101712106,1.9339637819233004",#,"-2.7549819576440338,0.9293159822731439",#,"-1.9579430230589923,2.555420103059034","-2.2613970638658643,1.8632516085033721",#,#,"0.11992785280951113,2.432779138452149",#,#,"-1.3010051162683078,2.1501469015442014","0.04095184922647066,2.2642034229957466",0.0,0.04662947792084618,0.5416666666666666,1,176.22457037241944,1932,1632,0.4117647058823529,,13,24
#,#,1.0,#,"-3.822347101712106,1.9339637819233004","-1.1262550590497593,4.240289409728807",#,#,"-1.9579430230589923,2.555420103059034",#,#,#,#,#,"-3.2550140665575205,0.7290943419895792",#,"0.04095184922647066,2.2642034229957466",0.0,0.07775999999999998,0.6,1,165.789824,1932,1632,0.35294117647058826,,6,10
#,#,#,#,"-2.3606906608348637,5.479626506800557",#,#,#,"-0.017342444403348756,3.693645014849251",#,"-0.015618983582063706,4.48756242509203",#,"-2.9001538682350967,2.4194040887429704","-1.0083968696485468,1.2420458971383228",#,#,"-2.26714953499142,-0.19722565596485242",1.0,0.04662947792084618,0.5416666666666666,1,203.93239899107,1749,1633,0.35294117647058826,,13,24
#,#,#,#,"-2.7829570524957403,4.3919047988143625",#,#,#,#,#,#,#,#,#,#,#,#,1.0,0.04357432420581581,0.534375,1,185.22421870398574,1983,1633,0.058823529411764705,,171,320
0.0,#,2.0,#,#,#,#,#,"-2.9371645336447374,1.5317413395089021",#,#,#,#,#,#,#,#,0.0,0.13168724279835387,0.6666666666666666,1,176.60806453419562,1928,1637,0.17647058823529413,,24,36
#,#,2.0,#,#,#,#,#,"-1.1080046304110789,4.484810384860461",#,#,"-3.4879917587458245,2.2075097886184087",#,#,"-3.952090380828154,4.235313396970159",#,#,0.0,0.05079704169054469,0.5510204081632653,2,159.16078763712318,1928,1637,0.23529411764705882,,27,49
#,#,#,#,"-0.2766843768348495,5.479626506800557",#,#,"-0.8362219236630726,2.6114183116020735",#,#,#,#,"-2.9001538682350967,0.4107273172960908",#,#,#,#,1.0,0.12437314232952602,0.6590909090909091,1,183.78721739039173,1982,1644,0.17647058823529413,,58,88
#,2.0,#,1.0,#,#,"-2.999101253990413,2.482415193203437",#,#,"-2.1772218959436183,2.018541408707847",#,#,#,#,"-2.7679285772437767,1.4460322394887326",#,#,1.0,0.04181954930000001,0.53,1,234.37574581220298,1941,1644,0.29411764705882354,,53,100
#,2.0,#,1.0,#,"-3.288910866837077,0.7856877113096128","0.6118087741814704,3.5772193111879793",#,#,#,#,"-4.605014912611134,1.0135203976265559","-0.8637066170097034,3.1452356114375357",#,#,#,#,0,0.008691560570552719,0.3870967741935484,1,219.89192887483168,1985,1657,0.35294117647058826,,12,31
3.0,#,5.0,#,"-0.07835770137375028,5.479626506800557","-3.919281482950151,5.39182303795813","-4.515712338516044,2.223857063771476","0.37926939448938857,5.418128199876911","-2.7432479617306216,4.076945206625508","-1.8190887946522836,3.0694579361342855",#,#,#,#,#,"-2.7839040368031824,2.135823307738055","-2.0120022809667364,0.2309720662261101",1.0,0.03125,0.5,1,257.0,1880,1659,0.5882352941176471,,1,2
#,#,#,1.0,#,#,#,#,#,#,#,#,#,#,#,#,"-4.062203386569733,0.21124929280253946",1.0,0.08233288801909634,0.6068965517241379,1,208.13123722378032,1983,1659,0.11764705882352941,,88,145
#,#,#,#,"-6.592485006200371,1.9339637819233004","-3.288910866837077,4.240289409728807","-2.7549819576440338,0.9293159822731439",#,"-1.9579430230589923,2.555420103059034","-2.2613970638658643,1.8632516085033721",#,#,"0.11992785280951113,1.9021841557192478","-2.3889699901634738,0.9116794011239352","-3.2550140665575205,1.411132476831403","-1.3010051162683078,2.1501469015442014","0.04095184922647066,2.2642034229957466",0.0,0.095367431640625,0.625,1,189.19437191168,1932,1667,0.5882352941176471,,10,16
#,2.0,#,#,#,#,#,#,#,#,#,#,"0.11992785280951113,2.432779138452149",#,#,#,"0.04095184922647066,2.2642034229957466",0.0,0.022132674897119342,0.4666666666666667,1,189.7661522465993,1780,1667,0.17647058823529413,,14,30
#,#,#,0.0,"-0.07835770137375028,5.479626506800557","-3.8764189058943943,2.5469871401109954","-4.515712338516044,2.223857063771476",#,#,"-1.8190887946522836,1.3099550257657582",#,#,#,"-1.882372969329257,3.0686011176018564",#,"-2.7839040368031824,2.135823307738055","-5.431338593719401,0.21124929280253946",1.0,0.05032843750000002,0.55,1,167.1711383111205,1926,1671,0.47058823529411764,,11,20
#,#,#,#,"-4.208979535167565,1.1045382035728113",#,"-3.1595711085688913,2.0523625625334576",#,#,#,#,#,#,#,"-3.067869831404781,2.2187355568596394",#,#,1.0,0.015147941328131444,0.43258426966292135,1,213.89261138738516,1983,1677,0.17647058823529413,,77,178
#,#,#,1.0,#,"-0.4018399702058457,5.06408495169825",#,"-2.7845800462376538,1.0166643157213535",#,"-2.1772218959436183,2.018541408707847",#,#,"-1.0490113383467736,1.8035052472791462",#,#,#,"-4.062203386569733,0.21124929280253946",1.0,0.07584482317163513,0.5970149253731343,1,222.90170450695726,1983,1677,0.35294117647058826,,40,67
#,#,0.0,1.0,"-0.07835770137375028,5.479626506800557",#,#,#,#,"-1.8190887946522836,1.3099550257657582",#,#,#,#,"-0.33686127899214946,1.7318103946765369","-2.7839040368031824,2.135823307738055",#,1.0,0.0009765625,0.25,1,225.9136,1891,1683,0.35294117647058826,,2,8
#,2.0,2.0,#,#,#,#,#,#,#,#,#,#,"-0.309245024354186,2.1662420191113707",#,#,#,0.0,0.03125,0.5,1,151.79514623999998,1893,1687,0.17647058823529413,,6,12
#,#,2.0,#,#,#,#,#,#,#,#,#,#,#,"-3.952090380828154,4.235313396970159","-3.428073425308681,0.09650735884026473",#,1,0.014458261438686257,0.42857142857142855,1,161.28585696262968,1959,1687,0.17647058823529413,,12,28
#,#,#,1.0,#,"-3.288910866837077,0.7856877113096128","0.6118087741814704,5.790119718060393",#,#,"-2.526532350868286,2.8070650702988305",#,"-4.605014912611134,2.598745375623015",#,#,#,"-2.5528828268658303,4.291485879986142",#,0,0.012396419534681062,0.4155844155844156,1,218.72051781059665,1985,1691,0.35294117647058826,,32,77
#,2.0,#,1.0,"-5.624852647846181,-1.3747021433522688",#,"-0.9494496842271269,3.5772193111879793",#,#,#,#,"-1.0186677693245385,1.0135203976265559",#,#,"-3.952090380828154,1.5875956858497322",#,#,0.0,0.13168724279835387,0.6666666666666666,1,236.47630985216,1925,1691,0.35294117647058826,,10,15
#,#,#,#,#,"-3.288910866837077,2.5469871401109954",#,#,#,"-2.184340830207664,1.7980785775971169",#,"-1.763947588329439,1.0068369482261337",#,#,#,#,#,1.0,0.036227314821875,0.515,2,231.1880211733253,1982,1697,0.17647058823529413,,103,200
#,#,#,0.0,"-2.6100135489804566,3.2569956208787088","-4.111503219299448,-1.1936000133106415",#,#,#,#,#,#,"-2.9001538682350967,2.4194040887429704",#,#,"-1.1185584376820839,4.021455205868462",#,1.0,0.07204491900081343,0.5909090909090909,1,167.2899140978808,1959,1697,0.29411764705882354,,13,22
#,#,#,#,#,#,#,#,#,#,#,#,#,"-3.6789301711504745,1.7971472280309084",#,"-2.5528828268658303,1.6325568543110434",#,0.0,0.02510347450095199,0.4785714285714286,1,192.6164926149159,1989,1699,0.11764705882352941,,134,280
#,#,#,1.0,#,#,#,#,#,"-2.184340830207664,1.7980785775971169",#,"-1.763947588329439,1.0068369482261337",#,#,#,#,"-4.062203386569733,0.21124929280253946",1.0,0.0634512542499386,0.5760869565217391,1,245.6637323277335,1973,1700,0.23529411764705882,,53,92
#,#,#,#,#,"-3.288910866837077,2.5469871401109954",#,#,#,#,#,#,#,"-0.4711953315065067,3.354557372031172",#,#,#,1.0,0.054344706679352546,0.5585106382978723,1,200.00164512761245,1983,1700,0.11764705882352941,,105,188
4.0,1.0,#,#,#,#,#,#,"0.9578435288218339,1.9009041203342718",#,#,#,#,#,"-2.513497297938401,4.235313396970159",#,#,0.0,0.06346645371714522,0.8846153846153846,1,78.88636569600001,1704,1704,0.23529411764705882,,0,0
#,1.0,2.0,#,"-1.807090440995941,5.498996449772076",#,#,#,"-1.1080046304110789,4.86942490479079",#,"-3.4507725163419822,2.136508120346244","-3.4879917587458245,5.472199767325097",#,#,#,#,#,0.0,0.0009765625,0.25,1,161.25,1704,1704,0.35294117647058826,,1,4
#,1.0,#,#,"-5.624852647846181,-0.05392559140932862",#,#,#,#,#,"-4.1610453598827775,-3.033937041864416",#,"-1.2085171626794806,2.1507035036195647",#,#,"-1.6083398199566976,2.365069102755944",#,0.0,0.01679426108050381,0.6992481203007519,1,83.592,1714,1714,0.29411764705882354,,0,0
#,#,1.0,#,"-6.917219337282313,1.3925695855147457","-3.288910866837077,0.7856877113096128",#,#,#,"-2.1733967952933493,1.8090226125114315",#,#,"-0.5476229962968465,2.029474637220212",#,"-3.952090380828154,1.411132476831403",#,#,0.0,0.01734152991583261,0.4444444444444444,1,203.96454310395904,1876,1714,0.35294117647058826,,8,18
#,#,#,#,"-0.07835770137375028,5.479626506800557",#,"-4.515712338516044,2.223857063771476",#,#,"-1.8190887946522836,1.3099550257657582",#,"-1.5376243100821225,0.617430329461101",#,#,#,"-2.7839040368031824,2.135823307738055","-2.0120022809667364,0.21124929280253946",1.0,0.1043582467665522,0.6363636363636364,1,222.56193158421715,1926,1715,0.35294117647058826,,21,33
#,#,#,#,#,#,#,#,#,"-2.2613970638658643,1.8632516085033721",#,"-4.362658306870797,0.10138344646873687",#,"-3.6789301711504745,1.7971472280309084",#,#,"0.04095184922647066,2.2642034229957466",0.0,0.051983837228233604,0.5535714285714286,1,208.2166651025395,1932,1716,0.23529411764705882,,31,56
#,#,#,#,#,#,"-2.7549819576440338,0.9293159822731439","0.17057216102222972,2.645801047879258",#,#,#,#,#,#,"-3.952090380828154,1.411132476831403","-2.5528828268658303,1.6325568543110434",#,0.0,0.05066085667059094,0.5507246376811594,1,200.8903604155182,1971,1716,0.23529411764705882,,38,69
3.0,1.0,2.0,#,"-5.624852647846181,-1.0862229126721092",#,#,#,#,#,#,#,#,#,#,"-2.658750270714411,1.6735469431353347",#,0.0,1.0,1.0,1,200.0,1743,1718,0.29411764705882354,,1,1
#,#,5.0,#,#,"-3.288910866837077,2.5469871401109954",#,#,#,"-2.184340830207664,1.7980785775971169",#,"-1.763947588329439,1.0068369482261337",#,#,#,#,#,1.0,0.0383260318771802,0.5208333333333334,1,214.59344278272226,1973,1726,0.23529411764705882,,25,48
#,#,#,#,"-3.822347101712106,1.9339637819233004","-1.1262550590497593,4.240289409728807",#,#,"-1.9579430230589923,2.555420103059034","-2.2613970638658643,1.8632516085033721",#,#,#,#,"-3.2550140665575205,0.7290943419895792","-1.3010051162683078,2.1501469015442014","-2.397648653336563,2.2642034229957466",0.0,0.07091334592418007,0.589041095890411,1,199.53726091873983,1932,1729,0.4117647058823529,,43,73
#,2.0,#,1.0,#,"-4.111503219299448,5.06408495169825","-3.1595711085688913,2.0523625625334576",#,#,#,#,#,#,#,#,#,"-4.062203386569733,1.0411044429182124",1.0,0.07091334592418007,0.589041095890411,1,214.37111411177634,1941,1735,0.29411764705882354,,43,73
#,#,#,#,"-0.2766843768348495,5.479626506800557",#,#,"-2.7845800462376538,1.0166643157213535",#,"-2.1772218959436183,2.018541408707847",#,#,"-1.0490113383467736,1.8035052472791462",#,#,#,"-2.6387602309067963,0.21124929280253946",1.0,0.23020027395048778,0.7454545454545455,1,208.4328226551261,1982,1735,0.29411764705882354,,41,55
3.0,1.0,2.0,#,#,#,#,#,#,#,#,#,#,#,#,#,#,0.0,0.0,0.0,1,172.0,1743,1743,0.17647058823529413,,0,2
3.0,1.0,2.0,#,#,"-3.288910866837077,1.8090293722255955",#,#,#,#,#,"-1.0186677693245385,2.598745375623015",#,#,#,#,#,0.0,0.0,0.0,1,172.0,1743,1743,0.29411764705882354,,0,2
#,#,#,#,"-0.2766843768348495,5.479626506800557",#,#,"-2.7845800462376538,1.0166643157213535",#,"-2.1772218959436183,2.018541408707847",#,#,"-1.0490113383467736,3.249238171661997",#,#,#,"-2.6387602309067963,0.21124929280253946",1.0,0.19349176319999997,0.72,1,208.43204057635475,1982,1749,0.29411764705882354,,36,50
#,#,#,#,"-0.2766843768348495,5.479626506800557",#,#,"-2.7845800462376538,1.0166643157213535",#,"-2.1772218959436183,2.018541408707847",#,#,"-1.0490113383467736,1.8035052472791462",#,#,"-0.775439303733272,2.381997648733492","-2.6387602309067963,0.21124929280253946",1.0,0.19075113096875485,0.717948717948718,1,199.97713868305237,1982,1749,0.35294117647058826,,28,39
#,#,4.0,0.0,"3.4659079362504155,5.479626506800557","-3.8764189058943943,2.5469871401109954",#,#,#,"-1.9374978490813453,1.6893483973122945","-2.5475527713133643,1.70545189243439",#,#,"-3.251634780109915,2.224442619071468",#,"-2.7839040368031824,2.135823307738055","-2.0120022809667364,0.21124929280253946",1.0,0.0,0.0,1,167.0,1754,1754,0.5294117647058824,,0,1
#,#,#,#,"-0.07835770137375028,5.479626506800557",#,"-4.515712338516044,2.223857063771476",#,#,"-1.8190887946522836,1.3099550257657582",#,"-1.5376243100821225,0.617430329461101",#,#,#,"-2.7839040368031824,2.135823307738055","-2.0120022809667364,0.21124929280253946",0,0.01213154855439839,0.41379310344827586,1,222.60214952392118,1985,1754,0.35294117647058826,,12,29
0.0,#,2.0,#,#,#,#,#,"-1.1080046304110789,4.484810384860461",#,#,"-3.4879917587458245,2.2075097886184087",#,#,"-3.952090380828154,4.235313396970159",#,#,0.0,0.02448519270213934,0.47619047619047616,1,166.49002219493917,1928,1758,0.29411764705882354,,10,21
#,2.0,1.0,#,#,"-3.288910866837077,0.7856877113096128",#,#,#,#,#,"-4.605014912611134,0.617430329461101",#,#,#,"-2.7839040368031824,2.135823307738055","-2.0120022809667364,0.21124929280253946",0,0.3276800000000001,0.8,1,261.2,1876,1763,0.35294117647058826,,4,5
#,#,#,1.0,"-0.07835770137375028,5.479626506800557",#,"-4.515712338516044,3.5772193111879793",#,#,"-1.8190887946522836,1.3099550257657582",#,"-1.5376243100821225,1.0135203976265559",#,#,#,#,"-1.6909248300242452,0.37899904900232206",0,0.006046617599999999,0.36,1,221.82573723209856,1985,1763,0.35294117647058826,,9,25
#,#,#,#,"-3.822347101712106,1.9339637819233004","-1.1262550590497593,4.240289409728807",#,#,"-1.9579430230589923,2.555420103059034","-2.2613970638658643,1.8632516085033721",#,#,#,#,"-3.2550140665575205,0.7290943419895792",#,"-2.397648653336563,2.2642034229957466",0.0,0.04769403398216333,0.5441176470588235,1,210.49306381264233,1963,1768,0.35294117647058826,,37,68
#,#,#,#,"-3.822347101712106,1.9339637819233004","-1.1262550590497593,4.240289409728807",#,#,#,"-1.432123763837639,1.8632516085033721",#,#,#,#,"-3.2550140665575205,0.7290943419895792","-1.3010051162683078,2.1501469015442014","-2.397648653336563,2.2642034229957466",0.0,0.03381015364324406,0.5079365079365079,1,182.2246471584794,1932,1768,0.35294117647058826,,32,63
#,#,#,1.0,#,#,#,#,#,#,"-0.5897904827621763,3.2462529394416806","1.0068369482261337,1.6108331165718315",#,#,#,"-2.1501065362514993,1.5213317805703193",#,1.0,0.08825375108068294,0.6153846153846154,1,158.185554944,1980,1772,0.23529411764705882,,8,13
3.0,#,#,#,"-0.2766843768348495,5.479626506800557",#,#,"-2.7845800462376538,1.0166643157213535",#,"-2.1772218959436183,2.018541408707847",#,#,"-1.0490113383467736,3.249238171661997",#,#,#,"-2.6387602309067963,0.21124929280253946",1.0,0.1590361251087416,0.6923076923076923,1,179.713511936,1982,1774,0.35294117647058826,,9,13
#,#,#,#,"-0.2766843768348495,5.479626506800557",#,#,"-2.7845800462376538,1.0166643157213535",#,"-2.1772218959436183,2.018541408707847",#,#,"-1.0490113383467736,-0.08857057690071568",#,#,#,"-2.6387602309067963,0.21124929280253946",1.0,0.512908935546875,0.875,1,213.806267109376,1926,1774,0.29411764705882354,,14,16
#,#,#,#,"-5.624852647846181,1.9339637819233004","-3.288910866837077,4.240289409728807","-2.7549819576440338,-0.044351708812805146","-5.013363861979936,0.9095052601422382","-2.9371645336447374,4.484810384860461","-3.237975755175137,1.8632516085033721",#,#,"0.11992785280951113,1.9021841557192478",#,#,#,#,0.0,0.07775999999999998,0.6,1,192.32479613703947,1963,1780,0.4117647058823529,,12,20
0.0,2.0,#,#,#,#,"-2.4235244984254583,0.9293159822731439",#,#,"-2.2613970638658643,0.5310997557829591",#,#,"-0.7961423441971632,0.7677177777100634","-2.3889699901634738,0.9116794011239352","-3.2550140665575205,1.411132476831403","-2.5528828268658303,2.1501469015442014","0.04095184922647066,2.2642034229957466",0.0,0.13168724279835387,0.6666666666666666,1,205.0,1780,1780,0.5294117647058824,,2,3
3.0,1.0,#,0.0,#,"-3.288910866837077,-1.1936000133106415",#,#,#,"-2.184340830207664,1.7980785775971169","-0.7834694448867597,2.468828239155641",#,#,#,#,"-1.1185584376820839,4.021455205868462",#,1.0,0.03276800000000001,0.8,1,138.4,1783,1783,0.4117647058823529,,0,0
1.0,2.0,2.0,#,"0.08626863837392662,4.624898373547998",#,"-2.4235244984254583,0.28214726042607685",#,#,#,#,#,#,#,#,#,"-2.426958979377931,2.556191099760101",0.0,0.05567138099118433,0.8235294117647058,1,154.33333333333334,1788,1788,0.35294117647058826,,0,0
#,#,2.0,0.0,#,#,#,#,#,#,#,#,#,#,"-3.952090380828154,4.235313396970159",#,#,0,0.010240000000000003,0.4,1,161.65626001640194,1928,1788,0.17647058823529413,,16,40
#,#,#,1.0,#,#,#,#,#,"-2.184340830207664,2.018541408707847",#,"-1.763947588329439,1.0068369482261337",#,#,#,#,"-2.3507511816026234,0.9457942553656131",1.0,0.04158799090330928,0.5294117647058824,1,242.80032715041506,1973,1794,0.23529411764705882,,45,85
#,#,0.0,#,#,"-3.288910866837077,2.5469871401109954",#,#,#,"-2.1772218959436183,1.7980785775971169",#,#,#,#,#,#,#,1.0,0.05032843750000002,0.55,1,224.6223828795261,1980,1794,0.17647058823529413,,11,20
#,#,#,#,#,"-3.8764189058943943,2.5469871401109954","-4.515712338516044,2.223857063771476","-0.8362219236630726,2.6114183116020735",#,"-1.8190887946522836,1.3099550257657582",#,#,#,#,#,"-2.7839040368031824,2.135823307738055","-2.0120022809667364,0.21124929280253946",1.0,0.028304087807184866,0.49019607843137253,1,226.4862128463558,1973,1803,0.35294117647058826,,25,51
#,#,#,#,"-0.2766843768348495,5.479626506800557",#,#,#,#,#,#,#,"-2.9001538682350967,0.4107273172960908",#,"-1.5115222998091649,3.3080362391943314","-2.16160128812033,1.5098370287014884",#,1.0,0.1525510302209349,0.6865671641791045,1,182.7361869629611,1982,1803,0.23529411764705882,,46,67
#,#,#,1.0,#,"-0.4018399702058457,5.06408495169825",#,"-2.7845800462376538,1.0166643157213535",#,#,#,#,#,#,#,#,"-4.062203386569733,0.21124929280253946",1.0,0.0713372140882071,0.5897435897435898,1,206.1601936485537,1983,1807,0.23529411764705882,,23,39
#,#,#,1.0,#,#,"-2.376936396489449,0.4087522897893928",#,#,"-2.184340830207664,2.018541408707847",#,"-1.763947588329439,1.0068369482261337",#,#,#,#,#,1.0,0.04095015037828753,0.5277777777777778,1,213.4430882138377,1973,1807,0.23529411764705882,,19,36
#,#,#,#,"-0.07835770137375028,5.479626506800557",#,"-4.515712338516044,2.223857063771476",#,#,#,#,"-1.5376243100821225,0.617430329461101",#,#,#,#,#,0,0.012558674125514407,0.4166666666666667,1,209.38218230872175,1985,1808,0.17647058823529413,,25,60
#,#,#,#,#,"-3.288910866837077,0.7856877113096128",#,#,#,"-1.8190887946522836,1.3099550257657582","-4.03038340747608,1.807073974138485",#,#,#,"-3.952090380828154,1.7233006415202","-2.7839040368031824,2.135823307738055","-2.0120022809667364,0.21124929280253946",0.0,0.023351817902064288,0.4716981132075472,1,244.0857169369462,1985,1808,0.35294117647058826,,25,53
4.0,#,#,#,"-6.134728450973855,1.3925695855147457",#,#,#,#,#,#,#,#,#,#,"-2.5528828268658303,1.6325568543110434",#,0.0,0.000541922809869769,0.2222222222222222,1,153.43904,1944,1814,0.17647058823529413,,2,9
#,2.0,#,#,#,#,#,"-0.15836894110789657,2.2284589140756665",#,"-0.7658686923224992,1.438684908426576",#,#,"-0.7961423441971632,1.9021841557192478",#,"-3.952090380828154,1.411132476831403",#,#,0.0,0.03125,0.5,1,215.42376703999997,1949,1814,0.29411764705882354,,6,12
#,#,#,0.0,"-0.07835770137375028,5.479626506800557","-3.8764189058943943,2.5469871401109954","-4.515712338516044,2.223857063771476","-0.8362219236630726,2.6114183116020735",#,"-4.033546107973344,1.1578220486293163",#,#,"-2.9001538682350967,0.4107273172960908",#,#,#,#,1.0,0.06754356352880661,0.5833333333333334,1,151.054592,1982,1820,0.4117647058823529,,7,12
#,#,#,#,"-0.2766843768348495,5.479626506800557",#,#,#,#,"-1.8190887946522836,1.3099550257657582",#,#,#,#,#,"-2.7839040368031824,2.135823307738055",#,1.0,0.06547183345491882,0.5797101449275363,1,221.17764023169053,1980,1820,0.17647058823529413,,40,69
#,#,#,#,"-0.2766843768348495,5.479626506800557",#,"-1.9485564445435908,1.2864368685544187",#,"-2.8667760865915963,3.652526206689998","-2.184340830207664,2.018541408707847",#,#,#,#,#,#,#,1.0,0.06355277623596342,0.576271186440678,1,195.84641181457857,1982,1821,0.23529411764705882,,34,59
#,#,1.0,1.0,#,#,"-2.376936396489449,0.4087522897893928",#,"-2.7664791282334176,3.552229248331819",#,#,"-1.763947588329439,1.0068369482261337",#,#,#,"-4.399949613808942,2.135823307738055",#,1.0,0.004115226337448558,0.3333333333333333,1,204.6928,1821,1821,0.35294117647058826,,3,9
#,#,#,#,#,#,#,#,#,#,#,#,#,"-0.4711953315065067,3.354557372031172",#,#,#,1.0,0.04646517407474427,0.5412844036697247,1,199.9974560993793,1983,1824,0.058823529411764705,,59,109
#,#,#,#,"-2.3606906608348637,4.3919047988143625","-3.288910866837077,2.5469871401109954",#,#,#,#,"-0.015618983582063706,4.48756242509203",#,"-2.9001538682350967,2.4194040887429704",#,#,#,#,1.0,0.05976430000026932,0.5692307692307692,1,186.19968077719489,1982,1824,0.23529411764705882,,37,65
#,#,#,#,"-5.624852647846181,0.24044931623505117",#,#,#,#,#,"-0.8107570891586566,3.859208816132995",#,#,#,"-3.952090380828154,4.235313396970159",#,#,0.0,0.05066085667059094,0.5507246376811594,2,208.51708327279655,1949,1826,0.17647058823529413,,38,69
#,#,2.0,#,"-5.624852647846181,0.24044931623505117",#,#,#,#,#,#,#,#,#,#,#,#,0.0,0.06504222973314074,0.5789473684210527,1,162.4351225753764,1928,1826,0.11764705882352941,,11,19
#,#,2.0,#,"-5.624852647846181,-1.0862229126721092",#,#,#,#,"-1.3078510201118057,0.825587948355041","-1.8410051015674296,2.1618228172539857",#,#,#,"-3.952090380828154,1.411132476831403","-2.5528828268658303,4.291485879986142",#,0.0,0.06092699470458736,0.5714285714285714,1,189.064,1928,1830,0.35294117647058826,,4,7
#,#,2.0,#,"-5.624852647846181,0.24044931623505117",#,#,#,#,#,#,"-3.731501634296022,1.4252362531824052",#,#,#,#,#,0.0,0.07775999999999998,0.6,1,164.1862158336,1928,1830,0.17647058823529413,,9,15
#,#,#,1.0,#,#,#,#,#,"-2.184340830207664,1.7980785775971169",#,"-1.763947588329439,1.0068369482261337",#,#,#,"0.4901704950850012,2.9867485505238376",#,1.0,0.03125,0.5,1,195.83475709952,1891,1836,0.23529411764705882,,9,18
#,2.0,#,1.0,#,#,#,#,#,#,#,#,#,#,#,#,"-4.062203386569733,0.21124929280253946",1.0,0.12324861859319845,0.6578947368421053,1,241.083887755768,1946,1836,0.17647058823529413,,25,38
#,#,#,1.0,"-4.567666519013947,1.3925695855147457",#,#,#,#,#,#,"-4.605014912611134,1.0135203976265559",#,#,"-3.952090380828154,-0.02186775164291488",#,#,0,0.03125,0.5,1,217.87271447664858,1949,1839,0.23529411764705882,,16,32
#,1.0,#,1.0,"-5.624852647846181,-1.3747021433522688",#,"-0.9494496842271269,5.790119718060393",#,#,"-2.526532350868286,2.8070650702988305",#,"-1.0186677693245385,2.598745375623015",#,#,"-3.952090380828154,1.5875956858497322","-2.5528828268658303,4.291485879986142",#,0.0,0.2373046875,0.75,1,163.5,1843,1843,0.47058823529411764,,3,4
#,#,#,1.0,"-5.624852647846181,-1.3747021433522688",#,"-0.9494496842271269,5.790119718060393",#,#,"-2.526532350868286,2.8070650702988305",#,"-1.0186677693245385,2.598745375623015","-1.842944205994276,3.7849939224028093",#,"-3.952090380828154,1.5875956858497322","-2.5528828268658303,4.291485879986142",#,0.0,0.10049355861780968,0.631578947368421,1,221.3615684839342,1932,1843,0.47058823529411764,,12,19
#,#,#,#,#,"-3.288910866837077,2.5469871401109954",#,#,#,"-2.1772218959436183,5.400644207434272",#,#,#,#,"-1.2116562204816663,2.0062774941140677",#,#,1.0,0.04526613752481193,0.5384615384615384,1,195.93248876554154,1983,1844,0.17647058823529413,,70,130
#,#,#,#,#,"-4.902072161348238,2.1539400105643205","-6.640850810842123,3.5492658077474473",#,#,#,#,#,#,"-0.4711953315065067,3.354557372031172",#,#,#,1.0,0.0470123123009606,0.5425531914893617,2,199.95682022839623,1983,1844,0.17647058823529413,,51,94
#,#,#,#,#,"-4.902072161348238,2.1539400105643205","-10.829816734729054,3.5492658077474473",#,#,#,#,#,"-2.3283040553708956,0.13873731598125127",#,#,#,#,1.0,0.0852316508323596,0.6111111111111112,4,208.3733452299246,1983,1847,0.17647058823529413,,44,72
#,#,2.0,#,"-5.624852647846181,-1.0862229126721092",#,#,#,"-1.1080046304110789,1.9009041203342718",#,#,#,#,#,"-3.952090380828154,4.235313396970159","-2.5528828268658303,4.291485879986142",#,0.0,0.2373046875,0.75,1,182.25,1928,1859,0.29411764705882354,,3,4
#,#,2.0,#,"-8.319163603741401,0.24044931623505117",#,#,#,#,#,"-1.7999495478809986,3.0368008540282116",#,#,#,#,#,#,0.0,0.048282842081079885,0.5454545454545454,1,161.6054016,1928,1859,0.17647058823529413,,6,11
#,#,#,#,#,#,#,#,#,#,#,#,"-0.8574198979161409,1.4554313877264968","-3.6789301711504745,1.7971472280309084","-3.952090380828154,1.411132476831403","-2.5528828268658303,1.6325568543110434",#,0.0,0.023404341087988296,0.47191011235955055,1,203.16599812808644,1989,1862,0.23529411764705882,,42,89
#,#,#,#,#,"-4.902072161348238,2.1539400105643205","-7.165434535977231,3.5492658077474473",#,#,#,#,#,"-2.3283040553708956,0.13873731598125127",#,#,#,#,0,0.011065393686294556,0.40625,1,208.37333472818528,1989,1869,0.17647058823529413,,26,64
0.0,#,#,#,#,"-3.288910866837077,0.7856877113096128",#,#,#,#,"-4.03038340747608,1.807073974138485","0.7664386147678233,3.152391965690678",#,#,"-3.952090380828154,1.411132476831403",#,"-2.426958979377931,2.556191099760101",0.0,0.010240000000000003,0.4,1,197.649408,1871,1871,0.35294117647058826,,4,10
#,#,#,#,#,#,"-2.4235244984254583,3.2377137994960585","-1.300615169201326,1.6166188760230287",#,#,#,#,#,#,#,#,"-2.426958979377931,2.556191099760101",0,0.024627879918774465,0.47674418604651164,1,192.74536348650213,1989,1871,0.17647058823529413,,41,86
#,2.0,#,1.0,"-5.624852647846181,1.3925695855147457",#,#,#,#,#,#,#,"-0.7961423441971632,1.9021841557192478",#,"-3.952090380828154,-0.02186775164291488","-2.5528828268658303,1.6325568543110434",#,0,0.014458261438686257,0.42857142857142855,1,222.20763473920002,1949,1876,0.35294117647058826,,6,14
#,2.0,#,#,"-4.567666519013947,-1.0862229126721092","-2.6059605261449152,1.86615986450389","-2.4235244984254583,-0.044351708812805146","-5.013363861979936,0.9095052601422382","-2.9371645336447374,4.484810384860461","-3.237975755175137,0.5310997557829591",#,"-4.605014912611134,1.0135203976265559",#,#,#,#,#,0.0,0.028249234375000005,0.775,1,186.41426343936,1876,1876,0.47058823529411764,,0,0
#,#,#,#,"-0.07835770137375028,5.479626506800557","-3.8764189058943943,2.5469871401109954",#,#,#,"-1.8190887946522836,1.3099550257657582","-0.9219717131656924,2.163541474259149",#,#,#,"-1.5115222998091649,1.8596463535768422",#,#,1.0,0.06754356352880661,0.5833333333333334,1,221.3404120498429,1980,1880,0.29411764705882354,,14,24
#,#,#,#,"-0.07835770137375028,5.479626506800557",#,"-4.515712338516044,2.223857063771476",#,#,"-1.8190887946522836,1.3099550257657582",#,#,#,#,#,"-2.7839040368031824,2.135823307738055","-2.0120022809667364,0.21124929280253946",1.0,0.16291487262254356,0.6956521739130435,2,223.03675235323635,1973,1880,0.29411764705882354,,16,23
#,#,#,#,"-5.624852647846181,0.24044931623505117",#,#,#,#,#,"-0.8107570891586566,3.859208816132995",#,#,#,#,#,#,0.0,0.03471897689928779,0.5106382978723404,1,208.5175771490968,1949,1886,0.11764705882352941,,24,47
#,#,#,#,#,"-4.902072161348238,2.1539400105643205","-10.829816734729054,3.5492658077474473","-1.1765042199379778,1.6523287936129114",#,#,"-2.496370352592203,0.8393195797589764",#,"-2.3283040553708956,0.13873731598125127",#,#,#,#,0,0.02587604756236833,0.48148148148148145,1,204.40669552788933,1989,1891,0.29411764705882354,,13,27
#,#,2.0,#,"-5.624852647846181,0.24044931623505117",#,#,#,"-1.1080046304110789,1.9009041203342718",#,"-1.2596302968456623,1.492313897344061","-1.332748800170745,0.5914071279928472",#,#,"-2.513497297938401,4.235313396970159","-2.5528828268658303,4.291485879986142",#,1,0.0,0.0,1,195.33333333333334,1893,1893,0.4117647058823529,,0,3
#,#,2.0,#,"-5.624852647846181,-1.0862229126721092",#,#,#,#,#,#,#,#,#,"-3.952090380828154,4.235313396970159",#,#,0.0,0.07775999999999998,0.6,2,189.6,1928,1893,0.17647058823529413,,3,5
#,#,2.0,#,"-5.624852647846181,-1.0862229126721092",#,#,#,#,#,#,"-1.4629672788588441,1.6926484433294473","-1.2291616472911047,1.4691648526253065",#,"-3.952090380828154,4.235313396970159",#,#,0.0,0.03125,0.5,2,185.75,1928,1899,0.29411764705882354,,2,4
#,#,#,#,#,"-4.902072161348238,2.1539400105643205","-10.829816734729054,3.5492658077474473","-1.1765042199379778,1.6523287936129114",#,#,"-2.496370352592203,0.8393195797589764",#,"-2.3283040553708956,0.13873731598125127",#,#,#,"-3.6019660758446723,-0.6887398757332073",0,0.03125,0.5,1,202.8,1905,1905,0.35294117647058826,,3,6
#,#,#,#,"-0.2766843768348495,5.479626506800557",#,"-0.862944715126789,3.5402406277010576","-2.7845800462376538,1.7465652710961992",#,"-2.1772218959436183,2.018541408707847",#,#,"-1.0490113383467736,3.249238171661997",#,#,#,"-2.6387602309067963,0.21124929280253946",1.0,0.3276800000000001,0.8,1,213.38736715776,1982,1910,0.35294117647058826,,12,15
#,#,#,#,"-0.07835770137375028,5.479626506800557",#,#,#,#,"-1.8190887946522836,1.3099550257657582",#,#,#,#,#,"-2.7839040368031824,2.135823307738055","-2.0120022809667364,0.21124929280253946",1.0,0.10049355861780968,0.631578947368421,2,222.73008800966247,1973,1910,0.23529411764705882,,12,19
#,2.0,#,1.0,"-2.4804195641051194,1.3940204537264047",#,#,#,#,#,#,#,#,#,#,#,#,1.0,0.014458261438686257,0.42857142857142855,2,219.86439039006933,1941,1912,0.17647058823529413,,9,21
#,#,#,1.0,#,#,#,#,#,#,#,#,"-1.5280321436690463,2.0183398276496654",#,#,#,"-4.062203386569733,0.21124929280253946",1.0,0.06754356352880661,0.5833333333333334,1,208.28154166006595,1983,1912,0.17647058823529413,,21,36
#,2.0,#,1.0,"-2.4804195641051194,1.3940204537264047",#,#,#,#,"-1.808177720153901,2.4587002167797922",#,#,#,#,#,#,#,1.0,0.0054766078555798245,0.35294117647058826,1,225.97311776440318,1941,1914,0.23529411764705882,,6,17
#,#,#,#,"-5.624852647846181,0.24044931623505117",#,"-2.4235244984254583,3.2377137994960585",#,#,#,#,#,#,#,#,#,#,0,0.08700724920793725,0.6136363636363636,1,195.34047447085007,1971,1917,0.11764705882352941,,27,44
#,#,#,#,#,#,#,"-1.300615169201326,1.6166188760230287",#,#,#,#,#,#,"-2.513497297938401,1.411132476831403",#,"-2.426958979377931,2.556191099760101",0.0,0.04662947792084618,0.5416666666666666,1,192.81758496466395,1989,1917,0.17647058823529413,,26,48
#,#,#,#,"-5.624852647846181,-1.0862229126721092",#,"-2.4235244984254583,3.2377137994960585",#,#,#,#,#,#,"-1.1148411808808056,3.161000076014247",#,#,#,0.0,0.09895227559841319,0.6296296296296297,1,193.58426079627029,1971,1925,0.17647058823529413,,17,27
0.0,#,#,#,"-5.624852647846181,-1.3747021433522688","-2.0626312098015807,3.8008155246046296",#,#,#,#,"-2.8573659381958927,-0.9411518621747472","-1.0186677693245385,2.598745375623015","-1.2085171626794806,2.029474637220212",#,"-3.775627171809825,1.5875956858497322",#,"-2.607002726977634,2.556191099760101",0.0,0.2373046875,0.75,1,199.75,1971,1925,0.47058823529411764,,3,4
#,#,#,#,"-0.07835770137375028,5.479626506800557",#,"-3.5207821330964846,1.4215687619143644",#,#,"-1.8190887946522836,1.3099550257657582",#,#,#,#,#,"-2.7839040368031824,2.135823307738055","-2.0120022809667364,0.21124929280253946",1.0,0.1590361251087416,0.6923076923076923,1,220.858466816,1973,1926,0.29411764705882354,,9,13
#,#,2.0,#,#,#,#,#,"-3.117333829495672,3.101077588711387",#,#,#,#,#,#,#,#,0.0,0.0,0.0,1,166.04000000000002,1928,1928,0.11764705882352941,,0,6
#,#,1.0,#,"-5.624852647846181,-1.0862229126721092",#,"-2.4235244984254583,3.2377137994960585",#,#,#,#,#,#,"-1.1148411808808056,3.161000076014247",#,#,#,0.0,0.18593443208187066,0.7142857142857143,1,219.35999999999999,1932,1932,0.23529411764705882,,5,7
#,0.0,#,#,"-5.624852647846181,-1.0862229126721092",#,"-2.4235244984254583,3.2377137994960585",#,#,#,#,#,#,"-1.1148411808808056,3.161000076014247",#,#,#,0.0,0.03125,0.5,1,170.07999999999998,1932,1932,0.23529411764705882,,3,6
#,#,#,#,"-5.624852647846181,1.3925695855147457",#,#,#,#,#,#,"-3.594169898713578,1.023804328879043","-0.7961423441971632,1.9021841557192478",#,"-3.952090380828154,1.411132476831403","-2.5528828268658303,1.6325568543110434",#,0.0,0.16291487262254356,0.6956521739130435,1,212.17132515591763,1985,1944,0.29411764705882354,,16,23
#,1.0,#,#,"-5.624852647846181,1.3925695855147457",#,#,#,#,#,#,#,"-0.7961423441971632,1.9021841557192478","-2.6707351381855013,2.5052832254242996","-1.7231574587615914,1.411132476831403","-2.5528828268658303,1.6325568543110434",#,0.0,0.3276800000000001,0.8,1,166.6,1971,1944,0.35294117647058826,,4,5
#,2.0,#,1.0,#,#,#,#,#,#,#,#,"-1.2085171626794806,1.9021841557192478","-1.2598415338805649,1.0656159917992003",#,"-2.5528828268658303,1.6325568543110434",#,0.0,0.022132674897119342,0.4666666666666667,1,202.1457429504,1949,1949,0.29411764705882354,,7,15
#,#,5.0,#,"-6.134728450973855,1.3925695855147457",#,#,#,#,#,#,"-3.594169898713578,1.023804328879043","-0.7961423441971632,2.029474637220212",#,"-3.952090380828154,1.411132476831403",#,"-3.2593110959977887,2.1838220673683697",0.0,0.13168724279835387,0.6666666666666666,1,203.16,1949,1949,0.35294117647058826,,4,6
2.0,#,#,#,#,"-4.902072161348238,2.1539400105643205","-10.829816734729054,3.5492658077474473",#,#,#,#,#,"-2.3283040553708956,0.13873731598125127",#,#,#,#,1.0,1.0,1.0,1,155.5,1973,1959,0.23529411764705882,,2,2
#,#,#,#,#,"-3.288910866837077,2.5469871401109954",#,#,#,"-2.1772218959436183,1.7980785775971169",#,#,#,"-0.4711953315065067,3.354557372031172",#,#,#,1.0,0.0007651622719418543,0.23809523809523808,1,222.06363996587163,1983,1960,0.17647058823529413,,5,21
#,#,0.0,#,#,#,#,#,#,#,#,#,#,#,#,#,"-1.5502370243053853,2.589610733747749",1.0,0.0009765625,0.25,1,230.0,1980,1960,0.11764705882352941,,1,4
#,#,#,#,"-5.624852647846181,1.3925695855147457",#,#,"-1.300615169201326,1.6166188760230287",#,#,#,#,#,#,"-2.513497297938401,-1.5491491934403512","-3.91144713967866,-1.6351553832491326","-2.426958979377931,2.556191099760101",0.0,0.005264124690768859,0.5549645390070922,1,169.317932039055,1963,1963,0.29411764705882354,,0,0
#,#,#,#,#,"-3.288910866837077,0.7856877113096128",#,#,#,#,#,#,#,#,"-3.952090380828154,1.411132476831403",#,#,0.0,0.05507317760000002,0.56,1,204.89792498267252,1989,1963,0.11764705882352941,,14,25
#,#,#,#,"-5.624852647846181,1.3925695855147457","-3.288910866837077,0.7856877113096128",#,#,#,#,#,#,#,#,"-3.952090380828154,1.411132476831403","-2.5528828268658303,1.6325568543110434",#,0.0,0.06754356352880661,0.5833333333333334,1,228.29196032,1985,1971,0.23529411764705882,,7,12
#,1.0,#,#,#,#,#,"-0.7847454133437852,3.900509265349876",#,#,#,#,"-0.7961423441971632,1.9021841557192478","-2.6707351381855013,2.5052832254242996","-1.7231574587615914,1.411132476831403",#,#,0.0,0.0,0.0,1,97.0,1971,1971,0.29411764705882354,,0,1
#,#,#,#,"-0.07835770137375028,5.479626506800557",#,"-4.515712338516044,2.223857063771476",#,#,"-1.8190887946522836,1.3099550257657582",#,#,#,"-3.934441388304584,0.7914884219478426",#,"-2.7839040368031824,2.135823307738055","-2.0120022809667364,0.21124929280253946",1.0,0.07775999999999998,0.6,1,235.0,1973,1973,0.35294117647058826,,3,5
#,#,#,#,#,#,#,"-2.7845800462376538,1.7465652710961992",#,#,#,#,"-1.0490113383467736,3.249238171661997",#,#,#,"-2.6387602309067963,0.21124929280253946",1.0,0.06092699470458736,0.5714285714285714,1,248.16799999999998,1983,1982,0.17647058823529413,,4,7
#,#,#,#,"-0.2766843768348495,5.479626506800557",#,"-0.862944715126789,3.5402406277010576","-2.7845800462376538,1.0166643157213535",#,"-2.1772218959436183,2.018541408707847","-1.955146616901483,2.881603785007727",#,"-1.0490113383467736,3.249238171661997",#,"-3.5277649662195003,2.2185452384157394",#,"-2.6387602309067963,0.21124929280253946",1.0,0.2373046875,0.75,1,246.75,1982,1982,0.47058823529411764,,3,4
#,#,#,#,"-3.8619855123504356,0.34454936415236137",#,"-10.829816734729054,3.5492658077474473",#,#,#,#,#,"-2.3283040553708956,0.13873731598125127",#,#,#,#,1.0,0.03125,0.5,1,202.5,1983,1983,0.17647058823529413,,2,4
#,#,#,1.0,#,"-4.902072161348238,2.1539400105643205",#,#,#,#,#,#,#,#,#,#,"-4.062203386569733,0.21124929280253946",1.0,0.05292214940134466,0.5555555555555556,1,216.83616,1983,1983,0.17647058823529413,,5,9
#,#,#,#,#,#,#,"-1.300615169201326,1.6166188760230287",#,#,"-1.6514813665597445,1.7676008141002149","-0.9352650796875853,1.9124856939945314",#,#,"-2.513497297938401,1.411132476831403",#,#,0,0.004115226337448558,0.3333333333333333,1,194.66666666666666,1989,1989,0.23529411764705882,,1,3
#,#,#,#,#,#,"-5.109508261403938,0.28214726042607685",#,#,#,#,#,#,#,#,#,"-2.426958979377931,2.556191099760101",0.0,0.0,0.0,1,185.0,1989,1989,0.11764705882352941,,0,1
